policy_id,canonical_hts8,observed_trade_row_count,observed_month_count,first_observed_month,last_observed_month,total_import_value_consumption_usd,coverage_status,policy_source_url,classification_reference_url
us_301_list1_2018,28459000,908,48,2016-01,2019-12,320693392,observed,https://ustr.gov/sites/default/files/2018-13248.pdf,https://hts.usitc.gov/download/archive
us_301_list1_2018,40113000,1464,48,2016-01,2019-12,464385044,observed,https://ustr.gov/sites/default/files/2018-13248.pdf,https://hts.usitc.gov/download/archive
us_301_list1_2018,40121300,674,48,2016-01,2019-12,23236785,observed,https://ustr.gov/sites/default/files/2018-13248.pdf,https://hts.usitc.gov/download/archive
us_301_list1_2018,84011000,87,32,2017-01,2019-12,19179300,observed,https://ustr.gov/sites/default/files/2018-13248.pdf,https://hts.usitc.gov/download/archive
us_301_list1_2018,84012000,347,48,2016-01,2019-12,38691415,observed,https://ustr.gov/sites/default/files/2018-13248.pdf,https://hts.usitc.gov/download/archive
us_301_list1_2018,84013000,389,48,2016-01,2019-12,331463815,observed,https://ustr.gov/sites/default/files/2018-13248.pdf,https://hts.usitc.gov/download/archive
us_301_list1_2018,84014000,300,48,2016-01,2019-12,98583136,observed,https://ustr.gov/sites/default/files/2018-13248.pdf,https://hts.usitc.gov/download/archive
us_301_list1_2018,84021100,266,48,2016-01,2019-12,354134866,observed,https://ustr.gov/sites/default/files/2018-13248.pdf,https://hts.usitc.gov/download/archive
us_301_list1_2018,84021200,318,48,2016-01,2019-12,49412259,observed,https://ustr.gov/sites/default/files/2018-13248.pdf,https://hts.usitc.gov/download/archive
us_301_list1_2018,84021900,610,48,2016-01,2019-12,276307935,observed,https://ustr.gov/sites/default/files/2018-13248.pdf,https://hts.usitc.gov/download/archive
us_301_list1_2018,84022000,425,48,2016-01,2019-12,10588083,observed,https://ustr.gov/sites/default/files/2018-13248.pdf,https://hts.usitc.gov/download/archive
us_301_list1_2018,84029000,2152,48,2016-01,2019-12,661107567,observed,https://ustr.gov/sites/default/files/2018-13248.pdf,https://hts.usitc.gov/download/archive
us_301_list1_2018,84042000,644,48,2016-01,2019-12,78627962,observed,https://ustr.gov/sites/default/files/2018-13248.pdf,https://hts.usitc.gov/download/archive
us_301_list1_2018,84049000,996,48,2016-01,2019-12,178187513,observed,https://ustr.gov/sites/default/files/2018-13248.pdf,https://hts.usitc.gov/download/archive
us_301_list1_2018,84051000,992,48,2016-01,2019-12,134595225,observed,https://ustr.gov/sites/default/files/2018-13248.pdf,https://hts.usitc.gov/download/archive
us_301_list1_2018,84059000,832,48,2016-01,2019-12,36268242,observed,https://ustr.gov/sites/default/files/2018-13248.pdf,https://hts.usitc.gov/download/archive
us_301_list1_2018,84061010,30,23,2017-06,2019-12,703144,observed,https://ustr.gov/sites/default/files/2018-13248.pdf,https://hts.usitc.gov/download/archive
us_301_list1_2018,84061090,146,39,2016-03,2019-12,2424024,observed,https://ustr.gov/sites/default/files/2018-13248.pdf,https://hts.usitc.gov/download/archive
us_301_list1_2018,84068190,104,39,2016-04,2019-12,2466660,observed,https://ustr.gov/sites/default/files/2018-13248.pdf,https://hts.usitc.gov/download/archive
us_301_list1_2018,84068290,181,44,2016-04,2019-12,9415486,observed,https://ustr.gov/sites/default/files/2018-13248.pdf,https://hts.usitc.gov/download/archive
us_301_list1_2018,84071000,2451,48,2016-01,2019-12,529562258,observed,https://ustr.gov/sites/default/files/2018-13248.pdf,https://hts.usitc.gov/download/archive
us_301_list1_2018,84072100,1028,48,2016-01,2019-12,4296254742,observed,https://ustr.gov/sites/default/files/2018-13248.pdf,https://hts.usitc.gov/download/archive
us_301_list1_2018,84072900,1185,48,2016-01,2019-12,255620697,observed,https://ustr.gov/sites/default/files/2018-13248.pdf,https://hts.usitc.gov/download/archive
us_301_list1_2018,84081000,2864,48,2016-01,2019-12,812278660,observed,https://ustr.gov/sites/default/files/2018-13248.pdf,https://hts.usitc.gov/download/archive
us_301_list1_2018,84089010,1168,48,2016-01,2019-12,143866745,observed,https://ustr.gov/sites/default/files/2018-13248.pdf,https://hts.usitc.gov/download/archive
us_301_list1_2018,84089090,7027,48,2016-01,2019-12,10237247225,observed,https://ustr.gov/sites/default/files/2018-13248.pdf,https://hts.usitc.gov/download/archive
us_301_list1_2018,84091000,3331,48,2016-01,2019-12,320164796,observed,https://ustr.gov/sites/default/files/2018-13248.pdf,https://hts.usitc.gov/download/archive
us_301_list1_2018,84101100,342,48,2016-01,2019-12,3965240,observed,https://ustr.gov/sites/default/files/2018-13248.pdf,https://hts.usitc.gov/download/archive
us_301_list1_2018,84101200,133,43,2016-03,2019-12,9454914,observed,https://ustr.gov/sites/default/files/2018-13248.pdf,https://hts.usitc.gov/download/archive
us_301_list1_2018,84101300,66,33,2016-01,2019-12,3173648,observed,https://ustr.gov/sites/default/files/2018-13248.pdf,https://hts.usitc.gov/download/archive
us_301_list1_2018,84109000,1022,48,2016-01,2019-12,187738475,observed,https://ustr.gov/sites/default/files/2018-13248.pdf,https://hts.usitc.gov/download/archive
us_301_list1_2018,84111140,532,48,2016-01,2019-12,1328609505,observed,https://ustr.gov/sites/default/files/2018-13248.pdf,https://hts.usitc.gov/download/archive
us_301_list1_2018,84111180,324,48,2016-01,2019-12,30986350,observed,https://ustr.gov/sites/default/files/2018-13248.pdf,https://hts.usitc.gov/download/archive
us_301_list1_2018,84111240,961,48,2016-01,2019-12,28353448738,observed,https://ustr.gov/sites/default/files/2018-13248.pdf,https://hts.usitc.gov/download/archive
us_301_list1_2018,84111280,346,48,2016-01,2019-12,569010986,observed,https://ustr.gov/sites/default/files/2018-13248.pdf,https://hts.usitc.gov/download/archive
us_301_list1_2018,84112140,634,48,2016-01,2019-12,2199379537,observed,https://ustr.gov/sites/default/files/2018-13248.pdf,https://hts.usitc.gov/download/archive
us_301_list1_2018,84112180,97,48,2016-01,2019-12,20867550,observed,https://ustr.gov/sites/default/files/2018-13248.pdf,https://hts.usitc.gov/download/archive
us_301_list1_2018,84112240,260,48,2016-01,2019-12,776630850,observed,https://ustr.gov/sites/default/files/2018-13248.pdf,https://hts.usitc.gov/download/archive
us_301_list1_2018,84112280,65,41,2016-02,2019-12,24017821,observed,https://ustr.gov/sites/default/files/2018-13248.pdf,https://hts.usitc.gov/download/archive
us_301_list1_2018,84118140,1102,48,2016-01,2019-12,1583202840,observed,https://ustr.gov/sites/default/files/2018-13248.pdf,https://hts.usitc.gov/download/archive
us_301_list1_2018,84118180,280,48,2016-01,2019-12,60815912,observed,https://ustr.gov/sites/default/files/2018-13248.pdf,https://hts.usitc.gov/download/archive
us_301_list1_2018,84118240,297,47,2016-01,2019-12,298997412,observed,https://ustr.gov/sites/default/files/2018-13248.pdf,https://hts.usitc.gov/download/archive
us_301_list1_2018,84118280,332,48,2016-01,2019-12,779748011,observed,https://ustr.gov/sites/default/files/2018-13248.pdf,https://hts.usitc.gov/download/archive
us_301_list1_2018,84119110,3030,48,2016-01,2019-12,1102820935,observed,https://ustr.gov/sites/default/files/2018-13248.pdf,https://hts.usitc.gov/download/archive
us_301_list1_2018,84119190,5215,48,2016-01,2019-12,56044609346,observed,https://ustr.gov/sites/default/files/2018-13248.pdf,https://hts.usitc.gov/download/archive
us_301_list1_2018,84119910,2504,48,2016-01,2019-12,123488161,observed,https://ustr.gov/sites/default/files/2018-13248.pdf,https://hts.usitc.gov/download/archive
us_301_list1_2018,84119990,6478,48,2016-01,2019-12,10752745315,observed,https://ustr.gov/sites/default/files/2018-13248.pdf,https://hts.usitc.gov/download/archive
us_301_list1_2018,84121000,884,48,2016-01,2019-12,955434986,observed,https://ustr.gov/sites/default/files/2018-13248.pdf,https://hts.usitc.gov/download/archive
us_301_list1_2018,84122100,7812,48,2016-01,2019-12,5198642028,observed,https://ustr.gov/sites/default/files/2018-13248.pdf,https://hts.usitc.gov/download/archive
us_301_list1_2018,84122940,715,48,2016-01,2019-12,470300981,observed,https://ustr.gov/sites/default/files/2018-13248.pdf,https://hts.usitc.gov/download/archive
us_301_list1_2018,84122980,7884,48,2016-01,2019-12,2656764282,observed,https://ustr.gov/sites/default/files/2018-13248.pdf,https://hts.usitc.gov/download/archive
us_301_list1_2018,84123100,3059,48,2016-01,2019-12,1219370471,observed,https://ustr.gov/sites/default/files/2018-13248.pdf,https://hts.usitc.gov/download/archive
us_301_list1_2018,84123900,2896,48,2016-01,2019-12,548988610,observed,https://ustr.gov/sites/default/files/2018-13248.pdf,https://hts.usitc.gov/download/archive
us_301_list1_2018,84128010,843,48,2016-01,2019-12,87360854,observed,https://ustr.gov/sites/default/files/2018-13248.pdf,https://hts.usitc.gov/download/archive
us_301_list1_2018,84128090,1814,48,2016-01,2019-12,396384393,observed,https://ustr.gov/sites/default/files/2018-13248.pdf,https://hts.usitc.gov/download/archive
us_301_list1_2018,84129010,1027,48,2016-01,2019-12,98051155,observed,https://ustr.gov/sites/default/files/2018-13248.pdf,https://hts.usitc.gov/download/archive
us_301_list1_2018,84131900,1879,48,2016-01,2019-12,907961386,observed,https://ustr.gov/sites/default/files/2018-13248.pdf,https://hts.usitc.gov/download/archive
us_301_list1_2018,84134000,854,48,2016-01,2019-12,309431343,observed,https://ustr.gov/sites/default/files/2018-13248.pdf,https://hts.usitc.gov/download/archive
us_301_list1_2018,84135000,8067,48,2016-01,2019-12,6071987961,observed,https://ustr.gov/sites/default/files/2018-13248.pdf,https://hts.usitc.gov/download/archive
us_301_list1_2018,84136000,9185,48,2016-01,2019-12,4917779351,observed,https://ustr.gov/sites/default/files/2018-13248.pdf,https://hts.usitc.gov/download/archive
us_301_list1_2018,84137010,798,48,2016-01,2019-12,21286411,observed,https://ustr.gov/sites/default/files/2018-13248.pdf,https://hts.usitc.gov/download/archive
us_301_list1_2018,84137020,10851,48,2016-01,2019-12,5532769777,observed,https://ustr.gov/sites/default/files/2018-13248.pdf,https://hts.usitc.gov/download/archive
us_301_list1_2018,84138100,4636,48,2016-01,2019-12,1779537773,observed,https://ustr.gov/sites/default/files/2018-13248.pdf,https://hts.usitc.gov/download/archive
us_301_list1_2018,84138200,722,48,2016-01,2019-12,27605719,observed,https://ustr.gov/sites/default/files/2018-13248.pdf,https://hts.usitc.gov/download/archive
us_301_list1_2018,84139110,2003,48,2016-01,2019-12,732336584,observed,https://ustr.gov/sites/default/files/2018-13248.pdf,https://hts.usitc.gov/download/archive
us_301_list1_2018,84139120,837,48,2016-01,2019-12,52354583,observed,https://ustr.gov/sites/default/files/2018-13248.pdf,https://hts.usitc.gov/download/archive
us_301_list1_2018,84139190,8350,48,2016-01,2019-12,10491767339,observed,https://ustr.gov/sites/default/files/2018-13248.pdf,https://hts.usitc.gov/download/archive
us_301_list1_2018,84143040,1223,48,2016-01,2019-12,883258173,observed,https://ustr.gov/sites/default/files/2018-13248.pdf,https://hts.usitc.gov/download/archive
us_301_list1_2018,84143080,8667,48,2016-01,2019-12,7744046886,observed,https://ustr.gov/sites/default/files/2018-13248.pdf,https://hts.usitc.gov/download/archive
us_301_list1_2018,84145930,1418,48,2016-01,2019-12,473522269,observed,https://ustr.gov/sites/default/files/2018-13248.pdf,https://hts.usitc.gov/download/archive
us_301_list1_2018,84148005,3334,48,2016-01,2019-12,3612511805,observed,https://ustr.gov/sites/default/files/2018-13248.pdf,https://hts.usitc.gov/download/archive
us_301_list1_2018,84148020,3673,48,2016-01,2019-12,1177469986,observed,https://ustr.gov/sites/default/files/2018-13248.pdf,https://hts.usitc.gov/download/archive
us_301_list1_2018,84149030,1307,48,2016-01,2019-12,1230964325,observed,https://ustr.gov/sites/default/files/2018-13248.pdf,https://hts.usitc.gov/download/archive
us_301_list1_2018,84149041,8119,48,2016-01,2019-12,4506920326,observed,https://ustr.gov/sites/default/files/2018-13248.pdf,https://hts.usitc.gov/download/archive
us_301_list1_2018,84149090,4171,48,2016-01,2019-12,1372047885,observed,https://ustr.gov/sites/default/files/2018-13248.pdf,https://hts.usitc.gov/download/archive
us_301_list1_2018,84169000,1508,48,2016-01,2019-12,411106162,observed,https://ustr.gov/sites/default/files/2018-13248.pdf,https://hts.usitc.gov/download/archive
us_301_list1_2018,84171000,834,48,2016-01,2019-12,262073089,observed,https://ustr.gov/sites/default/files/2018-13248.pdf,https://hts.usitc.gov/download/archive
us_301_list1_2018,84178000,1177,48,2016-01,2019-12,188415789,observed,https://ustr.gov/sites/default/files/2018-13248.pdf,https://hts.usitc.gov/download/archive
us_301_list1_2018,84179000,2029,48,2016-01,2019-12,664129324,observed,https://ustr.gov/sites/default/files/2018-13248.pdf,https://hts.usitc.gov/download/archive
us_301_list1_2018,84186901,7173,48,2016-01,2019-12,6540224174,observed,https://ustr.gov/sites/default/files/2018-13248.pdf,https://hts.usitc.gov/download/archive
us_301_list1_2018,84191100,675,48,2016-01,2019-12,1671926577,observed,https://ustr.gov/sites/default/files/2018-13248.pdf,https://hts.usitc.gov/download/archive
us_301_list1_2018,84191900,2233,48,2016-01,2019-12,1610203463,observed,https://ustr.gov/sites/default/files/2018-13248.pdf,https://hts.usitc.gov/download/archive
us_301_list1_2018,84193100,717,48,2016-01,2019-12,54991021,observed,https://ustr.gov/sites/default/files/2018-13248.pdf,https://hts.usitc.gov/download/archive
us_301_list1_2018,84193210,394,48,2016-01,2019-12,89349138,observed,https://ustr.gov/sites/default/files/2018-13248.pdf,https://hts.usitc.gov/download/archive
us_301_list1_2018,84193250,530,48,2016-01,2019-12,43339911,observed,https://ustr.gov/sites/default/files/2018-13248.pdf,https://hts.usitc.gov/download/archive
us_301_list1_2018,84193901,2133,48,2016-01,2019-12,763406561,observed,https://ustr.gov/sites/default/files/2018-13248.pdf,https://hts.usitc.gov/download/archive
us_301_list1_2018,84194000,1760,48,2016-01,2019-12,652530121,observed,https://ustr.gov/sites/default/files/2018-13248.pdf,https://hts.usitc.gov/download/archive
us_301_list1_2018,84195010,2120,48,2016-01,2019-12,909774407,observed,https://ustr.gov/sites/default/files/2018-13248.pdf,https://hts.usitc.gov/download/archive
us_301_list1_2018,84195050,3234,48,2016-01,2019-12,4347116502,observed,https://ustr.gov/sites/default/files/2018-13248.pdf,https://hts.usitc.gov/download/archive
us_301_list1_2018,84196050,1033,48,2016-01,2019-12,271600069,observed,https://ustr.gov/sites/default/files/2018-13248.pdf,https://hts.usitc.gov/download/archive
us_301_list1_2018,84198960,250,47,2016-01,2019-12,5994460,observed,https://ustr.gov/sites/default/files/2018-13248.pdf,https://hts.usitc.gov/download/archive
us_301_list1_2018,84199010,1179,48,2016-01,2019-12,386486106,observed,https://ustr.gov/sites/default/files/2018-13248.pdf,https://hts.usitc.gov/download/archive
us_301_list1_2018,84199020,840,48,2016-01,2019-12,164930784,observed,https://ustr.gov/sites/default/files/2018-13248.pdf,https://hts.usitc.gov/download/archive
us_301_list1_2018,84199030,2095,48,2016-01,2019-12,1237326215,observed,https://ustr.gov/sites/default/files/2018-13248.pdf,https://hts.usitc.gov/download/archive
us_301_list1_2018,84199050,2133,48,2016-01,2019-12,439462708,observed,https://ustr.gov/sites/default/files/2018-13248.pdf,https://hts.usitc.gov/download/archive
us_301_list1_2018,84199085,1460,48,2016-01,2019-12,141018306,observed,https://ustr.gov/sites/default/files/2018-13248.pdf,https://hts.usitc.gov/download/archive
us_301_list1_2018,84199095,4066,48,2016-01,2019-12,1427191463,observed,https://ustr.gov/sites/default/files/2018-13248.pdf,https://hts.usitc.gov/download/archive
us_301_list1_2018,84201090,1948,48,2016-01,2019-12,376342015,observed,https://ustr.gov/sites/default/files/2018-13248.pdf,https://hts.usitc.gov/download/archive
us_301_list1_2018,84209110,338,48,2016-01,2019-12,7694545,observed,https://ustr.gov/sites/default/files/2018-13248.pdf,https://hts.usitc.gov/download/archive
us_301_list1_2018,84209120,433,48,2016-01,2019-12,46316567,observed,https://ustr.gov/sites/default/files/2018-13248.pdf,https://hts.usitc.gov/download/archive
us_301_list1_2018,84209190,1024,48,2016-01,2019-12,70066907,observed,https://ustr.gov/sites/default/files/2018-13248.pdf,https://hts.usitc.gov/download/archive
us_301_list1_2018,84209920,549,48,2016-01,2019-12,19718091,observed,https://ustr.gov/sites/default/files/2018-13248.pdf,https://hts.usitc.gov/download/archive
us_301_list1_2018,84209990,1104,48,2016-01,2019-12,135786756,observed,https://ustr.gov/sites/default/files/2018-13248.pdf,https://hts.usitc.gov/download/archive
us_301_list1_2018,84211900,1762,48,2016-01,2019-12,993603796,observed,https://ustr.gov/sites/default/files/2018-13248.pdf,https://hts.usitc.gov/download/archive
us_301_list1_2018,84212100,2674,48,2016-01,2019-12,4762831063,observed,https://ustr.gov/sites/default/files/2018-13248.pdf,https://hts.usitc.gov/download/archive
us_301_list1_2018,84212200,1198,48,2016-01,2019-12,250763486,observed,https://ustr.gov/sites/default/files/2018-13248.pdf,https://hts.usitc.gov/download/archive
us_301_list1_2018,84212900,6023,48,2016-01,2019-12,4249804221,observed,https://ustr.gov/sites/default/files/2018-13248.pdf,https://hts.usitc.gov/download/archive
us_301_list1_2018,84213940,2546,48,2016-01,2019-12,5501923466,observed,https://ustr.gov/sites/default/files/2018-13248.pdf,https://hts.usitc.gov/download/archive
us_301_list1_2018,84213980,9831,48,2016-01,2019-12,7038045095,observed,https://ustr.gov/sites/default/files/2018-13248.pdf,https://hts.usitc.gov/download/archive
us_301_list1_2018,84219160,1911,48,2016-01,2019-12,548498128,observed,https://ustr.gov/sites/default/files/2018-13248.pdf,https://hts.usitc.gov/download/archive
us_301_list1_2018,84219900,5652,48,2016-01,2019-12,5704080223,observed,https://ustr.gov/sites/default/files/2018-13248.pdf,https://hts.usitc.gov/download/archive
us_301_list1_2018,84221900,1027,48,2016-01,2019-12,292930333,observed,https://ustr.gov/sites/default/files/2018-13248.pdf,https://hts.usitc.gov/download/archive
us_301_list1_2018,84222000,974,48,2016-01,2019-12,336163560,observed,https://ustr.gov/sites/default/files/2018-13248.pdf,https://hts.usitc.gov/download/archive
us_301_list1_2018,84223011,707,48,2016-01,2019-12,111176467,observed,https://ustr.gov/sites/default/files/2018-13248.pdf,https://hts.usitc.gov/download/archive
us_301_list1_2018,84223091,11640,48,2016-01,2019-12,4775768192,observed,https://ustr.gov/sites/default/files/2018-13248.pdf,https://hts.usitc.gov/download/archive
us_301_list1_2018,84224011,1444,48,2016-01,2019-12,348485614,observed,https://ustr.gov/sites/default/files/2018-13248.pdf,https://hts.usitc.gov/download/archive
us_301_list1_2018,84224091,6785,48,2016-01,2019-12,3723709664,observed,https://ustr.gov/sites/default/files/2018-13248.pdf,https://hts.usitc.gov/download/archive
us_301_list1_2018,84229006,2310,48,2016-01,2019-12,486003510,observed,https://ustr.gov/sites/default/files/2018-13248.pdf,https://hts.usitc.gov/download/archive
us_301_list1_2018,84229091,7531,48,2016-01,2019-12,2786733976,observed,https://ustr.gov/sites/default/files/2018-13248.pdf,https://hts.usitc.gov/download/archive
us_301_list1_2018,84232010,728,42,2016-07,2019-12,47604553,observed,https://ustr.gov/sites/default/files/2018-13248.pdf,https://hts.usitc.gov/download/archive
us_301_list1_2018,84232090,589,42,2016-07,2019-12,16479163,observed,https://ustr.gov/sites/default/files/2018-13248.pdf,https://hts.usitc.gov/download/archive
us_301_list1_2018,84233000,1173,48,2016-01,2019-12,421682820,observed,https://ustr.gov/sites/default/files/2018-13248.pdf,https://hts.usitc.gov/download/archive
us_301_list1_2018,84238200,1936,48,2016-01,2019-12,669249149,observed,https://ustr.gov/sites/default/files/2018-13248.pdf,https://hts.usitc.gov/download/archive
us_301_list1_2018,84238910,764,42,2016-07,2019-12,27654247,observed,https://ustr.gov/sites/default/files/2018-13248.pdf,https://hts.usitc.gov/download/archive
us_301_list1_2018,84238990,943,42,2016-07,2019-12,23457113,observed,https://ustr.gov/sites/default/files/2018-13248.pdf,https://hts.usitc.gov/download/archive
us_301_list1_2018,84239010,1224,42,2016-07,2019-12,152254989,observed,https://ustr.gov/sites/default/files/2018-13248.pdf,https://hts.usitc.gov/download/archive
us_301_list1_2018,84239090,1545,42,2016-07,2019-12,249757504,observed,https://ustr.gov/sites/default/files/2018-13248.pdf,https://hts.usitc.gov/download/archive
us_301_list1_2018,84248910,1098,42,2016-07,2019-12,125180351,observed,https://ustr.gov/sites/default/files/2018-13248.pdf,https://hts.usitc.gov/download/archive
us_301_list1_2018,84249020,1191,48,2016-01,2019-12,56172729,observed,https://ustr.gov/sites/default/files/2018-13248.pdf,https://hts.usitc.gov/download/archive
us_301_list1_2018,84251100,1288,48,2016-01,2019-12,586403275,observed,https://ustr.gov/sites/default/files/2018-13248.pdf,https://hts.usitc.gov/download/archive
us_301_list1_2018,84253901,1514,48,2016-01,2019-12,580131920,observed,https://ustr.gov/sites/default/files/2018-13248.pdf,https://hts.usitc.gov/download/archive
us_301_list1_2018,84264100,1131,48,2016-01,2019-12,1181025562,observed,https://ustr.gov/sites/default/files/2018-13248.pdf,https://hts.usitc.gov/download/archive
us_301_list1_2018,84264900,939,48,2016-01,2019-12,1594767029,observed,https://ustr.gov/sites/default/files/2018-13248.pdf,https://hts.usitc.gov/download/archive
us_301_list1_2018,84269900,1100,48,2016-01,2019-12,214087114,observed,https://ustr.gov/sites/default/files/2018-13248.pdf,https://hts.usitc.gov/download/archive
us_301_list1_2018,84271040,901,48,2016-01,2019-12,650286161,observed,https://ustr.gov/sites/default/files/2018-13248.pdf,https://hts.usitc.gov/download/archive
us_301_list1_2018,84271080,2785,48,2016-01,2019-12,2613678899,observed,https://ustr.gov/sites/default/files/2018-13248.pdf,https://hts.usitc.gov/download/archive
us_301_list1_2018,84272040,1164,48,2016-01,2019-12,3230946755,observed,https://ustr.gov/sites/default/files/2018-13248.pdf,https://hts.usitc.gov/download/archive
us_301_list1_2018,84272080,1213,48,2016-01,2019-12,3810101349,observed,https://ustr.gov/sites/default/files/2018-13248.pdf,https://hts.usitc.gov/download/archive
us_301_list1_2018,84282000,2425,48,2016-01,2019-12,554460988,observed,https://ustr.gov/sites/default/files/2018-13248.pdf,https://hts.usitc.gov/download/archive
us_301_list1_2018,84283100,321,48,2016-01,2019-12,12523918,observed,https://ustr.gov/sites/default/files/2018-13248.pdf,https://hts.usitc.gov/download/archive
us_301_list1_2018,84283200,672,48,2016-01,2019-12,56161111,observed,https://ustr.gov/sites/default/files/2018-13248.pdf,https://hts.usitc.gov/download/archive
us_301_list1_2018,84283300,1881,48,2016-01,2019-12,2068471123,observed,https://ustr.gov/sites/default/files/2018-13248.pdf,https://hts.usitc.gov/download/archive
us_301_list1_2018,84283900,2123,48,2016-01,2019-12,3044828893,observed,https://ustr.gov/sites/default/files/2018-13248.pdf,https://hts.usitc.gov/download/archive
us_301_list1_2018,84289002,5100,48,2016-01,2019-12,10889000393,observed,https://ustr.gov/sites/default/files/2018-13248.pdf,https://hts.usitc.gov/download/archive
us_301_list1_2018,84291100,848,48,2016-01,2019-12,1237128745,observed,https://ustr.gov/sites/default/files/2018-13248.pdf,https://hts.usitc.gov/download/archive
us_301_list1_2018,84291900,669,48,2016-01,2019-12,93749531,observed,https://ustr.gov/sites/default/files/2018-13248.pdf,https://hts.usitc.gov/download/archive
us_301_list1_2018,84292000,524,48,2016-01,2019-12,1098263382,observed,https://ustr.gov/sites/default/files/2018-13248.pdf,https://hts.usitc.gov/download/archive
us_301_list1_2018,84293000,226,46,2016-02,2019-12,5773557,observed,https://ustr.gov/sites/default/files/2018-13248.pdf,https://hts.usitc.gov/download/archive
us_301_list1_2018,84294000,2214,48,2016-01,2019-12,1562296507,observed,https://ustr.gov/sites/default/files/2018-13248.pdf,https://hts.usitc.gov/download/archive
us_301_list1_2018,84295110,4088,48,2016-01,2019-12,4920103678,observed,https://ustr.gov/sites/default/files/2018-13248.pdf,https://hts.usitc.gov/download/archive
us_301_list1_2018,84295150,1432,48,2016-01,2019-12,2613455315,observed,https://ustr.gov/sites/default/files/2018-13248.pdf,https://hts.usitc.gov/download/archive
us_301_list1_2018,84295210,2369,48,2016-01,2019-12,13139972984,observed,https://ustr.gov/sites/default/files/2018-13248.pdf,https://hts.usitc.gov/download/archive
us_301_list1_2018,84295250,957,48,2016-01,2019-12,589175131,observed,https://ustr.gov/sites/default/files/2018-13248.pdf,https://hts.usitc.gov/download/archive
us_301_list1_2018,84295910,1036,48,2016-01,2019-12,1036361428,observed,https://ustr.gov/sites/default/files/2018-13248.pdf,https://hts.usitc.gov/download/archive
us_301_list1_2018,84295950,1068,48,2016-01,2019-12,158078677,observed,https://ustr.gov/sites/default/files/2018-13248.pdf,https://hts.usitc.gov/download/archive
us_301_list1_2018,84301000,807,48,2016-01,2019-12,211330512,observed,https://ustr.gov/sites/default/files/2018-13248.pdf,https://hts.usitc.gov/download/archive
us_301_list1_2018,84303100,770,48,2016-01,2019-12,339457153,observed,https://ustr.gov/sites/default/files/2018-13248.pdf,https://hts.usitc.gov/download/archive
us_301_list1_2018,84303900,1139,48,2016-01,2019-12,433407651,observed,https://ustr.gov/sites/default/files/2018-13248.pdf,https://hts.usitc.gov/download/archive
us_301_list1_2018,84304100,939,48,2016-01,2019-12,881260215,observed,https://ustr.gov/sites/default/files/2018-13248.pdf,https://hts.usitc.gov/download/archive
us_301_list1_2018,84304980,2164,48,2016-01,2019-12,399028163,observed,https://ustr.gov/sites/default/files/2018-13248.pdf,https://hts.usitc.gov/download/archive
us_301_list1_2018,84305050,784,48,2016-01,2019-12,321421399,observed,https://ustr.gov/sites/default/files/2018-13248.pdf,https://hts.usitc.gov/download/archive
us_301_list1_2018,84306100,791,48,2016-01,2019-12,141559556,observed,https://ustr.gov/sites/default/files/2018-13248.pdf,https://hts.usitc.gov/download/archive
us_301_list1_2018,84306901,1019,48,2016-01,2019-12,403898450,observed,https://ustr.gov/sites/default/files/2018-13248.pdf,https://hts.usitc.gov/download/archive
us_301_list1_2018,84311000,3697,48,2016-01,2019-12,1278046644,observed,https://ustr.gov/sites/default/files/2018-13248.pdf,https://hts.usitc.gov/download/archive
us_301_list1_2018,84312000,2560,48,2016-01,2019-12,4470540431,observed,https://ustr.gov/sites/default/files/2018-13248.pdf,https://hts.usitc.gov/download/archive
us_301_list1_2018,84313100,3935,48,2016-01,2019-12,1513926648,observed,https://ustr.gov/sites/default/files/2018-13248.pdf,https://hts.usitc.gov/download/archive
us_301_list1_2018,84313900,7690,48,2016-01,2019-12,6445784937,observed,https://ustr.gov/sites/default/files/2018-13248.pdf,https://hts.usitc.gov/download/archive
us_301_list1_2018,84314100,4082,48,2016-01,2019-12,1172448709,observed,https://ustr.gov/sites/default/files/2018-13248.pdf,https://hts.usitc.gov/download/archive
us_301_list1_2018,84314200,776,48,2016-01,2019-12,230098025,observed,https://ustr.gov/sites/default/files/2018-13248.pdf,https://hts.usitc.gov/download/archive
us_301_list1_2018,84314340,1268,48,2016-01,2019-12,373019999,observed,https://ustr.gov/sites/default/files/2018-13248.pdf,https://hts.usitc.gov/download/archive
us_301_list1_2018,84314380,5587,48,2016-01,2019-12,3071020424,observed,https://ustr.gov/sites/default/files/2018-13248.pdf,https://hts.usitc.gov/download/archive
us_301_list1_2018,84314910,5539,48,2016-01,2019-12,1411034624,observed,https://ustr.gov/sites/default/files/2018-13248.pdf,https://hts.usitc.gov/download/archive
us_301_list1_2018,84314990,17108,48,2016-01,2019-12,12019726130,observed,https://ustr.gov/sites/default/files/2018-13248.pdf,https://hts.usitc.gov/download/archive
us_301_list1_2018,84321000,1309,48,2016-01,2019-12,40448693,observed,https://ustr.gov/sites/default/files/2018-13248.pdf,https://hts.usitc.gov/download/archive
us_301_list1_2018,84322100,697,48,2016-01,2019-12,140901076,observed,https://ustr.gov/sites/default/files/2018-13248.pdf,https://hts.usitc.gov/download/archive
us_301_list1_2018,84328000,1973,48,2016-01,2019-12,315697091,observed,https://ustr.gov/sites/default/files/2018-13248.pdf,https://hts.usitc.gov/download/archive
us_301_list1_2018,84329000,6463,48,2016-01,2019-12,1065168591,observed,https://ustr.gov/sites/default/files/2018-13248.pdf,https://hts.usitc.gov/download/archive
us_301_list1_2018,84332000,2383,48,2016-01,2019-12,733441472,observed,https://ustr.gov/sites/default/files/2018-13248.pdf,https://hts.usitc.gov/download/archive
us_301_list1_2018,84333000,849,48,2016-01,2019-12,273017053,observed,https://ustr.gov/sites/default/files/2018-13248.pdf,https://hts.usitc.gov/download/archive
us_301_list1_2018,84334000,794,48,2016-01,2019-12,296079281,observed,https://ustr.gov/sites/default/files/2018-13248.pdf,https://hts.usitc.gov/download/archive
us_301_list1_2018,84335100,1035,48,2016-01,2019-12,455514225,observed,https://ustr.gov/sites/default/files/2018-13248.pdf,https://hts.usitc.gov/download/archive
us_301_list1_2018,84335200,424,48,2016-01,2019-12,31081399,observed,https://ustr.gov/sites/default/files/2018-13248.pdf,https://hts.usitc.gov/download/archive
us_301_list1_2018,84335300,384,48,2016-01,2019-12,40166011,observed,https://ustr.gov/sites/default/files/2018-13248.pdf,https://hts.usitc.gov/download/archive
us_301_list1_2018,84335900,1501,48,2016-01,2019-12,1040670654,observed,https://ustr.gov/sites/default/files/2018-13248.pdf,https://hts.usitc.gov/download/archive
us_301_list1_2018,84336000,1399,48,2016-01,2019-12,356241713,observed,https://ustr.gov/sites/default/files/2018-13248.pdf,https://hts.usitc.gov/download/archive
us_301_list1_2018,84339050,6200,48,2016-01,2019-12,2645900239,observed,https://ustr.gov/sites/default/files/2018-13248.pdf,https://hts.usitc.gov/download/archive
us_301_list1_2018,84342000,971,48,2016-01,2019-12,92700811,observed,https://ustr.gov/sites/default/files/2018-13248.pdf,https://hts.usitc.gov/download/archive
us_301_list1_2018,84349000,1578,48,2016-01,2019-12,310037927,observed,https://ustr.gov/sites/default/files/2018-13248.pdf,https://hts.usitc.gov/download/archive
us_301_list1_2018,84361000,884,48,2016-01,2019-12,232145727,observed,https://ustr.gov/sites/default/files/2018-13248.pdf,https://hts.usitc.gov/download/archive
us_301_list1_2018,84362100,565,48,2016-01,2019-12,43266427,observed,https://ustr.gov/sites/default/files/2018-13248.pdf,https://hts.usitc.gov/download/archive
us_301_list1_2018,84362900,835,48,2016-01,2019-12,509555898,observed,https://ustr.gov/sites/default/files/2018-13248.pdf,https://hts.usitc.gov/download/archive
us_301_list1_2018,84368000,3981,48,2016-01,2019-12,1686384486,observed,https://ustr.gov/sites/default/files/2018-13248.pdf,https://hts.usitc.gov/download/archive
us_301_list1_2018,84369100,1557,48,2016-01,2019-12,345658286,observed,https://ustr.gov/sites/default/files/2018-13248.pdf,https://hts.usitc.gov/download/archive
us_301_list1_2018,84369900,5600,48,2016-01,2019-12,836487342,observed,https://ustr.gov/sites/default/files/2018-13248.pdf,https://hts.usitc.gov/download/archive
us_301_list1_2018,84371000,1180,48,2016-01,2019-12,133598188,observed,https://ustr.gov/sites/default/files/2018-13248.pdf,https://hts.usitc.gov/download/archive
us_301_list1_2018,84378000,1972,48,2016-01,2019-12,114212556,observed,https://ustr.gov/sites/default/files/2018-13248.pdf,https://hts.usitc.gov/download/archive
us_301_list1_2018,84379000,2607,48,2016-01,2019-12,230681418,observed,https://ustr.gov/sites/default/files/2018-13248.pdf,https://hts.usitc.gov/download/archive
us_301_list1_2018,84385000,2461,48,2016-01,2019-12,807785603,observed,https://ustr.gov/sites/default/files/2018-13248.pdf,https://hts.usitc.gov/download/archive
us_301_list1_2018,84386000,1327,48,2016-01,2019-12,271162016,observed,https://ustr.gov/sites/default/files/2018-13248.pdf,https://hts.usitc.gov/download/archive
us_301_list1_2018,84388000,2048,48,2016-01,2019-12,1206766277,observed,https://ustr.gov/sites/default/files/2018-13248.pdf,https://hts.usitc.gov/download/archive
us_301_list1_2018,84389090,6501,48,2016-01,2019-12,1385487334,observed,https://ustr.gov/sites/default/files/2018-13248.pdf,https://hts.usitc.gov/download/archive
us_301_list1_2018,84391000,843,48,2016-01,2019-12,93613138,observed,https://ustr.gov/sites/default/files/2018-13248.pdf,https://hts.usitc.gov/download/archive
us_301_list1_2018,84392000,710,48,2016-01,2019-12,170916106,observed,https://ustr.gov/sites/default/files/2018-13248.pdf,https://hts.usitc.gov/download/archive
us_301_list1_2018,84393000,682,48,2016-01,2019-12,420482994,observed,https://ustr.gov/sites/default/files/2018-13248.pdf,https://hts.usitc.gov/download/archive
us_301_list1_2018,84399110,833,48,2016-01,2019-12,121703030,observed,https://ustr.gov/sites/default/files/2018-13248.pdf,https://hts.usitc.gov/download/archive
us_301_list1_2018,84399190,1223,48,2016-01,2019-12,320434778,observed,https://ustr.gov/sites/default/files/2018-13248.pdf,https://hts.usitc.gov/download/archive
us_301_list1_2018,84399910,1503,48,2016-01,2019-12,877794464,observed,https://ustr.gov/sites/default/files/2018-13248.pdf,https://hts.usitc.gov/download/archive
us_301_list1_2018,84399950,1247,48,2016-01,2019-12,215862385,observed,https://ustr.gov/sites/default/files/2018-13248.pdf,https://hts.usitc.gov/download/archive
us_301_list1_2018,84412000,539,48,2016-01,2019-12,134130055,observed,https://ustr.gov/sites/default/files/2018-13248.pdf,https://hts.usitc.gov/download/archive
us_301_list1_2018,84413000,1045,48,2016-01,2019-12,1050511725,observed,https://ustr.gov/sites/default/files/2018-13248.pdf,https://hts.usitc.gov/download/archive
us_301_list1_2018,84414000,557,48,2016-01,2019-12,49998330,observed,https://ustr.gov/sites/default/files/2018-13248.pdf,https://hts.usitc.gov/download/archive
us_301_list1_2018,84418000,1262,48,2016-01,2019-12,908069363,observed,https://ustr.gov/sites/default/files/2018-13248.pdf,https://hts.usitc.gov/download/archive
us_301_list1_2018,84419000,2387,48,2016-01,2019-12,920628074,observed,https://ustr.gov/sites/default/files/2018-13248.pdf,https://hts.usitc.gov/download/archive
us_301_list1_2018,84423001,1547,48,2016-01,2019-12,173315234,observed,https://ustr.gov/sites/default/files/2018-13248.pdf,https://hts.usitc.gov/download/archive
us_301_list1_2018,84424000,1326,48,2016-01,2019-12,98389913,observed,https://ustr.gov/sites/default/files/2018-13248.pdf,https://hts.usitc.gov/download/archive
us_301_list1_2018,84431110,41,18,2016-02,2019-12,458405,observed,https://ustr.gov/sites/default/files/2018-13248.pdf,https://hts.usitc.gov/download/archive
us_301_list1_2018,84431150,389,48,2016-01,2019-12,75462963,observed,https://ustr.gov/sites/default/files/2018-13248.pdf,https://hts.usitc.gov/download/archive
us_301_list1_2018,84431200,234,45,2016-01,2019-12,18245342,observed,https://ustr.gov/sites/default/files/2018-13248.pdf,https://hts.usitc.gov/download/archive
us_301_list1_2018,84431300,762,48,2016-01,2019-12,908977064,observed,https://ustr.gov/sites/default/files/2018-13248.pdf,https://hts.usitc.gov/download/archive
us_301_list1_2018,84431400,247,46,2016-03,2019-12,2875667,observed,https://ustr.gov/sites/default/files/2018-13248.pdf,https://hts.usitc.gov/download/archive
us_301_list1_2018,84431700,348,48,2016-01,2019-12,107228891,observed,https://ustr.gov/sites/default/files/2018-13248.pdf,https://hts.usitc.gov/download/archive
us_301_list1_2018,84431930,1605,48,2016-01,2019-12,998516149,observed,https://ustr.gov/sites/default/files/2018-13248.pdf,https://hts.usitc.gov/download/archive
us_301_list1_2018,84439110,1157,48,2016-01,2019-12,148626041,observed,https://ustr.gov/sites/default/files/2018-13248.pdf,https://hts.usitc.gov/download/archive
us_301_list1_2018,84439920,3552,48,2016-01,2019-12,7670871758,observed,https://ustr.gov/sites/default/files/2018-13248.pdf,https://hts.usitc.gov/download/archive
us_301_list1_2018,84439945,1183,48,2016-01,2019-12,445803127,observed,https://ustr.gov/sites/default/files/2018-13248.pdf,https://hts.usitc.gov/download/archive
us_301_list1_2018,84440000,1150,48,2016-01,2019-12,257782425,observed,https://ustr.gov/sites/default/files/2018-13248.pdf,https://hts.usitc.gov/download/archive
us_301_list1_2018,84541000,808,48,2016-01,2019-12,7687998,observed,https://ustr.gov/sites/default/files/2018-13248.pdf,https://hts.usitc.gov/download/archive
us_301_list1_2018,84543000,1390,48,2016-01,2019-12,340566718,observed,https://ustr.gov/sites/default/files/2018-13248.pdf,https://hts.usitc.gov/download/archive
us_301_list1_2018,84549000,4205,48,2016-01,2019-12,1095528679,observed,https://ustr.gov/sites/default/files/2018-13248.pdf,https://hts.usitc.gov/download/archive
us_301_list1_2018,84551000,396,48,2016-01,2019-12,312423836,observed,https://ustr.gov/sites/default/files/2018-13248.pdf,https://hts.usitc.gov/download/archive
us_301_list1_2018,84552100,451,48,2016-01,2019-12,55557430,observed,https://ustr.gov/sites/default/files/2018-13248.pdf,https://hts.usitc.gov/download/archive
us_301_list1_2018,84552200,741,48,2016-01,2019-12,200270131,observed,https://ustr.gov/sites/default/files/2018-13248.pdf,https://hts.usitc.gov/download/archive
us_301_list1_2018,84553000,4967,48,2016-01,2019-12,729017889,observed,https://ustr.gov/sites/default/files/2018-13248.pdf,https://hts.usitc.gov/download/archive
us_301_list1_2018,84559080,1710,48,2016-01,2019-12,560833718,observed,https://ustr.gov/sites/default/files/2018-13248.pdf,https://hts.usitc.gov/download/archive
us_301_list1_2018,84561110,1143,36,2017-01,2019-12,1033927926,observed,https://ustr.gov/sites/default/files/2018-13248.pdf,https://hts.usitc.gov/download/archive
us_301_list1_2018,84561170,326,36,2017-01,2019-12,44948808,observed,https://ustr.gov/sites/default/files/2018-13248.pdf,https://hts.usitc.gov/download/archive
us_301_list1_2018,84561190,861,36,2017-01,2019-12,365376385,observed,https://ustr.gov/sites/default/files/2018-13248.pdf,https://hts.usitc.gov/download/archive
us_301_list1_2018,84561210,204,35,2017-01,2019-12,10207930,observed,https://ustr.gov/sites/default/files/2018-13248.pdf,https://hts.usitc.gov/download/archive
us_301_list1_2018,84561270,101,34,2017-01,2019-12,1634751,observed,https://ustr.gov/sites/default/files/2018-13248.pdf,https://hts.usitc.gov/download/archive
us_301_list1_2018,84561290,231,36,2017-01,2019-12,3927873,observed,https://ustr.gov/sites/default/files/2018-13248.pdf,https://hts.usitc.gov/download/archive
us_301_list1_2018,84562010,380,48,2016-01,2019-12,16113887,observed,https://ustr.gov/sites/default/files/2018-13248.pdf,https://hts.usitc.gov/download/archive
us_301_list1_2018,84562050,409,48,2016-01,2019-12,15497663,observed,https://ustr.gov/sites/default/files/2018-13248.pdf,https://hts.usitc.gov/download/archive
us_301_list1_2018,84563010,1424,48,2016-01,2019-12,561320443,observed,https://ustr.gov/sites/default/files/2018-13248.pdf,https://hts.usitc.gov/download/archive
us_301_list1_2018,84563050,483,48,2016-01,2019-12,30292938,observed,https://ustr.gov/sites/default/files/2018-13248.pdf,https://hts.usitc.gov/download/archive
us_301_list1_2018,84564010,618,36,2017-01,2019-12,188470757,observed,https://ustr.gov/sites/default/files/2018-13248.pdf,https://hts.usitc.gov/download/archive
us_301_list1_2018,84564090,249,36,2017-01,2019-12,8758417,observed,https://ustr.gov/sites/default/files/2018-13248.pdf,https://hts.usitc.gov/download/archive
us_301_list1_2018,84565000,431,36,2017-01,2019-12,85444124,observed,https://ustr.gov/sites/default/files/2018-13248.pdf,https://hts.usitc.gov/download/archive
us_301_list1_2018,84569031,555,36,2017-01,2019-12,92020845,observed,https://ustr.gov/sites/default/files/2018-13248.pdf,https://hts.usitc.gov/download/archive
us_301_list1_2018,84569071,781,36,2017-01,2019-12,42851768,observed,https://ustr.gov/sites/default/files/2018-13248.pdf,https://hts.usitc.gov/download/archive
us_301_list1_2018,84571000,3134,48,2016-01,2019-12,5129737313,observed,https://ustr.gov/sites/default/files/2018-13248.pdf,https://hts.usitc.gov/download/archive
us_301_list1_2018,84572000,364,45,2016-04,2019-12,45918833,observed,https://ustr.gov/sites/default/files/2018-13248.pdf,https://hts.usitc.gov/download/archive
us_301_list1_2018,84573000,699,48,2016-01,2019-12,291822679,observed,https://ustr.gov/sites/default/files/2018-13248.pdf,https://hts.usitc.gov/download/archive
us_301_list1_2018,84581100,2504,48,2016-01,2019-12,3105051175,observed,https://ustr.gov/sites/default/files/2018-13248.pdf,https://hts.usitc.gov/download/archive
us_301_list1_2018,84581900,2392,48,2016-01,2019-12,265776182,observed,https://ustr.gov/sites/default/files/2018-13248.pdf,https://hts.usitc.gov/download/archive
us_301_list1_2018,84589110,657,48,2016-01,2019-12,391304078,observed,https://ustr.gov/sites/default/files/2018-13248.pdf,https://hts.usitc.gov/download/archive
us_301_list1_2018,84589150,605,48,2016-01,2019-12,203625170,observed,https://ustr.gov/sites/default/files/2018-13248.pdf,https://hts.usitc.gov/download/archive
us_301_list1_2018,84589910,403,48,2016-01,2019-12,7429386,observed,https://ustr.gov/sites/default/files/2018-13248.pdf,https://hts.usitc.gov/download/archive
us_301_list1_2018,84589950,1124,48,2016-01,2019-12,39658219,observed,https://ustr.gov/sites/default/files/2018-13248.pdf,https://hts.usitc.gov/download/archive
us_301_list1_2018,84591000,283,45,2016-03,2019-12,23401992,observed,https://ustr.gov/sites/default/files/2018-13248.pdf,https://hts.usitc.gov/download/archive
us_301_list1_2018,84592100,725,48,2016-01,2019-12,110706190,observed,https://ustr.gov/sites/default/files/2018-13248.pdf,https://hts.usitc.gov/download/archive
us_301_list1_2018,84593100,1191,48,2016-01,2019-12,401017790,observed,https://ustr.gov/sites/default/files/2018-13248.pdf,https://hts.usitc.gov/download/archive
us_301_list1_2018,84593900,790,48,2016-01,2019-12,10399571,observed,https://ustr.gov/sites/default/files/2018-13248.pdf,https://hts.usitc.gov/download/archive
us_301_list1_2018,84594100,457,36,2017-01,2019-12,25357308,observed,https://ustr.gov/sites/default/files/2018-13248.pdf,https://hts.usitc.gov/download/archive
us_301_list1_2018,84594900,341,36,2017-01,2019-12,9303844,observed,https://ustr.gov/sites/default/files/2018-13248.pdf,https://hts.usitc.gov/download/archive
us_301_list1_2018,84595100,377,48,2016-01,2019-12,18217676,observed,https://ustr.gov/sites/default/files/2018-13248.pdf,https://hts.usitc.gov/download/archive
us_301_list1_2018,84596100,1119,48,2016-01,2019-12,449517752,observed,https://ustr.gov/sites/default/files/2018-13248.pdf,https://hts.usitc.gov/download/archive
us_301_list1_2018,84596900,1968,48,2016-01,2019-12,137311316,observed,https://ustr.gov/sites/default/files/2018-13248.pdf,https://hts.usitc.gov/download/archive
us_301_list1_2018,84597040,271,48,2016-01,2019-12,15443604,observed,https://ustr.gov/sites/default/files/2018-13248.pdf,https://hts.usitc.gov/download/archive
us_301_list1_2018,84597080,1120,48,2016-01,2019-12,37128997,observed,https://ustr.gov/sites/default/files/2018-13248.pdf,https://hts.usitc.gov/download/archive
us_301_list1_2018,84601200,426,36,2017-01,2019-12,181767513,observed,https://ustr.gov/sites/default/files/2018-13248.pdf,https://hts.usitc.gov/download/archive
us_301_list1_2018,84601901,981,36,2017-01,2019-12,63168914,observed,https://ustr.gov/sites/default/files/2018-13248.pdf,https://hts.usitc.gov/download/archive
us_301_list1_2018,84602200,454,36,2017-01,2019-12,116341374,observed,https://ustr.gov/sites/default/files/2018-13248.pdf,https://hts.usitc.gov/download/archive
us_301_list1_2018,84602300,421,36,2017-01,2019-12,214265413,observed,https://ustr.gov/sites/default/files/2018-13248.pdf,https://hts.usitc.gov/download/archive
us_301_list1_2018,84602400,465,36,2017-01,2019-12,223590713,observed,https://ustr.gov/sites/default/files/2018-13248.pdf,https://hts.usitc.gov/download/archive
us_301_list1_2018,84602901,1208,36,2017-01,2019-12,60916896,observed,https://ustr.gov/sites/default/files/2018-13248.pdf,https://hts.usitc.gov/download/archive
us_301_list1_2018,84603100,799,48,2016-01,2019-12,273239790,observed,https://ustr.gov/sites/default/files/2018-13248.pdf,https://hts.usitc.gov/download/archive
us_301_list1_2018,84604040,568,48,2016-01,2019-12,74009277,observed,https://ustr.gov/sites/default/files/2018-13248.pdf,https://hts.usitc.gov/download/archive
us_301_list1_2018,84604080,937,48,2016-01,2019-12,29114446,observed,https://ustr.gov/sites/default/files/2018-13248.pdf,https://hts.usitc.gov/download/archive
us_301_list1_2018,84609040,714,48,2016-01,2019-12,84798140,observed,https://ustr.gov/sites/default/files/2018-13248.pdf,https://hts.usitc.gov/download/archive
us_301_list1_2018,84609080,2190,48,2016-01,2019-12,178396921,observed,https://ustr.gov/sites/default/files/2018-13248.pdf,https://hts.usitc.gov/download/archive
us_301_list1_2018,84612040,259,48,2016-01,2019-12,23790139,observed,https://ustr.gov/sites/default/files/2018-13248.pdf,https://hts.usitc.gov/download/archive
us_301_list1_2018,84612080,877,48,2016-01,2019-12,40191340,observed,https://ustr.gov/sites/default/files/2018-13248.pdf,https://hts.usitc.gov/download/archive
us_301_list1_2018,84613040,311,48,2016-01,2019-12,46268990,observed,https://ustr.gov/sites/default/files/2018-13248.pdf,https://hts.usitc.gov/download/archive
us_301_list1_2018,84613080,308,48,2016-01,2019-12,12330516,observed,https://ustr.gov/sites/default/files/2018-13248.pdf,https://hts.usitc.gov/download/archive
us_301_list1_2018,84614010,949,48,2016-01,2019-12,128329954,observed,https://ustr.gov/sites/default/files/2018-13248.pdf,https://hts.usitc.gov/download/archive
us_301_list1_2018,84614050,841,48,2016-01,2019-12,194959162,observed,https://ustr.gov/sites/default/files/2018-13248.pdf,https://hts.usitc.gov/download/archive
us_301_list1_2018,84615040,1147,48,2016-01,2019-12,197826516,observed,https://ustr.gov/sites/default/files/2018-13248.pdf,https://hts.usitc.gov/download/archive
us_301_list1_2018,84619030,521,48,2016-01,2019-12,23710532,observed,https://ustr.gov/sites/default/files/2018-13248.pdf,https://hts.usitc.gov/download/archive
us_301_list1_2018,84619060,1646,48,2016-01,2019-12,70354293,observed,https://ustr.gov/sites/default/files/2018-13248.pdf,https://hts.usitc.gov/download/archive
us_301_list1_2018,84621000,2208,48,2016-01,2019-12,793864538,observed,https://ustr.gov/sites/default/files/2018-13248.pdf,https://hts.usitc.gov/download/archive
us_301_list1_2018,84622100,1159,48,2016-01,2019-12,1149461455,observed,https://ustr.gov/sites/default/files/2018-13248.pdf,https://hts.usitc.gov/download/archive
us_301_list1_2018,84622900,4372,48,2016-01,2019-12,880008286,observed,https://ustr.gov/sites/default/files/2018-13248.pdf,https://hts.usitc.gov/download/archive
us_301_list1_2018,84623100,530,48,2016-01,2019-12,52070940,observed,https://ustr.gov/sites/default/files/2018-13248.pdf,https://hts.usitc.gov/download/archive
us_301_list1_2018,84623900,1751,48,2016-01,2019-12,140990522,observed,https://ustr.gov/sites/default/files/2018-13248.pdf,https://hts.usitc.gov/download/archive
us_301_list1_2018,84624100,700,48,2016-01,2019-12,383506818,observed,https://ustr.gov/sites/default/files/2018-13248.pdf,https://hts.usitc.gov/download/archive
us_301_list1_2018,84624900,2089,48,2016-01,2019-12,114126177,observed,https://ustr.gov/sites/default/files/2018-13248.pdf,https://hts.usitc.gov/download/archive
us_301_list1_2018,84629140,802,48,2016-01,2019-12,254791259,observed,https://ustr.gov/sites/default/files/2018-13248.pdf,https://hts.usitc.gov/download/archive
us_301_list1_2018,84629180,1336,48,2016-01,2019-12,251677907,observed,https://ustr.gov/sites/default/files/2018-13248.pdf,https://hts.usitc.gov/download/archive
us_301_list1_2018,84629940,722,48,2016-01,2019-12,81556048,observed,https://ustr.gov/sites/default/files/2018-13248.pdf,https://hts.usitc.gov/download/archive
us_301_list1_2018,84629980,2553,48,2016-01,2019-12,355051469,observed,https://ustr.gov/sites/default/files/2018-13248.pdf,https://hts.usitc.gov/download/archive
us_301_list1_2018,84631000,803,48,2016-01,2019-12,111530918,observed,https://ustr.gov/sites/default/files/2018-13248.pdf,https://hts.usitc.gov/download/archive
us_301_list1_2018,84632000,647,48,2016-01,2019-12,38237140,observed,https://ustr.gov/sites/default/files/2018-13248.pdf,https://hts.usitc.gov/download/archive
us_301_list1_2018,84633000,1842,48,2016-01,2019-12,310462717,observed,https://ustr.gov/sites/default/files/2018-13248.pdf,https://hts.usitc.gov/download/archive
us_301_list1_2018,84639000,2587,48,2016-01,2019-12,377996635,observed,https://ustr.gov/sites/default/files/2018-13248.pdf,https://hts.usitc.gov/download/archive
us_301_list1_2018,84642001,2005,48,2016-01,2019-12,379201386,observed,https://ustr.gov/sites/default/files/2018-13248.pdf,https://hts.usitc.gov/download/archive
us_301_list1_2018,84649001,2082,48,2016-01,2019-12,392662431,observed,https://ustr.gov/sites/default/files/2018-13248.pdf,https://hts.usitc.gov/download/archive
us_301_list1_2018,84651000,2183,48,2016-01,2019-12,384649748,observed,https://ustr.gov/sites/default/files/2018-13248.pdf,https://hts.usitc.gov/download/archive
us_301_list1_2018,84659200,5284,48,2016-01,2019-12,665603815,observed,https://ustr.gov/sites/default/files/2018-13248.pdf,https://hts.usitc.gov/download/archive
us_301_list1_2018,84659300,2920,48,2016-01,2019-12,510592169,observed,https://ustr.gov/sites/default/files/2018-13248.pdf,https://hts.usitc.gov/download/archive
us_301_list1_2018,84659400,2880,48,2016-01,2019-12,416988695,observed,https://ustr.gov/sites/default/files/2018-13248.pdf,https://hts.usitc.gov/download/archive
us_301_list1_2018,84659902,1931,36,2017-01,2019-12,298349662,observed,https://ustr.gov/sites/default/files/2018-13248.pdf,https://hts.usitc.gov/download/archive
us_301_list1_2018,84661001,4927,48,2016-01,2019-12,3120947113,observed,https://ustr.gov/sites/default/files/2018-13248.pdf,https://hts.usitc.gov/download/archive
us_301_list1_2018,84662010,1804,48,2016-01,2019-12,63617015,observed,https://ustr.gov/sites/default/files/2018-13248.pdf,https://hts.usitc.gov/download/archive
us_301_list1_2018,84662080,6025,48,2016-01,2019-12,1027330425,observed,https://ustr.gov/sites/default/files/2018-13248.pdf,https://hts.usitc.gov/download/archive
us_301_list1_2018,84663010,670,48,2016-01,2019-12,32067778,observed,https://ustr.gov/sites/default/files/2018-13248.pdf,https://hts.usitc.gov/download/archive
us_301_list1_2018,84663060,1930,48,2016-01,2019-12,246447460,observed,https://ustr.gov/sites/default/files/2018-13248.pdf,https://hts.usitc.gov/download/archive
us_301_list1_2018,84669150,1879,48,2016-01,2019-12,294714811,observed,https://ustr.gov/sites/default/files/2018-13248.pdf,https://hts.usitc.gov/download/archive
us_301_list1_2018,84669210,682,48,2016-01,2019-12,10120144,observed,https://ustr.gov/sites/default/files/2018-13248.pdf,https://hts.usitc.gov/download/archive
us_301_list1_2018,84669250,3373,48,2016-01,2019-12,987822830,observed,https://ustr.gov/sites/default/files/2018-13248.pdf,https://hts.usitc.gov/download/archive
us_301_list1_2018,84669311,954,48,2016-01,2019-12,51068333,observed,https://ustr.gov/sites/default/files/2018-13248.pdf,https://hts.usitc.gov/download/archive
us_301_list1_2018,84669330,812,48,2016-01,2019-12,45033572,observed,https://ustr.gov/sites/default/files/2018-13248.pdf,https://hts.usitc.gov/download/archive
us_301_list1_2018,84669353,2470,48,2016-01,2019-12,516219868,observed,https://ustr.gov/sites/default/files/2018-13248.pdf,https://hts.usitc.gov/download/archive
us_301_list1_2018,84669360,1875,48,2016-01,2019-12,112342799,observed,https://ustr.gov/sites/default/files/2018-13248.pdf,https://hts.usitc.gov/download/archive
us_301_list1_2018,84669375,1124,48,2016-01,2019-12,65458408,observed,https://ustr.gov/sites/default/files/2018-13248.pdf,https://hts.usitc.gov/download/archive
us_301_list1_2018,84669396,1318,42,2016-07,2019-12,186617739,observed,https://ustr.gov/sites/default/files/2018-13248.pdf,https://hts.usitc.gov/download/archive
us_301_list1_2018,84669398,2869,42,2016-07,2019-12,1680507999,observed,https://ustr.gov/sites/default/files/2018-13248.pdf,https://hts.usitc.gov/download/archive
us_301_list1_2018,84669420,840,48,2016-01,2019-12,36203947,observed,https://ustr.gov/sites/default/files/2018-13248.pdf,https://hts.usitc.gov/download/archive
us_301_list1_2018,84669440,1424,48,2016-01,2019-12,104230130,observed,https://ustr.gov/sites/default/files/2018-13248.pdf,https://hts.usitc.gov/download/archive
us_301_list1_2018,84669465,1730,48,2016-01,2019-12,164718042,observed,https://ustr.gov/sites/default/files/2018-13248.pdf,https://hts.usitc.gov/download/archive
us_301_list1_2018,84669485,3410,48,2016-01,2019-12,1465980310,observed,https://ustr.gov/sites/default/files/2018-13248.pdf,https://hts.usitc.gov/download/archive
us_301_list1_2018,84671110,1912,48,2016-01,2019-12,248074884,observed,https://ustr.gov/sites/default/files/2018-13248.pdf,https://hts.usitc.gov/download/archive
us_301_list1_2018,84671150,3379,48,2016-01,2019-12,586635224,observed,https://ustr.gov/sites/default/files/2018-13248.pdf,https://hts.usitc.gov/download/archive
us_301_list1_2018,84682050,706,48,2016-01,2019-12,30272274,observed,https://ustr.gov/sites/default/files/2018-13248.pdf,https://hts.usitc.gov/download/archive
us_301_list1_2018,84688050,1048,48,2016-01,2019-12,70319536,observed,https://ustr.gov/sites/default/files/2018-13248.pdf,https://hts.usitc.gov/download/archive
us_301_list1_2018,84717030,1218,48,2016-01,2019-12,56506436,observed,https://ustr.gov/sites/default/files/2018-13248.pdf,https://hts.usitc.gov/download/archive
us_301_list1_2018,84717040,3828,48,2016-01,2019-12,20530064712,observed,https://ustr.gov/sites/default/files/2018-13248.pdf,https://hts.usitc.gov/download/archive
us_301_list1_2018,84717060,1761,48,2016-01,2019-12,4139909144,observed,https://ustr.gov/sites/default/files/2018-13248.pdf,https://hts.usitc.gov/download/archive
us_301_list1_2018,84717090,2413,48,2016-01,2019-12,3581338463,observed,https://ustr.gov/sites/default/files/2018-13248.pdf,https://hts.usitc.gov/download/archive
us_301_list1_2018,84733020,2423,48,2016-01,2019-12,646441349,observed,https://ustr.gov/sites/default/files/2018-13248.pdf,https://hts.usitc.gov/download/archive
us_301_list1_2018,84734010,1104,48,2016-01,2019-12,162306066,observed,https://ustr.gov/sites/default/files/2018-13248.pdf,https://hts.usitc.gov/download/archive
us_301_list1_2018,84734086,1773,42,2016-07,2019-12,971233644,observed,https://ustr.gov/sites/default/files/2018-13248.pdf,https://hts.usitc.gov/download/archive
us_301_list1_2018,84735030,1303,48,2016-01,2019-12,88799848,observed,https://ustr.gov/sites/default/files/2018-13248.pdf,https://hts.usitc.gov/download/archive
us_301_list1_2018,84741000,2354,48,2016-01,2019-12,1095765596,observed,https://ustr.gov/sites/default/files/2018-13248.pdf,https://hts.usitc.gov/download/archive
us_301_list1_2018,84742000,2864,48,2016-01,2019-12,1044849453,observed,https://ustr.gov/sites/default/files/2018-13248.pdf,https://hts.usitc.gov/download/archive
us_301_list1_2018,84743100,899,48,2016-01,2019-12,240636592,observed,https://ustr.gov/sites/default/files/2018-13248.pdf,https://hts.usitc.gov/download/archive
us_301_list1_2018,84743200,341,47,2016-01,2019-12,29999192,observed,https://ustr.gov/sites/default/files/2018-13248.pdf,https://hts.usitc.gov/download/archive
us_301_list1_2018,84743900,1103,48,2016-01,2019-12,103482937,observed,https://ustr.gov/sites/default/files/2018-13248.pdf,https://hts.usitc.gov/download/archive
us_301_list1_2018,84748000,2650,48,2016-01,2019-12,405956960,observed,https://ustr.gov/sites/default/files/2018-13248.pdf,https://hts.usitc.gov/download/archive
us_301_list1_2018,84749000,7810,48,2016-01,2019-12,2439746077,observed,https://ustr.gov/sites/default/files/2018-13248.pdf,https://hts.usitc.gov/download/archive
us_301_list1_2018,84751000,352,47,2016-02,2019-12,9865335,observed,https://ustr.gov/sites/default/files/2018-13248.pdf,https://hts.usitc.gov/download/archive
us_301_list1_2018,84752100,384,48,2016-01,2019-12,51441372,observed,https://ustr.gov/sites/default/files/2018-13248.pdf,https://hts.usitc.gov/download/archive
us_301_list1_2018,84759010,940,48,2016-01,2019-12,146118623,observed,https://ustr.gov/sites/default/files/2018-13248.pdf,https://hts.usitc.gov/download/archive
us_301_list1_2018,84759090,1664,48,2016-01,2019-12,646267676,observed,https://ustr.gov/sites/default/files/2018-13248.pdf,https://hts.usitc.gov/download/archive
us_301_list1_2018,84771030,290,48,2016-01,2019-12,14796885,observed,https://ustr.gov/sites/default/files/2018-13248.pdf,https://hts.usitc.gov/download/archive
us_301_list1_2018,84771040,195,45,2016-02,2019-12,3340907,observed,https://ustr.gov/sites/default/files/2018-13248.pdf,https://hts.usitc.gov/download/archive
us_301_list1_2018,84771090,3448,48,2016-01,2019-12,3353966810,observed,https://ustr.gov/sites/default/files/2018-13248.pdf,https://hts.usitc.gov/download/archive
us_301_list1_2018,84772000,2834,48,2016-01,2019-12,687160043,observed,https://ustr.gov/sites/default/files/2018-13248.pdf,https://hts.usitc.gov/download/archive
us_301_list1_2018,84773000,782,48,2016-01,2019-12,913234179,observed,https://ustr.gov/sites/default/files/2018-13248.pdf,https://hts.usitc.gov/download/archive
us_301_list1_2018,84774001,933,48,2016-01,2019-12,377267374,observed,https://ustr.gov/sites/default/files/2018-13248.pdf,https://hts.usitc.gov/download/archive
us_301_list1_2018,84775100,993,48,2016-01,2019-12,304919009,observed,https://ustr.gov/sites/default/files/2018-13248.pdf,https://hts.usitc.gov/download/archive
us_301_list1_2018,84778000,2001,48,2016-01,2019-12,1827049941,observed,https://ustr.gov/sites/default/files/2018-13248.pdf,https://hts.usitc.gov/download/archive
us_301_list1_2018,84779025,2707,48,2016-01,2019-12,238957857,observed,https://ustr.gov/sites/default/files/2018-13248.pdf,https://hts.usitc.gov/download/archive
us_301_list1_2018,84779045,703,48,2016-01,2019-12,55811217,observed,https://ustr.gov/sites/default/files/2018-13248.pdf,https://hts.usitc.gov/download/archive
us_301_list1_2018,84779065,1056,48,2016-01,2019-12,28537489,observed,https://ustr.gov/sites/default/files/2018-13248.pdf,https://hts.usitc.gov/download/archive
us_301_list1_2018,84779085,9206,48,2016-01,2019-12,4647294807,observed,https://ustr.gov/sites/default/files/2018-13248.pdf,https://hts.usitc.gov/download/archive
us_301_list1_2018,84791000,2337,48,2016-01,2019-12,1357541936,observed,https://ustr.gov/sites/default/files/2018-13248.pdf,https://hts.usitc.gov/download/archive
us_301_list1_2018,84792000,854,48,2016-01,2019-12,94760112,observed,https://ustr.gov/sites/default/files/2018-13248.pdf,https://hts.usitc.gov/download/archive
us_301_list1_2018,84793000,701,48,2016-01,2019-12,248313959,observed,https://ustr.gov/sites/default/files/2018-13248.pdf,https://hts.usitc.gov/download/archive
us_301_list1_2018,84794000,977,48,2016-01,2019-12,241718376,observed,https://ustr.gov/sites/default/files/2018-13248.pdf,https://hts.usitc.gov/download/archive
us_301_list1_2018,84795000,1710,48,2016-01,2019-12,1627784917,observed,https://ustr.gov/sites/default/files/2018-13248.pdf,https://hts.usitc.gov/download/archive
us_301_list1_2018,84798100,1614,48,2016-01,2019-12,455327834,observed,https://ustr.gov/sites/default/files/2018-13248.pdf,https://hts.usitc.gov/download/archive
us_301_list1_2018,84798200,3727,48,2016-01,2019-12,1968793396,observed,https://ustr.gov/sites/default/files/2018-13248.pdf,https://hts.usitc.gov/download/archive
us_301_list1_2018,84798983,458,48,2016-01,2019-12,27545108,observed,https://ustr.gov/sites/default/files/2018-13248.pdf,https://hts.usitc.gov/download/archive
us_301_list1_2018,84798992,1005,42,2016-07,2019-12,296178774,observed,https://ustr.gov/sites/default/files/2018-13248.pdf,https://hts.usitc.gov/download/archive
us_301_list1_2018,84799094,10142,48,2016-01,2019-12,8581223121,observed,https://ustr.gov/sites/default/files/2018-13248.pdf,https://hts.usitc.gov/download/archive
us_301_list1_2018,84802000,843,48,2016-01,2019-12,73730543,observed,https://ustr.gov/sites/default/files/2018-13248.pdf,https://hts.usitc.gov/download/archive
us_301_list1_2018,84803000,1076,48,2016-01,2019-12,84920090,observed,https://ustr.gov/sites/default/files/2018-13248.pdf,https://hts.usitc.gov/download/archive
us_301_list1_2018,84804100,1158,48,2016-01,2019-12,448918779,observed,https://ustr.gov/sites/default/files/2018-13248.pdf,https://hts.usitc.gov/download/archive
us_301_list1_2018,84804900,1473,48,2016-01,2019-12,219296895,observed,https://ustr.gov/sites/default/files/2018-13248.pdf,https://hts.usitc.gov/download/archive
us_301_list1_2018,84805000,1576,48,2016-01,2019-12,234561859,observed,https://ustr.gov/sites/default/files/2018-13248.pdf,https://hts.usitc.gov/download/archive
us_301_list1_2018,84807110,648,48,2016-01,2019-12,42043705,observed,https://ustr.gov/sites/default/files/2018-13248.pdf,https://hts.usitc.gov/download/archive
us_301_list1_2018,84807140,860,48,2016-01,2019-12,48842205,observed,https://ustr.gov/sites/default/files/2018-13248.pdf,https://hts.usitc.gov/download/archive
us_301_list1_2018,84807180,3833,48,2016-01,2019-12,7351784577,observed,https://ustr.gov/sites/default/files/2018-13248.pdf,https://hts.usitc.gov/download/archive
us_301_list1_2018,84811000,5855,48,2016-01,2019-12,1515024390,observed,https://ustr.gov/sites/default/files/2018-13248.pdf,https://hts.usitc.gov/download/archive
us_301_list1_2018,84812000,14277,48,2016-01,2019-12,6711919246,observed,https://ustr.gov/sites/default/files/2018-13248.pdf,https://hts.usitc.gov/download/archive
us_301_list1_2018,84813020,3212,48,2016-01,2019-12,713029378,observed,https://ustr.gov/sites/default/files/2018-13248.pdf,https://hts.usitc.gov/download/archive
us_301_list1_2018,84813090,2161,48,2016-01,2019-12,584167817,observed,https://ustr.gov/sites/default/files/2018-13248.pdf,https://hts.usitc.gov/download/archive
us_301_list1_2018,84814000,2553,48,2016-01,2019-12,1587338664,observed,https://ustr.gov/sites/default/files/2018-13248.pdf,https://hts.usitc.gov/download/archive
us_301_list1_2018,84819090,11211,48,2016-01,2019-12,9379726361,observed,https://ustr.gov/sites/default/files/2018-13248.pdf,https://hts.usitc.gov/download/archive
us_301_list1_2018,84821050,18585,48,2016-01,2019-12,4236794623,observed,https://ustr.gov/sites/default/files/2018-13248.pdf,https://hts.usitc.gov/download/archive
us_301_list1_2018,84822000,9347,48,2016-01,2019-12,1869739619,observed,https://ustr.gov/sites/default/files/2018-13248.pdf,https://hts.usitc.gov/download/archive
us_301_list1_2018,84823000,2777,48,2016-01,2019-12,703491945,observed,https://ustr.gov/sites/default/files/2018-13248.pdf,https://hts.usitc.gov/download/archive
us_301_list1_2018,84824000,1389,48,2016-01,2019-12,571342282,observed,https://ustr.gov/sites/default/files/2018-13248.pdf,https://hts.usitc.gov/download/archive
us_301_list1_2018,84825000,1868,48,2016-01,2019-12,1396842937,observed,https://ustr.gov/sites/default/files/2018-13248.pdf,https://hts.usitc.gov/download/archive
us_301_list1_2018,84828000,3187,48,2016-01,2019-12,112981713,observed,https://ustr.gov/sites/default/files/2018-13248.pdf,https://hts.usitc.gov/download/archive
us_301_list1_2018,84829100,5084,48,2016-01,2019-12,336292092,observed,https://ustr.gov/sites/default/files/2018-13248.pdf,https://hts.usitc.gov/download/archive
us_301_list1_2018,84829905,1091,48,2016-01,2019-12,543843027,observed,https://ustr.gov/sites/default/files/2018-13248.pdf,https://hts.usitc.gov/download/archive
us_301_list1_2018,84829915,2517,48,2016-01,2019-12,745185899,observed,https://ustr.gov/sites/default/files/2018-13248.pdf,https://hts.usitc.gov/download/archive
us_301_list1_2018,84829925,3298,48,2016-01,2019-12,329437906,observed,https://ustr.gov/sites/default/files/2018-13248.pdf,https://hts.usitc.gov/download/archive
us_301_list1_2018,84829935,1163,48,2016-01,2019-12,157598325,observed,https://ustr.gov/sites/default/files/2018-13248.pdf,https://hts.usitc.gov/download/archive
us_301_list1_2018,84829945,656,48,2016-01,2019-12,51037836,observed,https://ustr.gov/sites/default/files/2018-13248.pdf,https://hts.usitc.gov/download/archive
us_301_list1_2018,84829965,3610,48,2016-01,2019-12,222702015,observed,https://ustr.gov/sites/default/files/2018-13248.pdf,https://hts.usitc.gov/download/archive
us_301_list1_2018,84833040,2892,48,2016-01,2019-12,176951506,observed,https://ustr.gov/sites/default/files/2018-13248.pdf,https://hts.usitc.gov/download/archive
us_301_list1_2018,84834010,2110,48,2016-01,2019-12,732898610,observed,https://ustr.gov/sites/default/files/2018-13248.pdf,https://hts.usitc.gov/download/archive
us_301_list1_2018,84834030,2130,48,2016-01,2019-12,114810531,observed,https://ustr.gov/sites/default/files/2018-13248.pdf,https://hts.usitc.gov/download/archive
us_301_list1_2018,84834080,1610,48,2016-01,2019-12,557213758,observed,https://ustr.gov/sites/default/files/2018-13248.pdf,https://hts.usitc.gov/download/archive
us_301_list1_2018,84834090,2570,48,2016-01,2019-12,2533316224,observed,https://ustr.gov/sites/default/files/2018-13248.pdf,https://hts.usitc.gov/download/archive
us_301_list1_2018,84835060,1274,48,2016-01,2019-12,332775921,observed,https://ustr.gov/sites/default/files/2018-13248.pdf,https://hts.usitc.gov/download/archive
us_301_list1_2018,84835090,4022,48,2016-01,2019-12,1639405375,observed,https://ustr.gov/sites/default/files/2018-13248.pdf,https://hts.usitc.gov/download/archive
us_301_list1_2018,84836040,3164,48,2016-01,2019-12,586974612,observed,https://ustr.gov/sites/default/files/2018-13248.pdf,https://hts.usitc.gov/download/archive
us_301_list1_2018,84839010,2917,48,2016-01,2019-12,561067529,observed,https://ustr.gov/sites/default/files/2018-13248.pdf,https://hts.usitc.gov/download/archive
us_301_list1_2018,84839020,1026,48,2016-01,2019-12,20992296,observed,https://ustr.gov/sites/default/files/2018-13248.pdf,https://hts.usitc.gov/download/archive
us_301_list1_2018,84839030,1754,48,2016-01,2019-12,189498230,observed,https://ustr.gov/sites/default/files/2018-13248.pdf,https://hts.usitc.gov/download/archive
us_301_list1_2018,84839070,780,48,2016-01,2019-12,13205695,observed,https://ustr.gov/sites/default/files/2018-13248.pdf,https://hts.usitc.gov/download/archive
us_301_list1_2018,84839080,4775,48,2016-01,2019-12,1860603346,observed,https://ustr.gov/sites/default/files/2018-13248.pdf,https://hts.usitc.gov/download/archive
us_301_list1_2018,84841000,2280,48,2016-01,2019-12,1053875725,observed,https://ustr.gov/sites/default/files/2018-13248.pdf,https://hts.usitc.gov/download/archive
us_301_list1_2018,84842000,2376,48,2016-01,2019-12,945011780,observed,https://ustr.gov/sites/default/files/2018-13248.pdf,https://hts.usitc.gov/download/archive
us_301_list1_2018,84849000,2323,48,2016-01,2019-12,429785797,observed,https://ustr.gov/sites/default/files/2018-13248.pdf,https://hts.usitc.gov/download/archive
us_301_list1_2018,84871000,2225,48,2016-01,2019-12,279401230,observed,https://ustr.gov/sites/default/files/2018-13248.pdf,https://hts.usitc.gov/download/archive
us_301_list1_2018,84879000,3889,48,2016-01,2019-12,1456656379,observed,https://ustr.gov/sites/default/files/2018-13248.pdf,https://hts.usitc.gov/download/archive
us_301_list1_2018,85011040,7350,48,2016-01,2019-12,4713226438,observed,https://ustr.gov/sites/default/files/2018-13248.pdf,https://hts.usitc.gov/download/archive
us_301_list1_2018,85012020,1276,48,2016-01,2019-12,77447894,observed,https://ustr.gov/sites/default/files/2018-13248.pdf,https://hts.usitc.gov/download/archive
us_301_list1_2018,85012050,358,48,2016-01,2019-12,1589947,observed,https://ustr.gov/sites/default/files/2018-13248.pdf,https://hts.usitc.gov/download/archive
us_301_list1_2018,85012060,1999,48,2016-01,2019-12,219791029,observed,https://ustr.gov/sites/default/files/2018-13248.pdf,https://hts.usitc.gov/download/archive
us_301_list1_2018,85013120,2016,48,2016-01,2019-12,2198289191,observed,https://ustr.gov/sites/default/files/2018-13248.pdf,https://hts.usitc.gov/download/archive
us_301_list1_2018,85013150,551,48,2016-01,2019-12,35505129,observed,https://ustr.gov/sites/default/files/2018-13248.pdf,https://hts.usitc.gov/download/archive
us_301_list1_2018,85013160,2148,48,2016-01,2019-12,736353623,observed,https://ustr.gov/sites/default/files/2018-13248.pdf,https://hts.usitc.gov/download/archive
us_301_list1_2018,85013245,558,48,2016-01,2019-12,18802684,observed,https://ustr.gov/sites/default/files/2018-13248.pdf,https://hts.usitc.gov/download/archive
us_301_list1_2018,85013255,1997,48,2016-01,2019-12,161161688,observed,https://ustr.gov/sites/default/files/2018-13248.pdf,https://hts.usitc.gov/download/archive
us_301_list1_2018,85013340,1236,48,2016-01,2019-12,44912891,observed,https://ustr.gov/sites/default/files/2018-13248.pdf,https://hts.usitc.gov/download/archive
us_301_list1_2018,85013360,513,48,2016-01,2019-12,36951438,observed,https://ustr.gov/sites/default/files/2018-13248.pdf,https://hts.usitc.gov/download/archive
us_301_list1_2018,85013430,681,48,2016-01,2019-12,43151825,observed,https://ustr.gov/sites/default/files/2018-13248.pdf,https://hts.usitc.gov/download/archive
us_301_list1_2018,85013460,657,48,2016-01,2019-12,25122822,observed,https://ustr.gov/sites/default/files/2018-13248.pdf,https://hts.usitc.gov/download/archive
us_301_list1_2018,85015120,2169,48,2016-01,2019-12,108416681,observed,https://ustr.gov/sites/default/files/2018-13248.pdf,https://hts.usitc.gov/download/archive
us_301_list1_2018,85015140,3058,48,2016-01,2019-12,1799592553,observed,https://ustr.gov/sites/default/files/2018-13248.pdf,https://hts.usitc.gov/download/archive
us_301_list1_2018,85015150,1346,48,2016-01,2019-12,56926573,observed,https://ustr.gov/sites/default/files/2018-13248.pdf,https://hts.usitc.gov/download/archive
us_301_list1_2018,85015160,2971,48,2016-01,2019-12,347068784,observed,https://ustr.gov/sites/default/files/2018-13248.pdf,https://hts.usitc.gov/download/archive
us_301_list1_2018,85015280,2872,48,2016-01,2019-12,1725942260,observed,https://ustr.gov/sites/default/files/2018-13248.pdf,https://hts.usitc.gov/download/archive
us_301_list1_2018,85015340,1818,48,2016-01,2019-12,450050410,observed,https://ustr.gov/sites/default/files/2018-13248.pdf,https://hts.usitc.gov/download/archive
us_301_list1_2018,85015380,2730,48,2016-01,2019-12,1809864837,observed,https://ustr.gov/sites/default/files/2018-13248.pdf,https://hts.usitc.gov/download/archive
us_301_list1_2018,85016200,1490,48,2016-01,2019-12,967360825,observed,https://ustr.gov/sites/default/files/2018-13248.pdf,https://hts.usitc.gov/download/archive
us_301_list1_2018,85016300,755,48,2016-01,2019-12,152023750,observed,https://ustr.gov/sites/default/files/2018-13248.pdf,https://hts.usitc.gov/download/archive
us_301_list1_2018,85016400,2999,48,2016-01,2019-12,1594443002,observed,https://ustr.gov/sites/default/files/2018-13248.pdf,https://hts.usitc.gov/download/archive
us_301_list1_2018,85021100,959,48,2016-01,2019-12,448456413,observed,https://ustr.gov/sites/default/files/2018-13248.pdf,https://hts.usitc.gov/download/archive
us_301_list1_2018,85021200,692,48,2016-01,2019-12,183348912,observed,https://ustr.gov/sites/default/files/2018-13248.pdf,https://hts.usitc.gov/download/archive
us_301_list1_2018,85021300,944,48,2016-01,2019-12,215878584,observed,https://ustr.gov/sites/default/files/2018-13248.pdf,https://hts.usitc.gov/download/archive
us_301_list1_2018,85023100,813,48,2016-01,2019-12,618749154,observed,https://ustr.gov/sites/default/files/2018-13248.pdf,https://hts.usitc.gov/download/archive
us_301_list1_2018,85023900,1500,48,2016-01,2019-12,666389527,observed,https://ustr.gov/sites/default/files/2018-13248.pdf,https://hts.usitc.gov/download/archive
us_301_list1_2018,85024000,1059,48,2016-01,2019-12,112716460,observed,https://ustr.gov/sites/default/files/2018-13248.pdf,https://hts.usitc.gov/download/archive
us_301_list1_2018,85030020,991,48,2016-01,2019-12,124374147,observed,https://ustr.gov/sites/default/files/2018-13248.pdf,https://hts.usitc.gov/download/archive
us_301_list1_2018,85030035,1235,48,2016-01,2019-12,125796669,observed,https://ustr.gov/sites/default/files/2018-13248.pdf,https://hts.usitc.gov/download/archive
us_301_list1_2018,85030045,999,48,2016-01,2019-12,224660667,observed,https://ustr.gov/sites/default/files/2018-13248.pdf,https://hts.usitc.gov/download/archive
us_301_list1_2018,85030065,2226,48,2016-01,2019-12,1832258775,observed,https://ustr.gov/sites/default/files/2018-13248.pdf,https://hts.usitc.gov/download/archive
us_301_list1_2018,85030075,1038,48,2016-01,2019-12,71235703,observed,https://ustr.gov/sites/default/files/2018-13248.pdf,https://hts.usitc.gov/download/archive
us_301_list1_2018,85030090,1244,48,2016-01,2019-12,321338284,observed,https://ustr.gov/sites/default/files/2018-13248.pdf,https://hts.usitc.gov/download/archive
us_301_list1_2018,85042100,2970,48,2016-01,2019-12,1075083171,observed,https://ustr.gov/sites/default/files/2018-13248.pdf,https://hts.usitc.gov/download/archive
us_301_list1_2018,85042200,1288,48,2016-01,2019-12,871578017,observed,https://ustr.gov/sites/default/files/2018-13248.pdf,https://hts.usitc.gov/download/archive
us_301_list1_2018,85042300,1549,48,2016-01,2019-12,3658935615,observed,https://ustr.gov/sites/default/files/2018-13248.pdf,https://hts.usitc.gov/download/archive
us_301_list1_2018,85043200,2006,48,2016-01,2019-12,451497447,observed,https://ustr.gov/sites/default/files/2018-13248.pdf,https://hts.usitc.gov/download/archive
us_301_list1_2018,85043300,2929,48,2016-01,2019-12,1384309851,observed,https://ustr.gov/sites/default/files/2018-13248.pdf,https://hts.usitc.gov/download/archive
us_301_list1_2018,85043400,1228,48,2016-01,2019-12,479121504,observed,https://ustr.gov/sites/default/files/2018-13248.pdf,https://hts.usitc.gov/download/archive
us_301_list1_2018,85044040,2748,48,2016-01,2019-12,3343374916,observed,https://ustr.gov/sites/default/files/2018-13248.pdf,https://hts.usitc.gov/download/archive
us_301_list1_2018,85049041,1359,42,2016-07,2019-12,463488659,observed,https://ustr.gov/sites/default/files/2018-13248.pdf,https://hts.usitc.gov/download/archive
us_301_list1_2018,85049065,1509,48,2016-01,2019-12,315109707,observed,https://ustr.gov/sites/default/files/2018-13248.pdf,https://hts.usitc.gov/download/archive
us_301_list1_2018,85049075,1994,48,2016-01,2019-12,788813769,observed,https://ustr.gov/sites/default/files/2018-13248.pdf,https://hts.usitc.gov/download/archive
us_301_list1_2018,85049096,8761,42,2016-07,2019-12,2655546041,observed,https://ustr.gov/sites/default/files/2018-13248.pdf,https://hts.usitc.gov/download/archive
us_301_list1_2018,85051910,868,48,2016-01,2019-12,67638105,observed,https://ustr.gov/sites/default/files/2018-13248.pdf,https://hts.usitc.gov/download/archive
us_301_list1_2018,85052000,1633,48,2016-01,2019-12,383440113,observed,https://ustr.gov/sites/default/files/2018-13248.pdf,https://hts.usitc.gov/download/archive
us_301_list1_2018,85059030,1036,48,2016-01,2019-12,44708083,observed,https://ustr.gov/sites/default/files/2018-13248.pdf,https://hts.usitc.gov/download/archive
us_301_list1_2018,85059040,1061,48,2016-01,2019-12,84678659,observed,https://ustr.gov/sites/default/files/2018-13248.pdf,https://hts.usitc.gov/download/archive
us_301_list1_2018,85059070,702,42,2016-07,2019-12,23136455,observed,https://ustr.gov/sites/default/files/2018-13248.pdf,https://hts.usitc.gov/download/archive
us_301_list1_2018,85059075,1993,42,2016-07,2019-12,1356536272,observed,https://ustr.gov/sites/default/files/2018-13248.pdf,https://hts.usitc.gov/download/archive
us_301_list1_2018,85064010,297,48,2016-01,2019-12,72538081,observed,https://ustr.gov/sites/default/files/2018-13248.pdf,https://hts.usitc.gov/download/archive
us_301_list1_2018,85064050,320,48,2016-01,2019-12,8578887,observed,https://ustr.gov/sites/default/files/2018-13248.pdf,https://hts.usitc.gov/download/archive
us_301_list1_2018,85065000,1862,48,2016-01,2019-12,1369935135,observed,https://ustr.gov/sites/default/files/2018-13248.pdf,https://hts.usitc.gov/download/archive
us_301_list1_2018,85066000,555,48,2016-01,2019-12,169409292,observed,https://ustr.gov/sites/default/files/2018-13248.pdf,https://hts.usitc.gov/download/archive
us_301_list1_2018,85069000,971,48,2016-01,2019-12,85429100,observed,https://ustr.gov/sites/default/files/2018-13248.pdf,https://hts.usitc.gov/download/archive
us_301_list1_2018,85079080,1632,48,2016-01,2019-12,1907311134,observed,https://ustr.gov/sites/default/files/2018-13248.pdf,https://hts.usitc.gov/download/archive
us_301_list1_2018,85141000,1479,48,2016-01,2019-12,602732324,observed,https://ustr.gov/sites/default/files/2018-13248.pdf,https://hts.usitc.gov/download/archive
us_301_list1_2018,85142060,195,47,2016-01,2019-12,4536073,observed,https://ustr.gov/sites/default/files/2018-13248.pdf,https://hts.usitc.gov/download/archive
us_301_list1_2018,85142080,860,48,2016-01,2019-12,170508607,observed,https://ustr.gov/sites/default/files/2018-13248.pdf,https://hts.usitc.gov/download/archive
us_301_list1_2018,85143010,517,42,2016-07,2019-12,33794083,observed,https://ustr.gov/sites/default/files/2018-13248.pdf,https://hts.usitc.gov/download/archive
us_301_list1_2018,85143090,1043,42,2016-07,2019-12,158838680,observed,https://ustr.gov/sites/default/files/2018-13248.pdf,https://hts.usitc.gov/download/archive
us_301_list1_2018,85144000,1377,48,2016-01,2019-12,247030340,observed,https://ustr.gov/sites/default/files/2018-13248.pdf,https://hts.usitc.gov/download/archive
us_301_list1_2018,85149080,2138,48,2016-01,2019-12,793587750,observed,https://ustr.gov/sites/default/files/2018-13248.pdf,https://hts.usitc.gov/download/archive
us_301_list1_2018,85151100,776,48,2016-01,2019-12,90032493,observed,https://ustr.gov/sites/default/files/2018-13248.pdf,https://hts.usitc.gov/download/archive
us_301_list1_2018,85151900,1142,48,2016-01,2019-12,236996880,observed,https://ustr.gov/sites/default/files/2018-13248.pdf,https://hts.usitc.gov/download/archive
us_301_list1_2018,85152100,1212,48,2016-01,2019-12,1703787367,observed,https://ustr.gov/sites/default/files/2018-13248.pdf,https://hts.usitc.gov/download/archive
us_301_list1_2018,85152900,979,48,2016-01,2019-12,101630902,observed,https://ustr.gov/sites/default/files/2018-13248.pdf,https://hts.usitc.gov/download/archive
us_301_list1_2018,85153100,1453,48,2016-01,2019-12,843682174,observed,https://ustr.gov/sites/default/files/2018-13248.pdf,https://hts.usitc.gov/download/archive
us_301_list1_2018,85153900,1944,48,2016-01,2019-12,577276676,observed,https://ustr.gov/sites/default/files/2018-13248.pdf,https://hts.usitc.gov/download/archive
us_301_list1_2018,85158000,2494,48,2016-01,2019-12,1351048019,observed,https://ustr.gov/sites/default/files/2018-13248.pdf,https://hts.usitc.gov/download/archive
us_301_list1_2018,85159020,2063,48,2016-01,2019-12,1471278736,observed,https://ustr.gov/sites/default/files/2018-13248.pdf,https://hts.usitc.gov/download/archive
us_301_list1_2018,85159040,2135,48,2016-01,2019-12,513662490,observed,https://ustr.gov/sites/default/files/2018-13248.pdf,https://hts.usitc.gov/download/archive
us_301_list1_2018,85255070,3222,48,2016-01,2019-12,242665459,observed,https://ustr.gov/sites/default/files/2018-13248.pdf,https://hts.usitc.gov/download/archive
us_301_list1_2018,85256010,4975,48,2016-01,2019-12,2179936233,observed,https://ustr.gov/sites/default/files/2018-13248.pdf,https://hts.usitc.gov/download/archive
us_301_list1_2018,85256020,2352,48,2016-01,2019-12,3815196384,observed,https://ustr.gov/sites/default/files/2018-13248.pdf,https://hts.usitc.gov/download/archive
us_301_list1_2018,85258010,1175,48,2016-01,2019-12,99531180,observed,https://ustr.gov/sites/default/files/2018-13248.pdf,https://hts.usitc.gov/download/archive
us_301_list1_2018,85258020,1136,48,2016-01,2019-12,61631855,observed,https://ustr.gov/sites/default/files/2018-13248.pdf,https://hts.usitc.gov/download/archive
us_301_list1_2018,85261000,2970,48,2016-01,2019-12,4025810217,observed,https://ustr.gov/sites/default/files/2018-13248.pdf,https://hts.usitc.gov/download/archive
us_301_list1_2018,85269100,4807,48,2016-01,2019-12,10238199048,observed,https://ustr.gov/sites/default/files/2018-13248.pdf,https://hts.usitc.gov/download/archive
us_301_list1_2018,85269250,2530,48,2016-01,2019-12,2438233731,observed,https://ustr.gov/sites/default/files/2018-13248.pdf,https://hts.usitc.gov/download/archive
us_301_list1_2018,85279915,1097,48,2016-01,2019-12,254842486,observed,https://ustr.gov/sites/default/files/2018-13248.pdf,https://hts.usitc.gov/download/archive
us_301_list1_2018,85279940,1257,48,2016-01,2019-12,44457610,observed,https://ustr.gov/sites/default/files/2018-13248.pdf,https://hts.usitc.gov/download/archive
us_301_list1_2018,85291040,4450,48,2016-01,2019-12,1621476227,observed,https://ustr.gov/sites/default/files/2018-13248.pdf,https://hts.usitc.gov/download/archive
us_301_list1_2018,85299005,276,42,2016-07,2019-12,21122929,observed,https://ustr.gov/sites/default/files/2018-13248.pdf,https://hts.usitc.gov/download/archive
us_301_list1_2018,85299006,1190,48,2016-01,2019-12,73969901,observed,https://ustr.gov/sites/default/files/2018-13248.pdf,https://hts.usitc.gov/download/archive
us_301_list1_2018,85299009,851,48,2016-01,2019-12,18547602,observed,https://ustr.gov/sites/default/files/2018-13248.pdf,https://hts.usitc.gov/download/archive
us_301_list1_2018,85299016,3029,48,2016-01,2019-12,589051696,observed,https://ustr.gov/sites/default/files/2018-13248.pdf,https://hts.usitc.gov/download/archive
us_301_list1_2018,85299019,2627,48,2016-01,2019-12,113662982,observed,https://ustr.gov/sites/default/files/2018-13248.pdf,https://hts.usitc.gov/download/archive
us_301_list1_2018,85299022,2015,48,2016-01,2019-12,1230657602,observed,https://ustr.gov/sites/default/files/2018-13248.pdf,https://hts.usitc.gov/download/archive
us_301_list1_2018,85299024,856,42,2016-07,2019-12,39370948,observed,https://ustr.gov/sites/default/files/2018-13248.pdf,https://hts.usitc.gov/download/archive
us_301_list1_2018,85299029,344,48,2016-01,2019-12,5591557,observed,https://ustr.gov/sites/default/files/2018-13248.pdf,https://hts.usitc.gov/download/archive
us_301_list1_2018,85299033,44,26,2016-03,2019-12,64325,observed,https://ustr.gov/sites/default/files/2018-13248.pdf,https://hts.usitc.gov/download/archive
us_301_list1_2018,85299046,363,48,2016-01,2019-12,2750874,observed,https://ustr.gov/sites/default/files/2018-13248.pdf,https://hts.usitc.gov/download/archive
us_301_list1_2018,85299063,578,48,2016-01,2019-12,6143599,observed,https://ustr.gov/sites/default/files/2018-13248.pdf,https://hts.usitc.gov/download/archive
us_301_list1_2018,85299068,884,42,2016-07,2019-12,30701740,observed,https://ustr.gov/sites/default/files/2018-13248.pdf,https://hts.usitc.gov/download/archive
us_301_list1_2018,85299073,886,48,2016-01,2019-12,25112600,observed,https://ustr.gov/sites/default/files/2018-13248.pdf,https://hts.usitc.gov/download/archive
us_301_list1_2018,85299078,687,48,2016-01,2019-12,13553545,observed,https://ustr.gov/sites/default/files/2018-13248.pdf,https://hts.usitc.gov/download/archive
us_301_list1_2018,85299081,1382,48,2016-01,2019-12,335096211,observed,https://ustr.gov/sites/default/files/2018-13248.pdf,https://hts.usitc.gov/download/archive
us_301_list1_2018,85299083,904,48,2016-01,2019-12,101274974,observed,https://ustr.gov/sites/default/files/2018-13248.pdf,https://hts.usitc.gov/download/archive
us_301_list1_2018,85299089,563,48,2016-01,2019-12,47563015,observed,https://ustr.gov/sites/default/files/2018-13248.pdf,https://hts.usitc.gov/download/archive
us_301_list1_2018,85299093,976,48,2016-01,2019-12,158749753,observed,https://ustr.gov/sites/default/files/2018-13248.pdf,https://hts.usitc.gov/download/archive
us_301_list1_2018,85299095,3182,48,2016-01,2019-12,260027635,observed,https://ustr.gov/sites/default/files/2018-13248.pdf,https://hts.usitc.gov/download/archive
us_301_list1_2018,85299097,3815,48,2016-01,2019-12,418186812,observed,https://ustr.gov/sites/default/files/2018-13248.pdf,https://hts.usitc.gov/download/archive
us_301_list1_2018,85299099,2670,48,2016-01,2019-12,2020544571,observed,https://ustr.gov/sites/default/files/2018-13248.pdf,https://hts.usitc.gov/download/archive
us_301_list1_2018,85301000,871,48,2016-01,2019-12,102762574,observed,https://ustr.gov/sites/default/files/2018-13248.pdf,https://hts.usitc.gov/download/archive
us_301_list1_2018,85308000,1600,48,2016-01,2019-12,570734567,observed,https://ustr.gov/sites/default/files/2018-13248.pdf,https://hts.usitc.gov/download/archive
us_301_list1_2018,85309000,1806,48,2016-01,2019-12,731962011,observed,https://ustr.gov/sites/default/files/2018-13248.pdf,https://hts.usitc.gov/download/archive
us_301_list1_2018,85321000,1758,48,2016-01,2019-12,216813757,observed,https://ustr.gov/sites/default/files/2018-13248.pdf,https://hts.usitc.gov/download/archive
us_301_list1_2018,85322100,3068,48,2016-01,2019-12,624880706,observed,https://ustr.gov/sites/default/files/2018-13248.pdf,https://hts.usitc.gov/download/archive
us_301_list1_2018,85322200,4610,48,2016-01,2019-12,1216866186,observed,https://ustr.gov/sites/default/files/2018-13248.pdf,https://hts.usitc.gov/download/archive
us_301_list1_2018,85322300,2302,48,2016-01,2019-12,117758108,observed,https://ustr.gov/sites/default/files/2018-13248.pdf,https://hts.usitc.gov/download/archive
us_301_list1_2018,85322400,3702,48,2016-01,2019-12,2791038766,observed,https://ustr.gov/sites/default/files/2018-13248.pdf,https://hts.usitc.gov/download/archive
us_301_list1_2018,85322500,6774,48,2016-01,2019-12,620396964,observed,https://ustr.gov/sites/default/files/2018-13248.pdf,https://hts.usitc.gov/download/archive
us_301_list1_2018,85322900,2391,48,2016-01,2019-12,294763766,observed,https://ustr.gov/sites/default/files/2018-13248.pdf,https://hts.usitc.gov/download/archive
us_301_list1_2018,85323000,1971,48,2016-01,2019-12,197991060,observed,https://ustr.gov/sites/default/files/2018-13248.pdf,https://hts.usitc.gov/download/archive
us_301_list1_2018,85329000,1492,48,2016-01,2019-12,77836615,observed,https://ustr.gov/sites/default/files/2018-13248.pdf,https://hts.usitc.gov/download/archive
us_301_list1_2018,85331000,3334,48,2016-01,2019-12,114408046,observed,https://ustr.gov/sites/default/files/2018-13248.pdf,https://hts.usitc.gov/download/archive
us_301_list1_2018,85332100,7602,48,2016-01,2019-12,1575793426,observed,https://ustr.gov/sites/default/files/2018-13248.pdf,https://hts.usitc.gov/download/archive
us_301_list1_2018,85332900,1931,48,2016-01,2019-12,317990277,observed,https://ustr.gov/sites/default/files/2018-13248.pdf,https://hts.usitc.gov/download/archive
us_301_list1_2018,85333100,1053,48,2016-01,2019-12,85091986,observed,https://ustr.gov/sites/default/files/2018-13248.pdf,https://hts.usitc.gov/download/archive
us_301_list1_2018,85334040,1333,48,2016-01,2019-12,380193008,observed,https://ustr.gov/sites/default/files/2018-13248.pdf,https://hts.usitc.gov/download/archive
us_301_list1_2018,85334080,4538,48,2016-01,2019-12,1483079523,observed,https://ustr.gov/sites/default/files/2018-13248.pdf,https://hts.usitc.gov/download/archive
us_301_list1_2018,85339080,1593,48,2016-01,2019-12,171761652,observed,https://ustr.gov/sites/default/files/2018-13248.pdf,https://hts.usitc.gov/download/archive
us_301_list1_2018,85351000,2226,48,2016-01,2019-12,446536919,observed,https://ustr.gov/sites/default/files/2018-13248.pdf,https://hts.usitc.gov/download/archive
us_301_list1_2018,85352100,1207,48,2016-01,2019-12,595951312,observed,https://ustr.gov/sites/default/files/2018-13248.pdf,https://hts.usitc.gov/download/archive
us_301_list1_2018,85352900,1427,48,2016-01,2019-12,336348674,observed,https://ustr.gov/sites/default/files/2018-13248.pdf,https://hts.usitc.gov/download/archive
us_301_list1_2018,85353000,1973,48,2016-01,2019-12,727974987,observed,https://ustr.gov/sites/default/files/2018-13248.pdf,https://hts.usitc.gov/download/archive
us_301_list1_2018,85359040,1108,48,2016-01,2019-12,26706057,observed,https://ustr.gov/sites/default/files/2018-13248.pdf,https://hts.usitc.gov/download/archive
us_301_list1_2018,85359080,5473,48,2016-01,2019-12,1170626451,observed,https://ustr.gov/sites/default/files/2018-13248.pdf,https://hts.usitc.gov/download/archive
us_301_list1_2018,85361000,2805,48,2016-01,2019-12,956673559,observed,https://ustr.gov/sites/default/files/2018-13248.pdf,https://hts.usitc.gov/download/archive
us_301_list1_2018,85362000,4282,48,2016-01,2019-12,4491165878,observed,https://ustr.gov/sites/default/files/2018-13248.pdf,https://hts.usitc.gov/download/archive
us_301_list1_2018,85363040,1383,48,2016-01,2019-12,134715276,observed,https://ustr.gov/sites/default/files/2018-13248.pdf,https://hts.usitc.gov/download/archive
us_301_list1_2018,85364100,8739,48,2016-01,2019-12,2033192049,observed,https://ustr.gov/sites/default/files/2018-13248.pdf,https://hts.usitc.gov/download/archive
us_301_list1_2018,85364900,8879,48,2016-01,2019-12,1880610176,observed,https://ustr.gov/sites/default/files/2018-13248.pdf,https://hts.usitc.gov/download/archive
us_301_list1_2018,85365040,1983,48,2016-01,2019-12,352835685,observed,https://ustr.gov/sites/default/files/2018-13248.pdf,https://hts.usitc.gov/download/archive
us_301_list1_2018,85365090,17878,48,2016-01,2019-12,8844469436,observed,https://ustr.gov/sites/default/files/2018-13248.pdf,https://hts.usitc.gov/download/archive
us_301_list1_2018,85366940,10555,48,2016-01,2019-12,8167898852,observed,https://ustr.gov/sites/default/files/2018-13248.pdf,https://hts.usitc.gov/download/archive
us_301_list1_2018,85369040,2889,48,2016-01,2019-12,3730787471,observed,https://ustr.gov/sites/default/files/2018-13248.pdf,https://hts.usitc.gov/download/archive
us_301_list1_2018,85369085,5426,42,2016-07,2019-12,2915370503,observed,https://ustr.gov/sites/default/files/2018-13248.pdf,https://hts.usitc.gov/download/archive
us_301_list1_2018,85371060,2270,48,2016-01,2019-12,1022345678,observed,https://ustr.gov/sites/default/files/2018-13248.pdf,https://hts.usitc.gov/download/archive
us_301_list1_2018,85371080,1358,42,2016-07,2019-12,209118995,observed,https://ustr.gov/sites/default/files/2018-13248.pdf,https://hts.usitc.gov/download/archive
us_301_list1_2018,85372000,2871,48,2016-01,2019-12,1389359001,observed,https://ustr.gov/sites/default/files/2018-13248.pdf,https://hts.usitc.gov/download/archive
us_301_list1_2018,85381000,2454,48,2016-01,2019-12,772218759,observed,https://ustr.gov/sites/default/files/2018-13248.pdf,https://hts.usitc.gov/download/archive
us_301_list1_2018,85389040,1253,48,2016-01,2019-12,77900309,observed,https://ustr.gov/sites/default/files/2018-13248.pdf,https://hts.usitc.gov/download/archive
us_301_list1_2018,85389060,2526,48,2016-01,2019-12,2789963707,observed,https://ustr.gov/sites/default/files/2018-13248.pdf,https://hts.usitc.gov/download/archive
us_301_list1_2018,85389081,7930,42,2016-07,2019-12,5343121914,observed,https://ustr.gov/sites/default/files/2018-13248.pdf,https://hts.usitc.gov/download/archive
us_301_list1_2018,85394100,1165,48,2016-01,2019-12,391828751,observed,https://ustr.gov/sites/default/files/2018-13248.pdf,https://hts.usitc.gov/download/archive
us_301_list1_2018,85399000,1514,48,2016-01,2019-12,183401636,observed,https://ustr.gov/sites/default/files/2018-13248.pdf,https://hts.usitc.gov/download/archive
us_301_list1_2018,85407910,178,48,2016-01,2019-12,11661508,observed,https://ustr.gov/sites/default/files/2018-13248.pdf,https://hts.usitc.gov/download/archive
us_301_list1_2018,85407920,315,48,2016-01,2019-12,202509853,observed,https://ustr.gov/sites/default/files/2018-13248.pdf,https://hts.usitc.gov/download/archive
us_301_list1_2018,85408900,2068,48,2016-01,2019-12,118045936,observed,https://ustr.gov/sites/default/files/2018-13248.pdf,https://hts.usitc.gov/download/archive
us_301_list1_2018,85412100,2795,48,2016-01,2019-12,697210009,observed,https://ustr.gov/sites/default/files/2018-13248.pdf,https://hts.usitc.gov/download/archive
us_301_list1_2018,85412900,4146,48,2016-01,2019-12,4656681766,observed,https://ustr.gov/sites/default/files/2018-13248.pdf,https://hts.usitc.gov/download/archive
us_301_list1_2018,85413000,2414,48,2016-01,2019-12,387223147,observed,https://ustr.gov/sites/default/files/2018-13248.pdf,https://hts.usitc.gov/download/archive
us_301_list1_2018,85414020,2652,48,2016-01,2019-12,5181020708,observed,https://ustr.gov/sites/default/files/2018-13248.pdf,https://hts.usitc.gov/download/archive
us_301_list1_2018,85414070,1783,48,2016-01,2019-12,83411249,observed,https://ustr.gov/sites/default/files/2018-13248.pdf,https://hts.usitc.gov/download/archive
us_301_list1_2018,85414080,1736,48,2016-01,2019-12,1223540001,observed,https://ustr.gov/sites/default/files/2018-13248.pdf,https://hts.usitc.gov/download/archive
us_301_list1_2018,85414095,2053,48,2016-01,2019-12,823213715,observed,https://ustr.gov/sites/default/files/2018-13248.pdf,https://hts.usitc.gov/download/archive
us_301_list1_2018,85415000,3465,48,2016-01,2019-12,1452611168,observed,https://ustr.gov/sites/default/files/2018-13248.pdf,https://hts.usitc.gov/download/archive
us_301_list1_2018,85416000,6405,48,2016-01,2019-12,1523482663,observed,https://ustr.gov/sites/default/files/2018-13248.pdf,https://hts.usitc.gov/download/archive
us_301_list1_2018,85419000,1962,48,2016-01,2019-12,893702153,observed,https://ustr.gov/sites/default/files/2018-13248.pdf,https://hts.usitc.gov/download/archive
us_301_list1_2018,85431000,720,48,2016-01,2019-12,90136851,observed,https://ustr.gov/sites/default/files/2018-13248.pdf,https://hts.usitc.gov/download/archive
us_301_list1_2018,85432000,1861,48,2016-01,2019-12,244814088,observed,https://ustr.gov/sites/default/files/2018-13248.pdf,https://hts.usitc.gov/download/archive
us_301_list1_2018,85433020,475,42,2016-07,2019-12,16832002,observed,https://ustr.gov/sites/default/files/2018-13248.pdf,https://hts.usitc.gov/download/archive
us_301_list1_2018,85433090,1552,42,2016-07,2019-12,326694799,observed,https://ustr.gov/sites/default/files/2018-13248.pdf,https://hts.usitc.gov/download/archive
us_301_list1_2018,85437020,940,48,2016-01,2019-12,254017208,observed,https://ustr.gov/sites/default/files/2018-13248.pdf,https://hts.usitc.gov/download/archive
us_301_list1_2018,85437042,1628,42,2016-07,2019-12,242640440,observed,https://ustr.gov/sites/default/files/2018-13248.pdf,https://hts.usitc.gov/download/archive
us_301_list1_2018,85437060,1468,48,2016-01,2019-12,95014454,observed,https://ustr.gov/sites/default/files/2018-13248.pdf,https://hts.usitc.gov/download/archive
us_301_list1_2018,85437080,1127,48,2016-01,2019-12,230953236,observed,https://ustr.gov/sites/default/files/2018-13248.pdf,https://hts.usitc.gov/download/archive
us_301_list1_2018,85437095,1410,42,2016-07,2019-12,161389228,observed,https://ustr.gov/sites/default/files/2018-13248.pdf,https://hts.usitc.gov/download/archive
us_301_list1_2018,85437097,853,42,2016-07,2019-12,41195331,observed,https://ustr.gov/sites/default/files/2018-13248.pdf,https://hts.usitc.gov/download/archive
us_301_list1_2018,85439012,1074,42,2016-07,2019-12,1181597566,observed,https://ustr.gov/sites/default/files/2018-13248.pdf,https://hts.usitc.gov/download/archive
us_301_list1_2018,85439015,939,48,2016-01,2019-12,146294767,observed,https://ustr.gov/sites/default/files/2018-13248.pdf,https://hts.usitc.gov/download/archive
us_301_list1_2018,85439035,1502,48,2016-01,2019-12,112598649,observed,https://ustr.gov/sites/default/files/2018-13248.pdf,https://hts.usitc.gov/download/archive
us_301_list1_2018,85439065,789,48,2016-01,2019-12,44692438,observed,https://ustr.gov/sites/default/files/2018-13248.pdf,https://hts.usitc.gov/download/archive
us_301_list1_2018,85439068,1709,48,2016-01,2019-12,597497583,observed,https://ustr.gov/sites/default/files/2018-13248.pdf,https://hts.usitc.gov/download/archive
us_301_list1_2018,85441100,3978,48,2016-01,2019-12,1620989403,observed,https://ustr.gov/sites/default/files/2018-13248.pdf,https://hts.usitc.gov/download/archive
us_301_list1_2018,85441900,1708,48,2016-01,2019-12,184257400,observed,https://ustr.gov/sites/default/files/2018-13248.pdf,https://hts.usitc.gov/download/archive
us_301_list1_2018,85443000,3777,48,2016-01,2019-12,42779431855,observed,https://ustr.gov/sites/default/files/2018-13248.pdf,https://hts.usitc.gov/download/archive
us_301_list1_2018,85444930,3288,48,2016-01,2019-12,4004475913,observed,https://ustr.gov/sites/default/files/2018-13248.pdf,https://hts.usitc.gov/download/archive
us_301_list1_2018,85444990,2754,48,2016-01,2019-12,1585176067,observed,https://ustr.gov/sites/default/files/2018-13248.pdf,https://hts.usitc.gov/download/archive
us_301_list1_2018,85446020,1639,48,2016-01,2019-12,449088830,observed,https://ustr.gov/sites/default/files/2018-13248.pdf,https://hts.usitc.gov/download/archive
us_301_list1_2018,85446040,1504,48,2016-01,2019-12,672427404,observed,https://ustr.gov/sites/default/files/2018-13248.pdf,https://hts.usitc.gov/download/archive
us_301_list1_2018,85447000,2488,48,2016-01,2019-12,4342086814,observed,https://ustr.gov/sites/default/files/2018-13248.pdf,https://hts.usitc.gov/download/archive
us_301_list1_2018,86011000,0,0,,,0,not_observed_review,https://ustr.gov/sites/default/files/2018-13248.pdf,https://hts.usitc.gov/download/archive
us_301_list1_2018,86031000,110,47,2016-02,2019-12,121294502,observed,https://ustr.gov/sites/default/files/2018-13248.pdf,https://hts.usitc.gov/download/archive
us_301_list1_2018,86039000,113,40,2016-01,2019-12,119032811,observed,https://ustr.gov/sites/default/files/2018-13248.pdf,https://hts.usitc.gov/download/archive
us_301_list1_2018,86040000,371,48,2016-01,2019-12,59979034,observed,https://ustr.gov/sites/default/files/2018-13248.pdf,https://hts.usitc.gov/download/archive
us_301_list1_2018,86071200,298,48,2016-01,2019-12,11507093,observed,https://ustr.gov/sites/default/files/2018-13248.pdf,https://hts.usitc.gov/download/archive
us_301_list1_2018,86071906,820,48,2016-01,2019-12,69814974,observed,https://ustr.gov/sites/default/files/2018-13248.pdf,https://hts.usitc.gov/download/archive
us_301_list1_2018,86071912,1003,48,2016-01,2019-12,590075022,observed,https://ustr.gov/sites/default/files/2018-13248.pdf,https://hts.usitc.gov/download/archive
us_301_list1_2018,86071915,568,48,2016-01,2019-12,23836001,observed,https://ustr.gov/sites/default/files/2018-13248.pdf,https://hts.usitc.gov/download/archive
us_301_list1_2018,86071990,1119,48,2016-01,2019-12,267849959,observed,https://ustr.gov/sites/default/files/2018-13248.pdf,https://hts.usitc.gov/download/archive
us_301_list1_2018,86072110,953,48,2016-01,2019-12,208205925,observed,https://ustr.gov/sites/default/files/2018-13248.pdf,https://hts.usitc.gov/download/archive
us_301_list1_2018,86072150,934,48,2016-01,2019-12,75914072,observed,https://ustr.gov/sites/default/files/2018-13248.pdf,https://hts.usitc.gov/download/archive
us_301_list1_2018,86072910,630,48,2016-01,2019-12,33010336,observed,https://ustr.gov/sites/default/files/2018-13248.pdf,https://hts.usitc.gov/download/archive
us_301_list1_2018,86072950,878,48,2016-01,2019-12,34268003,observed,https://ustr.gov/sites/default/files/2018-13248.pdf,https://hts.usitc.gov/download/archive
us_301_list1_2018,86079100,1391,48,2016-01,2019-12,461442315,observed,https://ustr.gov/sites/default/files/2018-13248.pdf,https://hts.usitc.gov/download/archive
us_301_list1_2018,86079910,977,48,2016-01,2019-12,359267683,observed,https://ustr.gov/sites/default/files/2018-13248.pdf,https://hts.usitc.gov/download/archive
us_301_list1_2018,86079950,1495,48,2016-01,2019-12,736847850,observed,https://ustr.gov/sites/default/files/2018-13248.pdf,https://hts.usitc.gov/download/archive
us_301_list1_2018,86080000,1259,48,2016-01,2019-12,140484506,observed,https://ustr.gov/sites/default/files/2018-13248.pdf,https://hts.usitc.gov/download/archive
us_301_list1_2018,87011001,287,36,2017-01,2019-12,17845328,observed,https://ustr.gov/sites/default/files/2018-13248.pdf,https://hts.usitc.gov/download/archive
us_301_list1_2018,87013010,1478,48,2016-01,2019-12,1422070446,observed,https://ustr.gov/sites/default/files/2018-13248.pdf,https://hts.usitc.gov/download/archive
us_301_list1_2018,87021031,337,36,2017-01,2019-12,2945054189,observed,https://ustr.gov/sites/default/files/2018-13248.pdf,https://hts.usitc.gov/download/archive
us_301_list1_2018,87021061,146,36,2017-01,2019-12,178413846,observed,https://ustr.gov/sites/default/files/2018-13248.pdf,https://hts.usitc.gov/download/archive
us_301_list1_2018,87022031,50,36,2017-01,2019-12,317680001,observed,https://ustr.gov/sites/default/files/2018-13248.pdf,https://hts.usitc.gov/download/archive
us_301_list1_2018,87022061,4,4,2017-09,2017-12,2500,observed,https://ustr.gov/sites/default/files/2018-13248.pdf,https://hts.usitc.gov/download/archive
us_301_list1_2018,87023031,18,18,2017-07,2019-12,162000,observed,https://ustr.gov/sites/default/files/2018-13248.pdf,https://hts.usitc.gov/download/archive
us_301_list1_2018,87023061,16,15,2018-02,2019-12,59762,observed,https://ustr.gov/sites/default/files/2018-13248.pdf,https://hts.usitc.gov/download/archive
us_301_list1_2018,87024031,103,35,2017-01,2019-12,120586934,observed,https://ustr.gov/sites/default/files/2018-13248.pdf,https://hts.usitc.gov/download/archive
us_301_list1_2018,87024061,39,35,2017-01,2019-12,3735186,observed,https://ustr.gov/sites/default/files/2018-13248.pdf,https://hts.usitc.gov/download/archive
us_301_list1_2018,87029031,104,36,2017-01,2019-12,321471176,observed,https://ustr.gov/sites/default/files/2018-13248.pdf,https://hts.usitc.gov/download/archive
us_301_list1_2018,87029061,345,36,2017-01,2019-12,212778046,observed,https://ustr.gov/sites/default/files/2018-13248.pdf,https://hts.usitc.gov/download/archive
us_301_list1_2018,87032101,1452,36,2017-01,2019-12,4885848376,observed,https://ustr.gov/sites/default/files/2018-13248.pdf,https://hts.usitc.gov/download/archive
us_301_list1_2018,87032201,870,36,2017-01,2019-12,57076369103,observed,https://ustr.gov/sites/default/files/2018-13248.pdf,https://hts.usitc.gov/download/archive
us_301_list1_2018,87032301,3667,36,2017-01,2019-12,319025745814,observed,https://ustr.gov/sites/default/files/2018-13248.pdf,https://hts.usitc.gov/download/archive
us_301_list1_2018,87032401,2649,36,2017-01,2019-12,127841565582,observed,https://ustr.gov/sites/default/files/2018-13248.pdf,https://hts.usitc.gov/download/archive
us_301_list1_2018,87033101,265,36,2017-01,2019-12,37858386,observed,https://ustr.gov/sites/default/files/2018-13248.pdf,https://hts.usitc.gov/download/archive
us_301_list1_2018,87033201,1193,36,2017-01,2019-12,1006453185,observed,https://ustr.gov/sites/default/files/2018-13248.pdf,https://hts.usitc.gov/download/archive
us_301_list1_2018,87033301,882,36,2017-01,2019-12,2099925753,observed,https://ustr.gov/sites/default/files/2018-13248.pdf,https://hts.usitc.gov/download/archive
us_301_list1_2018,87034000,1195,36,2017-01,2019-12,19670635387,observed,https://ustr.gov/sites/default/files/2018-13248.pdf,https://hts.usitc.gov/download/archive
us_301_list1_2018,87035000,166,35,2017-01,2019-12,1601610,observed,https://ustr.gov/sites/default/files/2018-13248.pdf,https://hts.usitc.gov/download/archive
us_301_list1_2018,87036000,812,36,2017-01,2019-12,7125272275,observed,https://ustr.gov/sites/default/files/2018-13248.pdf,https://hts.usitc.gov/download/archive
us_301_list1_2018,87037000,260,35,2017-01,2019-12,40599958,observed,https://ustr.gov/sites/default/files/2018-13248.pdf,https://hts.usitc.gov/download/archive
us_301_list1_2018,87038000,491,36,2017-01,2019-12,4735326341,observed,https://ustr.gov/sites/default/files/2018-13248.pdf,https://hts.usitc.gov/download/archive
us_301_list1_2018,87039001,588,36,2017-01,2019-12,661468287,observed,https://ustr.gov/sites/default/files/2018-13248.pdf,https://hts.usitc.gov/download/archive
us_301_list1_2018,87041010,443,48,2016-01,2019-12,686024992,observed,https://ustr.gov/sites/default/files/2018-13248.pdf,https://hts.usitc.gov/download/archive
us_301_list1_2018,87041050,1836,48,2016-01,2019-12,3682868926,observed,https://ustr.gov/sites/default/files/2018-13248.pdf,https://hts.usitc.gov/download/archive
us_301_list1_2018,87042100,567,48,2016-01,2019-12,14257003488,observed,https://ustr.gov/sites/default/files/2018-13248.pdf,https://hts.usitc.gov/download/archive
us_301_list1_2018,87042210,880,48,2016-01,2019-12,13990339982,observed,https://ustr.gov/sites/default/files/2018-13248.pdf,https://hts.usitc.gov/download/archive
us_301_list1_2018,87042250,597,48,2016-01,2019-12,3951536531,observed,https://ustr.gov/sites/default/files/2018-13248.pdf,https://hts.usitc.gov/download/archive
us_301_list1_2018,87042300,227,48,2016-01,2019-12,6253905752,observed,https://ustr.gov/sites/default/files/2018-13248.pdf,https://hts.usitc.gov/download/archive
us_301_list1_2018,87043100,991,48,2016-01,2019-12,69056330733,observed,https://ustr.gov/sites/default/files/2018-13248.pdf,https://hts.usitc.gov/download/archive
us_301_list1_2018,87043200,417,48,2016-01,2019-12,923680697,observed,https://ustr.gov/sites/default/files/2018-13248.pdf,https://hts.usitc.gov/download/archive
us_301_list1_2018,87053000,240,48,2016-01,2019-12,21410364,observed,https://ustr.gov/sites/default/files/2018-13248.pdf,https://hts.usitc.gov/download/archive
us_301_list1_2018,87054000,166,48,2016-01,2019-12,133398251,observed,https://ustr.gov/sites/default/files/2018-13248.pdf,https://hts.usitc.gov/download/archive
us_301_list1_2018,87060025,134,40,2016-01,2019-12,21537069,observed,https://ustr.gov/sites/default/files/2018-13248.pdf,https://hts.usitc.gov/download/archive
us_301_list1_2018,87060030,244,48,2016-01,2019-12,115448634,observed,https://ustr.gov/sites/default/files/2018-13248.pdf,https://hts.usitc.gov/download/archive
us_301_list1_2018,87091100,966,48,2016-01,2019-12,149159751,observed,https://ustr.gov/sites/default/files/2018-13248.pdf,https://hts.usitc.gov/download/archive
us_301_list1_2018,87091900,1122,48,2016-01,2019-12,564019333,observed,https://ustr.gov/sites/default/files/2018-13248.pdf,https://hts.usitc.gov/download/archive
us_301_list1_2018,87099000,1995,48,2016-01,2019-12,596683454,observed,https://ustr.gov/sites/default/files/2018-13248.pdf,https://hts.usitc.gov/download/archive
us_301_list1_2018,87115000,953,48,2016-01,2019-12,3256539728,observed,https://ustr.gov/sites/default/files/2018-13248.pdf,https://hts.usitc.gov/download/archive
us_301_list1_2018,88021100,1051,48,2016-01,2019-12,1127590890,observed,https://ustr.gov/sites/default/files/2018-13248.pdf,https://hts.usitc.gov/download/archive
us_301_list1_2018,88021200,378,48,2016-01,2019-12,1370783623,observed,https://ustr.gov/sites/default/files/2018-13248.pdf,https://hts.usitc.gov/download/archive
us_301_list1_2018,88022000,2169,48,2016-01,2019-12,376947110,observed,https://ustr.gov/sites/default/files/2018-13248.pdf,https://hts.usitc.gov/download/archive
us_301_list1_2018,88023000,932,48,2016-01,2019-12,14342485549,observed,https://ustr.gov/sites/default/files/2018-13248.pdf,https://hts.usitc.gov/download/archive
us_301_list1_2018,88024000,535,48,2016-01,2019-12,37433976963,observed,https://ustr.gov/sites/default/files/2018-13248.pdf,https://hts.usitc.gov/download/archive
us_301_list1_2018,88026030,45,37,2016-07,2019-12,734549406,observed,https://ustr.gov/sites/default/files/2018-13248.pdf,https://hts.usitc.gov/download/archive
us_301_list1_2018,88026090,58,45,2016-03,2019-12,12115510,observed,https://ustr.gov/sites/default/files/2018-13248.pdf,https://hts.usitc.gov/download/archive
us_301_list1_2018,88031000,2808,48,2016-01,2019-12,1076538145,observed,https://ustr.gov/sites/default/files/2018-13248.pdf,https://hts.usitc.gov/download/archive
us_301_list1_2018,88032000,3528,48,2016-01,2019-12,6914458650,observed,https://ustr.gov/sites/default/files/2018-13248.pdf,https://hts.usitc.gov/download/archive
us_301_list1_2018,88033000,7614,48,2016-01,2019-12,63863279023,observed,https://ustr.gov/sites/default/files/2018-13248.pdf,https://hts.usitc.gov/download/archive
us_301_list1_2018,88039030,714,48,2016-01,2019-12,113948552,observed,https://ustr.gov/sites/default/files/2018-13248.pdf,https://hts.usitc.gov/download/archive
us_301_list1_2018,88039090,3488,48,2016-01,2019-12,778330020,observed,https://ustr.gov/sites/default/files/2018-13248.pdf,https://hts.usitc.gov/download/archive
us_301_list1_2018,88051000,559,48,2016-01,2019-12,17967801,observed,https://ustr.gov/sites/default/files/2018-13248.pdf,https://hts.usitc.gov/download/archive
us_301_list1_2018,88052100,528,48,2016-01,2019-12,47083159,observed,https://ustr.gov/sites/default/files/2018-13248.pdf,https://hts.usitc.gov/download/archive
us_301_list1_2018,88052900,1313,48,2016-01,2019-12,1099509281,observed,https://ustr.gov/sites/default/files/2018-13248.pdf,https://hts.usitc.gov/download/archive
us_301_list1_2018,89011000,134,38,2016-02,2019-12,9433138,observed,https://ustr.gov/sites/default/files/2018-13248.pdf,https://hts.usitc.gov/download/archive
us_301_list1_2018,89012000,20,10,2016-03,2016-12,50265195,observed,https://ustr.gov/sites/default/files/2018-13248.pdf,https://hts.usitc.gov/download/archive
us_301_list1_2018,89019000,459,48,2016-01,2019-12,186365112,observed,https://ustr.gov/sites/default/files/2018-13248.pdf,https://hts.usitc.gov/download/archive
us_301_list1_2018,89020000,102,44,2016-03,2019-12,9038673,observed,https://ustr.gov/sites/default/files/2018-13248.pdf,https://hts.usitc.gov/download/archive
us_301_list1_2018,89040000,104,38,2016-02,2019-12,13829074,observed,https://ustr.gov/sites/default/files/2018-13248.pdf,https://hts.usitc.gov/download/archive
us_301_list1_2018,89051000,173,46,2016-01,2019-12,104751812,observed,https://ustr.gov/sites/default/files/2018-13248.pdf,https://hts.usitc.gov/download/archive
us_301_list1_2018,89052000,66,36,2016-06,2019-12,651230065,observed,https://ustr.gov/sites/default/files/2018-13248.pdf,https://hts.usitc.gov/download/archive
us_301_list1_2018,89059050,470,48,2016-01,2019-12,22380680,observed,https://ustr.gov/sites/default/files/2018-13248.pdf,https://hts.usitc.gov/download/archive
us_301_list1_2018,89069000,1614,48,2016-01,2019-12,220891788,observed,https://ustr.gov/sites/default/files/2018-13248.pdf,https://hts.usitc.gov/download/archive
us_301_list1_2018,89080000,124,39,2016-02,2019-12,8191006,observed,https://ustr.gov/sites/default/files/2018-13248.pdf,https://hts.usitc.gov/download/archive
us_301_list1_2018,90029020,911,48,2016-01,2019-12,56794016,observed,https://ustr.gov/sites/default/files/2018-13248.pdf,https://hts.usitc.gov/download/archive
us_301_list1_2018,90029040,1209,48,2016-01,2019-12,119461965,observed,https://ustr.gov/sites/default/files/2018-13248.pdf,https://hts.usitc.gov/download/archive
us_301_list1_2018,90029070,120,43,2016-02,2019-12,468628,observed,https://ustr.gov/sites/default/files/2018-13248.pdf,https://hts.usitc.gov/download/archive
us_301_list1_2018,90029095,2115,48,2016-01,2019-12,604250019,observed,https://ustr.gov/sites/default/files/2018-13248.pdf,https://hts.usitc.gov/download/archive
us_301_list1_2018,90111040,526,48,2016-01,2019-12,150548847,observed,https://ustr.gov/sites/default/files/2018-13248.pdf,https://hts.usitc.gov/download/archive
us_301_list1_2018,90111080,866,48,2016-01,2019-12,402740299,observed,https://ustr.gov/sites/default/files/2018-13248.pdf,https://hts.usitc.gov/download/archive
us_301_list1_2018,90112040,641,48,2016-01,2019-12,36606041,observed,https://ustr.gov/sites/default/files/2018-13248.pdf,https://hts.usitc.gov/download/archive
us_301_list1_2018,90119000,1727,48,2016-01,2019-12,550051568,observed,https://ustr.gov/sites/default/files/2018-13248.pdf,https://hts.usitc.gov/download/archive
us_301_list1_2018,90121000,1177,48,2016-01,2019-12,1349579895,observed,https://ustr.gov/sites/default/files/2018-13248.pdf,https://hts.usitc.gov/download/archive
us_301_list1_2018,90129000,1516,48,2016-01,2019-12,249541028,observed,https://ustr.gov/sites/default/files/2018-13248.pdf,https://hts.usitc.gov/download/archive
us_301_list1_2018,90131045,301,42,2016-07,2019-12,9150318,observed,https://ustr.gov/sites/default/files/2018-13248.pdf,https://hts.usitc.gov/download/archive
us_301_list1_2018,90132000,2078,48,2016-01,2019-12,2895368809,observed,https://ustr.gov/sites/default/files/2018-13248.pdf,https://hts.usitc.gov/download/archive
us_301_list1_2018,90138070,1730,48,2016-01,2019-12,4112779901,observed,https://ustr.gov/sites/default/files/2018-13248.pdf,https://hts.usitc.gov/download/archive
us_301_list1_2018,90141070,1239,48,2016-01,2019-12,87559053,observed,https://ustr.gov/sites/default/files/2018-13248.pdf,https://hts.usitc.gov/download/archive
us_301_list1_2018,90142020,860,48,2016-01,2019-12,194674803,observed,https://ustr.gov/sites/default/files/2018-13248.pdf,https://hts.usitc.gov/download/archive
us_301_list1_2018,90142040,1016,48,2016-01,2019-12,181571455,observed,https://ustr.gov/sites/default/files/2018-13248.pdf,https://hts.usitc.gov/download/archive
us_301_list1_2018,90142060,1602,48,2016-01,2019-12,1721986789,observed,https://ustr.gov/sites/default/files/2018-13248.pdf,https://hts.usitc.gov/download/archive
us_301_list1_2018,90142080,3099,48,2016-01,2019-12,1200026730,observed,https://ustr.gov/sites/default/files/2018-13248.pdf,https://hts.usitc.gov/download/archive
us_301_list1_2018,90148010,781,48,2016-01,2019-12,39889890,observed,https://ustr.gov/sites/default/files/2018-13248.pdf,https://hts.usitc.gov/download/archive
us_301_list1_2018,90148020,841,48,2016-01,2019-12,534860973,observed,https://ustr.gov/sites/default/files/2018-13248.pdf,https://hts.usitc.gov/download/archive
us_301_list1_2018,90148040,1330,48,2016-01,2019-12,615283145,observed,https://ustr.gov/sites/default/files/2018-13248.pdf,https://hts.usitc.gov/download/archive
us_301_list1_2018,90148050,1665,48,2016-01,2019-12,153860548,observed,https://ustr.gov/sites/default/files/2018-13248.pdf,https://hts.usitc.gov/download/archive
us_301_list1_2018,90149010,847,48,2016-01,2019-12,41812173,observed,https://ustr.gov/sites/default/files/2018-13248.pdf,https://hts.usitc.gov/download/archive
us_301_list1_2018,90149020,1844,48,2016-01,2019-12,304752456,observed,https://ustr.gov/sites/default/files/2018-13248.pdf,https://hts.usitc.gov/download/archive
us_301_list1_2018,90149040,663,48,2016-01,2019-12,107337991,observed,https://ustr.gov/sites/default/files/2018-13248.pdf,https://hts.usitc.gov/download/archive
us_301_list1_2018,90149060,1786,48,2016-01,2019-12,826422885,observed,https://ustr.gov/sites/default/files/2018-13248.pdf,https://hts.usitc.gov/download/archive
us_301_list1_2018,90151080,1096,48,2016-01,2019-12,59038177,observed,https://ustr.gov/sites/default/files/2018-13248.pdf,https://hts.usitc.gov/download/archive
us_301_list1_2018,90152040,942,48,2016-01,2019-12,384964026,observed,https://ustr.gov/sites/default/files/2018-13248.pdf,https://hts.usitc.gov/download/archive
us_301_list1_2018,90152080,593,48,2016-01,2019-12,13820843,observed,https://ustr.gov/sites/default/files/2018-13248.pdf,https://hts.usitc.gov/download/archive
us_301_list1_2018,90154040,841,48,2016-01,2019-12,176966028,observed,https://ustr.gov/sites/default/files/2018-13248.pdf,https://hts.usitc.gov/download/archive
us_301_list1_2018,90154080,715,48,2016-01,2019-12,50424666,observed,https://ustr.gov/sites/default/files/2018-13248.pdf,https://hts.usitc.gov/download/archive
us_301_list1_2018,90158020,1338,48,2016-01,2019-12,278275882,observed,https://ustr.gov/sites/default/files/2018-13248.pdf,https://hts.usitc.gov/download/archive
us_301_list1_2018,90158060,668,48,2016-01,2019-12,134392510,observed,https://ustr.gov/sites/default/files/2018-13248.pdf,https://hts.usitc.gov/download/archive
us_301_list1_2018,90158080,4779,48,2016-01,2019-12,1802125742,observed,https://ustr.gov/sites/default/files/2018-13248.pdf,https://hts.usitc.gov/download/archive
us_301_list1_2018,90181130,1107,48,2016-01,2019-12,1103067745,observed,https://ustr.gov/sites/default/files/2018-13248.pdf,https://hts.usitc.gov/download/archive
us_301_list1_2018,90181160,708,48,2016-01,2019-12,13146628,observed,https://ustr.gov/sites/default/files/2018-13248.pdf,https://hts.usitc.gov/download/archive
us_301_list1_2018,90181190,1513,48,2016-01,2019-12,531706278,observed,https://ustr.gov/sites/default/files/2018-13248.pdf,https://hts.usitc.gov/download/archive
us_301_list1_2018,90181200,1790,48,2016-01,2019-12,1475631467,observed,https://ustr.gov/sites/default/files/2018-13248.pdf,https://hts.usitc.gov/download/archive
us_301_list1_2018,90181300,863,48,2016-01,2019-12,2501688542,observed,https://ustr.gov/sites/default/files/2018-13248.pdf,https://hts.usitc.gov/download/archive
us_301_list1_2018,90181400,529,48,2016-01,2019-12,125243860,observed,https://ustr.gov/sites/default/files/2018-13248.pdf,https://hts.usitc.gov/download/archive
us_301_list1_2018,90181940,2098,48,2016-01,2019-12,3749341610,observed,https://ustr.gov/sites/default/files/2018-13248.pdf,https://hts.usitc.gov/download/archive
us_301_list1_2018,90181955,1640,48,2016-01,2019-12,2619772974,observed,https://ustr.gov/sites/default/files/2018-13248.pdf,https://hts.usitc.gov/download/archive
us_301_list1_2018,90181975,684,48,2016-01,2019-12,203575675,observed,https://ustr.gov/sites/default/files/2018-13248.pdf,https://hts.usitc.gov/download/archive
us_301_list1_2018,90181995,5983,48,2016-01,2019-12,8126786670,observed,https://ustr.gov/sites/default/files/2018-13248.pdf,https://hts.usitc.gov/download/archive
us_301_list1_2018,90182000,1939,48,2016-01,2019-12,228168631,observed,https://ustr.gov/sites/default/files/2018-13248.pdf,https://hts.usitc.gov/download/archive
us_301_list1_2018,90189020,1873,48,2016-01,2019-12,1325327150,observed,https://ustr.gov/sites/default/files/2018-13248.pdf,https://hts.usitc.gov/download/archive
us_301_list1_2018,90189030,1551,48,2016-01,2019-12,987942522,observed,https://ustr.gov/sites/default/files/2018-13248.pdf,https://hts.usitc.gov/download/archive
us_301_list1_2018,90189060,2125,48,2016-01,2019-12,6089928536,observed,https://ustr.gov/sites/default/files/2018-13248.pdf,https://hts.usitc.gov/download/archive
us_301_list1_2018,90189075,5822,48,2016-01,2019-12,9021242824,observed,https://ustr.gov/sites/default/files/2018-13248.pdf,https://hts.usitc.gov/download/archive
us_301_list1_2018,90215000,767,48,2016-01,2019-12,3038447622,observed,https://ustr.gov/sites/default/files/2018-13248.pdf,https://hts.usitc.gov/download/archive
us_301_list1_2018,90221200,945,48,2016-01,2019-12,2500677222,observed,https://ustr.gov/sites/default/files/2018-13248.pdf,https://hts.usitc.gov/download/archive
us_301_list1_2018,90221300,711,48,2016-01,2019-12,973905487,observed,https://ustr.gov/sites/default/files/2018-13248.pdf,https://hts.usitc.gov/download/archive
us_301_list1_2018,90221400,1155,48,2016-01,2019-12,4948439027,observed,https://ustr.gov/sites/default/files/2018-13248.pdf,https://hts.usitc.gov/download/archive
us_301_list1_2018,90221900,1657,48,2016-01,2019-12,1271782071,observed,https://ustr.gov/sites/default/files/2018-13248.pdf,https://hts.usitc.gov/download/archive
us_301_list1_2018,90222100,879,48,2016-01,2019-12,133594489,observed,https://ustr.gov/sites/default/files/2018-13248.pdf,https://hts.usitc.gov/download/archive
us_301_list1_2018,90222980,868,48,2016-01,2019-12,79226291,observed,https://ustr.gov/sites/default/files/2018-13248.pdf,https://hts.usitc.gov/download/archive
us_301_list1_2018,90223000,1242,48,2016-01,2019-12,1341436098,observed,https://ustr.gov/sites/default/files/2018-13248.pdf,https://hts.usitc.gov/download/archive
us_301_list1_2018,90229005,756,48,2016-01,2019-12,107052576,observed,https://ustr.gov/sites/default/files/2018-13248.pdf,https://hts.usitc.gov/download/archive
us_301_list1_2018,90229015,120,37,2016-04,2019-12,4251063,observed,https://ustr.gov/sites/default/files/2018-13248.pdf,https://hts.usitc.gov/download/archive
us_301_list1_2018,90229025,1413,48,2016-01,2019-12,512653053,observed,https://ustr.gov/sites/default/files/2018-13248.pdf,https://hts.usitc.gov/download/archive
us_301_list1_2018,90229040,940,48,2016-01,2019-12,401587507,observed,https://ustr.gov/sites/default/files/2018-13248.pdf,https://hts.usitc.gov/download/archive
us_301_list1_2018,90229060,2491,48,2016-01,2019-12,3744831812,observed,https://ustr.gov/sites/default/files/2018-13248.pdf,https://hts.usitc.gov/download/archive
us_301_list1_2018,90229095,1942,48,2016-01,2019-12,357271132,observed,https://ustr.gov/sites/default/files/2018-13248.pdf,https://hts.usitc.gov/download/archive
us_301_list1_2018,90241000,1598,48,2016-01,2019-12,195326670,observed,https://ustr.gov/sites/default/files/2018-13248.pdf,https://hts.usitc.gov/download/archive
us_301_list1_2018,90248000,1940,48,2016-01,2019-12,334737870,observed,https://ustr.gov/sites/default/files/2018-13248.pdf,https://hts.usitc.gov/download/archive
us_301_list1_2018,90249000,2883,48,2016-01,2019-12,354446718,observed,https://ustr.gov/sites/default/files/2018-13248.pdf,https://hts.usitc.gov/download/archive
us_301_list1_2018,90261020,4317,48,2016-01,2019-12,2094087956,observed,https://ustr.gov/sites/default/files/2018-13248.pdf,https://hts.usitc.gov/download/archive
us_301_list1_2018,90262040,2835,48,2016-01,2019-12,4622442751,observed,https://ustr.gov/sites/default/files/2018-13248.pdf,https://hts.usitc.gov/download/archive
us_301_list1_2018,90268020,2158,48,2016-01,2019-12,1033656974,observed,https://ustr.gov/sites/default/files/2018-13248.pdf,https://hts.usitc.gov/download/archive
us_301_list1_2018,90269020,2137,48,2016-01,2019-12,1270433753,observed,https://ustr.gov/sites/default/files/2018-13248.pdf,https://hts.usitc.gov/download/archive
us_301_list1_2018,90269040,1571,48,2016-01,2019-12,230942154,observed,https://ustr.gov/sites/default/files/2018-13248.pdf,https://hts.usitc.gov/download/archive
us_301_list1_2018,90269060,2592,48,2016-01,2019-12,786431958,observed,https://ustr.gov/sites/default/files/2018-13248.pdf,https://hts.usitc.gov/download/archive
us_301_list1_2018,90272050,3087,48,2016-01,2019-12,943283793,observed,https://ustr.gov/sites/default/files/2018-13248.pdf,https://hts.usitc.gov/download/archive
us_301_list1_2018,90272080,2194,48,2016-01,2019-12,83845769,observed,https://ustr.gov/sites/default/files/2018-13248.pdf,https://hts.usitc.gov/download/archive
us_301_list1_2018,90273040,3652,48,2016-01,2019-12,1560615932,observed,https://ustr.gov/sites/default/files/2018-13248.pdf,https://hts.usitc.gov/download/archive
us_301_list1_2018,90273080,2669,48,2016-01,2019-12,243708661,observed,https://ustr.gov/sites/default/files/2018-13248.pdf,https://hts.usitc.gov/download/archive
us_301_list1_2018,90275010,1046,48,2016-01,2019-12,31026720,observed,https://ustr.gov/sites/default/files/2018-13248.pdf,https://hts.usitc.gov/download/archive
us_301_list1_2018,90275040,6695,48,2016-01,2019-12,4505894177,observed,https://ustr.gov/sites/default/files/2018-13248.pdf,https://hts.usitc.gov/download/archive
us_301_list1_2018,90275080,4030,48,2016-01,2019-12,506899527,observed,https://ustr.gov/sites/default/files/2018-13248.pdf,https://hts.usitc.gov/download/archive
us_301_list1_2018,90278025,746,48,2016-01,2019-12,296831003,observed,https://ustr.gov/sites/default/files/2018-13248.pdf,https://hts.usitc.gov/download/archive
us_301_list1_2018,90278045,6891,48,2016-01,2019-12,4716710187,observed,https://ustr.gov/sites/default/files/2018-13248.pdf,https://hts.usitc.gov/download/archive
us_301_list1_2018,90278080,6051,48,2016-01,2019-12,1147387236,observed,https://ustr.gov/sites/default/files/2018-13248.pdf,https://hts.usitc.gov/download/archive
us_301_list1_2018,90279045,1534,48,2016-01,2019-12,235106485,observed,https://ustr.gov/sites/default/files/2018-13248.pdf,https://hts.usitc.gov/download/archive
us_301_list1_2018,90279054,3551,48,2016-01,2019-12,733595580,observed,https://ustr.gov/sites/default/files/2018-13248.pdf,https://hts.usitc.gov/download/archive
us_301_list1_2018,90279056,7126,42,2016-07,2019-12,3642842300,observed,https://ustr.gov/sites/default/files/2018-13248.pdf,https://hts.usitc.gov/download/archive
us_301_list1_2018,90279059,3083,42,2016-07,2019-12,1270338846,observed,https://ustr.gov/sites/default/files/2018-13248.pdf,https://hts.usitc.gov/download/archive
us_301_list1_2018,90279064,1550,48,2016-01,2019-12,240788264,observed,https://ustr.gov/sites/default/files/2018-13248.pdf,https://hts.usitc.gov/download/archive
us_301_list1_2018,90279084,1760,48,2016-01,2019-12,300896788,observed,https://ustr.gov/sites/default/files/2018-13248.pdf,https://hts.usitc.gov/download/archive
us_301_list1_2018,90279088,2385,48,2016-01,2019-12,431085232,observed,https://ustr.gov/sites/default/files/2018-13248.pdf,https://hts.usitc.gov/download/archive
us_301_list1_2018,90289000,2447,48,2016-01,2019-12,2005529744,observed,https://ustr.gov/sites/default/files/2018-13248.pdf,https://hts.usitc.gov/download/archive
us_301_list1_2018,90301000,2289,48,2016-01,2019-12,900649039,observed,https://ustr.gov/sites/default/files/2018-13248.pdf,https://hts.usitc.gov/download/archive
us_301_list1_2018,90302005,726,48,2016-01,2019-12,15497731,observed,https://ustr.gov/sites/default/files/2018-13248.pdf,https://hts.usitc.gov/download/archive
us_301_list1_2018,90303334,1647,42,2016-07,2019-12,250921755,observed,https://ustr.gov/sites/default/files/2018-13248.pdf,https://hts.usitc.gov/download/archive
us_301_list1_2018,90303338,2340,42,2016-07,2019-12,955637024,observed,https://ustr.gov/sites/default/files/2018-13248.pdf,https://hts.usitc.gov/download/archive
us_301_list1_2018,90303901,2319,48,2016-01,2019-12,576225373,observed,https://ustr.gov/sites/default/files/2018-13248.pdf,https://hts.usitc.gov/download/archive
us_301_list1_2018,90304000,2777,48,2016-01,2019-12,3571883278,observed,https://ustr.gov/sites/default/files/2018-13248.pdf,https://hts.usitc.gov/download/archive
us_301_list1_2018,90308200,1804,48,2016-01,2019-12,1542066873,observed,https://ustr.gov/sites/default/files/2018-13248.pdf,https://hts.usitc.gov/download/archive
us_301_list1_2018,90309025,1045,48,2016-01,2019-12,65092692,observed,https://ustr.gov/sites/default/files/2018-13248.pdf,https://hts.usitc.gov/download/archive
us_301_list1_2018,90309046,1348,42,2016-07,2019-12,121170076,observed,https://ustr.gov/sites/default/files/2018-13248.pdf,https://hts.usitc.gov/download/archive
us_301_list1_2018,90309066,2002,48,2016-01,2019-12,1008715140,observed,https://ustr.gov/sites/default/files/2018-13248.pdf,https://hts.usitc.gov/download/archive
us_301_list1_2018,90309068,1567,48,2016-01,2019-12,308787216,observed,https://ustr.gov/sites/default/files/2018-13248.pdf,https://hts.usitc.gov/download/archive
us_301_list1_2018,90309084,1682,48,2016-01,2019-12,698202047,observed,https://ustr.gov/sites/default/files/2018-13248.pdf,https://hts.usitc.gov/download/archive
us_301_list1_2018,90309089,7942,42,2016-07,2019-12,1295956880,observed,https://ustr.gov/sites/default/files/2018-13248.pdf,https://hts.usitc.gov/download/archive
us_301_list1_2018,90311000,1456,48,2016-01,2019-12,194030308,observed,https://ustr.gov/sites/default/files/2018-13248.pdf,https://hts.usitc.gov/download/archive
us_301_list1_2018,90312000,1672,48,2016-01,2019-12,493406938,observed,https://ustr.gov/sites/default/files/2018-13248.pdf,https://hts.usitc.gov/download/archive
us_301_list1_2018,90314100,2476,48,2016-01,2019-12,1467130532,observed,https://ustr.gov/sites/default/files/2018-13248.pdf,https://hts.usitc.gov/download/archive
us_301_list1_2018,90314910,644,48,2016-01,2019-12,52358958,observed,https://ustr.gov/sites/default/files/2018-13248.pdf,https://hts.usitc.gov/download/archive
us_301_list1_2018,90314940,1290,48,2016-01,2019-12,248764351,observed,https://ustr.gov/sites/default/files/2018-13248.pdf,https://hts.usitc.gov/download/archive
us_301_list1_2018,90314970,638,48,2016-01,2019-12,65366641,observed,https://ustr.gov/sites/default/files/2018-13248.pdf,https://hts.usitc.gov/download/archive
us_301_list1_2018,90314990,2586,48,2016-01,2019-12,3325561033,observed,https://ustr.gov/sites/default/files/2018-13248.pdf,https://hts.usitc.gov/download/archive
us_301_list1_2018,90318040,1161,48,2016-01,2019-12,446706215,observed,https://ustr.gov/sites/default/files/2018-13248.pdf,https://hts.usitc.gov/download/archive
us_301_list1_2018,90318080,8417,48,2016-01,2019-12,10278108580,observed,https://ustr.gov/sites/default/files/2018-13248.pdf,https://hts.usitc.gov/download/archive
us_301_list1_2018,90319021,672,42,2016-07,2019-12,12595234,observed,https://ustr.gov/sites/default/files/2018-13248.pdf,https://hts.usitc.gov/download/archive
us_301_list1_2018,90319054,1415,48,2016-01,2019-12,456048046,observed,https://ustr.gov/sites/default/files/2018-13248.pdf,https://hts.usitc.gov/download/archive
us_301_list1_2018,90319059,1699,42,2016-07,2019-12,306095076,observed,https://ustr.gov/sites/default/files/2018-13248.pdf,https://hts.usitc.gov/download/archive
us_301_list1_2018,90319070,1212,48,2016-01,2019-12,112492643,observed,https://ustr.gov/sites/default/files/2018-13248.pdf,https://hts.usitc.gov/download/archive
us_301_list1_2018,90319091,4791,42,2016-07,2019-12,2676417293,observed,https://ustr.gov/sites/default/files/2018-13248.pdf,https://hts.usitc.gov/download/archive
us_301_list1_2018,90321000,4840,48,2016-01,2019-12,3814509556,observed,https://ustr.gov/sites/default/files/2018-13248.pdf,https://hts.usitc.gov/download/archive
us_301_list1_2018,90322000,1279,48,2016-01,2019-12,179494731,observed,https://ustr.gov/sites/default/files/2018-13248.pdf,https://hts.usitc.gov/download/archive
us_301_list1_2018,90328100,3329,48,2016-01,2019-12,215438102,observed,https://ustr.gov/sites/default/files/2018-13248.pdf,https://hts.usitc.gov/download/archive
us_301_list1_2018,90328920,1421,48,2016-01,2019-12,127878303,observed,https://ustr.gov/sites/default/files/2018-13248.pdf,https://hts.usitc.gov/download/archive
us_301_list1_2018,90328940,1901,48,2016-01,2019-12,348524183,observed,https://ustr.gov/sites/default/files/2018-13248.pdf,https://hts.usitc.gov/download/archive
us_301_list1_2018,90328960,17294,48,2016-01,2019-12,11640268318,observed,https://ustr.gov/sites/default/files/2018-13248.pdf,https://hts.usitc.gov/download/archive
us_301_list1_2018,90329021,705,42,2016-07,2019-12,26002196,observed,https://ustr.gov/sites/default/files/2018-13248.pdf,https://hts.usitc.gov/download/archive
us_301_list1_2018,90329041,972,42,2016-07,2019-12,40629811,observed,https://ustr.gov/sites/default/files/2018-13248.pdf,https://hts.usitc.gov/download/archive
us_301_list1_2018,90329061,4360,42,2016-07,2019-12,1369025595,observed,https://ustr.gov/sites/default/files/2018-13248.pdf,https://hts.usitc.gov/download/archive
us_301_list1_2018,90330020,769,42,2016-07,2019-12,18726024,observed,https://ustr.gov/sites/default/files/2018-13248.pdf,https://hts.usitc.gov/download/archive
us_301_list1_2018,90330030,524,42,2016-07,2019-12,3204285,observed,https://ustr.gov/sites/default/files/2018-13248.pdf,https://hts.usitc.gov/download/archive
us_301_list1_2018,90330090,1989,42,2016-07,2019-12,400078795,observed,https://ustr.gov/sites/default/files/2018-13248.pdf,https://hts.usitc.gov/download/archive
