hs6_2017,candidate_role,naics3,industry_flag,missing_months,feature_status,selection_window,proposed_list_exposure_review,causal_adopted,mean_china_import_value_usd,total_china_import_value_usd,total_all_origin_import_value_usd,log_mean_monthly_china_import_value,pretrend_slope,monthly_volatility,china_share_of_all_origin_imports
010611,control_candidate,112,,,computed,2016-01_to_2018-02,not_yet_audited,False,3167657.0384615385,82359083,121118535,14.968503083685436,-0.020531841390139575,0.5223069171107814,0.6799874437054576
030369,control_candidate,114,,,computed,2016-01_to_2018-02,not_yet_audited,False,160562.0,4174612,5098326,11.986441667899552,0.046850568065309975,3.287625056996871,0.818820138217917
030471,control_candidate,114,,,computed,2016-01_to_2018-02,not_yet_audited,False,23342101.53846154,606894640,816677746,16.965769263818643,0.014938757359790151,0.3127747221975797,0.743126212233044
030475,control_candidate,114,,,computed,2016-01_to_2018-02,not_yet_audited,False,4302791.884615385,111872589,115683428,15.274774877874817,-0.012956669126459007,0.468440912167621,0.9670580387711194
050210,control_candidate,311,,,computed,2016-01_to_2018-02,not_yet_audited,False,576341.1923076923,14984871,15127574,13.264456847147589,0.03025821489855245,0.8775488806393722,0.9905666962858685
050400,control_candidate,311,,,computed,2016-01_to_2018-02,not_yet_audited,False,12044700.23076923,313162206,448126339,16.30413538930415,0.010509736107578408,0.1992775519029549,0.6988257077207863
050510,control_candidate,339,,,computed,2016-01_to_2018-02,not_yet_audited,False,8889687.076923076,231131864,287419790,16.000402519914243,0.019441740867717005,0.30174369583851063,0.8041612722631243
060210,control_candidate,111,,,computed,2016-01_to_2018-02,not_yet_audited,False,308147.8461538461,8011844,207926898,12.638338211953219,-0.0038821807087003036,0.22735189657553354,0.038532022922787026
060290,control_candidate,111,,,computed,2016-01_to_2018-02,not_yet_audited,False,2075931.2692307692,53974213,759506451,14.545920897124306,0.033538739553921185,0.29635381879750433,0.07106485129775415
060390,control_candidate,339,,,computed,2016-01_to_2018-02,not_yet_audited,False,111232.57692307692,2892047,23757595,11.619387565967761,0.009240557565611285,0.7337430951867867,0.12173147155678005
060420,control_candidate,,ambiguous_naics3_candidates,,computed,2016-01_to_2018-02,not_yet_audited,False,93650.57692307692,2434915,169523190,11.447336546204328,-0.1461854062347447,2.4121206332234744,0.014363315131103891
060490,control_candidate,,ambiguous_naics3_candidates,,computed,2016-01_to_2018-02,not_yet_audited,False,1562629.3461538462,40628363,110141868,14.261881078651772,0.0020456028760539413,0.42466766472314765,0.36887301566376196
090111,control_candidate,111,,,computed,2016-01_to_2018-02,not_yet_audited,False,2089393.6153846155,54324234,10009934859,14.552384924271387,-0.027824355972127096,1.2622947574133785,0.005427031720506824
090112,control_candidate,311,,,computed,2016-01_to_2018-02,not_yet_audited,False,549868.9230769231,14296592,804442209,13.217437025740788,0.31759564604615237,4.326567304437017,0.017772056016021408
090121,control_candidate,311,,,computed,2016-01_to_2018-02,not_yet_audited,False,113706.76923076923,2956376,1855898949,11.641387008369602,0.059610639620518505,2.5490556456737816,0.001592961729728314
090210,control_candidate,311,,,computed,2016-01_to_2018-02,not_yet_audited,False,1602296.7307692308,41659715,169657756,14.286949238761574,0.007559696484901554,0.25123868458015325,0.24555149132115128
090220,control_candidate,311,,,computed,2016-01_to_2018-02,not_yet_audited,False,2457572.6923076925,63896890,140631010,14.714685117250792,-0.0015843143032817225,0.26317868555551727,0.4543584661732857
090230,control_candidate,311,,,computed,2016-01_to_2018-02,not_yet_audited,False,2062606.0,53627756,289937720,14.539481274633195,0.007438904461864763,0.27619814016049615,0.18496301895455342
090240,control_candidate,311,,,computed,2016-01_to_2018-02,not_yet_audited,False,1703704.6923076923,44296322,403819329,14.348316255672438,-0.00879657645293181,0.2370462639279691,0.10969341687950752
090411,control_candidate,311,,,computed,2016-01_to_2018-02,not_yet_audited,False,328504.57692307694,8541119,898840114,12.702309093697481,-0.01680973245622848,0.44500612022365693,0.009502378528691255
090412,control_candidate,311,,,computed,2016-01_to_2018-02,not_yet_audited,False,344137.6923076923,8947580,261183753,12.748800030415266,-0.01686088879869876,0.4708669294050704,0.034257797038393885
090421,control_candidate,311,,,computed,2016-01_to_2018-02,not_yet_audited,False,3963494.423076923,103050855,308970230,15.192636876490653,-0.0025998056780353698,0.2699235683899577,0.33353004592060537
090422,control_candidate,311,,,computed,2016-01_to_2018-02,not_yet_audited,False,2205791.153846154,57350570,322723166,14.606597255791984,-0.005253361412083825,0.1458819198683385,0.1777082528993286
090611,control_candidate,111,,,computed,2016-01_to_2018-02,not_yet_audited,False,32377.76923076923,841822,89019395,10.385258216341501,0.01992979789900725,0.754891516869729,0.009456613359369608
090710,control_candidate,311,,,computed,2016-01_to_2018-02,not_yet_audited,False,23605.23076923077,613736,22878096,10.069265971813076,-0.05195288148188239,2.1056615996247188,0.026826358277367138
090831,control_candidate,311,,,computed,2016-01_to_2018-02,not_yet_audited,False,14475.038461538461,376351,21306528,9.580250041597655,0.022391401763737648,3.120522785929097,0.017663647498081338
090961,control_candidate,311,,,computed,2016-01_to_2018-02,not_yet_audited,False,131020.03846153847,3406521,46085324,11.7831131882317,0.020496084274543275,0.44070046577957606,0.07391769666195686
091011,control_candidate,311,,,computed,2016-01_to_2018-02,not_yet_audited,False,4737252.576923077,123168567,184765440,15.370968111594761,0.016728621843389625,0.24526083972898208,0.6666212415049048
091012,control_candidate,311,,,computed,2016-01_to_2018-02,not_yet_audited,False,284514.03846153844,7397365,20485611,12.55854139041879,0.006979830238239361,0.46872909717772904,0.36110053051383234
091030,control_candidate,311,,,computed,2016-01_to_2018-02,not_yet_audited,False,231611.03846153847,6021887,67941150,12.35281900287041,-0.059731730268820796,0.9453206532636208,0.08863386916471093
091091,control_candidate,311,,,computed,2016-01_to_2018-02,not_yet_audited,False,51328.269230769234,1334535,65095913,10.84601641876431,0.02706311953726132,0.7186776577442486,0.02050105664851801
091099,control_candidate,,ambiguous_naics3_candidates,,computed,2016-01_to_2018-02,not_yet_audited,False,128606.15384615384,3343760,171422172,11.764517717902155,-0.0018767195340406633,0.6703624929529385,0.0195059948254535
130190,control_candidate,113,,,computed,2016-01_to_2018-02,not_yet_audited,False,201092.76923076922,5228412,47925776,12.211526591843498,-0.024105268520737577,4.0545437931210415,0.10909394560455317
130212,control_candidate,113,,,computed,2016-01_to_2018-02,not_yet_audited,False,974715.6538461539,25342607,55511842,13.789902096304454,-0.038519056473956315,1.0032553224749061,0.4565261408547747
130219,control_candidate,,ambiguous_naics3_candidates,,computed,2016-01_to_2018-02,not_yet_audited,False,13712301.038461538,356519827,1304785372,16.43380394688614,0.027741995106276226,0.37983052958955615,0.2732402084287009
130220,control_candidate,311,,,computed,2016-01_to_2018-02,not_yet_audited,False,385669.6153846154,10027410,243726084,12.862738956136228,-0.1127807854479949,2.5816527534385285,0.041142129046803214
130231,control_candidate,325,,,computed,2016-01_to_2018-02,not_yet_audited,False,403117.5,10481055,72330480,12.906985842371173,0.009010086997422775,0.848968644406405,0.14490509395209322
130232,control_candidate,311,,,computed,2016-01_to_2018-02,not_yet_audited,False,320283.8846153846,8327381,708323621,12.676966143148658,-0.03971695323889023,0.6363029550730014,0.011756463787334293
130239,control_candidate,311,,,computed,2016-01_to_2018-02,not_yet_audited,False,435301.23076923075,11317832,174160969,12.98379585219813,0.02708071328379271,0.6466102610480136,0.06498489337183236
140120,control_candidate,113,,,computed,2016-01_to_2018-02,not_yet_audited,False,176809.11538461538,4597037,5519609,12.082831641262926,0.0046168913414315425,0.7832156381703813,0.8328555519059412
150890,control_candidate,311,,,computed,2016-01_to_2018-02,not_yet_audited,False,28090.5,730353,2840343,10.243222318458972,0.043243466747005875,3.774534906657515,0.2571354938470459
151519,control_candidate,311,,,computed,2016-01_to_2018-02,not_yet_audited,False,162703.0,4230278,11325399,11.999687878030919,-0.021413115525906946,0.4825563266277315,0.37352132141216393
151550,control_candidate,311,,,computed,2016-01_to_2018-02,not_yet_audited,False,222960.57692307694,5796975,178217572,12.314754734803392,0.03709838234735229,0.3911021182321855,0.03252751642245468
151590,control_candidate,311,,,computed,2016-01_to_2018-02,not_yet_audited,False,1118193.6538461538,29073035,497463759,13.927226026527798,-0.004261365239699846,0.34149205723100207,0.05844251862375365
151620,control_candidate,311,,,computed,2016-01_to_2018-02,not_yet_audited,False,229424.03846153847,5965025,176180828,12.343331625330388,0.11362692033492529,4.047593150236815,0.03385740132859405
151790,control_candidate,311,,,computed,2016-01_to_2018-02,not_yet_audited,False,62518.96153846154,1625493,348977353,11.043241169347468,0.017530919848346108,1.0386756550055332,0.004657875320637211
151800,control_candidate,311,,,computed,2016-01_to_2018-02,not_yet_audited,False,192240.65384615384,4998257,59233179,12.16650847340161,0.011416319582820267,0.6822034113512704,0.08438272408104248
152190,control_candidate,325,,,computed,2016-01_to_2018-02,not_yet_audited,False,1042437.2692307692,27103369,67869158,13.857073016734738,0.0032665570278898144,0.32423901684305795,0.3993473589284841
170191,control_candidate,311,,,computed,2016-01_to_2018-02,not_yet_audited,False,155783.03846153847,4050359,44316318,11.956225958271554,0.2355798153522472,3.2772462591594906,0.09139655961490302
170230,control_candidate,311,,,computed,2016-01_to_2018-02,not_yet_audited,False,394049.8846153846,10245297,287560949,12.884235328711098,-0.01114777055467115,0.47931459421735084,0.03562826258443041
170260,control_candidate,311,,,computed,2016-01_to_2018-02,not_yet_audited,False,22493.69230769231,584836,196153121,10.021034662928438,-0.01423105653161683,2.7546559737984095,0.00298152788504446
170410,control_candidate,311,,,computed,2016-01_to_2018-02,not_yet_audited,False,953717.4230769231,24796653,239360935,13.76812375285649,0.022254064568972172,0.46008146079506596,0.10359523787789349
180690,control_candidate,311,,,computed,2016-01_to_2018-02,not_yet_audited,False,476453.42307692306,12387789,2193555295,13.074127348135328,0.05743585795602313,0.8330124726160828,0.005647356612453209
190300,control_candidate,311,,,computed,2016-01_to_2018-02,not_yet_audited,False,107370.42307692308,2791631,36999430,11.58404934629325,0.1079300630167493,2.378001116595513,0.07545064883431989
190410,control_candidate,311,,,computed,2016-01_to_2018-02,not_yet_audited,False,251370.8076923077,6535641,668400353,12.434688427610158,0.011754550039375086,0.3367130150543306,0.00977803343559874
190490,control_candidate,311,,,computed,2016-01_to_2018-02,not_yet_audited,False,260750.5,6779513,284734805,12.471323125483098,0.0025367079697967546,0.36653162215388035,0.023809920251934076
190531,control_candidate,311,,,computed,2016-01_to_2018-02,not_yet_audited,False,814204.2692307692,21169311,2526548779,13.609967786696458,0.006423416329412953,0.7474919810971392,0.00837874620745646
190532,control_candidate,311,,,computed,2016-01_to_2018-02,not_yet_audited,False,38561.53846153846,1002600,981420272,10.560036578029118,0.03675391147128153,2.9429104490523534,0.0010215806913758147
190540,control_candidate,311,,,computed,2016-01_to_2018-02,not_yet_audited,False,378531.73076923075,9841825,148849280,12.84405782307263,0.011391285551656725,0.4227496805752596,0.06611939943545578
210111,control_candidate,311,,,computed,2016-01_to_2018-02,not_yet_audited,False,128455.73076923077,3339849,724360615,11.763347401081361,0.012817119954313968,2.4407382363935324,0.004610754547995407
210120,control_candidate,311,,,computed,2016-01_to_2018-02,not_yet_audited,False,3200693.076923077,83218020,374453118,14.978878243289222,0.00886458253215098,0.2611113615050012,0.22223882243117013
210210,control_candidate,311,,,computed,2016-01_to_2018-02,not_yet_audited,False,239150.1923076923,6217905,383219254,12.384851234702088,-0.010808819653868526,0.37512385491096734,0.016225450404952775
210220,control_candidate,311,,,computed,2016-01_to_2018-02,not_yet_audited,False,840042.7692307692,21841112,257018846,13.64120927568912,-0.018833236645511096,0.4235712494320974,0.08497864004883128
210410,control_candidate,311,,,computed,2016-01_to_2018-02,not_yet_audited,False,691193.2307692308,17971024,554797467,13.446176149749116,-0.030242578532495307,0.4948918757026264,0.0323920440682185
210690,control_candidate,,ambiguous_naics3_candidates,,computed,2016-01_to_2018-02,not_yet_audited,False,10296428.884615384,267707151,4928865621,16.147307779971506,0.025941510566805805,0.25562926608214936,0.054314150878734216
220890,control_candidate,312,,,computed,2016-01_to_2018-02,not_yet_audited,False,2068898.0384615385,53791349,2722990538,14.542527158273419,-0.04537885889829182,2.9397116962403214,0.0197545119049547
250410,control_candidate,327,,,computed,2016-01_to_2018-02,not_yet_audited,False,1675192.9615384615,43555017,104080305,14.33143951447065,0.0354220923158311,0.6124756141953199,0.4184751091957311
250490,control_candidate,212,,,computed,2016-01_to_2018-02,not_yet_audited,False,201961.76923076922,5251006,11283723,12.215838648657265,0.01967893072395589,0.6711620451365814,0.46536112238841737
251110,control_candidate,,ambiguous_naics3_candidates,,computed,2016-01_to_2018-02,not_yet_audited,False,9541162.615384616,248070228,408098009,16.071126008248996,-0.011180179089349276,0.3486135822293762,0.607869243488517
251910,control_candidate,212,,,computed,2016-01_to_2018-02,not_yet_audited,False,54154.5,1408017,5169192,10.899614816985041,0.08874516827475991,2.307687644767758,0.27238628396855835
251990,control_candidate,327,,,computed,2016-01_to_2018-02,not_yet_audited,False,6461293.576923077,167993633,405037737,15.681340254586107,0.012607729426744332,1.5811980227123217,0.4147604473703644
252620,control_candidate,327,,,computed,2016-01_to_2018-02,not_yet_audited,False,955443.4615384615,24841530,196509382,13.769931915947982,-0.18588472029316058,4.346483906193833,0.12641396429611693
260600,control_candidate,212,,,computed,2016-01_to_2018-02,not_yet_audited,False,1907061.423076923,49583597,418293634,14.461074617700163,-0.17447446757737436,5.3480973133056695,0.11853777578647061
271220,control_candidate,324,,,computed,2016-01_to_2018-02,not_yet_audited,False,12152017.076923076,315952444,566000993,16.31300581082437,-0.007344794029771013,0.4297072473341933,0.5582188863756994
280530,control_candidate,325,,,computed,2016-01_to_2018-02,not_yet_audited,False,274781.8461538461,7144328,9983921,12.523736414360995,0.04020649227692079,0.7011312841723404,0.7155833865271971
281810,control_candidate,327,,,computed,2016-01_to_2018-02,not_yet_audited,False,3962575.923076923,103026974,273629598,15.19240510974314,0.05451937219214262,0.9939385080036881,0.3765198456345355
281820,control_candidate,331,,,computed,2016-01_to_2018-02,not_yet_audited,False,1650653.576923077,42916993,971286196,14.316682480493567,0.005652991878123238,0.4101659022546154,0.04418573349105849
282580,control_candidate,325,,,computed,2016-01_to_2018-02,not_yet_audited,False,5862254.576923077,152418619,241639085,15.584044998231787,0.02441016048920145,0.29410896555652644,0.6307697241942462
284170,control_candidate,325,,,computed,2016-01_to_2018-02,not_yet_audited,False,1275903.2692307692,33173485,72245363,14.059165715958606,-0.0667511425515705,0.9830265635078188,0.45917805133043627
284180,control_candidate,325,,,computed,2016-01_to_2018-02,not_yet_audited,False,1679530.5384615385,43667794,88383963,14.334025466340778,0.07962360837268577,1.088921719287835,0.49406920121923026
284440,control_candidate,325,,,computed,2016-01_to_2018-02,not_yet_audited,False,216454.03846153847,5627805,1202289945,12.28513813031479,0.10749519741264205,2.4347586111165835,0.004680904987523621
284590,treated_candidate,325,,,computed,2016-01_to_2018-02,not_yet_audited,False,343681.03846153844,8935707,133850812,12.747472202122745,-0.033801569779386254,0.9551586760025446,0.06675870595390934
284610,control_candidate,325,,,computed,2016-01_to_2018-02,not_yet_audited,False,641906.8461538461,16689578,54625416,13.372200030552547,0.06019315807874137,0.7612260462411342,0.30552770527184636
284690,control_candidate,325,,,computed,2016-01_to_2018-02,not_yet_audited,False,4661867.0,121208542,203100315,15.354926784148676,-0.0007713061229488436,0.39789536519232177,0.5967915017758589
284920,control_candidate,327,,,computed,2016-01_to_2018-02,not_yet_audited,False,4181591.4615384615,108721378,212539234,15.246202703609582,0.045450236358877794,0.9965985695012757,0.5115355690046385
290377,control_candidate,325,,,computed,2016-01_to_2018-02,not_yet_audited,False,687170.6153846154,17866436,18400664,13.440339344061947,-0.005238547266661841,4.407207392802347,0.9709669172808112
290543,control_candidate,325,,,computed,2016-01_to_2018-02,not_yet_audited,False,192325.92307692306,5000474,73265841,12.166951927377225,-0.025515581864919843,0.9383274952572419,0.06825109671504351
290544,control_candidate,325,,,computed,2016-01_to_2018-02,not_yet_audited,False,105979.34615384616,2755463,27245431,11.57100894226001,0.024309113071549083,0.5321904309106282,0.10113486551194584
291241,control_candidate,325,,,computed,2016-01_to_2018-02,not_yet_audited,False,2540902.076923077,66063454,94632804,14.748030117900305,0.0002425190804901276,0.2635272110681654,0.6981031017531721
291822,control_candidate,325,,,computed,2016-01_to_2018-02,not_yet_audited,False,219552.6923076923,5708370,31462426,12.299352093464902,-0.022012998090488158,0.6651137154453187,0.18143451493537086
292219,control_candidate,325,,,computed,2016-01_to_2018-02,not_yet_audited,False,1142524.4615384615,29705636,1049301833,13.948751687312642,0.10686078257080558,0.9158681682257181,0.02830990575425784
292241,control_candidate,325,,,computed,2016-01_to_2018-02,not_yet_audited,False,708508.7692307692,18421228,37931498,13.470919126628635,0.010573675435481121,0.4260121381293125,0.48564462178635814
292250,control_candidate,325,,,computed,2016-01_to_2018-02,not_yet_audited,False,5324595.423076923,138439481,706588088,15.487847477594089,0.016166160765858428,0.31157161098645064,0.19592671225445285
293220,control_candidate,325,,,computed,2016-01_to_2018-02,not_yet_audited,False,6817574.192307692,177256929,442915402,15.735014422949117,0.01540343258703625,0.36300852213393114,0.4002049334920171
293339,control_candidate,325,,,computed,2016-01_to_2018-02,not_yet_audited,False,23024516.53846154,598637430,2982794325,16.952070186073364,0.030789975375777597,0.37336554788818166,0.20069685160072176
293349,control_candidate,325,,,computed,2016-01_to_2018-02,not_yet_audited,False,2430109.5384615385,63182848,618409595,14.703447303360957,0.0028297778461125263,0.3835226799989206,0.10216990245760983
293359,control_candidate,325,,,computed,2016-01_to_2018-02,not_yet_audited,False,10511038.653846154,273287005,5562348950,16.1679366584029,0.00474328597073034,0.5743230003598196,0.04913158226076413
293399,control_candidate,325,,,computed,2016-01_to_2018-02,not_yet_audited,False,15238446.615384616,396199612,4889802596,16.539332240526864,0.016196093367562652,0.27402865356605227,0.08102568646106548
293499,control_candidate,325,,,computed,2016-01_to_2018-02,not_yet_audited,False,21051971.346153848,547351255,9510622190,16.862504811857843,0.010241788078536762,0.20179010133866135,0.05755157171268098
293621,control_candidate,325,,,computed,2016-01_to_2018-02,not_yet_audited,False,4915128.384615385,127793338,258782423,15.407828635655454,0.05094463739847444,0.8793201629790091,0.49382541719226425
293622,control_candidate,325,,,computed,2016-01_to_2018-02,not_yet_audited,False,6069437.115384615,157805365,177346460,15.618776591269105,0.03623004928578204,0.35691662799071644,0.8898140115117043
293623,control_candidate,325,,,computed,2016-01_to_2018-02,not_yet_audited,False,1871322.8461538462,48654394,89427996,14.44215667747978,0.017527399964784862,0.4036527640092306,0.5440622196207997
293624,control_candidate,325,,,computed,2016-01_to_2018-02,not_yet_audited,False,8658162.0,225112212,259708366,15.974013133325673,0.04366227942572049,0.6523351813602932,0.8667884499338769
293625,control_candidate,325,,,computed,2016-01_to_2018-02,not_yet_audited,False,3644590.153846154,94759344,107182629,15.108754750836434,0.023488834475243282,0.4611788736537028,0.8840923653776024
293626,control_candidate,325,,,computed,2016-01_to_2018-02,not_yet_audited,False,5925945.576923077,154074585,166009561,15.594850992043469,0.022948528573526323,0.3742957699884341,0.9281066950113795
293627,control_candidate,325,,,computed,2016-01_to_2018-02,not_yet_audited,False,12806578.653846154,332971045,415137209,16.36546963227561,0.04635455627663786,0.4435944834572303,0.802074682252826
293628,control_candidate,325,,,computed,2016-01_to_2018-02,not_yet_audited,False,11233297.346153846,292065731,583867185,16.23439299206392,0.0160457852240584,0.38186123000031824,0.5002263160242513
293629,control_candidate,325,,,computed,2016-01_to_2018-02,not_yet_audited,False,9028521.846153846,234741568,489680861,16.01589932908332,0.02691883966059996,0.2950929571855865,0.4793766444549688
293690,control_candidate,325,,,computed,2016-01_to_2018-02,not_yet_audited,False,3099321.9615384615,80582371,181875383,14.946694246099009,0.07085753607837209,1.0532051621627392,0.4430636497958605
293719,control_candidate,325,,,computed,2016-01_to_2018-02,not_yet_audited,False,786230.9230769231,20442004,501676365,13.575007095415375,-0.011471753183466564,1.4464956809610305,0.04074739299309028
293721,control_candidate,325,,,computed,2016-01_to_2018-02,not_yet_audited,False,796446.1538461539,20707600,54245422,13.587916058166464,0.012236142683159057,0.3912765962910638,0.3817391262989898
293722,control_candidate,325,,,computed,2016-01_to_2018-02,not_yet_audited,False,88015.11538461539,2288393,144479809,11.385275206064836,-0.09854128103706232,4.006960102991459,0.01583884292095098
293723,control_candidate,325,,,computed,2016-01_to_2018-02,not_yet_audited,False,968495.7307692308,25180889,159125323,13.783500386262551,0.0029643824982277583,0.7043333375776673,0.15824564264985028
293729,control_candidate,325,,,computed,2016-01_to_2018-02,not_yet_audited,False,1343575.9615384615,34932975,324146037,14.110845989757593,0.01911860094722966,0.5236418021601577,0.10776924908077774
293790,control_candidate,325,,,computed,2016-01_to_2018-02,not_yet_audited,False,2790623.8076923075,72556219,392199574,14.841776074134948,0.0076302716062237735,0.4381653090421381,0.18499820961049795
293810,control_candidate,325,,,computed,2016-01_to_2018-02,not_yet_audited,False,134450.11538461538,3495703,5669633,11.808955957569,-0.0743881951929819,2.4022337108210605,0.6165660105336624
293890,control_candidate,325,,,computed,2016-01_to_2018-02,not_yet_audited,False,9324430.461538462,242435192,417432801,16.048148552363436,-0.0023086698979539926,0.2598963388964391,0.5807765739041671
293930,control_candidate,325,,,computed,2016-01_to_2018-02,not_yet_audited,False,3353460.1153846155,87189963,151212615,15.025503539221251,-0.013149098650350003,0.2730194593001543,0.5766050868176574
294110,control_candidate,325,,,computed,2016-01_to_2018-02,not_yet_audited,False,2683502.8076923075,69771073,260507971,14.802633889525648,0.07905554203757792,1.4258002345735035,0.26782701785351515
294120,control_candidate,325,,,computed,2016-01_to_2018-02,not_yet_audited,False,791689.8461538461,20583936,36499677,13.581926248826477,-0.14512767525480372,2.9634095824961464,0.5639484426122456
294130,control_candidate,325,,,computed,2016-01_to_2018-02,not_yet_audited,False,3416838.3076923075,88837796,168368440,15.044226502684706,-0.04770489371747766,0.5448967773440603,0.5276392416536021
294140,control_candidate,325,,,computed,2016-01_to_2018-02,not_yet_audited,False,159141.46153846153,4137678,4228632,11.977555064566467,0.07725369572221917,3.415213329315355,0.9784909162112002
294150,control_candidate,325,,,computed,2016-01_to_2018-02,not_yet_audited,False,152833.15384615384,3973662,35991958,11.93710865067326,-0.08736348356008318,3.3187826908139804,0.11040416306331542
294190,control_candidate,325,,,computed,2016-01_to_2018-02,not_yet_audited,False,9126627.76923077,237292322,1071633055,16.02670693676261,0.00486622921510771,0.39752881078194763,0.22143057354646456
300190,control_candidate,325,,,computed,2016-01_to_2018-02,not_yet_audited,False,13669146.5,355397809,845776479,16.430651843917158,0.00035718856215982665,0.3259820587147343,0.42020299431854974
300290,control_candidate,325,,,computed,2016-01_to_2018-02,not_yet_audited,False,511867.0,13308542,6105466741,13.14582205828229,0.04061006151314684,0.48265694260820724,0.0021797747108553123
300420,control_candidate,325,,,computed,2016-01_to_2018-02,not_yet_audited,False,2167083.730769231,56344177,3408919003,14.588893380247507,0.02615745018094816,0.7482299363666043,0.016528458713866368
300450,control_candidate,325,,,computed,2016-01_to_2018-02,not_yet_audited,False,59155.0,1538030,377962391,10.98793330128666,0.09481615499905191,3.0625639223980228,0.004069267304428709
300490,control_candidate,325,,,computed,2016-01_to_2018-02,not_yet_audited,False,16220510.23076923,421733266,67128633755,16.60178712469795,0.3009686825650159,2.7465163186840287,0.006282464611736384
300510,control_candidate,339,,,computed,2016-01_to_2018-02,not_yet_audited,False,10375599.692307692,269765592,1130100921,16.15496752045876,0.001891229094691753,0.10992339828112219,0.23870929311453945
300590,control_candidate,339,,,computed,2016-01_to_2018-02,not_yet_audited,False,22855679.615384616,594247670,1192897695,16.9447102490195,0.00592237979595047,0.10050730693065935,0.4981547642272877
300630,control_candidate,325,,,computed,2016-01_to_2018-02,not_yet_audited,False,19907462.03846154,517594013,1723958107,16.80660524644802,0.008746954757857342,0.24610170808012422,0.30023584151978466
300640,control_candidate,339,,,computed,2016-01_to_2018-02,not_yet_audited,False,330654.8076923077,8597025,843841083,12.70883325741947,0.03916868517626833,0.5873767593150565,0.010187966873378692
300650,control_candidate,339,,,computed,2016-01_to_2018-02,not_yet_audited,False,2004086.5,52106249,68295824,14.510699402908356,0.008880067396351284,0.2285555600059314,0.7629492690504767
300660,control_candidate,325,,,computed,2016-01_to_2018-02,not_yet_audited,False,3701500.0384615385,96239001,2313478836,15.124248981416795,-0.04021229179052985,0.5457450608403938,0.04159925714574378
300670,control_candidate,325,,,computed,2016-01_to_2018-02,not_yet_audited,False,341483.1923076923,8878563,46562330,12.741056667925104,0.020583771874722188,0.32188377363755794,0.19068124382950769
330112,control_candidate,325,,,computed,2016-01_to_2018-02,not_yet_audited,False,17408.46153846154,452620,295852583,9.764769103993396,0.05599074753511388,3.222880084796294,0.001529883550146324
330124,control_candidate,325,,,computed,2016-01_to_2018-02,not_yet_audited,False,21321.846153846152,554368,41065560,9.967534366266962,0.1361591780791336,2.7805648824223788,0.01349958456672696
330125,control_candidate,325,,,computed,2016-01_to_2018-02,not_yet_audited,False,533036.1153846154,13858939,126695013,13.186346335591534,0.02717402763865475,1.3797429171411835,0.10938819667669161
330129,control_candidate,325,,,computed,2016-01_to_2018-02,not_yet_audited,False,6013623.846153846,156354220,1080416768,15.609538260497404,0.021589073126647415,0.24218462881774927,0.14471658033356255
330190,control_candidate,325,,,computed,2016-01_to_2018-02,not_yet_audited,False,338206.46153846156,8793368,291313183,12.731414777706087,0.0006158101948378014,0.569324953544186,0.030185273146392418
330210,control_candidate,325,,,computed,2016-01_to_2018-02,not_yet_audited,False,697648.5769230769,18138863,5269478079,13.455472216888687,0.09690551456026222,1.2243039118063113,0.0034422503952122427
330610,control_candidate,325,,,computed,2016-01_to_2018-02,not_yet_audited,False,262288.53846153844,6819502,436127415,12.47720428119202,0.044485209249540116,0.6414327489846956,0.015636490083981536
330620,control_candidate,325,,,computed,2016-01_to_2018-02,not_yet_audited,False,4992644.923076923,129808768,215989618,15.423476572303036,0.0035348211153490173,0.17336644020673997,0.6009954052513765
340119,control_candidate,325,,,computed,2016-01_to_2018-02,not_yet_audited,False,5241584.807692308,136281205,359235736,15.472134645568257,0.012007061831275588,0.19034613269204603,0.37936427627567654
340600,control_candidate,339,,,computed,2016-01_to_2018-02,not_yet_audited,False,3014578.576923077,78379043,920938437,14.918970934613624,0.01655255300615529,0.24381424863119372,0.08510779857915736
340700,control_candidate,339,,,computed,2016-01_to_2018-02,not_yet_audited,False,11788515.153846154,306501394,533677204,16.282636408261016,-0.005299659018284888,0.4566407809691316,0.5743198167407577
350300,control_candidate,325,,,computed,2016-01_to_2018-02,not_yet_audited,False,1322585.8461538462,34387232,518128167,14.095100108727792,0.025944509126389858,0.4660930949707499,0.06636819650069324
350400,control_candidate,,ambiguous_naics3_candidates,,computed,2016-01_to_2018-02,not_yet_audited,False,4693960.807692308,122042981,569322599,15.361787518950186,0.019227669854317155,0.26875592164757467,0.21436524953403438
350510,control_candidate,311,,,computed,2016-01_to_2018-02,not_yet_audited,False,1769303.4615384615,46001890,334430043,14.386097067738373,-0.01269606194927253,0.7628981173888925,0.13755310254826597
360200,control_candidate,325,,,computed,2016-01_to_2018-02,not_yet_audited,False,1137024.5,29562637,252442857,13.943926199921815,0.02221493323568182,0.4017550964125791,0.11710625268355286
360300,control_candidate,325,,,computed,2016-01_to_2018-02,not_yet_audited,False,72047.15384615384,1873226,529664401,11.185089977867657,-0.003245740088002349,2.4318231921043902,0.003536628092171896
360410,control_candidate,325,,,computed,2016-01_to_2018-02,not_yet_audited,False,23854567.96153846,620218767,648253194,16.9874863276657,-0.02498591137309165,0.8633135740867924,0.9567538929858324
360490,control_candidate,325,,,computed,2016-01_to_2018-02,not_yet_audited,False,814783.3461538461,21184367,51189518,13.61067875126247,0.012199059621812284,0.5315534138214366,0.4138418923967989
360500,control_candidate,325,,,computed,2016-01_to_2018-02,not_yet_audited,False,122337.34615384616,3180771,17769011,11.714545814263511,0.04192266742155315,0.7031911675028553,0.1790066425193839
360690,control_candidate,325,,,computed,2016-01_to_2018-02,not_yet_audited,False,220347.96153846153,5729047,19144921,12.302967757476916,-0.0015386566488155525,0.3516031555192187,0.29924631185472117
382000,control_candidate,325,,,computed,2016-01_to_2018-02,not_yet_audited,False,20656.423076923078,537067,66137131,9.935830004832383,0.09921372121818473,2.7683248494748978,0.008120506467085788
382200,control_candidate,325,,,computed,2016-01_to_2018-02,not_yet_audited,False,12975710.73076923,337368479,6701334543,16.37858983952099,0.006911737379447491,0.1742919040834197,0.0503434766366655
382319,control_candidate,325,,,computed,2016-01_to_2018-02,not_yet_audited,False,1116111.7692307692,29018906,684357941,13.92536246451624,0.030302706075131806,0.8080927101283951,0.0424031113858296
382370,control_candidate,325,,,computed,2016-01_to_2018-02,not_yet_audited,False,66337.34615384616,1724771,588631774,11.102523382341724,-0.014071836265201539,2.2140054424431996,0.0029301357422136035
391310,control_candidate,325,,,computed,2016-01_to_2018-02,not_yet_audited,False,1423940.6153846155,37022456,133830222,14.168939369681365,0.0011656118796043152,0.4014698403198616,0.2766374847678277
392210,control_candidate,326,,,computed,2016-01_to_2018-02,not_yet_audited,False,4561637.730769231,118602581,335121614,15.333192487715081,0.029073852760315287,0.28119936610816204,0.35390907672102584
392220,control_candidate,326,,,computed,2016-01_to_2018-02,not_yet_audited,False,5173724.692307692,134516842,201540621,15.459103623760583,0.014431620410863514,0.1653217991173119,0.6674428278158376
392410,control_candidate,326,,,computed,2016-01_to_2018-02,not_yet_audited,False,172450997.1153846,4483725925,5689284264,18.965623685184156,0.004426564999749354,0.1263053214498721,0.7881001751611545
392490,control_candidate,,ambiguous_naics3_candidates,,computed,2016-01_to_2018-02,not_yet_audited,False,142571671.80769232,3706863467,4966787112,18.775355398298963,0.00538348643590808,0.1282679788931653,0.7463302500008581
392520,control_candidate,326,,,computed,2016-01_to_2018-02,not_yet_audited,False,6045744.038461538,157189345,496571699,15.614865283148118,-0.005616669268574458,0.13660922907982148,0.3165491414765464
392530,control_candidate,,ambiguous_naics3_candidates,,computed,2016-01_to_2018-02,not_yet_audited,False,33153087.192307692,861980267,1486433907,17.31664642839619,-0.0075640343504991955,0.12401665462654485,0.5798981461205325
392610,control_candidate,326,,,computed,2016-01_to_2018-02,not_yet_audited,False,24318809.307692308,632289042,824702256,17.006760695596473,-0.01131216289487815,0.41520705928656243,0.7666876589700998
392630,control_candidate,326,,,computed,2016-01_to_2018-02,not_yet_audited,False,12815270.692307692,333197038,1221079317,16.366148118672047,0.012263852410677036,0.1474223328701972,0.2728709211278861
392640,control_candidate,326,,,computed,2016-01_to_2018-02,not_yet_audited,False,24706204.115384616,642361307,754609876,17.022564989294274,0.0031993474437866736,0.22422832662965855,0.8512495362570632
400912,control_candidate,,ambiguous_naics3_candidates,,computed,2016-01_to_2018-02,not_yet_audited,False,1081398.1538461538,28116352,284867739,13.893766273468254,0.01729863315733292,0.3174572826463175,0.09869967058642608
400942,control_candidate,,ambiguous_naics3_candidates,,computed,2016-01_to_2018-02,not_yet_audited,False,977493.3076923077,25414826,208398259,13.792747747492024,0.01014413653211836,0.22710956063897536,0.12195315892730178
401011,control_candidate,326,,,computed,2016-01_to_2018-02,not_yet_audited,False,107733.30769230769,2801066,34408151,11.587423361093718,0.06904036205442018,1.9894035424855951,0.08140704799859777
401410,control_candidate,326,,,computed,2016-01_to_2018-02,not_yet_audited,False,176958.11538461538,4600911,68724899,12.083673998346873,-0.04460922234188283,0.7306827891839401,0.06694678445435039
401490,control_candidate,326,,,computed,2016-01_to_2018-02,not_yet_audited,False,255272.07692307694,6637074,27014236,12.450089141041438,0.0009407091619440683,0.2497812964669152,0.24568801427513998
401511,control_candidate,339,,,computed,2016-01_to_2018-02,not_yet_audited,False,70257.61538461539,1826698,837503213,11.159938218603363,0.04480365097761328,3.820307931971639,0.0021811235725969686
401692,control_candidate,326,,,computed,2016-01_to_2018-02,not_yet_audited,False,742712.5769230769,19310527,26343078,13.518065753984548,-0.001874218342761934,0.35910374263228223,0.7330398900234817
401695,control_candidate,326,,,computed,2016-01_to_2018-02,not_yet_audited,False,294486.03846153844,7656637,89520811,12.592990269090071,0.009521681259283397,0.4293835286102001,0.08552912908709015
441400,control_candidate,339,,,computed,2016-01_to_2018-02,not_yet_audited,False,17253234.307692308,448584092,617523122,16.663510237924697,0.003100335632829086,0.2349897887538933,0.7264247702128958
442010,control_candidate,321,,,computed,2016-01_to_2018-02,not_yet_audited,False,18391470.807692308,478178241,605290163,16.727397626422746,0.008860669963562431,0.17412597291962345,0.7899983681049844
442110,control_candidate,321,,,computed,2016-01_to_2018-02,not_yet_audited,False,3387924.0,88086024,95974840,15.035728197555102,0.0005186871876295986,0.17121248935383682,0.9178032909458353
481420,control_candidate,322,,,computed,2016-01_to_2018-02,not_yet_audited,False,559866.3846153846,14556526,67445970,13.235455221479848,0.05442943055563174,0.7678626306351136,0.215824992953619
481490,control_candidate,322,,,computed,2016-01_to_2018-02,not_yet_audited,False,398183.76923076925,10352778,55532142,12.894671420836946,0.006185931716634004,0.5324800352685716,0.18642857320360523
481890,control_candidate,322,,,computed,2016-01_to_2018-02,not_yet_audited,False,22066220.923076924,573721744,779021101,16.909558577492678,0.01158557180510364,0.13996839297953084,0.7364649600165324
490110,control_candidate,323,,,computed,2016-01_to_2018-02,not_yet_audited,False,4118374.576923077,107077739,270189064,15.230969366132065,0.01886043471717988,0.23143632747140971,0.3963067098822327
490191,control_candidate,323,,,computed,2016-01_to_2018-02,not_yet_audited,False,60659.61538461538,1577150,7387944,11.01304992600838,-0.19310601345126285,3.0850634392862446,0.21347617144905268
490199,control_candidate,323,,,computed,2016-01_to_2018-02,not_yet_audited,False,65068638.538461536,1691784602,3598745598,17.990953263591027,-0.0006545034866548999,0.20619163820564454,0.47010397260095516
490290,control_candidate,323,,,computed,2016-01_to_2018-02,not_yet_audited,False,203458.92307692306,5289932,239669842,12.223224326272975,0.013390647401745292,0.5098330503298962,0.02207174651535841
490300,control_candidate,323,,,computed,2016-01_to_2018-02,not_yet_audited,False,20297033.46153846,527722870,638376146,16.82598534770197,0.006011268531710088,0.3314510109436848,0.8266644568514313
490510,control_candidate,323,,,computed,2016-01_to_2018-02,not_yet_audited,False,246768.6923076923,6415986,20872076,12.416210760829445,0.031019768166631528,0.7010676466253766,0.3073956802380367
490591,control_candidate,323,,,computed,2016-01_to_2018-02,not_yet_audited,False,153766.92307692306,3997940,8451636,11.943199751732713,0.05032905508794147,4.297017600762858,0.4730374095618884
490599,control_candidate,323,,,computed,2016-01_to_2018-02,not_yet_audited,False,540523.5384615385,14053612,25248413,13.200295314589685,0.023472252805627355,0.44927391220207563,0.5566136770655645
490600,control_candidate,990,,,computed,2016-01_to_2018-02,not_yet_audited,False,22718.076923076922,590670,14717707,10.030960243624033,-0.15488297595404688,3.7271177073889947,0.04013328978488293
490700,control_candidate,323,,,computed,2016-01_to_2018-02,not_yet_audited,False,173474.15384615384,4510328,118735704,12.063789662616493,0.020436437705736048,0.7938052853475297,0.037986282542275575
490810,control_candidate,323,,,computed,2016-01_to_2018-02,not_yet_audited,False,213446.92307692306,5549620,21897236,12.27114816188308,0.006946568102885466,0.36416756148143226,0.2534392925207547
490890,control_candidate,323,,,computed,2016-01_to_2018-02,not_yet_audited,False,1199197.0,31179122,165839552,13.997163557990616,0.006742670047075989,0.27925405728367103,0.18800775583378324
490900,control_candidate,323,,,computed,2016-01_to_2018-02,not_yet_audited,False,33699838.07692308,876195790,950805415,17.333003620145703,0.020032497082714727,0.3298508134606364,0.9215300798428877
491000,control_candidate,323,,,computed,2016-01_to_2018-02,not_yet_audited,False,6952225.461538462,180757862,286225689,15.754572520416728,-0.001225859459437163,0.5649766395014069,0.6315221482443527
491110,control_candidate,323,,,computed,2016-01_to_2018-02,not_yet_audited,False,3007554.0384615385,78196405,725717667,14.91663802706636,-0.007550424829169429,0.2112009715680727,0.1077504497351585
491191,control_candidate,,ambiguous_naics3_candidates,,computed,2016-01_to_2018-02,not_yet_audited,False,22283456.192307692,579369861,1022056897,16.919355131197,0.01154262627445829,0.19615998604405782,0.5668665440256796
491199,control_candidate,323,,,computed,2016-01_to_2018-02,not_yet_audited,False,20656591.46153846,537071378,1343149257,16.843545073954793,0.013770289117662003,0.17315757740222368,0.3998597886280929
540754,control_candidate,313,,,computed,2016-01_to_2018-02,not_yet_audited,False,632847.3076923077,16454030,23951233,13.357986032111477,0.009206344617660183,0.5426760737978995,0.6869804990832831
550410,control_candidate,325,,,computed,2016-01_to_2018-02,not_yet_audited,False,6635547.230769231,172524228,406515304,15.707951849429096,-0.0019173452663419613,0.18743938253211279,0.4243978671956714
551321,control_candidate,313,,,computed,2016-01_to_2018-02,not_yet_audited,False,447978.76923076925,11647448,14141982,13.012503352410437,-0.00377677633803193,0.4528266042564594,0.8236078931510449
580131,control_candidate,313,,,computed,2016-01_to_2018-02,not_yet_audited,False,153753.76923076922,3997598,4236729,11.94311420457479,0.04151899215929738,0.520965216791151,0.9435576360914281
580132,control_candidate,313,,,computed,2016-01_to_2018-02,not_yet_audited,False,126625.57692307692,3292265,3557369,11.748997694962695,-0.04215835071734318,0.46115460345302917,0.9254775087993402
580133,control_candidate,313,,,computed,2016-01_to_2018-02,not_yet_audited,False,706240.4230769231,18362251,23267379,13.467712417053184,-0.008910425261294147,0.27867948226158024,0.7891843339982557
580136,control_candidate,313,,,computed,2016-01_to_2018-02,not_yet_audited,False,6050079.038461538,157302055,214771285,15.61558205941729,0.002292795917985961,0.19542125979177818,0.7324166030854636
600122,control_candidate,313,,,computed,2016-01_to_2018-02,not_yet_audited,False,3505490.6923076925,91142758,118334251,15.06984135172411,0.010579672930438678,0.4751333260067786,0.7702145171815048
600541,control_candidate,313,,,computed,2016-01_to_2018-02,not_yet_audited,False,19552.846153846152,508374,655933,9.880927280275953,0.26490293486395367,3.6873521927967845,0.7750395238538083
600641,control_candidate,313,,,computed,2016-01_to_2018-02,not_yet_audited,False,196565.46153846153,5110702,6407124,12.188755879764548,-0.015348392353383164,0.7913826990836772,0.7976592929994799
610120,control_candidate,315,,,computed,2016-01_to_2018-02,not_yet_audited,False,11509234.923076924,299240108,767562006,16.25866039474799,0.019510748235919886,0.751749411130592,0.3898578950766878
610130,control_candidate,315,,,computed,2016-01_to_2018-02,not_yet_audited,False,11764117.076923076,305867044,940191850,16.28056461574634,0.02310691925575634,0.7320847756476319,0.32532407508105926
610190,control_candidate,315,,,computed,2016-01_to_2018-02,not_yet_audited,False,229186.1923076923,5958841,14405642,12.342294382277487,0.03712635474560886,1.1776580609372471,0.4136463338461417
610210,control_candidate,315,,,computed,2016-01_to_2018-02,not_yet_audited,False,1799142.7692307692,46777712,77679719,14.402821425932299,0.049457042152955134,1.5381746443733944,0.6021869363353387
610220,control_candidate,315,,,computed,2016-01_to_2018-02,not_yet_audited,False,9246547.192307692,240410227,620939773,16.039760871444784,0.014648724416038303,0.6102055485514833,0.3871715703416537
610230,control_candidate,315,,,computed,2016-01_to_2018-02,not_yet_audited,False,16689456.307692308,433925864,982390190,16.630287779093322,0.024104764793119737,0.9264691947818653,0.4417041908775575
610290,control_candidate,315,,,computed,2016-01_to_2018-02,not_yet_audited,False,428239.6153846154,11134230,14831218,12.967440502074952,-0.02600388347795514,0.691220867931745,0.7507293062511791
610310,control_candidate,315,,,computed,2016-01_to_2018-02,not_yet_audited,False,157239.1923076923,4088219,8428308,11.965529802555224,-0.02953539055779738,0.6035671832431789,0.48505809232410585
610331,control_candidate,315,,,computed,2016-01_to_2018-02,not_yet_audited,False,66803.69230769231,1736896,5705715,11.109528601184865,0.08727806166862137,1.8954178487694617,0.3044133820213593
610332,control_candidate,315,,,computed,2016-01_to_2018-02,not_yet_audited,False,570650.0384615385,14836901,22885381,13.254533160767243,0.022391639051384773,0.7240211307141005,0.648313480120781
610333,control_candidate,315,,,computed,2016-01_to_2018-02,not_yet_audited,False,454903.3076923077,11827486,22965496,13.027842363050098,0.01978982680942202,0.6438942574210574,0.5150111279982805
610339,control_candidate,315,,,computed,2016-01_to_2018-02,not_yet_audited,False,101472.61538461539,2638288,6260811,11.527554096722312,0.002115690449792304,1.1027691422661747,0.42139716404152755
610341,control_candidate,315,,,computed,2016-01_to_2018-02,not_yet_audited,False,57502.730769230766,1495071,4331398,10.959605107623778,0.07514038945030117,1.8176097159010802,0.34517054309024475
610342,control_candidate,315,,,computed,2016-01_to_2018-02,not_yet_audited,False,13654972.076923076,355029274,1257423465,16.429614341223633,0.016168977249067733,0.3390865707891948,0.28234662695753016
610343,control_candidate,315,,,computed,2016-01_to_2018-02,not_yet_audited,False,12968220.26923077,337173727,2227152470,16.37801240496266,0.007525011840028969,0.2694467993501888,0.1513922964600623
610349,control_candidate,315,,,computed,2016-01_to_2018-02,not_yet_audited,False,325498.1153846154,8462951,27369031,12.693115022914673,0.013111832661564049,0.6245301218525081,0.3092163182540149
610413,control_candidate,315,,,computed,2016-01_to_2018-02,not_yet_audited,False,153875.92307692306,4000774,5046660,11.943908361065349,0.03542241975794586,0.7552927521130816,0.7927567936021052
610419,control_candidate,315,,,computed,2016-01_to_2018-02,not_yet_audited,False,92362.46153846153,2401424,4497681,11.433486741528155,0.025645785939997345,0.7663054863251848,0.5339249270902049
610431,control_candidate,315,,,computed,2016-01_to_2018-02,not_yet_audited,False,424852.6923076923,11046170,23747995,12.959500135244086,-0.042820357771798004,3.7429348625606442,0.46514116244339787
610432,control_candidate,315,,,computed,2016-01_to_2018-02,not_yet_audited,False,1182390.5,30742153,56489154,13.983049640381628,0.00441908665076288,0.44299538685852746,0.5442133723581698
610433,control_candidate,315,,,computed,2016-01_to_2018-02,not_yet_audited,False,1770949.8076923077,46044695,116629690,14.38702713980794,0.00792707178568363,0.46169046835936006,0.394793941405486
610439,control_candidate,315,,,computed,2016-01_to_2018-02,not_yet_audited,False,883292.9615384615,22965617,51808342,13.69141333645769,0.01571983945170902,0.7133865122108279,0.44328029258299756
610441,control_candidate,315,,,computed,2016-01_to_2018-02,not_yet_audited,False,1112631.423076923,28928417,64254845,13.922239317918045,0.02900329277360587,1.4188059304403113,0.4502137854351684
610442,control_candidate,315,,,computed,2016-01_to_2018-02,not_yet_audited,False,14300909.807692308,371823655,1023432245,16.47583378604745,-0.00743597300050295,0.1921083454191704,0.36331047494013635
610443,control_candidate,315,,,computed,2016-01_to_2018-02,not_yet_audited,False,45165817.307692304,1174311250,2667989128,17.625851126584,-0.0033547886298611177,0.22113262567019457,0.440148439015678
610444,control_candidate,315,,,computed,2016-01_to_2018-02,not_yet_audited,False,17240701.5,448258239,1073383751,16.662783570629493,-0.011622839812055249,0.21771392868150102,0.417612283195444
610449,control_candidate,315,,,computed,2016-01_to_2018-02,not_yet_audited,False,1100961.0384615385,28624987,59870924,13.911694935965564,-0.0151787997375051,0.39439854591793505,0.4781116623488223
610451,control_candidate,315,,,computed,2016-01_to_2018-02,not_yet_audited,False,184013.65384615384,4784355,12094734,12.122770673888215,0.00696052580296378,1.4473434637814309,0.3955733958266465
610452,control_candidate,315,,,computed,2016-01_to_2018-02,not_yet_audited,False,1655553.8076923077,43044399,159712624,14.319646741849887,-0.032034745702113926,0.4398303409490252,0.26951156346914695
610453,control_candidate,315,,,computed,2016-01_to_2018-02,not_yet_audited,False,5450274.153846154,141707128,420938544,15.511176652309253,-0.013541183226042856,0.27401951758551907,0.33664564583090306
610459,control_candidate,315,,,computed,2016-01_to_2018-02,not_yet_audited,False,2972786.1923076925,77292441,194393808,14.905010519299754,-0.028948009946183784,0.38985776582363585,0.3976075256471132
610461,control_candidate,315,,,computed,2016-01_to_2018-02,not_yet_audited,False,329832.26923076925,8575639,15637703,12.70634256100828,0.08752374785097032,1.4989760247139041,0.5483950552072769
610462,control_candidate,315,,,computed,2016-01_to_2018-02,not_yet_audited,False,25995183.384615384,675874768,3086717855,17.07342186285483,0.008407017702853903,0.3004800347876827,0.2189622763561589
610463,control_candidate,315,,,computed,2016-01_to_2018-02,not_yet_audited,False,24119540.115384616,627108043,3311863555,16.998532904575306,0.017735243832047436,0.35709540579435595,0.18935201664731627
610469,control_candidate,315,,,computed,2016-01_to_2018-02,not_yet_audited,False,6508957.192307692,169232887,494582686,15.6886899694747,0.013152257712472646,0.5657575294310554,0.34217309216521985
610510,control_candidate,315,,,computed,2016-01_to_2018-02,not_yet_audited,False,11720770.538461538,304740034,2413045915,16.276873170873134,-0.009714791201747165,0.18488833405652944,0.12628853521007286
610520,control_candidate,315,,,computed,2016-01_to_2018-02,not_yet_audited,False,8573827.615384616,222919518,1884534059,15.964224937065147,0.002475765815826183,0.1674894648300709,0.11828893032492548
610590,control_candidate,315,,,computed,2016-01_to_2018-02,not_yet_audited,False,351350.8846153846,9135123,22027215,12.769543520531913,-0.018539510445990982,0.3648144997189529,0.4147198363478996
610610,control_candidate,315,,,computed,2016-01_to_2018-02,not_yet_audited,False,4337578.038461538,112777029,645354667,15.282826925194929,-0.0017294416852143538,0.2564765289594115,0.17475201585549238
610620,control_candidate,315,,,computed,2016-01_to_2018-02,not_yet_audited,False,8998983.346153846,233973567,1049751834,16.012622278505056,0.010184539085933749,0.2504819023246697,0.22288464703934968
610690,control_candidate,315,,,computed,2016-01_to_2018-02,not_yet_audited,False,795169.0769230769,20674396,46531400,13.586311303992591,-0.011053323803220041,0.3447179397874461,0.44431063754797834
610711,control_candidate,315,,,computed,2016-01_to_2018-02,not_yet_audited,False,4230642.769230769,109996712,1821491487,15.257864730750049,0.012666349749845804,0.31506478065279725,0.060388265761903065
610712,control_candidate,315,,,computed,2016-01_to_2018-02,not_yet_audited,False,8053609.653846154,209393851,793846974,15.901631077264032,0.024439971049237705,0.36857199203410707,0.2637710514218071
610719,control_candidate,315,,,computed,2016-01_to_2018-02,not_yet_audited,False,275775.1153846154,7170153,13407913,12.527344639375194,0.03266443182925791,0.5900850469501578,0.534770250970453
610721,control_candidate,315,,,computed,2016-01_to_2018-02,not_yet_audited,False,4604754.423076923,119723615,259156129,15.342600115094305,0.014199438606719097,0.43525220911963913,0.4619748545480088
610722,control_candidate,315,,,computed,2016-01_to_2018-02,not_yet_audited,False,8437879.923076924,219384878,305070216,15.948241759582599,0.025927574448603205,0.884785654663762,0.7191291266532555
610791,control_candidate,315,,,computed,2016-01_to_2018-02,not_yet_audited,False,2661997.153846154,69211926,145822187,14.794587584415599,0.0002546812516126952,0.44562437519981546,0.4746323410990949
610799,control_candidate,315,,,computed,2016-01_to_2018-02,not_yet_audited,False,7408130.153846154,192611384,230457132,15.818088759504315,0.03577300751078727,1.0958304273926154,0.8357796624840407
610811,control_candidate,315,,,computed,2016-01_to_2018-02,not_yet_audited,False,724172.7692307692,18828492,48883817,13.492786655319083,0.008746570724809938,0.3820689228320707,0.3851682040295667
610819,control_candidate,315,,,computed,2016-01_to_2018-02,not_yet_audited,False,52565.57692307692,1366705,3041802,10.869835777047768,0.009766511316836687,0.5623832841450783,0.4493076801185613
610821,control_candidate,315,,,computed,2016-01_to_2018-02,not_yet_audited,False,6610203.961538462,171865303,1466139442,15.704125219144181,-0.007370910081887921,0.29740566291754394,0.11722302673035925
610822,control_candidate,315,,,computed,2016-01_to_2018-02,not_yet_audited,False,34512387.115384616,897322065,1850333500,17.356828893357548,0.007566199846493953,0.16709421524384335,0.48495153171036465
610829,control_candidate,315,,,computed,2016-01_to_2018-02,not_yet_audited,False,52004.692307692305,1352122,2116820,10.85910845902806,0.01986092589934312,0.7043848545934789,0.6387515235116826
610831,control_candidate,315,,,computed,2016-01_to_2018-02,not_yet_audited,False,13782711.807692308,358350507,811217236,16.438925669754294,-0.004094744520701107,0.2897556652832123,0.44174419760479544
610832,control_candidate,315,,,computed,2016-01_to_2018-02,not_yet_audited,False,30950429.53846154,804711168,1230348015,17.247897467772326,0.013821048723361515,0.44132688090647215,0.6540516652111639
610839,control_candidate,315,,,computed,2016-01_to_2018-02,not_yet_audited,False,156602.1923076923,4071657,4753895,11.961470447437659,0.05819360401698399,1.1701727612951882,0.8564886266945315
610891,control_candidate,315,,,computed,2016-01_to_2018-02,not_yet_audited,False,8003769.538461538,208098008,427188141,15.895423305916687,0.0007634042717601344,0.279592929257906,0.48713432801028994
610892,control_candidate,315,,,computed,2016-01_to_2018-02,not_yet_audited,False,23960979.692307692,622985472,953239797,16.99193726077071,0.023851212891248537,0.5458167655636353,0.6535453869641575
610899,control_candidate,315,,,computed,2016-01_to_2018-02,not_yet_audited,False,398582.96153846156,10363157,15562611,12.895673448968015,0.04457768847995844,0.984792320343553,0.6659009211243537
610910,control_candidate,315,,,computed,2016-01_to_2018-02,not_yet_audited,False,28957296.076923076,752889698,8350416386,17.181332788146822,-0.0049963124301076745,0.1946317255225399,0.09016193483025195
610990,control_candidate,315,,,computed,2016-01_to_2018-02,not_yet_audited,False,24008518.307692308,624221476,4061556487,16.993919296478712,-0.004436121072236485,0.20344492358186794,0.15369021162157237
611011,control_candidate,315,,,computed,2016-01_to_2018-02,not_yet_audited,False,22016954.615384616,572440820,788130017,16.90732342426852,0.021495016466769434,1.0937918870421488,0.7263278997784955
611012,control_candidate,315,,,computed,2016-01_to_2018-02,not_yet_audited,False,22409290.269230768,582641547,726019286,16.92498621962912,0.02295759357117484,1.1720068327042308,0.802515247508177
611019,control_candidate,315,,,computed,2016-01_to_2018-02,not_yet_audited,False,1073813.5384615385,27919152,60764521,13.886727856142816,0.03647277236335614,1.446150409090924,0.4594646932212302
611020,control_candidate,315,,,computed,2016-01_to_2018-02,not_yet_audited,False,185795401.57692307,4830680441,14713436193,19.040156640103124,0.01023309069648728,0.47175210954504676,0.3283176259872064
611030,control_candidate,315,,,computed,2016-01_to_2018-02,not_yet_audited,False,134985883.53846154,3509632972,12677605364,18.720680771961675,0.0107015669811748,0.49394459985546524,0.27683721580150616
611090,control_candidate,315,,,computed,2016-01_to_2018-02,not_yet_audited,False,17947390.730769232,466632159,634415206,16.70295535486237,-0.011584576666597398,0.3672990433783022,0.7355311704177532
611120,control_candidate,315,,,computed,2016-01_to_2018-02,not_yet_audited,False,60444780.23076923,1571564286,3387893752,17.917240799301055,0.008428225256438854,0.24884045329870128,0.46387649703366496
611130,control_candidate,315,,,computed,2016-01_to_2018-02,not_yet_audited,False,13259841.192307692,344755871,553298644,16.40025064161857,0.009629483510640396,0.6422365561787153,0.6230918415191344
611190,control_candidate,315,,,computed,2016-01_to_2018-02,not_yet_audited,False,558647.5384615385,14524836,21981070,13.233275821775049,0.02020290764943512,0.7849275570798785,0.6607883965612229
611211,control_candidate,315,,,computed,2016-01_to_2018-02,not_yet_audited,False,341153.3461538461,8869987,17202835,12.740090281877636,0.011296203510601625,0.652120959031697,0.5156119325680912
611212,control_candidate,315,,,computed,2016-01_to_2018-02,not_yet_audited,False,640941.8846153846,16664489,32468202,13.370695628368706,0.027290679460026675,0.8445524185532083,0.5132556770467303
611219,control_candidate,315,,,computed,2016-01_to_2018-02,not_yet_audited,False,16352.692307692309,425170,1250248,9.702208980046475,-0.022773804862233633,3.2449010383914616,0.34006853040356794
611220,control_candidate,315,,,computed,2016-01_to_2018-02,not_yet_audited,False,17080.884615384617,444103,2578203,9.74577380173469,0.20131364881320526,2.8294292707944875,0.17225292189947805
611231,control_candidate,315,,,computed,2016-01_to_2018-02,not_yet_audited,False,665809.3461538461,17311043,31648135,13.408760143434357,-0.006108206242783261,0.42544582802145764,0.5469846169450427
611239,control_candidate,315,,,computed,2016-01_to_2018-02,not_yet_audited,False,9307.846153846154,242004,812502,9.138720426376224,0.08689897726890267,3.416104221771559,0.297850343753
611241,control_candidate,315,,,computed,2016-01_to_2018-02,not_yet_audited,False,38340374.26923077,996849731,1977300963,17.46201408346373,-0.00047712922561382766,0.8088450975117806,0.5041466876582915
611249,control_candidate,315,,,computed,2016-01_to_2018-02,not_yet_audited,False,150666.1923076923,3917321,7237761,11.922828658908042,-0.06150549086308288,0.9539610038095981,0.5412338152641404
611300,control_candidate,315,,,computed,2016-01_to_2018-02,not_yet_audited,False,6832814.961538462,177653189,396136716,15.737247439628566,-0.003634384649045281,0.5350423206646489,0.4484643352271341
611420,control_candidate,315,,,computed,2016-01_to_2018-02,not_yet_audited,False,9956886.76923077,258879056,817257066,16.113775107762134,0.01492856190455529,0.23326501062402064,0.31676576045657584
611430,control_candidate,315,,,computed,2016-01_to_2018-02,not_yet_audited,False,33918686.42307692,881885847,1883790141,17.339476671885627,0.006010922883291993,0.19611093316514813,0.4681444221445259
611490,control_candidate,315,,,computed,2016-01_to_2018-02,not_yet_audited,False,711966.7307692308,18511135,29778254,13.475787867413715,0.05424712797520572,0.5714021300644143,0.6216326518002029
611510,control_candidate,339,,,computed,2016-01_to_2018-02,not_yet_audited,False,741922.4615384615,19289984,117377971,13.517001365263614,0.05348268216259338,0.5839585465843973,0.16434075180938337
611521,control_candidate,315,,,computed,2016-01_to_2018-02,not_yet_audited,False,4294144.730769231,111647763,276503001,15.272763195077212,0.01697255819456231,0.6365040689390465,0.4037849954474816
611522,control_candidate,315,,,computed,2016-01_to_2018-02,not_yet_audited,False,3663088.346153846,95240297,113302244,15.113817432987874,-0.014600043932134859,0.6592673066710442,0.8405861493793538
611529,control_candidate,315,,,computed,2016-01_to_2018-02,not_yet_audited,False,1363743.3461538462,35457327,46153612,14.125744670312463,0.02373855652946398,0.9289003565098941,0.7682459825679515
611530,control_candidate,315,,,computed,2016-01_to_2018-02,not_yet_audited,False,784527.7307692308,20397721,42767760,13.572838473517416,-0.002513173420888621,0.5440577510735259,0.4769415325937108
611594,control_candidate,315,,,computed,2016-01_to_2018-02,not_yet_audited,False,1236991.8846153845,32161789,51999009,14.028193899228238,0.021964723844046338,1.5588878850766792,0.6185077296376936
611595,control_candidate,315,,,computed,2016-01_to_2018-02,not_yet_audited,False,16155618.0,420046068,1431833393,16.597778472817424,0.0035021393990108955,0.24342095014839707,0.2933623912206104
611596,control_candidate,315,,,computed,2016-01_to_2018-02,not_yet_audited,False,74809782.84615384,1945054354,2529735914,18.130459234473392,0.008828679786825638,0.30333431777350767,0.7688764440729682
611599,control_candidate,315,,,computed,2016-01_to_2018-02,not_yet_audited,False,1784657.6538461538,46401099,63836170,14.394737724570735,0.004467769571501207,0.3672535142223177,0.7268778656363626
611610,control_candidate,,ambiguous_naics3_candidates,,computed,2016-01_to_2018-02,not_yet_audited,False,23281462.384615384,605318022,1250726358,16.963168039015784,0.010270921633903436,0.19315338809846513,0.48397318736285877
611691,control_candidate,315,,,computed,2016-01_to_2018-02,not_yet_audited,False,591387.4615384615,15376074,24363621,13.290228375791619,0.022497508647309254,1.6761299893338226,0.6311079129001391
611692,control_candidate,,ambiguous_naics3_candidates,,computed,2016-01_to_2018-02,not_yet_audited,False,1983797.8461538462,51578744,101101355,14.500524173659546,-0.002718597642927862,0.28584170146031246,0.510168671824428
611693,control_candidate,,ambiguous_naics3_candidates,,computed,2016-01_to_2018-02,not_yet_audited,False,11738474.576923076,305200339,456023107,16.27838251528947,0.011087526688582521,0.9806370623499467,0.6692650752015511
611699,control_candidate,,ambiguous_naics3_candidates,,computed,2016-01_to_2018-02,not_yet_audited,False,607549.4230769231,15796285,25450160,13.31719045170212,0.010948572564826977,0.4629392701284573,0.6206752727684227
611710,control_candidate,315,,,computed,2016-01_to_2018-02,not_yet_audited,False,10673522.461538462,277511584,344124836,16.18327679009194,0.018883344190455273,1.1470265248273241,0.8064270722965198
611780,control_candidate,315,,,computed,2016-01_to_2018-02,not_yet_audited,False,9876727.346153846,256794911,382851723,16.105691875832154,0.005995761924123683,0.30105005517452976,0.6707424717532223
611790,control_candidate,315,,,computed,2016-01_to_2018-02,not_yet_audited,False,169683.65384615384,4411775,15644524,12.041697016055714,0.01493256144559519,0.5736865444031192,0.2820012293119305
620111,control_candidate,315,,,computed,2016-01_to_2018-02,not_yet_audited,False,3329149.923076923,86557898,193712548,15.018227851389218,0.02055643089110684,1.9431857193602604,0.44683681513497
620112,control_candidate,315,,,computed,2016-01_to_2018-02,not_yet_audited,False,1156549.0384615385,30070275,77029512,13.960952026869851,0.027848665839111,0.7394242693873773,0.390373432457939
620113,control_candidate,315,,,computed,2016-01_to_2018-02,not_yet_audited,False,2090155.5,54344043,114290462,14.552749501520372,0.027538600716270546,0.9557661656632979,0.4754906231807865
620119,control_candidate,315,,,computed,2016-01_to_2018-02,not_yet_audited,False,129784.34615384616,3374393,7961140,11.773637181299945,0.017746728258399028,0.9374746689040956,0.42385801530936523
620191,control_candidate,315,,,computed,2016-01_to_2018-02,not_yet_audited,False,836983.6538461539,21761575,88893541,13.637561014591647,-0.007505387834346892,1.230350242550907,0.24480490657920803
620192,control_candidate,315,,,computed,2016-01_to_2018-02,not_yet_audited,False,11221091.0,291748366,639807117,16.233305779526145,0.030511644998719865,0.7833001108751868,0.4559942492793496
620193,control_candidate,315,,,computed,2016-01_to_2018-02,not_yet_audited,False,53978391.038461536,1403438167,2640506068,17.8040943770123,0.025565918315777987,0.7268733482704566,0.531503481097094
620199,control_candidate,315,,,computed,2016-01_to_2018-02,not_yet_audited,False,211371.65384615384,5495663,14371693,12.261377986653315,-0.0026688070497013993,0.5358614041021982,0.38239496209667156
620211,control_candidate,315,,,computed,2016-01_to_2018-02,not_yet_audited,False,4738009.038461538,123188235,372826688,15.371127782411484,0.03530526839887016,1.5305322244920518,0.3304168906492016
620212,control_candidate,315,,,computed,2016-01_to_2018-02,not_yet_audited,False,3100707.0,80618382,216639916,14.947141030475786,0.013153252270569411,0.6964327298516564,0.37213078498424085
620213,control_candidate,315,,,computed,2016-01_to_2018-02,not_yet_audited,False,14008012.423076924,364208323,590810352,16.455140111191007,0.026015528893814668,1.0972234579722788,0.6164555542520351
620219,control_candidate,315,,,computed,2016-01_to_2018-02,not_yet_audited,False,255475.34615384616,6642359,24353412,12.450885105686005,0.007325576946699607,0.5253447448939144,0.27274859884109875
620291,control_candidate,315,,,computed,2016-01_to_2018-02,not_yet_audited,False,678567.6153846154,17642758,45672044,13.427740881197929,0.026546223731019582,1.5250535473091797,0.386292279802498
620292,control_candidate,315,,,computed,2016-01_to_2018-02,not_yet_audited,False,15371835.923076924,399667734,668140244,16.548047621911465,0.009246521056108127,0.42339841370012965,0.5981794055800057
620293,control_candidate,315,,,computed,2016-01_to_2018-02,not_yet_audited,False,51274579.23076923,1333139060,2371250539,17.752705675263545,0.021329561202942614,0.9019314327313256,0.5622092807461034
620299,control_candidate,315,,,computed,2016-01_to_2018-02,not_yet_audited,False,871659.6153846154,22663150,36461681,13.678155424591571,-0.0011885274311302014,0.5135641286174428,0.6215607557972985
620311,control_candidate,315,,,computed,2016-01_to_2018-02,not_yet_audited,False,5219819.0,135715294,799022639,15.467973476505657,-0.0018119666887320756,0.2365887934414925,0.16985162544311838
620312,control_candidate,315,,,computed,2016-01_to_2018-02,not_yet_audited,False,3120523.0,81133598,129658642,14.953511494401807,1.0425073604837632e-05,0.29204057165615654,0.6257477075843506
620319,control_candidate,315,,,computed,2016-01_to_2018-02,not_yet_audited,False,1269930.5,33018193,57868892,14.054473519972248,0.01694415518764431,0.5441315077771393,0.5705689509313571
620322,control_candidate,315,,,computed,2016-01_to_2018-02,not_yet_audited,False,304268.8846153846,7910991,26227251,12.625670364886329,-0.015593737453293285,0.38267718114570215,0.3016324890473653
620331,control_candidate,315,,,computed,2016-01_to_2018-02,not_yet_audited,False,4884709.307692308,127002442,823270938,15.40162053928343,-0.013716492452940302,0.3576128686866045,0.15426566897713084
620332,control_candidate,315,,,computed,2016-01_to_2018-02,not_yet_audited,False,3412603.5384615385,88727692,193768455,15.042986351987544,-0.00217310368081301,0.39109766964957343,0.4579057618021468
620333,control_candidate,315,,,computed,2016-01_to_2018-02,not_yet_audited,False,2857530.1923076925,74295785,342865658,14.865468590534723,0.004636239707402744,0.3437505829429636,0.2166906578902691
620339,control_candidate,315,,,computed,2016-01_to_2018-02,not_yet_audited,False,1360694.7307692308,35378063,151176641,14.12350669364866,-0.008734759018335718,0.7632503938330474,0.23401805177031285
620341,control_candidate,315,,,computed,2016-01_to_2018-02,not_yet_audited,False,2434158.230769231,63288114,499821003,14.705111969769161,-0.004987105094241553,0.24432852699424942,0.126621557757948
620342,control_candidate,315,,,computed,2016-01_to_2018-02,not_yet_audited,False,74495886.5,1936893049,11398348006,18.126254480483855,-0.006165582534073118,0.17036630197887673,0.169927523530641
620343,control_candidate,315,,,computed,2016-01_to_2018-02,not_yet_audited,False,23763481.307692308,617850514,3012534394,16.983660603491153,-0.0027277487488685304,0.2634519414997308,0.20509326473767722
620349,control_candidate,315,,,computed,2016-01_to_2018-02,not_yet_audited,False,2836342.5384615385,73744906,179232781,14.858026294157419,-0.023002382750912282,0.6011916141924574,0.41144764695694813
620412,control_candidate,315,,,computed,2016-01_to_2018-02,not_yet_audited,False,42825.846153846156,1113472,3236180,10.664920431518162,0.17373849711577263,3.0578041540402556,0.34406986014374974
620413,control_candidate,315,,,computed,2016-01_to_2018-02,not_yet_audited,False,425684.8846153846,11067807,31720647,12.961456993210088,-0.008136520927756385,0.40512819492394403,0.34891491967361193
620419,control_candidate,315,,,computed,2016-01_to_2018-02,not_yet_audited,False,86260.34615384616,2242769,5661137,11.365136875851526,0.017904816782557315,0.9417502800419855,0.39616935608518217
620422,control_candidate,315,,,computed,2016-01_to_2018-02,not_yet_audited,False,467093.92307692306,12144442,20415213,13.054287777402921,0.024134724686856752,0.4445425881394442,0.5948721671431986
620431,control_candidate,315,,,computed,2016-01_to_2018-02,not_yet_audited,False,1168374.8076923077,30377745,157154000,13.971125143780084,-0.0019199514184409672,0.8980812428184878,0.19329921605558878
620432,control_candidate,315,,,computed,2016-01_to_2018-02,not_yet_audited,False,2868385.846153846,74578032,211802717,14.869260355201854,1.8069038742430524e-05,0.4053422662913572,0.3521108371806203
620433,control_candidate,315,,,computed,2016-01_to_2018-02,not_yet_audited,False,4729900.038461538,122977401,458122442,15.36941483814809,-0.003770592198061668,0.3900781937172506,0.2684378448327576
620439,control_candidate,315,,,computed,2016-01_to_2018-02,not_yet_audited,False,1825778.3076923077,47470236,138856405,14.41751747176612,-0.00810904606929041,0.4127700839181366,0.34186565610711295
620441,control_candidate,315,,,computed,2016-01_to_2018-02,not_yet_audited,False,576336.9230769231,14984760,93414766,13.264449439661831,-0.029923189566209586,0.806833099560038,0.16041104251120214
620442,control_candidate,315,,,computed,2016-01_to_2018-02,not_yet_audited,False,17985782.807692308,467630353,1197988954,16.70509221535168,-0.015546014789934965,0.4830834877155204,0.39034613085422487
620443,control_candidate,315,,,computed,2016-01_to_2018-02,not_yet_audited,False,64272997.5,1671097935,2799052743,17.978650170996996,-0.004679527925688025,0.18435677340326628,0.5970226674646123
620444,control_candidate,315,,,computed,2016-01_to_2018-02,not_yet_audited,False,14588988.307692308,379313696,1105968141,16.495777645151737,-0.010687938513510287,0.32683062269518065,0.3429698215872929
620449,control_candidate,315,,,computed,2016-01_to_2018-02,not_yet_audited,False,9547816.653846154,248243233,550677786,16.071823168420845,-0.015388043907853203,0.39375845236399826,0.45079579985091317
620451,control_candidate,315,,,computed,2016-01_to_2018-02,not_yet_audited,False,298173.5,7752511,40998522,12.605434164577852,-0.015020715659311441,0.9607446588275639,0.1890924506985886
620452,control_candidate,315,,,computed,2016-01_to_2018-02,not_yet_audited,False,5894451.538461538,153255740,399977849,15.589522218847403,-0.00537134297812162,0.5076060355324546,0.3831605684743807
620453,control_candidate,315,,,computed,2016-01_to_2018-02,not_yet_audited,False,7103840.269230769,184699847,439275194,15.776146219546234,-0.008258563570935809,0.21024700190817264,0.4204650058159214
620459,control_candidate,315,,,computed,2016-01_to_2018-02,not_yet_audited,False,2665971.769230769,69315266,190024994,14.796079565576642,-0.013401158153436791,0.3957490179501556,0.3647692050446795
620461,control_candidate,315,,,computed,2016-01_to_2018-02,not_yet_audited,False,916567.0384615385,23830743,119216031,13.728391580780357,-0.03805766484568818,0.7070914604373384,0.19989545701282405
620462,control_candidate,315,,,computed,2016-01_to_2018-02,not_yet_audited,False,153538778.92307693,3992008252,10152029619,18.84946373101929,-0.0011196687548976855,0.18154748841868248,0.39322267584097365
620463,control_candidate,315,,,computed,2016-01_to_2018-02,not_yet_audited,False,15325443.692307692,398461536,2015413879,16.545025056808143,0.004603532196581137,0.22082369126498727,0.197707051713719
620469,control_candidate,315,,,computed,2016-01_to_2018-02,not_yet_audited,False,19605528.0,509743728,1363011853,16.791322176257058,-0.020302989915922432,0.4305151908233518,0.37398334202160455
620520,control_candidate,315,,,computed,2016-01_to_2018-02,not_yet_audited,False,51118501.23076923,1329081032,5903800854,17.74965706851922,-0.003683698670747667,0.20568315564714024,0.22512294450100026
620530,control_candidate,315,,,computed,2016-01_to_2018-02,not_yet_audited,False,6189137.461538462,160917574,1155807247,15.63830645267006,-0.00510131742020832,0.20459492020109266,0.13922526824232656
620590,control_candidate,315,,,computed,2016-01_to_2018-02,not_yet_audited,False,6825455.038461538,177461831,360408352,15.736169715625223,-0.015159268134533258,0.4335828363045369,0.4923910059664766
620610,control_candidate,315,,,computed,2016-01_to_2018-02,not_yet_audited,False,9857458.961538462,256293933,370797621,16.103739082999926,-0.0010470320355735888,0.29280811037379134,0.6911962711864325
620620,control_candidate,315,,,computed,2016-01_to_2018-02,not_yet_audited,False,71993.15384615384,1871822,13610759,11.184340198120374,-0.06025463953224049,1.085542230830666,0.13752517401858338
620630,control_candidate,315,,,computed,2016-01_to_2018-02,not_yet_audited,False,22910703.0,595678278,2109949023,16.947114782896882,-0.0028369002908303774,0.1892863247997119,0.2823188008367347
620640,control_candidate,315,,,computed,2016-01_to_2018-02,not_yet_audited,False,42169794.461538464,1096414656,3146555035,17.5572147753799,-0.008810083026871415,0.20382593479916075,0.3484492226591549
620690,control_candidate,315,,,computed,2016-01_to_2018-02,not_yet_audited,False,3785890.8846153845,98433163,201479973,15.146792053718032,-0.03601257176139679,1.1105201651431527,0.4885506064664799
620711,control_candidate,315,,,computed,2016-01_to_2018-02,not_yet_audited,False,1238123.6538461538,32191215,286656609,14.029108416855836,0.007898057508712107,0.4119164416087338,0.11229887603951946
620719,control_candidate,315,,,computed,2016-01_to_2018-02,not_yet_audited,False,198208.96153846153,5153433,11430796,12.197082159647632,0.03897536892418764,0.7758238557612471,0.45083763195494
620721,control_candidate,315,,,computed,2016-01_to_2018-02,not_yet_audited,False,1570055.7692307692,40821450,76046256,14.266622335416493,0.01674034940262119,0.7431213513677786,0.5367976301160704
620722,control_candidate,315,,,computed,2016-01_to_2018-02,not_yet_audited,False,158373.07692307694,4117700,8298917,11.972715089180737,0.0578950777370815,2.7212966423781553,0.4961731753673401
620729,control_candidate,315,,,computed,2016-01_to_2018-02,not_yet_audited,False,33810.92307692308,879084,1282541,10.428568773023253,0.010010394651063083,0.8043388096095188,0.6854237018543656
620791,control_candidate,315,,,computed,2016-01_to_2018-02,not_yet_audited,False,2394016.653846154,62244433,139828852,14.688483539277609,0.0025447271578488374,0.6002168988506571,0.4451472790465304
620799,control_candidate,315,,,computed,2016-01_to_2018-02,not_yet_audited,False,398631.6923076923,10364424,17622507,12.895795701229195,0.017229588212168717,0.4596028559730496,0.58813561543769
620811,control_candidate,315,,,computed,2016-01_to_2018-02,not_yet_audited,False,287576.8846153846,7476999,11868290,12.56924900554198,-0.023592388339140607,0.6356803554420313,0.6299980030821626
620819,control_candidate,315,,,computed,2016-01_to_2018-02,not_yet_audited,False,92702.61538461539,2410268,4967358,11.437162751706218,-0.00863402567128531,0.6836894861069017,0.48522131885803277
620821,control_candidate,315,,,computed,2016-01_to_2018-02,not_yet_audited,False,3351079.6153846155,87128070,219297896,15.024793423542768,-0.004684417521012655,0.6566350784583327,0.3973046325989375
620822,control_candidate,315,,,computed,2016-01_to_2018-02,not_yet_audited,False,3633054.5384615385,94459418,141127716,15.10558459830409,0.019472076366989548,0.24931647210269817,0.6693186900296749
620829,control_candidate,315,,,computed,2016-01_to_2018-02,not_yet_audited,False,457282.3846153846,11889342,16394531,13.033058575321913,3.660446766519662e-05,0.29377836294357007,0.7252017151329306
620891,control_candidate,315,,,computed,2016-01_to_2018-02,not_yet_audited,False,3930594.923076923,102195468,234368050,15.184301606720833,0.016194231767977782,0.2800157863736123,0.43604692704487663
620892,control_candidate,315,,,computed,2016-01_to_2018-02,not_yet_audited,False,3956620.076923077,102872122,150023876,15.190900955590974,0.022181587351764297,0.24694714426685258,0.6857050007160194
620899,control_candidate,315,,,computed,2016-01_to_2018-02,not_yet_audited,False,209846.76923076922,5456016,12061678,12.254137638401538,0.03611833664236127,0.6495726877541285,0.4523430322049718
620920,control_candidate,315,,,computed,2016-01_to_2018-02,not_yet_audited,False,7425458.769230769,193061928,766645587,15.820425162517886,-0.001842839592907501,0.2640686564807974,0.25182683012039564
620930,control_candidate,315,,,computed,2016-01_to_2018-02,not_yet_audited,False,3794837.3846153845,98665772,187479318,15.149152381505933,0.013739212525967881,0.4660182224612438,0.5262755009595245
620990,control_candidate,315,,,computed,2016-01_to_2018-02,not_yet_audited,False,535421.8846153846,13920969,40769220,13.190812152179557,0.0006369375670699415,0.344263034027602,0.34145782038508465
621010,control_candidate,,ambiguous_naics3_candidates,,computed,2016-01_to_2018-02,not_yet_audited,False,35124219.15384615,913229698,1443822575,17.374401483345984,-0.0016085419387798301,0.10500573129027456,0.6325082553858807
621020,control_candidate,315,,,computed,2016-01_to_2018-02,not_yet_audited,False,1660435.8846153845,43171333,61618196,14.322591309209267,-0.014243577620430116,0.6870855418082419,0.7006263701715643
621030,control_candidate,315,,,computed,2016-01_to_2018-02,not_yet_audited,False,2341692.346153846,60884001,112273427,14.666384877826378,0.03547956305836258,1.057473760975978,0.5422832688628985
621040,control_candidate,315,,,computed,2016-01_to_2018-02,not_yet_audited,False,24870253.307692308,646626586,1299912719,17.029183041207496,0.0010873990103664644,0.22912583214220916,0.49743846378966
621050,control_candidate,315,,,computed,2016-01_to_2018-02,not_yet_audited,False,13636955.076923076,354560832,758934772,16.42829402395945,0.020951099261192555,0.7290720237444067,0.46718222050313435
621111,control_candidate,315,,,computed,2016-01_to_2018-02,not_yet_audited,False,4059174.576923077,105538539,249405347,15.216490451087305,-0.003771296822439023,1.0096459683251269,0.42316069109777343
621112,control_candidate,315,,,computed,2016-01_to_2018-02,not_yet_audited,False,1045521.8076923077,27183567,57206329,13.860027612717909,-0.008999688665253032,0.8621229952517342,0.4751846076331869
621120,control_candidate,315,,,computed,2016-01_to_2018-02,not_yet_audited,False,220068.1923076923,5721773,9738581,12.301697286375953,0.007658106988762184,1.414512574217692,0.5875366236621126
621132,control_candidate,315,,,computed,2016-01_to_2018-02,not_yet_audited,False,3218308.076923077,83676010,476674028,14.984366648200464,0.016081978170614016,0.41580922236800094,0.17554136597515652
621133,control_candidate,315,,,computed,2016-01_to_2018-02,not_yet_audited,False,5126625.730769231,133292269,573159474,15.44995844350637,0.006541627744167004,0.2848555728447283,0.2325570369966527
621139,control_candidate,315,,,computed,2016-01_to_2018-02,not_yet_audited,False,529140.6153846154,13757656,47143459,13.179011378954803,0.0005312978510314616,0.48040320061145764,0.29182534102981283
621142,control_candidate,315,,,computed,2016-01_to_2018-02,not_yet_audited,False,16763423.692307692,435849016,967265112,16.634709969394063,-0.0024583293543712233,0.26705470966844547,0.45059933475611597
621143,control_candidate,315,,,computed,2016-01_to_2018-02,not_yet_audited,False,45630007.807692304,1186380203,2681391340,17.636076145927724,-0.0037020600689941056,0.2265786904646011,0.44244947960486813
621149,control_candidate,315,,,computed,2016-01_to_2018-02,not_yet_audited,False,4865122.423076923,126493183,209346355,15.397602642874874,-0.015135700507825117,0.4205342535336798,0.6042292114424442
621210,control_candidate,315,,,computed,2016-01_to_2018-02,not_yet_audited,False,89995944.53846154,2339894558,5298072911,18.31527517770713,-0.003178000152994381,0.14659463756913427,0.44165012398033415
621220,control_candidate,315,,,computed,2016-01_to_2018-02,not_yet_audited,False,2376727.6153846155,61794918,209952595,14.681235568761894,-0.02129683620001292,0.279313018717868,0.29432795531772304
621230,control_candidate,315,,,computed,2016-01_to_2018-02,not_yet_audited,False,390765.26923076925,10159897,36587781,12.875864883324251,0.0073161576779234615,0.6840025319754202,0.27768552020140275
621290,control_candidate,315,,,computed,2016-01_to_2018-02,not_yet_audited,False,6130124.192307692,159383229,320780179,15.628725730592544,-0.006079963551283169,0.19307727829585833,0.4968612134853881
621320,control_candidate,315,,,computed,2016-01_to_2018-02,not_yet_audited,False,1686320.3846153845,43844330,51103491,14.338060018960412,0.003579623182688205,0.3525296433311907,0.8579517591078073
621390,control_candidate,315,,,computed,2016-01_to_2018-02,not_yet_audited,False,1277499.3461538462,33214983,45165954,14.060415872021874,-0.00446054046564742,0.18869742665153794,0.7353986810507755
621410,control_candidate,315,,,computed,2016-01_to_2018-02,not_yet_audited,False,1481671.3076923077,38523454,145882216,14.20868194547119,0.018565781972992374,0.3416706165412305,0.26407231159691186
621420,control_candidate,315,,,computed,2016-01_to_2018-02,not_yet_audited,False,1633853.2307692308,42480184,191170016,14.30645234036708,0.0037203025858437663,0.9768913421567976,0.2222115417932486
621430,control_candidate,315,,,computed,2016-01_to_2018-02,not_yet_audited,False,13084971.461538462,340209258,397069507,16.386974989361704,-0.0010974248526982933,0.5544176966499285,0.8568002629323032
621440,control_candidate,315,,,computed,2016-01_to_2018-02,not_yet_audited,False,3167726.6153846155,82360892,126829975,14.968525048227733,-0.010632292570860827,0.3885999172624194,0.6493803377316758
621490,control_candidate,315,,,computed,2016-01_to_2018-02,not_yet_audited,False,893026.1923076923,23218681,64155541,13.702372309907561,-0.034303681879032565,0.457837475704193,0.3619123249229556
621510,control_candidate,315,,,computed,2016-01_to_2018-02,not_yet_audited,False,6659238.269230769,173140195,284889830,15.711515812153309,-0.008973896651587186,0.3244572951428712,0.6077443866634341
621520,control_candidate,315,,,computed,2016-01_to_2018-02,not_yet_audited,False,3901700.3076923075,101444208,107033840,15.176923248719651,0.0040766843457082265,0.32878679554527096,0.947776964743113
621590,control_candidate,315,,,computed,2016-01_to_2018-02,not_yet_audited,False,544520.5384615385,14157534,20323002,13.207662776976012,-0.007888956200726492,0.3775134622397733,0.6966261185232379
621600,control_candidate,,ambiguous_naics3_candidates,,computed,2016-01_to_2018-02,not_yet_audited,False,14555430.0,378441180,649822697,16.493474746540684,0.00828402832195478,0.4008953129560218,0.582376056956964
621710,control_candidate,315,,,computed,2016-01_to_2018-02,not_yet_audited,False,8158301.461538462,212115838,329545112,15.914546673624491,-0.006327766419459427,0.140968811082814,0.6436625222952783
621790,control_candidate,315,,,computed,2016-01_to_2018-02,not_yet_audited,False,203867.3076923077,5300550,24591827,12.22522951384099,-0.009748117226114092,0.40751667001926,0.2155411226664859
630110,control_candidate,335,,,computed,2016-01_to_2018-02,not_yet_audited,False,7144972.346153846,185769281,188558140,15.781919638919812,0.16117483325227333,3.5217526087391358,0.9852095539338689
630120,control_candidate,314,,,computed,2016-01_to_2018-02,not_yet_audited,False,729518.6153846154,18967484,59692372,13.500141535390355,0.029735777205617906,0.9748033439042473,0.31775389994554076
630130,control_candidate,314,,,computed,2016-01_to_2018-02,not_yet_audited,False,4939300.538461538,128421814,387727366,15.412734490192344,0.014373586963740156,0.21882017115314334,0.3312167911304976
630140,control_candidate,314,,,computed,2016-01_to_2018-02,not_yet_audited,False,56968556.57692308,1481182471,1591619623,17.858010052142244,0.029080568808036996,0.6541691691405154,0.9306133510770368
630190,control_candidate,314,,,computed,2016-01_to_2018-02,not_yet_audited,False,791457.6153846154,20577898,27351755,13.581632870624938,0.019960414458785398,0.6763115712199126,0.752342875256085
630210,control_candidate,314,,,computed,2016-01_to_2018-02,not_yet_audited,False,11481776.538461538,298526190,545044655,16.256271774714634,0.014761563280100714,0.3512652947438516,0.547709600051027
630221,control_candidate,314,,,computed,2016-01_to_2018-02,not_yet_audited,False,11329259.423076924,294560745,1035510505,16.24289935488747,-0.0030696791306736564,0.15830478219425415,0.284459446406099
630222,control_candidate,314,,,computed,2016-01_to_2018-02,not_yet_audited,False,15823632.76923077,411414452,452224701,16.577015188569646,0.003923825678861799,0.24168802906369896,0.909756700795519
630229,control_candidate,314,,,computed,2016-01_to_2018-02,not_yet_audited,False,372161.6153846154,9676202,13004417,12.827086175868933,0.001558542643370147,0.340459150454205,0.7440704185354868
630231,control_candidate,314,,,computed,2016-01_to_2018-02,not_yet_audited,False,27942269.03846154,726498995,3321116524,17.14565115539544,0.0008283137736584229,0.13234956450444585,0.2187514318603294
630232,control_candidate,314,,,computed,2016-01_to_2018-02,not_yet_audited,False,29089104.384615384,756316714,835690667,17.1858742766336,0.012981396497735779,0.18583565048224607,0.9050199360429139
630239,control_candidate,314,,,computed,2016-01_to_2018-02,not_yet_audited,False,2199591.0,57189366,86871304,14.603782446584269,0.018937771104335605,0.3169789367423337,0.6583228680439746
630240,control_candidate,314,,,computed,2016-01_to_2018-02,not_yet_audited,False,151454.61538461538,3937820,5997039,11.92804789324981,-0.006927272063754894,0.7028433880064755,0.6566273789448426
630251,control_candidate,314,,,computed,2016-01_to_2018-02,not_yet_audited,False,3111587.846153846,80901284,362468931,14.950644036706791,0.011320152404094085,0.5306974545879746,0.2231950853740896
630253,control_candidate,314,,,computed,2016-01_to_2018-02,not_yet_audited,False,12099401.5,314584439,467531603,16.30866662918244,0.008216681237765207,0.34278063302051415,0.6728624054104851
630259,control_candidate,314,,,computed,2016-01_to_2018-02,not_yet_audited,False,807017.3076923077,20982450,54697517,13.601101633106666,0.0022574855296167797,0.27965803140512274,0.38360882085378756
630260,control_candidate,314,,,computed,2016-01_to_2018-02,not_yet_audited,False,39316412.538461536,1022226726,4209201673,17.487152636938234,0.002835697551255332,0.1738257997640395,0.24285525033335698
630291,control_candidate,314,,,computed,2016-01_to_2018-02,not_yet_audited,False,2750228.769230769,71505948,242048259,14.827195018599996,-0.0005236750356781558,0.24143634603955139,0.29542021204953184
630293,control_candidate,314,,,computed,2016-01_to_2018-02,not_yet_audited,False,5622893.923076923,146195242,168346576,15.542357200113592,0.017271465673268444,0.2778131832418008,0.8684182682753226
630299,control_candidate,314,,,computed,2016-01_to_2018-02,not_yet_audited,False,302203.26923076925,7857285,14351126,12.618858455890972,0.014746117884096938,0.354439681807718,0.5475030321662565
630312,control_candidate,,ambiguous_naics3_candidates,,computed,2016-01_to_2018-02,not_yet_audited,False,1291463.9615384615,33578063,49315180,14.071287761098485,0.0021693641864052858,0.34638948219476845,0.6808869601611512
630319,control_candidate,314,,,computed,2016-01_to_2018-02,not_yet_audited,False,320560.76923076925,8334580,10325224,12.67783026448237,-0.01779789766280873,0.5692662028131419,0.8072057322921034
630391,control_candidate,,ambiguous_naics3_candidates,,computed,2016-01_to_2018-02,not_yet_audited,False,5078370.423076923,132037631,342200400,15.440501182147505,-0.008846237722166368,0.1810113084125849,0.3858488505565745
630392,control_candidate,,ambiguous_naics3_candidates,,computed,2016-01_to_2018-02,not_yet_audited,False,54395873.192307696,1414292703,2187088461,17.81179886689685,0.0045739283401972225,0.15138982543847834,0.6466554637453231
630399,control_candidate,314,,,computed,2016-01_to_2018-02,not_yet_audited,False,2399054.346153846,62375413,91253633,14.69058561206586,-0.000393335538017649,0.2608942696345242,0.6835389556490316
630411,control_candidate,314,,,computed,2016-01_to_2018-02,not_yet_audited,False,412954.07692307694,10736806,11359339,12.931094093443654,0.045948041902581324,0.5114927808498272,0.9451963710212363
630419,control_candidate,314,,,computed,2016-01_to_2018-02,not_yet_audited,False,2297736.1923076925,59741141,182353559,14.647435367190107,0.019355757734615852,0.2621145171915245,0.32761159874044465
630491,control_candidate,314,,,computed,2016-01_to_2018-02,not_yet_audited,False,13805340.5,358938853,434080334,16.440566140454408,0.02702658961264299,0.44965789834359005,0.8268949889814635
630492,control_candidate,314,,,computed,2016-01_to_2018-02,not_yet_audited,False,8154743.153846154,212023322,439482711,15.914110420626184,0.0027752470078181526,0.2020384996318601,0.48243836832070514
630493,control_candidate,314,,,computed,2016-01_to_2018-02,not_yet_audited,False,14100443.538461538,366611532,433273205,16.461716882401877,0.003675004683266952,0.23988506398388337,0.8461440212994478
630499,control_candidate,314,,,computed,2016-01_to_2018-02,not_yet_audited,False,1814974.423076923,47189335,106702155,14.411582484584958,0.005049208312837062,0.22072999209898356,0.44225287671087804
630510,control_candidate,314,,,computed,2016-01_to_2018-02,not_yet_audited,False,156620.96153846153,4072145,23850586,11.961590292415377,-0.06364785633226544,1.021148144538913,0.17073563727113455
630520,control_candidate,314,,,computed,2016-01_to_2018-02,not_yet_audited,False,188239.61538461538,4894230,15593958,12.145476292544942,0.0039357400874586905,0.4027556726804758,0.313854250473164
630532,control_candidate,314,,,computed,2016-01_to_2018-02,not_yet_audited,False,9019186.76923077,234498856,711862593,16.014864840227144,0.007675691829527875,0.13025486361525587,0.32941589894722845
630533,control_candidate,314,,,computed,2016-01_to_2018-02,not_yet_audited,False,3679453.576923077,95665793,368545096,15.11827508636787,0.007698992195716339,0.28027612178898226,0.2595768985622319
630539,control_candidate,314,,,computed,2016-01_to_2018-02,not_yet_audited,False,1533489.576923077,39870729,58404596,14.243057117700529,0.04336292426643243,0.5793750048834813,0.6826642375884254
630590,control_candidate,314,,,computed,2016-01_to_2018-02,not_yet_audited,False,316968.6153846154,8241184,13270417,12.666561197743745,-0.012831580203230785,0.4630419579519208,0.6210192189137689
630612,control_candidate,314,,,computed,2016-01_to_2018-02,not_yet_audited,False,3656118.269230769,95059075,124825743,15.111912833899,-0.003785014331636297,0.5248402296535158,0.761534221350479
630619,control_candidate,314,,,computed,2016-01_to_2018-02,not_yet_audited,False,731825.4615384615,19027462,28207142,13.503298690435862,0.005617309622399166,0.38984785693517554,0.6745618538737459
630622,control_candidate,314,,,computed,2016-01_to_2018-02,not_yet_audited,False,21545920.269230768,560193927,907418549,16.88569708835138,-0.017660588710503064,0.32682894991363104,0.6173489924989399
630629,control_candidate,314,,,computed,2016-01_to_2018-02,not_yet_audited,False,1618028.7307692308,42068747,48031118,14.296719751443641,0.02064086496955665,0.2820297564140712,0.8758644135662218
630630,control_candidate,314,,,computed,2016-01_to_2018-02,not_yet_audited,False,268682.3846153846,6985742,62519177,12.501288956500298,-0.006937187949779424,0.5884636599827694,0.11173758733260357
630640,control_candidate,326,,,computed,2016-01_to_2018-02,not_yet_audited,False,1911020.1153846155,49686523,136542970,14.463148272551537,0.002328458949008393,0.5468874631410316,0.36388927968975626
630690,control_candidate,314,,,computed,2016-01_to_2018-02,not_yet_audited,False,3782903.923076923,98355502,138621084,15.146002770620752,-0.0019303093996092518,0.276194673093203,0.7095277223484993
630710,control_candidate,314,,,computed,2016-01_to_2018-02,not_yet_audited,False,21302030.807692308,553852801,1177590355,16.874313016162816,0.01351531014686111,0.177605702899978,0.4703272225764791
630720,control_candidate,339,,,computed,2016-01_to_2018-02,not_yet_audited,False,8750539.884615384,227514037,279417901,15.98462607180792,-0.021139119885014233,0.8853980387602789,0.8142428820263738
630790,control_candidate,,ambiguous_naics3_candidates,,computed,2016-01_to_2018-02,not_yet_audited,False,228726229.3846154,5946881964,8127791280,19.248036345833867,0.0028868420018600452,0.10596858268641754,0.7316725736589043
630800,control_candidate,339,,,computed,2016-01_to_2018-02,not_yet_audited,False,296788.3846153846,7716498,14052540,12.600778023515067,0.02718509242740108,0.3290590696751479,0.5491176684072773
630900,control_candidate,930,,,computed,2016-01_to_2018-02,not_yet_audited,False,34326.730769230766,892495,10864500,10.443708783749402,0.1427225272781334,2.9034346235481623,0.0821478208845322
631010,control_candidate,910,,,computed,2016-01_to_2018-02,not_yet_audited,False,240989.65384615384,6265731,134398303,12.392513430999447,-0.0019787286275240647,0.8733296387950108,0.04662061097601805
631090,control_candidate,910,,,computed,2016-01_to_2018-02,not_yet_audited,False,127036.26923076923,3302943,54412544,11.752235780900197,-0.02682352754995188,0.9644591010652436,0.06070186683423587
640110,control_candidate,316,,,computed,2016-01_to_2018-02,not_yet_audited,False,993215.8461538461,25823612,39439012,13.808704293964295,-0.0010675719772797441,0.1997308419751082,0.6547732990877155
640192,control_candidate,316,,,computed,2016-01_to_2018-02,not_yet_audited,False,6587066.038461538,171263717,241731339,15.700618744960071,-0.0009372065654544054,0.37273450227139215,0.7084878514655478
640199,control_candidate,316,,,computed,2016-01_to_2018-02,not_yet_audited,False,712466.1153846154,18524119,33749684,13.476489036213668,0.0027522862127220614,0.2695842337861048,0.5488679242152311
640212,control_candidate,316,,,computed,2016-01_to_2018-02,not_yet_audited,False,1683349.2692307692,43767081,176367599,14.336296573461992,0.0602999341880925,1.586418560300188,0.24815828558169575
640219,control_candidate,316,,,computed,2016-01_to_2018-02,not_yet_audited,False,16293688.846153846,423635910,1008380387,16.606288464821542,-0.022123557210902214,0.31000263884489404,0.4201151821886833
640220,control_candidate,316,,,computed,2016-01_to_2018-02,not_yet_audited,False,9262420.423076924,240822931,262105135,16.04147606521197,-0.01627219558196771,0.9039050331595306,0.9188027964427328
640291,control_candidate,316,,,computed,2016-01_to_2018-02,not_yet_audited,False,76160065.38461539,1980161700,2254125587,18.14834782009374,-0.003624657333676649,0.6227837710924884,0.8784611254226449
640299,control_candidate,316,,,computed,2016-01_to_2018-02,not_yet_audited,False,237633703.15384614,6178476282,9328406669,19.286240987892,-0.006220021885985662,0.3697287910953827,0.6623292166852252
640312,control_candidate,316,,,computed,2016-01_to_2018-02,not_yet_audited,False,84653.23076923077,2200984,2771786,11.346330365866164,0.21063374953913458,2.7998897261635074,0.7940670744422549
640319,control_candidate,316,,,computed,2016-01_to_2018-02,not_yet_audited,False,3429838.730769231,89175807,159193374,15.048024092327186,-0.020823993497272448,0.36815644672556885,0.5601728561893538
640320,control_candidate,316,,,computed,2016-01_to_2018-02,not_yet_audited,False,33007.92307692308,858206,9135873,10.404533200168531,-0.02587519497253616,1.3480631775769434,0.09393803963781021
640340,control_candidate,316,,,computed,2016-01_to_2018-02,not_yet_audited,False,27844863.153846152,723966442,993625709,17.142159096338812,0.013390484874343902,0.1897834746967513,0.7286108193885309
640351,control_candidate,316,,,computed,2016-01_to_2018-02,not_yet_audited,False,3706426.3076923075,96367084,810817746,15.125578980770662,0.003578836999231711,0.6485990045319338,0.11885172034702851
640359,control_candidate,316,,,computed,2016-01_to_2018-02,not_yet_audited,False,8776513.807692308,228189359,1775079933,15.987589940075008,-0.0006922223623241138,0.37679022736478734,0.12855159632971863
640391,control_candidate,316,,,computed,2016-01_to_2018-02,not_yet_audited,False,172444119.5,4483547107,8085117743,18.96558380282564,-0.0018177303604876302,0.45698290619465726,0.554543205122993
640399,control_candidate,316,,,computed,2016-01_to_2018-02,not_yet_audited,False,223351074.26923078,5807127931,11582299133,19.224255420029884,-0.007756342076813114,0.2022406076111119,0.5013795503221355
640411,control_candidate,316,,,computed,2016-01_to_2018-02,not_yet_audited,False,113101826.07692307,2940647478,8072038059,18.543799095482154,0.002571901213376485,0.19372462809335614,0.3643004971614691
640419,control_candidate,316,,,computed,2016-01_to_2018-02,not_yet_audited,False,244015614.42307693,6344405975,8149853574,19.312742778845276,0.007937946378769165,0.24748383174171135,0.7784687071237926
640420,control_candidate,316,,,computed,2016-01_to_2018-02,not_yet_audited,False,5235371.769230769,136119666,436793091,15.470948606863564,0.019928442422001938,0.4530828099249313,0.3116342011920697
640510,control_candidate,316,,,computed,2016-01_to_2018-02,not_yet_audited,False,1224550.6538461538,31838317,90671372,14.018085338107484,0.017040439398369016,0.43919468902578435,0.35113968497134906
640520,control_candidate,316,,,computed,2016-01_to_2018-02,not_yet_audited,False,26519692.615384616,689512008,745642856,17.09339817025082,0.016376510503512832,0.4781409952552516,0.9247215371966228
640590,control_candidate,,ambiguous_naics3_candidates,,computed,2016-01_to_2018-02,not_yet_audited,False,26091352.96153846,678375177,768837529,17.077114551570833,0.027009811370639937,0.4495842446140374,0.8823387925435154
640610,control_candidate,,ambiguous_naics3_candidates,,computed,2016-01_to_2018-02,not_yet_audited,False,1742243.1923076923,45298323,260045582,14.370684605851498,-0.00013043277581927415,0.33402015115408984,0.1741937803811641
640620,control_candidate,326,,,computed,2016-01_to_2018-02,not_yet_audited,False,2752470.730769231,71564239,97542304,14.828009877142664,-0.004598576800944371,0.23591713241048856,0.7336738631886325
640690,control_candidate,,ambiguous_naics3_candidates,,computed,2016-01_to_2018-02,not_yet_audited,False,11139461.692307692,289626004,434067825,16.22600455901184,4.8961511251015536e-05,0.22551532863916404,0.6672367480819386
650610,control_candidate,339,,,computed,2016-01_to_2018-02,not_yet_audited,False,23550441.03846154,612311467,984033612,16.974655148461224,0.0053088653058659336,0.09963049390792923,0.6222464959865619
660110,control_candidate,339,,,computed,2016-01_to_2018-02,not_yet_audited,False,26694717.615384616,694062658,718890922,17.09997629913731,-0.010851299318608457,0.954981531887912,0.9654630998386706
660191,control_candidate,339,,,computed,2016-01_to_2018-02,not_yet_audited,False,9513529.346153846,247351763,252568957,16.068225590256617,0.00035510516666437917,0.2581016985008052,0.9793434867769597
660199,control_candidate,339,,,computed,2016-01_to_2018-02,not_yet_audited,False,4970351.038461538,129229127,137952394,15.419001228252734,0.0007088127441409579,0.18633740836298548,0.9367661064294397
660200,control_candidate,316,,,computed,2016-01_to_2018-02,not_yet_audited,False,1762222.3846153845,45817782,78254198,14.382086856452348,0.007709971615214072,0.25752226016405616,0.5854993491850751
660320,control_candidate,332,,,computed,2016-01_to_2018-02,not_yet_audited,False,757526.8076923077,19695697,23515532,13.5378155255167,-0.02078263459664563,0.4544023478712996,0.837561191471237
660390,control_candidate,,ambiguous_naics3_candidates,,computed,2016-01_to_2018-02,not_yet_audited,False,4456692.769230769,115874012,134192373,15.309917741744727,-0.010953802073422905,0.629873643018484,0.8634917872716954
670210,control_candidate,339,,,computed,2016-01_to_2018-02,not_yet_audited,False,22094660.46153846,574461172,593514295,16.91084657448067,0.03145425444879266,0.44901382310423904,0.9678977858486121
670290,control_candidate,339,,,computed,2016-01_to_2018-02,not_yet_audited,False,31308075.576923076,814009965,841310297,17.259386659825783,0.013957188449169378,0.3320583218826731,0.9675502224359439
670300,control_candidate,339,,,computed,2016-01_to_2018-02,not_yet_audited,False,1983152.1538461538,51561956,100088198,14.500198637926625,-0.005752027279778941,0.33859671163450655,0.5151651946016652
670411,control_candidate,339,,,computed,2016-01_to_2018-02,not_yet_audited,False,6292282.115384615,163599335,461956259,15.654834538235841,-0.0013132758009776833,0.2276513714125291,0.35414464424433745
670419,control_candidate,339,,,computed,2016-01_to_2018-02,not_yet_audited,False,20508963.53846154,533233052,1018106841,16.836372643082335,0.010992837416774766,0.19886903850689072,0.5237496012464177
670420,control_candidate,339,,,computed,2016-01_to_2018-02,not_yet_audited,False,46315999.07692308,1204215976,1380641887,17.65099803337513,-0.0010125044083571372,0.15030081538849333,0.8722145744952325
670490,control_candidate,339,,,computed,2016-01_to_2018-02,not_yet_audited,False,4099780.230769231,106594286,189858656,15.22644417190196,-0.01665580231459486,0.31726171160642386,0.561440222140833
691010,control_candidate,327,,,computed,2016-01_to_2018-02,not_yet_audited,False,35241207.384615384,916271392,1195925890,17.37772664858668,0.005445273770523429,0.12952951009344493,0.7661606790701722
691090,control_candidate,327,,,computed,2016-01_to_2018-02,not_yet_audited,False,5061412.423076923,131596723,1134313310,15.437156334881452,0.015280752175738866,0.2757704337975647,0.1160144396084006
691110,control_candidate,327,,,computed,2016-01_to_2018-02,not_yet_audited,False,19235971.692307692,500135264,838066844,16.77229266176482,0.016478156417512102,0.3576326993238633,0.5967725218825146
691190,control_candidate,327,,,computed,2016-01_to_2018-02,not_yet_audited,False,524784.6923076923,13644402,17810968,13.170745253107162,0.016838697750895873,0.3124574458803894,0.76606740296204
691200,control_candidate,327,,,computed,2016-01_to_2018-02,not_yet_audited,False,58561659.84615385,1522603156,1948864301,17.885590788659037,0.011928899894102042,0.28134190473061527,0.7812771547093981
691310,control_candidate,327,,,computed,2016-01_to_2018-02,not_yet_audited,False,3635375.5,94519763,152674215,15.106223239927226,0.006306842224413584,0.24647531558946703,0.6190944751214211
691390,control_candidate,327,,,computed,2016-01_to_2018-02,not_yet_audited,False,16115201.461538462,418995238,697996265,16.595273636698423,0.010903852346461726,0.27114639818708824,0.6002829227173586
701310,control_candidate,327,,,computed,2016-01_to_2018-02,not_yet_audited,False,103862.84615384616,2700434,8205503,11.550836148812062,-0.022110818884664225,0.6601491622578864,0.32910036106256985
701322,control_candidate,327,,,computed,2016-01_to_2018-02,not_yet_audited,False,74311.30769230769,1932094,31439556,11.216031865605503,-0.15791322998947366,2.3219628874327873,0.06145423936648469
701328,control_candidate,327,,,computed,2016-01_to_2018-02,not_yet_audited,False,2346387.923076923,61006086,243310767,14.668388075818058,0.013066711315527363,0.3939805259793556,0.2507331950500982
701333,control_candidate,327,,,computed,2016-01_to_2018-02,not_yet_audited,False,47089.346153846156,1224323,18966747,10.759823294109843,-0.01634717008184672,0.9703098968058583,0.06455102712130868
701337,control_candidate,327,,,computed,2016-01_to_2018-02,not_yet_audited,False,5586261.153846154,145242790,356705982,15.535820954899153,0.017512865728324837,0.30890404295647644,0.4071778925198961
701341,control_candidate,327,,,computed,2016-01_to_2018-02,not_yet_audited,False,139044.15384615384,3615148,32533887,11.842554007175258,-0.013406171668808333,0.5213666360926932,0.11111946137883863
701342,control_candidate,327,,,computed,2016-01_to_2018-02,not_yet_audited,False,1272035.076923077,33072912,48919124,14.05612938484091,0.028566379421178012,0.32445516245176714,0.6760732673790316
701349,control_candidate,327,,,computed,2016-01_to_2018-02,not_yet_audited,False,10271949.692307692,267070692,415770329,16.144927504696668,-0.0019091778147986324,0.1614327349206176,0.6423514940143793
701391,control_candidate,327,,,computed,2016-01_to_2018-02,not_yet_audited,False,322883.1538461539,8394962,74133810,12.685048881049,0.0037301143743997136,0.4651408606703159,0.11324066576370485
701399,control_candidate,327,,,computed,2016-01_to_2018-02,not_yet_audited,False,23868450.884615384,620579723,855336570,16.988068140100133,0.009689404593730896,0.1891192625954967,0.7255386297817245
701590,control_candidate,327,,,computed,2016-01_to_2018-02,not_yet_audited,False,79116.65384615384,2057033,8767582,11.278691312749675,-0.0003924899378626342,0.3269528705818123,0.23461805090616775
710110,control_candidate,339,,,computed,2016-01_to_2018-02,not_yet_audited,False,95677.84615384616,2487624,56756358,11.468752509682878,0.013081891024137662,1.186973238772416,0.04382987365045516
710121,control_candidate,114,,,computed,2016-01_to_2018-02,not_yet_audited,False,341982.8846153846,8891555,43946946,12.742518893926865,0.06237640492681848,1.0978406424804779,0.20232475312391446
710122,control_candidate,339,,,computed,2016-01_to_2018-02,not_yet_audited,False,2003575.5,52092963,221810999,14.510444391508813,-0.007635625494993624,0.34612934604626133,0.23485292990362483
710239,control_candidate,339,,,computed,2016-01_to_2018-02,not_yet_audited,False,17521892.46153846,455569204,48026866175,16.67896171192164,0.0037818165472152106,0.3147642169937669,0.009485715814560952
710391,control_candidate,339,,,computed,2016-01_to_2018-02,not_yet_audited,False,196449.73076923078,5107693,3293947666,12.188166944853602,0.08972244287708558,2.5180360323635975,0.0015506296753653402
710410,control_candidate,334,,,computed,2016-01_to_2018-02,not_yet_audited,False,52148.153846153844,1355852,5272583,10.861863234911933,0.04671896938566501,0.6982358049396172,0.2571513810214083
710420,control_candidate,339,,,computed,2016-01_to_2018-02,not_yet_audited,False,74597.53846153847,1939536,4965073,11.219876194331547,0.044640683519119394,0.6590661676524077,0.39063594835362947
710490,control_candidate,339,,,computed,2016-01_to_2018-02,not_yet_audited,False,1644938.1153846155,42768391,303403161,14.313213929572406,0.03219348806153691,0.3998277940980208,0.14096224594047654
711311,control_candidate,339,,,computed,2016-01_to_2018-02,not_yet_audited,False,20380806.230769232,529900962,2754820371,16.830104193942507,-0.3440450348619341,3.2903136308837357,0.19235408870148796
711319,control_candidate,339,,,computed,2016-01_to_2018-02,not_yet_audited,False,67334978.84615384,1750709450,14035637426,18.025190419559095,-0.0024938329922172416,0.3388944452176922,0.12473316293828862
711320,control_candidate,339,,,computed,2016-01_to_2018-02,not_yet_audited,False,339435.96153846156,8825335,50393884,12.735043528441084,-0.007642518119932671,0.42175117441220006,0.17512710470976994
711610,control_candidate,339,,,computed,2016-01_to_2018-02,not_yet_audited,False,1354360.0,35213360,45898236,14.118840314348084,-0.004052055481259933,0.39185529482746506,0.7672050838729402
711620,control_candidate,339,,,computed,2016-01_to_2018-02,not_yet_audited,False,23357986.730769232,607307655,1015959289,16.966449570551617,-0.06450817043296773,0.6831268808405487,0.597767707402693
711711,control_candidate,339,,,computed,2016-01_to_2018-02,not_yet_audited,False,357871.57692307694,9304661,15585120,12.787932271642118,-0.004698518590778221,0.35442233863994926,0.5970220954346197
711719,control_candidate,339,,,computed,2016-01_to_2018-02,not_yet_audited,False,51502132.26923077,1339055439,1794444119,17.757133787479578,-0.010357800774113687,0.13961157559593185,0.7462229805998211
711790,control_candidate,339,,,computed,2016-01_to_2018-02,not_yet_audited,False,29070580.96153846,755835105,1090053728,17.185237291651443,-0.00260212851689361,0.17170608075656305,0.6933925233087226
711810,control_candidate,339,,,computed,2016-01_to_2018-02,not_yet_audited,False,234499.6923076923,6096992,33538445,12.365213819135722,0.02087263645952861,0.553932136133194,0.18179113551627096
711890,control_candidate,339,,,computed,2016-01_to_2018-02,not_yet_audited,False,3785012.923076923,98410336,3092680494,15.14656012333488,-0.019915840736284305,1.3042428751711905,0.03182040181354731
731816,control_candidate,332,,,computed,2016-01_to_2018-02,not_yet_audited,False,18582856.846153848,483154278,2219551003,16.737750092554993,0.018924616718961906,0.18513179073379318,0.21768108835839173
731940,control_candidate,339,,,computed,2016-01_to_2018-02,not_yet_audited,False,1130509.7692307692,29393254,50118739,13.938180096732426,-0.000560427680406555,0.267784691924414,0.5864723372230095
731990,control_candidate,339,,,computed,2016-01_to_2018-02,not_yet_audited,False,586620.3461538461,15252129,34266526,13.282134824488097,0.018483994271810623,0.3891138157455287,0.44510286802928317
732020,control_candidate,332,,,computed,2016-01_to_2018-02,not_yet_audited,False,1980589.3461538462,51495323,667977640,14.498905512854616,0.001857048813467613,0.17248403224909115,0.07709138737039162
732112,control_candidate,335,,,computed,2016-01_to_2018-02,not_yet_audited,False,270257.26923076925,7026689,9172890,12.507133333482061,0.04436026838833298,0.44032325333967953,0.7660278276530079
732119,control_candidate,335,,,computed,2016-01_to_2018-02,not_yet_audited,False,29291962.076923076,761591014,790003269,17.19282373864486,0.010975581913105693,0.38645386387592917,0.9640352690743106
732181,control_candidate,333,,,computed,2016-01_to_2018-02,not_yet_audited,False,13260251.423076924,344766537,497453471,16.400281578971942,0.0045027432068172725,0.410948155688849,0.693062883463125
732182,control_candidate,333,,,computed,2016-01_to_2018-02,not_yet_audited,False,2730891.4615384615,71003178,95442314,14.820139022726488,0.0013332041551335396,0.45793159588818017,0.7439381446682024
732189,control_candidate,333,,,computed,2016-01_to_2018-02,not_yet_audited,False,9049877.076923076,235296804,329577736,16.018261843422163,-0.0016024887094418523,0.23186361157338464,0.7139341596787958
732391,control_candidate,,ambiguous_naics3_candidates,,computed,2016-01_to_2018-02,not_yet_audited,False,3834666.3076923075,99701324,108917080,15.159593237440777,0.01684028112880206,0.2883823529448063,0.915387412148765
732392,control_candidate,331,,,computed,2016-01_to_2018-02,not_yet_audited,False,5434216.807692308,141289637,334020648,15.508226150552401,0.00925204342201183,0.3635780088082714,0.42299671546053647
732393,control_candidate,332,,,computed,2016-01_to_2018-02,not_yet_audited,False,101353173.5,2635182511,3319964956,18.434121752522717,0.012805365949473383,0.26532890392787944,0.7937380502277808
732394,control_candidate,332,,,computed,2016-01_to_2018-02,not_yet_audited,False,2874097.4615384615,74726534,166486493,14.871249604442221,-0.0017785926974170883,0.25908932164111503,0.4488444236734568
732429,control_candidate,332,,,computed,2016-01_to_2018-02,not_yet_audited,False,322740.1923076923,8391245,17514045,12.684606018817368,0.014554725834110221,0.4291591107248713,0.4791151901231269
741810,control_candidate,,ambiguous_naics3_candidates,,computed,2016-01_to_2018-02,not_yet_audited,False,1271311.5,33054099,112570947,14.055560389344842,0.03108426314342838,0.4974733034708985,0.29362903911610516
761010,control_candidate,332,,,computed,2016-01_to_2018-02,not_yet_audited,False,9890277.423076924,257147213,1236215115,16.1070628551821,0.0021507850553868684,0.1202557318562898,0.20801170433836672
761510,control_candidate,332,,,computed,2016-01_to_2018-02,not_yet_audited,False,55296521.15384615,1437709550,2316701831,17.828220573987675,0.011157323363275821,0.23527689701074989,0.6205846305993618
790120,control_candidate,331,,,computed,2016-01_to_2018-02,not_yet_audited,False,25621.19230769231,666151,44511189,10.151214141957345,0.021393057147357876,1.0363431788208164,0.014965922388638057
810110,control_candidate,331,,,computed,2016-01_to_2018-02,not_yet_audited,False,1731410.8846153845,45016683,97173060,14.364447751905312,0.03513854850989631,0.6184474263417725,0.4632629969664432
810194,control_candidate,331,,,computed,2016-01_to_2018-02,not_yet_audited,False,654111.5769230769,17006901,18693746,13.391034751593647,-0.15102856736092796,2.889306408447954,0.9097642067031402
810197,control_candidate,910,,,computed,2016-01_to_2018-02,not_yet_audited,False,795096.8846153846,20672519,78534877,13.586220511359542,0.05511115761324327,0.8071793758149979,0.2632272410638652
810199,control_candidate,331,,,computed,2016-01_to_2018-02,not_yet_audited,False,2202696.5,57270109,90222377,14.605193303600887,0.026999456712906187,0.3736791450214796,0.634766129028057
810210,control_candidate,331,,,computed,2016-01_to_2018-02,not_yet_audited,False,113357.07692307692,2947284,16660409,11.638306909886483,0.0380646843198261,2.445352238026353,0.1769034601731566
810294,control_candidate,331,,,computed,2016-01_to_2018-02,not_yet_audited,False,1002054.3846153846,26053414,40877262,13.817563833166643,-0.009553563776321364,0.6957663130385392,0.6373571204451022
810295,control_candidate,331,,,computed,2016-01_to_2018-02,not_yet_audited,False,207102.1923076923,5384657,26174308,12.240972461594632,-0.00854260546627283,0.6050059915059542,0.2057229937081813
810297,control_candidate,910,,,computed,2016-01_to_2018-02,not_yet_audited,False,426010.1153846154,11076263,43612510,12.962220717363254,0.052844577744104816,2.703418329995448,0.2539698586483557
810299,control_candidate,331,,,computed,2016-01_to_2018-02,not_yet_audited,False,115952.03846153847,3014753,7101156,11.660940547269515,-0.0198107109090895,0.5493533677134743,0.4245439756569212
810320,control_candidate,331,,,computed,2016-01_to_2018-02,not_yet_audited,False,3036609.576923077,78951849,255471140,14.926252509570794,0.0006277588697442242,0.36775303458548164,0.30904410181126524
810330,control_candidate,910,,,computed,2016-01_to_2018-02,not_yet_audited,False,891814.4230769231,23187175,103602468,13.7010144653486,0.037277187534905123,0.737686467385096,0.22380909883343705
810390,control_candidate,331,,,computed,2016-01_to_2018-02,not_yet_audited,False,1402096.0384615385,36454497,56858670,14.153479558490702,0.03856910945126602,0.5684936935367242,0.6411422743444404
811010,control_candidate,331,,,computed,2016-01_to_2018-02,not_yet_audited,False,2237394.8076923075,58172265,97240016,14.6208231616524,0.021506609079448444,0.46426366264669183,0.5982338073658894
811100,control_candidate,,ambiguous_naics3_candidates,,computed,2016-01_to_2018-02,not_yet_audited,False,2216622.730769231,57632191,118588638,14.611495754198543,0.021583407505975313,0.5398058311673702,0.4859840872782433
811221,control_candidate,331,,,computed,2016-01_to_2018-02,not_yet_audited,False,1225929.4615384615,31874166,127693305,14.019210674080483,0.013059742789911837,0.432061214053609,0.24961501309720194
821110,control_candidate,332,,,computed,2016-01_to_2018-02,not_yet_audited,False,5102800.576923077,132672815,140848959,15.445300275677164,0.015274575082116921,0.4430139283237172,0.9419509802695808
821191,control_candidate,332,,,computed,2016-01_to_2018-02,not_yet_audited,False,5767908.153846154,149965612,213617593,15.567820207796217,0.004430621678843708,0.1869190252151219,0.7020283764736549
821192,control_candidate,332,,,computed,2016-01_to_2018-02,not_yet_audited,False,13119804.115384616,341114907,620897481,16.389633487359575,0.012490302548489226,0.33540425070184304,0.5493900642834143
821210,control_candidate,332,,,computed,2016-01_to_2018-02,not_yet_audited,False,3876278.153846154,100783232,1082559115,15.170386270515536,-0.023427645647945645,0.23400121450916705,0.0930972088300231
821220,control_candidate,332,,,computed,2016-01_to_2018-02,not_yet_audited,False,3836377.769230769,99745822,361349316,15.160039450786309,-0.0014181463774063457,0.20643090666175384,0.27603711307426415
821290,control_candidate,332,,,computed,2016-01_to_2018-02,not_yet_audited,False,731398.1538461539,19016352,29881514,13.502714627800597,0.11944531896402341,1.166243724156016,0.6363918508279065
821300,control_candidate,332,,,computed,2016-01_to_2018-02,not_yet_audited,False,8088219.076923077,210293696,274509773,15.905919249614312,-4.963473366159996e-05,0.30017179375914604,0.7660699788637397
821410,control_candidate,332,,,computed,2016-01_to_2018-02,not_yet_audited,False,1458591.8461538462,37923388,45107085,14.192982724922578,-0.021975225715616196,0.4523116550574991,0.8407412715762945
821420,control_candidate,332,,,computed,2016-01_to_2018-02,not_yet_audited,False,5679486.192307692,147666641,193625815,15.552371503577154,0.007832357347256708,0.20804503412533024,0.7626392224611166
821490,control_candidate,332,,,computed,2016-01_to_2018-02,not_yet_audited,False,1432667.1923076923,37249347,46744736,14.175049132411932,-0.0013952235139799054,0.29206881136985285,0.7968672023305469
821510,control_candidate,339,,,computed,2016-01_to_2018-02,not_yet_audited,False,210763.57692307694,5479853,8713206,12.258497040366972,-0.015346958675689784,0.8857116012771279,0.6289135135792726
821591,control_candidate,332,,,computed,2016-01_to_2018-02,not_yet_audited,False,153879.38461538462,4000864,13299526,11.943930856313228,0.020347452973493312,0.6350589561529811,0.3008275633281968
830110,control_candidate,332,,,computed,2016-01_to_2018-02,not_yet_audited,False,11317433.884615384,294253281,510878619,16.24185500476259,0.00040855289528571765,0.15151116272882675,0.5759749381878124
830130,control_candidate,332,,,computed,2016-01_to_2018-02,not_yet_audited,False,1073172.923076923,27902496,62215357,13.88613109895003,0.0037151802302764114,0.2372582646967076,0.4484824542596452
830140,control_candidate,332,,,computed,2016-01_to_2018-02,not_yet_audited,False,21615302.5,561997865,1895865347,16.8889121171604,0.013005354328967933,0.17214732411095768,0.2964334286131134
830150,control_candidate,332,,,computed,2016-01_to_2018-02,not_yet_audited,False,157037.15384615384,4082966,7299539,11.964244072934692,0.00523476404534931,0.4639550710082118,0.5593457340251213
830160,control_candidate,332,,,computed,2016-01_to_2018-02,not_yet_audited,False,12655613.538461538,329045952,835154184,16.353611511703814,0.012714973464816655,0.1883204244262643,0.39399425675391214
830170,control_candidate,332,,,computed,2016-01_to_2018-02,not_yet_audited,False,1098089.0,28550314,155570989,13.9090828649056,0.025440966245973296,0.2437317371312278,0.1835195249674732
830242,control_candidate,,ambiguous_naics3_candidates,,computed,2016-01_to_2018-02,not_yet_audited,False,29451717.730769232,765744661,1561648779,17.198262827335817,0.010426029386534702,0.15246573481333023,0.49034371319416886
830400,control_candidate,332,,,computed,2016-01_to_2018-02,not_yet_audited,False,3708983.4615384615,96433570,107276451,15.12626866706917,0.009919220021320826,0.2886570418173963,0.8989258043221433
830510,control_candidate,323,,,computed,2016-01_to_2018-02,not_yet_audited,False,2329320.230769231,60562326,72391924,14.661087465834342,-0.04326644996065281,0.5004669627813445,0.8365895344900627
830520,control_candidate,331,,,computed,2016-01_to_2018-02,not_yet_audited,False,6012179.653846154,156316671,219679879,15.60929807828015,0.009305196544909907,0.15525284007030687,0.7115657187702658
830590,control_candidate,332,,,computed,2016-01_to_2018-02,not_yet_audited,False,2457368.076923077,63891570,70159813,14.714601854680161,-0.010229691271897975,0.3181365730188717,0.910657643856605
830610,control_candidate,332,,,computed,2016-01_to_2018-02,not_yet_audited,False,4099775.5384615385,106594164,122818262,15.226443027374945,0.013667828021095235,0.3643989357839477,0.8679015829095513
830621,control_candidate,339,,,computed,2016-01_to_2018-02,not_yet_audited,False,239805.26923076922,6234937,11296485,12.387586664815004,-3.38776019591931e-05,0.3552774661091536,0.5519360225769343
830629,control_candidate,339,,,computed,2016-01_to_2018-02,not_yet_audited,False,42709138.192307696,1110437593,1378714855,17.56992348790388,0.008011123021011805,0.23019662185954368,0.8054149768336253
840290,treated_candidate,332,,,computed,2016-01_to_2018-02,not_yet_audited,False,6544656.807692308,170161077,405167351,15.694159672948226,-0.018736774923054585,1.3503971126665568,0.4199772676155241
840310,control_candidate,333,,,computed,2016-01_to_2018-02,not_yet_audited,False,280455.92307692306,7291854,511004458,12.544175420233236,-0.21031774883436063,3.466386404133395,0.014269648504710306
840390,control_candidate,333,,,computed,2016-01_to_2018-02,not_yet_audited,False,1186110.5384615385,30838874,188581153,13.986190900038121,0.01788003650674787,0.48079168401928846,0.163531050210516
840490,treated_candidate,332,,,computed,2016-01_to_2018-02,not_yet_audited,False,729007.3076923077,18954190,95680445,13.499440406937257,0.02588288957592128,1.0124456900392276,0.19809889053087076
840510,treated_candidate,335,,,computed,2016-01_to_2018-02,not_yet_audited,False,135980.53846153847,3535494,79130147,11.82027440889745,0.13926191547461383,1.498016599314432,0.04467948227115008
840590,treated_candidate,335,,,computed,2016-01_to_2018-02,not_yet_audited,False,264055.1538461539,6865434,23052687,12.483917063472877,0.15243022336691756,2.7598385896104456,0.29781491415729544
840721,treated_candidate,333,,,computed,2016-01_to_2018-02,not_yet_audited,False,10515316.653846154,273398233,2067775117,16.16834357625333,0.004119285721429782,0.2878686241006271,0.1322185525651627
840729,treated_candidate,333,,,computed,2016-01_to_2018-02,not_yet_audited,False,1070379.3461538462,27829863,163059370,13.88352460697102,0.008421562538609999,0.48211292809693657,0.17067319099785558
840890,treated_candidate,333,,,computed,2016-01_to_2018-02,not_yet_audited,False,8304766.230769231,215923922,4771112689,15.932340273035214,0.024931988055469534,0.3013076073786216,0.04525651269940063
840910,treated_candidate,336,,,computed,2016-01_to_2018-02,not_yet_audited,False,82955.34615384616,2156839,148957062,11.326069798464882,0.002068305795819217,0.870229949577378,0.014479602182271827
841090,treated_candidate,333,,,computed,2016-01_to_2018-02,not_yet_audited,False,1183588.1153846155,30773291,102294776,13.984062003271767,-0.0025913949699479678,1.8065816448905416,0.3008295457824748
841191,treated_candidate,,ambiguous_naics3_candidates,,computed,2016-01_to_2018-02,not_yet_audited,False,27189120.230769232,706917126,26973936887,17.11832749651186,0.0007180305162018392,0.15545817282853147,0.026207413806944004
841199,treated_candidate,,ambiguous_naics3_candidates,,computed,2016-01_to_2018-02,not_yet_audited,False,18300211.692307692,475805504,6361755106,16.722423240274583,-0.02526454037288033,0.26317676741015356,0.07479154668359533
841221,treated_candidate,333,,,computed,2016-01_to_2018-02,not_yet_audited,False,12470054.692307692,324221422,2530149453,16.33884078374951,0.017448935343257622,0.1674856267463224,0.12814318996673119
841229,treated_candidate,333,,,computed,2016-01_to_2018-02,not_yet_audited,False,3712656.153846154,96529060,1472633303,15.127258392199492,0.02771165476735005,0.3621146333728949,0.06554860589079045
841231,treated_candidate,333,,,computed,2016-01_to_2018-02,not_yet_audited,False,2552312.3846153845,66360122,621861320,14.75251071552174,0.01304275906960893,0.17665705999800008,0.10671209137111148
841239,treated_candidate,333,,,computed,2016-01_to_2018-02,not_yet_audited,False,1526756.3461538462,39695665,259714462,14.238656662702327,0.025637228511655605,0.252396782203805,0.15284349086420917
841280,treated_candidate,,ambiguous_naics3_candidates,,computed,2016-01_to_2018-02,not_yet_audited,False,905862.3846153846,23552422,247753013,13.716643784047477,0.009703645195167634,0.3103855761153729,0.09506411936148684
841319,treated_candidate,333,,,computed,2016-01_to_2018-02,not_yet_audited,False,1697010.3461538462,44122269,434475140,14.344379230200992,0.014479628977367166,0.287318213500668,0.10155303477202401
841350,treated_candidate,333,,,computed,2016-01_to_2018-02,not_yet_audited,False,16621993.846153846,432171840,3094344048,16.626237367033326,0.010636763111962915,0.21512324728668036,0.13966509001458005
841360,treated_candidate,333,,,computed,2016-01_to_2018-02,not_yet_audited,False,12874600.23076923,334739606,2518669347,16.370767031666983,0.009566184788975075,0.17923985657522354,0.13290335486025986
841370,treated_candidate,333,,,computed,2016-01_to_2018-02,not_yet_audited,False,28680047.96153846,745681247,2763427095,17.17171228086085,0.00660836860540466,0.2221833158242073,0.2698393050966304
841381,treated_candidate,333,,,computed,2016-01_to_2018-02,not_yet_audited,False,10737441.153846154,279173470,948994705,16.189247457958263,0.010907794788943766,0.2258974508118737,0.2941781113520544
841382,treated_candidate,333,,,computed,2016-01_to_2018-02,not_yet_audited,False,54008.07692307692,1404210,17328907,10.896907402588765,-0.10751437495752232,3.0246567808936646,0.08103280835888842
841391,treated_candidate,,ambiguous_naics3_candidates,,computed,2016-01_to_2018-02,not_yet_audited,False,62471574.692307696,1624260942,5638880430,17.950222222335704,0.015135854210550135,0.14556026164007047,0.2880467075270117
841430,treated_candidate,,ambiguous_naics3_candidates,,computed,2016-01_to_2018-02,not_yet_audited,False,29962904.03846154,779035505,4632761405,17.215470675813183,-0.011064422037293065,0.30938010056919013,0.1681579163906888
841451,control_candidate,335,,,computed,2016-01_to_2018-02,not_yet_audited,False,110173557.96153846,2864512507,3032625195,18.5175674890655,-0.006449398613013307,0.32831129022113875,0.9445652933711777
841590,control_candidate,,ambiguous_naics3_candidates,,computed,2016-01_to_2018-02,not_yet_audited,False,64577184.57692308,1679006799,8557439729,17.983371741931666,0.00921911452493812,0.19972689137843286,0.19620433823332395
841620,control_candidate,333,,,computed,2016-01_to_2018-02,not_yet_audited,False,393379.6153846154,10227870,109454541,12.882532909154216,-0.01742561813472536,1.0845275154010316,0.09344399881956474
841690,treated_candidate,333,,,computed,2016-01_to_2018-02,not_yet_audited,False,2432284.230769231,63239390,236714478,14.704341797579817,-0.019555338710014875,0.2946461751102205,0.2671547196196424
841710,treated_candidate,333,,,computed,2016-01_to_2018-02,not_yet_audited,False,628921.3846153846,16351956,163208572,13.351763133180702,-0.10164104816129649,4.266140089865577,0.10019054636419465
841780,treated_candidate,333,,,computed,2016-01_to_2018-02,not_yet_audited,False,584274.6538461539,15191141,80065825,13.278128160459218,0.030842791527629622,1.3917157219229754,0.18973314769441268
841790,treated_candidate,333,,,computed,2016-01_to_2018-02,not_yet_audited,False,1430382.2692307692,37189939,335428491,14.173452986766126,-0.06082209022760119,0.9844223929264176,0.11087292820334692
841869,treated_candidate,333,,,computed,2016-01_to_2018-02,not_yet_audited,False,36839808.92307692,957835032,3700516234,17.42208960981247,0.002477597908232633,0.1256191501125859,0.2588382191650723
841911,treated_candidate,335,,,computed,2016-01_to_2018-02,not_yet_audited,False,561824.0769230769,14607426,805055597,13.23894582940062,0.0038859995116096286,0.3987531464492706,0.01814461765676042
841919,treated_candidate,335,,,computed,2016-01_to_2018-02,not_yet_audited,False,417576.07692307694,10856978,801679550,12.94222442161834,0.012833998518383719,0.4025680486369402,0.013542790258277138
841932,treated_candidate,333,,,computed,2016-01_to_2018-02,not_yet_audited,False,79566.73076923077,2068735,46893133,11.284363897292435,0.0041892555817209295,1.426814287774061,0.044115947637791655
841939,treated_candidate,333,,,computed,2016-01_to_2018-02,not_yet_audited,False,2219742.0,57713292,415696289,14.612901981381324,0.04264885791016057,0.6831488421734154,0.13883523506749418
841940,treated_candidate,333,,,computed,2016-01_to_2018-02,not_yet_audited,False,835029.7307692308,21710773,309759178,13.635223806472212,0.022710655173844182,1.0174715218252384,0.07008920006883541
841950,treated_candidate,332,,,computed,2016-01_to_2018-02,not_yet_audited,False,14633231.153846154,380464010,2666752546,16.498805675037634,0.02162885338354104,0.45019192910413147,0.14266940911734674
841981,control_candidate,333,,,computed,2016-01_to_2018-02,not_yet_audited,False,13829904.307692308,359577512,1853037006,16.44234385674059,0.011530699076559894,0.17783447142357187,0.19404766922393563
841990,treated_candidate,,ambiguous_naics3_candidates,,computed,2016-01_to_2018-02,not_yet_audited,False,13583517.73076923,353171461,2014636796,16.424367757780878,-0.0034175181653480044,0.21698097269390895,0.17530279487658082
842091,treated_candidate,333,,,computed,2016-01_to_2018-02,not_yet_audited,False,42721.230769230766,1110752,71941297,10.662474690651614,-0.06495214633795171,2.2723777966799945,0.01543969939824688
842119,treated_candidate,333,,,computed,2016-01_to_2018-02,not_yet_audited,False,1460699.076923077,37978176,512643262,14.19442638350069,0.02487933689727825,0.4696221522553524,0.07408304919845021
842121,treated_candidate,333,,,computed,2016-01_to_2018-02,not_yet_audited,False,26826579.96153846,697491079,2409157967,17.104903780868824,0.010005121414827121,0.1708382427141698,0.2895165400335079
842122,treated_candidate,333,,,computed,2016-01_to_2018-02,not_yet_audited,False,168464.53846153847,4380078,132793490,12.034486488341493,0.03056816536632545,0.8402839486121866,0.03298413197815646
842129,treated_candidate,333,,,computed,2016-01_to_2018-02,not_yet_audited,False,7530407.153846154,195790586,2089558119,15.834459802005137,0.002851923982353354,0.19288712326708993,0.0936995167637163
842139,treated_candidate,,ambiguous_naics3_candidates,,computed,2016-01_to_2018-02,not_yet_audited,False,24249322.730769232,630482391,6284781910,17.003899287567947,0.01782274436410772,0.20520869635978134,0.10031889730283418
842199,treated_candidate,333,,,computed,2016-01_to_2018-02,not_yet_audited,False,23750734.576923076,617519099,2964871710,16.983124059625233,0.010552571748626489,0.1622717023751584,0.2082785224457486
842211,control_candidate,335,,,computed,2016-01_to_2018-02,not_yet_audited,False,10022402.0,260582452,804644831,16.12033344522797,0.025394834664220406,0.3564382137412518,0.32384779216956155
842219,treated_candidate,333,,,computed,2016-01_to_2018-02,not_yet_audited,False,142153.57692307694,3695993,151811019,11.864670314401657,0.044376679269763554,0.8130551494879906,0.02434601272256792
842220,treated_candidate,333,,,computed,2016-01_to_2018-02,not_yet_audited,False,229657.46153846153,5971094,127601518,12.344348534441862,0.05852385149642278,1.307302856019909,0.0467948508261477
842230,treated_candidate,333,,,computed,2016-01_to_2018-02,not_yet_audited,False,10919999.26923077,283919981,2468191444,16.206106552935864,0.016452998078784156,0.2820652671145864,0.11503158788196496
842240,treated_candidate,333,,,computed,2016-01_to_2018-02,not_yet_audited,False,2620154.576923077,68124019,1965047506,14.778744254479319,0.015581467048192353,0.27938738567737226,0.03466787382594708
842310,control_candidate,333,,,computed,2016-01_to_2018-02,not_yet_audited,False,13760018.115384616,357760471,375351552,16.43727777966797,0.0038676975711631045,0.19976181893019232,0.9531343858676785
842330,treated_candidate,333,,,computed,2016-01_to_2018-02,not_yet_audited,False,735666.6538461539,19127333,213008377,13.508533738454078,0.00443785035246544,0.36372962094476596,0.08979615388553475
842382,treated_candidate,333,,,computed,2016-01_to_2018-02,not_yet_audited,False,2403651.3846153845,62494936,366276908,14.692499965436149,-0.010864818586054306,0.18057359710872845,0.17062210211734125
842410,control_candidate,339,,,computed,2016-01_to_2018-02,not_yet_audited,False,400512.8846153846,10413335,264204219,12.90050371309283,0.06106345643671912,0.8964548702727346,0.03941396181867936
842511,treated_candidate,333,,,computed,2016-01_to_2018-02,not_yet_audited,False,1963776.8076923077,51058197,268199470,14.490380628957022,-0.018245441768637197,0.2745110465126359,0.19037396680910668
842539,treated_candidate,333,,,computed,2016-01_to_2018-02,not_yet_audited,False,2787475.9615384615,72474375,283559739,14.84064742979742,0.013420314059110008,0.21982016695234358,0.25558767706440866
842619,control_candidate,333,,,computed,2016-01_to_2018-02,not_yet_audited,False,6114670.923076923,158981444,548082874,15.626201674491105,0.0038653493390772443,1.8408776285697204,0.29006825708624495
842699,treated_candidate,333,,,computed,2016-01_to_2018-02,not_yet_audited,False,265651.07692307694,6906928,95877262,12.489942750117216,0.11134065422861845,3.4548495690418264,0.0720392703746588
842710,treated_candidate,333,,,computed,2016-01_to_2018-02,not_yet_audited,False,6810171.846153846,177064468,1707932889,15.7339280590303,0.010854207672744014,0.23459695484661414,0.10367179479966089
842720,treated_candidate,333,,,computed,2016-01_to_2018-02,not_yet_audited,False,11411531.884615384,296699829,3222043427,16.250135058530315,0.013703734939285473,0.2583307654892507,0.09208436686908751
842810,control_candidate,333,,,computed,2016-01_to_2018-02,not_yet_audited,False,347955.6923076923,9046848,354729057,12.759833303620704,0.0419832355693572,0.7798131694920223,0.025503543680663297
842820,treated_candidate,333,,,computed,2016-01_to_2018-02,not_yet_audited,False,451925.0,11750050,271382602,13.021273728597148,-0.010156332055161916,1.1381945738334223,0.043296990718660736
842832,treated_candidate,333,,,computed,2016-01_to_2018-02,not_yet_audited,False,120613.46153846153,3135950,20742427,11.700354469340445,-0.046162138348886994,0.8865854481047468,0.15118529765104152
842833,treated_candidate,333,,,computed,2016-01_to_2018-02,not_yet_audited,False,1015214.1153846154,26395567,887547615,13.830611084342214,0.06377721908684099,0.8600592984436254,0.029739888377706924
842839,treated_candidate,333,,,computed,2016-01_to_2018-02,not_yet_audited,False,3872563.0,100686638,1615074841,15.169427377928073,0.04183098274730039,0.6900998797248235,0.062341778500901064
842890,treated_candidate,333,,,computed,2016-01_to_2018-02,not_yet_audited,False,14393113.461538462,374220950,5497194347,16.482260487796975,0.011435154027594555,0.18535533355194594,0.06807489900811396
842940,treated_candidate,,ambiguous_naics3_candidates,,computed,2016-01_to_2018-02,not_yet_audited,False,3731968.846153846,97031190,735127421,15.132446761108007,0.0106865146757738,0.34436155198734186,0.13199234204596486
842951,treated_candidate,,ambiguous_naics3_candidates,,computed,2016-01_to_2018-02,not_yet_audited,False,4432846.384615385,115254006,3427324338,15.304552686023214,0.09059542764511541,1.0160472745617082,0.03362798341614087
842952,treated_candidate,,ambiguous_naics3_candidates,,computed,2016-01_to_2018-02,not_yet_audited,False,6583154.346153846,171162013,6080747765,15.700024724250552,0.06286939515430938,0.6578528784346034,0.028148184995468235
842959,treated_candidate,,ambiguous_naics3_candidates,,computed,2016-01_to_2018-02,not_yet_audited,False,363079.3461538461,9440063,526660214,12.80237942802186,-0.007366616466168569,0.9951715068179254,0.017924389860974006
843010,treated_candidate,333,,,computed,2016-01_to_2018-02,not_yet_audited,False,493198.92307692306,12823172,110776775,13.108669894305004,-0.018629453187010724,0.8068765593596181,0.11575686329557798
843020,control_candidate,333,,,computed,2016-01_to_2018-02,not_yet_audited,False,3932727.346153846,102250911,304124043,15.184843978637897,0.0803827244948422,2.4425811331263887,0.3362144932421538
843039,treated_candidate,333,,,computed,2016-01_to_2018-02,not_yet_audited,False,130396.30769230769,3390304,185864394,11.778341281730164,0.13938960108496604,4.371584515964741,0.018240739536158818
843061,treated_candidate,333,,,computed,2016-01_to_2018-02,not_yet_audited,False,202414.15384615384,5262768,50994049,12.218076084374163,0.06550279865125275,0.6147635024349426,0.10320357185208023
843069,treated_candidate,333,,,computed,2016-01_to_2018-02,not_yet_audited,False,385999.3076923077,10035982,208827889,12.863593445576981,0.052672148265267726,0.7553100199998618,0.04805862879742083
843110,treated_candidate,333,,,computed,2016-01_to_2018-02,not_yet_audited,False,7391509.961538462,192179259,704586598,15.8158427323146,0.0060812240118823,0.12156178029642621,0.27275463306499054
843120,treated_candidate,333,,,computed,2016-01_to_2018-02,not_yet_audited,False,24117328.653846152,627050545,2102050827,16.998441212825625,0.01936702775689257,0.18289542963624103,0.2983041784460143
843131,treated_candidate,333,,,computed,2016-01_to_2018-02,not_yet_audited,False,8102726.730769231,210670895,791755715,15.907711319837885,0.008899203394375296,0.2031986692204589,0.26608067489604414
843139,treated_candidate,333,,,computed,2016-01_to_2018-02,not_yet_audited,False,15093417.423076924,392428853,3164014313,16.52976934074655,0.019843679422936432,0.20376738202231617,0.12402878564348643
843141,treated_candidate,333,,,computed,2016-01_to_2018-02,not_yet_audited,False,4733015.961538462,123058415,556782563,15.370073392557954,0.033135525587755614,0.31652818796323834,0.22101700587918735
843142,treated_candidate,333,,,computed,2016-01_to_2018-02,not_yet_audited,False,229280.46153846153,5961292,101807085,12.342705617511594,0.040257676790540035,0.6253578583407873,0.058554785258805905
843143,treated_candidate,333,,,computed,2016-01_to_2018-02,not_yet_audited,False,10789212.923076924,280519536,1636648323,16.194057482224284,0.05948323048040051,0.4895189825761372,0.17139878620093757
843149,treated_candidate,333,,,computed,2016-01_to_2018-02,not_yet_audited,False,50359378.692307696,1309343846,6376527880,17.734695449596483,0.021523190736968276,0.19842630054566202,0.205338057112047
843210,treated_candidate,333,,,computed,2016-01_to_2018-02,not_yet_audited,False,74909.65384615384,1947651,20501693,11.224051400326662,0.14023264233200794,2.4182469796697825,0.09499952028352
843221,treated_candidate,333,,,computed,2016-01_to_2018-02,not_yet_audited,False,49355.92307692308,1283254,47147557,10.806833320269241,-0.01454699221517234,0.7938577269811363,0.027217825941649534
843280,treated_candidate,333,,,computed,2016-01_to_2018-02,not_yet_audited,False,489126.6538461539,12717293,159089245,13.100378785199306,0.029090355043409344,0.6610171299470976,0.07993810643830764
843290,treated_candidate,333,,,computed,2016-01_to_2018-02,not_yet_audited,False,4732918.307692308,123055876,555620497,15.370052759871788,0.007302924674143819,0.18614291270576738,0.2214746876049823
843311,control_candidate,333,,,computed,2016-01_to_2018-02,not_yet_audited,False,15221013.461538462,395746350,883589890,16.538187561365714,0.022504904257451865,0.6780502417644728,0.4478846515548067
843319,control_candidate,333,,,computed,2016-01_to_2018-02,not_yet_audited,False,1671529.0,43459754,61976964,14.32924993263217,0.008566960540282753,0.5466124883651057,0.7012243129560203
843320,treated_candidate,333,,,computed,2016-01_to_2018-02,not_yet_audited,False,382865.0,9954490,380111374,12.85544033749249,0.0042025551272884005,0.4804068183200715,0.026188350785840996
843351,treated_candidate,333,,,computed,2016-01_to_2018-02,not_yet_audited,False,1015904.5769230769,26413519,226263736,13.831290966702404,0.001437086463147934,0.6319217187862887,0.11673774802339514
843490,treated_candidate,333,,,computed,2016-01_to_2018-02,not_yet_audited,False,620307.6538461539,16127999,172430510,13.337972461929755,0.015231618133577252,0.5029107109045943,0.09353332539583627
843510,control_candidate,333,,,computed,2016-01_to_2018-02,not_yet_audited,False,227399.96153846153,5912399,55185109,12.334470088690958,-0.0014841307722486114,0.47921589397538894,0.10713757945100734
843590,control_candidate,333,,,computed,2016-01_to_2018-02,not_yet_audited,False,109076.38461538461,2835986,18783050,11.599812859915428,0.018851304683033546,0.9664830516855818,0.15098644788785634
843610,treated_candidate,333,,,computed,2016-01_to_2018-02,not_yet_audited,False,114398.5,2974361,121887494,11.647451987288912,0.025587308286508445,2.60213621681635,0.024402511712973605
843621,treated_candidate,333,,,computed,2016-01_to_2018-02,not_yet_audited,False,222642.3076923077,5788700,17510874,12.31332625277423,0.05185079220864979,0.7092233417289459,0.3305774457631298
843629,treated_candidate,333,,,computed,2016-01_to_2018-02,not_yet_audited,False,75838.57692307692,1971803,283935833,11.236375558367417,0.06525508152890401,0.9888600420586211,0.006944537359608289
843680,treated_candidate,333,,,computed,2016-01_to_2018-02,not_yet_audited,False,2526548.0384615385,65690249,853365402,14.742364913168142,0.014453496414554137,0.2984992067666856,0.07697786768252411
843691,treated_candidate,333,,,computed,2016-01_to_2018-02,not_yet_audited,False,601855.8076923077,15648251,187974040,13.307774835021316,-0.005882085687691795,0.6458723217472759,0.08324687281286289
843699,treated_candidate,333,,,computed,2016-01_to_2018-02,not_yet_audited,False,3223028.4615384615,83798740,442593634,14.985832301785415,0.012781589912776423,0.3654909572110194,0.1893356197707986
843710,treated_candidate,333,,,computed,2016-01_to_2018-02,not_yet_audited,False,348524.6153846154,9061640,69005902,12.76146700830258,0.014847478908337146,1.1256821360886766,0.13131688359062388
843780,treated_candidate,333,,,computed,2016-01_to_2018-02,not_yet_audited,False,233045.61538461538,6059186,57654817,12.35899377856569,-0.16518018592866,2.8421102316451146,0.10509418493167709
843790,treated_candidate,333,,,computed,2016-01_to_2018-02,not_yet_audited,False,1134706.8846153845,29502379,132770462,13.941885805389278,-0.024937567026705597,0.2995654257433631,0.22220589245219316
843810,control_candidate,333,,,computed,2016-01_to_2018-02,not_yet_audited,False,1012989.9615384615,26337739,526561960,13.82841786072158,0.0061640980854605195,0.7347442043078986,0.050018309336284
843820,control_candidate,333,,,computed,2016-01_to_2018-02,not_yet_audited,False,134166.96153846153,3488341,206381552,11.80684773834442,0.029380614130039298,0.9917222102482289,0.016902387670773986
843840,control_candidate,333,,,computed,2016-01_to_2018-02,not_yet_audited,False,1781135.2692307692,46309517,191386112,14.392762072107772,0.008944892140588056,0.2988892839788082,0.24196905677252067
843850,treated_candidate,333,,,computed,2016-01_to_2018-02,not_yet_audited,False,850097.2307692308,22102528,399565873,13.653107187400169,0.03525529691646849,0.6831430256692421,0.05531635580899573
843860,treated_candidate,333,,,computed,2016-01_to_2018-02,not_yet_audited,False,165229.61538461538,4295970,139408546,12.015097446050225,0.018193905943929112,0.6983358104337529,0.030815686148824763
843880,treated_candidate,333,,,computed,2016-01_to_2018-02,not_yet_audited,False,2699150.153846154,70177904,678759983,14.808447894080071,0.010035965409929792,0.2575156088303052,0.10339133973370968
843991,treated_candidate,333,,,computed,2016-01_to_2018-02,not_yet_audited,False,757097.5769230769,19684537,205519474,13.537248744447679,0.037422919982686056,0.8414672434785095,0.0957794247760677
843999,treated_candidate,333,,,computed,2016-01_to_2018-02,not_yet_audited,False,1510064.7692307692,39261684,532019077,14.227663763624548,0.019501554133939163,0.5398536087723217,0.0737975115881042
844010,control_candidate,333,,,computed,2016-01_to_2018-02,not_yet_audited,False,390416.03846153844,10150817,211367910,12.874970776168972,0.017640535166807875,0.47053559438935877,0.04802439973030911
844090,control_candidate,333,,,computed,2016-01_to_2018-02,not_yet_audited,False,45289.38461538462,1177524,73310164,10.720850028794718,0.04084605476143749,0.6421625395676004,0.016062220240020197
844130,treated_candidate,333,,,computed,2016-01_to_2018-02,not_yet_audited,False,1618476.8846153845,42080399,528922103,14.296996688131129,0.03764441099533614,1.1878155548774196,0.07955878334696859
844140,treated_candidate,333,,,computed,2016-01_to_2018-02,not_yet_audited,False,235537.03846153847,6123963,27265928,12.36962770152499,-0.049827591883680966,3.4171222104317116,0.22460130460257946
844180,treated_candidate,333,,,computed,2016-01_to_2018-02,not_yet_audited,False,795486.7307692308,20682655,420140062,13.586710703346546,0.050954563721046106,0.7743827687335014,0.04922800006632074
844190,treated_candidate,333,,,computed,2016-01_to_2018-02,not_yet_audited,False,1927315.1538461538,50110194,472711711,14.471638999246037,0.011009101991135676,0.2607046401606284,0.1060058230713053
844230,treated_candidate,333,,,computed,2016-01_to_2018-02,not_yet_audited,False,1128429.1153846155,29339157,100056055,13.93633794632582,-0.03005991583715316,0.5805453842427193,0.29322720149220355
844240,treated_candidate,333,,,computed,2016-01_to_2018-02,not_yet_audited,False,652103.5,16954691,57112447,13.387960104139571,0.020420080088157797,0.39717325389801933,0.2968650774147359
844331,control_candidate,334,,,computed,2016-01_to_2018-02,not_yet_audited,False,197780362.76923078,5142289432,9656893820,19.10266769906639,-0.0006561123736805231,0.15244172369252387,0.5324993240942563
844332,control_candidate,334,,,computed,2016-01_to_2018-02,not_yet_audited,False,76110467.57692307,1978872157,4733214301,18.14769637679962,-0.004514512928140929,0.10716646102773812,0.4180820962579104
844400,treated_candidate,333,,,computed,2016-01_to_2018-02,not_yet_audited,False,220009.6923076923,5720252,94164481,12.30143142555209,0.059741193510378966,4.3578433404359895,0.06074744892397379
844712,control_candidate,333,,,computed,2016-01_to_2018-02,not_yet_audited,False,43781.57692307692,1138321,24843766,10.686991230081881,0.15819480033773714,3.514060863516251,0.04581918055418812
844720,control_candidate,333,,,computed,2016-01_to_2018-02,not_yet_audited,False,166531.26923076922,4329813,39688470,12.022944378817868,0.0820089393165835,2.6312154775020407,0.10909498400920972
844790,control_candidate,333,,,computed,2016-01_to_2018-02,not_yet_audited,False,1273931.0384615385,33122207,245049163,14.057618768684708,-0.014530914664068384,0.36359234712656946,0.1351655585944605
844819,control_candidate,333,,,computed,2016-01_to_2018-02,not_yet_audited,False,134575.42307692306,3498961,36800669,11.809887517974198,0.09611272365758375,3.8181627226686525,0.09507873348715482
844820,control_candidate,333,,,computed,2016-01_to_2018-02,not_yet_audited,False,66310.80769230769,1724081,58655906,11.10212325522354,0.0853894340243147,1.1872350463014414,0.029393135620477844
844831,control_candidate,333,,,computed,2016-01_to_2018-02,not_yet_audited,False,24754.884615384617,643627,15282765,10.116818501973638,-0.17281808354474296,3.770163235572982,0.04211456500181741
844832,control_candidate,333,,,computed,2016-01_to_2018-02,not_yet_audited,False,98358.61538461539,2557324,23753712,11.496385586040004,0.007155016750366752,0.6610440411263359,0.10765997331280265
844839,control_candidate,333,,,computed,2016-01_to_2018-02,not_yet_audited,False,743761.5769230769,19337801,108036656,13.519477145847677,0.07968660475995935,1.170604416277885,0.1789929614259812
844842,control_candidate,333,,,computed,2016-01_to_2018-02,not_yet_audited,False,27634.30769230769,718492,8016778,10.226849498358,-0.02804771987773747,2.1382379893762318,0.08962353703694925
844849,control_candidate,333,,,computed,2016-01_to_2018-02,not_yet_audited,False,262253.76923076925,6818598,119977505,12.47707171191118,0.027546621175412574,0.43954679528944146,0.05683230368892902
844859,control_candidate,333,,,computed,2016-01_to_2018-02,not_yet_audited,False,146865.92307692306,3818514,72338193,11.897282170551762,0.004383279728995433,0.32209101760110287,0.05278696967174726
844900,control_candidate,333,,,computed,2016-01_to_2018-02,not_yet_audited,False,362595.23076923075,9427476,254145402,12.801045182238465,-0.005351965595471653,1.30190792294817,0.037094812362570305
845019,control_candidate,335,,,computed,2016-01_to_2018-02,not_yet_audited,False,230870.1923076923,6002625,6715119,12.349615224924575,0.009951214660116114,0.5036676561879726,0.8938970403949654
845210,control_candidate,333,,,computed,2016-01_to_2018-02,not_yet_audited,False,7718436.692307692,200679354,559195959,15.859122530058357,-0.012976103462696235,0.4425658008368929,0.3588712521436515
845221,control_candidate,333,,,computed,2016-01_to_2018-02,not_yet_audited,False,2181245.3076923075,56712378,206022805,14.595406972182928,-0.006704360183500812,0.28139299059935136,0.2752723321090595
845230,control_candidate,339,,,computed,2016-01_to_2018-02,not_yet_audited,False,18024.76923076923,468644,26367422,9.799557637013397,0.1374372269751258,3.6382632734975844,0.017773599557817977
845290,control_candidate,,ambiguous_naics3_candidates,,computed,2016-01_to_2018-02,not_yet_audited,False,1825708.8846153845,47468431,152841657,14.417479447237893,0.010793678797964891,0.22659445445423754,0.31057260129023595
845320,control_candidate,333,,,computed,2016-01_to_2018-02,not_yet_audited,False,44189.96153846154,1148939,12597169,10.696275557074786,-0.11344728339960224,2.195518792885073,0.09120612734496139
845380,control_candidate,333,,,computed,2016-01_to_2018-02,not_yet_audited,False,41926.88461538462,1090099,5422688,10.643706388507805,-0.011935284988500909,0.6851693553264391,0.2010255799337893
845390,control_candidate,333,,,computed,2016-01_to_2018-02,not_yet_audited,False,40256.07692307692,1046658,22647626,10.603041091567274,-0.01750908217188181,3.924061770566644,0.046214910119056186
845410,treated_candidate,333,,,computed,2016-01_to_2018-02,not_yet_audited,False,20500.076923076922,533002,3972715,9.92823269657972,-0.07255790247580708,2.007446929190052,0.13416567762852358
845430,treated_candidate,333,,,computed,2016-01_to_2018-02,not_yet_audited,False,528364.0384615385,13737465,215867897,13.17754268453128,-0.02169681065871392,1.1040393801840693,0.06363829541545958
845490,treated_candidate,333,,,computed,2016-01_to_2018-02,not_yet_audited,False,2971721.6153846155,77264762,576388745,14.904652347820894,-0.0002469232987393228,0.36029905038837573,0.1340497410302486
845522,treated_candidate,333,,,computed,2016-01_to_2018-02,not_yet_audited,False,353307.96153846156,9186007,52991130,12.775098198263194,0.0139193972787524,0.6226764349998145,0.17334989836978376
845530,treated_candidate,331,,,computed,2016-01_to_2018-02,not_yet_audited,False,1961557.7307692308,51000501,321793779,14.489249985947062,-0.01992323809344321,0.32657930124062373,0.15848815088498028
845630,treated_candidate,333,,,computed,2016-01_to_2018-02,not_yet_audited,False,2501705.153846154,65044334,321107290,14.732483518605914,0.008896891027699616,0.4545603141704457,0.2025626201136698
845710,treated_candidate,333,,,computed,2016-01_to_2018-02,not_yet_audited,False,570943.5,14844531,2505602325,13.255047286015701,-0.00017508380401120023,0.704725057155056,0.00592453592969906
845811,treated_candidate,333,,,computed,2016-01_to_2018-02,not_yet_audited,False,2198908.4615384615,57171620,1401024357,14.60347209612833,0.029831677464721693,0.6676987241714929,0.04080701360711604
845819,treated_candidate,333,,,computed,2016-01_to_2018-02,not_yet_audited,False,1106604.3846153845,28771714,136343863,13.916807675343746,0.005766850972071862,0.2794259459357247,0.21102316867756638
845891,treated_candidate,333,,,computed,2016-01_to_2018-02,not_yet_audited,False,858953.9230769231,22332802,299101566,13.663471723543985,0.10948581434084287,4.5194987896484164,0.07466628242260691
845899,treated_candidate,333,,,computed,2016-01_to_2018-02,not_yet_audited,False,145692.0,3787992,22685262,11.889256947103275,-0.0040430475855714925,0.7686006599282421,0.1669803064209706
845961,treated_candidate,333,,,computed,2016-01_to_2018-02,not_yet_audited,False,300792.26923076925,7820599,243987000,12.614178494579974,0.0108044440449639,0.4084468931909776,0.032053343005979826
845969,treated_candidate,333,,,computed,2016-01_to_2018-02,not_yet_audited,False,475238.73076923075,12356207,73219347,13.071574652056682,0.01210160601393466,0.5417594354470924,0.1687560393020167
845970,treated_candidate,333,,,computed,2016-01_to_2018-02,not_yet_audited,False,81650.07692307692,2122902,30552547,11.310210287816552,0.04619700357975949,3.1289696877639153,0.06948363421223114
846040,treated_candidate,333,,,computed,2016-01_to_2018-02,not_yet_audited,False,147629.38461538462,3838364,66822895,11.902467027790504,0.18666777683834926,3.932667200977056,0.05744085167217015
846090,treated_candidate,333,,,computed,2016-01_to_2018-02,not_yet_audited,False,1283036.576923077,33358951,149585626,14.064740931495518,0.006843722951956596,0.3356704225055242,0.2230090677295424
846190,treated_candidate,333,,,computed,2016-01_to_2018-02,not_yet_audited,False,75028.73076923077,1950747,54088328,11.22563972422507,0.057114234684754066,0.96279992768214,0.03606595123443269
846210,treated_candidate,333,,,computed,2016-01_to_2018-02,not_yet_audited,False,1482305.923076923,38539954,443549191,14.209110163987518,0.010657520084456952,1.0067307473760794,0.08688992062663912
846221,treated_candidate,333,,,computed,2016-01_to_2018-02,not_yet_audited,False,719550.9615384615,18708325,564552558,13.486384021657367,0.04140521648899069,2.7306201481914054,0.033138322969037015
846229,treated_candidate,333,,,computed,2016-01_to_2018-02,not_yet_audited,False,1756788.3461538462,45676497,451826693,14.378998465931195,-0.006169811110849233,0.3880114351605843,0.10109295822413927
846239,treated_candidate,333,,,computed,2016-01_to_2018-02,not_yet_audited,False,448326.6923076923,11656494,69345640,13.013279700057485,0.00022940004670446337,0.28704756442123386,0.16809267316589765
846249,treated_candidate,333,,,computed,2016-01_to_2018-02,not_yet_audited,False,292914.0,7615764,66534563,12.587637743522288,0.04831548473660819,0.9822370605895451,0.11446327527543843
846291,treated_candidate,333,,,computed,2016-01_to_2018-02,not_yet_audited,False,771208.2692307692,20051415,249629185,13.555715041437011,0.03532147887787415,0.7247028159084189,0.08032480256665502
846299,treated_candidate,333,,,computed,2016-01_to_2018-02,not_yet_audited,False,382667.23076923075,9949348,237044021,12.854923654561224,0.014347546902814258,0.5664711561734022,0.04197257521209531
846310,treated_candidate,333,,,computed,2016-01_to_2018-02,not_yet_audited,False,107799.57692307692,2802789,53762713,11.58803828923378,0.06614275468500767,3.23220369722755,0.05213258118131055
846330,treated_candidate,333,,,computed,2016-01_to_2018-02,not_yet_audited,False,246025.1923076923,6396655,155336772,12.41319328204217,0.021986816921653378,1.2639677920178973,0.041179270803953616
846390,treated_candidate,,ambiguous_naics3_candidates,,computed,2016-01_to_2018-02,not_yet_audited,False,349071.76923076925,9075866,211845193,12.763035687274384,0.0023468043837199843,0.3887848475219459,0.04284197281738651
846420,treated_candidate,333,,,computed,2016-01_to_2018-02,not_yet_audited,False,1194728.8846153845,31062951,186321939,13.993430679818555,0.013513373820211592,0.2668308497666745,0.1667165507546591
846490,treated_candidate,333,,,computed,2016-01_to_2018-02,not_yet_audited,False,1409287.0384615385,36641463,227773310,14.158595197569282,0.0003427431290415611,0.27522737708076467,0.16086811488141434
846510,treated_candidate,,ambiguous_naics3_candidates,,computed,2016-01_to_2018-02,not_yet_audited,False,279360.8846153846,7263383,183903863,12.54026329779971,0.10343421407706714,3.5695926216304006,0.03949554338616585
846592,treated_candidate,,ambiguous_naics3_candidates,,computed,2016-01_to_2018-02,not_yet_audited,False,2681330.153846154,69714584,316644846,14.801823928369151,0.027019714919929803,0.26134637359372187,0.2201664889881075
846593,treated_candidate,,ambiguous_naics3_candidates,,computed,2016-01_to_2018-02,not_yet_audited,False,1723799.923076923,44818798,220230526,14.360042249684863,0.03391161865043355,0.3440317249948917,0.20350856356761368
846594,treated_candidate,,ambiguous_naics3_candidates,,computed,2016-01_to_2018-02,not_yet_audited,False,206498.0,5368948,175218735,12.238050848756487,0.0062048442953069865,2.5747426341650703,0.03064140372888778
846596,control_candidate,333,,,computed,2016-01_to_2018-02,not_yet_audited,False,4036294.0384615385,104943645,142399332,15.21083775948392,0.04206688507178936,0.6435704505527922,0.7369672562789831
846610,treated_candidate,333,,,computed,2016-01_to_2018-02,not_yet_audited,False,18409228.0,478639928,1537054292,16.72836267291893,0.019067170692869315,0.3928872384856854,0.3114007946831848
846620,treated_candidate,333,,,computed,2016-01_to_2018-02,not_yet_audited,False,2300104.1153846155,59802707,588847516,14.648465382196195,0.011792345607283268,0.29205125312058755,0.10155890171064252
846692,treated_candidate,333,,,computed,2016-01_to_2018-02,not_yet_audited,False,2987500.730769231,77675019,463815123,14.909948054558717,0.04142800503909829,0.42642567553557686,0.16746978515403
846694,treated_candidate,333,,,computed,2016-01_to_2018-02,not_yet_audited,False,2301695.0384615385,59844071,956066784,14.649156817174422,0.02036115910528633,0.29901057912851925,0.0625940279502483
846711,treated_candidate,333,,,computed,2016-01_to_2018-02,not_yet_audited,False,5538137.0,143991562,461739908,15.527168901145807,0.003917554805709538,0.20804130504876542,0.31184560724606025
846721,control_candidate,333,,,computed,2016-01_to_2018-02,not_yet_audited,False,43556528.23076923,1132469734,1449962561,17.589570174956723,0.008172231981710376,0.23801819737557192,0.7810337759472674
846722,control_candidate,333,,,computed,2016-01_to_2018-02,not_yet_audited,False,53684296.76923077,1395791716,1646689249,17.79863111018795,0.01172897171126081,0.1643705194130914,0.8476351666518958
846729,control_candidate,,ambiguous_naics3_candidates,,computed,2016-01_to_2018-02,not_yet_audited,False,147276456.6153846,3829187872,5491510857,18.807822042558726,0.007724862336260845,0.16522564732351408,0.6972922337245231
846781,control_candidate,333,,,computed,2016-01_to_2018-02,not_yet_audited,False,3774862.230769231,98146418,564052871,15.143874709749124,-0.012428258113291702,0.24645966160069324,0.17400216016274828
846789,control_candidate,333,,,computed,2016-01_to_2018-02,not_yet_audited,False,10918033.384615384,283868868,1207564502,16.205926510669986,-0.0039895418263464315,0.3511689212780022,0.23507553222196326
846791,control_candidate,333,,,computed,2016-01_to_2018-02,not_yet_audited,False,1974296.2307692308,51331702,147310314,14.495723060472036,0.0036506141889661053,0.2057567287920224,0.3484596604688522
846792,control_candidate,333,,,computed,2016-01_to_2018-02,not_yet_audited,False,2030482.576923077,52792547,335262747,14.52378453788227,0.014805853652070914,0.25660142580940953,0.15746618875016258
846810,control_candidate,333,,,computed,2016-01_to_2018-02,not_yet_audited,False,419853.53846153844,10916192,66403376,12.947663593274704,0.015888521461770343,0.38844513476996345,0.16439212367756723
847050,control_candidate,,ambiguous_naics3_candidates,,computed,2016-01_to_2018-02,not_yet_audited,False,19287112.230769232,501464918,1253946839,16.77494772260838,-0.011669379600063035,0.27664381386977765,0.3999092325157175
847130,control_candidate,334,,,computed,2016-01_to_2018-02,not_yet_audited,False,2912780249.9615383,75732286499,81193604280,21.792373874715153,0.007410953129172282,0.1918497022119923,0.9327370938951498
847141,control_candidate,334,,,computed,2016-01_to_2018-02,not_yet_audited,False,88771814.38461539,2308067174,3355386657,18.30157976326477,0.012338413120708241,0.2527218919583803,0.6878692114915923
847149,control_candidate,334,,,computed,2016-01_to_2018-02,not_yet_audited,False,140025417.69230768,3640660860,5602736303,18.75733452618109,0.014587268008358635,0.2046044362744729,0.6498005015960859
847410,treated_candidate,333,,,computed,2016-01_to_2018-02,not_yet_audited,False,925745.1153846154,24069373,521473781,13.738355302585164,-0.019065771628328336,0.4719591423039366,0.04615643945481508
847420,treated_candidate,333,,,computed,2016-01_to_2018-02,not_yet_audited,False,1500983.1538461538,39025562,532955623,14.221631553495351,0.005024315466863213,0.7124061325880005,0.07322478704760753
847431,treated_candidate,333,,,computed,2016-01_to_2018-02,not_yet_audited,False,1368121.3461538462,35571155,129669783,14.12894980748861,0.006245630998554012,0.34255050197172376,0.2743210806483728
847439,treated_candidate,333,,,computed,2016-01_to_2018-02,not_yet_audited,False,221630.65384615384,5762397,46109394,12.308772065920317,0.004428579558317893,0.8613475842745283,0.12497229957088571
847480,treated_candidate,333,,,computed,2016-01_to_2018-02,not_yet_audited,False,333612.8076923077,8673933,212703492,12.71773933857514,-0.013081577516123,0.856184104864169,0.040779457443040006
847490,treated_candidate,333,,,computed,2016-01_to_2018-02,not_yet_audited,False,11150337.576923076,289908777,1303335717,16.2269804210527,0.013472235154724291,0.1542021039736179,0.22243599497703323
847590,treated_candidate,333,,,computed,2016-01_to_2018-02,not_yet_audited,False,1122506.9615384615,29185181,385320594,13.931075991257991,0.013725096543742987,0.6379061161357777,0.07574259319241057
847689,control_candidate,333,,,computed,2016-01_to_2018-02,not_yet_audited,False,828975.2307692308,21553356,71644559,13.627946761534158,0.032940375204572915,0.7412458829782334,0.3008373043373747
847710,treated_candidate,333,,,computed,2016-01_to_2018-02,not_yet_audited,False,11542170.807692308,300096441,1811179910,16.261517999577396,0.023711670144409905,0.3405164978655688,0.16569112728287716
847720,treated_candidate,333,,,computed,2016-01_to_2018-02,not_yet_audited,False,709051.3076923077,18435334,354875699,13.471684579509832,0.016796513677193165,0.8412278159050126,0.05194870782065018
847730,treated_candidate,333,,,computed,2016-01_to_2018-02,not_yet_audited,False,613456.2307692308,15949862,474940400,13.326865827205419,0.07806268924358802,2.864630269099658,0.03358287060860689
847740,treated_candidate,333,,,computed,2016-01_to_2018-02,not_yet_audited,False,166849.11538461538,4338077,169031531,12.02485117572627,0.017132918385876612,3.9502253986814746,0.025664306383168238
847751,treated_candidate,333,,,computed,2016-01_to_2018-02,not_yet_audited,False,1780564.7307692308,46294683,212289368,14.392441698047046,0.279269154286983,4.02807288015625,0.2180734882587243
847780,treated_candidate,333,,,computed,2016-01_to_2018-02,not_yet_audited,False,5524965.346153846,143649099,977996348,15.524787714155666,0.042654260444129635,0.4359707347393196,0.14688101780110124
847790,treated_candidate,,ambiguous_naics3_candidates,,computed,2016-01_to_2018-02,not_yet_audited,False,11389617.461538462,296130054,2700589642,16.248212837192284,0.021770763648356936,0.2597939285748389,0.10965385092001327
847810,control_candidate,333,,,computed,2016-01_to_2018-02,not_yet_audited,False,582456.2307692308,15143862,84793274,13.275011038154215,0.003771398509474019,0.2453654118052075,0.17859744394349014
847910,treated_candidate,333,,,computed,2016-01_to_2018-02,not_yet_audited,False,501444.53846153844,13037558,675120377,13.125250283201947,0.012013933284275196,0.5789497543901039,0.019311456807057686
847920,treated_candidate,333,,,computed,2016-01_to_2018-02,not_yet_audited,False,465991.8461538461,12115788,51939534,13.051925561388757,0.038204650900747913,2.6809209908161087,0.23326716793415975
847940,treated_candidate,333,,,computed,2016-01_to_2018-02,not_yet_audited,False,572658.1153846154,14889111,124670371,13.258045906597742,0.016787031335222816,0.8628680679641129,0.11942782299091738
847950,treated_candidate,333,,,computed,2016-01_to_2018-02,not_yet_audited,False,1284772.8076923077,33404093,779554943,14.06609323567504,0.003858427560580404,0.4034229860124525,0.04285020998192811
847981,treated_candidate,333,,,computed,2016-01_to_2018-02,not_yet_audited,False,649685.0,16891810,218384202,13.384244448229495,0.016855923839537882,1.0651097869948787,0.07734904743704858
847982,treated_candidate,333,,,computed,2016-01_to_2018-02,not_yet_audited,False,3043937.730769231,79142381,931591835,14.928662869892955,0.019987466611472875,0.2640632973297349,0.08495392298065815
848020,treated_candidate,333,,,computed,2016-01_to_2018-02,not_yet_audited,False,477147.53846153844,12405836,41164121,13.075583122782003,0.035022263216357395,0.4169260190268867,0.3013749765238519
848030,treated_candidate,332,,,computed,2016-01_to_2018-02,not_yet_audited,False,147112.15384615384,3824916,47505733,11.898957323707632,-0.003247932162706555,0.821049633821556,0.08051482965224428
848041,treated_candidate,333,,,computed,2016-01_to_2018-02,not_yet_audited,False,1835528.0,47723728,256613607,14.422843281303885,0.015010478248045266,0.28256292981188297,0.1859750484704422
848049,treated_candidate,333,,,computed,2016-01_to_2018-02,not_yet_audited,False,897270.0,23329020,117281432,13.707113213584112,0.01690596389596407,0.5722196980812508,0.19891486318141136
848050,treated_candidate,333,,,computed,2016-01_to_2018-02,not_yet_audited,False,1158356.8846153845,30117279,127979678,13.962513943439713,0.005153749454665481,0.1989478769958054,0.23532860428043897
848060,control_candidate,333,,,computed,2016-01_to_2018-02,not_yet_audited,False,1224664.9615384615,31841289,326555026,14.0181786803174,0.02203837841216152,0.596881763803985,0.09750665727006756
848071,treated_candidate,333,,,computed,2016-01_to_2018-02,not_yet_audited,False,33112551.653846152,860926343,3868288972,17.315423002711327,0.0245829446732371,0.26112847711548937,0.22255998691713044
848110,treated_candidate,332,,,computed,2016-01_to_2018-02,not_yet_audited,False,5042025.269230769,131092657,752008902,15.4333185967979,0.002706520270957421,0.1592750930543487,0.1743232781571514
848120,treated_candidate,332,,,computed,2016-01_to_2018-02,not_yet_audited,False,5318209.076923077,138273436,3286867294,15.486647352999064,0.03527133521829491,0.2986427035611599,0.04206845717574626
848140,treated_candidate,332,,,computed,2016-01_to_2018-02,not_yet_audited,False,2813952.8076923075,73162773,801643717,14.850101101344878,0.01774238761368438,0.2559204071720881,0.09126594701421455
848220,treated_candidate,332,,,computed,2016-01_to_2018-02,not_yet_audited,False,6915901.884615385,179813449,949355344,15.74933408355477,0.010347234367792595,0.18536766432171795,0.18940584275048858
848230,treated_candidate,332,,,computed,2016-01_to_2018-02,not_yet_audited,False,2246956.1923076925,58420861,357169779,14.625087499943577,0.014874396872093593,0.22614289191181317,0.16356608099253547
848240,treated_candidate,332,,,computed,2016-01_to_2018-02,not_yet_audited,False,2401464.5384615385,62438078,297587964,14.691589749978448,0.005446847996545468,0.11915124438430999,0.20981385524046262
848250,treated_candidate,332,,,computed,2016-01_to_2018-02,not_yet_audited,False,2389621.269230769,62130153,708328949,14.686645865070094,0.016829514033894946,0.1863055140102456,0.08771370009331639
848280,treated_candidate,332,,,computed,2016-01_to_2018-02,not_yet_audited,False,270558.46153846156,7034520,59145745,12.508247173956201,0.01976612030230689,0.3826282870688579,0.11893535198516816
848291,treated_candidate,332,,,computed,2016-01_to_2018-02,not_yet_audited,False,1717213.6538461538,44647555,163328652,14.356214148865986,0.001988587817128622,0.19203830040144432,0.27336021238943425
848299,treated_candidate,332,,,computed,2016-01_to_2018-02,not_yet_audited,False,6344760.461538462,164963772,1028849378,15.663140063709736,0.013892824406812321,0.14683740726483727,0.16033811705332052
848410,treated_candidate,339,,,computed,2016-01_to_2018-02,not_yet_audited,False,2880241.8846153845,74886289,566463001,14.873385183492035,0.02405121588289588,0.27905134999903064,0.13219978863191456
848420,treated_candidate,339,,,computed,2016-01_to_2018-02,not_yet_audited,False,1336874.5,34758737,466366064,14.105845732825282,0.02664264480730287,0.2449376781074841,0.07453101690520947
848490,treated_candidate,339,,,computed,2016-01_to_2018-02,not_yet_audited,False,636900.1153846154,16559403,223076667,13.364369687629106,-0.001943249421889735,0.29716658166921583,0.07423189176481644
848710,treated_candidate,,ambiguous_naics3_candidates,,computed,2016-01_to_2018-02,not_yet_audited,False,290710.6153846154,7558476,159683722,12.580087042352147,-0.03167296646920045,0.5150218396794851,0.047334041975800135
848790,treated_candidate,,ambiguous_naics3_candidates,,computed,2016-01_to_2018-02,not_yet_audited,False,3339951.8846153845,86838749,724525052,15.021467258450807,0.013278871007330773,0.17338641859789436,0.11985610264308708
850151,treated_candidate,,ambiguous_naics3_candidates,,computed,2016-01_to_2018-02,not_yet_audited,False,11330535.807692308,294593931,1345521160,16.243012011201532,-0.013785425497418843,0.20441591150616195,0.2189441086158764
850162,treated_candidate,335,,,computed,2016-01_to_2018-02,not_yet_audited,False,1863298.2307692308,48445754,278677038,14.437859254382934,0.019514175963008428,0.3915158750470306,0.1738419295241684
850163,treated_candidate,335,,,computed,2016-01_to_2018-02,not_yet_audited,False,851339.3846153846,22134824,82047443,13.654567309505788,0.054616846156246054,0.8103154495074283,0.2697807901216373
850164,treated_candidate,,ambiguous_naics3_candidates,,computed,2016-01_to_2018-02,not_yet_audited,False,4854786.076923077,126224438,836342233,15.395475802293333,-0.0080901476190068,0.49911419818621794,0.1509243859983333
850211,treated_candidate,335,,,computed,2016-01_to_2018-02,not_yet_audited,False,1880395.0384615385,48890271,213164643,14.44699297137683,-0.0024714181484017167,0.6939970555426567,0.22935450416136788
850212,treated_candidate,335,,,computed,2016-01_to_2018-02,not_yet_audited,False,730289.5384615385,18987528,88614284,13.501197731836939,0.07483073239799769,1.0724143194789961,0.214271640450201
850213,treated_candidate,335,,,computed,2016-01_to_2018-02,not_yet_audited,False,231898.23076923078,6029354,108523012,12.354058206158479,0.059133840439056465,4.036346476473518,0.05555829946924068
850231,treated_candidate,333,,,computed,2016-01_to_2018-02,not_yet_audited,False,3460575.6923076925,89974968,338065104,15.056945807222695,0.06150186826883383,2.0461300901536776,0.2661468661965182
850239,treated_candidate,333,,,computed,2016-01_to_2018-02,not_yet_audited,False,190403.34615384616,4950487,332404173,12.15690522751715,0.029103854895710456,1.0152729650289671,0.014892974884524087
850240,treated_candidate,335,,,computed,2016-01_to_2018-02,not_yet_audited,False,35835.57692307692,931725,62213288,10.486724352568709,-0.012611690821288771,0.8715245269833802,0.014976302168758546
850410,control_candidate,335,,,computed,2016-01_to_2018-02,not_yet_audited,False,15020665.576923076,390537305,887986920,16.524937582604686,-0.005044476340034367,0.17693008597741428,0.4398007405334304
850421,treated_candidate,335,,,computed,2016-01_to_2018-02,not_yet_audited,False,165338.26923076922,4298795,550424955,12.01575481899993,0.07354596440028387,0.9061805799422838,0.0078099565816379096
850423,treated_candidate,335,,,computed,2016-01_to_2018-02,not_yet_audited,False,2106935.423076923,54780321,1980458997,14.560745518186286,0.06454237785067757,5.365285864511934,0.02766041664229416
850432,treated_candidate,334,,,computed,2016-01_to_2018-02,not_yet_audited,False,2683889.653846154,69781131,247580947,14.802778036246107,0.006050354499936998,0.27738412714235383,0.2818517815912547
850433,treated_candidate,335,,,computed,2016-01_to_2018-02,not_yet_audited,False,503433.3846153846,13089268,737006494,13.1292086641091,0.006885269290986563,0.2723872347015253,0.017760044323300087
850434,treated_candidate,335,,,computed,2016-01_to_2018-02,not_yet_audited,False,896196.0769230769,23301098,233008862,13.705915619694267,0.012902857743241144,0.8010816555027156,0.10000090897830315
850511,control_candidate,332,,,computed,2016-01_to_2018-02,not_yet_audited,False,15354181.153846154,399208710,603249854,16.54689844790819,0.009040876760103601,0.1258381000546958,0.6617634589597431
850520,treated_candidate,335,,,computed,2016-01_to_2018-02,not_yet_audited,False,1565767.7307692308,40709961,200264091,14.26388746312577,0.01739262783704571,0.21357028664743397,0.2032813810839408
850640,treated_candidate,335,,,computed,2016-01_to_2018-02,not_yet_audited,False,73260.61538461539,1904776,46822212,11.201792086111757,-0.038897826121723295,1.0589106629513783,0.04068103403572646
850650,treated_candidate,335,,,computed,2016-01_to_2018-02,not_yet_audited,False,6815107.576923077,177192797,731001601,15.734652555036197,0.009359662558748356,0.20273395883408069,0.2423972762270325
850660,treated_candidate,335,,,computed,2016-01_to_2018-02,not_yet_audited,False,160860.6923076923,4182378,90896464,11.988300220778777,0.017161537260312124,0.7348466690599066,0.046012548959000206
850690,treated_candidate,335,,,computed,2016-01_to_2018-02,not_yet_audited,False,293260.8461538461,7624782,48458001,12.588821161791369,-0.004572101032313471,0.5326406445773022,0.15734825710206246
850760,control_candidate,335,,,computed,2016-01_to_2018-02,not_yet_audited,False,81965579.88461539,2131105077,4645550654,18.22180997180124,0.014505605091979559,0.18761203144250901,0.4587411128893914
850940,control_candidate,335,,,computed,2016-01_to_2018-02,not_yet_audited,False,51574412.65384615,1340934729,1707624055,17.758536248051268,0.010601844657837188,0.3169230408475246,0.7852634337597217
851010,control_candidate,335,,,computed,2016-01_to_2018-02,not_yet_audited,False,12965580.038461538,337105081,697705693,16.37780879187523,0.015319019599722199,0.23992908261788315,0.48316229089447893
851030,control_candidate,335,,,computed,2016-01_to_2018-02,not_yet_audited,False,3116140.8076923075,81019661,106524318,14.95210619446623,0.052107861732968726,0.6741085320864868,0.7605743225692372
851210,control_candidate,336,,,computed,2016-01_to_2018-02,not_yet_audited,False,2385548.923076923,62024272,83886104,14.684940231439679,0.00468319276653211,0.19494359860247348,0.7393867284622015
851310,control_candidate,335,,,computed,2016-01_to_2018-02,not_yet_audited,False,56803317.538461536,1476886256,1559621126,17.855105306957622,0.010407205046255683,0.2338132486083967,0.9469519432503507
851410,treated_candidate,333,,,computed,2016-01_to_2018-02,not_yet_audited,False,1374977.9615384615,35749427,322274256,14.133948988266452,-0.006600100392476539,0.47502022870146027,0.11092858437938648
851440,treated_candidate,333,,,computed,2016-01_to_2018-02,not_yet_audited,False,135876.76923076922,3532796,113305102,11.81951100493906,0.03908482443293555,1.2256363256805403,0.031179496224274173
851511,treated_candidate,332,,,computed,2016-01_to_2018-02,not_yet_audited,False,622149.6538461539,16175891,48063035,13.340937551149386,0.01093468302617902,0.2401427013177687,0.3365557543338659
851519,treated_candidate,333,,,computed,2016-01_to_2018-02,not_yet_audited,False,526111.8076923077,13678907,113173760,13.173270932019243,0.012147014010795695,0.6652508284153645,0.12086641815205221
851521,treated_candidate,333,,,computed,2016-01_to_2018-02,not_yet_audited,False,746764.5769230769,19415879,1084628686,13.523506595483264,0.22043828429441403,2.983575787186993,0.017900945503851445
851529,treated_candidate,333,,,computed,2016-01_to_2018-02,not_yet_audited,False,709880.0384615385,18456881,60755620,13.472852683516562,0.022672506315339288,0.3497597606833282,0.30378886759776297
851531,treated_candidate,333,,,computed,2016-01_to_2018-02,not_yet_audited,False,342073.5,8893911,434769659,12.74278382857918,-0.0010931860154568796,0.6326641215557866,0.02045660458564796
851539,treated_candidate,333,,,computed,2016-01_to_2018-02,not_yet_audited,False,4310542.846153846,112074114,307486377,15.276574636521886,0.024275186726808354,0.34300423197871405,0.3644848109807479
851580,treated_candidate,,ambiguous_naics3_candidates,,computed,2016-01_to_2018-02,not_yet_audited,False,1336335.6538461538,34744727,736385995,14.105442587747277,0.0226332998918771,0.41305420537265164,0.04718276452283697
851590,treated_candidate,333,,,computed,2016-01_to_2018-02,not_yet_audited,False,4038557.423076923,105002493,1007686334,15.211398360288738,0.007666648657544604,0.1809441540617199,0.1042015649683307
851610,control_candidate,335,,,computed,2016-01_to_2018-02,not_yet_audited,False,13085943.0,340234518,1117631974,16.38704923502012,0.03394452218097455,0.4863595384823408,0.30442446701153525
851631,control_candidate,335,,,computed,2016-01_to_2018-02,not_yet_audited,False,15686557.153846154,407850486,509296196,16.568314735052084,0.0068822480577312006,0.21724972669461617,0.8008119620826699
851632,control_candidate,335,,,computed,2016-01_to_2018-02,not_yet_audited,False,21703963.576923076,564303053,610636596,16.89300550122056,-0.004905687767785257,0.20219303538246086,0.9241225578297964
851633,control_candidate,333,,,computed,2016-01_to_2018-02,not_yet_audited,False,664188.2692307692,17268895,26443438,13.406322431863485,-0.0009489077229325521,0.2649361039408445,0.653050295502423
851640,control_candidate,335,,,computed,2016-01_to_2018-02,not_yet_audited,False,15412703.961538462,400730303,455958991,16.55070272476297,-0.0056171391100416895,0.21728990716251373,0.8788735629954931
851650,control_candidate,335,,,computed,2016-01_to_2018-02,not_yet_audited,False,89163741.38461539,2318257276,2758437235,18.30598503940788,0.0008134050392835435,0.14310925763568644,0.8404241526996353
851671,control_candidate,335,,,computed,2016-01_to_2018-02,not_yet_audited,False,61356553.307692304,1595270386,2182587204,17.932212558095987,0.00876610772696153,0.37331271415305667,0.7309079715469642
851672,control_candidate,335,,,computed,2016-01_to_2018-02,not_yet_audited,False,10349373.423076924,269083709,275145570,16.152436633634156,0.016221143314480293,0.25037070224053276,0.9779685313486967
851679,control_candidate,335,,,computed,2016-01_to_2018-02,not_yet_audited,False,95116171.61538461,2473020462,2978342425,18.370609572104375,0.017521373767593093,0.31209346186792525,0.8303344978876968
851711,control_candidate,334,,,computed,2016-01_to_2018-02,not_yet_audited,False,18785421.115384616,488420949,694352243,16.74859170761262,-0.015817261766706097,0.18781490700862516,0.7034195596312058
851712,control_candidate,334,,,computed,2016-01_to_2018-02,not_yet_audited,False,3386493900.230769,88048841406,113902432939,21.943060975711298,0.021804587187221426,0.3321629319925389,0.7730198480760654
851718,control_candidate,334,,,computed,2016-01_to_2018-02,not_yet_audited,False,91954323.6923077,2390812416,2871095430,18.336802540995127,0.0016615677196725235,0.16060102674683954,0.8327178508308934
851761,control_candidate,334,,,computed,2016-01_to_2018-02,not_yet_audited,False,11222766.0,291791916,569331778,16.23345504084552,-0.04786186503107492,0.543070363054719,0.5125164750596444
851770,control_candidate,334,,,computed,2016-01_to_2018-02,not_yet_audited,False,164728595.57692307,4282943485,10880807772,18.91980980835141,0.010610812714616023,0.14864506910581743,0.3936236697445812
851821,control_candidate,334,,,computed,2016-01_to_2018-02,not_yet_audited,False,28558746.384615384,742527406,1357339093,17.167473835391725,0.006234583968468019,0.20676653897977643,0.5470463569710211
851822,control_candidate,334,,,computed,2016-01_to_2018-02,not_yet_audited,False,64301912.038461536,1671849713,2703576606,17.97909994052984,0.021903767118069083,0.3304753480793879,0.6183844427746908
851829,control_candidate,334,,,computed,2016-01_to_2018-02,not_yet_audited,False,33630539.038461536,874394015,1833946317,17.33094514182307,-0.0024930043154154217,0.10530558982724517,0.4767827754251544
851830,control_candidate,334,,,computed,2016-01_to_2018-02,not_yet_audited,False,78757991.73076923,2047707785,2683371728,18.181890325513642,0.003721803075365542,0.20810480627547476,0.7631099946507299
851930,control_candidate,334,,,computed,2016-01_to_2018-02,not_yet_audited,False,4974780.076923077,129344282,164000788,15.41989192296802,-0.004020325720228285,0.5333732593328065,0.788680856826127
851950,control_candidate,334,,,computed,2016-01_to_2018-02,not_yet_audited,False,72281.42307692308,1879317,1926612,11.188336267621342,-0.013543850054076738,0.26209871657353295,0.9754517256198965
851989,control_candidate,334,,,computed,2016-01_to_2018-02,not_yet_audited,False,2389771.769230769,62134066,107062212,14.686708843752058,-0.0009358384857721644,0.44065095895053247,0.580354775408526
852110,control_candidate,334,,,computed,2016-01_to_2018-02,not_yet_audited,False,170135.73076923078,4423529,15683818,12.044357691400108,0.02095955157887763,0.6800673355935859,0.2820441425678365
852190,control_candidate,334,,,computed,2016-01_to_2018-02,not_yet_audited,False,48469233.0,1260200058,2714120317,17.69643980410683,-0.007309858435284384,0.23674751899300323,0.4643125251694581
852329,control_candidate,334,,,computed,2016-01_to_2018-02,not_yet_audited,False,523149.1538461539,13601878,717083121,13.167623802885712,-0.0034881493553325454,0.8308005765962617,0.018968342165175577
852341,control_candidate,334,,,computed,2016-01_to_2018-02,not_yet_audited,False,1517423.076923077,39453000,310014367,14.232524768982502,-0.03576852542763754,0.43977934055034595,0.12726184396479923
852351,control_candidate,334,,,computed,2016-01_to_2018-02,not_yet_audited,False,306366947.2307692,7965540628,17402374773,19.540294118702683,0.022107517214026262,0.2539405884372957,0.457727220100939
852380,control_candidate,334,,,computed,2016-01_to_2018-02,not_yet_audited,False,399872.03846153844,10396673,211761359,12.898902371860704,0.012520914114063425,0.7989555543154967,0.04909617622920525
852560,treated_candidate,334,,,computed,2016-01_to_2018-02,not_yet_audited,False,54405635.57692308,1414546525,4299780100,17.81197832000504,0.03619805316834392,0.46297772136292786,0.32898113208161506
852610,treated_candidate,334,,,computed,2016-01_to_2018-02,not_yet_audited,False,352815.6538461539,9173207,1760970824,12.773703806780011,0.009587365275240279,0.5504992185212,0.005209176026643812
852691,treated_candidate,334,,,computed,2016-01_to_2018-02,not_yet_audited,False,51676573.23076923,1343590904,6625062998,17.760515127137158,-0.04177682043775711,0.3792129522593724,0.20280424569632144
852713,control_candidate,334,,,computed,2016-01_to_2018-02,not_yet_audited,False,12062962.76923077,313637032,323365481,16.30565047108042,-0.006158100124600619,0.2823229523108065,0.9699150046259886
852719,control_candidate,334,,,computed,2016-01_to_2018-02,not_yet_audited,False,7073375.076923077,183907752,201150311,15.771848445384064,0.022306595506898255,0.3446755317533914,0.91428022698906
852791,control_candidate,334,,,computed,2016-01_to_2018-02,not_yet_audited,False,15758261.76923077,409714806,946009939,16.572875405939435,-0.010989406682672623,0.3135822456493436,0.43309778165026236
852792,control_candidate,334,,,computed,2016-01_to_2018-02,not_yet_audited,False,5652721.730769231,146970765,154877778,15.54764788629766,0.008759595844443318,0.29392440361698075,0.9489467559380921
852871,control_candidate,334,,,computed,2016-01_to_2018-02,not_yet_audited,False,110178137.23076923,2864631568,4906249244,18.51760905234175,0.021278623318352657,0.33590328809016345,0.5838740401342725
853010,treated_candidate,334,,,computed,2016-01_to_2018-02,not_yet_audited,False,132960.07692307694,3456962,61277809,11.797811709658436,0.14857431183742595,2.511413615632104,0.05641458231641409
853080,treated_candidate,334,,,computed,2016-01_to_2018-02,not_yet_audited,False,1411407.5,36696595,304459998,14.16009869991985,0.02269108316269237,0.37549961369979273,0.12053010326827894
853090,treated_candidate,334,,,computed,2016-01_to_2018-02,not_yet_audited,False,3092796.846153846,80412718,379510494,14.944586691029418,0.002887952982947113,0.195690434668867,0.21188536093550026
853180,control_candidate,,ambiguous_naics3_candidates,,computed,2016-01_to_2018-02,not_yet_audited,False,19064780.769230768,495684300,1333483539,16.76335330453799,0.005788623204880205,0.13317262461957075,0.37172134901021825
853210,treated_candidate,334,,,computed,2016-01_to_2018-02,not_yet_audited,False,1266781.7692307692,32936326,109179953,14.051990991747019,-0.005473808666598475,0.2334196304532325,0.3016700877312156
853221,treated_candidate,334,,,computed,2016-01_to_2018-02,not_yet_audited,False,2534809.0384615385,65905035,304223639,14.745629256681484,0.0002128535441204094,0.17827475844634694,0.21663351084956287
853222,treated_candidate,334,,,computed,2016-01_to_2018-02,not_yet_audited,False,3582247.4615384615,93138434,638915553,15.091501223110814,0.005190477102395482,0.13009455603285636,0.14577581272309395
853223,treated_candidate,334,,,computed,2016-01_to_2018-02,not_yet_audited,False,616470.0,16028220,69037019,13.331766560739663,0.018876660747672625,0.35191105301882303,0.23216848340453403
853224,treated_candidate,334,,,computed,2016-01_to_2018-02,not_yet_audited,False,5755011.884615385,149630309,1198829918,15.565581838991458,0.018222779876097158,0.18344885431451072,0.12481362598092918
853225,treated_candidate,334,,,computed,2016-01_to_2018-02,not_yet_audited,False,4139318.5,107622281,328100272,15.236041960310267,0.0039003274030146805,0.22244013009398286,0.32801643334206076
853229,treated_candidate,334,,,computed,2016-01_to_2018-02,not_yet_audited,False,1888883.1538461538,49110962,149518064,14.451496817893798,-0.0003221864133357405,0.1793575772000836,0.3284617302160895
853230,treated_candidate,334,,,computed,2016-01_to_2018-02,not_yet_audited,False,407437.3076923077,10593370,102941728,12.917644808035988,-0.009124469486402189,0.3859119541860311,0.10290647151367034
853290,treated_candidate,334,,,computed,2016-01_to_2018-02,not_yet_audited,False,351906.8846153846,9149579,35771573,12.77112472889949,-0.00209765301963289,0.3768519465179743,0.25577793294133305
853310,treated_candidate,334,,,computed,2016-01_to_2018-02,not_yet_audited,False,555618.3076923077,14446076,54248778,13.22783864032459,-0.0032370829569342337,0.14190060708984156,0.2662931135517928
853321,treated_candidate,334,,,computed,2016-01_to_2018-02,not_yet_audited,False,3711518.5384615385,96499482,787282513,15.12695192982914,0.005750843382129885,0.1534458099980421,0.12257287619952509
853329,treated_candidate,334,,,computed,2016-01_to_2018-02,not_yet_audited,False,1182046.923076923,30733220,154151925,13.982759020184602,0.05110995694584934,0.4330309823081291,0.19936968026834567
853331,treated_candidate,334,,,computed,2016-01_to_2018-02,not_yet_audited,False,34245.730769230766,890389,46244774,10.441346387141278,0.045047250517107125,2.1364098809479053,0.019253829632727797
853340,treated_candidate,,ambiguous_naics3_candidates,,computed,2016-01_to_2018-02,not_yet_audited,False,10817316.76923077,281250236,1041380875,16.196658905016545,-0.005036474788909019,0.10791009527877739,0.27007432415157423
853510,treated_candidate,335,,,computed,2016-01_to_2018-02,not_yet_audited,False,1708054.1538461538,44409408,212753904,14.350865944288307,0.0007138442490845596,0.24255650105657614,0.2087360427473049
853521,treated_candidate,335,,,computed,2016-01_to_2018-02,not_yet_audited,False,318772.3846153846,8288082,279992094,12.67223573626305,0.006226799498097554,0.8244694786636085,0.02960112866615441
853529,treated_candidate,335,,,computed,2016-01_to_2018-02,not_yet_audited,False,699643.9230769231,18190742,194008578,13.458328232582092,-0.026942885438484773,0.3897380943906503,0.09376256548821259
853530,treated_candidate,335,,,computed,2016-01_to_2018-02,not_yet_audited,False,804449.1153846154,20915677,395104540,13.597914236512095,-0.000743223473050754,0.28287186558781063,0.05293707078131778
853590,treated_candidate,,ambiguous_naics3_candidates,,computed,2016-01_to_2018-02,not_yet_audited,False,4382827.923076923,113953526,614564665,15.29320494671514,0.003911736242847882,0.1794909205999044,0.1854215390011074
853610,treated_candidate,335,,,computed,2016-01_to_2018-02,not_yet_audited,False,1407299.0384615385,36589775,500428603,14.15718356031468,-0.00854147338755189,0.2795703989536592,0.07311687377709702
853620,treated_candidate,335,,,computed,2016-01_to_2018-02,not_yet_audited,False,4779929.307692308,124278162,2165477841,15.37993652438066,0.005688048471247527,0.23773446700073253,0.057390641292643915
853641,treated_candidate,,ambiguous_naics3_candidates,,computed,2016-01_to_2018-02,not_yet_audited,False,9533450.576923076,247869715,1094836207,16.0703173902188,0.016112127154859046,0.1790247992729578,0.2263989018770184
853649,treated_candidate,335,,,computed,2016-01_to_2018-02,not_yet_audited,False,9808302.73076923,255015871,1031610864,16.098739904334558,0.009250623439389958,0.14663544207876125,0.24720161438703112
853720,treated_candidate,335,,,computed,2016-01_to_2018-02,not_yet_audited,False,545591.5769230769,14185381,736161052,13.20962778007257,-0.00358771555171972,0.6236815546157469,0.01926939894668592
853810,treated_candidate,335,,,computed,2016-01_to_2018-02,not_yet_audited,False,1593462.2307692308,41430018,380266538,14.281420338063882,0.00566522703909254,0.2679273556962898,0.10894994394694807
853922,control_candidate,335,,,computed,2016-01_to_2018-02,not_yet_audited,False,10635780.038461538,276530281,404235328,16.179734444301765,-0.013067274796580004,0.18705866315001443,0.6840824189418694
853929,control_candidate,335,,,computed,2016-01_to_2018-02,not_yet_audited,False,2560581.5,66575119,274417814,14.75574532963516,0.0015018062389492387,0.16520242118474368,0.24260494619347125
853941,treated_candidate,335,,,computed,2016-01_to_2018-02,not_yet_audited,False,395344.5,10278957,224709658,12.88751534511483,-0.013675280199248595,0.36795064720292875,0.045743280869574375
853990,treated_candidate,335,,,computed,2016-01_to_2018-02,not_yet_audited,False,1346991.3461538462,35021775,118706116,14.113384773233705,0.011642664667950628,0.29051390673226507,0.29502923842609763
854089,treated_candidate,334,,,computed,2016-01_to_2018-02,not_yet_audited,False,408199.6923076923,10613192,58329698,12.919514225357648,0.0002858560551920899,0.3410836764853811,0.18195177352024006
854121,treated_candidate,334,,,computed,2016-01_to_2018-02,not_yet_audited,False,6186685.961538462,160853835,421071080,15.637910277069926,-0.008966625766936607,0.21621853888899636,0.38201112030776374
854129,treated_candidate,334,,,computed,2016-01_to_2018-02,not_yet_audited,False,16948625.615384616,440664266,2292976597,16.645697362866954,0.01121152778828421,0.14081649750857614,0.1921800102873008
854130,treated_candidate,334,,,computed,2016-01_to_2018-02,not_yet_audited,False,2308959.846153846,60032956,213072641,14.652308131135193,0.008620799308630528,0.18091521783324235,0.28174877693471684
854150,treated_candidate,334,,,computed,2016-01_to_2018-02,not_yet_audited,False,2771855.9615384615,72068255,670776987,14.835028036783942,0.013042988780508594,0.26640578090582634,0.1074399635001193
854160,treated_candidate,334,,,computed,2016-01_to_2018-02,not_yet_audited,False,16715812.615384616,434611128,978962638,16.631865752415074,-0.015011931592555833,0.4233743111405594,0.4439506791473691
854190,treated_candidate,334,,,computed,2016-01_to_2018-02,not_yet_audited,False,2770304.6153846155,72027920,419529274,14.834468202541323,0.009581603772457477,0.2125488225693477,0.17168747084857777
854320,treated_candidate,334,,,computed,2016-01_to_2018-02,not_yet_audited,False,554936.8846153846,14428359,110022516,13.226611466853186,0.04796786991981175,0.6151186570716678,0.13114005682255075
854411,treated_candidate,331,,,computed,2016-01_to_2018-02,not_yet_audited,False,1866689.5,48533927,809887882,14.439677634812902,0.012477875409514155,0.2885271741346138,0.0599267232893355
854419,treated_candidate,331,,,computed,2016-01_to_2018-02,not_yet_audited,False,488941.03846153844,12712467,107039120,13.099999230678185,-0.007254959249989874,0.502411781778014,0.11876468154820406
854430,treated_candidate,336,,,computed,2016-01_to_2018-02,not_yet_audited,False,44112537.038461536,1146925963,22126017646,17.60225460927102,-0.01191526554666756,0.14331552312144982,0.05183607738861875
854470,treated_candidate,335,,,computed,2016-01_to_2018-02,not_yet_audited,False,20669121.53846154,537397160,2277502875,16.84415147978744,0.021048603495666934,0.2436015850501709,0.23595893814184538
860721,treated_candidate,336,,,computed,2016-01_to_2018-02,not_yet_audited,False,1186651.7307692308,30852945,163136223,13.986647070357352,-0.019010159320748864,0.2349548271264521,0.1891238158676752
860729,treated_candidate,336,,,computed,2016-01_to_2018-02,not_yet_audited,False,334822.6153846154,8705388,31944747,12.721359150906267,-0.010887208047999796,0.3566335002525326,0.27251391285083587
860791,treated_candidate,336,,,computed,2016-01_to_2018-02,not_yet_audited,False,3321485.576923077,86358625,262414075,15.015923004809682,-0.025231405362960035,0.3213980381987469,0.32909296119120135
860799,treated_candidate,336,,,computed,2016-01_to_2018-02,not_yet_audited,False,4130537.6923076925,107393980,555391206,15.233918390404252,0.0005664384289093687,0.22694123388279366,0.1933663674177801
860800,treated_candidate,334,,,computed,2016-01_to_2018-02,not_yet_audited,False,605687.8461538461,15747884,78169175,13.314121677996523,0.0001277588280655575,0.295300505378453,0.20145900222178373
860900,control_candidate,332,,,computed,2016-01_to_2018-02,not_yet_audited,False,26726644.076923076,694892746,1003385156,17.10117156871236,0.00900533404225816,0.2461378153101118,0.692548361757905
870310,control_candidate,336,,,computed,2016-01_to_2018-02,not_yet_audited,False,2388493.653846154,62100835,1483300422,14.68617387352041,0.026616087304700234,0.3916907579339029,0.041866660373673106
870911,treated_candidate,333,,,computed,2016-01_to_2018-02,not_yet_audited,False,272424.8846153846,7083047,68766048,12.515121873028527,-0.00732457605180186,2.7528762174594608,0.10300209487100379
870919,treated_candidate,333,,,computed,2016-01_to_2018-02,not_yet_audited,False,523691.3461538461,13615975,229822667,13.168659665216817,-0.017042919094114917,1.2824997869281887,0.05924557041190372
870990,treated_candidate,333,,,computed,2016-01_to_2018-02,not_yet_audited,False,2285061.6923076925,59411604,321984607,14.641904018392578,0.006722803670874054,0.19691769969704526,0.18451690766695564
871120,control_candidate,336,,,computed,2016-01_to_2018-02,not_yet_audited,False,4639549.384615385,120628284,686773231,15.35012801963997,0.017096909202892016,0.43951264574503784,0.17564499976848982
871310,control_candidate,339,,,computed,2016-01_to_2018-02,not_yet_audited,False,6779976.423076923,176279387,335847226,15.729484329981377,0.01356830211792366,0.16820497462764628,0.524879687408822
871390,control_candidate,339,,,computed,2016-01_to_2018-02,not_yet_audited,False,7098572.423076923,184562883,299724100,15.77540439549595,0.010940521967793404,0.17653889030794703,0.61577591858646
871410,control_candidate,336,,,computed,2016-01_to_2018-02,not_yet_audited,False,12068921.423076924,313791957,1359678764,16.306144311795546,0.006154080466464249,0.17416811177436417,0.23078389198112093
871420,control_candidate,339,,,computed,2016-01_to_2018-02,not_yet_audited,False,9509654.538461538,247251018,497051155,16.067818212883616,0.006957559525312003,0.11631749081332309,0.4974357578949796
871499,control_candidate,336,,,computed,2016-01_to_2018-02,not_yet_audited,False,2584769.0384615385,67203995,383754404,14.7651471019913,-0.0018083746003990852,0.20265158114623175,0.17512240719457645
871500,control_candidate,339,,,computed,2016-01_to_2018-02,not_yet_audited,False,23559775.307692308,612554158,637500483,16.975051422122462,0.001164987517098681,0.16563420209917584,0.9608685394517575
880100,control_candidate,336,,,computed,2016-01_to_2018-02,not_yet_audited,False,29238.153846153848,760192,25528392,10.283263975214963,-0.039966134602068944,0.6566740072837388,0.02977829547587643
880211,treated_candidate,336,,,computed,2016-01_to_2018-02,not_yet_audited,False,1089694.5384615385,28332058,578930171,13.901408892675178,-0.08205655052605099,1.4568170830689215,0.048938644795556874
880310,treated_candidate,336,,,computed,2016-01_to_2018-02,not_yet_audited,False,35455.653846153844,921847,525503282,10.476066210994961,0.10733022899636062,2.917721201329897,0.0017542173980180775
880320,treated_candidate,336,,,computed,2016-01_to_2018-02,not_yet_audited,False,1520473.0,39532298,3549454976,14.23453268631508,0.08952578728813342,0.8070158953786101,0.01113756851891393
880330,treated_candidate,336,,,computed,2016-01_to_2018-02,not_yet_audited,False,37799112.692307696,982776930,31161769664,17.447796213021476,0.0027471416086677245,0.10958049363629566,0.031537904958439014
880390,treated_candidate,,ambiguous_naics3_candidates,,computed,2016-01_to_2018-02,not_yet_audited,False,371519.76923076925,9659514,454129751,12.825360047985777,0.052963971335259624,0.9719836814716525,0.02127038358251054
880529,treated_candidate,333,,,computed,2016-01_to_2018-02,not_yet_audited,False,17304.576923076922,449919,546711291,9.758784094033054,0.06914446613684305,2.052956949350607,0.0008229553832280373
890790,control_candidate,,ambiguous_naics3_candidates,,computed,2016-01_to_2018-02,not_yet_audited,False,335169.6923076923,8714412,179796870,12.722395210317933,0.019432780211654677,0.5794632867313024,0.04846809624661431
900140,control_candidate,339,,,computed,2016-01_to_2018-02,not_yet_audited,False,120597.76923076923,3135542,35069345,11.700224357839808,0.008747975824234732,0.5766071801528662,0.08940976798967873
900150,control_candidate,339,,,computed,2016-01_to_2018-02,not_yet_audited,False,10685783.923076924,277830382,1632951698,16.184424904315918,0.028092213209980406,0.22776389424198967,0.17013998781487535
900311,control_candidate,339,,,computed,2016-01_to_2018-02,not_yet_audited,False,28650631.346153848,744916415,1348474673,17.170686072300434,0.003505118389387389,0.15398625682713873,0.5524140941726089
900319,control_candidate,339,,,computed,2016-01_to_2018-02,not_yet_audited,False,23354635.307692308,607220518,1017286151,16.96630607944395,-0.00028791396886664446,0.14632427668690554,0.5969023734404499
900390,control_candidate,339,,,computed,2016-01_to_2018-02,not_yet_audited,False,869441.0384615385,22605467,53958888,13.675606949785758,0.01123919779148746,0.3229536737828258,0.41893871126476884
900410,control_candidate,339,,,computed,2016-01_to_2018-02,not_yet_audited,False,51584587.57692308,1341199277,3312825080,17.758733514850864,-0.0007935390900326308,0.22476751325718972,0.4048506168034685
900490,control_candidate,339,,,computed,2016-01_to_2018-02,not_yet_audited,False,35634730.961538464,926503005,1795634584,17.388831337114556,0.009452029440592813,0.13142220626495846,0.5159752508977071
900510,control_candidate,333,,,computed,2016-01_to_2018-02,not_yet_audited,False,7623829.923076923,198219578,324128994,15.846789547139116,0.00042689358687269846,0.22493554689891934,0.6115453466652847
900580,control_candidate,333,,,computed,2016-01_to_2018-02,not_yet_audited,False,5523500.384615385,143611010,195377228,15.524522525971612,0.008296775511031636,0.40075255397807885,0.7350447719526454
900640,control_candidate,333,,,computed,2016-01_to_2018-02,not_yet_audited,False,8390560.961538462,218154585,370650736,15.942618056121486,-0.010499507151555447,0.5660419028986099,0.5885718381522382
900651,control_candidate,333,,,computed,2016-01_to_2018-02,not_yet_audited,False,108774.46153846153,2828136,5435056,11.597041050636294,-0.01722693904395279,1.0233116527223884,0.5203508482709286
900652,control_candidate,333,,,computed,2016-01_to_2018-02,not_yet_audited,False,59447.61538461538,1545638,4482647,10.992867611429121,-0.027431677557256905,2.284600993698883,0.34480475486916545
900653,control_candidate,333,,,computed,2016-01_to_2018-02,not_yet_audited,False,746800.2307692308,19416806,35467080,13.523554338705699,0.002139974496958772,0.3604142644849077,0.5474599544140651
900659,control_candidate,333,,,computed,2016-01_to_2018-02,not_yet_audited,False,194246.57692307694,5050411,20120594,12.176888794139618,0.014416386169650538,0.5469085357065679,0.2510070527738893
900661,control_candidate,333,,,computed,2016-01_to_2018-02,not_yet_audited,False,2061850.0384615385,53608101,126699783,14.539114699660251,0.01832051974675226,0.3131035453195751,0.42311122979587107
900669,control_candidate,,ambiguous_naics3_candidates,,computed,2016-01_to_2018-02,not_yet_audited,False,1005894.0,26153244,30398312,13.821388250437046,0.03289432356151199,0.5741747681052255,0.8603518511159436
900699,control_candidate,333,,,computed,2016-01_to_2018-02,not_yet_audited,False,1493144.1153846155,38821747,77542099,14.216395268974555,0.0046686960656862385,0.2227780941704928,0.5006538061343941
900791,control_candidate,333,,,computed,2016-01_to_2018-02,not_yet_audited,False,957764.5769230769,24901879,79863876,13.772358326511114,0.07384988350717056,0.7303429814835604,0.31180403766028086
901110,treated_candidate,333,,,computed,2016-01_to_2018-02,not_yet_audited,False,717169.5769230769,18646409,273834650,13.483068994945576,0.04455784805531523,0.46976073339086927,0.06809367989040101
901190,treated_candidate,333,,,computed,2016-01_to_2018-02,not_yet_audited,False,1297193.8076923077,33727039,288480179,14.07571465070324,-0.0034745138766361836,0.19413157548872534,0.11691284689614671
901210,treated_candidate,334,,,computed,2016-01_to_2018-02,not_yet_audited,False,232510.23076923078,6045266,599258323,12.356693807226717,0.012120044114237666,0.6345076670892423,0.010087913288773797
901290,treated_candidate,334,,,computed,2016-01_to_2018-02,not_yet_audited,False,188295.03846153847,4895671,123807109,12.14577067598282,0.044438212924722637,0.760128129214265,0.03954272932744112
901320,treated_candidate,335,,,computed,2016-01_to_2018-02,not_yet_audited,False,3423447.8076923075,89009643,1531586304,15.046159024223424,0.007105017516820637,0.15629016723045805,0.05811598260413799
901420,treated_candidate,334,,,computed,2016-01_to_2018-02,not_yet_audited,False,417396.0,10852296,1772778708,12.941793086249145,0.053741634973702,1.0288903060632932,0.006121630382307141
901480,treated_candidate,334,,,computed,2016-01_to_2018-02,not_yet_audited,False,3834949.1923076925,99708679,620163899,15.159667005034928,0.1253137418891189,1.1936261835337545,0.16077794783085236
901490,treated_candidate,334,,,computed,2016-01_to_2018-02,not_yet_audited,False,537497.6923076923,13974940,703773684,13.194681606065075,-0.005325977439963388,0.3839514601309057,0.01985715055523446
901520,treated_candidate,334,,,computed,2016-01_to_2018-02,not_yet_audited,False,896653.8461538461,23313000,204913222,13.706426280094966,0.018572696987263743,0.34295812050728763,0.1137701109399373
901580,treated_candidate,334,,,computed,2016-01_to_2018-02,not_yet_audited,False,4538149.615384615,117991890,1144509441,15.328030133587069,0.03703589534379999,0.5584248118225565,0.10309385468843853
901811,treated_candidate,334,,,computed,2016-01_to_2018-02,not_yet_audited,False,1525093.6923076923,39652436,790558798,14.23756705941246,-0.00035222888803339097,0.23215966309098385,0.050157478609200175
901812,treated_candidate,334,,,computed,2016-01_to_2018-02,not_yet_audited,False,6520243.038461538,169526319,726433653,15.690422362414273,0.015008082069525879,0.2501964358036982,0.2333679315377202
901813,treated_candidate,334,,,computed,2016-01_to_2018-02,not_yet_audited,False,4326516.653846154,112489433,1268974863,15.280273539419579,0.0014834958878638294,0.750544366117952,0.08864591118382145
901819,treated_candidate,334,,,computed,2016-01_to_2018-02,not_yet_audited,False,37136912.807692304,965559733,7775165033,17.43012201425124,-0.0024889358809261864,0.09783724483945806,0.1241851110429028
901820,treated_candidate,334,,,computed,2016-01_to_2018-02,not_yet_audited,False,599941.1538461539,15598470,93243134,13.304588519294105,0.009922592268943615,0.41013296604109617,0.16728813512424412
901831,control_candidate,339,,,computed,2016-01_to_2018-02,not_yet_audited,False,7138428.5,185599141,1176994864,15.781003352138269,0.014644787227830372,0.18542925818686368,0.15768899820789703
901832,control_candidate,339,,,computed,2016-01_to_2018-02,not_yet_audited,False,1192100.7307692308,30994619,1276889183,13.991228467570847,0.003240220277806608,0.3750351721690116,0.024273538700656374
901839,control_candidate,339,,,computed,2016-01_to_2018-02,not_yet_audited,False,19759359.769230768,513743354,10436344082,16.799137900025446,-0.0008807619505656798,0.15306820281035122,0.049226371798729275
901841,control_candidate,339,,,computed,2016-01_to_2018-02,not_yet_audited,False,28369.19230769231,737599,132258066,10.253094306337989,0.034939613926960815,3.3670334403631466,0.005576967986209627
901849,control_candidate,339,,,computed,2016-01_to_2018-02,not_yet_audited,False,5421129.230769231,140949360,1837192351,15.505814881338761,0.0028661177173380475,0.12560876906662521,0.07671997976873789
901850,control_candidate,339,,,computed,2016-01_to_2018-02,not_yet_audited,False,1176942.6923076923,30600510,877600763,13.978431545087586,0.026486727670490307,0.31795002558860297,0.03486837214611674
901910,control_candidate,,ambiguous_naics3_candidates,,computed,2016-01_to_2018-02,not_yet_audited,False,49563843.884615384,1288659941,2344070152,17.71877219211584,0.02219333575985925,0.2661758048559321,0.5497531462104467
901920,control_candidate,339,,,computed,2016-01_to_2018-02,not_yet_audited,False,29538491.653846152,768000783,4713446673,17.201204806475324,0.006783530228325577,0.11329208813833004,0.16293825649907803
902000,control_candidate,339,,,computed,2016-01_to_2018-02,not_yet_audited,False,657268.8461538461,17088990,438009899,13.395849937881922,0.005863870432669844,0.2970085133204112,0.039015077145551
902110,control_candidate,339,,,computed,2016-01_to_2018-02,not_yet_audited,False,23567978.269230768,612767435,4384912159,16.975399538069038,0.012884849498129404,0.1341838526078539,0.13974451774188892
902121,control_candidate,339,,,computed,2016-01_to_2018-02,not_yet_audited,False,3794854.4615384615,98666216,349525439,15.149156881535426,0.003593108571359462,0.07468251237671597,0.28228622294928296
902129,control_candidate,339,,,computed,2016-01_to_2018-02,not_yet_audited,False,516364.6538461539,13425481,730721877,13.154570424987755,-0.0109675039570011,0.2819954723595708,0.018372901404182265
902131,control_candidate,339,,,computed,2016-01_to_2018-02,not_yet_audited,False,7303071.192307692,189879851,4790803567,15.803805665848156,-0.01431090749771742,0.2484734008779424,0.03963423846219241
902139,control_candidate,339,,,computed,2016-01_to_2018-02,not_yet_audited,False,376716.42307692306,9794627,7265779716,12.839250644473896,0.04946382008114,0.7861003512031566,0.001348048988937996
902140,control_candidate,334,,,computed,2016-01_to_2018-02,not_yet_audited,False,21908312.923076924,569616136,2835425147,16.90237675393577,-0.014022665880522485,0.1809430453653735,0.2008926726923749
902190,control_candidate,,ambiguous_naics3_candidates,,computed,2016-01_to_2018-02,not_yet_audited,False,26930454.53846154,700191818,2320175396,17.108768380294975,0.007650120183487029,0.1437026005705832,0.301784002712526
902212,treated_candidate,334,,,computed,2016-01_to_2018-02,not_yet_audited,False,12584850.5,327206113,1261201750,16.348004386720316,-0.009734265181124723,0.21523518948964182,0.2594399452744178
902214,treated_candidate,334,,,computed,2016-01_to_2018-02,not_yet_audited,False,3245777.923076923,84390226,2432099763,14.992865917244007,0.007965074596653672,0.3726128720143784,0.03469850508759743
902219,treated_candidate,334,,,computed,2016-01_to_2018-02,not_yet_audited,False,1569432.576923077,40805247,618167083,14.266225333198191,-0.007285314993089834,0.2956000137369667,0.06601006123129335
902221,treated_candidate,334,,,computed,2016-01_to_2018-02,not_yet_audited,False,258558.96153846153,6722533,77420861,12.462882905562001,-0.04336612041958453,2.7587545472867494,0.08683102865518377
902230,treated_candidate,334,,,computed,2016-01_to_2018-02,not_yet_audited,False,650649.7692307692,16916894,761989278,13.385728324453908,0.018872214756513725,0.23449331746238297,0.02220096068070921
902300,control_candidate,339,,,computed,2016-01_to_2018-02,not_yet_audited,False,8901346.807692308,231435017,1076536109,16.00171326230318,0.01166126740245097,0.25105408875548024,0.21498119298105214
902410,treated_candidate,334,,,computed,2016-01_to_2018-02,not_yet_audited,False,427057.96153846156,11103507,102757791,12.964677365906397,0.0047654914388161156,0.31061596566238525,0.10805513520624437
902480,treated_candidate,334,,,computed,2016-01_to_2018-02,not_yet_audited,False,517307.3846153846,13449992,170732471,13.156394464279707,0.0017715319437902536,0.28979649842122523,0.07877817219666433
902490,treated_candidate,334,,,computed,2016-01_to_2018-02,not_yet_audited,False,346245.42307692306,9002381,132563288,12.754906005966566,0.001694090066842705,0.39438191944799683,0.06791006119280928
902511,control_candidate,,ambiguous_naics3_candidates,,computed,2016-01_to_2018-02,not_yet_audited,False,966338.8461538461,25124810,32217702,13.781270858937544,0.0117221486744583,0.18618477830473812,0.7798448815499007
902690,treated_candidate,334,,,computed,2016-01_to_2018-02,not_yet_audited,False,8936087.73076923,232338281,1158704302,16.005608549266615,0.01430822135661537,0.15530687130811857,0.2005155936669682
902720,treated_candidate,334,,,computed,2016-01_to_2018-02,not_yet_audited,False,4472726.307692308,116290884,526971216,15.313508916481553,0.007042036365499621,0.19564553834813317,0.2206778671569796
902730,treated_candidate,334,,,computed,2016-01_to_2018-02,not_yet_audited,False,4498862.269230769,116970419,887676665,15.31933531599246,-0.002449551626057691,0.21119598301896325,0.1317714249027826
902750,treated_candidate,,ambiguous_naics3_candidates,,computed,2016-01_to_2018-02,not_yet_audited,False,11604520.807692308,301717541,2606676902,16.266905391127978,0.01080328180163887,0.18305136965921043,0.11574796276765413
902780,treated_candidate,334,,,computed,2016-01_to_2018-02,not_yet_audited,False,11591957.384615384,301390892,3177756468,16.265822172967187,-0.0018261796880169423,0.26750570860468054,0.09484392370372165
902890,treated_candidate,334,,,computed,2016-01_to_2018-02,not_yet_audited,False,5121523.730769231,133159617,882839466,15.448962751660742,0.005192316939873289,0.22145064391018965,0.1508310651350061
903010,treated_candidate,334,,,computed,2016-01_to_2018-02,not_yet_audited,False,661963.3461538461,17211047,425404691,13.402966975695117,0.1270801541332123,1.2632510409878537,0.040458056443952096
903039,treated_candidate,334,,,computed,2016-01_to_2018-02,not_yet_audited,False,1592888.2307692308,41415094,319093195,14.281060051489726,0.007520263818334039,0.21461970323797377,0.12978996308586274
903040,treated_candidate,334,,,computed,2016-01_to_2018-02,not_yet_audited,False,7087234.423076923,184268095,1791460918,15.77380589624403,0.014985917972060104,0.2710799825418689,0.10285912081504867
903082,treated_candidate,334,,,computed,2016-01_to_2018-02,not_yet_audited,False,3528632.9615384615,91744457,737358805,15.076421374279352,0.023175631459026146,0.6413696000436357,0.12442308463381
903110,treated_candidate,333,,,computed,2016-01_to_2018-02,not_yet_audited,False,657210.8846153846,17087483,113184267,13.395761748693525,0.03470571787482773,0.5016204096018275,0.15097047896241622
903120,treated_candidate,,ambiguous_naics3_candidates,,computed,2016-01_to_2018-02,not_yet_audited,False,275507.0,7163182,266138839,12.526371945266032,0.008718216665807587,0.6046636624471392,0.026915207216335682
903141,treated_candidate,333,,,computed,2016-01_to_2018-02,not_yet_audited,False,167187.53846153847,4346876,738921886,12.026877427411907,-0.006852512719317719,1.3938130910537307,0.005882727365853121
903149,treated_candidate,,ambiguous_naics3_candidates,,computed,2016-01_to_2018-02,not_yet_audited,False,9928296.192307692,258135701,1855487957,16.11089954017959,0.015635908327641238,0.23465877888959835,0.13912011663894622
903180,treated_candidate,334,,,computed,2016-01_to_2018-02,not_yet_audited,False,28148855.384615384,731870240,5729440140,17.153017285956178,0.004455461741984461,0.1965263853670435,0.12773852629866206
903210,treated_candidate,334,,,computed,2016-01_to_2018-02,not_yet_audited,False,30765357.96153846,799899307,1924110912,17.24189990594299,0.020574344495127145,0.22920091333997247,0.4157241154921531
903220,treated_candidate,334,,,computed,2016-01_to_2018-02,not_yet_audited,False,42822.192307692305,1113377,100411680,10.664835111155867,0.02160619697054919,0.5507055210165612,0.011088122417631097
903281,treated_candidate,334,,,computed,2016-01_to_2018-02,not_yet_audited,False,515514.6153846154,13403380,113001816,13.1529228737061,0.03375057583346592,0.37433929019351314,0.11861207611035207
903289,treated_candidate,,ambiguous_naics3_candidates,,computed,2016-01_to_2018-02,not_yet_audited,False,28075971.615384616,729975262,6798145543,17.15042470145744,0.00024369362448718827,0.15957657235621722,0.1073785869076678
910111,control_candidate,,ambiguous_naics3_candidates,,computed,2016-01_to_2018-02,not_yet_audited,False,140249.23076923078,3646480,217634264,11.851183468797,0.03647612524864134,2.4297544756153786,0.01675508227877206
910119,control_candidate,,ambiguous_naics3_candidates,,computed,2016-01_to_2018-02,not_yet_audited,False,59674.769230769234,1551544,3448429,10.996681341459421,-0.012628528440855458,3.041856715621801,0.4499277787073476
910121,control_candidate,334,,,computed,2016-01_to_2018-02,not_yet_audited,False,308685.73076923075,8025829,1464993787,12.640082225339745,0.10430669566633766,1.4425818598881686,0.005478404803637573
910211,control_candidate,,ambiguous_naics3_candidates,,computed,2016-01_to_2018-02,not_yet_audited,False,13288526.038461538,345501677,2979348992,16.402411592226645,-0.01682839364891252,0.2675908945969794,0.11596549377992439
910212,control_candidate,334,,,computed,2016-01_to_2018-02,not_yet_audited,False,12153018.576923076,315978483,433980180,16.313088221723284,-0.019339827813894254,0.40385147322399984,0.7280942714941498
910219,control_candidate,,ambiguous_naics3_candidates,,computed,2016-01_to_2018-02,not_yet_audited,False,2760335.769230769,71768730,170653329,14.830863248086997,-0.03262328797156081,0.3273705151477773,0.4205527687069029
910221,control_candidate,334,,,computed,2016-01_to_2018-02,not_yet_audited,False,1677826.8846153845,43623499,2765958916,14.33301058900553,0.007311942995967327,0.3447811662002008,0.015771564338014916
910229,control_candidate,334,,,computed,2016-01_to_2018-02,not_yet_audited,False,145963.96153846153,3795063,262685791,11.891121882425802,0.04091250666718839,1.3361891615509018,0.01444715751679161
910291,control_candidate,,ambiguous_naics3_candidates,,computed,2016-01_to_2018-02,not_yet_audited,False,335502.3846153846,8723062,16335686,12.72338732361537,-0.007963086588687121,0.35303931504648534,0.5339881043257075
910310,control_candidate,,ambiguous_naics3_candidates,,computed,2016-01_to_2018-02,not_yet_audited,False,302380.57692307694,7861895,11273939,12.619444998558219,-0.016819303040409888,0.48330029040094874,0.6973512097235935
910511,control_candidate,,ambiguous_naics3_candidates,,computed,2016-01_to_2018-02,not_yet_audited,False,4671010.346153846,121446269,123343985,15.356886168544417,0.006809238588328016,0.2674716610315358,0.9846144422851264
910519,control_candidate,334,,,computed,2016-01_to_2018-02,not_yet_audited,False,227637.11538461538,5918565,7710682,12.335512433753847,0.006329053228176763,0.691363882411327,0.7675799624469016
910521,control_candidate,,ambiguous_naics3_candidates,,computed,2016-01_to_2018-02,not_yet_audited,False,7096672.961538462,184513497,212538500,15.775136776130353,0.00258475681868756,0.1812123717212907,0.8681415225947299
910529,control_candidate,334,,,computed,2016-01_to_2018-02,not_yet_audited,False,847080.3461538461,22024089,31025816,13.649552009345928,0.0003700795834316295,0.20995555039755986,0.7098633280104543
910591,control_candidate,,ambiguous_naics3_candidates,,computed,2016-01_to_2018-02,not_yet_audited,False,2117980.5384615385,55067494,65037428,14.565974088609531,0.005144322066060807,0.22474240072911203,0.8467046698095134
910599,control_candidate,334,,,computed,2016-01_to_2018-02,not_yet_audited,False,244564.0,6358664,31294686,12.407236401236323,0.010156532506441834,0.311996785504268,0.20318670077085932
910811,control_candidate,,ambiguous_naics3_candidates,,computed,2016-01_to_2018-02,not_yet_audited,False,25144.384615384617,653754,22700678,10.132429644388253,-0.11367661502968024,2.149617281372769,0.028798875522572497
910820,control_candidate,334,,,computed,2016-01_to_2018-02,not_yet_audited,False,21200.423076923078,551211,24363722,9.961823584677193,-0.24244349202930046,3.279961362059148,0.022624252566992843
910910,control_candidate,,ambiguous_naics3_candidates,,computed,2016-01_to_2018-02,not_yet_audited,False,114851.42307692308,2986137,3931759,11.651403305647612,-0.030071823302787383,0.6318967355088808,0.7594913625173872
910990,control_candidate,334,,,computed,2016-01_to_2018-02,not_yet_audited,False,40906.0,1063556,11014475,10.619056476530803,-0.06612999440053838,2.2069222110737954,0.09655984511290824
911090,control_candidate,334,,,computed,2016-01_to_2018-02,not_yet_audited,False,29538.46153846154,768000,1852018,10.293482327701955,-0.07562906486364993,2.156847037462537,0.4146827946596631
911120,control_candidate,334,,,computed,2016-01_to_2018-02,not_yet_audited,False,892434.1538461539,23203288,32988621,13.701709133241291,-0.013754959680191711,0.5122012400980845,0.7033724750119139
911180,control_candidate,334,,,computed,2016-01_to_2018-02,not_yet_audited,False,83105.11538461539,2160733,2662564,11.327873568805138,0.02527122992881458,2.4994605556135445,0.8115234037566796
911190,control_candidate,334,,,computed,2016-01_to_2018-02,not_yet_audited,False,68312.46153846153,1776124,18559408,11.13186212040573,0.019091441836952477,0.6631757016385148,0.09569938868739779
911220,control_candidate,334,,,computed,2016-01_to_2018-02,not_yet_audited,False,31614.653846153848,821981,2492075,10.36140765179566,0.03384068068048395,2.1919166590280197,0.32983798641694173
911320,control_candidate,339,,,computed,2016-01_to_2018-02,not_yet_audited,False,1607829.1923076923,41803559,58363696,14.290396121346088,-0.0125455831657432,0.2360807389689025,0.7162596248188258
911390,control_candidate,,ambiguous_naics3_candidates,,computed,2016-01_to_2018-02,not_yet_audited,False,5997349.115384615,155931077,219339711,15.606828282201478,0.004481956599306959,0.2956594073043129,0.7109112904776281
911430,control_candidate,334,,,computed,2016-01_to_2018-02,not_yet_audited,False,164569.88461538462,4278817,14703175,12.011096665888736,-0.01344341535426725,0.41994730236481487,0.29101313151751235
911440,control_candidate,334,,,computed,2016-01_to_2018-02,not_yet_audited,False,12094.76923076923,314464,2480345,9.400611020093246,-0.0061379768483747,3.08639639328669,0.12678236293741396
911490,control_candidate,334,,,computed,2016-01_to_2018-02,not_yet_audited,False,615046.1923076923,15991201,74418335,13.329454279304302,-0.015354775423463462,0.4146545631645436,0.21488254205096097
920110,control_candidate,339,,,computed,2016-01_to_2018-02,not_yet_audited,False,451706.92307692306,11744380,94245235,13.02079106206208,0.006838178802851485,0.2640503745990673,0.12461510653562485
920120,control_candidate,339,,,computed,2016-01_to_2018-02,not_yet_audited,False,636306.1538461539,16543960,148639635,13.363436672040212,0.005843177390736046,0.34103804406036486,0.11130247998792515
920210,control_candidate,339,,,computed,2016-01_to_2018-02,not_yet_audited,False,2781428.846153846,72317150,87348608,14.838475686591728,-0.004272363140964824,0.2475399781767264,0.8279141666459069
920290,control_candidate,339,,,computed,2016-01_to_2018-02,not_yet_audited,False,6648235.346153846,172854119,331904570,15.709862166352668,0.023151781099373766,0.4100952727032066,0.5207946338310436
920510,control_candidate,339,,,computed,2016-01_to_2018-02,not_yet_audited,False,2677158.4615384615,69606120,166148858,14.800266887982247,-0.007394640804793051,0.2998699050359232,0.41893829929303517
920590,control_candidate,339,,,computed,2016-01_to_2018-02,not_yet_audited,False,3077475.6153846155,80014366,273617716,14.939620538436609,0.0017226229833062247,0.24602153809398483,0.2924312327788015
920600,control_candidate,339,,,computed,2016-01_to_2018-02,not_yet_audited,False,3915779.6923076925,101810272,245122051,15.180525278078534,0.002858484645474528,0.25234385285179106,0.41534521918633915
920710,control_candidate,339,,,computed,2016-01_to_2018-02,not_yet_audited,False,11277153.615384616,293205994,498295085,16.238289521804536,0.007548870337812726,0.40189536371120227,0.5884183946947821
920790,control_candidate,339,,,computed,2016-01_to_2018-02,not_yet_audited,False,8709990.692307692,226459758,520014531,15.979981395017402,0.006138507935533644,0.3400984221592031,0.43548736525595283
920810,control_candidate,339,,,computed,2016-01_to_2018-02,not_yet_audited,False,2087936.2692307692,54286343,56268243,14.551687184061498,0.018828089901237913,0.8750192484281955,0.9647776455362219
920890,control_candidate,339,,,computed,2016-01_to_2018-02,not_yet_audited,False,539580.6538461539,14029097,22763445,13.198549403193919,-0.021254457975020784,0.3334211731222894,0.6162993782355878
920930,control_candidate,339,,,computed,2016-01_to_2018-02,not_yet_audited,False,145763.11538461538,3789841,42328550,11.88974494607309,0.02105572724573718,0.3886734754031856,0.08953391977754967
920991,control_candidate,339,,,computed,2016-01_to_2018-02,not_yet_audited,False,75899.80769230769,1973395,13848153,11.23718260485948,0.07305189306564136,1.0604588518956035,0.14250239725109912
920992,control_candidate,339,,,computed,2016-01_to_2018-02,not_yet_audited,False,1192082.6538461538,30994149,81797693,13.99121330354611,-0.005737411040015077,0.19351703425188269,0.37891226345466733
920994,control_candidate,339,,,computed,2016-01_to_2018-02,not_yet_audited,False,1523306.1153846155,39605959,115330324,14.236394263146913,0.01423903815838964,0.252440428908189,0.34341322929084983
920999,control_candidate,339,,,computed,2016-01_to_2018-02,not_yet_audited,False,2209149.9615384615,57437899,187597262,14.60811881937844,-0.006506507528851207,0.15671874504152378,0.3061766381217227
930320,control_candidate,332,,,computed,2016-01_to_2018-02,not_yet_audited,False,1313288.923076923,34145512,480567235,14.088045938565,-0.006653040906383895,0.5698227231004263,0.07105251776060013
930400,control_candidate,332,,,computed,2016-01_to_2018-02,not_yet_audited,False,5274789.346153846,137144523,345836660,15.4784494917316,0.006617082101892866,0.23674978081736422,0.39655866153692326
930510,control_candidate,332,,,computed,2016-01_to_2018-02,not_yet_audited,False,43737.153846153844,1137166,499877206,10.685976085890385,-0.021711438647486685,2.2813997523545404,0.0022748906858537574
930520,control_candidate,332,,,computed,2016-01_to_2018-02,not_yet_audited,False,2090155.4615384615,54344042,499989591,14.5527494831191,-0.0027967862740070535,0.2877020528373348,0.10869034671563793
930599,control_candidate,332,,,computed,2016-01_to_2018-02,not_yet_audited,False,1555512.3461538462,40443321,89709264,14.257316175259778,-0.0021971342931116295,0.2550024050330592,0.45082658352876465
930629,control_candidate,332,,,computed,2016-01_to_2018-02,not_yet_audited,False,762972.2307692308,19837278,98085300,13.544978225469256,-0.00794036971475835,0.27269194318244466,0.20224516823621888
930690,control_candidate,,ambiguous_naics3_candidates,,computed,2016-01_to_2018-02,not_yet_audited,False,436322.6923076923,11344390,1018684346,12.986139660428309,-0.03313548508817921,0.4694444918892707,0.011136315233021162
930700,control_candidate,332,,,computed,2016-01_to_2018-02,not_yet_audited,False,1071686.4615384615,27863848,44607132,13.884745031032443,0.017667148176508284,0.29701267253852776,0.6246500671686313
940110,control_candidate,336,,,computed,2016-01_to_2018-02,not_yet_audited,False,1299624.4615384615,33790236,1486946783,14.077586674412236,0.0862983671194841,1.058782729348129,0.0227245765526499
940210,control_candidate,339,,,computed,2016-01_to_2018-02,not_yet_audited,False,3294806.1153846155,85664959,135692958,15.007858185627029,0.00980273109189698,0.1843977572766263,0.6313146994702555
940290,control_candidate,,ambiguous_naics3_candidates,,computed,2016-01_to_2018-02,not_yet_audited,False,21434575.346153848,557298959,1779174179,16.880515893235447,0.02295551113768726,0.21595913155523724,0.31323462625409426
940430,control_candidate,314,,,computed,2016-01_to_2018-02,not_yet_audited,False,9908505.615384616,257621146,280964113,16.10890420023662,-0.0036814672043523856,0.1962126052785313,0.9169183325558734
940490,control_candidate,314,,,computed,2016-01_to_2018-02,not_yet_audited,False,158160268.6153846,4112166984,5212373115,18.87911944152539,0.007423126870761684,0.14678350457541103,0.7889241413217596
950300,control_candidate,339,,,computed,2016-01_to_2018-02,not_yet_audited,False,994601380.2692307,25859635887,30112386190,20.71785259301253,0.013651618810251837,0.38863107292293614,0.858770730550331
950420,control_candidate,339,,,computed,2016-01_to_2018-02,not_yet_audited,False,3657089.269230769,95084321,137135499,15.11217838078388,0.016011059423050904,0.4258156266418798,0.6933603749091983
950430,control_candidate,339,,,computed,2016-01_to_2018-02,not_yet_audited,False,25010004.192307692,650260109,1597033926,17.034786510463043,0.009350971298244765,0.14366930994069005,0.4071673734750704
950440,control_candidate,323,,,computed,2016-01_to_2018-02,not_yet_audited,False,7689597.230769231,199929528,253145059,15.855379094443272,0.058669169075451374,0.6791877362403433,0.7897824622364049
950450,control_candidate,339,,,computed,2016-01_to_2018-02,not_yet_audited,False,338842955.7307692,8809916849,9138150668,19.64104730352771,0.0360696464866313,0.5009805589868979,0.9640809359655876
950490,control_candidate,339,,,computed,2016-01_to_2018-02,not_yet_audited,False,62362256.57692308,1621418671,2012664264,17.948470803822538,0.031165209111026354,0.5162807691976986,0.8056081185530505
950510,control_candidate,,ambiguous_naics3_candidates,,computed,2016-01_to_2018-02,not_yet_audited,False,155797835.92307693,4050743734,4400702181,18.864069807627246,0.02646247879827178,1.8537515504153754,0.9204766801736907
950590,control_candidate,,ambiguous_naics3_candidates,,computed,2016-01_to_2018-02,not_yet_audited,False,71888591.34615384,1869103375,2034322489,18.090628150105587,0.009602192655050914,0.6802226740697728,0.9187842070795689
950611,control_candidate,339,,,computed,2016-01_to_2018-02,not_yet_audited,False,1776280.6923076923,46183298,251679088,14.390032800490543,-0.013882464002478672,0.7653335017969403,0.18350073646166423
950612,control_candidate,339,,,computed,2016-01_to_2018-02,not_yet_audited,False,1187043.9615384615,30863143,108146168,13.986977551171375,0.11504541088496324,2.88819988305213,0.2853836023112719
950619,control_candidate,339,,,computed,2016-01_to_2018-02,not_yet_audited,False,488064.8076923077,12689685,35821601,13.098205527572093,0.02616243954918719,1.04139748350198,0.35424672950826513
950621,control_candidate,339,,,computed,2016-01_to_2018-02,not_yet_audited,False,326850.07692307694,8498102,34864789,12.697259923889591,-0.006791023315976683,0.4403869216256023,0.24374454123327693
950629,control_candidate,339,,,computed,2016-01_to_2018-02,not_yet_audited,False,23251996.03846154,604551897,895941339,16.96190158043633,-0.019009523136737233,0.5017610385861849,0.6747672762535628
950631,control_candidate,339,,,computed,2016-01_to_2018-02,not_yet_audited,False,22451736.5,583745149,813944715,16.926878563367115,-0.010821336361746797,0.3439547137329845,0.7171803419105682
950632,control_candidate,339,,,computed,2016-01_to_2018-02,not_yet_audited,False,2245852.8846153845,58392175,351535667,14.624596356338563,0.003950663185421469,0.2997672377347158,0.16610597581269043
950639,control_candidate,339,,,computed,2016-01_to_2018-02,not_yet_audited,False,18283674.807692308,475375545,734040119,16.721519187347475,0.0004890083841975954,0.12884072639939967,0.6476152088902378
950640,control_candidate,339,,,computed,2016-01_to_2018-02,not_yet_audited,False,2996160.0,77900160,117629605,14.912842360493153,0.03415135178628748,0.6088968472592784,0.6622496096964705
950651,control_candidate,339,,,computed,2016-01_to_2018-02,not_yet_audited,False,3180217.0,82685642,95786327,14.972460305865798,0.00357388887118475,0.3199738927709689,0.8632301142521103
950659,control_candidate,339,,,computed,2016-01_to_2018-02,not_yet_audited,False,1258580.0384615385,32723081,39528074,14.045495484381902,-0.002434442894058396,0.3835772799625852,0.8278440533176497
950661,control_candidate,339,,,computed,2016-01_to_2018-02,not_yet_audited,False,3232261.3846153845,84038796,134806734,14.988692878686653,0.0016247769685203595,0.1585682548175141,0.6234020623925212
950662,control_candidate,339,,,computed,2016-01_to_2018-02,not_yet_audited,False,12707006.615384616,330382172,490344076,16.35766417999275,-0.0102011825611411,0.15349837222928728,0.6737762077092984
950669,control_candidate,339,,,computed,2016-01_to_2018-02,not_yet_audited,False,8439328.384615384,219422538,300229038,15.948413406616156,0.004607500418210443,0.3516400374083178,0.7308504848888068
950670,control_candidate,339,,,computed,2016-01_to_2018-02,not_yet_audited,False,7028931.923076923,182752230,269411038,15.765545463229726,0.007536099780160397,0.3174536321258077,0.6783398013558747
950691,control_candidate,339,,,computed,2016-01_to_2018-02,not_yet_audited,False,124674320.07692307,3241532322,4577864200,18.641215463838606,0.01340267263271768,0.2194559840044035,0.7080883530795867
950699,control_candidate,339,,,computed,2016-01_to_2018-02,not_yet_audited,False,91815588.1923077,2387205293,3658510609,18.33529265808313,-0.001940034935079549,0.2330777225487232,0.6525074130241507
950710,control_candidate,339,,,computed,2016-01_to_2018-02,not_yet_audited,False,13765330.73076923,357898599,423265994,16.437663795852124,-0.007322830754062696,0.3461479444847558,0.845564264725694
950720,control_candidate,339,,,computed,2016-01_to_2018-02,not_yet_audited,False,1393257.3846153845,36224692,78202087,14.147155723440148,-0.004788376368477732,0.2335123659668659,0.4632189931197105
950730,control_candidate,339,,,computed,2016-01_to_2018-02,not_yet_audited,False,14722416.692307692,382782834,592354693,16.504881903179545,0.002117267099811442,0.3100341982205311,0.6462054551494876
950790,control_candidate,,ambiguous_naics3_candidates,,computed,2016-01_to_2018-02,not_yet_audited,False,11217765.615384616,291661906,501898621,16.23300938435768,0.00012111623099156187,0.1593054749013526,0.5811171694771403
950810,control_candidate,333,,,computed,2016-01_to_2018-02,not_yet_audited,False,45394.61538461538,1180260,44182201,10.72317080193416,-0.0105414411562388,3.459921162005973,0.026713472241910265
950890,control_candidate,333,,,computed,2016-01_to_2018-02,not_yet_audited,False,2614151.153846154,67967930,586653658,14.776450378758536,-0.004417456774520195,0.2419419202479763,0.11585699513357504
960190,control_candidate,339,,,computed,2016-01_to_2018-02,not_yet_audited,False,360895.42307692306,9383281,65853401,12.796346279462128,0.014665313365241895,0.23776666999874563,0.1424874168609758
960200,control_candidate,,ambiguous_naics3_candidates,,computed,2016-01_to_2018-02,not_yet_audited,False,3532104.3076923075,91834712,440799046,15.077404655576442,0.018372780380957014,0.45235391359468774,0.20833691187253614
960310,control_candidate,339,,,computed,2016-01_to_2018-02,not_yet_audited,False,46214.846153846156,1201586,44832749,10.74107800860508,-0.03242459840920801,2.1761225311833905,0.026801524037707348
960321,control_candidate,339,,,computed,2016-01_to_2018-02,not_yet_audited,False,11911548.76923077,309700268,498608493,16.29301905622728,0.0053882593904125186,0.14532814880877143,0.6211291471122213
960329,control_candidate,339,,,computed,2016-01_to_2018-02,not_yet_audited,False,10397682.346153846,270339741,327111941,16.157093584120467,-0.00033530117202207565,0.17893102423614926,0.8264441223807235
960330,control_candidate,339,,,computed,2016-01_to_2018-02,not_yet_audited,False,30196008.807692308,785096229,964937605,17.223220348042645,0.0018355111637410738,0.1709866860997858,0.8136238290764924
960340,control_candidate,339,,,computed,2016-01_to_2018-02,not_yet_audited,False,9019180.115384616,234498683,283963198,16.014864102483482,0.0005976079590836613,0.14227960348643867,0.8258065997693124
960350,control_candidate,339,,,computed,2016-01_to_2018-02,not_yet_audited,False,2205923.269230769,57354005,169068977,14.606657148755168,0.004368918054800186,0.1633148305633294,0.3392343528523272
960390,control_candidate,339,,,computed,2016-01_to_2018-02,not_yet_audited,False,41010988.538461536,1066285702,1486279604,17.529350626276393,0.004479175231427228,0.14394000519466454,0.7174193194405163
960400,control_candidate,332,,,computed,2016-01_to_2018-02,not_yet_audited,False,81034.80769230769,2106905,2801132,11.302646406245703,0.0838324325859426,2.25981498875739,0.7521619830839817
960500,control_candidate,316,,,computed,2016-01_to_2018-02,not_yet_audited,False,1652968.1153846155,42977171,48715985,14.318083692650765,-0.006400503657430606,0.29102960109130394,0.8821985432502288
960810,control_candidate,339,,,computed,2016-01_to_2018-02,not_yet_audited,False,21918938.423076924,569892399,1322124358,16.902861634889828,-0.0028105440472649297,0.18234371279391368,0.43104296169392564
960820,control_candidate,339,,,computed,2016-01_to_2018-02,not_yet_audited,False,11913120.23076923,309741126,614404084,16.293150975072304,-0.0013008600465754896,0.2638440427037977,0.5041325962279899
960830,control_candidate,339,,,computed,2016-01_to_2018-02,not_yet_audited,False,637880.4230769231,16584891,69486407,13.365907687807127,0.003914539842951679,0.2809736360448656,0.2386782065159881
960840,control_candidate,339,,,computed,2016-01_to_2018-02,not_yet_audited,False,1958977.0384615385,50933403,184216258,14.48793348627759,-0.021002659647374307,0.4171968355129765,0.2764870134317895
960850,control_candidate,339,,,computed,2016-01_to_2018-02,not_yet_audited,False,99270.57692307692,2581035,3840931,11.505614574650275,-0.09947394205168321,3.196464346685325,0.6719816107084454
960860,control_candidate,339,,,computed,2016-01_to_2018-02,not_yet_audited,False,143381.5,3727919,29237813,11.873271163438423,-0.011120279114008183,0.40019992449547653,0.1275033464370266
960891,control_candidate,339,,,computed,2016-01_to_2018-02,not_yet_audited,False,119237.53846153847,3100176,33159465,11.68888129060131,0.09809451654117025,2.3226965565590887,0.09349294386987245
960899,control_candidate,339,,,computed,2016-01_to_2018-02,not_yet_audited,False,634821.4615384615,16505358,111413407,13.361100650654373,0.014555357298312295,0.29055635581218014,0.1481451689202898
960910,control_candidate,339,,,computed,2016-01_to_2018-02,not_yet_audited,False,6520110.692307692,169522878,622008557,15.690402064478144,-0.028892308288017185,0.3909280124396932,0.27254107052421145
960920,control_candidate,339,,,computed,2016-01_to_2018-02,not_yet_audited,False,391561.96153846156,10180611,25616204,12.877901602781389,-0.06005498459684116,0.7155531372706967,0.3974285573303523
960990,control_candidate,339,,,computed,2016-01_to_2018-02,not_yet_audited,False,5798294.0,150755644,219224377,15.573074466783074,-0.0017642736200537475,0.21656436624892295,0.68767737449198
961000,control_candidate,339,,,computed,2016-01_to_2018-02,not_yet_audited,False,9174066.76923077,238525736,282178525,16.031891341209285,0.005582301693690572,0.2716205381411928,0.8453008108962226
961100,control_candidate,339,,,computed,2016-01_to_2018-02,not_yet_audited,False,2478569.1923076925,64442799,116877055,14.723192416520947,0.018019595489478176,0.3151562610492476,0.5513725427116555
961210,control_candidate,339,,,computed,2016-01_to_2018-02,not_yet_audited,False,1626362.576923077,42285427,103814157,14.301857146138394,0.00041955083162001773,0.25556279567213513,0.4073185028126752
961220,control_candidate,339,,,computed,2016-01_to_2018-02,not_yet_audited,False,294616.46153846156,7660028,20361366,12.5934330532788,0.015805048675181198,0.38429279654071424,0.37620403267639313
961310,control_candidate,339,,,computed,2016-01_to_2018-02,not_yet_audited,False,1100611.3461538462,28615895,296415224,13.91137726120238,0.029993806650784223,0.34775580796879196,0.0965398963448652
961320,control_candidate,339,,,computed,2016-01_to_2018-02,not_yet_audited,False,1272035.1538461538,33072914,37322826,14.05612944531331,0.0134902035962011,0.281900373000433,0.8861310234117856
961380,control_candidate,339,,,computed,2016-01_to_2018-02,not_yet_audited,False,4878373.153846154,126837702,186832744,15.400322557122015,0.022851298236676185,0.25185363854263493,0.6788836864698621
961390,control_candidate,339,,,computed,2016-01_to_2018-02,not_yet_audited,False,384012.5,9984325,31701431,12.858432987201898,-0.02956128143411763,0.46907685953187395,0.314948716352899
961400,control_candidate,,ambiguous_naics3_candidates,,computed,2016-01_to_2018-02,not_yet_audited,False,1235796.9615384615,32130721,53579050,14.027227442100019,0.012285294008223107,0.20076275949016406,0.5996881430335178
961511,control_candidate,326,,,computed,2016-01_to_2018-02,not_yet_audited,False,6706489.269230769,174368721,192359376,15.718586312377248,0.0005615827173909034,0.22874067515680274,0.9064737296714874
961519,control_candidate,332,,,computed,2016-01_to_2018-02,not_yet_audited,False,6439547.730769231,167428241,179576500,15.677969022763397,0.009723750959371143,0.19152858271291343,0.9323505080007685
961590,control_candidate,,ambiguous_naics3_candidates,,computed,2016-01_to_2018-02,not_yet_audited,False,4874545.115384615,126738173,145025634,15.3995375535431,-0.0010363791348607066,0.19312315638907226,0.8739018717201402
961610,control_candidate,339,,,computed,2016-01_to_2018-02,not_yet_audited,False,5757991.038461538,149707767,276205618,15.566099367461662,-0.00215760328068416,0.23466662578850253,0.5420156479221215
961620,control_candidate,314,,,computed,2016-01_to_2018-02,not_yet_audited,False,5345761.230769231,138989792,164188013,15.49181469859188,0.007035965758410303,0.23430258477067983,0.8465282541667642
961700,control_candidate,332,,,computed,2016-01_to_2018-02,not_yet_audited,False,36797837.961538464,956743787,991368062,17.420949677543607,-0.01760051632812004,0.29969170208281765,0.9650742480747782
961800,control_candidate,339,,,computed,2016-01_to_2018-02,not_yet_audited,False,3895119.730769231,101273113,194144364,15.17523523315301,-0.016106819209755645,0.3049950594781336,0.5216381815750263
961900,control_candidate,,ambiguous_naics3_candidates,,computed,2016-01_to_2018-02,not_yet_audited,False,7712043.5,200513131,2479449483,15.858293885484086,-0.0003039613444695575,0.1627144576367318,0.08087002069402517
970110,control_candidate,930,,,computed,2016-01_to_2018-02,not_yet_audited,False,7776804.730769231,202196923,14379237663,15.866656237394551,-0.027881019666779555,0.4682058276467882,0.014061727592157678
970190,control_candidate,930,,,computed,2016-01_to_2018-02,not_yet_audited,False,521490.07692307694,13558742,513202657,13.164447442870207,0.044733984950830356,0.6568069088520802,0.02641985931884994
970200,control_candidate,930,,,computed,2016-01_to_2018-02,not_yet_audited,False,87171.42307692308,2266457,525628553,11.375643310761918,0.04256021926200048,3.7184592214258174,0.004311898558524464
970300,control_candidate,930,,,computed,2016-01_to_2018-02,not_yet_audited,False,2261978.5384615385,58811442,2679600854,14.631750889844318,0.031526289097606984,0.8175397689623746,0.021947836713146533
970500,control_candidate,930,,,computed,2016-01_to_2018-02,not_yet_audited,False,3622597.076923077,94187524,762510021,15.102702027185371,0.033938652041204984,0.5940426637199414,0.12352299826365168
970600,control_candidate,930,,,computed,2016-01_to_2018-02,not_yet_audited,False,10802214.923076924,280857588,2821216822,16.195261849110985,-0.01685353292696965,1.0488854432618313,0.09955193298503591
980100,control_candidate,980,,,computed,2016-01_to_2018-02,not_yet_audited,False,184576124.3846154,4798979234,133037153688,19.033572540058003,0.0152074492058399,0.19142674091951237,0.03607247374860869
980200,control_candidate,,ambiguous_naics3_candidates,,computed,2016-01_to_2018-02,not_yet_audited,False,2425406.923076923,63060580,9782762297,14.70151028390887,-0.004474047998637936,0.5706777085165204,0.006446091409104183
981000,control_candidate,,ambiguous_naics3_candidates,,computed,2016-01_to_2018-02,not_yet_audited,False,888000.6538461539,23088017,728845648,13.696728884411936,-0.013430241545091294,0.7037111296061564,0.03167751232837162
981700,control_candidate,,ambiguous_naics3_candidates,,computed,2016-01_to_2018-02,not_yet_audited,False,29012743.576923076,754331333,1870366689,17.183245759582658,0.02009324163568348,0.23735866417634952,0.4033066550192394
981800,control_candidate,990,,,computed,2016-01_to_2018-02,not_yet_audited,False,2200880.923076923,57222904,343231875,14.604368712125853,-0.03827071345248316,3.5999653986818156,0.16671791919092596
999995,control_candidate,990,,,computed,2016-01_to_2018-02,not_yet_audited,False,265539538.5,6904028001,36971350117,19.39727431222852,0.00518965817561272,0.07807246754973972,0.1867399480719916
