hs6_2017,new_feature_status,old_log_mean_monthly_china_import_value,new_log_mean_monthly_china_import_value,old_pretrend_slope,new_pretrend_slope,old_monthly_volatility,new_monthly_volatility,old_china_share_of_all_origin_imports,new_china_share_of_all_origin_imports
010611,computed,14.995336878648,14.968503083685436,-0.008563031255,-0.020531841390139575,0.504895504533,0.5223069171107814,0.680996636458,0.6799874437054576
030369,computed,11.968170723240,11.986441667899552,0.045834199263,0.046850568065309975,3.119043078209,3.287625056996871,0.829003513840,0.818820138217917
030471,computed,16.937130248127,16.965769263818643,0.002990958908,0.014938757359790151,0.364161803997,0.3127747221975797,0.734934557560,0.743126212233044
030475,computed,15.222470907519,15.274774877874817,-0.023863201337,-0.012956669126459007,0.534388225996,0.468440912167621,0.967880063531,0.9670580387711194
050210,computed,13.243155215405,13.264456847147589,0.017206015668,0.03025821489855245,0.874248262400,0.8775488806393722,0.991173435751,0.9905666962858685
050400,computed,16.325300979531,16.30413538930415,0.011394157471,0.010509736107578408,0.206430770350,0.1992775519029549,0.696104804231,0.6988257077207863
050510,computed,15.979978389836,16.000402519914243,0.010279360398,0.019441740867717005,0.300896696336,0.30174369583851063,0.795438234623,0.8041612722631243
060210,computed,12.653024465116,12.638338211953219,0.000036545246,-0.0038821807087003036,0.223952533101,0.22735189657553354,0.040268474585,0.038532022922787026
060290,computed,14.592099379454,14.545920897124306,0.032077677964,0.033538739553921185,0.309574094712,0.29635381879750433,0.069403310339,0.07106485129775415
060390,computed,11.663625271268,11.619387565967761,0.010114511772,0.009240557565611285,0.780697278465,0.7337430951867867,0.124905810770,0.12173147155678005
060420,computed,11.408710652897,11.447336546204328,-0.111417564403,-0.1461854062347447,2.333497990220,2.4121206332234744,0.014287964647,0.014363315131103891
060490,computed,14.238176105112,14.261881078651772,-0.002728371462,0.0020456028760539413,0.423890276010,0.42466766472314765,0.361972882523,0.36887301566376196
090111,computed,14.498330857992,14.552384924271387,-0.026042164176,-0.027824355972127096,1.224606020287,1.2622947574133785,0.005121998090,0.005427031720506824
090112,computed,13.119609381741,13.217437025740788,0.141302819379,0.31759564604615237,4.627456215173,4.326567304437017,0.016310942820,0.017772056016021408
090121,computed,11.671748954042,11.641387008369602,0.061756563720,0.059610639620518505,2.454956000068,2.5490556456737816,0.001635769126,0.001592961729728314
090210,computed,14.265680627970,14.286949238761574,0.001683018516,0.007559696484901554,0.247927487558,0.25123868458015325,0.238387202938,0.24555149132115128
090220,computed,14.727404839599,14.714685117250792,0.000925411091,-0.0015843143032817225,0.276679116728,0.26317868555551727,0.454880861642,0.4543584661732857
090230,computed,14.512118656426,14.539481274633195,-0.000281342805,0.007438904461864763,0.281895589496,0.27619814016049615,0.181560045648,0.18496301895455342
090240,computed,14.328027571214,14.348316255672438,-0.010222545781,-0.00879657645293181,0.243130367609,0.2370462639279691,0.107168088403,0.10969341687950752
090411,computed,12.673670797728,12.702309093697481,-0.017031016849,-0.01680973245622848,0.431544357439,0.44500612022365693,0.009654345457,0.009502378528691255
090412,computed,12.747071880830,12.748800030415266,-0.010809090244,-0.01686088879869876,0.447788474828,0.4708669294050704,0.035221141790,0.034257797038393885
090421,computed,15.193699268950,15.192636876490653,-0.001029680729,-0.0025998056780353698,0.256966962007,0.2699235683899577,0.333732496837,0.33353004592060537
090422,computed,14.634634029486,14.606597255791984,0.000867752184,-0.005253361412083825,0.166430466225,0.1458819198683385,0.179756762894,0.1777082528993286
090611,computed,10.354621373585,10.385258216341501,0.011256097938,0.01992979789900725,0.724936965621,0.754891516869729,0.009124409162,0.009456613359369608
090710,computed,10.057431807118,10.069265971813076,-0.028576367107,-0.05195288148188239,1.999104590898,2.1056615996247188,0.025598223550,0.026826358277367138
090831,computed,9.739773182618,9.580250041597655,0.050191072390,0.022391401763737648,3.036519691690,3.120522785929097,0.019602412395,0.017663647498081338
090961,computed,11.775813464943,11.7831131882317,0.012009212294,0.020496084274543275,0.466006050479,0.44070046577957606,0.073020099980,0.07391769666195686
091011,computed,15.397032481930,15.370968111594761,0.016994271664,0.016728621843389625,0.245251067172,0.24526083972898208,0.666874706967,0.6666212415049048
091012,computed,12.596296212206,12.55854139041879,0.011952078280,0.006979830238239361,0.467886998241,0.46872909717772904,0.364560477502,0.36110053051383234
091030,computed,12.357816638505,12.35281900287041,-0.035466185705,-0.059731730268820796,0.904211937501,0.9453206532636208,0.086701622406,0.08863386916471093
091091,computed,10.833957965529,10.84601641876431,0.016246646452,0.02706311953726132,0.726319909186,0.7186776577442486,0.019639178808,0.02050105664851801
091099,computed,11.719535291335,11.764517717902155,-0.009490085293,-0.0018767195340406633,0.658522863052,0.6703624929529385,0.018540519830,0.0195059948254535
130190,computed,12.235787444977,12.211526591843498,0.016952744187,-0.024105268520737577,3.873882966065,4.0545437931210415,0.107235567738,0.10909394560455317
130212,computed,13.717444103813,13.789902096304454,-0.045071333473,-0.038519056473956315,1.000505799032,1.0032553224749061,0.419760902235,0.4565261408547747
130219,computed,16.471965872925,16.43380394688614,0.027255179205,0.027741995106276226,0.379096971286,0.37983052958955615,0.268842424997,0.2732402084287009
130220,computed,12.848913068509,12.862738956136228,-0.071178553504,-0.1127807854479949,2.444877572541,2.5816527534385285,0.039903469821,0.041142129046803214
130231,computed,12.899986687149,12.906985842371173,0.009369803016,0.009010086997422775,0.810687607312,0.848968644406405,0.140997113262,0.14490509395209322
130232,computed,12.664331169407,12.676966143148658,-0.028815090901,-0.03971695323889023,0.627032803479,0.6363029550730014,0.011031295047,0.011756463787334293
130239,computed,13.060135894105,12.98379585219813,0.031799997261,0.02708071328379271,0.656226537965,0.6466102610480136,0.068644620290,0.06498489337183236
140120,computed,12.059572196884,12.082831641262926,0.002088269751,0.0046168913414315425,0.741505014752,0.7832156381703813,0.827862480624,0.8328555519059412
150890,computed,10.158893980298,10.243222318458972,-0.018158213582,0.043243466747005875,3.901229280738,3.774534906657515,0.234550385810,0.2571354938470459
151519,computed,11.952487661191,11.999687878030919,-0.039257475541,-0.021413115525906946,0.720021249930,0.4825563266277315,0.356261976549,0.37352132141216393
151550,computed,12.348022148472,12.314754734803392,0.032403470109,0.03709838234735229,0.399011122624,0.3911021182321855,0.032980526648,0.03252751642245468
151590,computed,13.941292748620,13.927226026527798,0.000347382102,-0.004261365239699846,0.329052051680,0.34149205723100207,0.056507861258,0.05844251862375365
151620,computed,12.342836394664,12.343331625330388,0.099539933280,0.11362692033492529,3.849692161572,4.047593150236815,0.032251713990,0.03385740132859405
151790,computed,11.011747975496,11.043241169347468,-0.000557430137,0.017530919848346108,1.062789359661,1.0386756550055332,0.004491284448,0.004657875320637211
151800,computed,12.172300455285,12.16650847340161,0.011274573433,0.011416319582820267,0.663096665147,0.6822034113512704,0.081151100514,0.08438272408104248
152190,computed,13.850820217790,13.857073016734738,0.001826011298,0.0032665570278898144,0.309400333773,0.32423901684305795,0.398704678186,0.3993473589284841
170191,computed,11.871311013955,11.956225958271554,0.098418909370,0.2355798153522472,3.697129464202,3.2772462591594906,0.082398116760,0.09139655961490302
170230,computed,12.937535786577,12.884235328711098,0.001490575620,-0.01114777055467115,0.483150222208,0.47931459421735084,0.037430517566,0.03562826258443041
170260,computed,10.021163302744,10.021034662928438,0.004361915530,-0.01423105653161683,2.615573976766,2.7546559737984095,0.002933161279,0.00298152788504446
170410,computed,13.749819704181,13.76812375285649,0.013772960958,0.022254064568972172,0.438999732552,0.46008146079506596,0.100773428164,0.10359523787789349
180690,computed,13.037626953066,13.074127348135328,0.036232112715,0.05743585795602313,0.804416804832,0.8330124726160828,0.005491837435,0.005647356612453209
190300,computed,11.581488634953,11.58404934629325,0.072751441222,0.1079300630167493,2.331606933942,2.378001116595513,0.073497781610,0.07545064883431989
190410,computed,12.464612763761,12.434688427610158,0.013885570730,0.011754550039375086,0.341006879736,0.3367130150543306,0.010092270772,0.00977803343559874
190490,computed,12.459225383085,12.471323125483098,0.000074998210,0.0025367079697967546,0.352895057561,0.36653162215388035,0.022909976936,0.023809920251934076
190531,computed,13.519055958248,13.609967786696458,-0.028795781832,0.006423416329412953,0.906113826684,0.7474919810971392,0.007701461387,0.00837874620745646
190532,computed,10.585561582461,10.560036578029118,0.044661542254,0.03675391147128153,2.810024513249,2.9429104490523534,0.001050779151,0.0010215806913758147
190540,computed,12.933840785597,12.84405782307263,0.019434370016,0.011391285551656725,0.468249731996,0.4227496805752596,0.069535857081,0.06611939943545578
210111,computed,11.768505228207,11.763347401081361,0.023475837618,0.012817119954313968,2.318433500322,2.4407382363935324,0.004565319319,0.004610754547995407
210120,computed,14.981093827199,14.978878243289222,0.007265203337,0.00886458253215098,0.255307910512,0.2611113615050012,0.220692899049,0.22223882243117013
210210,computed,12.417302335388,12.384851234702088,-0.001628298356,-0.010808819653868526,0.371898431548,0.37512385491096734,0.016640301957,0.016225450404952775
210220,computed,13.684069904329,13.64120927568912,-0.005510761422,-0.018833236645511096,0.423780680641,0.4235712494320974,0.085730579175,0.08497864004883128
210330,not_candidate,10.963148103368,,0.003030480087,,4.286349657283,,0.021838314019,
210410,computed,13.406400885458,13.446176149749116,-0.029156326683,-0.030242578532495307,0.484998070298,0.4948918757026264,0.031347373271,0.0323920440682185
210690,computed,16.201726884049,16.147307779971506,0.027532491413,0.025941510566805805,0.281844308266,0.25562926608214936,0.048111031798,0.054314150878734216
220890,computed,14.585348404670,14.542527158273419,-0.014352108674,-0.04537885889829182,2.802890844191,2.9397116962403214,0.019899909403,0.0197545119049547
250410,computed,14.371300751923,14.33143951447065,0.034150384416,0.0354220923158311,0.601354203660,0.6124756141953199,0.422577468312,0.4184751091957311
250490,computed,12.312223228313,12.215838648657265,0.027167086888,0.01967893072395589,0.701049846931,0.6711620451365814,0.470829250373,0.46536112238841737
251110,computed,16.074565149789,16.071126008248996,-0.006993480052,-0.011180179089349276,0.345949824272,0.3486135822293762,0.597046917308,0.607869243488517
251910,computed,11.868365198074,10.899614816985041,0.120373314636,0.08874516827475991,2.487809250295,2.307687644767758,0.503853565016,0.27238628396855835
251990,computed,15.943681859690,15.681340254586107,0.036062122349,0.012607729426744332,1.620671227971,1.5811980227123217,0.469245185553,0.4147604473703644
252620,computed,13.663368153305,13.769931915947982,-0.198830297688,-0.18588472029316058,4.527947109469,4.346483906193833,0.107612894682,0.12641396429611693
260600,computed,14.523139864473,14.461074617700163,-0.159069222698,-0.17447446757737436,5.606713330991,5.3480973133056695,0.124198802690,0.11853777578647061
271220,computed,16.291035857413,16.31300581082437,-0.008797593928,-0.007344794029771013,0.420915966810,0.4297072473341933,0.557766426296,0.5582188863756994
280530,computed,12.576848852846,12.523736414360995,0.037995181264,0.04020649227692079,0.700859428662,0.7011312841723404,0.721925735055,0.7155833865271971
281810,computed,15.188832798945,15.19240510974314,0.036405885115,0.05451937219214262,0.984247797560,0.9939385080036881,0.374934132308,0.3765198456345355
281820,computed,14.323807497647,14.316682480493567,0.006807080690,0.005652991878123238,0.391519458255,0.4101659022546154,0.041791582956,0.04418573349105849
282580,computed,15.612682908553,15.584044998231787,0.022982429061,0.02441016048920145,0.294128775560,0.29410896555652644,0.633644086457,0.6307697241942462
284170,computed,14.088940690203,14.059165715958606,-0.037965661327,-0.0667511425515705,0.946565046717,0.9830265635078188,0.462002679241,0.45917805133043627
284180,computed,14.512062075120,14.334025466340778,0.083497622945,0.07962360837268577,1.121980474116,1.088921719287835,0.539263239089,0.49406920121923026
284440,computed,12.252413342581,12.28513813031479,0.080339690133,0.10749519741264205,2.301118249584,2.4347586111165835,0.004499800245,0.004680904987523621
284590,computed,12.756225773829,12.747472202122745,-0.020894477224,-0.033801569779386254,0.949109030326,0.9551586760025446,0.066919848557,0.06675870595390934
284610,computed,13.440251782612,13.372200030552547,0.057090036897,0.06019315807874137,0.753189872409,0.7612260462411342,0.319367046798,0.30552770527184636
284690,computed,15.395973791455,15.354926784148676,0.007080416125,-0.0007713061229488436,0.399255911226,0.39789536519232177,0.604703374611,0.5967915017758589
284920,computed,15.317868976227,15.246202703609582,0.043073721494,0.045450236358877794,1.004468932491,0.9965985695012757,0.519879192624,0.5115355690046385
290377,computed,13.452610118141,13.440339344061947,0.026939314863,-0.005238547266661841,4.194953050271,4.407207392802347,0.972620759648,0.9709669172808112
290543,computed,12.224159467665,12.166951927377225,-0.005277268978,-0.025515581864919843,0.915722507845,0.9383274952572419,0.072938567164,0.06825109671504351
290544,computed,11.522731708967,11.57100894226001,0.008146936425,0.024309113071549083,0.528869409603,0.5321904309106282,0.098806644216,0.10113486551194584
291241,computed,14.793146657940,14.748030117900305,0.007683068886,0.0002425190804901276,0.280645767809,0.2635272110681654,0.703182882301,0.6981031017531721
291822,computed,12.407575721740,12.299352093464902,0.001805025875,-0.022012998090488158,0.691252894019,0.6651137154453187,0.196342565155,0.18143451493537086
292219,computed,14.020387289061,13.948751687312642,0.093112097540,0.10686078257080558,0.908817544038,0.9158681682257181,0.030965674714,0.02830990575425784
292241,computed,13.454215747032,13.470919126628635,0.004383952795,0.010573675435481121,0.422241710278,0.4260121381293125,0.471871797850,0.48564462178635814
292250,computed,15.500321623154,15.487847477594089,0.014486866364,0.016166160765858428,0.306235244134,0.31157161098645064,0.138191083420,0.19592671225445285
293220,computed,15.846780768958,15.735014422949117,0.023933639829,0.01540343258703625,0.445793333821,0.36300852213393114,0.432365022466,0.4002049334920171
293339,computed,17.045369633096,16.952070186073364,0.036113856363,0.030789975375777597,0.419644196177,0.37336554788818166,0.217445712884,0.20069685160072176
293349,computed,14.690982183245,14.703447303360957,0.000219629809,0.0028297778461125263,0.371464422836,0.3835226799989206,0.096019776537,0.10216990245760983
293359,computed,16.176160621568,16.1679366584029,0.005660211693,0.00474328597073034,0.560911324418,0.5743230003598196,0.047550039254,0.04913158226076413
293399,computed,16.574542593116,16.539332240526864,0.018086936007,0.016196093367562652,0.280065764977,0.27402865356605227,0.087111515189,0.08102568646106548
293499,computed,16.846733974125,16.862504811857843,0.004615479939,0.010241788078536762,0.199873092579,0.20179010133866135,0.057910601160,0.05755157171268098
293621,computed,15.522411710015,15.407828635655454,0.054520783840,0.05094463739847444,0.936850281764,0.8793201629790091,0.496953209581,0.49382541719226425
293622,computed,15.646275166713,15.618776591269105,0.031879159231,0.03623004928578204,0.351170069974,0.35691662799071644,0.889656391279,0.8898140115117043
293623,computed,14.529592145670,14.44215667747978,0.025797400393,0.017527399964784862,0.441329639468,0.4036527640092306,0.542472765748,0.5440622196207997
293624,computed,16.012517119200,15.974013133325673,0.036431763349,0.04366227942572049,0.667152184790,0.6523351813602932,0.861773536714,0.8667884499338769
293625,computed,15.124712803841,15.108754750836434,0.021304381453,0.023488834475243282,0.445348309002,0.4611788736537028,0.884522699075,0.8840923653776024
293626,computed,15.634207664785,15.594850992043469,0.023844119925,0.022948528573526323,0.376090660186,0.3742957699884341,0.925892701758,0.9281066950113795
293627,computed,16.431654865455,16.36546963227561,0.044871264634,0.04635455627663786,0.458428148419,0.4435944834572303,0.799457494492,0.802074682252826
293628,computed,16.312538975846,16.23439299206392,0.024048294628,0.0160457852240584,0.417087187249,0.38186123000031824,0.515609930939,0.5002263160242513
293629,computed,16.031967349773,16.01589932908332,0.022937737294,0.02691883966059996,0.286177218557,0.2950929571855865,0.480281534836,0.4793766444549688
293690,computed,15.050282396131,14.946694246099009,0.067000362431,0.07085753607837209,1.080629831156,1.0532051621627392,0.434313791228,0.4430636497958605
293719,computed,13.710473131870,13.575007095415375,0.020457164645,-0.011471753183466564,1.453285189113,1.4464956809610305,0.048287112106,0.04074739299309028
293721,computed,13.603259919763,13.587916058166464,0.012544866250,0.012236142683159057,0.380520950215,0.3912765962910638,0.391292869668,0.3817391262989898
293722,computed,,11.385275206064836,,-0.09854128103706232,,4.006960102991459,,0.01583884292095098
293723,computed,13.789916283827,13.783500386262551,0.005496320990,0.0029643824982277583,0.693152469580,0.7043333375776673,0.157513249705,0.15824564264985028
293729,computed,14.068103765959,14.110845989757593,0.005788936080,0.01911860094722966,0.514114279839,0.5236418021601577,0.108403897062,0.10776924908077774
293790,computed,14.909264662444,14.841776074134948,0.016123395792,0.0076302716062237735,0.461890843327,0.4381653090421381,0.194876257959,0.18499820961049795
293810,computed,11.805526368389,11.808955957569,-0.045003213634,-0.0743881951929819,2.283299590410,2.4022337108210605,0.632669668847,0.6165660105336624
293890,computed,16.059678771749,16.048148552363436,0.000366628216,-0.0023086698979539926,0.261828021630,0.2598963388964391,0.587487814184,0.5807765739041671
293930,computed,15.043472154507,15.025503539221251,-0.006430090943,-0.013149098650350003,0.273454710441,0.2730194593001543,0.569097863285,0.5766050868176574
294110,computed,14.738225602782,14.802633889525648,0.049126655481,0.07905554203757792,1.374089367599,1.4258002345735035,0.242207095324,0.26782701785351515
294120,computed,13.505329688885,13.581926248826477,-0.129229235542,-0.14512767525480372,2.892290129754,2.9634095824961464,0.494315189115,0.5639484426122456
294130,computed,15.062577710438,15.044226502684706,-0.030673114817,-0.04770489371747766,0.538568799692,0.5448967773440603,0.543063509389,0.5276392416536021
294140,computed,11.925362990791,11.977555064566467,0.063188923126,0.07725369572221917,3.272802085743,3.415213329315355,0.978712741432,0.9784909162112002
294150,computed,11.890603228465,11.93710865067326,-0.118642625168,-0.08736348356008318,3.685288798112,3.3187826908139804,0.107394283609,0.11040416306331542
294190,computed,16.062623896667,16.02670693676261,0.007557866336,0.00486622921510771,0.419752783611,0.39752881078194763,0.216823504740,0.22143057354646456
300190,computed,16.433012272432,16.430651843917158,0.001326465495,0.00035718856215982665,0.317334946360,0.3259820587147343,0.418642025465,0.42020299431854974
300290,computed,13.416992110669,13.14582205828229,0.052682171466,0.04061006151314684,0.651223262083,0.48265694260820724,0.002750748084,0.0021797747108553123
300420,computed,14.555876520937,14.588893380247507,0.011299656725,0.02615745018094816,0.742825647792,0.7482299363666043,0.015755414603,0.016528458713866368
300450,computed,10.994478921602,10.98793330128666,0.080268733226,0.09481615499905191,2.934918860418,3.0625639223980228,0.003857123564,0.004069267304428709
300490,computed,16.719316387830,16.60178712469795,0.268164309405,0.3009686825650159,2.723705254182,2.7465163186840287,0.006403778742,0.006282464611736384
300510,computed,16.172671120181,16.15496752045876,0.004536824970,0.001891229094691753,0.120834869034,0.10992339828112219,0.240773992848,0.23870929311453945
300590,computed,16.943932553227,16.9447102490195,0.004220908731,0.00592237979595047,0.096717516502,0.10050730693065935,0.495429660146,0.4981547642272877
300630,computed,16.805721907155,16.80660524644802,0.006625212292,0.008746954757857342,0.235681827456,0.24610170808012422,0.293391841136,0.30023584151978466
300640,computed,12.698572195496,12.70883325741947,0.028395990183,0.03916868517626833,0.564587826222,0.5873767593150565,0.009919823733,0.010187966873378692
300650,computed,14.545122302875,14.510699402908356,0.012435391347,0.008880067396351284,0.239805586988,0.2285555600059314,0.760383034462,0.7629492690504767
300660,computed,15.083727942602,15.124248981416795,-0.036211823638,-0.04021229179052985,0.538778056113,0.5457450608403938,0.037072970837,0.04159925714574378
300670,computed,12.749191628523,12.741056667925104,0.015721012149,0.020583771874722188,0.342063226456,0.32188377363755794,0.193023011898,0.19068124382950769
330112,computed,9.780019638536,9.764769103993396,0.058121555587,0.05599074753511388,3.082296704585,3.222880084796294,0.001465359598,0.001529883550146324
330124,computed,9.972640411224,9.967534366266962,0.053297394505,0.1361591780791336,3.142042828111,2.7805648824223788,0.012890128187,0.01349958456672696
330125,computed,13.200078859294,13.186346335591534,0.025339145346,0.02717402763865475,1.323384522639,1.3797429171411835,0.110741477193,0.10938819667669161
330129,computed,15.636321380092,15.609538260497404,0.020527914547,0.021589073126647415,0.244113803987,0.24218462881774927,0.144977689059,0.14471658033356255
330190,computed,12.793974629453,12.731414777706087,0.010840147708,0.0006158101948378014,0.576360138536,0.569324953544186,0.031171785983,0.030185273146392418
330210,computed,13.549453026603,13.455472216888687,0.091619850704,0.09690551456026222,1.209110047962,1.2243039118063113,0.003692507595,0.0034422503952122427
330610,computed,12.521892440663,12.47720428119202,0.040644736213,0.044485209249540116,0.638169284246,0.6414327489846956,0.016204939804,0.015636490083981536
330620,computed,15.437026232805,15.423476572303036,0.005085135344,0.0035348211153490173,0.179603048631,0.17336644020673997,0.604329967546,0.6009954052513765
340119,computed,15.473157119051,15.472134645568257,0.009004521550,0.012007061831275588,0.192663439039,0.19034613269204603,0.382990852413,0.37936427627567654
340600,computed,14.918553957274,14.918970934613624,0.012188605918,0.01655255300615529,0.240496457253,0.24381424863119372,0.085741883837,0.08510779857915736
340700,computed,16.235602289800,16.282636408261016,-0.013194889575,-0.005299659018284888,0.460341136119,0.4566407809691316,0.560263985977,0.5743198167407577
350300,computed,14.119506013072,14.095100108727792,0.024457524703,0.025944509126389858,0.455192339532,0.4660930949707499,0.067399552911,0.06636819650069324
350400,computed,15.409011465533,15.361787518950186,0.021713691253,0.019227669854317155,0.286304728112,0.26875592164757467,0.219403162068,0.21436524953403438
350510,computed,14.375826731115,14.386097067738373,-0.007832749874,-0.01269606194927253,0.726487159763,0.7628981173888925,0.134585245156,0.13755310254826597
360200,computed,13.950797766001,13.943926199921815,0.018766473537,0.02221493323568182,0.391130588823,0.4017550964125791,0.111581660576,0.11710625268355286
360300,computed,11.188351404858,11.185089977867657,0.013523124253,-0.003245740088002349,2.319791517316,2.4318231921043902,0.003441648875,0.003536628092171896
360410,computed,17.044860970913,16.9874863276657,-0.005616837565,-0.02498591137309165,0.855048886545,0.8633135740867924,0.956654728571,0.9567538929858324
360490,computed,13.583735943542,13.61067875126247,0.001603335123,0.012199059621812284,0.546591558670,0.5315534138214366,0.420001827509,0.4138418923967989
360500,computed,11.858119897236,11.714545814263511,0.050968079749,0.04192266742155315,0.751650728421,0.7031911675028553,0.189621048940,0.1790066425193839
360690,computed,12.246561453515,12.302967757476916,-0.016395063149,-0.0015386566488155525,0.443964352679,0.3516031555192187,0.283211798698,0.29924631185472117
382000,computed,9.942996685631,9.935830004832383,0.088804617344,0.09921372121818473,2.637666289395,2.7683248494748978,0.008107879295,0.008120506467085788
382200,computed,16.401140393632,16.37858983952099,0.009106259254,0.006911737379447491,0.178063850950,0.1742919040834197,0.050218699955,0.0503434766366655
382319,computed,13.870473323668,13.92536246451624,0.011946233967,0.030302706075131806,0.784190996765,0.8080927101283951,0.039581214952,0.0424031113858296
382370,computed,11.154084630385,11.102523382341724,0.005440424887,-0.014071836265201539,2.113156498432,2.2140054424431996,0.002837379950,0.0029301357422136035
391310,computed,14.243968646151,14.168939369681365,0.011501149726,0.0011656118796043152,0.434348164984,0.4014698403198616,0.293756079310,0.2766374847678277
392210,computed,15.345795554099,15.333192487715081,0.023660071887,0.029073852760315287,0.277003261708,0.28119936610816204,0.351976904939,0.35390907672102584
392220,computed,15.456687659185,15.459103623760583,0.010217560308,0.014431620410863514,0.158614112127,0.1653217991173119,0.657691069875,0.6674428278158376
392410,computed,18.963528001455,18.965623685184156,0.002942242320,0.004426564999749354,0.123579319790,0.1263053214498721,0.786683654750,0.7881001751611545
392490,computed,18.771828252347,18.775355398298963,0.003313074318,0.00538348643590808,0.130144470335,0.1282679788931653,0.747171163262,0.7463302500008581
392520,computed,15.622881174586,15.614865283148118,-0.002765652094,-0.005616669268574458,0.149753155144,0.13660922907982148,0.314273083192,0.3165491414765464
392530,computed,17.301155470797,17.31664642839619,-0.008691224539,-0.0075640343504991955,0.150902930852,0.12401665462654485,0.570828390677,0.5798981461205325
392610,computed,17.006522494957,17.006760695596473,-0.008292607238,-0.01131216289487815,0.424479678694,0.41520705928656243,0.772175506894,0.7666876589700998
392630,computed,16.379508555865,16.366148118672047,0.011385557946,0.012263852410677036,0.148510018246,0.1474223328701972,0.271377031621,0.2728709211278861
392640,computed,16.996132590529,17.022564989294274,-0.003046237032,0.0031993474437866736,0.236110782221,0.22422832662965855,0.849444517077,0.8512495362570632
400912,computed,13.891475157735,13.893766273468254,0.012222542688,0.01729863315733292,0.310880496539,0.3174572826463175,0.097566039181,0.09869967058642608
400942,computed,13.814055776144,13.792747747492024,0.010560869030,0.01014413653211836,0.242926025171,0.22710956063897536,0.120585437543,0.12195315892730178
401011,computed,11.723660206537,11.587423361093718,0.074847710814,0.06904036205442018,1.974001157403,1.9894035424855951,0.089799529225,0.08140704799859777
401410,computed,12.025998286034,12.083673998346873,-0.043905725655,-0.04460922234188283,0.749322726953,0.7306827891839401,0.064002846463,0.06694678445435039
401490,computed,12.433178955424,12.450089141041438,-0.002952355846,0.0009407091619440683,0.267233435403,0.2497812964669152,0.235605190129,0.24568801427513998
401511,computed,11.156817847756,11.159938218603363,0.052365665474,0.04480365097761328,3.653630725953,3.820307931971639,0.002149216918,0.0021811235725969686
401692,computed,13.520649722269,13.518065753984548,-0.002357020390,-0.001874218342761934,0.391822855574,0.35910374263228223,0.736419021023,0.7330398900234817
401695,computed,12.681116890020,12.592990269090071,0.020661803851,0.009521681259283397,0.465579561102,0.4293835286102001,0.090282159566,0.08552912908709015
441400,computed,16.656837383321,16.663510237924697,0.001218928781,0.003100335632829086,0.231749199577,0.2349897887538933,0.726914302517,0.7264247702128958
442010,computed,16.713545558148,16.727397626422746,0.003443323913,0.008860669963562431,0.190608569931,0.17412597291962345,0.788480412081,0.7899983681049844
442110,computed,15.017362736041,15.035728197555102,-0.003489956917,0.0005186871876295986,0.190334508864,0.17121248935383682,0.914699931441,0.9178032909458353
481420,computed,13.206678092933,13.235455221479848,0.034005455189,0.05442943055563174,0.745657073865,0.7678626306351136,0.206202852851,0.215824992953619
481490,computed,12.885345573959,12.894671420836946,0.004651911204,0.006185931716634004,0.506206659649,0.5324800352685716,0.179427216725,0.18642857320360523
481890,computed,16.920374539868,16.909558577492678,0.010418841260,0.01158557180510364,0.143705985967,0.13996839297953084,0.736071722189,0.7364649600165324
490110,computed,15.212256464356,15.230969366132065,0.010152115725,0.01886043471717988,0.235396300762,0.23143632747140971,0.386799294112,0.3963067098822327
490191,computed,10.970868324664,11.01304992600838,-0.136693408246,-0.19310601345126285,2.942364668856,3.0850634392862446,0.215439038984,0.21347617144905268
490199,computed,17.974619633027,17.990953263591027,-0.003341064255,-0.0006545034866548999,0.204435172693,0.20619163820564454,0.464546148285,0.47010397260095516
490290,computed,12.172554908417,12.223224326272975,-0.001716850757,0.013390647401745292,0.521995622795,0.5098330503298962,0.021085133314,0.02207174651535841
490300,computed,16.807396114795,16.82598534770197,0.001458630662,0.006011268531710088,0.319272449914,0.3314510109436848,0.828573689421,0.8266644568514313
490510,computed,12.372683502009,12.416210760829445,0.015152768905,0.031019768166631528,0.682391768689,0.7010676466253766,0.300354012444,0.3073956802380367
490591,computed,12.062632818712,11.943199751732713,0.108379874725,0.05032905508794147,4.228016072720,4.297017600762858,0.508023643781,0.4730374095618884
490599,computed,13.185252953572,13.200295314589685,0.013067879535,0.023472252805627355,0.452630353005,0.44927391220207563,0.561413395027,0.5566136770655645
490600,computed,,10.030960243624033,,-0.15488297595404688,,3.7271177073889947,,0.04013328978488293
490700,computed,12.036924488950,12.063789662616493,0.013077661765,0.020436437705736048,0.757825151229,0.7938052853475297,0.035065343557,0.037986282542275575
490810,computed,12.314499249036,12.27114816188308,0.012779635138,0.006946568102885466,0.373805380928,0.36416756148143226,0.255225471168,0.2534392925207547
490890,computed,13.978008851042,13.997163557990616,0.001423543726,0.006742670047075989,0.278822123095,0.27925405728367103,0.180776420070,0.18800775583378324
490900,computed,17.295492336596,17.333003620145703,0.006927446029,0.020032497082714727,0.334815357144,0.3298508134606364,0.919771253105,0.9215300798428877
491000,computed,15.749944082070,15.754572520416728,0.000120653733,-0.001225859459437163,0.546648476954,0.5649766395014069,0.642068539475,0.6315221482443527
491110,computed,14.896752390244,14.91663802706636,-0.009899471940,-0.007550424829169429,0.224527755159,0.2112009715680727,0.106414886155,0.1077504497351585
491191,computed,16.915236889860,16.919355131197,0.007652841413,0.01154262627445829,0.199561215875,0.19615998604405782,0.570204727487,0.5668665440256796
491199,computed,16.853845610810,16.843545073954793,0.012002149617,0.013770289117662003,0.172049164009,0.17315757740222368,0.404573448409,0.3998597886280929
540754,computed,13.335779215843,13.357986032111477,0.002238771915,0.009206344617660183,0.549295520478,0.5426760737978995,0.687128454833,0.6869804990832831
550410,computed,15.720288843066,15.707951849429096,0.001092813615,-0.0019173452663419613,0.183402407491,0.18743938253211279,0.427373017273,0.4243978671956714
551321,computed,13.015506954162,13.012503352410437,-0.005501274196,-0.00377677633803193,0.500747176671,0.4528266042564594,0.820889954139,0.8236078931510449
580131,computed,11.986914675707,11.94311420457479,0.038527527481,0.04151899215929738,0.517674461639,0.520965216791151,0.947121805510,0.9435576360914281
580132,computed,11.733804937951,11.748997694962695,-0.031668885179,-0.04215835071734318,0.436357141972,0.46115460345302917,0.920038615048,0.9254775087993402
580133,computed,13.415708985168,13.467712417053184,-0.019134295179,-0.008910425261294147,0.351531736591,0.27867948226158024,0.776720721484,0.7891843339982557
580136,computed,15.596191129345,15.61558205941729,-0.002050945527,0.002292795917985961,0.196790015950,0.19542125979177818,0.724838900323,0.7324166030854636
600122,computed,15.004349552738,15.06984135172411,-0.008780806034,0.010579672930438678,0.527942668275,0.4751333260067786,0.757779181734,0.7702145171815048
600541,computed,,9.880927280275953,,0.26490293486395367,,3.6873521927967845,,0.7750395238538083
600641,computed,12.155293375090,12.188755879764548,-0.013991005939,-0.015348392353383164,0.750956151747,0.7913826990836772,0.803352955680,0.7976592929994799
610120,computed,16.202098957086,16.25866039474799,0.001782553674,0.019510748235919886,0.760716822005,0.751749411130592,0.387748155781,0.3898578950766878
610130,computed,16.218971015415,16.28056461574634,0.004173338094,0.02310691925575634,0.726864623598,0.7320847756476319,0.319418035027,0.32532407508105926
610190,computed,12.262405066991,12.342294382277487,-0.001043948620,0.03712635474560886,1.295069146247,1.1776580609372471,0.399512868665,0.4136463338461417
610210,computed,14.324570637868,14.402821425932299,0.009352908110,0.049457042152955134,1.593427859012,1.5381746443733944,0.598884914270,0.6021869363353387
610220,computed,15.980907871546,16.039760871444784,-0.001806645443,0.014648724416038303,0.612825988090,0.6102055485514833,0.381575226841,0.3871715703416537
610230,computed,16.549369951302,16.630287779093322,-0.003275251224,0.024104764793119737,0.947099543028,0.9264691947818653,0.435144239535,0.4417041908775575
610290,computed,12.865359088088,12.967440502074952,-0.068909142766,-0.02600388347795514,1.040103389080,0.691220867931745,0.738307885400,0.7507293062511791
610310,computed,11.954924213323,11.965529802555224,-0.025571873205,-0.02953539055779738,0.615697827622,0.6035671832431789,0.488060618707,0.48505809232410585
610331,computed,11.044530472209,11.109528601184865,0.054336225953,0.08727806166862137,1.855309599957,1.8954178487694617,0.299300117535,0.3044133820213593
610332,computed,13.199333039193,13.254533160767243,0.004736900265,0.022391639051384773,0.720910021076,0.7240211307141005,0.634784075362,0.648313480120781
610333,computed,12.980692863140,13.027842363050098,0.001191406089,0.01978982680942202,0.707939043884,0.6438942574210574,0.506849029280,0.5150111279982805
610339,computed,11.498568061360,11.527554096722312,0.002919369611,0.002115690449792304,1.045599595902,1.1027691422661747,0.424008339459,0.42139716404152755
610341,computed,10.903695281038,10.959605107623778,0.034218620843,0.07514038945030117,1.819143127146,1.8176097159010802,0.336395569457,0.34517054309024475
610342,computed,16.390692350560,16.429614341223633,0.003484469006,0.016168977249067733,0.354853969167,0.3390865707891948,0.273351640439,0.28234662695753016
610343,computed,16.356197579617,16.37801240496266,0.001540214636,0.007525011840028969,0.266784063529,0.2694467993501888,0.147682793944,0.1513922964600623
610349,computed,12.645731818084,12.693115022914673,0.000514313224,0.013111832661564049,0.616444481903,0.6245301218525081,0.306702422368,0.3092163182540149
610413,computed,11.947486150092,11.943908361065349,0.030078536120,0.03542241975794586,0.718308746223,0.7552927521130816,0.805446335723,0.7927567936021052
610419,computed,11.341529113634,11.433486741528155,-0.019896430369,0.025645785939997345,0.998761615286,0.7663054863251848,0.523960195766,0.5339249270902049
610431,computed,12.855718509038,12.959500135244086,-0.064860065824,-0.042820357771798004,3.625743921136,3.7429348625606442,0.452090218958,0.46514116244339787
610432,computed,13.911164095742,13.983049640381628,-0.016857337636,0.00441908665076288,0.531377148642,0.44299538685852746,0.540001566314,0.5442133723581698
610433,computed,14.346687603644,14.38702713980794,-0.001834046853,0.00792707178568363,0.455671886534,0.46169046835936006,0.397929397143,0.394793941405486
610439,computed,13.616683938925,13.69141333645769,-0.009557986175,0.01571983945170902,0.771607547922,0.7133865122108279,0.434688200463,0.44328029258299756
610441,computed,13.833288147750,13.922239317918045,-0.000417327195,0.02900329277360587,1.401131577264,1.4188059304403113,0.442570662082,0.4502137854351684
610442,computed,16.469913870772,16.47583378604745,-0.006121477979,-0.00743597300050295,0.182042117423,0.1921083454191704,0.353820345168,0.36331047494013635
610443,computed,17.598012358418,17.625851126584,-0.007873836508,-0.0033547886298611177,0.229367109374,0.22113262567019457,0.432058944963,0.440148439015678
610444,computed,16.636629289436,16.662783570629493,-0.013806278988,-0.011622839812055249,0.239548411019,0.21771392868150102,0.400525938281,0.417612283195444
610449,computed,13.913234843413,13.911694935965564,-0.010658855480,-0.0151787997375051,0.401864390297,0.39439854591793505,0.467136060115,0.4781116623488223
610451,computed,12.018172869706,12.122770673888215,-0.042008900446,0.00696052580296378,1.577357482642,1.4473434637814309,0.383000679237,0.3955733958266465
610452,computed,14.288704480739,14.319646741849887,-0.028173377200,-0.032034745702113926,0.429130594629,0.4398303409490252,0.258971123114,0.26951156346914695
610453,computed,15.473293221757,15.511176652309253,-0.017874553805,-0.013541183226042856,0.291439001436,0.27401951758551907,0.332068690752,0.33664564583090306
610459,computed,14.901306701760,14.905010519299754,-0.021022297965,-0.028948009946183784,0.386324737182,0.38985776582363585,0.394079431486,0.3976075256471132
610461,computed,12.615480430832,12.70634256100828,0.040140920866,0.08752374785097032,1.477547754531,1.4989760247139041,0.534867843367,0.5483950552072769
610462,computed,17.040296657869,17.07342186285483,-0.000562429586,0.008407017702853903,0.307405143753,0.3004800347876827,0.216278654677,0.2189622763561589
610463,computed,16.969377180275,16.998532904575306,0.006779182160,0.017735243832047436,0.368190317359,0.35709540579435595,0.187248422659,0.18935201664731627
610469,computed,15.651763628968,15.6886899694747,0.003935194955,0.013152257712472646,0.542766235270,0.5657575294310554,0.342344626448,0.34217309216521985
610510,computed,16.261995565831,16.276873170873134,-0.009690120492,-0.009714791201747165,0.187341103641,0.18488833405652944,0.123221261164,0.12628853521007286
610520,computed,15.956390090384,15.964224937065147,0.000383504181,0.002475765815826183,0.161759844573,0.1674894648300709,0.115735409494,0.11828893032492548
610590,computed,12.749130027643,12.769543520531913,-0.016752700457,-0.018539510445990982,0.352221794975,0.3648144997189529,0.404709059725,0.4147198363478996
610610,computed,15.269609802434,15.282826925194929,-0.003317675267,-0.0017294416852143538,0.246125768907,0.2564765289594115,0.170665743256,0.17475201585549238
610620,computed,15.984105248571,16.012622278505056,0.001700141860,0.010184539085933749,0.260787943122,0.2504819023246697,0.221777803428,0.22288464703934968
610690,computed,13.520844753628,13.586311303992591,-0.025111410038,-0.011053323803220041,0.433283895227,0.3447179397874461,0.438094343305,0.44431063754797834
610711,computed,15.226897729129,15.257864730750049,0.003312845399,0.012666349749845804,0.313024476144,0.31506478065279725,0.058269819925,0.060388265761903065
610712,computed,15.890454682442,15.901631077264032,0.015845882885,0.024439971049237705,0.368735024689,0.36857199203410707,0.257347747900,0.2637710514218071
610719,computed,12.453405671949,12.527344639375194,-0.000087036686,0.03266443182925791,0.707136692874,0.5900850469501578,0.523465066881,0.534770250970453
610721,computed,15.296220427630,15.342600115094305,-0.001143222790,0.014199438606719097,0.486897007028,0.43525220911963913,0.460156894302,0.4619748545480088
610722,computed,15.870614748079,15.948241759582599,-0.003947130964,0.025927574448603205,0.953721749702,0.884785654663762,0.716509549193,0.7191291266532555
610791,computed,14.737305849843,14.794587584415599,-0.013115752665,0.0002546812516126952,0.478332665646,0.44562437519981546,0.464266672386,0.4746323410990949
610799,computed,15.737697312517,15.818088759504315,0.008925725171,0.03577300751078727,1.071931950607,1.0958304273926154,0.834196693002,0.8357796624840407
610811,computed,13.503855837823,13.492786655319083,0.008776493655,0.008746570724809938,0.373825806250,0.3820689228320707,0.390909979058,0.3851682040295667
610819,computed,10.848289333397,10.869835777047768,0.001421686365,0.009766511316836687,0.575479574069,0.5623832841450783,0.451725626793,0.4493076801185613
610821,computed,15.673655290328,15.704125219144181,-0.011333921949,-0.007370910081887921,0.301275666450,0.29740566291754394,0.113876172601,0.11722302673035925
610822,computed,17.341084397972,17.356828893357548,0.002481658695,0.007566199846493953,0.175126783786,0.16709421524384335,0.479778550368,0.48495153171036465
610829,computed,10.824564055696,10.85910845902806,0.002236934113,0.01986092589934312,0.792012230235,0.7043848545934789,0.638887622061,0.6387515235116826
610831,computed,16.416884566024,16.438925669754294,-0.006978949138,-0.004094744520701107,0.288626288667,0.2897556652832123,0.443908005937,0.44174419760479544
610832,computed,17.203762362383,17.247897467772326,0.001208800627,0.013821048723361515,0.447173604635,0.44132688090647215,0.651038634194,0.6540516652111639
610839,computed,11.941838565080,11.961470447437659,0.044040411205,0.05819360401698399,1.134872788695,1.1701727612951882,0.864804836192,0.8564886266945315
610891,computed,15.881977328961,15.895423305916687,-0.001893139188,0.0007634042717601344,0.282941427982,0.279592929257906,0.487978452272,0.48713432801028994
610892,computed,16.940232606550,16.99193726077071,0.006992775135,0.023851212891248537,0.545329700975,0.5458167655636353,0.650215751056,0.6535453869641575
610899,computed,12.834385169155,12.895673448968015,0.020494532009,0.04457768847995844,0.970806240627,0.984792320343553,0.652665122295,0.6659009211243537
610910,computed,17.176655574632,17.181332788146822,-0.004106161979,-0.0049963124301076745,0.185962849647,0.1946317255225399,0.088499281255,0.09016193483025195
610990,computed,16.982298929264,16.993919296478712,-0.005085996860,-0.004436121072236485,0.199321369729,0.20344492358186794,0.151139231801,0.15369021162157237
611011,computed,16.824030044480,16.90732342426852,-0.004493133544,0.021495016466769434,1.093830233063,1.0937918870421488,0.720587914013,0.7263278997784955
611012,computed,16.843135391521,16.92498621962912,-0.004011535416,0.02295759357117484,1.180772246488,1.1720068327042308,0.794070349593,0.802515247508177
611019,computed,13.787807626666,13.886727856142816,-0.014502256792,0.03647277236335614,1.556749578962,1.446150409090924,0.449575511237,0.4594646932212302
611020,computed,18.986002150152,19.040156640103124,-0.004304512702,0.01023309069648728,0.485736128463,0.47175210954504676,0.317383582090,0.3283176259872064
611030,computed,18.660782685203,18.720680771961675,-0.006012798229,0.0107015669811748,0.521043750952,0.49394459985546524,0.267684625210,0.27683721580150616
611090,computed,16.668935074495,16.70295535486237,-0.015130184181,-0.011584576666597398,0.368123353746,0.3672990433783022,0.720012455081,0.7355311704177532
611120,computed,17.887173289131,17.917240799301055,0.000001957995,0.008428225256438854,0.261830052399,0.24884045329870128,0.458026307990,0.46387649703366496
611130,computed,16.345936607342,16.40025064161857,-0.003498974836,0.009629483510640396,0.636016920472,0.6422365561787153,0.622283467610,0.6230918415191344
611190,computed,13.176163303426,13.233275821775049,0.001780793542,0.02020290764943512,0.791509288870,0.7849275570798785,0.651557736863,0.6607883965612229
611211,computed,12.667063149005,12.740090281877636,-0.012317302835,0.011296203510601625,0.713621122162,0.652120959031697,0.512693487095,0.5156119325680912
611212,computed,13.335144513522,13.370695628368706,0.013403586891,0.027290679460026675,0.849325236042,0.8445524185532083,0.517209616297,0.5132556770467303
611219,computed,9.608662790323,9.702208980046475,-0.028914160801,-0.022773804862233633,3.081414771256,3.2449010383914616,0.328313697228,0.34006853040356794
611220,computed,9.710965178347,9.74577380173469,0.160273059475,0.20131364881320526,2.694477639912,2.8294292707944875,0.171901517185,0.17225292189947805
611231,computed,13.409178833073,13.408760143434357,-0.002841766857,-0.006108206242783261,0.403454470598,0.42544582802145764,0.539090452031,0.5469846169450427
611239,computed,9.330603089300,9.138720426376224,0.101284673837,0.08689897726890267,3.315605531974,3.416104221771559,0.346027201297,0.297850343753
611241,computed,17.487743139250,17.46201408346373,0.008264212948,-0.00047712922561382766,0.780547910414,0.8088450975117806,0.498788968557,0.5041466876582915
611249,computed,11.896691555667,11.922828658908042,-0.042448716961,-0.06150549086308288,0.903330891368,0.9539610038095981,0.541858903488,0.5412338152641404
611300,computed,15.683411500987,15.737247439628566,-0.013768861482,-0.003634384649045281,0.542027186923,0.5350423206646489,0.445354149901,0.4484643352271341
611420,computed,16.116701279274,16.113775107762134,0.011738315219,0.01492856190455529,0.223227295910,0.23326501062402064,0.309046908979,0.31676576045657584
611430,computed,17.325786858275,17.339476671885627,0.001991946496,0.006010922883291993,0.190048579198,0.19611093316514813,0.462496771126,0.4681444221445259
611490,computed,13.488776331945,13.475787867413715,0.043911612663,0.05424712797520572,0.550313143063,0.5714021300644143,0.629527603548,0.6216326518002029
611510,computed,13.496334781751,13.517001365263614,0.036161619040,0.05348268216259338,0.563965875022,0.5839585465843973,0.159655034368,0.16434075180938337
611521,computed,15.202092584601,15.272763195077212,-0.006223513276,0.01697255819456231,0.680126492023,0.6365040689390465,0.390945969216,0.4037849954474816
611522,computed,15.038352247497,15.113817432987874,-0.031929397948,-0.014600043932134859,0.728423060886,0.6592673066710442,0.833217794662,0.8405861493793538
611529,computed,14.055948902225,14.125744670312463,0.003612342773,0.02373855652946398,0.909818324798,0.9289003565098941,0.764470877710,0.7682459825679515
611530,computed,13.508683206254,13.572838473517416,-0.019846035650,-0.002513173420888621,0.609514880559,0.5440577510735259,0.463053852798,0.4769415325937108
611594,computed,14.065727012045,14.028193899228238,0.026121014230,0.021964723844046338,1.553013274091,1.5588878850766792,0.635383793554,0.6185077296376936
611595,computed,16.583813345764,16.597778472817424,-0.000328301671,0.0035021393990108955,0.257135189175,0.24342095014839707,0.295024649450,0.2933623912206104
611596,computed,18.101511869507,18.130459234473392,0.000543304017,0.008828679786825638,0.313923638526,0.30333431777350767,0.760523361541,0.7688764440729682
611599,computed,14.342842530337,14.394737724570735,-0.009233580455,0.004467769571501207,0.409759714409,0.3672535142223177,0.715143547753,0.7268778656363626
611610,computed,16.955529951600,16.963168039015784,0.006159428747,0.010270921633903436,0.190507150013,0.19315338809846513,0.481664776524,0.48397318736285877
611691,computed,13.212837178567,13.290228375791619,0.010098906586,0.022497508647309254,1.593233256926,1.6761299893338226,0.633561108546,0.6311079129001391
611692,computed,14.481282235804,14.500524173659546,-0.005806019764,-0.002718597642927862,0.292645364507,0.28584170146031246,0.502949618463,0.510168671824428
611693,computed,16.197121653102,16.27838251528947,-0.010577706058,0.011087526688582521,0.977675231358,0.9806370623499467,0.655389936455,0.6692650752015511
611699,computed,13.280628811534,13.31719045170212,0.000868382165,0.010948572564826977,0.462847327409,0.4629392701284573,0.622194456626,0.6206752727684227
611710,computed,16.092780435367,16.18327679009194,-0.010285867768,0.018883344190455273,1.156472764953,1.1470265248273241,0.798331503453,0.8064270722965198
611780,computed,16.079893816365,16.105691875832154,-0.000425498642,0.005995761924123683,0.299125376629,0.30105005517452976,0.665339043007,0.6707424717532223
611790,computed,12.030085946604,12.041697016055714,0.010612295096,0.01493256144559519,0.545321708143,0.5736865444031192,0.286593270259,0.2820012293119305
620111,computed,14.911691318149,15.018227851389218,-0.033096144978,0.02055643089110684,1.996369699060,1.9431857193602604,0.435982215173,0.44683681513497
620112,computed,13.889932106564,13.960952026869851,0.002861382309,0.027848665839111,0.756795280854,0.7394242693873773,0.376466709790,0.390373432457939
620113,computed,14.472508520050,14.552749501520372,-0.000853955695,0.027538600716270546,0.979506045517,0.9557661656632979,0.465882200213,0.4754906231807865
620119,computed,11.719506964372,11.773637181299945,0.005161045060,0.017746728258399028,0.912612805463,0.9374746689040956,0.401795953178,0.42385801530936523
620191,computed,13.563681731393,13.637561014591647,-0.022930816173,-0.007505387834346892,1.245663770971,1.230350242550907,0.238035094600,0.24480490657920803
620192,computed,16.176918693095,16.233305779526145,0.011910430311,0.030511644998719865,0.767265731785,0.7833001108751868,0.453059138360,0.4559942492793496
620193,computed,17.737498241702,17.8040943770123,0.003540468811,0.025565918315777987,0.736085205953,0.7268733482704566,0.522627369295,0.531503481097094
620199,computed,12.230394625946,12.261377986653315,-0.006408398398,-0.0026688070497013993,0.512166732691,0.5358614041021982,0.364731051442,0.38239496209667156
620211,computed,15.283892420683,15.371127782411484,0.007079941913,0.03530526839887016,1.496712918191,1.5305322244920518,0.322463161007,0.3304168906492016
620212,computed,14.871071621138,14.947141030475786,-0.011505660132,0.013153252270569411,0.752689253277,0.6964327298516564,0.359165849549,0.37213078498424085
620213,computed,16.374732539974,16.455140111191007,-0.002238039265,0.026015528893814668,1.117609038691,1.0972234579722788,0.610404065374,0.6164555542520351
620219,computed,12.404733548417,12.450885105686005,-0.004103287443,0.007325576946699607,0.525942779779,0.5253447448939144,0.261410562999,0.27274859884109875
620291,computed,13.339816895276,13.427740881197929,0.001001572218,0.026546223731019582,1.477595026611,1.5250535473091797,0.379827084891,0.386292279802498
620292,computed,16.497984588207,16.548047621911465,-0.004105247629,0.009246521056108127,0.437797658005,0.42339841370012965,0.587764558047,0.5981794055800057
620293,computed,17.677119089988,17.752705675263545,-0.002757030881,0.021329561202942614,0.914209801530,0.9019314327313256,0.554945805506,0.5622092807461034
620299,computed,13.658577983518,13.678155424591571,-0.002923258017,-0.0011885274311302014,0.488123810048,0.5135641286174428,0.607084537934,0.6215607557972985
620311,computed,15.478999425838,15.467973476505657,0.000583963707,-0.0018119666887320756,0.236853461183,0.2365887934414925,0.173120643993,0.16985162544311838
620312,computed,14.954605108967,14.953511494401807,-0.000405336922,1.0425073604837632e-05,0.299744735682,0.29204057165615654,0.625599440919,0.6257477075843506
620319,computed,14.056794070459,14.054473519972248,0.014841374583,0.01694415518764431,0.519979590980,0.5441315077771393,0.573811801337,0.5705689509313571
620322,computed,12.608072792069,12.625670364886329,-0.017612007786,-0.015593737453293285,0.422359329667,0.38267718114570215,0.296980847480,0.3016324890473653
620331,computed,15.375708963910,15.40162053928343,-0.014340909102,-0.013716492452940302,0.346492876097,0.3576128686866045,0.152271978604,0.15426566897713084
620332,computed,15.004575679115,15.042986351987544,-0.009507811484,-0.00217310368081301,0.398016862227,0.39109766964957343,0.454207343687,0.4579057618021468
620333,computed,14.849597100892,14.865468590534723,0.000162577908,0.004636239707402744,0.344975475214,0.3437505829429636,0.213327217554,0.2166906578902691
620339,computed,14.105382954043,14.12350669364866,-0.005792855559,-0.008734759018335718,0.728575679078,0.7632503938330474,0.230886943725,0.23401805177031285
620341,computed,14.689866578778,14.705111969769161,-0.006276460592,-0.004987105094241553,0.240618009592,0.24432852699424942,0.125514804039,0.126621557757948
620342,computed,18.091029611785,18.126254480483855,-0.012065261016,-0.006165582534073118,0.209348131957,0.17036630197887673,0.164730066919,0.169927523530641
620343,computed,16.979270820827,16.983660603491153,-0.002212382478,-0.0027277487488685304,0.250158443237,0.2634519414997308,0.199421318870,0.20509326473767722
620349,computed,14.847481198999,14.858026294157419,-0.015514942533,-0.023002382750912282,0.569177321504,0.6011916141924574,0.395822376007,0.41144764695694813
620412,computed,10.767974514925,10.664920431518162,0.152123874273,0.17373849711577263,2.966704942820,3.0578041540402556,0.360441703195,0.34406986014374974
620413,computed,12.927165593909,12.961456993210088,-0.012797070642,-0.008136520927756385,0.405504296171,0.40512819492394403,0.348016465725,0.34891491967361193
620419,computed,11.354642985139,11.365136875851526,0.015801597164,0.017904816782557315,0.898448882236,0.9417502800419855,0.381816342131,0.39616935608518217
620422,computed,13.037631231714,13.054287777402921,0.015614721358,0.024134724686856752,0.421360835841,0.4445425881394442,0.585346133883,0.5948721671431986
620431,computed,13.895484647899,13.971125143780084,-0.019327230098,-0.0019199514184409672,0.908491572201,0.8980812428184878,0.186024879507,0.19329921605558878
620432,computed,14.838778678342,14.869260355201854,-0.005328799378,1.8069038742430524e-05,0.394706025253,0.4053422662913572,0.348277462672,0.3521108371806203
620433,computed,15.312883144510,15.36941483814809,-0.015981513883,-0.003770592198061668,0.426442647316,0.3900781937172506,0.261899082682,0.2684378448327576
620439,computed,14.406315116548,14.41751747176612,-0.006343385467,-0.00810904606929041,0.391272499420,0.4127700839181366,0.331986439177,0.34186565610711295
620441,computed,13.179344469010,13.264449439661831,-0.046204508119,-0.029923189566209586,0.860511149361,0.806833099560038,0.151241832796,0.16041104251120214
620442,computed,16.723401299387,16.70509221535168,-0.005988627555,-0.015546014789934965,0.464805209593,0.4830834877155204,0.385002023671,0.39034613085422487
620443,computed,17.957438694102,17.978650170996996,-0.007456439166,-0.004679527925688025,0.194680364746,0.18435677340326628,0.590584778917,0.5970226674646123
620444,computed,16.506979719225,16.495777645151737,-0.004843551469,-0.010687938513510287,0.317226995856,0.32683062269518065,0.338372828714,0.3429698215872929
620449,computed,16.104212835981,16.071823168420845,-0.004359528822,-0.015388043907853203,0.388728938041,0.39375845236399826,0.447226278912,0.45079579985091317
620451,computed,12.509973725895,12.605434164577852,-0.045423233803,-0.015020715659311441,1.081217523661,0.9607446588275639,0.180205961226,0.1890924506985886
620452,computed,15.649255240084,15.589522218847403,0.007283416352,-0.00537134297812162,0.513264955490,0.5076060355324546,0.385764860006,0.3831605684743807
620453,computed,15.744964962215,15.776146219546234,-0.012279798251,-0.008258563570935809,0.225474035969,0.21024700190817264,0.406948184696,0.4204650058159214
620459,computed,14.815986366256,14.796079565576642,-0.004800348270,-0.013401158153436791,0.383285058887,0.3957490179501556,0.361455357480,0.3647692050446795
620461,computed,13.671079426700,13.728391580780357,-0.038592417581,-0.03805766484568818,0.699229558686,0.7070914604373384,0.194464448802,0.19989545701282405
620462,computed,18.836467564267,18.84946373101929,-0.003072208308,-0.0011196687548976855,0.181286591607,0.18154748841868248,0.386767313683,0.39322267584097365
620463,computed,16.546427748834,16.545025056808143,0.004048419179,0.004603532196581137,0.211157335873,0.22082369126498727,0.196128594914,0.197707051713719
620469,computed,16.797479092617,16.791322176257058,-0.012103908493,-0.020302989915922432,0.411867256197,0.4305151908233518,0.361574389716,0.37398334202160455
620520,computed,17.717398183867,17.74965706851922,-0.009328658943,-0.003683698670747667,0.222147669448,0.20568315564714024,0.221786916916,0.22512294450100026
620530,computed,15.630046911919,15.63830645267006,-0.005009920882,-0.00510131742020832,0.197440100108,0.20459492020109266,0.136244318044,0.13922526824232656
620590,computed,15.774606465447,15.736169715625223,-0.003093725364,-0.015159268134533258,0.429512114439,0.4335828363045369,0.489776890105,0.4923910059664766
620610,computed,16.071648088856,16.103739082999926,-0.007562764434,-0.0010470320355735888,0.318288569194,0.29280811037379134,0.685080119604,0.6911962711864325
620620,computed,11.176176776347,11.184340198120374,-0.049748050668,-0.06025463953224049,1.129473653977,1.085542230830666,0.141274718234,0.13752517401858338
620630,computed,16.925202621516,16.947114782896882,-0.006202129878,-0.0028369002908303774,0.191839677929,0.1892863247997119,0.279586773638,0.2823188008367347
620640,computed,17.526901183978,17.5572147753799,-0.012672684947,-0.008810083026871415,0.230389970723,0.20382593479916075,0.342303026508,0.3484492226591549
620690,computed,15.212896685995,15.146792053718032,-0.007068651040,-0.03601257176139679,1.096120651681,1.1105201651431527,0.465084085418,0.4885506064664799
620711,computed,14.039989823711,14.029108416855836,0.008799827600,0.007898057508712107,0.399451212369,0.4119164416087338,0.116503847766,0.11229887603951946
620719,computed,12.151474076223,12.197082159647632,0.020860477564,0.03897536892418764,0.754797779429,0.7758238557612471,0.444247326163,0.45083763195494
620721,computed,14.198985695180,14.266622335416493,-0.001796104406,0.01674034940262119,0.737165192877,0.7431213513677786,0.533728175361,0.5367976301160704
620722,computed,11.884946467293,11.972715089180737,0.034881649930,0.0578950777370815,2.582592024280,2.7212966423781553,0.490450948668,0.4961731753673401
620729,computed,10.341153878683,10.428568773023253,-0.025591496204,0.010010394651063083,0.957469964658,0.8043388096095188,0.669060596154,0.6854237018543656
620791,computed,14.650283924127,14.688483539277609,-0.003615017628,0.0025447271578488374,0.577934030245,0.6002168988506571,0.452928740754,0.4451472790465304
620799,computed,12.867089297379,12.895795701229195,0.006387163796,0.017229588212168717,0.462875622343,0.4596028559730496,0.587449031786,0.58813561543769
620811,computed,12.558352167879,12.56924900554198,-0.019469770325,-0.023592388339140607,0.629493941909,0.6356803554420313,0.610956903238,0.6299980030821626
620819,computed,11.480246946298,11.437162751706218,0.002238567759,-0.00863402567128531,0.676454809816,0.6836894861069017,0.492184107914,0.48522131885803277
620821,computed,14.973220656405,15.024793423542768,-0.012698991947,-0.004684417521012655,0.640410918641,0.6566350784583327,0.391350470299,0.3973046325989375
620822,computed,15.112043416000,15.10558459830409,0.015658445332,0.019472076366989548,0.237672683862,0.24931647210269817,0.662294691585,0.6693186900296749
620829,computed,12.988411403737,13.033058575321913,-0.011285116288,3.660446766519662e-05,0.363246627522,0.29377836294357007,0.716707156438,0.7252017151329306
620891,computed,15.167762343791,15.184301606720833,0.008873985363,0.016194231767977782,0.272560738442,0.2800157863736123,0.436231428954,0.43604692704487663
620892,computed,15.211125203429,15.190900955590974,0.019852724269,0.022181587351764297,0.244452716439,0.24694714426685258,0.670263270192,0.6857050007160194
620899,computed,12.247522139683,12.254137638401538,0.027876626070,0.03611833664236127,0.615801115710,0.6495726877541285,0.446273687825,0.4523430322049718
620920,computed,15.787859510099,15.820425162517886,-0.008244263641,-0.001842839592907501,0.279210490911,0.2640686564807974,0.250242052614,0.25182683012039564
620930,computed,15.088323124125,15.149152381505933,-0.004574422119,0.013739212525967881,0.503004500877,0.4660182224612438,0.526246919797,0.5262755009595245
620990,computed,13.161760997985,13.190812152179557,-0.005040763617,0.0006369375670699415,0.343183942929,0.344263034027602,0.329341861038,0.34145782038508465
621010,computed,17.372057029153,17.374401483345984,-0.001514544182,-0.0016085419387798301,0.103943621214,0.10500573129027456,0.625638714164,0.6325082553858807
621020,computed,14.287878609587,14.322591309209267,-0.015637263090,-0.014243577620430116,0.670933140718,0.6870855418082419,0.701601410630,0.7006263701715643
621030,computed,14.594622726286,14.666384877826378,0.012654261664,0.03547956305836258,1.022734660974,1.057473760975978,0.540428464743,0.5422832688628985
621040,computed,17.004848086408,17.029183041207496,-0.003912935254,0.0010873990103664644,0.233538268680,0.22912583214220916,0.498611613273,0.49743846378966
621050,computed,16.358938450660,16.42829402395945,-0.000724010576,0.020951099261192555,0.738906807999,0.7290720237444067,0.459664842219,0.46718222050313435
621111,computed,15.321235638709,15.216490451087305,0.016648765235,-0.003771296822439023,1.017340826053,1.0096459683251269,0.421597651653,0.42316069109777343
621112,computed,13.867510213165,13.860027612717909,0.000997630376,-0.008999688665253032,0.827494824657,0.8621229952517342,0.470434555868,0.4751846076331869
621120,computed,12.252034841036,12.301697286375953,0.006037067741,0.007658106988762184,1.341756820177,1.414512574217692,0.543999739859,0.5875366236621126
621132,computed,14.964790983581,14.984366648200464,0.009135299405,0.016081978170614016,0.396577608123,0.41580922236800094,0.166468932669,0.17554136597515652
621133,computed,15.428026603943,15.44995844350637,0.000258739501,0.006541627744167004,0.292664603023,0.2848555728447283,0.225914034455,0.2325570369966527
621139,computed,13.142642226651,13.179011378954803,-0.005846056898,0.0005312978510314616,0.467997052035,0.48040320061145764,0.288093937563,0.29182534102981283
621142,computed,16.640838058686,16.634709969394063,-0.000133161914,-0.0024583293543712233,0.259976212947,0.26705470966844547,0.441028081854,0.45059933475611597
621143,computed,17.631581994632,17.636076145927724,-0.003168506335,-0.0037020600689941056,0.222597894940,0.2265786904646011,0.433815198839,0.44244947960486813
621149,computed,15.409976366419,15.397602642874874,-0.007106058879,-0.015135700507825117,0.403857069246,0.4205342535336798,0.584831747183,0.6042292114424442
621210,computed,18.295400637515,18.31527517770713,-0.006189832043,-0.003178000152994381,0.162063835165,0.14659463756913427,0.431758715720,0.44165012398033415
621220,computed,14.651497667670,14.681235568761894,-0.021196513678,-0.02129683620001292,0.290464598668,0.279313018717868,0.283364493624,0.29432795531772304
621230,computed,12.826941452409,12.875864883324251,-0.002903700888,0.0073161576779234615,0.667140271944,0.6840025319754202,0.267792311117,0.27768552020140275
621290,computed,15.587744237090,15.628725730592544,-0.013514319914,-0.006079963551283169,0.239585949573,0.19307727829585833,0.487246946770,0.4968612134853881
621320,computed,14.362166631885,14.338060018960412,0.007594208236,0.003579623182688205,0.344995468590,0.3525296433311907,0.862886689743,0.8579517591078073
621390,computed,14.033784977722,14.060415872021874,-0.008711919566,-0.00446054046564742,0.202357235930,0.18869742665153794,0.733650715381,0.7353986810507755
621410,computed,14.193171728672,14.20868194547119,0.011168169483,0.018565781972992374,0.325943237385,0.3416706165412305,0.258130341513,0.26407231159691186
621420,computed,14.225204711042,14.30645234036708,-0.017205129069,0.0037203025858437663,0.982333787049,0.9768913421567976,0.216075447938,0.2222115417932486
621430,computed,16.319167379789,16.386974989361704,-0.017288787946,-0.0010974248526982933,0.590159266336,0.5544176966499285,0.852322441516,0.8568002629323032
621440,computed,14.907161534897,14.968525048227733,-0.022791638182,-0.010632292570860827,0.441847720671,0.3885999172624194,0.645505130446,0.6493803377316758
621490,computed,13.656289672778,13.702372309907561,-0.034613198344,-0.034303681879032565,0.465825047205,0.457837475704193,0.356049398485,0.3619123249229556
621510,computed,15.688292615369,15.711515812153309,-0.010619088338,-0.008973896651587186,0.320544834551,0.3244572951428712,0.602946972966,0.6077443866634341
621520,computed,15.145009565091,15.176923248719651,-0.003114010504,0.0040766843457082265,0.326153694122,0.32878679554527096,0.947171291005,0.947776964743113
621590,computed,13.196348026683,13.207662776976012,-0.009174321864,-0.007888956200726492,0.396914710174,0.3775134622397733,0.703437476727,0.6966261185232379
621600,computed,16.459271792075,16.493474746540684,-0.000416417052,0.00828402832195478,0.398699402897,0.4008953129560218,0.569484314457,0.582376056956964
621710,computed,15.902841538259,15.914546673624491,-0.006687318823,-0.006327766419459427,0.142220847164,0.140968811082814,0.635564071350,0.6436625222952783
621790,computed,12.211875260509,12.22522951384099,-0.008546181110,-0.009748117226114092,0.402850924788,0.40751667001926,0.214326733675,0.2155411226664859
630110,computed,15.680915429734,15.781919638919812,0.085272950727,0.16117483325227333,3.395370378967,3.5217526087391358,0.985083737015,0.9852095539338689
630120,computed,13.448846529219,13.500141535390355,0.014368316927,0.029735777205617906,0.937081443066,0.9748033439042473,0.311494007141,0.31775389994554076
630130,computed,15.420182863948,15.412734490192344,0.011894814150,0.014373586963740156,0.216657698198,0.21882017115314334,0.330948300938,0.3312167911304976
630140,computed,17.798607129789,17.858010052142244,0.008618029022,0.029080568808036996,0.656493286325,0.6541691691405154,0.929000064800,0.9306133510770368
630190,computed,13.583328349751,13.581632870624938,0.014833899702,0.019960414458785398,0.673693806718,0.6763115712199126,0.752014623439,0.752342875256085
630210,computed,16.227690366279,16.256271774714634,0.005301019920,0.014761563280100714,0.351846964836,0.3512652947438516,0.524487016034,0.547709600051027
630221,computed,16.232472007709,16.24289935488747,-0.004243807890,-0.0030696791306736564,0.161064332341,0.15830478219425415,0.284632612568,0.284459446406099
630222,computed,16.574348685547,16.577015188569646,0.002657816267,0.003923825678861799,0.240389638783,0.24168802906369896,0.913278616161,0.909756700795519
630229,computed,12.817480888966,12.827086175868933,0.000216549242,0.001558542643370147,0.323101887206,0.340459150454205,0.726403474717,0.7440704185354868
630231,computed,17.139401369699,17.14565115539544,-0.000514934849,0.0008283137736584229,0.136789937673,0.13234956450444585,0.217601308736,0.2187514318603294
630232,computed,17.177703661072,17.1858742766336,0.008099350094,0.012981396497735779,0.179837215980,0.18583565048224607,0.901924695950,0.9050199360429139
630239,computed,14.633513831301,14.603782446584269,0.019432671801,0.018937771104335605,0.316343396733,0.3169789367423337,0.652483204122,0.6583228680439746
630240,computed,11.883372583912,11.92804789324981,-0.011641817300,-0.006927272063754894,0.675502837917,0.7028433880064755,0.644025215286,0.6566273789448426
630251,computed,14.891474540437,14.950644036706791,-0.004992508650,0.011320152404094085,0.546236040688,0.5306974545879746,0.218475048640,0.2231950853740896
630253,computed,16.281145673022,16.30866662918244,0.000602567256,0.008216681237765207,0.348446558017,0.34278063302051415,0.670612091211,0.6728624054104851
630259,computed,13.604008676952,13.601101633106666,0.001292087879,0.0022574855296167797,0.287971548469,0.27965803140512274,0.383628736291,0.38360882085378756
630260,computed,17.504709510171,17.487152636938234,0.005352956860,0.002835697551255332,0.173032006467,0.1738257997640395,0.243755121661,0.24285525033335698
630291,computed,14.804118615406,14.827195018599996,-0.005404775624,-0.0005236750356781558,0.259204005376,0.24143634603955139,0.289716173524,0.29542021204953184
630293,computed,15.538871277210,15.542357200113592,0.012263236236,0.017271465673268444,0.266985015608,0.2778131832418008,0.866598322845,0.8684182682753226
630299,computed,12.611487867337,12.618858455890972,0.009512517945,0.014746117884096938,0.357691785092,0.354439681807718,0.540029555466,0.5475030321662565
630312,computed,14.038324648116,14.071287761098485,-0.006419459327,0.0021693641864052858,0.386994210060,0.34638948219476845,0.665928482303,0.6808869601611512
630319,computed,12.661584271122,12.67783026448237,-0.014751328179,-0.01779789766280873,0.546685819773,0.5692662028131419,0.798145542706,0.8072057322921034
630391,computed,15.412687305140,15.440501182147505,-0.011987028520,-0.008846237722166368,0.194648108880,0.1810113084125849,0.378557988400,0.3858488505565745
630392,computed,17.808158706616,17.81179886689685,0.002771943459,0.0045739283401972225,0.147912167592,0.15138982543847834,0.644657927092,0.6466554637453231
630399,computed,14.678057838371,14.69058561206586,-0.002321958184,-0.000393335538017649,0.258627299340,0.2608942696345242,0.681862722048,0.6835389556490316
630411,computed,12.894867783469,12.931094093443654,0.026913092536,0.045948041902581324,0.496253705937,0.5114927808498272,0.944770935771,0.9451963710212363
630419,computed,14.649425127293,14.647435367190107,0.014193535508,0.019355757734615852,0.263242439633,0.2621145171915245,0.325809589305,0.32761159874044465
630491,computed,16.403764436901,16.440566140454408,0.012649805619,0.02702658961264299,0.446060879614,0.44965789834359005,0.813339645344,0.8268949889814635
630492,computed,15.895128183278,15.914110420626184,-0.001509786395,0.0027752470078181526,0.203735338218,0.2020384996318601,0.477027247986,0.48243836832070514
630493,computed,16.437253136891,16.461716882401877,-0.002104647179,0.003675004683266952,0.246928497851,0.23988506398388337,0.835227132166,0.8461440212994478
630499,computed,14.377022910815,14.411582484584958,-0.003554514907,0.005049208312837062,0.240068215705,0.22072999209898356,0.429724357769,0.44225287671087804
630510,computed,11.898919711432,11.961590292415377,-0.056911742738,-0.06364785633226544,0.990545934096,1.021148144538913,0.161628268531,0.17073563727113455
630520,computed,12.178857725284,12.145476292544942,0.009660878916,0.0039357400874586905,0.398092529787,0.4027556726804758,0.312137731292,0.313854250473164
630532,computed,16.014676234822,16.014864840227144,0.005528432424,0.007675691829527875,0.137905213163,0.13025486361525587,0.323138927113,0.32941589894722845
630533,computed,15.095052726681,15.11827508636787,0.000868894608,0.007698992195716339,0.291572207688,0.28027612178898226,0.253400463690,0.2595768985622319
630539,computed,14.209769687684,14.243057117700529,0.027149815340,0.04336292426643243,0.560599210399,0.5793750048834813,0.678055392705,0.6826642375884254
630590,computed,12.637003154179,12.666561197743745,-0.014636672804,-0.012831580203230785,0.460557134743,0.4630419579519208,0.591629710105,0.6210192189137689
630612,computed,15.171292448539,15.111912833899,0.008483637808,-0.003785014331636297,0.527843315894,0.5248402296535158,0.764482822588,0.761534221350479
630619,computed,13.501536433581,13.503298690435862,0.004320873326,0.005617309622399166,0.379965367917,0.38984785693517554,0.663497716608,0.6745618538737459
630622,computed,16.901533226361,16.88569708835138,-0.008985458441,-0.017660588710503064,0.315445177766,0.32682894991363104,0.603423983493,0.6173489924989399
630629,computed,14.357249874197,14.296719751443641,0.023882836426,0.02064086496955665,0.318232130930,0.2820297564140712,0.877036420336,0.8758644135662218
630630,computed,12.555252102846,12.501288956500298,0.005810208347,-0.006937187949779424,0.582698546833,0.5884636599827694,0.113550370461,0.11173758733260357
630640,computed,14.463390046779,14.463148272551537,0.003982209462,0.002328458949008393,0.520779378064,0.5468874631410316,0.358579347970,0.36388927968975626
630690,computed,15.202314487508,15.146002770620752,0.007785456029,-0.0019303093996092518,0.302085435048,0.276194673093203,0.732562227420,0.7095277223484993
630710,computed,16.877169604106,16.874313016162816,0.010532844533,0.01351531014686111,0.171732061378,0.177605702899978,0.467633126725,0.4703272225764791
630720,computed,16.032651361433,15.98462607180792,-0.001444808139,-0.021139119885014233,0.866871325848,0.8853980387602789,0.804833226841,0.8142428820263738
630790,computed,19.245650734461,19.248036345833867,0.001719646629,0.0028868420018600452,0.108101777812,0.10596858268641754,0.730746413425,0.7316725736589043
630800,computed,12.603159883522,12.600778023515067,0.020139328771,0.02718509242740108,0.322615825179,0.3290590696751479,0.554789439964,0.5491176684072773
630900,computed,10.436011571417,10.443708783749402,0.115024496772,0.1427225272781334,2.761617276450,2.9034346235481623,0.079611145344,0.0821478208845322
631010,computed,12.334610665269,12.392513430999447,-0.011097433290,-0.0019787286275240647,0.841322158874,0.8733296387950108,0.043834080786,0.04662061097601805
631090,computed,11.703743582168,11.752235780900197,-0.026096448935,-0.02682352754995188,0.924121244762,0.9644591010652436,0.056143134700,0.06070186683423587
640110,computed,13.821892460578,13.808704293964295,0.001790010767,-0.0010675719772797441,0.201979628189,0.1997308419751082,0.661711530189,0.6547732990877155
640192,computed,15.678204548090,15.700618744960071,-0.004314468194,-0.0009372065654544054,0.360958738834,0.37273450227139215,0.705901435397,0.7084878514655478
640199,computed,13.462831315150,13.476489036213668,-0.000289663862,0.0027522862127220614,0.264878532000,0.2695842337861048,0.526869435233,0.5488679242152311
640212,computed,14.259249401364,14.336296573461992,0.025790233506,0.0602999341880925,1.568591357444,1.586418560300188,0.247308437401,0.24815828558169575
640219,computed,16.596126039749,16.606288464821542,-0.016998453902,-0.022123557210902214,0.293514248524,0.31000263884489404,0.414534865129,0.4201151821886833
640220,computed,16.092426895458,16.04147606521197,0.002105411112,-0.01627219558196771,0.885187057752,0.9039050331595306,0.918195085971,0.9188027964427328
640291,computed,18.080594990505,18.14834782009374,-0.018651206358,-0.003624657333676649,0.649597560752,0.6227837710924884,0.873282606670,0.8784611254226449
640299,computed,19.282648076611,19.286240987892,-0.003868980117,-0.006220021885985662,0.349571293277,0.3697287910953827,0.660533097312,0.6623292166852252
640312,computed,11.255402394026,11.346330365866164,0.144308080052,0.21063374953913458,2.649098008213,2.7998897261635074,0.790615321508,0.7940670744422549
640319,computed,15.067486556782,15.048024092327186,-0.010532140572,-0.020823993497272448,0.357541770098,0.36815644672556885,0.566126445833,0.5601728561893538
640320,computed,10.434890351429,10.404533200168531,-0.030237411622,-0.02587519497253616,1.424602460809,1.3480631775769434,0.095443057908,0.09393803963781021
640340,computed,17.132775696858,17.142159096338812,0.008107084788,0.013390484874343902,0.185361868058,0.1897834746967513,0.723589594060,0.7286108193885309
640351,computed,15.080048081298,15.125578980770662,-0.004758870065,0.003578836999231711,0.629944506437,0.6485990045319338,0.114668808351,0.11885172034702851
640359,computed,15.943946146969,15.987589940075008,-0.010151611480,-0.0006922223623241138,0.406321818679,0.37679022736478734,0.123521058558,0.12855159632971863
640391,computed,18.914743794617,18.96558380282564,-0.012082094972,-0.0018177303604876302,0.472423969386,0.45698290619465726,0.549230568163,0.554543205122993
640399,computed,19.197031860103,19.224255420029884,-0.010951234477,-0.007756342076813114,0.211667809201,0.2022406076111119,0.493732059187,0.5013795503221355
640411,computed,18.530617376096,18.543799095482154,-0.000411923441,0.002571901213376485,0.191680371181,0.19372462809335614,0.354419523909,0.3643004971614691
640419,computed,19.289318366069,19.312742778845276,0.001391819536,0.007937946378769165,0.244774594125,0.24748383174171135,0.767546104706,0.7784687071237926
640420,computed,15.428404051615,15.470948606863564,0.005974721128,0.019928442422001938,0.454879111051,0.4530828099249313,0.303252401714,0.3116342011920697
640510,computed,14.029714239875,14.018085338107484,0.014449439214,0.017040439398369016,0.434694693575,0.43919468902578435,0.348189353761,0.35113968497134906
640520,computed,17.042180934510,17.09339817025082,0.001165103382,0.016376510503512832,0.484655455167,0.4781409952552516,0.920478852213,0.9247215371966228
640590,computed,17.042834109069,17.077114551570833,0.013151663740,0.027009811370639937,0.447104510431,0.4495842446140374,0.875378451705,0.8823387925435154
640610,computed,14.335453957160,14.370684605851498,-0.007206711361,-0.00013043277581927415,0.340036946509,0.33402015115408984,0.170459365055,0.1741937803811641
640620,computed,14.803566672981,14.828009877142664,-0.008057013991,-0.004598576800944371,0.237156602547,0.23591713241048856,0.733817597906,0.7336738631886325
640690,computed,16.221597264410,16.22600455901184,-0.000578914897,4.8961511251015536e-05,0.215681591238,0.22551532863916404,0.668914858675,0.6672367480819386
650610,computed,16.966358574586,16.974655148461224,0.002338616250,0.0053088653058659336,0.100836508570,0.09963049390792923,0.618200732626,0.6222464959865619
660110,computed,17.155178404189,17.09997629913731,0.006850897824,-0.010851299318608457,0.936099635825,0.954981531887912,0.966431117353,0.9654630998386706
660191,computed,16.052492677515,16.068225590256617,-0.002376014966,0.00035510516666437917,0.251581083002,0.2581016985008052,0.979559921192,0.9793434867769597
660199,computed,15.396972667999,15.419001228252734,-0.004026452386,0.0007088127441409579,0.194275878750,0.18633740836298548,0.934792890719,0.9367661064294397
660200,computed,14.394802006766,14.382086856452348,0.007798715839,0.007709971615214072,0.262111770115,0.25752226016405616,0.586203533580,0.5854993491850751
660320,computed,13.564560959677,13.5378155255167,-0.010226139052,-0.02078263459664563,0.458192569084,0.4544023478712996,0.833181735015,0.837561191471237
660390,computed,15.338227348459,15.309917741744727,-0.000091096449,-0.010953802073422905,0.609276052423,0.629873643018484,0.864462371399,0.8634917872716954
670210,computed,16.897101098386,16.91084657448067,0.021156118889,0.03145425444879266,0.432534424199,0.44901382310423904,0.967972195195,0.9678977858486121
670290,computed,17.250897927478,17.259386659825783,0.009248982985,0.013957188449169378,0.316492956422,0.3320583218826731,0.967029800091,0.9675502224359439
670300,computed,14.528263862404,14.500198637926625,0.001593058264,-0.005752027279778941,0.335750847045,0.33859671163450655,0.521827816217,0.5151651946016652
670411,computed,15.659379640313,15.654834538235841,0.000391364466,-0.0013132758009776833,0.217095965572,0.2276513714125291,0.354229712519,0.35414464424433745
670419,computed,16.839629866156,16.836372643082335,0.008758520768,0.010992837416774766,0.193796351091,0.19886903850689072,0.516569466654,0.5237496012464177
670420,computed,17.649447487048,17.65099803337513,-0.000788056926,-0.0010125044083571372,0.142416484118,0.15030081538849333,0.871500448817,0.8722145744952325
670490,computed,15.231415276743,15.22644417190196,-0.011330662607,-0.01665580231459486,0.314369329792,0.31726171160642386,0.568765583398,0.561440222140833
691010,computed,17.380072039338,17.37772664858668,0.004501528039,0.005445273770523429,0.129912496918,0.12952951009344493,0.762035984236,0.7661606790701722
691090,computed,15.439096179988,15.437156334881452,0.010920994505,0.015280752175738866,0.288244687119,0.2757704337975647,0.114991263493,0.1160144396084006
691110,computed,16.741519290448,16.77229266176482,0.006363708638,0.016478156417512102,0.349953565288,0.3576326993238633,0.587384058660,0.5967725218825146
691190,computed,13.156844627689,13.170745253107162,0.008998686497,0.016838697750895873,0.322871331467,0.3124574458803894,0.756123620500,0.76606740296204
691200,computed,17.865972011445,17.885590788659037,0.005069919930,0.011928899894102042,0.279442303410,0.28134190473061527,0.779656282864,0.7812771547093981
691310,computed,15.075360658723,15.106223239927226,-0.001970831736,0.006306842224413584,0.259927515642,0.24647531558946703,0.615227480292,0.6190944751214211
691390,computed,16.586137903220,16.595273636698423,0.006343818914,0.010903852346461726,0.265866528671,0.27114639818708824,0.588160031565,0.6002829227173586
701310,computed,11.575307891854,11.550836148812062,-0.014339165947,-0.022110818884664225,0.668471663485,0.6601491622578864,0.343916999314,0.32910036106256985
701322,computed,11.142941160862,11.216031865605503,-0.124054692443,-0.15791322998947366,2.204808647178,2.3219628874327873,0.058784864567,0.06145423936648469
701328,computed,14.671375077648,14.668388075818058,0.010559803035,0.013066711315527363,0.384118847648,0.3939805259793556,0.253074503012,0.2507331950500982
701333,computed,10.922445037214,10.759823294109843,0.013945699278,-0.01634717008184672,1.007565967140,0.9703098968058583,0.075518127616,0.06455102712130868
701337,computed,15.538606091748,15.535820954899153,0.013550009392,0.017512865728324837,0.299355681086,0.30890404295647644,0.406984163589,0.4071778925198961
701341,computed,11.846856791483,11.842554007175258,-0.011453511201,-0.013406171668808333,0.545338972226,0.5213666360926932,0.111220170742,0.11111946137883863
701342,computed,14.070848818460,14.05612938484091,0.023970577408,0.028566379421178012,0.316517878299,0.32445516245176714,0.672437037869,0.6760732673790316
701349,computed,16.145325345209,16.144927504696668,-0.001247254871,-0.0019091778147986324,0.156134952091,0.1614327349206176,0.640855242107,0.6423514940143793
701391,computed,12.671569041928,12.685048881049,-0.001628407007,0.0037301143743997136,0.499109160914,0.4651408606703159,0.111608199253,0.11324066576370485
701399,computed,16.982464233044,16.988068140100133,0.006126305581,0.009689404593730896,0.181056110780,0.1891192625954967,0.726511461781,0.7255386297817245
701590,computed,11.276440728279,11.278691312749675,0.000218757664,-0.0003924899378626342,0.310279420415,0.3269528705818123,0.231043898871,0.23461805090616775
710110,computed,11.463878285016,11.468752509682878,0.019319674045,0.013081891024137662,1.149557240147,1.186973238772416,0.045674446626,0.04382987365045516
710121,computed,12.986024895880,12.742518893926865,0.068690129820,0.06237640492681848,1.147362948170,1.0978406424804779,0.250638367908,0.20232475312391446
710122,computed,14.514247877644,14.510444391508813,-0.004082064064,-0.007635625494993624,0.332870795405,0.34612934604626133,0.237784827276,0.23485292990362483
710239,computed,16.677154933334,16.67896171192164,0.003170700935,0.0037818165472152106,0.303272215530,0.3147642169937669,0.009229930861,0.009485715814560952
710391,computed,12.210877977956,12.188166944853602,0.080600559996,0.08972244287708558,2.403105548318,2.5180360323635975,0.001567835630,0.0015506296753653402
710410,computed,10.888351757617,10.861863234911933,0.041827552945,0.04671896938566501,0.673959918967,0.6982358049396172,0.267655285434,0.2571513810214083
710420,computed,11.366327798384,11.219876194331547,0.049327863519,0.044640683519119394,0.739264838378,0.6590661676524077,0.419342702472,0.39063594835362947
710490,computed,14.528931738818,14.313213929572406,0.045982014260,0.03219348806153691,0.547693964500,0.3998277940980208,0.155215287741,0.14096224594047654
711311,computed,16.721241427093,16.830104193942507,-0.325724036705,-0.3440450348619341,3.354115169623,3.2903136308837357,0.192265977447,0.19235408870148796
711319,computed,18.026355432611,18.025190419559095,-0.000534180993,-0.0024938329922172416,0.321172477791,0.3388944452176922,0.127045645042,0.12473316293828862
711320,computed,12.750127294877,12.735043528441084,-0.002108673816,-0.007642518119932671,0.415892408421,0.42175117441220006,0.173420438107,0.17512710470976994
711610,computed,14.128943328957,14.118840314348084,-0.000254126373,-0.004052055481259933,0.380036291530,0.39185529482746506,0.772762245776,0.7672050838729402
711620,computed,16.890047808532,16.966449570551617,-0.066816667438,-0.06450817043296773,0.723863646908,0.6831268808405487,0.587613679790,0.597767707402693
711711,computed,12.802112135179,12.787932271642118,0.000195421001,-0.004698518590778221,0.339991632088,0.35442233863994926,0.608109094092,0.5970220954346197
711719,computed,17.735840249904,17.757133787479578,-0.011625218614,-0.010357800774113687,0.149210703282,0.13961157559593185,0.741520910439,0.7462229805998211
711790,computed,17.165135484680,17.185237291651443,-0.005677765635,-0.00260212851689361,0.174274434151,0.17170608075656305,0.691068981064,0.6933925233087226
711810,computed,12.344611651518,12.365213819135722,0.012942420882,0.02087263645952861,0.529410179658,0.553932136133194,0.176085059165,0.18179113551627096
711890,computed,15.090875612275,15.14656012333488,-0.017382482082,-0.019915840736284305,1.264152256878,1.3042428751711905,0.031409914899,0.03182040181354731
731816,computed,16.772396723088,16.737750092554993,0.019215564573,0.018924616718961906,0.212205154679,0.18513179073379318,0.221057692728,0.21768108835839173
731940,computed,13.925488438546,13.938180096732426,-0.002725636501,-0.000560427680406555,0.271131708090,0.267784691924414,0.580922197678,0.5864723372230095
731990,computed,13.278347744457,13.282134824488097,0.011893954902,0.018483994271810623,0.395617957895,0.3891138157455287,0.438059120208,0.44510286802928317
732020,computed,14.495927046045,14.498905512854616,0.001074072868,0.001857048813467613,0.163988952820,0.17248403224909115,0.076095705099,0.07709138737039162
732112,computed,12.584407162972,12.507133333482061,0.044675756962,0.04436026838833298,0.465731749047,0.44032325333967953,0.788135175140,0.7660278276530079
732119,computed,17.251633374732,17.19282373864486,0.018049194120,0.010975581913105693,0.401262624283,0.38645386387592917,0.965766511903,0.9640352690743106
732181,computed,16.367051553743,16.400281578971942,-0.002472249951,0.0045027432068172725,0.399990059443,0.410948155688849,0.687758915921,0.693062883463125
732182,computed,14.758232944507,14.820139022726488,-0.014074237843,0.0013332041551335396,0.504175568465,0.45793159588818017,0.738806994756,0.7439381446682024
732189,computed,16.012787536226,16.018261843422163,-0.001705235998,-0.0016024887094418523,0.223581588823,0.23186361157338464,0.711947881136,0.7139341596787958
732391,computed,15.155772471761,15.159593237440777,0.012085935441,0.01684028112880206,0.277674175833,0.2883823529448063,0.914855673848,0.915387412148765
732392,computed,15.477246209817,15.508226150552401,0.000211064251,0.00925204342201183,0.384093810520,0.3635780088082714,0.422074309574,0.42299671546053647
732393,computed,18.418683981749,18.434121752522717,0.006722908364,0.012805365949473383,0.256708916268,0.26532890392787944,0.791724204721,0.7937380502277808
732394,computed,14.843944395777,14.871249604442221,-0.006619470976,-0.0017785926974170883,0.261298625147,0.25908932164111503,0.440820215672,0.4488444236734568
732429,computed,12.701494759265,12.684606018817368,0.009321302712,0.014554725834110221,0.490318474692,0.4291591107248713,0.438837127102,0.4791151901231269
741810,computed,14.021572241357,14.055560389344842,0.016241946245,0.03108426314342838,0.489418192670,0.4974733034708985,0.294095286461,0.29362903911610516
761010,computed,16.092324413931,16.1070628551821,-0.001230321932,0.0021507850553868684,0.122546239781,0.1202557318562898,0.202901556702,0.20801170433836672
761510,computed,17.809134487080,17.828220573987675,0.004593530903,0.011157323363275821,0.232091295315,0.23527689701074989,0.620004768780,0.6205846305993618
790120,computed,10.139752911006,10.151214141957345,0.013590672726,0.021393057147357876,1.019450057646,1.0363431788208164,0.015491749426,0.014965922388638057
810110,computed,14.377125390812,14.364447751905312,0.026981219268,0.03513854850989631,0.623752875796,0.6184474263417725,0.447504723761,0.4632629969664432
810194,computed,13.498435423558,13.391034751593647,-0.074632589104,-0.15102856736092796,2.786799189582,2.889306408447954,0.924186796743,0.9097642067031402
810197,computed,13.566432076366,13.586220511359542,-0.047455612928,0.05511115761324327,2.605724132771,0.8071793758149979,0.250533438798,0.2632272410638652
810199,computed,14.613980632785,14.605193303600887,0.021965230136,0.026999456712906187,0.359676647599,0.3736791450214796,0.631851666364,0.634766129028057
810210,computed,11.722597998528,11.638306909886483,0.049808963506,0.0380646843198261,2.372292785286,2.445352238026353,0.172170187696,0.1769034601731566
810294,computed,13.915869101835,13.817563833166643,0.006679978343,-0.009553563776321364,0.716344781422,0.6957663130385392,0.630829101332,0.6373571204451022
810295,computed,12.188685288774,12.240972461594632,-0.016631353023,-0.00854260546627283,0.608105195714,0.6050059915059542,0.194055701992,0.2057229937081813
810297,computed,13.310685286827,12.962220717363254,0.085925602732,0.052844577744104816,2.668246432054,2.703418329995448,0.298311216843,0.2539698586483557
810299,computed,11.695298457223,11.660940547269515,-0.005561790140,-0.0198107109090895,0.538391860992,0.5493533677134743,0.436067109840,0.4245439756569212
810320,computed,15.010986823893,14.926252509570794,0.013543738745,0.0006277588697442242,0.408397542377,0.36775303458548164,0.323376721818,0.30904410181126524
810330,computed,13.643678742678,13.7010144653486,0.012233946676,0.037277187534905123,0.771292977507,0.737686467385096,0.205349164120,0.22380909883343705
810390,computed,14.221410582977,14.153479558490702,0.039321009603,0.03856910945126602,0.580484744499,0.5684936935367242,0.651151276535,0.6411422743444404
811010,computed,14.589714086137,14.6208231616524,0.010220955570,0.021506609079448444,0.453996028166,0.46426366264669183,0.587652998813,0.5982338073658894
811100,computed,14.644302235333,14.611495754198543,0.023380580667,0.021583407505975313,0.527322785333,0.5398058311673702,0.495199791859,0.4859840872782433
811221,computed,14.046756369554,14.019210674080483,0.013598146668,0.013059742789911837,0.448663484752,0.432061214053609,0.239273348403,0.24961501309720194
821110,computed,15.410070736845,15.445300275677164,0.004512604942,0.015274575082116921,0.441302890067,0.4430139283237172,0.939486842320,0.9419509802695808
821191,computed,15.538323416951,15.567820207796217,-0.003274622349,0.004430621678843708,0.213882031902,0.1869190252151219,0.696666972774,0.7020283764736549
821192,computed,16.353813545228,16.389633487359575,0.001740062359,0.012490302548489226,0.343655027290,0.33540425070184304,0.540928257994,0.5493900642834143
821210,computed,15.161462281637,15.170386270515536,-0.018108823717,-0.023427645647945645,0.223470104929,0.23400121450916705,0.091666605371,0.0930972088300231
821220,computed,15.137049142164,15.160039450786309,-0.005647078468,-0.0014181463774063457,0.211215151036,0.20643090666175384,0.268714092003,0.27603711307426415
821290,computed,13.649345231843,13.502714627800597,0.111535337644,0.11944531896402341,1.178251577339,1.166243724156016,0.645197052226,0.6363918508279065
821300,computed,15.912505486990,15.905919249614312,0.001966648738,-4.963473366159996e-05,0.289649600505,0.30017179375914604,0.767930416543,0.7660699788637397
821410,computed,14.211830180210,14.192982724922578,-0.012425624207,-0.021975225715616196,0.465559763754,0.4523116550574991,0.843594100480,0.8407412715762945
821420,computed,15.531848376449,15.552371503577154,0.001840826617,0.007832357347256708,0.208465733685,0.20804503412533024,0.762492882845,0.7626392224611166
821490,computed,14.146505828276,14.175049132411932,-0.006726143740,-0.0013952235139799054,0.296241375611,0.29206881136985285,0.794735735235,0.7968672023305469
821510,computed,12.194086965448,12.258497040366972,-0.027581842219,-0.015346958675689784,0.910718764918,0.8857116012771279,0.627926138595,0.6289135135792726
821591,computed,11.996770785514,11.943930856313228,0.025660165359,0.020347452973493312,0.629695938536,0.6350589561529811,0.311514640180,0.3008275633281968
830110,computed,16.241936399650,16.24185500476259,0.000428607303,0.00040855289528571765,0.153305761431,0.15151116272882675,0.575103802943,0.5759749381878124
830130,computed,13.882689877914,13.88613109895003,0.001927472088,0.0037151802302764114,0.246935136756,0.2372582646967076,0.450677369586,0.4484824542596452
830140,computed,16.896716190876,16.8889121171604,0.011000964208,0.013005354328967933,0.170945614387,0.17214732411095768,0.298027745161,0.2964334286131134
830150,computed,11.939225797556,11.964244072934692,0.000483390522,0.00523476404534931,0.442108739346,0.4639550710082118,0.546567154077,0.5593457340251213
830160,computed,16.363865903025,16.353611511703814,0.011211382121,0.012714973464816655,0.188906391313,0.1883204244262643,0.396591513486,0.39399425675391214
830170,computed,13.941683403978,13.9090828649056,0.023260124637,0.025440966245973296,0.274398804125,0.2437317371312278,0.188621578961,0.1835195249674732
830242,computed,17.186153743628,17.198262827335817,0.005297200943,0.010426029386534702,0.153082344443,0.15246573481333023,0.484922349319,0.49034371319416886
830400,computed,15.140094863031,15.12626866706917,0.009343024638,0.009919220021320826,0.298705088932,0.2886570418173963,0.899540175276,0.8989258043221433
830510,computed,14.621700930496,14.661087465834342,-0.038179566996,-0.04326644996065281,0.490203311063,0.5004669627813445,0.820639734884,0.8365895344900627
830520,computed,15.619602439541,15.60929807828015,0.008152595685,0.009305196544909907,0.174955733231,0.15525284007030687,0.706761509605,0.7115657187702658
830590,computed,14.706431250605,14.714601854680161,-0.008400887924,-0.010229691271897975,0.315231195636,0.3181365730188717,0.910896788321,0.910657643856605
830610,computed,15.184608534482,15.226443027374945,-0.000909863329,0.013667828021095235,0.407658294076,0.3643989357839477,0.857403330147,0.8679015829095513
830621,computed,12.361519627652,12.387586664815004,-0.004462887270,-3.38776019591931e-05,0.346798425398,0.3552774661091536,0.534386429451,0.5519360225769343
830629,computed,17.559279209227,17.56992348790388,0.003717096042,0.008011123021011805,0.229038180514,0.23019662185954368,0.802040771397,0.8054149768336253
840290,computed,15.638336686578,15.694159672948226,-0.020471444286,-0.018736774923054585,1.308732910301,1.3503971126665568,0.388954436690,0.4199772676155241
840310,computed,12.587920591280,12.544175420233236,-0.122961873457,-0.21031774883436063,3.308327595941,3.466386404133395,0.014999348562,0.014269648504710306
840390,computed,13.972472720292,13.986190900038121,0.011787506626,0.01788003650674787,0.465997798821,0.48079168401928846,0.159746387491,0.163531050210516
840490,computed,13.681421492628,13.499440406937257,0.024056896771,0.02588288957592128,1.108804177944,1.0124456900392276,0.227232642736,0.19809889053087076
840510,computed,11.754911615626,11.82027440889745,0.093747033045,0.13926191547461383,1.469144637014,1.498016599314432,0.043159006996,0.04467948227115008
840590,computed,12.448248412507,12.483917063472877,0.111583373800,0.15243022336691756,2.709099190521,2.7598385896104456,0.284593187905,0.29781491415729544
840721,computed,16.179350652543,16.16834357625333,0.005682850874,0.004119285721429782,0.277690689110,0.2878686241006271,0.130351791652,0.1322185525651627
840729,computed,13.907493830434,13.88352460697102,0.009876865879,0.008421562538609999,0.484252781495,0.48211292809693657,0.170415738309,0.17067319099785558
840890,computed,15.991972031722,15.932340273035214,0.027735763229,0.024931988055469534,0.326215255232,0.3013076073786216,0.045367311875,0.04525651269940063
840910,computed,11.254118108578,11.326069798464882,-0.014679623419,0.002068305795819217,0.873767802204,0.870229949577378,0.013463874438,0.014479602182271827
841090,computed,14.237312863649,13.984062003271767,0.022382875745,-0.0025913949699479678,1.887332673760,1.8065816448905416,0.361714851887,0.3008295457824748
841191,computed,17.121425354384,17.11832749651186,0.001223623252,0.0007180305162018392,0.148835100334,0.15545817282853147,0.025823555775,0.026207413806944004
841199,computed,16.691261644412,16.722423240274583,-0.024392823148,-0.02526454037288033,0.268426560674,0.26317676741015356,0.073821259727,0.07479154668359533
841221,computed,16.386149180926,16.33884078374951,0.020085024809,0.017448935343257622,0.203439457695,0.1674856267463224,0.130926394093,0.12814318996673119
841229,computed,15.169200664674,15.127258392199492,0.027812094444,0.02771165476735005,0.365103509759,0.3621146333728949,0.065588493634,0.06554860589079045
841231,computed,14.764232160593,14.75251071552174,0.011427560735,0.01304275906960893,0.177892935280,0.17665705999800008,0.104823154297,0.10671209137111148
841239,computed,14.283066171712,14.238656662702327,0.025711959448,0.025637228511655605,0.275761303478,0.252396782203805,0.149374328834,0.15284349086420917
841280,computed,13.717955173366,13.716643784047477,0.007881796100,0.009703645195167634,0.300569317980,0.3103855761153729,0.094449614490,0.09506411936148684
841319,computed,14.367697440477,14.344379230200992,0.014983660763,0.014479628977367166,0.284767590186,0.287318213500668,0.101017562667,0.10155303477202401
841350,computed,16.651693634043,16.626237367033326,0.012399599685,0.010636763111962915,0.218532270511,0.21512324728668036,0.140116976939,0.13966509001458005
841360,computed,16.399120350126,16.370767031666983,0.011547326043,0.009566184788975075,0.197698157178,0.17923985657522354,0.135660987650,0.13290335486025986
841370,computed,17.194223031194,17.17171228086085,0.009046473121,0.00660836860540466,0.222305000882,0.2221833158242073,0.270555033214,0.2698393050966304
841381,computed,16.186173138552,16.189247457958263,0.007703887188,0.010907794788943766,0.217508402653,0.2258974508118737,0.277221418447,0.2941781113520544
841382,computed,10.979874799471,10.896907402588765,-0.045257207675,-0.10751437495752232,2.905028256261,3.0246567808936646,0.089866359037,0.08103280835888842
841391,computed,17.970615057256,17.950222222335704,0.014543249924,0.015135854210550135,0.154587578577,0.14556026164007047,0.284863262170,0.2880467075270117
841430,computed,17.224347521498,17.215470675813183,-0.005547944118,-0.011064422037293065,0.296788163014,0.30938010056919013,0.167349309791,0.1681579163906888
841451,computed,18.561912086290,18.5175674890655,0.003322633286,-0.006449398613013307,0.336157786988,0.32831129022113875,0.945924748210,0.9445652933711777
841590,computed,18.009789525928,17.983371741931666,0.011368541261,0.00921911452493812,0.205921875349,0.19972689137843286,0.194751795954,0.19620433823332395
841620,computed,12.894153652608,12.882532909154216,-0.005007444277,-0.01742561813472536,1.054334301366,1.0845275154010316,0.092556139850,0.09344399881956474
841690,computed,14.688254163102,14.704341797579817,-0.016703823977,-0.019555338710014875,0.284314423893,0.2946461751102205,0.262732085881,0.2671547196196424
841710,computed,13.260040269010,13.351763133180702,-0.049967844287,-0.10164104816129649,4.050720985816,4.266140089865577,0.094254331135,0.10019054636419465
841780,computed,13.196917501249,13.278128160459218,0.012178225246,0.030842791527629622,1.343990088823,1.3917157219229754,0.180534512058,0.18973314769441268
841790,computed,14.204990279008,14.173452986766126,-0.042062666748,-0.06082209022760119,1.003535704876,0.9844223929264176,0.111123565137,0.11087292820334692
841869,computed,17.417491683244,17.42208960981247,0.001086403200,0.002477597908232633,0.119806923676,0.1256191501125859,0.257420201095,0.2588382191650723
841911,computed,13.342141824826,13.23894582940062,0.015172463870,0.0038859995116096286,0.466675670838,0.3987531464492706,0.019399914305,0.01814461765676042
841919,computed,12.937296483204,12.94222442161834,0.009446018140,0.012833998518383719,0.387924374863,0.4025680486369402,0.013057092767,0.013542790258277138
841920,not_candidate,10.699435596327,,0.249641998503,,4.125813852797,,0.002910165675,
841932,computed,11.347319829231,11.284363897292435,0.016750024378,0.0041892555817209295,1.423087494503,1.426814287774061,0.047536518720,0.044115947637791655
841939,computed,14.603037062019,14.612901981381324,0.030924797917,0.04264885791016057,0.667088871503,0.6831488421734154,0.138991872507,0.13883523506749418
841940,computed,13.796402501122,13.635223806472212,0.039039667878,0.022710655173844182,1.110225279557,1.0174715218252384,0.084148128874,0.07008920006883541
841950,computed,16.526163850840,16.498805675037634,0.021840273535,0.02162885338354104,0.439770853453,0.45019192910413147,0.145966074551,0.14266940911734674
841981,computed,16.443550830932,16.44234385674059,0.008764350675,0.011530699076559894,0.171112487081,0.17783447142357187,0.190148167424,0.19404766922393563
841990,computed,16.446358499322,16.424367757780878,0.001599770313,-0.0034175181653480044,0.221465189793,0.21698097269390895,0.177858412369,0.17530279487658082
842091,computed,10.610412655960,10.662474690651614,-0.044148667986,-0.06495214633795171,2.148501777728,2.2723777966799945,0.015099595414,0.01543969939824688
842112,not_candidate,10.396520300516,,0.116826923386,,3.948846441543,,0.222919230367,
842119,computed,14.235623017372,14.19442638350069,0.026140466230,0.02487933689727825,0.467461596548,0.4696221522553524,0.076003867766,0.07408304919845021
842121,computed,17.125202163204,17.104903780868824,0.010874881182,0.010005121414827121,0.173547232684,0.1708382427141698,0.289948791512,0.2895165400335079
842122,computed,11.993911454651,12.034486488341493,0.015831875230,0.03056816536632545,0.814145779276,0.8402839486121866,0.031302942293,0.03298413197815646
842129,computed,15.863519173493,15.834459802005137,0.006936553837,0.002851923982353354,0.209679592281,0.19288712326708993,0.094497955816,0.0936995167637163
842139,computed,17.028296729509,17.003899287567947,0.017365548939,0.01782274436410772,0.207204610033,0.20520869635978134,0.101167856522,0.10031889730283418
842199,computed,16.988556795070,16.983124059625233,0.008852879290,0.010552571748626489,0.156599082135,0.1622717023751584,0.206508722085,0.2082785224457486
842211,computed,16.144773306345,16.12033344522797,0.022756626352,0.025394834664220406,0.362910269371,0.3564382137412518,0.325614813847,0.32384779216956155
842219,computed,11.824032905008,11.864670314401657,0.024502682489,0.044376679269763554,0.799807228709,0.8130551494879906,0.023432905275,0.02434601272256792
842220,computed,12.283405903464,12.344348534441862,0.040631368171,0.05852385149642278,1.269650861458,1.307302856019909,0.041612905152,0.0467948508261477
842230,computed,16.197456339372,16.206106552935864,0.010803701010,0.016452998078784156,0.269271968768,0.2820652671145864,0.111571658179,0.11503158788196496
842240,computed,14.826572829304,14.778744254479319,0.019074714357,0.015581467048192353,0.301730225612,0.27938738567737226,0.035470402863,0.03466787382594708
842310,computed,16.416429358309,16.43727777966797,-0.001109078762,0.0038676975711631045,0.201382460366,0.19976181893019232,0.950433702444,0.9531343858676785
842330,computed,13.520276593346,13.508533738454078,0.006333218695,0.00443785035246544,0.348220994017,0.36372962094476596,0.088630283039,0.08979615388553475
842382,computed,14.676855146797,14.692499965436149,-0.010647022466,-0.010864818586054306,0.181535643855,0.18057359710872845,0.166222334241,0.17062210211734125
842410,computed,12.871322212276,12.90050371309283,0.041154650738,0.06106345643671912,0.883363371410,0.8964548702727346,0.036277655124,0.03941396181867936
842511,computed,14.447032083514,14.490380628957022,-0.022790511289,-0.018245441768637197,0.306415526703,0.2745110465126359,0.184470371235,0.19037396680910668
842539,computed,14.843150270517,14.84064742979742,0.010569574215,0.013420314059110008,0.211423207865,0.21982016695234358,0.250114823307,0.25558767706440866
842619,computed,15.781963555793,15.626201674491105,0.026643680249,0.0038653493390772443,1.906812616157,1.8408776285697204,0.293900190060,0.29006825708624495
842699,computed,14.123382479892,12.489942750117216,0.137338699747,0.11134065422861845,3.493602849285,3.4548495690418264,0.284442445530,0.0720392703746588
842710,computed,15.762452115821,15.7339280590303,0.012783651837,0.010854207672744014,0.248192190992,0.23459695484661414,0.103016751326,0.10367179479966089
842720,computed,16.277075468457,16.250135058530315,0.014908079527,0.013703734939285473,0.263050242452,0.2583307654892507,0.088781792898,0.09208436686908751
842810,computed,12.756484234039,12.759833303620704,0.034598204222,0.0419832355693572,0.743811415142,0.7798131694920223,0.025208494806,0.025503543680663297
842820,computed,13.107150732418,13.021273728597148,0.005618775710,-0.010156332055161916,1.165250885761,1.1381945738334223,0.045688235786,0.043296990718660736
842832,computed,11.655000771433,11.700354469340445,-0.041047187379,-0.046162138348886994,0.867339420555,0.8865854481047468,0.140812191885,0.15118529765104152
842833,computed,13.979649503837,13.830611084342214,0.067151124160,0.06377721908684099,0.911066641727,0.8600592984436254,0.032331393837,0.029739888377706924
842839,computed,15.182342912046,15.169427377928073,0.036039524214,0.04183098274730039,0.662297135210,0.6900998797248235,0.062090689688,0.062341778500901064
842890,computed,16.487090956251,16.482260487796975,0.009165528518,0.011435154027594555,0.180483067203,0.18535533355194594,0.066921726260,0.06807489900811396
842911,not_candidate,12.626285933872,,0.023588698311,,4.761823214296,,0.013567664073,
842940,computed,15.186109149677,15.132446761108007,0.016694936039,0.0106865146757738,0.362042289661,0.34436155198734186,0.131194777945,0.13199234204596486
842951,computed,15.366580883613,15.304552686023214,0.081984966520,0.09059542764511541,1.000156188103,1.0160472745617082,0.034586437640,0.03362798341614087
842952,computed,15.816230054713,15.700024724250552,0.063008875891,0.06286939515430938,0.693453324477,0.6578528784346034,0.030138363681,0.028148184995468235
842959,computed,12.775372719080,12.80237942802186,-0.004067853619,-0.007366616466168569,0.953788427167,0.9951715068179254,0.016383291625,0.017924389860974006
843010,computed,13.096190809876,13.108669894305004,-0.016907625626,-0.018629453187010724,0.808664943734,0.8068765593596181,0.114716327065,0.11575686329557798
843020,computed,15.078385615677,15.184843978637897,0.002641846364,0.0803827244948422,2.508423884564,2.4425811331263887,0.327630367740,0.3362144932421538
843039,computed,11.994143136321,11.778341281730164,0.147443385813,0.13938960108496604,4.217326843670,4.371584515964741,0.020128789589,0.018240739536158818
843061,computed,12.270477698710,12.218076084374163,0.057362428782,0.06550279865125275,0.617242807480,0.6147635024349426,0.097511878690,0.10320357185208023
843069,computed,12.836029636924,12.863593445576981,0.031715322164,0.052672148265267726,0.773673279433,0.7553100199998618,0.045356263333,0.04805862879742083
843110,computed,15.829472349483,15.8158427323146,0.006924298877,0.0060812240118823,0.123775612745,0.12156178029642621,0.276601905638,0.27275463306499054
843120,computed,17.037557134132,16.998441212825625,0.020518018545,0.01936702775689257,0.205133112669,0.18289542963624103,0.298183188164,0.2983041784460143
843131,computed,15.925084256067,15.907711319837885,0.009724969581,0.008899203394375296,0.205263827763,0.2031986692204589,0.268942328902,0.26608067489604414
843139,computed,16.568252904537,16.52976934074655,0.020790093703,0.019843679422936432,0.223399065108,0.20376738202231617,0.124191616806,0.12402878564348643
843141,computed,15.464899990718,15.370073392557954,0.037646909236,0.033135525587755614,0.375341398270,0.31652818796323834,0.233950673564,0.22101700587918735
843142,computed,12.380891558784,12.342705617511594,0.036865819877,0.040257676790540035,0.619487460654,0.6253578583407873,0.057566235252,0.058554785258805905
843143,computed,16.317513754104,16.194057482224284,0.060387776389,0.05948323048040051,0.546438997182,0.4895189825761372,0.186216019058,0.17139878620093757
843149,computed,17.772845239969,17.734695449596483,0.021978436661,0.021523190736968276,0.216519233138,0.19842630054566202,0.206358668250,0.205338057112047
843210,computed,11.388691407524,11.224051400326662,0.136254952457,0.14023264233200794,2.358414096037,2.4182469796697825,0.107725078260,0.09499952028352
843221,computed,10.787473079773,10.806833320269241,-0.012453026097,-0.01454699221517234,0.768433002070,0.7938577269811363,0.024321148785,0.027217825941649534
843280,computed,13.113698288550,13.100378785199306,0.026276699095,0.029090355043409344,0.636504455137,0.6610171299470976,0.077200280385,0.07993810643830764
843290,computed,15.377573984718,15.370052759871788,0.006817655292,0.007302924674143819,0.180613850475,0.18614291270576738,0.216763018877,0.2214746876049823
843311,computed,16.635380453381,16.538187561365714,0.033191504129,0.022504904257451865,0.699029834669,0.6780502417644728,0.458177252783,0.4478846515548067
843319,computed,14.422104557487,14.32924993263217,0.019565910307,0.008566960540282753,0.582711188269,0.5466124883651057,0.709005232184,0.7012243129560203
843320,computed,12.912289475948,12.85544033749249,0.012807364865,0.0042025551272884005,0.491500879875,0.4804068183200715,0.026882826609,0.026188350785840996
843351,computed,13.829767885797,13.831290966702404,0.003782729364,0.001437086463147934,0.606189302636,0.6319217187862887,0.108965414325,0.11673774802339514
843490,computed,13.358329688747,13.337972461929755,0.014938927477,0.015231618133577252,0.500042233058,0.5029107109045943,0.093662177902,0.09353332539583627
843510,computed,12.378262880955,12.334470088690958,0.006585691349,-0.0014841307722486114,0.485234781910,0.47921589397538894,0.114387666038,0.10713757945100734
843590,computed,11.615816865906,11.599812859915428,0.010313931875,0.018851304683033546,1.012904000427,0.9664830516855818,0.152462193799,0.15098644788785634
843610,computed,11.891297184378,11.647451987288912,0.041273146328,0.025587308286508445,2.606152890114,2.60213621681635,0.030605422929,0.024402511712973605
843621,computed,12.330039281881,12.31332625277423,0.044386749896,0.05185079220864979,0.680418381925,0.7092233417289459,0.342614988478,0.3305774457631298
843629,computed,11.217818192676,11.236375558367417,0.049492382435,0.06525508152890401,0.937581839141,0.9888600420586211,0.006997954161,0.006944537359608289
843680,computed,14.793885461004,14.742364913168142,0.018983470509,0.014453496414554137,0.316874272487,0.2984992067666856,0.079360454908,0.07697786768252411
843691,computed,13.259089532027,13.307774835021316,-0.011381392399,-0.005882085687691795,0.622683083370,0.6458723217472759,0.078920010372,0.08324687281286289
843699,computed,15.020289192694,14.985832301785415,0.016033340892,0.012781589912776423,0.363973184062,0.3654909572110194,0.191276690753,0.1893356197707986
843710,computed,12.736772090813,12.76146700830258,0.009335619748,0.014847478908337146,1.079100755753,1.1256821360886766,0.124159134251,0.13131688359062388
843780,computed,12.353598523331,12.35899377856569,-0.108877561676,-0.16518018592866,2.723365800104,2.8421102316451146,0.101619146896,0.10509418493167709
843790,computed,13.971234088882,13.941885805389278,-0.013643594665,-0.024937567026705597,0.321508888390,0.2995654257433631,0.233716007130,0.22220589245219316
843810,computed,13.779503211586,13.82841786072158,-0.001780382127,0.0061640980854605195,0.714004676870,0.7347442043078986,0.047237163081,0.050018309336284
843820,computed,11.891556732914,11.80684773834442,0.036088016897,0.029380614130039298,0.994921954992,0.9917222102482289,0.019400020051,0.016902387670773986
843840,computed,14.390828798797,14.392762072107772,0.006873571046,0.008944892140588056,0.285564322851,0.2988892839788082,0.242015532032,0.24196905677252067
843850,computed,13.637816869154,13.653107187400169,0.027674640622,0.03525529691646849,0.646892918090,0.6831430256692421,0.054406955930,0.05531635580899573
843860,computed,12.004748575746,12.015097446050225,0.012453224600,0.018193905943929112,0.678207751714,0.6983358104337529,0.028662149254,0.030815686148824763
843880,computed,14.839702625911,14.808447894080071,0.012738923488,0.010035965409929792,0.268307937795,0.2575156088303052,0.107450330259,0.10339133973370968
843991,computed,13.522029774403,13.537248744447679,0.030696973752,0.037422919982686056,0.804986155512,0.8414672434785095,0.093539470011,0.0957794247760677
843999,computed,14.244269487522,14.227663763624548,0.017363974821,0.019501554133939163,0.546068917855,0.5398536087723217,0.073099409718,0.0737975115881042
844010,computed,12.869422681654,12.874970776168972,0.012857125903,0.017640535166807875,0.458425622017,0.47053559438935877,0.046663877549,0.04802439973030911
844090,computed,10.734581686046,10.720850028794718,0.034663803378,0.04084605476143749,0.625695539822,0.6421625395676004,0.016167369830,0.016062220240020197
844130,computed,14.362211184869,14.296996688131129,0.042508421066,0.03764441099533614,1.159336637216,1.1878155548774196,0.082774241924,0.07955878334696859
844140,computed,12.304331608194,12.36962770152499,-0.104596964113,-0.049827591883680966,3.845004077334,3.4171222104317116,0.213751696343,0.22460130460257946
844180,computed,13.612603490121,13.586710703346546,0.044788102714,0.050954563721046106,0.754518991001,0.7743827687335014,0.051035099634,0.04922800006632074
844190,computed,14.469876655616,14.471638999246037,0.007733595909,0.011009101991135676,0.264298946119,0.2607046401606284,0.104967916635,0.1060058230713053
844230,computed,13.909550307289,13.93633794632582,-0.025029453812,-0.03005991583715316,0.556664644246,0.5805453842427193,0.288010353503,0.29322720149220355
844240,computed,13.391328724479,13.387960104139571,0.016532345187,0.020420080088157797,0.378601332612,0.39717325389801933,0.295185537879,0.2968650774147359
844331,computed,19.092454597558,19.10266769906639,-0.002336633834,-0.0006561123736805231,0.158494998810,0.15244172369252387,0.529754928278,0.5324993240942563
844332,computed,18.133002922066,18.14769637679962,-0.006089750222,-0.004514512928140929,0.118838933591,0.10716646102773812,0.415955028750,0.4180820962579104
844400,computed,12.385043047495,12.30143142555209,0.104885723392,0.059741193510378966,4.243887615517,4.3578433404359895,0.064102030138,0.06074744892397379
844712,computed,10.796343053398,10.686991230081881,0.080288050389,0.15819480033773714,3.810043062507,3.514060863516251,0.051806452788,0.04581918055418812
844720,computed,11.994337690406,12.022944378817868,0.000381336445,0.0820089393165835,3.216109490944,2.6312154775020407,0.099228622369,0.10909498400920972
844790,computed,14.112083890922,14.057618768684708,-0.002378348589,-0.014530914664068384,0.388055942481,0.36359234712656946,0.139527528875,0.1351655585944605
844819,computed,11.738681325370,11.809887517974198,0.086169631873,0.09611272365758375,3.621746131830,3.8181627226686525,0.089127824465,0.09507873348715482
844820,computed,11.118699034633,11.10212325522354,0.073001704732,0.0853894340243147,1.145730656894,1.1872350463014414,0.028046456915,0.029393135620477844
844831,computed,10.084343956057,10.116818501973638,-0.099932849912,-0.17281808354474296,3.585058387724,3.770163235572982,0.040444590663,0.04211456500181741
844832,computed,11.456139436147,11.496385586040004,-0.002155928118,0.007155016750366752,0.656801484234,0.6610440411263359,0.103124717947,0.10765997331280265
844839,computed,13.588768600490,13.519477145847677,0.078957996241,0.07968660475995935,1.163393255328,1.170604416277885,0.188869193906,0.1789929614259812
844842,computed,10.206089662162,10.226849498358,-0.010127944111,-0.02804771987773747,2.028182081845,2.1382379893762318,0.089239129520,0.08962353703694925
844849,computed,12.487189160075,12.47707171191118,0.022624807012,0.027546621175412574,0.424523795507,0.43954679528944146,0.057063076884,0.05683230368892902
844859,computed,11.984518778274,11.897282170551762,0.015018776137,0.004383279728995433,0.376266958964,0.32209101760110287,0.056361397095,0.05278696967174726
844900,computed,12.770368205149,12.801045182238465,-0.007137841470,-0.005351965595471653,1.297743115412,1.30190792294817,0.034514974283,0.037094812362570305
845012,not_candidate,11.099459643235,,0.065077652072,,4.294766804942,,0.877731214157,
845019,computed,12.380419674034,12.349615224924575,0.013859227875,0.009951214660116114,0.497064197857,0.5036676561879726,0.902861106771,0.8938970403949654
845210,computed,15.837259589853,15.859122530058357,-0.012136454335,-0.012976103462696235,0.421904260077,0.4425658008368929,0.355419499353,0.3588712521436515
845221,computed,14.618441184452,14.595406972182928,-0.000498274401,-0.006704360183500812,0.282745559763,0.28139299059935136,0.276884128075,0.2752723321090595
845230,computed,9.818755707101,9.799557637013397,0.075837506113,0.1374372269751258,3.810805962462,3.6382632734975844,0.018152554758,0.017773599557817977
845290,computed,14.426400310051,14.417479447237893,0.009759482749,0.010793678797964891,0.217881541942,0.22659445445423754,0.310739753452,0.31057260129023595
845320,computed,10.673325143745,10.696275557074786,-0.081640008274,-0.11344728339960224,2.094956837776,2.195518792885073,0.089341185512,0.09120612734496139
845380,computed,10.689700232480,10.643706388507805,0.000746763974,-0.011935284988500909,0.676354713854,0.6851693553264391,0.206048131145,0.2010255799337893
845390,computed,,10.603041091567274,,-0.01750908217188181,,3.924061770566644,,0.046214910119056186
845410,computed,9.904344082162,9.92823269657972,-0.047865006485,-0.07255790247580708,1.900412089492,2.007446929190052,0.138497412306,0.13416567762852358
845430,computed,13.169528839866,13.17754268453128,-0.008714354350,-0.02169681065871392,1.059849203241,1.1040393801840693,0.065803020266,0.06363829541545958
845490,computed,14.899108894617,14.904652347820894,-0.000353152104,-0.0002469232987393228,0.354264981070,0.36029905038837573,0.131496591223,0.1340497410302486
845522,computed,12.863542977748,12.775098198263194,0.015902702419,0.0139193972787524,0.667862205476,0.6226764349998145,0.155873409972,0.17334989836978376
845530,computed,14.444757046115,14.489249985947062,-0.023901998038,-0.01992323809344321,0.346744818015,0.32657930124062373,0.149200321238,0.15848815088498028
845630,computed,14.767927884269,14.732483518605914,0.013296813186,0.008896891027699616,0.449889627759,0.4545603141704457,0.207862726476,0.2025626201136698
845710,computed,13.289354048916,13.255047286015701,0.007541573198,-0.00017508380401120023,0.698580175982,0.704725057155056,0.005945357142,0.00592453592969906
845811,computed,14.684794721702,14.60347209612833,0.035553113742,0.029831677464721693,0.680423290530,0.6676987241714929,0.042533817377,0.04080701360711604
845819,computed,13.902976604565,13.916807675343746,0.001956735544,0.005766850972071862,0.268827676054,0.2794259459357247,0.209902919561,0.21102316867756638
845891,computed,13.772439376435,13.663471723543985,0.128633202935,0.10948581434084287,4.348722886684,4.5194987896484164,0.080804336611,0.07466628242260691
845899,computed,11.836709915502,11.889256947103275,-0.012285667459,-0.0040430475855714925,0.743115051071,0.7686006599282421,0.154435629098,0.1669803064209706
845961,computed,12.615445396205,12.614178494579974,0.005810038490,0.0108044440449639,0.444934718923,0.4084468931909776,0.031087019354,0.032053343005979826
845969,computed,13.080107956594,13.071574652056682,0.011707267163,0.01210160601393466,0.531083827706,0.5417594354470924,0.171192773544,0.1687560393020167
845970,computed,11.284571812898,11.310210287816552,0.045633510694,0.04619700357975949,2.967880134990,3.1289696877639153,0.065063363281,0.06948363421223114
846040,computed,11.803676873910,11.902467027790504,0.062843781865,0.18666777683834926,4.139060440114,3.932667200977056,0.052855758448,0.05744085167217015
846090,computed,14.064438512528,14.064740931495518,0.005351177382,0.006843722951956596,0.329365304806,0.3356704225055242,0.227297354653,0.2230090677295424
846190,computed,11.267825382166,11.22563972422507,0.052307400329,0.057114234684754066,0.932514084852,0.96279992768214,0.038508680698,0.03606595123443269
846210,computed,14.359073295711,14.209110163987518,0.040527207031,0.010657520084456952,1.094151784227,1.0067307473760794,0.099059996052,0.08688992062663912
846221,computed,13.455614668799,13.486384021657367,0.038146364824,0.04140521648899069,2.587279097856,2.7306201481914054,0.032052557874,0.033138322969037015
846229,computed,14.373724121864,14.378998465931195,-0.004360598981,-0.006169811110849233,0.378963464275,0.3880114351605843,0.099252795273,0.10109295822413927
846239,computed,13.020781537306,13.013279700057485,0.002085812555,0.00022940004670446337,0.280962856189,0.28704756442123386,0.167481723549,0.16809267316589765
846249,computed,12.655530660326,12.587637743522288,0.052752401273,0.04831548473660819,0.993587404246,0.9822370605895451,0.116596718705,0.11446327527543843
846291,computed,13.665419477377,13.555715041437011,0.045245809104,0.03532147887787415,0.759399014888,0.7247028159084189,0.084590060781,0.08032480256665502
846299,computed,12.873049754059,12.854923654561224,0.014782869937,0.014347546902814258,0.557318328510,0.5664711561734022,0.041834544845,0.04197257521209531
846310,computed,11.712767353117,11.58803828923378,0.078573775175,0.06614275468500767,3.128953890045,3.23220369722755,0.059238022395,0.05213258118131055
846330,computed,12.462560793449,12.41319328204217,0.028170352421,0.021986816921653378,1.246337673681,1.2639677920178973,0.044299410077,0.041179270803953616
846390,computed,12.775142518691,12.763035687274384,0.003219079601,0.0023468043837199843,0.389822849755,0.3887848475219459,0.043581392979,0.04284197281738651
846420,computed,13.998235654015,13.993430679818555,0.010202634788,0.013513373820211592,0.280644220831,0.2668308497666745,0.161924992430,0.1667165507546591
846490,computed,14.165494619513,14.158595197569282,0.002217084925,0.0003427431290415611,0.262726297769,0.27522737708076467,0.162770038074,0.16086811488141434
846510,computed,12.486936874041,12.54026329779971,0.090522892069,0.10343421407706714,3.385853220838,3.5695926216304006,0.036161398985,0.03949554338616585
846592,computed,14.822910583026,14.801823928369151,0.023644156609,0.027019714919929803,0.258159703171,0.26134637359372187,0.222731170456,0.2201664889881075
846593,computed,14.365732529326,14.360042249684863,0.026458037984,0.03391161865043355,0.327962349770,0.3440317249948917,0.199898584865,0.20350856356761368
846594,computed,12.260362437311,12.238050848756487,0.008911480400,0.0062048442953069865,2.479268920020,2.5747426341650703,0.030479361182,0.03064140372888778
846596,computed,15.194350479522,15.21083775948392,0.030597715784,0.04206688507178936,0.608845056929,0.6435704505527922,0.729155971124,0.7369672562789831
846610,computed,16.737438411696,16.72836267291893,0.016674728260,0.019067170692869315,0.377863590073,0.3928872384856854,0.309700098632,0.3114007946831848
846620,computed,14.635599334590,14.648465382196195,0.006718585432,0.011792345607283268,0.279831621441,0.29205125312058755,0.100333658649,0.10155890171064252
846692,computed,14.933875878378,14.909948054558717,0.035295106152,0.04142800503909829,0.416173129824,0.42642567553557686,0.167297211686,0.16746978515403
846694,computed,14.650391648336,14.649156817174422,0.015281428665,0.02036115910528633,0.289435133906,0.29901057912851925,0.062054031252,0.0625940279502483
846711,computed,15.529010553803,15.527168901145807,0.003349488243,0.003917554805709538,0.199325931196,0.20804130504876542,0.308860768328,0.31184560724606025
846721,computed,17.583746464173,17.589570174956723,0.005287635890,0.008172231981710376,0.225318963342,0.23801819737557192,0.785958985846,0.7810337759472674
846722,computed,17.798775394647,17.79863111018795,0.008748998570,0.01172897171126081,0.156093064763,0.1643705194130914,0.848491682006,0.8476351666518958
846729,computed,18.841873387120,18.807822042558726,0.011095243723,0.007724862336260845,0.185290868989,0.16522564732351408,0.700330390340,0.6972922337245231
846781,computed,15.149745287578,15.143874709749124,-0.007533547917,-0.012428258113291702,0.239287286692,0.24645966160069324,0.171401559272,0.17400216016274828
846789,computed,16.256263919312,16.205926510669986,0.006016735701,-0.0039895418263464315,0.361658892738,0.3511689212780022,0.241767350081,0.23507553222196326
846791,computed,14.492156213486,14.495723060472036,0.002252769701,0.0036506141889661053,0.198290150570,0.2057567287920224,0.346025718447,0.3484596604688522
846792,computed,14.509674927908,14.52378453788227,0.008406005223,0.014805853652070914,0.249464191156,0.25660142580940953,0.156800100337,0.15746618875016258
846810,computed,12.993657211327,12.947663593274704,0.019888319179,0.015888521461770343,0.394597180565,0.38844513476996345,0.166858877241,0.16439212367756723
847050,computed,16.782372073830,16.77494772260838,-0.006575440712,-0.011669379600063035,0.267088777453,0.27664381386977765,0.399455305783,0.3999092325157175
847130,computed,21.796148125954,21.792373874715153,0.006392410466,0.007410953129172282,0.183788993748,0.1918497022119923,0.934010655393,0.9327370938951498
847141,computed,18.295637043520,18.30157976326477,0.008268581241,0.012338413120708241,0.241767969363,0.2527218919583803,0.685249650859,0.6878692114915923
847149,computed,18.770253549062,18.75733452618109,0.013183500904,0.014587268008358635,0.199325191470,0.2046044362744729,0.650658002650,0.6498005015960859
847410,computed,13.733555367488,13.738355302585164,-0.012553829211,-0.019065771628328336,0.446478646817,0.4719591423039366,0.043740306200,0.04615643945481508
847420,computed,14.238648530978,14.221631553495351,0.010058222136,0.005024315466863213,0.694959181499,0.7124061325880005,0.072052631422,0.07322478704760753
847431,computed,14.147141315190,14.12894980748861,0.008471965749,0.006245630998554012,0.338253658278,0.34255050197172376,0.266029317275,0.2743210806483728
847439,computed,12.309498549654,12.308772065920317,0.001183347856,0.004428579558317893,0.886475043611,0.8613475842745283,0.104976607632,0.12497229957088571
847480,computed,12.710136147252,12.71773933857514,-0.013687238797,-0.013081577516123,0.876395761040,0.856184104864169,0.039546403012,0.040779457443040006
847490,computed,16.245628051940,16.2269804210527,0.013170363369,0.013472235154724291,0.157297860755,0.1542021039736179,0.224451309188,0.22243599497703323
847590,computed,13.953358285591,13.931075991257991,0.014736242515,0.013725096543742987,0.633865580465,0.6379061161357777,0.075029376324,0.07574259319241057
847689,computed,13.745374792243,13.627946761534158,0.043524627653,0.032940375204572915,0.771076964153,0.7412458829782334,0.293177345963,0.3008373043373747
847710,computed,16.280304743841,16.261517999577396,0.020932954954,0.023711670144409905,0.337552937558,0.3405164978655688,0.166272215420,0.16569112728287716
847720,computed,13.504181617894,13.471684579509832,0.016278176337,0.016796513677193165,0.834109048752,0.8412278159050126,0.052920194431,0.05194870782065018
847730,computed,13.394691471597,13.326865827205419,0.088006020502,0.07806268924358802,2.757287567409,2.864630269099658,0.035358030749,0.03358287060860689
847740,computed,12.035289437639,12.02485117572627,0.055520428834,0.017132918385876612,3.798368095116,3.9502253986814746,0.024823711976,0.025664306383168238
847751,computed,14.385792432829,14.392441698047046,0.210573130858,0.279269154286983,3.867083517710,4.02807288015625,0.229561481755,0.2180734882587243
847780,computed,15.548481118489,15.524787714155666,0.036381635589,0.042654260444129635,0.422692783816,0.4359707347393196,0.150960570832,0.14688101780110124
847790,computed,16.257000848621,16.248212837192284,0.017993733613,0.021770763648356936,0.248848851143,0.2597939285748389,0.109206355748,0.10965385092001327
847810,computed,13.279465559330,13.275011038154215,0.003629481875,0.003771398509474019,0.249980059774,0.2453654118052075,0.174096102528,0.17859744394349014
847910,computed,13.169090725776,13.125250283201947,0.018294459241,0.012013933284275196,0.569172342994,0.5789497543901039,0.019364212480,0.019311456807057686
847920,computed,13.101474509328,13.051925561388757,-0.029290499395,0.038204650900747913,3.412585164681,2.6809209908161087,0.230162020323,0.23326716793415975
847940,computed,13.247871531829,13.258045906597742,0.007760364773,0.016787031335222816,0.877086686977,0.8628680679641129,0.122848876581,0.11942782299091738
847950,computed,14.110922650815,14.06609323567504,0.011300698756,0.003858427560580404,0.406577124393,0.4034229860124525,0.043248290527,0.04285020998192811
847981,computed,13.423942794920,13.384244448229495,0.026960473131,0.016855923839537882,1.036061096848,1.0651097869948787,0.079293141884,0.07734904743704858
847982,computed,14.974225054800,14.928662869892955,0.021858939720,0.019987466611472875,0.285570381087,0.2640632973297349,0.086553212392,0.08495392298065815
848020,computed,13.233673956275,13.075583122782003,0.044246117438,0.035022263216357395,0.515210250674,0.4169260190268867,0.339939273239,0.3013749765238519
848030,computed,11.902251612559,11.898957323707632,-0.001483076280,-0.003247932162706555,0.812692480628,0.821049633821556,0.077892265323,0.08051482965224428
848041,computed,14.416668840600,14.422843281303885,0.010336078525,0.015010478248045266,0.269466659939,0.28256292981188297,0.187426904521,0.1859750484704422
848049,computed,13.761813542106,13.707113213584112,0.023659711805,0.01690596389596407,0.572146741751,0.5722196980812508,0.197663361927,0.19891486318141136
848050,computed,13.963131730426,13.962513943439713,0.004216089815,0.005153749454665481,0.191524132253,0.1989478769958054,0.237477807487,0.23532860428043897
848060,computed,14.059690133842,14.0181786803174,0.025211412790,0.02203837841216152,0.588683403004,0.596881763803985,0.099614690904,0.09750665727006756
848071,computed,17.330911532525,17.315423002711327,0.020555864480,0.0245829446732371,0.258901490077,0.26112847711548937,0.222924362535,0.22255998691713044
848110,computed,15.434119651771,15.4333185967979,0.002197580617,0.002706520270957421,0.158477647158,0.1592750930543487,0.170807263988,0.1743232781571514
848120,computed,15.520898896612,15.486647352999064,0.031731636834,0.03527133521829491,0.302754444724,0.2986427035611599,0.042491760257,0.04206845717574626
848140,computed,14.857816961781,14.850101101344878,0.014681234578,0.01774238761368438,0.249910159478,0.2559204071720881,0.089918264872,0.09126594701421455
848220,computed,15.764933785086,15.74933408355477,0.010298316055,0.010347234367792595,0.192566475456,0.18536766432171795,0.186090407348,0.18940584275048858
848230,computed,14.656737659066,14.625087499943577,0.016358667826,0.014874396872093593,0.232799352620,0.22614289191181317,0.166001040210,0.16356608099253547
848240,computed,14.690624505376,14.691589749978448,0.003771397150,0.005446847996545468,0.123977480087,0.11915124438430999,0.207747409508,0.20981385524046262
848250,computed,14.733883135087,14.686645865070094,0.019816591403,0.016829514033894946,0.216541649597,0.1863055140102456,0.090393698043,0.08771370009331639
848280,computed,12.535265619979,12.508247173956201,0.019980790120,0.01976612030230689,0.376109242246,0.3826282870688579,0.124436304441,0.11893535198516816
848291,computed,14.388787599658,14.356214148865986,0.007116834166,0.001988587817128622,0.205895162255,0.19203830040144432,0.274694077764,0.27336021238943425
848299,computed,15.680080063796,15.663140063709736,0.013034932625,0.013892824406812321,0.157323238691,0.14683740726483727,0.159561415623,0.16033811705332052
848410,computed,14.900619557468,14.873385183492035,0.021585993113,0.02405121588289588,0.297114809499,0.27905134999903064,0.134708805517,0.13219978863191456
848420,computed,14.169776934667,14.105845732825282,0.029093618302,0.02664264480730287,0.282933063836,0.2449376781074841,0.076527275930,0.07453101690520947
848490,computed,13.345816177448,13.364369687629106,-0.004720382034,-0.001943249421889735,0.294851284055,0.29716658166921583,0.072148932369,0.07423189176481644
848710,computed,12.548915311357,12.580087042352147,-0.029603240763,-0.03167296646920045,0.526225214164,0.5150218396794851,0.045773863080,0.047334041975800135
848790,computed,15.045834743023,15.021467258450807,0.013839386481,0.013278871007330773,0.182456663464,0.17338641859789436,0.120194576535,0.11985610264308708
850151,computed,16.224847674227,16.243012011201532,-0.013605340838,-0.013785425497418843,0.208729012708,0.20441591150616195,0.216041125012,0.2189441086158764
850162,computed,14.499669969260,14.437859254382934,0.023950769935,0.019514175963008428,0.410555869353,0.3915158750470306,0.155515669251,0.1738419295241684
850163,computed,13.682462319538,13.654567309505788,0.043225907999,0.054616846156246054,0.805364268209,0.8103154495074283,0.277300199904,0.2697807901216373
850164,computed,15.339866000523,15.395475802293333,-0.019584889453,-0.0080901476190068,0.536505970873,0.49911419818621794,0.147390572789,0.1509243859983333
850211,computed,14.467666961801,14.44699297137683,0.002758414996,-0.0024714181484017167,0.687292365383,0.6939970555426567,0.224528169926,0.22935450416136788
850212,computed,13.528691699043,13.501197731836939,0.061790846675,0.07483073239799769,1.068936779687,1.0724143194789961,0.209539909593,0.214271640450201
850213,computed,12.467618007149,12.354058206158479,0.085245304121,0.059133840439056465,3.885207452873,4.036346476473518,0.059174514084,0.05555829946924068
850231,computed,14.948892454771,15.056945807222695,0.001147349714,0.06150186826883383,2.058296531758,2.0461300901536776,0.234949492844,0.2661468661965182
850239,computed,12.314404415052,12.15690522751715,0.039399006247,0.029103854895710456,1.044178105107,1.0152729650289671,0.018036836084,0.014892974884524087
850240,computed,11.028687489152,10.486724352568709,0.019882896888,-0.012611690821288771,1.049631934895,0.8715245269833802,0.025524145515,0.014976302168758546
850410,computed,16.490941426613,16.524937582604686,-0.010973542668,-0.005044476340034367,0.215772470347,0.17693008597741428,0.434747995083,0.4398007405334304
850421,computed,12.043768094674,12.01575481899993,0.064048872258,0.07354596440028387,0.881960656967,0.9061805799422838,0.007976064308,0.0078099565816379096
850423,computed,14.531263229258,14.560745518186286,0.083124729841,0.06454237785067757,5.105648048238,5.365285864511934,0.027206696673,0.02766041664229416
850432,computed,14.781964684751,14.802778036246107,0.000720109854,0.006050354499936998,0.269886483009,0.27738412714235383,0.276339032210,0.2818517815912547
850433,computed,13.174723319962,13.1292086641091,0.012709001127,0.006885269290986563,0.289435715789,0.2723872347015253,0.018335044139,0.017760044323300087
850434,computed,13.775023995686,13.705915619694267,0.024969417738,0.012902857743241144,0.799821272170,0.8010816555027156,0.106923143843,0.10000090897830315
850511,computed,16.572127671169,16.54689844790819,0.010806983125,0.009040876760103601,0.147672562894,0.1258381000546958,0.661070821960,0.6617634589597431
850520,computed,14.284278682909,14.26388746312577,0.016412523443,0.01739262783704571,0.212355678212,0.21357028664743397,0.203041518434,0.2032813810839408
850640,computed,11.106480048931,11.201792086111757,-0.060834833834,-0.038897826121723295,1.150686427376,1.0589106629513783,0.037466143354,0.04068103403572646
850650,computed,15.723957632944,15.734652555036197,0.005036624519,0.009359662558748356,0.195837867839,0.20273395883408069,0.232696407481,0.2423972762270325
850660,computed,12.000044501932,11.988300220778777,0.017276792453,0.017161537260312124,0.709983430970,0.7348466690599066,0.046846790301,0.046012548959000206
850690,computed,12.580571841192,12.588821161791369,-0.002017053112,-0.004572101032313471,0.504191336302,0.5326406445773022,0.156815625624,0.15734825710206246
850760,computed,18.242088058956,18.22180997180124,0.014213267129,0.014505605091979559,0.192277893093,0.18761203144250901,0.454503259428,0.4587411128893914
850940,computed,17.727986738624,17.758536248051268,0.001962364925,0.010601844657837188,0.316707132341,0.3169230408475246,0.779157021141,0.7852634337597217
851010,computed,16.380665745700,16.37780879187523,0.011797586671,0.015319019599722199,0.240943775778,0.23992908261788315,0.482510099952,0.48316229089447893
851030,computed,14.913482124172,14.95210619446623,0.031738069179,0.052107861732968726,0.665884674699,0.6741085320864868,0.760249244645,0.7605743225692372
851210,computed,14.660510459869,14.684940231439679,-0.001424777907,0.00468319276653211,0.206277712173,0.19494359860247348,0.737987477458,0.7393867284622015
851310,computed,17.851142615194,17.855105306957622,0.007218375529,0.010407205046255683,0.225258935863,0.2338132486083967,0.946252744572,0.9469519432503507
851410,computed,14.113779085291,14.133948988266452,-0.007237990822,-0.006600100392476539,0.455770840661,0.47502022870146027,0.110222830541,0.11092858437938648
851440,computed,11.940598239237,11.81951100493906,0.050352265180,0.03908482443293555,1.271234498604,1.2256363256805403,0.033992666690,0.031179496224274173
851511,computed,13.401517465609,13.340937551149386,0.016178316916,0.01093468302617902,0.296298583442,0.2401427013177687,0.345953708393,0.3365557543338659
851519,computed,13.148127173852,13.173270932019243,0.007295066797,0.012147014010795695,0.631782444329,0.6652508284153645,0.116961395091,0.12086641815205221
851521,computed,13.471205879420,13.523506595483264,0.173734305221,0.22043828429441403,2.844395668473,2.983575787186993,0.017719148787,0.017900945503851445
851529,computed,13.483281217859,13.472852683516562,0.016639380317,0.022672506315339288,0.380202166741,0.3497597606833282,0.295449362759,0.30378886759776297
851531,computed,12.720309375886,12.74278382857918,-0.004913950601,-0.0010931860154568796,0.623209236467,0.6326641215557866,0.020041746610,0.02045660458564796
851539,computed,15.305204843348,15.276574636521886,0.023293624774,0.024275186726808354,0.338707229678,0.34300423197871405,0.369373231446,0.3644848109807479
851580,computed,14.119855470652,14.105442587747277,0.017291560313,0.0226332998918771,0.443336987192,0.41305420537265164,0.046085890102,0.04718276452283697
851590,computed,15.228215273341,15.211398360288738,0.008715010703,0.007666648657544604,0.180092285614,0.1809441540617199,0.101852358601,0.1042015649683307
851610,computed,16.366316031707,16.38704923502012,0.021983962635,0.03394452218097455,0.467157110396,0.4863595384823408,0.295409433586,0.30442446701153525
851631,computed,16.558424778533,16.568314735052084,0.003453987417,0.0068822480577312006,0.208424912302,0.21724972669461617,0.793449546957,0.8008119620826699
851632,computed,16.867309187307,16.89300550122056,-0.008579115544,-0.004905687767785257,0.209278329371,0.20219303538246086,0.924551209595,0.9241225578297964
851633,computed,13.391333678395,13.406322431863485,-0.003471033849,-0.0009489077229325521,0.272172827015,0.2649361039408445,0.654038869229,0.653050295502423
851640,computed,16.522072348485,16.55070272476297,-0.009883998688,-0.0056171391100416895,0.229138683798,0.21728990716251373,0.878850355518,0.8788735629954931
851650,computed,18.302107166504,18.30598503940788,0.000030601736,0.0008134050392835435,0.142269064208,0.14310925763568644,0.841014352702,0.8404241526996353
851671,computed,17.891837509730,17.932212558095987,-0.001635283320,0.00876610772696153,0.377579585857,0.37331271415305667,0.727612330643,0.7309079715469642
851672,computed,16.135401329800,16.152436633634156,0.008804024667,0.016221143314480293,0.241145115874,0.25037070224053276,0.977680619051,0.9779685313486967
851679,computed,18.345758390094,18.370609572104375,0.008088295397,0.017521373767593093,0.312706325340,0.31209346186792525,0.830482212818,0.8303344978876968
851711,computed,16.734170417491,16.74859170761262,-0.014800239985,-0.015817261766706097,0.203686276037,0.18781490700862516,0.695644029728,0.7034195596312058
851712,computed,21.942579532499,21.943060975711298,0.016399458266,0.021804587187221426,0.316753982736,0.3321629319925389,0.773779294018,0.7730198480760654
851718,computed,18.327902158509,18.336802540995127,-0.000347750079,0.0016615677196725235,0.160815093273,0.16060102674683954,0.832036606728,0.8327178508308934
851761,computed,16.180795427684,16.23345504084552,-0.047098437921,-0.04786186503107492,0.575416398961,0.543070363054719,0.503384678460,0.5125164750596444
851770,computed,18.948849454161,18.91980980835141,0.012660109972,0.010610812714616023,0.165532957591,0.14864506910581743,0.399015879588,0.3936236697445812
851821,computed,17.174698606159,17.167473835391725,0.005774046400,0.006234583968468019,0.215946477469,0.20676653897977643,0.558874916635,0.5470463569710211
851822,computed,17.963055002632,17.97909994052984,0.013348984823,0.021903767118069083,0.324215810271,0.3304753480793879,0.623137608716,0.6183844427746908
851829,computed,17.324590319262,17.33094514182307,-0.002922449898,-0.0024930043154154217,0.110562374019,0.10530558982724517,0.475542602549,0.4767827754251544
851830,computed,18.174352021875,18.181890325513642,0.001356650976,0.003721803075365542,0.214561250599,0.20810480627547476,0.759910011224,0.7631099946507299
851930,computed,15.375431412450,15.41989192296802,-0.011015355993,-0.004020325720228285,0.523150696570,0.5333732593328065,0.787884179913,0.788680856826127
851950,computed,11.170381730604,11.188336267621342,-0.013060981689,-0.013543850054076738,0.256244180985,0.26209871657353295,0.977544398421,0.9754517256198965
851989,computed,14.649763350485,14.686708843752058,-0.007394304234,-0.0009358384857721644,0.431143168725,0.44065095895053247,0.558396695746,0.580354775408526
852110,computed,12.075791727930,12.044357691400108,0.023436980962,0.02095955157887763,0.671969472126,0.6800673355935859,0.305142156318,0.2820441425678365
852190,computed,17.668821672131,17.69643980410683,-0.010616869742,-0.007309858435284384,0.243187738858,0.23674751899300323,0.465341161502,0.4643125251694581
852329,computed,13.168354685900,13.167623802885712,-0.002163679648,-0.0034881493553325454,0.841717491352,0.8308005765962617,0.018872419987,0.018968342165175577
852341,computed,14.194842317845,14.232524768982502,-0.032991771353,-0.03576852542763754,0.436401854470,0.43977934055034595,0.125235258489,0.12726184396479923
852351,computed,19.557121380552,19.540294118702683,0.018715967085,0.022107517214026262,0.255646247815,0.2539405884372957,0.459336085234,0.457727220100939
852380,computed,12.840570047168,12.898902371860704,-0.002769605839,0.012520914114063425,0.816054188580,0.7989555543154967,0.045626857832,0.04909617622920525
852560,computed,17.785814137031,17.81197832000504,0.019044325319,0.03619805316834392,0.480321079124,0.46297772136292786,0.331291437276,0.32898113208161506
852610,computed,12.937726507858,12.773703806780011,0.027799403567,0.009587365275240279,0.635820000111,0.5504992185212,0.005810799867,0.005209176026643812
852691,computed,17.721046235768,17.760515127137158,-0.037789800988,-0.04177682043775711,0.379644280835,0.3792129522593724,0.199253610763,0.20280424569632144
852712,not_candidate,10.841966164795,,0.145892784190,,4.220612684568,,0.758798720409,
852713,computed,16.252594631784,16.30565047108042,-0.016939092031,-0.006158100124600619,0.337370890612,0.2823229523108065,0.969272967288,0.9699150046259886
852719,computed,15.788919245949,15.771848445384064,0.018648807835,0.022306595506898255,0.364696665466,0.3446755317533914,0.917640035200,0.91428022698906
852791,computed,16.515909220333,16.572875405939435,-0.021982087220,-0.010989406682672623,0.383960039362,0.3135822456493436,0.419361067198,0.43309778165026236
852792,computed,15.518337300890,15.54764788629766,-0.001915242245,0.008759595844443318,0.374391432457,0.29392440361698075,0.950429275506,0.9489467559380921
852871,computed,18.515375107221,18.51760905234175,0.015791247472,0.021278623318352657,0.318948815090,0.33590328809016345,0.591685491593,0.5838740401342725
853010,computed,11.810094462866,11.797811709658436,0.125264102602,0.14857431183742595,2.391382001860,2.511413615632104,0.058441870514,0.05641458231641409
853080,computed,14.131652553249,14.16009869991985,0.011305208291,0.02269108316269237,0.366205885024,0.37549961369979273,0.116852944297,0.12053010326827894
853090,computed,14.934074978191,14.944586691029418,0.000326553735,0.002887952982947113,0.187975843643,0.195690434668867,0.206798001680,0.21188536093550026
853180,computed,16.748390107018,16.76335330453799,0.001380414081,0.005788623204880205,0.134851948460,0.13317262461957075,0.367196985214,0.37172134901021825
853210,computed,14.056548385390,14.051990991747019,-0.003029839544,-0.005473808666598475,0.238553404059,0.2334196304532325,0.288192850753,0.3016700877312156
853221,computed,14.757563930249,14.745629256681484,0.002529645890,0.0002128535441204094,0.175448886756,0.17827475844634694,0.215324534917,0.21663351084956287
853222,computed,15.089874082538,15.091501223110814,0.003371496468,0.005190477102395482,0.144066788210,0.13009455603285636,0.142580425883,0.14577581272309395
853223,computed,13.366688402130,13.331766560739663,0.020363432613,0.018876660747672625,0.353635036469,0.35191105301882303,0.236318641509,0.23216848340453403
853224,computed,15.653057181089,15.565581838991458,0.025548887215,0.018222779876097158,0.267688812822,0.18344885431451072,0.131004074691,0.12481362598092918
853225,computed,15.246304891887,15.236041960310267,0.005143170595,0.0039003274030146805,0.216282139726,0.22244013009398286,0.326861858056,0.32801643334206076
853229,computed,14.491873986387,14.451496817893798,0.006541222172,-0.0003221864133357405,0.202031871661,0.1793575772000836,0.331486374545,0.3284617302160895
853230,computed,12.958653150358,12.917644808035988,0.000153128864,-0.009124469486402189,0.406702802438,0.3859119541860311,0.103639343718,0.10290647151367034
853290,computed,12.781602024627,12.77112472889949,0.001270379478,-0.00209765301963289,0.364925876566,0.3768519465179743,0.241985827638,0.25577793294133305
853310,computed,13.263994635987,13.22783864032459,0.002836237151,-0.0032370829569342337,0.191125197836,0.14190060708984156,0.260969303429,0.2662931135517928
853321,computed,15.168394703283,15.12695192982914,0.010948478574,0.005750843382129885,0.184777399906,0.1534458099980421,0.123946182776,0.12257287619952509
853329,computed,14.048203540390,13.982759020184602,0.048086893086,0.05110995694584934,0.448350415397,0.4330309823081291,0.203624552822,0.19936968026834567
853331,computed,10.401363133567,10.441346387141278,0.033348643704,0.045047250517107125,2.022934861746,2.1364098809479053,0.018275197508,0.019253829632727797
853340,computed,16.198365538130,16.196658905016545,-0.003178498450,-0.005036474788909019,0.103025024840,0.10791009527877739,0.268387644853,0.27007432415157423
853510,computed,14.338860622461,14.350865944288307,-0.001449997646,0.0007138442490845596,0.238735406670,0.24255650105657614,0.205995551587,0.2087360427473049
853521,computed,12.676627954469,12.67223573626305,0.010456985502,0.006226799498097554,0.788020636317,0.8244694786636085,0.028818708778,0.02960112866615441
853529,computed,13.436982253886,13.458328232582092,-0.023241217771,-0.026942885438484773,0.383718477009,0.3897380943906503,0.091086524985,0.09376256548821259
853530,computed,13.615892159218,13.597914236512095,0.003002457405,-0.000743223473050754,0.279595218337,0.28287186558781063,0.054673598669,0.05293707078131778
853590,computed,15.279506331033,15.29320494671514,0.000241189439,0.003911736242847882,0.182504471479,0.1794909205999044,0.181992843834,0.1854215390011074
853610,computed,14.165527934226,14.15718356031468,-0.003904829867,-0.00854147338755189,0.268667330317,0.2795703989536592,0.073091306560,0.07311687377709702
853620,computed,15.374282151834,15.37993652438066,0.003564352160,0.005688048471247527,0.226165456532,0.23773446700073253,0.054927943982,0.057390641292643915
853641,computed,16.092671361620,16.0703173902188,0.015703739348,0.016112127154859046,0.184175572116,0.1790247992729578,0.229905442177,0.2263989018770184
853649,computed,16.103044286721,16.098739904334558,0.007652404489,0.009250623439389958,0.144342944587,0.14663544207876125,0.246323960717,0.24720161438703112
853720,computed,13.206528103076,13.20962778007257,0.000460812327,-0.00358771555171972,0.601378910783,0.6236815546157469,0.018933667409,0.01926939894668592
853810,computed,14.264645947954,14.281420338063882,0.001210785524,0.00566522703909254,0.258763369193,0.2679273556962898,0.104653826946,0.10894994394694807
853922,computed,16.147853690130,16.179734444301765,-0.016349926495,-0.013067274796580004,0.227583707244,0.18705866315001443,0.683741152276,0.6840824189418694
853929,computed,14.731197990649,14.75574532963516,-0.003921386743,0.0015018062389492387,0.176606016971,0.16520242118474368,0.236414439715,0.24260494619347125
853941,computed,12.851214224760,12.88751534511483,-0.016478708053,-0.013675280199248595,0.365920613154,0.36795064720292875,0.044188193168,0.045743280869574375
853990,computed,14.120030852990,14.113384773233705,0.010164635570,0.011642664667950628,0.282292834029,0.29051390673226507,0.304055463824,0.29502923842609763
854089,computed,12.938194985225,12.919514225357648,0.004059705798,0.0002858560551920899,0.341690347624,0.3410836764853811,0.182769516340,0.18195177352024006
854121,computed,15.628025468391,15.637910277069926,-0.007941283941,-0.008966625766936607,0.206977841974,0.21621853888899636,0.380862462927,0.38201112030776374
854129,computed,16.682852022145,16.645697362866954,0.014274774235,0.01121152778828421,0.166410579239,0.14081649750857614,0.195621426172,0.1921800102873008
854130,computed,14.677769672532,14.652308131135193,0.010809276382,0.008620799308630528,0.186315119613,0.18091521783324235,0.285843319548,0.28174877693471684
854150,computed,14.860570705329,14.835028036783942,0.013878109171,0.013042988780508594,0.273387306698,0.26640578090582634,0.107899056279,0.1074399635001193
854160,computed,16.630050539623,16.631865752415074,-0.009887530245,-0.015011931592555833,0.405037663070,0.4233743111405594,0.444194223261,0.4439506791473691
854190,computed,14.818651256101,14.834468202541323,0.004179105136,0.009581603772457477,0.206357139937,0.2125488225693477,0.166584678775,0.17168747084857777
854320,computed,13.307320653040,13.226611466853186,0.045830264881,0.04796786991981175,0.645303279746,0.6151186570716678,0.138574798780,0.13114005682255075
854411,computed,14.468392198350,14.439677634812902,0.014390355314,0.012477875409514155,0.291768392256,0.2885271741346138,0.060100795156,0.0599267232893355
854419,computed,13.095267225177,13.099999230678185,-0.004602348039,-0.007254959249989874,0.484489061752,0.502411781778014,0.118248709243,0.11876468154820406
854430,computed,17.600969576312,17.60225460927102,-0.008601335591,-0.01191526554666756,0.138127062216,0.14331552312144982,0.051124126792,0.05183607738861875
854470,computed,16.877849650829,16.84415147978744,0.021084539945,0.021048603495666934,0.250718417797,0.2436015850501709,0.238010768185,0.23595893814184538
860721,computed,13.987434452833,13.986647070357352,-0.013576950932,-0.019010159320748864,0.234415234801,0.2349548271264521,0.189857701131,0.1891238158676752
860729,computed,12.704266129053,12.721359150906267,-0.011524463397,-0.010887208047999796,0.360288197725,0.3566335002525326,0.262481712781,0.27251391285083587
860791,computed,14.970679598028,15.015923004809682,-0.028304315800,-0.025231405362960035,0.354175577320,0.3213980381987469,0.321144432059,0.32909296119120135
860799,computed,15.278528863149,15.233918390404252,0.007904468827,0.0005664384289093687,0.248166330256,0.22694123388279366,0.194255094733,0.1933663674177801
860800,computed,13.322866516510,13.314121677996523,0.002226256657,0.0001277588280655575,0.291643982430,0.295300505378453,0.201228499278,0.20145900222178373
860900,computed,17.129337571561,17.10117156871236,0.010928487984,0.00900533404225816,0.267922521111,0.2461378153101118,0.695751194190,0.692548361757905
870310,computed,14.694509135681,14.68617387352041,0.021593069530,0.026616087304700234,0.379779036482,0.3916907579339029,0.042037760086,0.041866660373673106
870911,computed,12.474555289759,12.515121873028527,0.014076245619,-0.00732457605180186,2.621733703399,2.7528762174594608,0.099125354794,0.10300209487100379
870919,computed,13.129266119260,13.168659665216817,-0.085660976345,-0.017042919094114917,2.656100939447,1.2824997869281887,0.056898237728,0.05924557041190372
870990,computed,14.652272758000,14.641904018392578,0.007083563879,0.006722803670874054,0.190319455105,0.19691769969704526,0.180998694562,0.18451690766695564
871120,computed,15.373216938438,15.35012801963997,0.018062543366,0.017096909202892016,0.426950295813,0.43951264574503784,0.184390912189,0.17564499976848982
871310,computed,15.730529823419,15.729484329981377,0.010185209578,0.01356830211792366,0.165968617590,0.16820497462764628,0.516084660093,0.524879687408822
871390,computed,15.780179966861,15.77540439549595,0.008832159892,0.010940521967793404,0.171522800766,0.17653889030794703,0.620393936149,0.61577591858646
871410,computed,16.308598388945,16.306144311795546,0.005127622850,0.006154080466464249,0.171182727912,0.17416811177436417,0.228712788166,0.23078389198112093
871420,computed,16.072269089082,16.067818212883616,0.005936417453,0.006957559525312003,0.115334124787,0.11631749081332309,0.496382241135,0.4974357578949796
871499,computed,14.778444151846,14.7651471019913,0.001342295991,-0.0018083746003990852,0.201348883698,0.20265158114623175,0.175577162810,0.17512240719457645
871500,computed,16.961295437523,16.975051422122462,-0.001644211379,0.001164987517098681,0.161569207125,0.16563420209917584,0.959542878241,0.9608685394517575
880100,computed,10.305271179658,10.283263975214963,-0.026458514993,-0.039966134602068944,0.685473705418,0.6566740072837388,0.028930675410,0.02977829547587643
880211,computed,13.797724386598,13.901408892675178,-0.103977703079,-0.08205655052605099,1.555770977836,1.4568170830689215,0.044593560008,0.048938644795556874
880310,computed,10.516357371457,10.476066210994961,0.104559841828,0.10733022899636062,2.807753403876,2.917721201329897,0.001780558718,0.0017542173980180775
880320,computed,14.309615056210,14.23453268631508,0.080579828723,0.08952578728813342,0.806262930583,0.8070158953786101,0.011861658196,0.01113756851891393
880330,computed,17.463983538258,17.447796213021476,0.004908420145,0.0027471416086677245,0.117731895950,0.10958049363629566,0.031323662617,0.031537904958439014
880390,computed,12.868062454576,12.825360047985777,0.051135354585,0.052963971335259624,0.952579270481,0.9719836814716525,0.022228007031,0.02127038358251054
880529,computed,9.726388198344,9.758784094033054,-0.003359601380,0.06914446613684305,2.578730401332,2.052956949350607,0.000780404695,0.0008229553832280373
890790,computed,12.696160408253,12.722395210317933,0.010430683142,0.019432780211654677,0.555348641890,0.5794632867313024,0.046493353018,0.04846809624661431
900140,computed,11.669694290815,11.700224357839808,0.002283233857,0.008747975824234732,0.556364545457,0.5766071801528662,0.080060676838,0.08940976798967873
900150,computed,16.215225446984,16.184424904315918,0.025769122745,0.028092213209980406,0.233366291415,0.22776389424198967,0.172605326760,0.17013998781487535
900311,computed,17.159179009284,17.170686072300434,0.000508313373,0.003505118389387389,0.151778237831,0.15398625682713873,0.548181322683,0.5524140941726089
900319,computed,16.952219440685,16.96630607944395,-0.002774633696,-0.00028791396886664446,0.148762869684,0.14632427668690554,0.590859781310,0.5969023734404499
900390,computed,13.645725455930,13.675606949785758,0.002637324355,0.01123919779148746,0.319722492004,0.3229536737828258,0.408429004195,0.41893871126476884
900410,computed,17.765692840079,17.758733514850864,0.000968577969,-0.0007935390900326308,0.220582277604,0.22476751325718972,0.401074758287,0.4048506168034685
900490,computed,17.400077007933,17.388831337114556,0.008959920945,0.009452029440592813,0.132252721519,0.13142220626495846,0.523231368588,0.5159752508977071
900510,computed,15.819847363645,15.846789547139116,-0.005722744161,0.00042689358687269846,0.264019661942,0.22493554689891934,0.607805080569,0.6115453466652847
900580,computed,15.479675257048,15.524522525971612,-0.003218170986,0.008296775511031636,0.407419703500,0.40075255397807885,0.725407548277,0.7350447719526454
900590,not_candidate,12.126829388326,,0.419214581123,,4.722306271862,,0.249545047451,
900640,computed,15.910859074016,15.942618056121486,-0.014005430562,-0.010499507151555447,0.579747775929,0.5660419028986099,0.568696111288,0.5885718381522382
900651,computed,11.552687808604,11.597041050636294,-0.024738882466,-0.01722693904395279,1.031926553013,1.0233116527223884,0.526452281705,0.5203508482709286
900652,computed,10.974366503971,10.992867611429121,-0.072511241575,-0.027431677557256905,2.891580924969,2.284600993698883,0.359797869375,0.34480475486916545
900653,computed,13.510302511570,13.523554338705699,-0.001544412928,0.002139974496958772,0.382190241825,0.3604142644849077,0.527325024821,0.5474599544140651
900659,computed,12.192077059170,12.176888794139618,0.015298266154,0.014416386169650538,0.532304419007,0.5469085357065679,0.256967066671,0.2510070527738893
900661,computed,14.564005076574,14.539114699660251,0.017885295818,0.01832051974675226,0.312774454586,0.3131035453195751,0.434440893963,0.42311122979587107
900669,computed,13.884966494634,13.821388250437046,0.035997208068,0.03289432356151199,0.578727830037,0.5741747681052255,0.870354205409,0.8603518511159436
900699,computed,14.205839459596,14.216395268974555,0.000648088118,0.0046686960656862385,0.237809303741,0.2227780941704928,0.493027334262,0.5006538061343941
900791,computed,13.731688072243,13.772358326511114,0.047702152033,0.07384988350717056,0.699140096875,0.7303429814835604,0.295736572082,0.31180403766028086
901110,computed,13.511495971094,13.483068994945576,0.038385043090,0.04455784805531523,0.457654861176,0.46976073339086927,0.068021360977,0.06809367989040101
901190,computed,14.084263706847,14.07571465070324,-0.000602866406,-0.0034745138766361836,0.186149212295,0.19413157548872534,0.118003249549,0.11691284689614671
901210,computed,12.327877620648,12.356693807226717,0.000545400621,0.012120044114237666,0.662586785376,0.6345076670892423,0.009703254878,0.010087913288773797
901290,computed,12.124577748883,12.14577067598282,0.029994916439,0.044438212924722637,0.729583794965,0.760128129214265,0.038222305266,0.03954272932744112
901320,computed,15.045259522198,15.046159024223424,0.004448008317,0.007105017516820637,0.168521927277,0.15629016723045805,0.057608321516,0.05811598260413799
901420,computed,12.985951070455,12.941793086249145,0.052629718441,0.053741634973702,1.007885352559,1.0288903060632932,0.006434746369,0.006121630382307141
901480,computed,15.309456405016,15.159667005034928,0.119503257969,0.1253137418891189,1.226478571784,1.1936261835337545,0.176570512749,0.16077794783085236
901490,computed,13.208312955253,13.194681606065075,-0.000431965776,-0.005325977439963388,0.370545847025,0.3839514601309057,0.020184262374,0.01985715055523446
901520,computed,13.701710892798,13.706426280094966,0.013215153891,0.018572696987263743,0.330830033550,0.34295812050728763,0.109053010385,0.1137701109399373
901580,computed,15.287973678240,15.328030133587069,0.019972881299,0.03703589534379999,0.540163583986,0.5584248118225565,0.098110528014,0.10309385468843853
901811,computed,14.229171573881,14.23756705941246,-0.001345269610,-0.00035222888803339097,0.221362604112,0.23215966309098385,0.047959751370,0.050157478609200175
901812,computed,15.745957234325,15.690422362414273,0.019738380340,0.015008082069525879,0.279958605641,0.2501964358036982,0.241182568337,0.2333679315377202
901813,computed,15.377452385788,15.280273539419579,0.017292875199,0.0014834958878638294,0.766322817938,0.750544366117952,0.095211010040,0.08864591118382145
901819,computed,17.426776232127,17.43012201425124,-0.002299166328,-0.0024889358809261864,0.094900818194,0.09783724483945806,0.123928768506,0.1241851110429028
901820,computed,13.279900258462,13.304588519294105,0.003742272789,0.009922592268943615,0.393032407513,0.41013296604109617,0.159319230233,0.16728813512424412
901831,computed,15.783701132316,15.781003352138269,0.011338783450,0.014644787227830372,0.180539648495,0.18542925818686368,0.155960331352,0.15768899820789703
901832,computed,14.009013081036,13.991228467570847,0.005832162651,0.003240220277806608,0.373079999747,0.3750351721690116,0.024128230564,0.024273538700656374
901839,computed,16.778022889943,16.799137900025446,-0.004717768335,-0.0008807619505656798,0.162358975515,0.15306820281035122,0.047921988797,0.049226371798729275
901841,computed,10.186475867904,10.253094306337989,0.027023166141,0.034939613926960815,3.194372658397,3.3670334403631466,0.005127488829,0.005576967986209627
901849,computed,15.511805372814,15.505814881338761,0.003104749061,0.0028661177173380475,0.138378156257,0.12560876906662521,0.078827327017,0.07671997976873789
901850,computed,13.995398466181,13.978431545087586,0.022661247102,0.026486727670490307,0.312397958746,0.31795002558860297,0.035154326993,0.03486837214611674
901910,computed,17.714712363328,17.71877219211584,0.015909129418,0.02219333575985925,0.254475105593,0.2661758048559321,0.546141047551,0.5497531462104467
901920,computed,17.215137687886,17.201204806475324,0.007457368394,0.006783530228325577,0.115411849677,0.11329208813833004,0.165228339926,0.16293825649907803
902000,computed,13.403154225335,13.395849937881922,0.006424512609,0.005863870432669844,0.284583078031,0.2970085133204112,0.038909130082,0.039015077145551
902110,computed,16.982564501581,16.975399538069038,0.010750987463,0.012884849498129404,0.132576160793,0.1341838526078539,0.138557779628,0.13974451774188892
902121,computed,15.173460963101,15.149156881535426,0.006760321429,0.003593108571359462,0.097931446087,0.07468251237671597,0.288456820670,0.28228622294928296
902129,computed,13.138676285113,13.154570424987755,-0.010422291206,-0.0109675039570011,0.276653534889,0.2819954723595708,0.017683863561,0.018372901404182265
902131,computed,15.789324857805,15.803805665848156,-0.012644966633,-0.01431090749771742,0.238317865358,0.2484734008779424,0.038169003555,0.03963423846219241
902139,computed,13.049679737887,12.839250644473896,0.064752195961,0.04946382008114,0.881425947315,0.7861003512031566,0.001643939570,0.001348048988937996
902140,computed,16.929671621849,16.90237675393577,-0.005209614090,-0.014022665880522485,0.190956724769,0.1809430453653735,0.201050397539,0.2008926726923749
902190,computed,17.129867163758,17.108768380294975,0.009256176119,0.007650120183487029,0.155729197760,0.1437026005705832,0.291832290992,0.301784002712526
902212,computed,16.350903231988,16.348004386720316,-0.006331259099,-0.009734265181124723,0.207669234711,0.21523518948964182,0.257203273192,0.2594399452744178
902214,computed,14.995311645303,14.992865917244007,0.007165624019,0.007965074596653672,0.360369696326,0.3726128720143784,0.033867130602,0.03469850508759743
902219,computed,14.306503546674,14.266225333198191,0.000926606799,-0.007285314993089834,0.325553179323,0.2956000137369667,0.068256986025,0.06601006123129335
902221,computed,12.380764885603,12.462882905562001,-0.096020346819,-0.04336612041958453,3.306940679533,2.7587545472867494,0.079632404473,0.08683102865518377
902230,computed,13.450829165023,13.385728324453908,0.022974552604,0.018872214756513725,0.282353039149,0.23449331746238297,0.023606979021,0.02220096068070921
902300,computed,16.004106733953,16.00171326230318,0.009447828281,0.01166126740245097,0.241184313598,0.25105408875548024,0.213241540316,0.21498119298105214
902410,computed,12.923683144102,12.964677365906397,-0.005730795349,0.0047654914388161156,0.346756859442,0.31061596566238525,0.102958683325,0.10805513520624437
902480,computed,13.165680529532,13.156394464279707,0.003470948141,0.0017715319437902536,0.278898351719,0.28979649842122523,0.077937965333,0.07877817219666433
902490,computed,12.741355362144,12.754906005966566,-0.001552264105,0.001694090066842705,0.393081060171,0.39438191944799683,0.064091076468,0.06791006119280928
902511,computed,13.801494199946,13.781270858937544,0.012235550600,0.0117221486744583,0.188605023295,0.18618477830473812,0.780877366539,0.7798448815499007
902690,computed,16.020639833678,16.005608549266615,0.013015348201,0.01430822135661537,0.165358578053,0.15530687130811857,0.197929172945,0.2005155936669682
902720,computed,15.290765121454,15.313508916481553,0.000175031572,0.007042036365499621,0.208692874174,0.19564553834813317,0.215220609777,0.2206778671569796
902730,computed,15.292215277354,15.31933531599246,-0.007142870772,-0.002449551626057691,0.223486251887,0.21119598301896325,0.127005919323,0.1317714249027826
902750,computed,16.295094645602,16.266905391127978,0.012660088655,0.01080328180163887,0.195718915489,0.18305136965921043,0.117614598717,0.11574796276765413
902780,computed,16.281890078042,16.265822172967187,0.002113402146,-0.0018261796880169423,0.260147989314,0.26750570860468054,0.095799420389,0.09484392370372165
902890,computed,15.480200979500,15.448962751660742,0.009197848838,0.005192316939873289,0.233337626682,0.22145064391018965,0.148140691309,0.1508310651350061
903010,computed,13.429784332727,13.402966975695117,0.107427043689,0.1270801541332123,1.224550623751,1.2632510409878537,0.041374063076,0.040458056443952096
903039,computed,14.273871304756,14.281060051489726,0.004371037203,0.007520263818334039,0.212228487588,0.21461970323797377,0.129636185362,0.12978996308586274
903040,computed,15.764490414289,15.77380589624403,0.009626890199,0.014985917972060104,0.258739267379,0.2710799825418689,0.100764720369,0.10285912081504867
903082,computed,15.070755193344,15.076421374279352,0.019006514604,0.023175631459026146,0.609855263166,0.6413696000436357,0.120583231868,0.12442308463381
903110,computed,13.356511698335,13.395761748693525,0.017374559465,0.03470571787482773,0.495764268650,0.5016204096018275,0.147195634583,0.15097047896241622
903120,computed,12.653929274428,12.526371945266032,0.022182045755,0.008718216665807587,0.656436213018,0.6046636624471392,0.029774787132,0.026915207216335682
903141,computed,12.170790236034,12.026877427411907,0.019610820690,-0.006852512719317719,1.401497835872,1.3938130910537307,0.006765224426,0.005882727365853121
903149,computed,16.129013134317,16.11089954017959,0.014819235335,0.015635908327641238,0.233623779223,0.23465877888959835,0.138939167045,0.13912011663894622
903180,computed,17.149553575325,17.153017285956178,0.002890153155,0.004455461741984461,0.194751569505,0.1965263853670435,0.126468901994,0.12773852629866206
903210,computed,17.256281752457,17.24189990594299,0.017700715399,0.020574344495127145,0.229645464422,0.22920091333997247,0.416580937460,0.4157241154921531
903220,computed,10.726260015416,10.664835111155867,0.026249740667,0.02160619697054919,0.562208463127,0.5507055210165612,0.011732613754,0.011088122417631097
903281,computed,13.195186302564,13.1529228737061,0.032368017671,0.03375057583346592,0.378259962331,0.37433929019351314,0.112270656440,0.11861207611035207
903289,computed,17.154869102860,17.15042470145744,0.001228601234,0.00024369362448718827,0.151799998396,0.15957657235621722,0.108356513242,0.1073785869076678
910111,computed,11.831690370240,11.851183468797,0.016738542915,0.03647612524864134,2.357021241854,2.4297544756153786,0.016186377162,0.01675508227877206
910119,computed,11.125439314169,10.996681341459421,0.027630273277,-0.012628528440855458,2.935294595004,3.041856715621801,0.481245070508,0.4499277787073476
910121,computed,12.764634380610,12.640082225339745,0.094187582380,0.10430669566633766,1.438871046688,1.4425818598881686,0.006123737901,0.005478404803637573
910211,computed,16.353362782063,16.402411592226645,-0.023418234083,-0.01682839364891252,0.313938782217,0.2675908945969794,0.113669023913,0.11596549377992439
910212,computed,16.277720485739,16.313088221723284,-0.020055359869,-0.019339827813894254,0.394996453435,0.40385147322399984,0.726109393787,0.7280942714941498
910219,computed,14.801285753578,14.830863248086997,-0.029231646415,-0.03262328797156081,0.324501200403,0.3273705151477773,0.419259675236,0.4205527687069029
910221,computed,14.283569927672,14.33301058900553,-0.006022075235,0.007311942995967327,0.380113569128,0.3447811662002008,0.014872229988,0.015771564338014916
910229,computed,11.840078302201,11.891121882425802,0.025669322924,0.04091250666718839,1.282503989573,1.3361891615509018,0.013508530599,0.01444715751679161
910291,computed,12.688817283856,12.72338732361537,-0.016868250946,-0.007963086588687121,0.451781681951,0.35303931504648534,0.536883138960,0.5339881043257075
910310,computed,12.628106286024,12.619444998558219,-0.009294935318,-0.016819303040409888,0.465338196390,0.48330029040094874,0.710526377092,0.6973512097235935
910511,computed,15.351692863790,15.356886168544417,0.003085890918,0.006809238588328016,0.300928081556,0.2674716610315358,0.984947695190,0.9846144422851264
910519,computed,12.276014698586,12.335512433753847,-0.007749426826,0.006329053228176763,0.686766758163,0.691363882411327,0.758730731839,0.7675799624469016
910521,computed,15.760315317977,15.775136776130353,-0.000791212636,0.00258475681868756,0.182086034056,0.1812123717212907,0.870896132251,0.8681415225947299
910529,computed,13.654660093816,13.649552009345928,0.001190892535,0.0003700795834316295,0.205190070751,0.20995555039755986,0.698096167905,0.7098633280104543
910591,computed,14.553960844746,14.565974088609531,0.000767324649,0.005144322066060807,0.247594454596,0.22474240072911203,0.847746609166,0.8467046698095134
910599,computed,12.370448358758,12.407236401236323,-0.000578679345,0.010156532506441834,0.330088800356,0.311996785504268,0.206981898528,0.20318670077085932
910811,computed,10.034582358403,10.132429644388253,-0.161195721618,-0.11367661502968024,2.678786672648,2.149617281372769,0.026456548605,0.028798875522572497
910820,computed,9.897733096332,9.961823584677193,-0.171088517889,-0.24244349202930046,3.111987075237,3.279961362059148,0.021060311636,0.022624252566992843
910910,computed,11.601197770793,11.651403305647612,-0.031782996464,-0.030071823302787383,0.632761267550,0.6318967355088808,0.740102734965,0.7594913625173872
910990,computed,10.580678801220,10.619056476530803,-0.112252091854,-0.06612999440053838,2.804683846342,2.2069222110737954,0.093389344684,0.09655984511290824
911090,computed,10.307183280121,10.293482327701955,-0.046314816426,-0.07562906486364993,2.071810317571,2.156847037462537,0.407959224418,0.4146827946596631
911120,computed,13.640746577506,13.701709133241291,-0.023587347527,-0.013754959680191711,0.533608537742,0.5122012400980845,0.677952118872,0.7033724750119139
911180,computed,11.287053626297,11.327873568805138,0.025989076859,0.02527122992881458,2.376951166340,2.4994605556135445,0.766169398062,0.8115234037566796
911190,computed,11.271732059700,11.13186212040573,0.030069905529,0.019091441836952477,0.716930769884,0.6631757016385148,0.107408312156,0.09569938868739779
911220,computed,10.416484610136,10.36140765179566,0.037864036935,0.03384068068048395,2.108983089725,2.1919166590280197,0.349096770543,0.32983798641694173
911290,not_candidate,9.657745745658,,0.094261070203,,3.760256101799,,0.444554101269,
911320,computed,14.280859448288,14.290396121346088,-0.010411452650,-0.0125455831657432,0.227466173191,0.2360807389689025,0.716210386199,0.7162596248188258
911390,computed,15.593313290368,15.606828282201478,0.001321475735,0.004481956599306959,0.281081605459,0.2956594073043129,0.703511730775,0.7109112904776281
911430,computed,11.994021227727,12.011096665888736,-0.012444053855,-0.01344341535426725,0.417232477816,0.41994730236481487,0.282188687997,0.29101313151751235
911440,computed,9.355064495087,9.400611020093246,0.009857254668,-0.0061379768483747,2.925919486088,3.08639639328669,0.118481954597,0.12678236293741396
911490,computed,13.276321171635,13.329454279304302,-0.023048213317,-0.015354775423463462,0.437870040507,0.4146545631645436,0.204468385643,0.21488254205096097
920110,computed,13.026783078362,13.02079106206208,0.006674080095,0.006838178802851485,0.251141893917,0.2640503745990673,0.125087533887,0.12461510653562485
920120,computed,13.340366179058,13.363436672040212,-0.001526262603,0.005843177390736046,0.381127066021,0.34103804406036486,0.108500947787,0.11130247998792515
920210,computed,14.832257516347,14.838475686591728,-0.003916426415,-0.004272363140964824,0.239605443636,0.2475399781767264,0.828488864640,0.8279141666459069
920290,computed,15.686692192236,15.709862166352668,0.013081399118,0.023151781099373766,0.394928662605,0.4100952727032066,0.516603644579,0.5207946338310436
920510,computed,14.819555079677,14.800266887982247,-0.001312680195,-0.007394640804793051,0.291701090765,0.2998699050359232,0.415867829245,0.41893829929303517
920590,computed,14.953985506656,14.939620538436609,0.004152880381,0.0017226229833062247,0.245527536206,0.24602153809398483,0.288060834271,0.2924312327788015
920600,computed,15.150526497544,15.180525278078534,-0.003834517233,0.002858484645474528,0.260380486058,0.25234385285179106,0.406908123774,0.41534521918633915
920710,computed,16.204748580667,16.238289521804536,-0.001058742228,0.007548870337812726,0.402061334410,0.40189536371120227,0.580532677751,0.5884183946947821
920790,computed,15.946978908565,15.979981395017402,-0.001998399176,0.006138507935533644,0.343163743377,0.3400984221592031,0.421881918447,0.43548736525595283
920810,computed,14.510586222630,14.551687184061498,0.009275828376,0.018828089901237913,0.830592621220,0.8750192484281955,0.964085627602,0.9647776455362219
920890,computed,13.181244849987,13.198549403193919,-0.017786184447,-0.021254457975020784,0.317739862331,0.3334211731222894,0.605163683605,0.6162993782355878
920930,computed,11.861475942908,11.88974494607309,0.004026130505,0.02105572724573718,0.512194291887,0.3886734754031856,0.086007989964,0.08953391977754967
920991,computed,11.357467551775,11.23718260485948,0.077059774615,0.07305189306564136,1.083209995268,1.0604588518956035,0.153808025566,0.14250239725109912
920992,computed,13.983165077715,13.99121330354611,-0.005333298996,-0.005737411040015077,0.188992264844,0.19351703425188269,0.371675902761,0.37891226345466733
920994,computed,14.239207802285,14.236394263146913,0.010722971828,0.01423903815838964,0.258235389212,0.252440428908189,0.339060028177,0.34341322929084983
920999,computed,14.598073763695,14.60811881937844,-0.006471678052,-0.006506507528851207,0.155628784945,0.15671874504152378,0.302648913741,0.3061766381217227
930320,computed,14.069096725729,14.088045938565,-0.006508647129,-0.006653040906383895,0.540182467764,0.5698227231004263,0.069370196089,0.07105251776060013
930400,computed,15.458021805864,15.4784494917316,0.001118619432,0.006617082101892866,0.233233735035,0.23674978081736422,0.390669324158,0.39655866153692326
930510,computed,10.698908852799,10.685976085890385,-0.010259831993,-0.021711438647486685,2.190516210508,2.2813997523545404,0.002306738573,0.0022748906858537574
930520,computed,14.559774832044,14.5527494831191,0.000046612708,-0.0027967862740070535,0.274342692203,0.2877020528373348,0.110426600460,0.10869034671563793
930599,computed,14.251683723971,14.257316175259778,-0.002883776185,-0.0021971342931116295,0.264042638352,0.2550024050330592,0.439587838599,0.45082658352876465
930629,computed,13.511651630257,13.544978225469256,-0.012904374271,-0.00794036971475835,0.302291513318,0.27269194318244466,0.199685906220,0.20224516823621888
930690,computed,12.941392328953,12.986139660428309,-0.033291105246,-0.03313548508817921,0.485287876744,0.4694444918892707,0.010758012187,0.011136315233021162
930700,computed,13.836658763675,13.884745031032443,0.001418020505,0.017667148176508284,0.339989023743,0.29701267253852776,0.609202608458,0.6246500671686313
940110,computed,14.116870403124,14.077586674412236,0.074112563316,0.0862983671194841,1.029112508728,1.058782729348129,0.023312624321,0.0227245765526499
940210,computed,15.008662865780,15.007858185627029,0.007374568372,0.00980273109189698,0.179315818567,0.1843977572766263,0.625098666198,0.6313146994702555
940290,computed,16.874764468347,16.880515893235447,0.015852428741,0.02295551113768726,0.208074925149,0.21595913155523724,0.311334849826,0.31323462625409426
940430,computed,16.110683132203,16.10890420023662,-0.001999393434,-0.0036814672043523856,0.186133361211,0.1962126052785313,0.908563381050,0.9169183325558734
940490,computed,18.873245027818,18.87911944152539,0.004393062474,0.007423126870761684,0.146549254770,0.14678350457541103,0.788085028761,0.7889241413217596
950300,computed,20.669010385508,20.71785259301253,-0.000596589549,0.013651618810251837,0.405207960004,0.38863107292293614,0.854854002039,0.858770730550331
950420,computed,15.076439043512,15.11217838078388,0.004841438978,0.016011059423050904,0.421720385148,0.4258156266418798,0.682883634418,0.6933603749091983
950430,computed,17.032119550681,17.034786510463043,0.006404556227,0.009350971298244765,0.143495176936,0.14366930994069005,0.400442278349,0.4071673734750704
950440,computed,15.808389118975,15.855379094443272,0.035509945873,0.058669169075451374,0.652621195694,0.6791877362403433,0.776074008248,0.7897824622364049
950450,computed,19.626251794609,19.64104730352771,0.025178992395,0.0360696464866313,0.475739454204,0.5009805589868979,0.964443366171,0.9640809359655876
950490,computed,17.916043254816,17.948470803822538,0.017923871163,0.031165209111026354,0.495174490428,0.5162807691976986,0.794473962718,0.8056081185530505
950510,computed,18.772783680971,18.864069807627246,0.001895932344,0.02646247879827178,1.798398245307,1.8537515504153754,0.918285710192,0.9204766801736907
950590,computed,18.031802356780,18.090628150105587,-0.004691580310,0.009602192655050914,0.679024040179,0.6802226740697728,0.915713523276,0.9187842070795689
950611,computed,14.351570360011,14.390032800490543,-0.014771855134,-0.013882464002478672,0.730658115731,0.7653335017969403,0.184741892597,0.18350073646166423
950612,computed,13.915989550767,13.986977551171375,0.078765873039,0.11504541088496324,2.744309022406,2.88819988305213,0.286863445769,0.2853836023112719
950619,computed,13.038404315415,13.098205527572093,0.003574877401,0.02616243954918719,1.063832590193,1.04139748350198,0.352235367931,0.35424672950826513
950621,computed,12.696830844875,12.697259923889591,-0.004333569878,-0.006791023315976683,0.426267694383,0.4403869216256023,0.251211868515,0.24374454123327693
950629,computed,17.015573115145,16.96190158043633,-0.003246790731,-0.019009523136737233,0.503156457576,0.5017610385861849,0.676716942417,0.6747672762535628
950631,computed,16.960963285276,16.926878563367115,-0.001152808403,-0.010821336361746797,0.343132587002,0.3439547137329845,0.703981880851,0.7171803419105682
950632,computed,14.693824023974,14.624596356338563,0.013756358642,0.003950663185421469,0.333440305587,0.2997672377347158,0.174818723706,0.16610597581269043
950639,computed,16.724805804292,16.721519187347475,0.001016015021,0.0004890083841975954,0.124064211710,0.12884072639939967,0.643699362221,0.6476152088902378
950640,computed,14.861533467681,14.912842360493153,0.014597999402,0.03415135178628748,0.607205996671,0.6088968472592784,0.655595477107,0.6622496096964705
950651,computed,14.969541970367,14.972460305865798,0.002867813836,0.00357388887118475,0.307166763004,0.3199738927709689,0.861369902381,0.8632301142521103
950659,computed,14.068104221315,14.045495484381902,0.003391524024,-0.002434442894058396,0.372849944589,0.3835772799625852,0.815688830815,0.8278440533176497
950661,computed,14.978910226888,14.988692878686653,-0.000874696125,0.0016247769685203595,0.177363646993,0.1585682548175141,0.619830297383,0.6234020623925212
950662,computed,16.340317790317,16.35766417999275,-0.010680548431,-0.0102011825611411,0.163155512230,0.15349837222928728,0.665708250578,0.6737762077092984
950669,computed,15.932459181078,15.948413406616156,0.000975529788,0.004607500418210443,0.342926561399,0.3516400374083178,0.725129480666,0.7308504848888068
950670,computed,15.717167195284,15.765545463229726,-0.005914486080,0.007536099780160397,0.368810735439,0.3174536321258077,0.667106474311,0.6783398013558747
950691,computed,18.619570660160,18.641215463838606,0.005582848440,0.01340267263271768,0.224532955869,0.2194559840044035,0.704477223184,0.7080883530795867
950699,computed,18.365337049409,18.33529265808313,0.003816576200,-0.001940034935079549,0.239546836280,0.2330777225487232,0.656987610291,0.6525074130241507
950710,computed,16.451203829071,16.437663795852124,-0.002007948608,-0.007322830754062696,0.334528075427,0.3461479444847558,0.842957530970,0.845564264725694
950720,computed,14.172483767762,14.147155723440148,0.000977486800,-0.004788376368477732,0.243257474436,0.2335123659668659,0.470945552650,0.4632189931197105
950730,computed,16.518529851684,16.504881903179545,0.004850219614,0.002117267099811442,0.297865075563,0.3100341982205311,0.649508095976,0.6462054551494876
950790,computed,16.227798077210,16.23300938435768,-0.000776122869,0.00012111623099156187,0.159288185690,0.1593054749013526,0.573829048807,0.5811171694771403
950810,computed,10.639484463473,10.72317080193416,-0.003689275905,-0.0105414411562388,3.276427174339,3.459921162005973,0.024952182045,0.026713472241910265
950890,computed,14.807180991917,14.776450378758536,0.001783670434,-0.004417456774520195,0.259956885180,0.2419419202479763,0.113979902822,0.11585699513357504
960190,computed,12.791524786785,12.796346279462128,0.007944930965,0.014665313365241895,0.286665732799,0.23776666999874563,0.140378230449,0.1424874168609758
960200,computed,15.040696859966,15.077404655576442,0.006097683087,0.018372780380957014,0.450048496445,0.45235391359468774,0.200524396971,0.20833691187253614
960310,computed,10.676213672768,10.74107800860508,-0.030189206838,-0.03242459840920801,2.059732708291,2.1761225311833905,0.025291918583,0.026801524037707348
960321,computed,16.291850445189,16.29301905622728,0.003846653348,0.0053882593904125186,0.142542725570,0.14532814880877143,0.613645446297,0.6211291471122213
960329,computed,16.153272096278,16.157093584120467,-0.000782732337,-0.00033530117202207565,0.177133320559,0.17893102423614926,0.827828200952,0.8264441223807235
960330,computed,17.201929028449,17.223220348042645,-0.002784326680,0.0018355111637410738,0.178472689211,0.1709866860997858,0.809380625290,0.8136238290764924
960340,computed,16.035043148278,16.014864102483482,0.003708496669,0.0005976079590836613,0.162006826475,0.14227960348643867,0.826139577804,0.8258065997693124
960350,computed,14.607262266564,14.606657148755168,0.003495509958,0.004368918054800186,0.154952377300,0.1633148305633294,0.335281828903,0.3392343528523272
960390,computed,17.527379431576,17.529350626276393,0.003023475348,0.004479175231427228,0.142829667259,0.14394000519466454,0.712935490553,0.7174193194405163
960400,computed,11.275474882011,11.302646406245703,0.064551162658,0.0838324325859426,2.139375859401,2.25981498875739,0.749901713352,0.7521619830839817
960500,computed,14.289959207248,14.318083692650765,-0.009900647316,-0.006400503657430606,0.292095340140,0.29102960109130394,0.884780129760,0.8821985432502288
960810,computed,16.890176926499,16.902861634889828,-0.004661372446,-0.0028105440472649297,0.193329983825,0.18234371279391368,0.427233303141,0.43104296169392564
960820,computed,16.296870361906,16.293150975072304,-0.000582551867,-0.0013008600465754896,0.276596533757,0.2638440427037977,0.502956659243,0.5041325962279899
960830,computed,13.345382783082,13.365907687807127,-0.001437200075,0.003914539842951679,0.295630654933,0.2809736360448656,0.228763790322,0.2386782065159881
960840,computed,14.502072100737,14.48793348627759,-0.011972306163,-0.021002659647374307,0.415669692799,0.4171968355129765,0.276221878302,0.2764870134317895
960850,computed,11.429660790723,11.505614574650275,-0.062444447505,-0.09947394205168321,3.025314158110,3.196464346685325,0.652853877536,0.6719816107084454
960860,computed,11.813915744267,11.873271163438423,-0.022231798084,-0.011120279114008183,0.446038765706,0.40019992449547653,0.120151519872,0.1275033464370266
960891,computed,11.710513514271,11.68888129060131,0.083273745992,0.09809451654117025,2.206492753986,2.3226965565590887,0.094148838790,0.09349294386987245
960899,computed,13.341805909076,13.361100650654373,0.004736238127,0.014555357298312295,0.348510146839,0.29055635581218014,0.148102576431,0.1481451689202898
960910,computed,15.688063985763,15.690402064478144,-0.020924082486,-0.028892308288017185,0.395202113152,0.3909280124396932,0.272508186208,0.27254107052421145
960920,computed,12.835763294104,12.877901602781389,-0.048715119962,-0.06005498459684116,0.685444107867,0.7155531372706967,0.383417627088,0.3974285573303523
960990,computed,15.549870596481,15.573074466783074,-0.005806807544,-0.0017642736200537475,0.224279843998,0.21656436624892295,0.685023178583,0.68767737449198
961000,computed,16.038116668553,16.031891341209285,0.005387062789,0.005582301693690572,0.270503642010,0.2716205381411928,0.847513433253,0.8453008108962226
961100,computed,14.682307362914,14.723192416520947,0.004147728935,0.018019595489478176,0.336366357927,0.3151562610492476,0.544413943941,0.5513725427116555
961210,computed,14.288903072068,14.301857146138394,-0.002207974797,0.00041955083162001773,0.268223171447,0.25556279567213513,0.413349341780,0.4073185028126752
961220,computed,12.568579619041,12.5934330532788,0.001525373603,0.015805048675181198,0.483007636739,0.38429279654071424,0.371771303801,0.37620403267639313
961310,computed,13.918029986381,13.91137726120238,0.023567869679,0.029993806650784223,0.335500964285,0.34775580796879196,0.098385875290,0.0965398963448652
961320,computed,14.079678314525,14.05612944531331,0.014145735448,0.0134902035962011,0.283559372245,0.281900373000433,0.890067181318,0.8861310234117856
961380,computed,15.397585488474,15.400322557122015,0.016394243265,0.022851298236676185,0.247040754362,0.25185363854263493,0.678095693765,0.6788836864698621
961390,computed,12.828250742097,12.858432987201898,-0.025942795782,-0.02956128143411763,0.454911198314,0.46907685953187395,0.307541893558,0.314948716352899
961400,computed,14.062195836136,14.027227442100019,0.014204772475,0.012285294008223107,0.227897637304,0.20076275949016406,0.599929188812,0.5996881430335178
961511,computed,15.728319767332,15.718586312377248,0.001389007106,0.0005615827173909034,0.251114000535,0.22874067515680274,0.907947162956,0.9064737296714874
961519,computed,15.668034106492,15.677969022763397,0.005060440780,0.009723750959371143,0.201383193305,0.19152858271291343,0.932924481984,0.9323505080007685
961590,computed,15.377235105238,15.3995375535431,-0.005005811246,-0.0010363791348607066,0.195638602512,0.19312315638907226,0.872842022105,0.8739018717201402
961610,computed,15.559340403858,15.566099367461662,-0.002743626782,-0.00215760328068416,0.232511253165,0.23466662578850253,0.538278345224,0.5420156479221215
961620,computed,15.459205652164,15.49181469859188,-0.001611145942,0.007035965758410303,0.250833589434,0.23430258477067983,0.838746847747,0.8465282541667642
961700,computed,17.410602398702,17.420949677543607,-0.014021707988,-0.01760051632812004,0.290553342289,0.29969170208281765,0.965115450250,0.9650742480747782
961800,computed,15.151948269180,15.17523523315301,-0.016085177931,-0.016106819209755645,0.314459485932,0.3049950594781336,0.515096516019,0.5216381815750263
961900,computed,15.876666330216,15.858293885484086,0.002957567254,-0.0003039613444695575,0.170213408943,0.1627144576367318,0.082258448765,0.08087002069402517
970110,computed,15.887853190355,15.866656237394551,-0.014308143051,-0.027881019666779555,0.457022768856,0.4682058276467882,0.013850906147,0.014061727592157678
970190,computed,13.139837670811,13.164447442870207,0.030011571938,0.044733984950830356,0.637787904456,0.6568069088520802,0.025583683914,0.02641985931884994
970200,computed,11.331559451499,11.375643310761918,0.045920062886,0.04256021926200048,3.530520665537,3.7184592214258174,0.004091038174,0.004311898558524464
970300,computed,14.580464811945,14.631750889844318,0.017448154161,0.031526289097606984,0.778285355346,0.8175397689623746,0.019323987653,0.021947836713146533
970500,computed,15.131372122856,15.102702027185371,0.031542731357,0.033938652041204984,0.587095164371,0.5940426637199414,0.129968844535,0.12352299826365168
970600,computed,16.128232888208,16.195261849110985,-0.029154108255,-0.01685353292696965,1.047182456520,1.0488854432618313,0.094474240754,0.09955193298503591
980100,computed,19.037590839767,19.033572540058003,0.012017073671,0.0152074492058399,0.182701449492,0.19142674091951237,0.035565716283,0.03607247374860869
980200,computed,14.708648916333,14.70151028390887,0.002638619615,-0.004474047998637936,0.548830587145,0.5706777085165204,0.006455229268,0.006446091409104183
981000,computed,13.680276475206,13.696728884411936,-0.010644538144,-0.013430241545091294,0.688332655390,0.7037111296061564,0.032165734866,0.03167751232837162
981700,computed,17.209993691957,17.183245759582658,0.019494077218,0.02009324163568348,0.238448806176,0.23735866417634952,0.398196889206,0.4033066550192394
981800,computed,14.495730279212,14.604368712125853,-0.079258115018,-0.03827071345248316,3.506219223825,3.5999653986818156,0.162902918596,0.16671791919092596
999995,computed,19.401894607518,19.39727431222852,0.004668181068,0.00518965817561272,0.077566470201,0.07807246754973972,0.186124640956,0.1867399480719916
