hs6_2017,role_changed,assignment_changed,old_primary_role,new_primary_role,old_assignment_status,new_assignment_status,old_exclusion_reasons,new_exclusion_reasons,old_positive_pre_months,new_positive_pre_months,old_minimum_positive_pre_months,new_minimum_positive_pre_months,old_pre_china_value_usd,new_pre_china_value_usd,old_list1_pre_china_value_usd,new_list1_pre_china_value_usd,old_list1_pre_value_share,new_list1_pre_value_share
010121,False,False,excluded,excluded,non_list1,non_list1,insufficient_positive_pre_months,insufficient_positive_pre_months,0,0,24,22,0,0,0,0,0.000000000000,0.000000000000
010129,False,False,excluded,excluded,non_list1,non_list1,insufficient_positive_pre_months,insufficient_positive_pre_months,6,5,24,22,1429976,1329976,0,0,0.000000000000,0.000000000000
010130,False,False,excluded,excluded,non_list1,non_list1,insufficient_positive_pre_months,insufficient_positive_pre_months,0,0,24,22,0,0,0,0,0.000000000000,0.000000000000
010190,False,False,excluded,excluded,non_list1,non_list1,insufficient_positive_pre_months,insufficient_positive_pre_months,0,0,24,22,0,0,0,0,0.000000000000,0.000000000000
010221,False,False,excluded,excluded,non_list1,non_list1,insufficient_positive_pre_months,insufficient_positive_pre_months,0,0,24,22,0,0,0,0,0.000000000000,0.000000000000
010229,False,False,excluded,excluded,non_list1,non_list1,insufficient_positive_pre_months,insufficient_positive_pre_months,0,0,24,22,0,0,0,0,0.000000000000,0.000000000000
010231,False,False,excluded,excluded,non_list1,non_list1,insufficient_positive_pre_months,insufficient_positive_pre_months,0,0,24,22,0,0,0,0,0.000000000000,0.000000000000
010239,False,False,excluded,excluded,non_list1,non_list1,insufficient_positive_pre_months,insufficient_positive_pre_months,0,0,24,22,0,0,0,0,0.000000000000,0.000000000000
010290,False,False,excluded,excluded,non_list1,non_list1,insufficient_positive_pre_months,insufficient_positive_pre_months,0,0,24,22,0,0,0,0,0.000000000000,0.000000000000
010310,False,False,excluded,excluded,non_list1,non_list1,insufficient_positive_pre_months,insufficient_positive_pre_months,0,0,24,22,0,0,0,0,0.000000000000,0.000000000000
010391,False,False,excluded,excluded,non_list1,non_list1,insufficient_positive_pre_months,insufficient_positive_pre_months,0,0,24,22,0,0,0,0,0.000000000000,0.000000000000
010392,False,False,excluded,excluded,non_list1,non_list1,insufficient_positive_pre_months,insufficient_positive_pre_months,0,0,24,22,0,0,0,0,0.000000000000,0.000000000000
010410,False,False,excluded,excluded,non_list1,non_list1,insufficient_positive_pre_months,insufficient_positive_pre_months,0,0,24,22,0,0,0,0,0.000000000000,0.000000000000
010420,False,False,excluded,excluded,non_list1,non_list1,insufficient_positive_pre_months,insufficient_positive_pre_months,0,0,24,22,0,0,0,0,0.000000000000,0.000000000000
010511,False,False,excluded,excluded,non_list1,non_list1,insufficient_positive_pre_months,insufficient_positive_pre_months,0,0,24,22,0,0,0,0,0.000000000000,0.000000000000
010512,False,False,excluded,excluded,non_list1,non_list1,insufficient_positive_pre_months,insufficient_positive_pre_months,0,0,24,22,0,0,0,0,0.000000000000,0.000000000000
010513,False,False,excluded,excluded,non_list1,non_list1,insufficient_positive_pre_months,insufficient_positive_pre_months,0,0,24,22,0,0,0,0,0.000000000000,0.000000000000
010514,False,False,excluded,excluded,non_list1,non_list1,insufficient_positive_pre_months,insufficient_positive_pre_months,0,0,24,22,0,0,0,0,0.000000000000,0.000000000000
010594,False,False,excluded,excluded,non_list1,non_list1,insufficient_positive_pre_months,insufficient_positive_pre_months,0,0,24,22,0,0,0,0,0.000000000000,0.000000000000
010599,False,False,excluded,excluded,non_list1,non_list1,insufficient_positive_pre_months,insufficient_positive_pre_months,0,0,24,22,0,0,0,0,0.000000000000,0.000000000000
010611,False,False,control_candidate,control_candidate,non_list1,non_list1,,,29,26,24,22,94360433,82359083,0,0,0.000000000000,0.000000000000
010613,False,False,excluded,excluded,non_list1,non_list1,insufficient_positive_pre_months,insufficient_positive_pre_months,0,0,24,22,0,0,0,0,0.000000000000,0.000000000000
010614,False,False,excluded,excluded,non_list1,non_list1,insufficient_positive_pre_months,insufficient_positive_pre_months,0,0,24,22,0,0,0,0,0.000000000000,0.000000000000
010619,False,False,excluded,excluded,non_list1,non_list1,insufficient_positive_pre_months,insufficient_positive_pre_months,21,18,24,22,214903,140813,0,0,0.000000000000,0.000000000000
010620,False,False,excluded,excluded,non_list1,non_list1,insufficient_positive_pre_months,insufficient_positive_pre_months,3,2,24,22,23358,13358,0,0,0.000000000000,0.000000000000
010631,False,False,excluded,excluded,non_list1,non_list1,insufficient_positive_pre_months,insufficient_positive_pre_months,0,0,24,22,0,0,0,0,0.000000000000,0.000000000000
010632,False,False,excluded,excluded,non_list1,non_list1,insufficient_positive_pre_months,insufficient_positive_pre_months,0,0,24,22,0,0,0,0,0.000000000000,0.000000000000
010633,False,False,excluded,excluded,non_list1,non_list1,insufficient_positive_pre_months,insufficient_positive_pre_months,0,0,24,22,0,0,0,0,0.000000000000,0.000000000000
010639,False,False,excluded,excluded,non_list1,non_list1,insufficient_positive_pre_months,insufficient_positive_pre_months,0,0,24,22,0,0,0,0,0.000000000000,0.000000000000
010641,False,False,excluded,excluded,non_list1,non_list1,insufficient_positive_pre_months,insufficient_positive_pre_months,0,0,24,22,0,0,0,0,0.000000000000,0.000000000000
010649,False,False,excluded,excluded,non_list1,non_list1,insufficient_positive_pre_months,insufficient_positive_pre_months,1,1,24,22,9244,9244,0,0,0.000000000000,0.000000000000
010690,False,False,excluded,excluded,non_list1,non_list1,insufficient_positive_pre_months,insufficient_positive_pre_months,6,3,24,22,35135,14030,0,0,0.000000000000,0.000000000000
020110,False,False,excluded,excluded,non_list1,non_list1,insufficient_positive_pre_months,insufficient_positive_pre_months,0,0,24,22,0,0,0,0,0.000000000000,0.000000000000
020120,False,False,excluded,excluded,non_list1,non_list1,insufficient_positive_pre_months,insufficient_positive_pre_months,0,0,24,22,0,0,0,0,0.000000000000,0.000000000000
020130,False,False,excluded,excluded,non_list1,non_list1,insufficient_positive_pre_months,insufficient_positive_pre_months,0,0,24,22,0,0,0,0,0.000000000000,0.000000000000
020210,False,False,excluded,excluded,non_list1,non_list1,insufficient_positive_pre_months,insufficient_positive_pre_months,0,0,24,22,0,0,0,0,0.000000000000,0.000000000000
020220,False,False,excluded,excluded,non_list1,non_list1,insufficient_positive_pre_months,insufficient_positive_pre_months,0,0,24,22,0,0,0,0,0.000000000000,0.000000000000
020230,False,False,excluded,excluded,non_list1,non_list1,insufficient_positive_pre_months,insufficient_positive_pre_months,0,0,24,22,0,0,0,0,0.000000000000,0.000000000000
020311,False,False,excluded,excluded,non_list1,non_list1,insufficient_positive_pre_months,insufficient_positive_pre_months,0,0,24,22,0,0,0,0,0.000000000000,0.000000000000
020312,False,False,excluded,excluded,non_list1,non_list1,insufficient_positive_pre_months,insufficient_positive_pre_months,0,0,24,22,0,0,0,0,0.000000000000,0.000000000000
020319,False,False,excluded,excluded,non_list1,non_list1,insufficient_positive_pre_months,insufficient_positive_pre_months,0,0,24,22,0,0,0,0,0.000000000000,0.000000000000
020321,False,False,excluded,excluded,non_list1,non_list1,insufficient_positive_pre_months,insufficient_positive_pre_months,0,0,24,22,0,0,0,0,0.000000000000,0.000000000000
020322,False,False,excluded,excluded,non_list1,non_list1,insufficient_positive_pre_months,insufficient_positive_pre_months,0,0,24,22,0,0,0,0,0.000000000000,0.000000000000
020329,False,False,excluded,excluded,non_list1,non_list1,insufficient_positive_pre_months|direct_policy_scope_overlap,insufficient_positive_pre_months|direct_policy_scope_overlap,0,0,24,22,0,0,0,0,0.000000000000,0.000000000000
020410,False,False,excluded,excluded,non_list1,non_list1,insufficient_positive_pre_months,insufficient_positive_pre_months,0,0,24,22,0,0,0,0,0.000000000000,0.000000000000
020422,False,False,excluded,excluded,non_list1,non_list1,insufficient_positive_pre_months,insufficient_positive_pre_months,0,0,24,22,0,0,0,0,0.000000000000,0.000000000000
020423,False,False,excluded,excluded,non_list1,non_list1,insufficient_positive_pre_months,insufficient_positive_pre_months,0,0,24,22,0,0,0,0,0.000000000000,0.000000000000
020430,False,False,excluded,excluded,non_list1,non_list1,insufficient_positive_pre_months,insufficient_positive_pre_months,0,0,24,22,0,0,0,0,0.000000000000,0.000000000000
020441,False,False,excluded,excluded,non_list1,non_list1,insufficient_positive_pre_months,insufficient_positive_pre_months,0,0,24,22,0,0,0,0,0.000000000000,0.000000000000
020442,False,False,excluded,excluded,non_list1,non_list1,insufficient_positive_pre_months,insufficient_positive_pre_months,0,0,24,22,0,0,0,0,0.000000000000,0.000000000000
020443,False,False,excluded,excluded,non_list1,non_list1,insufficient_positive_pre_months,insufficient_positive_pre_months,1,1,24,22,81634,81634,0,0,0.000000000000,0.000000000000
020450,False,False,excluded,excluded,non_list1,non_list1,insufficient_positive_pre_months,insufficient_positive_pre_months,0,0,24,22,0,0,0,0,0.000000000000,0.000000000000
020500,False,False,excluded,excluded,non_list1,non_list1,insufficient_positive_pre_months,insufficient_positive_pre_months,0,0,24,22,0,0,0,0,0.000000000000,0.000000000000
020610,False,False,excluded,excluded,non_list1,non_list1,insufficient_positive_pre_months|direct_policy_scope_overlap,insufficient_positive_pre_months|direct_policy_scope_overlap,1,1,24,22,10518,10518,0,0,0.000000000000,0.000000000000
020621,False,False,excluded,excluded,non_list1,non_list1,insufficient_positive_pre_months,insufficient_positive_pre_months,0,0,24,22,0,0,0,0,0.000000000000,0.000000000000
020622,False,False,excluded,excluded,non_list1,non_list1,insufficient_positive_pre_months,insufficient_positive_pre_months,0,0,24,22,0,0,0,0,0.000000000000,0.000000000000
020629,False,False,excluded,excluded,non_list1,non_list1,insufficient_positive_pre_months,insufficient_positive_pre_months,0,0,24,22,0,0,0,0,0.000000000000,0.000000000000
020630,False,False,excluded,excluded,non_list1,non_list1,insufficient_positive_pre_months,insufficient_positive_pre_months,0,0,24,22,0,0,0,0,0.000000000000,0.000000000000
020641,False,False,excluded,excluded,non_list1,non_list1,insufficient_positive_pre_months,insufficient_positive_pre_months,0,0,24,22,0,0,0,0,0.000000000000,0.000000000000
020649,False,False,excluded,excluded,non_list1,non_list1,insufficient_positive_pre_months,insufficient_positive_pre_months,0,0,24,22,0,0,0,0,0.000000000000,0.000000000000
020680,False,False,excluded,excluded,non_list1,non_list1,insufficient_positive_pre_months,insufficient_positive_pre_months,0,0,24,22,0,0,0,0,0.000000000000,0.000000000000
020690,False,False,excluded,excluded,non_list1,non_list1,insufficient_positive_pre_months,insufficient_positive_pre_months,0,0,24,22,0,0,0,0,0.000000000000,0.000000000000
020711,False,False,excluded,excluded,non_list1,non_list1,insufficient_positive_pre_months,insufficient_positive_pre_months,0,0,24,22,0,0,0,0,0.000000000000,0.000000000000
020712,False,False,excluded,excluded,non_list1,non_list1,insufficient_positive_pre_months,insufficient_positive_pre_months,0,0,24,22,0,0,0,0,0.000000000000,0.000000000000
020713,False,False,excluded,excluded,non_list1,non_list1,insufficient_positive_pre_months,insufficient_positive_pre_months,0,0,24,22,0,0,0,0,0.000000000000,0.000000000000
020714,False,False,excluded,excluded,non_list1,non_list1,insufficient_positive_pre_months,insufficient_positive_pre_months,0,0,24,22,0,0,0,0,0.000000000000,0.000000000000
020724,False,False,excluded,excluded,non_list1,non_list1,insufficient_positive_pre_months,insufficient_positive_pre_months,0,0,24,22,0,0,0,0,0.000000000000,0.000000000000
020725,False,False,excluded,excluded,non_list1,non_list1,insufficient_positive_pre_months,insufficient_positive_pre_months,0,0,24,22,0,0,0,0,0.000000000000,0.000000000000
020726,False,False,excluded,excluded,non_list1,non_list1,insufficient_positive_pre_months,insufficient_positive_pre_months,0,0,24,22,0,0,0,0,0.000000000000,0.000000000000
020727,False,False,excluded,excluded,non_list1,non_list1,insufficient_positive_pre_months,insufficient_positive_pre_months,0,0,24,22,0,0,0,0,0.000000000000,0.000000000000
020741,False,False,excluded,excluded,non_list1,non_list1,insufficient_positive_pre_months,insufficient_positive_pre_months,0,0,24,22,0,0,0,0,0.000000000000,0.000000000000
020742,False,False,excluded,excluded,non_list1,non_list1,insufficient_positive_pre_months,insufficient_positive_pre_months,0,0,24,22,0,0,0,0,0.000000000000,0.000000000000
020743,False,False,excluded,excluded,non_list1,non_list1,insufficient_positive_pre_months,insufficient_positive_pre_months,0,0,24,22,0,0,0,0,0.000000000000,0.000000000000
020744,False,False,excluded,excluded,non_list1,non_list1,insufficient_positive_pre_months,insufficient_positive_pre_months,0,0,24,22,0,0,0,0,0.000000000000,0.000000000000
020745,False,False,excluded,excluded,non_list1,non_list1,insufficient_positive_pre_months,insufficient_positive_pre_months,0,0,24,22,0,0,0,0,0.000000000000,0.000000000000
020760,False,False,excluded,excluded,non_list1,non_list1,insufficient_positive_pre_months,insufficient_positive_pre_months,0,0,24,22,0,0,0,0,0.000000000000,0.000000000000
020810,False,False,excluded,excluded,non_list1,non_list1,direct_policy_scope_overlap,direct_policy_scope_overlap,26,23,24,22,7567917,6786561,0,0,0.000000000000,0.000000000000
020850,False,False,excluded,excluded,non_list1,non_list1,insufficient_positive_pre_months,insufficient_positive_pre_months,0,0,24,22,0,0,0,0,0.000000000000,0.000000000000
020890,False,False,excluded,excluded,non_list1,non_list1,direct_policy_scope_overlap,direct_policy_scope_overlap,28,25,24,22,30544379,28793266,0,0,0.000000000000,0.000000000000
020910,False,False,excluded,excluded,non_list1,non_list1,insufficient_positive_pre_months,insufficient_positive_pre_months,0,0,24,22,0,0,0,0,0.000000000000,0.000000000000
020990,False,False,excluded,excluded,non_list1,non_list1,insufficient_positive_pre_months,insufficient_positive_pre_months,0,0,24,22,0,0,0,0,0.000000000000,0.000000000000
021011,False,False,excluded,excluded,non_list1,non_list1,insufficient_positive_pre_months,insufficient_positive_pre_months,0,0,24,22,0,0,0,0,0.000000000000,0.000000000000
021012,False,False,excluded,excluded,non_list1,non_list1,insufficient_positive_pre_months,insufficient_positive_pre_months,0,0,24,22,0,0,0,0,0.000000000000,0.000000000000
021019,False,False,excluded,excluded,non_list1,non_list1,insufficient_positive_pre_months|direct_policy_scope_overlap,insufficient_positive_pre_months|direct_policy_scope_overlap,1,1,24,22,10027,10027,0,0,0.000000000000,0.000000000000
021020,False,False,excluded,excluded,non_list1,non_list1,insufficient_positive_pre_months,insufficient_positive_pre_months,0,0,24,22,0,0,0,0,0.000000000000,0.000000000000
021093,False,False,excluded,excluded,non_list1,non_list1,insufficient_positive_pre_months,insufficient_positive_pre_months,0,0,24,22,0,0,0,0,0.000000000000,0.000000000000
021099,False,False,excluded,excluded,non_list1,non_list1,insufficient_positive_pre_months,insufficient_positive_pre_months,0,0,24,22,0,0,0,0,0.000000000000,0.000000000000
030111,False,False,excluded,excluded,non_list1,non_list1,direct_policy_scope_overlap,direct_policy_scope_overlap,29,26,24,22,3919190,3183065,0,0,0.000000000000,0.000000000000
030119,False,False,excluded,excluded,non_list1,non_list1,insufficient_positive_pre_months|direct_policy_scope_overlap,insufficient_positive_pre_months|direct_policy_scope_overlap,9,6,24,22,73847,47252,0,0,0.000000000000,0.000000000000
030191,False,False,excluded,excluded,non_list1,non_list1,insufficient_positive_pre_months|direct_policy_scope_overlap,insufficient_positive_pre_months|direct_policy_scope_overlap,0,0,24,22,0,0,0,0,0.000000000000,0.000000000000
030192,False,False,excluded,excluded,non_list1,non_list1,insufficient_positive_pre_months|direct_policy_scope_overlap,insufficient_positive_pre_months|direct_policy_scope_overlap,0,0,24,22,0,0,0,0,0.000000000000,0.000000000000
030193,False,False,excluded,excluded,non_list1,non_list1,insufficient_positive_pre_months|direct_policy_scope_overlap,insufficient_positive_pre_months|direct_policy_scope_overlap,0,0,24,22,0,0,0,0,0.000000000000,0.000000000000
030194,False,False,excluded,excluded,non_list1,non_list1,insufficient_positive_pre_months|direct_policy_scope_overlap,insufficient_positive_pre_months|direct_policy_scope_overlap,0,0,24,22,0,0,0,0,0.000000000000,0.000000000000
030195,False,False,excluded,excluded,non_list1,non_list1,insufficient_positive_pre_months|direct_policy_scope_overlap,insufficient_positive_pre_months|direct_policy_scope_overlap,0,0,24,22,0,0,0,0,0.000000000000,0.000000000000
030199,False,False,excluded,excluded,non_list1,non_list1,insufficient_positive_pre_months|direct_policy_scope_overlap,insufficient_positive_pre_months|direct_policy_scope_overlap,0,0,24,22,0,0,0,0,0.000000000000,0.000000000000
030211,False,False,excluded,excluded,non_list1,non_list1,insufficient_positive_pre_months|direct_policy_scope_overlap,insufficient_positive_pre_months|direct_policy_scope_overlap,0,0,24,22,0,0,0,0,0.000000000000,0.000000000000
030213,False,False,excluded,excluded,non_list1,non_list1,insufficient_positive_pre_months|direct_policy_scope_overlap,insufficient_positive_pre_months|direct_policy_scope_overlap,14,14,24,22,1381682,1381682,0,0,0.000000000000,0.000000000000
030214,False,False,excluded,excluded,non_list1,non_list1,insufficient_positive_pre_months|direct_policy_scope_overlap,insufficient_positive_pre_months|direct_policy_scope_overlap,0,0,24,22,0,0,0,0,0.000000000000,0.000000000000
030219,False,False,excluded,excluded,non_list1,non_list1,insufficient_positive_pre_months|direct_policy_scope_overlap,insufficient_positive_pre_months|direct_policy_scope_overlap,0,0,24,22,0,0,0,0,0.000000000000,0.000000000000
030221,False,False,excluded,excluded,non_list1,non_list1,insufficient_positive_pre_months|direct_policy_scope_overlap,insufficient_positive_pre_months|direct_policy_scope_overlap,0,0,24,22,0,0,0,0,0.000000000000,0.000000000000
030222,False,False,excluded,excluded,non_list1,non_list1,insufficient_positive_pre_months|direct_policy_scope_overlap,insufficient_positive_pre_months|direct_policy_scope_overlap,0,0,24,22,0,0,0,0,0.000000000000,0.000000000000
030223,False,False,excluded,excluded,non_list1,non_list1,insufficient_positive_pre_months|direct_policy_scope_overlap,insufficient_positive_pre_months|direct_policy_scope_overlap,1,1,24,22,34960,34960,0,0,0.000000000000,0.000000000000
030224,False,False,excluded,excluded,non_list1,non_list1,insufficient_positive_pre_months|direct_policy_scope_overlap,insufficient_positive_pre_months|direct_policy_scope_overlap,0,0,24,22,0,0,0,0,0.000000000000,0.000000000000
030229,False,False,excluded,excluded,non_list1,non_list1,insufficient_positive_pre_months|direct_policy_scope_overlap,insufficient_positive_pre_months|direct_policy_scope_overlap,12,12,24,22,177818,177818,0,0,0.000000000000,0.000000000000
030231,False,False,excluded,excluded,non_list1,non_list1,insufficient_positive_pre_months|direct_policy_scope_overlap,insufficient_positive_pre_months|direct_policy_scope_overlap,0,0,24,22,0,0,0,0,0.000000000000,0.000000000000
030232,False,False,excluded,excluded,non_list1,non_list1,insufficient_positive_pre_months|direct_policy_scope_overlap,insufficient_positive_pre_months|direct_policy_scope_overlap,1,1,24,22,4416,4416,0,0,0.000000000000,0.000000000000
030233,False,False,excluded,excluded,non_list1,non_list1,insufficient_positive_pre_months|direct_policy_scope_overlap,insufficient_positive_pre_months|direct_policy_scope_overlap,0,0,24,22,0,0,0,0,0.000000000000,0.000000000000
030234,False,False,excluded,excluded,non_list1,non_list1,insufficient_positive_pre_months|direct_policy_scope_overlap,insufficient_positive_pre_months|direct_policy_scope_overlap,1,1,24,22,6939,6939,0,0,0.000000000000,0.000000000000
030235,False,False,excluded,excluded,non_list1,non_list1,insufficient_positive_pre_months|direct_policy_scope_overlap,insufficient_positive_pre_months|direct_policy_scope_overlap,1,1,24,22,10061,10061,0,0,0.000000000000,0.000000000000
030236,False,False,excluded,excluded,non_list1,non_list1,insufficient_positive_pre_months|direct_policy_scope_overlap,insufficient_positive_pre_months|direct_policy_scope_overlap,0,0,24,22,0,0,0,0,0.000000000000,0.000000000000
030239,False,False,excluded,excluded,non_list1,non_list1,insufficient_positive_pre_months|direct_policy_scope_overlap,insufficient_positive_pre_months|direct_policy_scope_overlap,0,0,24,22,0,0,0,0,0.000000000000,0.000000000000
030241,False,False,excluded,excluded,non_list1,non_list1,insufficient_positive_pre_months|direct_policy_scope_overlap,insufficient_positive_pre_months|direct_policy_scope_overlap,0,0,24,22,0,0,0,0,0.000000000000,0.000000000000
030242,False,False,excluded,excluded,non_list1,non_list1,insufficient_positive_pre_months|direct_policy_scope_overlap,insufficient_positive_pre_months|direct_policy_scope_overlap,0,0,24,22,0,0,0,0,0.000000000000,0.000000000000
030243,False,False,excluded,excluded,non_list1,non_list1,insufficient_positive_pre_months|direct_policy_scope_overlap,insufficient_positive_pre_months|direct_policy_scope_overlap,8,7,24,22,220208,173243,0,0,0.000000000000,0.000000000000
030244,False,False,excluded,excluded,non_list1,non_list1,insufficient_positive_pre_months|direct_policy_scope_overlap,insufficient_positive_pre_months|direct_policy_scope_overlap,0,0,24,22,0,0,0,0,0.000000000000,0.000000000000
030245,False,False,excluded,excluded,non_list1,non_list1,insufficient_positive_pre_months|direct_policy_scope_overlap,insufficient_positive_pre_months|direct_policy_scope_overlap,8,5,24,22,781872,567152,0,0,0.000000000000,0.000000000000
030246,False,False,excluded,excluded,non_list1,non_list1,insufficient_positive_pre_months|direct_policy_scope_overlap,insufficient_positive_pre_months|direct_policy_scope_overlap,0,0,24,22,0,0,0,0,0.000000000000,0.000000000000
030247,False,False,excluded,excluded,non_list1,non_list1,insufficient_positive_pre_months|direct_policy_scope_overlap,insufficient_positive_pre_months|direct_policy_scope_overlap,0,0,24,22,0,0,0,0,0.000000000000,0.000000000000
030249,False,False,excluded,excluded,non_list1,non_list1,insufficient_positive_pre_months|direct_policy_scope_overlap,insufficient_positive_pre_months|direct_policy_scope_overlap,0,0,24,22,0,0,0,0,0.000000000000,0.000000000000
030251,False,False,excluded,excluded,non_list1,non_list1,insufficient_positive_pre_months|direct_policy_scope_overlap,insufficient_positive_pre_months|direct_policy_scope_overlap,0,0,24,22,0,0,0,0,0.000000000000,0.000000000000
030252,False,False,excluded,excluded,non_list1,non_list1,insufficient_positive_pre_months|direct_policy_scope_overlap,insufficient_positive_pre_months|direct_policy_scope_overlap,0,0,24,22,0,0,0,0,0.000000000000,0.000000000000
030254,False,False,excluded,excluded,non_list1,non_list1,insufficient_positive_pre_months|direct_policy_scope_overlap,insufficient_positive_pre_months|direct_policy_scope_overlap,0,0,24,22,0,0,0,0,0.000000000000,0.000000000000
030255,False,False,excluded,excluded,non_list1,non_list1,insufficient_positive_pre_months|direct_policy_scope_overlap,insufficient_positive_pre_months|direct_policy_scope_overlap,0,0,24,22,0,0,0,0,0.000000000000,0.000000000000
030256,False,False,excluded,excluded,non_list1,non_list1,insufficient_positive_pre_months|direct_policy_scope_overlap,insufficient_positive_pre_months|direct_policy_scope_overlap,0,0,24,22,0,0,0,0,0.000000000000,0.000000000000
030259,False,False,excluded,excluded,non_list1,non_list1,insufficient_positive_pre_months|direct_policy_scope_overlap,insufficient_positive_pre_months|direct_policy_scope_overlap,3,3,24,22,12519,12519,0,0,0.000000000000,0.000000000000
030271,False,False,excluded,excluded,non_list1,non_list1,insufficient_positive_pre_months|direct_policy_scope_overlap,insufficient_positive_pre_months|direct_policy_scope_overlap,2,2,24,22,53770,53770,0,0,0.000000000000,0.000000000000
030272,False,False,excluded,excluded,non_list1,non_list1,insufficient_positive_pre_months|direct_policy_scope_overlap,insufficient_positive_pre_months|direct_policy_scope_overlap,0,0,24,22,0,0,0,0,0.000000000000,0.000000000000
030273,False,False,excluded,excluded,non_list1,non_list1,insufficient_positive_pre_months|direct_policy_scope_overlap,insufficient_positive_pre_months|direct_policy_scope_overlap,0,0,24,22,0,0,0,0,0.000000000000,0.000000000000
030274,False,False,excluded,excluded,non_list1,non_list1,insufficient_positive_pre_months|direct_policy_scope_overlap,insufficient_positive_pre_months|direct_policy_scope_overlap,4,4,24,22,145130,145130,0,0,0.000000000000,0.000000000000
030279,False,False,excluded,excluded,non_list1,non_list1,insufficient_positive_pre_months|direct_policy_scope_overlap,insufficient_positive_pre_months|direct_policy_scope_overlap,0,0,24,22,0,0,0,0,0.000000000000,0.000000000000
030281,False,False,excluded,excluded,non_list1,non_list1,insufficient_positive_pre_months|direct_policy_scope_overlap,insufficient_positive_pre_months|direct_policy_scope_overlap,0,0,24,22,0,0,0,0,0.000000000000,0.000000000000
030282,False,False,excluded,excluded,non_list1,non_list1,insufficient_positive_pre_months|direct_policy_scope_overlap,insufficient_positive_pre_months|direct_policy_scope_overlap,0,0,24,22,0,0,0,0,0.000000000000,0.000000000000
030283,False,False,excluded,excluded,non_list1,non_list1,insufficient_positive_pre_months|direct_policy_scope_overlap,insufficient_positive_pre_months|direct_policy_scope_overlap,0,0,24,22,0,0,0,0,0.000000000000,0.000000000000
030284,False,False,excluded,excluded,non_list1,non_list1,insufficient_positive_pre_months|direct_policy_scope_overlap,insufficient_positive_pre_months|direct_policy_scope_overlap,1,0,24,22,132000,0,0,0,0.000000000000,0.000000000000
030285,False,False,excluded,excluded,non_list1,non_list1,insufficient_positive_pre_months|direct_policy_scope_overlap,insufficient_positive_pre_months|direct_policy_scope_overlap,0,0,24,22,0,0,0,0,0.000000000000,0.000000000000
030289,False,False,excluded,excluded,non_list1,non_list1,insufficient_positive_pre_months|direct_policy_scope_overlap,insufficient_positive_pre_months|direct_policy_scope_overlap,18,15,24,22,1000144,822936,0,0,0.000000000000,0.000000000000
030291,False,False,excluded,excluded,non_list1,non_list1,insufficient_positive_pre_months|direct_policy_scope_overlap,insufficient_positive_pre_months|direct_policy_scope_overlap,0,0,24,22,0,0,0,0,0.000000000000,0.000000000000
030292,False,False,excluded,excluded,non_list1,non_list1,insufficient_positive_pre_months|direct_policy_scope_overlap,insufficient_positive_pre_months|direct_policy_scope_overlap,0,0,24,22,0,0,0,0,0.000000000000,0.000000000000
030299,False,False,excluded,excluded,non_list1,non_list1,insufficient_positive_pre_months|direct_policy_scope_overlap,insufficient_positive_pre_months|direct_policy_scope_overlap,0,0,24,22,0,0,0,0,0.000000000000,0.000000000000
030311,False,False,excluded,excluded,non_list1,non_list1,insufficient_positive_pre_months|direct_policy_scope_overlap,insufficient_positive_pre_months|direct_policy_scope_overlap,0,0,24,22,0,0,0,0,0.000000000000,0.000000000000
030312,False,False,excluded,excluded,non_list1,non_list1,direct_policy_scope_overlap,direct_policy_scope_overlap,29,26,24,22,41315993,37292582,0,0,0.000000000000,0.000000000000
030313,False,False,excluded,excluded,non_list1,non_list1,insufficient_positive_pre_months|direct_policy_scope_overlap,insufficient_positive_pre_months|direct_policy_scope_overlap,0,0,24,22,0,0,0,0,0.000000000000,0.000000000000
030314,False,False,excluded,excluded,non_list1,non_list1,insufficient_positive_pre_months|direct_policy_scope_overlap,insufficient_positive_pre_months|direct_policy_scope_overlap,0,0,24,22,0,0,0,0,0.000000000000,0.000000000000
030319,False,False,excluded,excluded,non_list1,non_list1,insufficient_positive_pre_months|direct_policy_scope_overlap,insufficient_positive_pre_months|direct_policy_scope_overlap,0,0,24,22,0,0,0,0,0.000000000000,0.000000000000
030323,False,False,excluded,excluded,non_list1,non_list1,direct_policy_scope_overlap,direct_policy_scope_overlap,29,26,24,22,81756342,76338303,0,0,0.000000000000,0.000000000000
030324,False,False,excluded,excluded,non_list1,non_list1,insufficient_positive_pre_months|direct_policy_scope_overlap,insufficient_positive_pre_months|direct_policy_scope_overlap,5,5,24,22,124213,124213,0,0,0.000000000000,0.000000000000
030325,False,False,excluded,excluded,non_list1,non_list1,insufficient_positive_pre_months|direct_policy_scope_overlap,insufficient_positive_pre_months|direct_policy_scope_overlap,2,1,24,22,97755,38254,0,0,0.000000000000,0.000000000000
030326,False,False,excluded,excluded,non_list1,non_list1,insufficient_positive_pre_months|direct_policy_scope_overlap,insufficient_positive_pre_months|direct_policy_scope_overlap,13,11,24,22,821948,785329,0,0,0.000000000000,0.000000000000
030329,False,False,excluded,excluded,non_list1,non_list1,insufficient_positive_pre_months|direct_policy_scope_overlap,insufficient_positive_pre_months|direct_policy_scope_overlap,6,5,24,22,804454,649894,0,0,0.000000000000,0.000000000000
030331,False,False,excluded,excluded,non_list1,non_list1,insufficient_positive_pre_months|direct_policy_scope_overlap,insufficient_positive_pre_months|direct_policy_scope_overlap,8,8,24,22,1027309,1027309,0,0,0.000000000000,0.000000000000
030332,False,False,excluded,excluded,non_list1,non_list1,insufficient_positive_pre_months|direct_policy_scope_overlap,insufficient_positive_pre_months|direct_policy_scope_overlap,0,0,24,22,0,0,0,0,0.000000000000,0.000000000000
030333,False,False,excluded,excluded,non_list1,non_list1,insufficient_positive_pre_months|direct_policy_scope_overlap,insufficient_positive_pre_months|direct_policy_scope_overlap,5,5,24,22,98513,98513,0,0,0.000000000000,0.000000000000
030334,False,False,excluded,excluded,non_list1,non_list1,insufficient_positive_pre_months|direct_policy_scope_overlap,insufficient_positive_pre_months|direct_policy_scope_overlap,0,0,24,22,0,0,0,0,0.000000000000,0.000000000000
030339,False,False,excluded,excluded,non_list1,non_list1,direct_policy_scope_overlap,insufficient_positive_pre_months|direct_policy_scope_overlap,24,21,24,22,1069682,867224,0,0,0.000000000000,0.000000000000
030341,False,False,excluded,excluded,non_list1,non_list1,insufficient_positive_pre_months|direct_policy_scope_overlap,insufficient_positive_pre_months|direct_policy_scope_overlap,10,9,24,22,828874,626296,0,0,0.000000000000,0.000000000000
030342,False,False,excluded,excluded,non_list1,non_list1,insufficient_positive_pre_months|direct_policy_scope_overlap,insufficient_positive_pre_months|direct_policy_scope_overlap,5,5,24,22,325126,325126,0,0,0.000000000000,0.000000000000
030343,False,False,excluded,excluded,non_list1,non_list1,insufficient_positive_pre_months|direct_policy_scope_overlap,insufficient_positive_pre_months|direct_policy_scope_overlap,0,0,24,22,0,0,0,0,0.000000000000,0.000000000000
030344,False,False,excluded,excluded,non_list1,non_list1,insufficient_positive_pre_months|direct_policy_scope_overlap,insufficient_positive_pre_months|direct_policy_scope_overlap,1,0,24,22,72868,0,0,0,0.000000000000,0.000000000000
030345,False,False,excluded,excluded,non_list1,non_list1,insufficient_positive_pre_months|direct_policy_scope_overlap,insufficient_positive_pre_months|direct_policy_scope_overlap,0,0,24,22,0,0,0,0,0.000000000000,0.000000000000
030346,False,False,excluded,excluded,non_list1,non_list1,insufficient_positive_pre_months|direct_policy_scope_overlap,insufficient_positive_pre_months|direct_policy_scope_overlap,0,0,24,22,0,0,0,0,0.000000000000,0.000000000000
030349,False,False,excluded,excluded,non_list1,non_list1,insufficient_positive_pre_months|direct_policy_scope_overlap,insufficient_positive_pre_months|direct_policy_scope_overlap,0,0,24,22,0,0,0,0,0.000000000000,0.000000000000
030351,False,False,excluded,excluded,non_list1,non_list1,insufficient_positive_pre_months|direct_policy_scope_overlap,insufficient_positive_pre_months|direct_policy_scope_overlap,0,0,24,22,0,0,0,0,0.000000000000,0.000000000000
030353,False,False,excluded,excluded,non_list1,non_list1,insufficient_positive_pre_months|direct_policy_scope_overlap,insufficient_positive_pre_months|direct_policy_scope_overlap,4,2,24,22,208239,118060,0,0,0.000000000000,0.000000000000
030354,False,False,excluded,excluded,non_list1,non_list1,insufficient_positive_pre_months|direct_policy_scope_overlap,insufficient_positive_pre_months|direct_policy_scope_overlap,21,19,24,22,1352161,1332285,0,0,0.000000000000,0.000000000000
030355,False,False,excluded,excluded,non_list1,non_list1,direct_policy_scope_overlap,direct_policy_scope_overlap,24,22,24,22,2491669,2294781,0,0,0.000000000000,0.000000000000
030356,False,False,excluded,excluded,non_list1,non_list1,insufficient_positive_pre_months|direct_policy_scope_overlap,insufficient_positive_pre_months|direct_policy_scope_overlap,0,0,24,22,0,0,0,0,0.000000000000,0.000000000000
030357,False,False,excluded,excluded,non_list1,non_list1,insufficient_positive_pre_months|direct_policy_scope_overlap,insufficient_positive_pre_months|direct_policy_scope_overlap,0,0,24,22,0,0,0,0,0.000000000000,0.000000000000
030359,False,False,excluded,excluded,non_list1,non_list1,insufficient_positive_pre_months|direct_policy_scope_overlap,insufficient_positive_pre_months|direct_policy_scope_overlap,13,11,24,22,1174367,964594,0,0,0.000000000000,0.000000000000
030363,False,False,excluded,excluded,non_list1,non_list1,direct_policy_scope_overlap,direct_policy_scope_overlap,29,26,24,22,33249379,31302007,0,0,0.000000000000,0.000000000000
030364,False,False,excluded,excluded,non_list1,non_list1,insufficient_positive_pre_months|direct_policy_scope_overlap,insufficient_positive_pre_months|direct_policy_scope_overlap,8,8,24,22,278263,278263,0,0,0.000000000000,0.000000000000
030365,False,False,excluded,excluded,non_list1,non_list1,insufficient_positive_pre_months|direct_policy_scope_overlap,insufficient_positive_pre_months|direct_policy_scope_overlap,0,0,24,22,0,0,0,0,0.000000000000,0.000000000000
030366,False,False,excluded,excluded,non_list1,non_list1,insufficient_positive_pre_months|direct_policy_scope_overlap,insufficient_positive_pre_months|direct_policy_scope_overlap,0,0,24,22,0,0,0,0,0.000000000000,0.000000000000
030367,False,False,excluded,excluded,non_list1,non_list1,insufficient_positive_pre_months|direct_policy_scope_overlap,insufficient_positive_pre_months|direct_policy_scope_overlap,20,17,24,22,2086386,1508743,0,0,0.000000000000,0.000000000000
030368,False,False,excluded,excluded,non_list1,non_list1,insufficient_positive_pre_months|direct_policy_scope_overlap,insufficient_positive_pre_months|direct_policy_scope_overlap,0,0,24,22,0,0,0,0,0.000000000000,0.000000000000
030369,False,False,control_candidate,control_candidate,non_list1,non_list1,,,27,24,24,22,4571995,4174612,0,0,0.000000000000,0.000000000000
030381,False,False,excluded,excluded,non_list1,non_list1,insufficient_positive_pre_months|direct_policy_scope_overlap,insufficient_positive_pre_months|direct_policy_scope_overlap,0,0,24,22,0,0,0,0,0.000000000000,0.000000000000
030382,False,False,excluded,excluded,non_list1,non_list1,insufficient_positive_pre_months|direct_policy_scope_overlap,insufficient_positive_pre_months|direct_policy_scope_overlap,0,0,24,22,0,0,0,0,0.000000000000,0.000000000000
030383,False,False,excluded,excluded,non_list1,non_list1,insufficient_positive_pre_months|direct_policy_scope_overlap,insufficient_positive_pre_months|direct_policy_scope_overlap,0,0,24,22,0,0,0,0,0.000000000000,0.000000000000
030384,False,False,excluded,excluded,non_list1,non_list1,insufficient_positive_pre_months|direct_policy_scope_overlap,insufficient_positive_pre_months|direct_policy_scope_overlap,1,1,24,22,70530,70530,0,0,0.000000000000,0.000000000000
030389,False,False,excluded,excluded,non_list1,non_list1,direct_policy_scope_overlap,direct_policy_scope_overlap,29,26,24,22,122318855,106364306,0,0,0.000000000000,0.000000000000
030391,False,False,excluded,excluded,non_list1,non_list1,insufficient_positive_pre_months|direct_policy_scope_overlap,insufficient_positive_pre_months|direct_policy_scope_overlap,14,13,24,22,1845318,1696223,0,0,0.000000000000,0.000000000000
030392,False,False,excluded,excluded,non_list1,non_list1,insufficient_positive_pre_months|direct_policy_scope_overlap,insufficient_positive_pre_months|direct_policy_scope_overlap,0,0,24,22,0,0,0,0,0.000000000000,0.000000000000
030399,False,False,excluded,excluded,non_list1,non_list1,insufficient_positive_pre_months|direct_policy_scope_overlap,insufficient_positive_pre_months|direct_policy_scope_overlap,1,1,24,22,12900,12900,0,0,0.000000000000,0.000000000000
030431,False,False,excluded,excluded,non_list1,non_list1,insufficient_positive_pre_months|direct_policy_scope_overlap,insufficient_positive_pre_months|direct_policy_scope_overlap,0,0,24,22,0,0,0,0,0.000000000000,0.000000000000
030432,False,False,excluded,excluded,non_list1,non_list1,insufficient_positive_pre_months|direct_policy_scope_overlap,insufficient_positive_pre_months|direct_policy_scope_overlap,16,16,24,22,5117159,5117159,0,0,0.000000000000,0.000000000000
030433,False,False,excluded,excluded,non_list1,non_list1,insufficient_positive_pre_months|direct_policy_scope_overlap,insufficient_positive_pre_months|direct_policy_scope_overlap,8,8,24,22,522629,522629,0,0,0.000000000000,0.000000000000
030439,False,False,excluded,excluded,non_list1,non_list1,insufficient_positive_pre_months|direct_policy_scope_overlap,insufficient_positive_pre_months|direct_policy_scope_overlap,5,4,24,22,482533,456853,0,0,0.000000000000,0.000000000000
030441,False,False,excluded,excluded,non_list1,non_list1,direct_policy_scope_overlap,direct_policy_scope_overlap,29,26,24,22,11575963,11187818,0,0,0.000000000000,0.000000000000
030442,False,False,excluded,excluded,non_list1,non_list1,insufficient_positive_pre_months|direct_policy_scope_overlap,insufficient_positive_pre_months|direct_policy_scope_overlap,0,0,24,22,0,0,0,0,0.000000000000,0.000000000000
030443,False,False,excluded,excluded,non_list1,non_list1,direct_policy_scope_overlap,direct_policy_scope_overlap,28,25,24,22,5480869,5153127,0,0,0.000000000000,0.000000000000
030444,False,False,excluded,excluded,non_list1,non_list1,insufficient_positive_pre_months|direct_policy_scope_overlap,insufficient_positive_pre_months|direct_policy_scope_overlap,23,21,24,22,2862395,2440882,0,0,0.000000000000,0.000000000000
030445,False,False,excluded,excluded,non_list1,non_list1,insufficient_positive_pre_months|direct_policy_scope_overlap,insufficient_positive_pre_months|direct_policy_scope_overlap,0,0,24,22,0,0,0,0,0.000000000000,0.000000000000
030446,False,False,excluded,excluded,non_list1,non_list1,insufficient_positive_pre_months|direct_policy_scope_overlap,insufficient_positive_pre_months|direct_policy_scope_overlap,0,0,24,22,0,0,0,0,0.000000000000,0.000000000000
030447,False,False,excluded,excluded,non_list1,non_list1,insufficient_positive_pre_months|direct_policy_scope_overlap,insufficient_positive_pre_months|direct_policy_scope_overlap,0,0,24,22,0,0,0,0,0.000000000000,0.000000000000
030448,True,True,excluded,,non_list1,,insufficient_positive_pre_months|direct_policy_scope_overlap,,0,,24,,0,,0,,0.000000000000,
030449,False,False,excluded,excluded,non_list1,non_list1,insufficient_positive_pre_months|direct_policy_scope_overlap,insufficient_positive_pre_months|direct_policy_scope_overlap,3,3,24,22,156107,156107,0,0,0.000000000000,0.000000000000
030451,False,False,excluded,excluded,non_list1,non_list1,insufficient_positive_pre_months|direct_policy_scope_overlap,insufficient_positive_pre_months|direct_policy_scope_overlap,1,1,24,22,16380,16380,0,0,0.000000000000,0.000000000000
030452,False,False,excluded,excluded,non_list1,non_list1,insufficient_positive_pre_months|direct_policy_scope_overlap,insufficient_positive_pre_months|direct_policy_scope_overlap,3,2,24,22,296110,155550,0,0,0.000000000000,0.000000000000
030453,False,False,excluded,excluded,non_list1,non_list1,insufficient_positive_pre_months|direct_policy_scope_overlap,insufficient_positive_pre_months|direct_policy_scope_overlap,10,10,24,22,875686,875686,0,0,0.000000000000,0.000000000000
030454,False,False,excluded,excluded,non_list1,non_list1,insufficient_positive_pre_months|direct_policy_scope_overlap,insufficient_positive_pre_months|direct_policy_scope_overlap,0,0,24,22,0,0,0,0,0.000000000000,0.000000000000
030455,False,False,excluded,excluded,non_list1,non_list1,insufficient_positive_pre_months|direct_policy_scope_overlap,insufficient_positive_pre_months|direct_policy_scope_overlap,0,0,24,22,0,0,0,0,0.000000000000,0.000000000000
030459,False,False,excluded,excluded,non_list1,non_list1,insufficient_positive_pre_months|direct_policy_scope_overlap,insufficient_positive_pre_months|direct_policy_scope_overlap,23,21,24,22,4544813,3832110,0,0,0.000000000000,0.000000000000
030461,False,False,excluded,excluded,non_list1,non_list1,direct_policy_scope_overlap,direct_policy_scope_overlap,29,26,24,22,946960852,892029065,0,0,0.000000000000,0.000000000000
030462,False,False,excluded,excluded,non_list1,non_list1,direct_policy_scope_overlap,direct_policy_scope_overlap,28,25,24,22,82368488,77021952,0,0,0.000000000000,0.000000000000
030463,False,False,excluded,excluded,non_list1,non_list1,insufficient_positive_pre_months|direct_policy_scope_overlap,insufficient_positive_pre_months|direct_policy_scope_overlap,2,2,24,22,146080,146080,0,0,0.000000000000,0.000000000000
030469,False,False,excluded,excluded,non_list1,non_list1,direct_policy_scope_overlap,direct_policy_scope_overlap,27,26,24,22,12544478,12101215,0,0,0.000000000000,0.000000000000
030471,False,False,control_candidate,control_candidate,non_list1,non_list1,,,29,26,24,22,657809566,606894640,0,0,0.000000000000,0.000000000000
030472,False,False,excluded,excluded,non_list1,non_list1,direct_policy_scope_overlap,direct_policy_scope_overlap,29,26,24,22,151221629,138741026,0,0,0.000000000000,0.000000000000
030473,False,False,excluded,excluded,non_list1,non_list1,direct_policy_scope_overlap,direct_policy_scope_overlap,28,25,24,22,4909848,4548293,0,0,0.000000000000,0.000000000000
030474,False,False,excluded,excluded,non_list1,non_list1,direct_policy_scope_overlap,direct_policy_scope_overlap,26,23,24,22,6516227,5552407,0,0,0.000000000000,0.000000000000
030475,False,False,control_candidate,control_candidate,non_list1,non_list1,,,29,26,24,22,118422168,111872589,0,0,0.000000000000,0.000000000000
030479,False,False,excluded,excluded,non_list1,non_list1,direct_policy_scope_overlap,direct_policy_scope_overlap,29,26,24,22,110914495,101677435,0,0,0.000000000000,0.000000000000
030481,False,False,excluded,excluded,non_list1,non_list1,direct_policy_scope_overlap,direct_policy_scope_overlap,29,26,24,22,520547167,470520449,0,0,0.000000000000,0.000000000000
030482,False,False,excluded,excluded,non_list1,non_list1,insufficient_positive_pre_months|direct_policy_scope_overlap,insufficient_positive_pre_months|direct_policy_scope_overlap,2,2,24,22,116541,116541,0,0,0.000000000000,0.000000000000
030483,False,False,excluded,excluded,non_list1,non_list1,direct_policy_scope_overlap,direct_policy_scope_overlap,29,26,24,22,222263423,204342283,0,0,0.000000000000,0.000000000000
030484,False,False,excluded,excluded,non_list1,non_list1,insufficient_positive_pre_months|direct_policy_scope_overlap,insufficient_positive_pre_months|direct_policy_scope_overlap,0,0,24,22,0,0,0,0,0.000000000000,0.000000000000
030485,False,False,excluded,excluded,non_list1,non_list1,insufficient_positive_pre_months|direct_policy_scope_overlap,insufficient_positive_pre_months|direct_policy_scope_overlap,0,0,24,22,0,0,0,0,0.000000000000,0.000000000000
030486,False,False,excluded,excluded,non_list1,non_list1,insufficient_positive_pre_months|direct_policy_scope_overlap,insufficient_positive_pre_months|direct_policy_scope_overlap,0,0,24,22,0,0,0,0,0.000000000000,0.000000000000
030487,False,False,excluded,excluded,non_list1,non_list1,direct_policy_scope_overlap,direct_policy_scope_overlap,29,26,24,22,32746134,30313047,0,0,0.000000000000,0.000000000000
030488,False,False,excluded,excluded,non_list1,non_list1,insufficient_positive_pre_months|direct_policy_scope_overlap,insufficient_positive_pre_months|direct_policy_scope_overlap,2,2,24,22,16179,16179,0,0,0.000000000000,0.000000000000
030489,False,False,excluded,excluded,non_list1,non_list1,direct_policy_scope_overlap,direct_policy_scope_overlap,29,26,24,22,68861394,61764532,0,0,0.000000000000,0.000000000000
030491,False,False,excluded,excluded,non_list1,non_list1,insufficient_positive_pre_months|direct_policy_scope_overlap,insufficient_positive_pre_months|direct_policy_scope_overlap,0,0,24,22,0,0,0,0,0.000000000000,0.000000000000
030492,False,False,excluded,excluded,non_list1,non_list1,insufficient_positive_pre_months|direct_policy_scope_overlap,insufficient_positive_pre_months|direct_policy_scope_overlap,0,0,24,22,0,0,0,0,0.000000000000,0.000000000000
030493,False,False,excluded,excluded,non_list1,non_list1,insufficient_positive_pre_months|direct_policy_scope_overlap,insufficient_positive_pre_months|direct_policy_scope_overlap,12,12,24,22,617052,617052,0,0,0.000000000000,0.000000000000
030494,False,False,excluded,excluded,non_list1,non_list1,direct_policy_scope_overlap,direct_policy_scope_overlap,28,25,24,22,3532106,3084058,0,0,0.000000000000,0.000000000000
030495,False,False,excluded,excluded,non_list1,non_list1,direct_policy_scope_overlap,direct_policy_scope_overlap,25,23,24,22,4668848,4047769,0,0,0.000000000000,0.000000000000
030496,False,False,excluded,excluded,non_list1,non_list1,insufficient_positive_pre_months|direct_policy_scope_overlap,insufficient_positive_pre_months|direct_policy_scope_overlap,0,0,24,22,0,0,0,0,0.000000000000,0.000000000000
030499,False,False,excluded,excluded,non_list1,non_list1,insufficient_positive_pre_months|direct_policy_scope_overlap,direct_policy_scope_overlap,23,22,24,22,5759471,5722213,0,0,0.000000000000,0.000000000000
030510,False,False,excluded,excluded,non_list1,non_list1,insufficient_positive_pre_months|direct_policy_scope_overlap,insufficient_positive_pre_months|direct_policy_scope_overlap,20,17,24,22,985849,811356,0,0,0.000000000000,0.000000000000
030520,False,False,excluded,excluded,non_list1,non_list1,insufficient_positive_pre_months|direct_policy_scope_overlap,insufficient_positive_pre_months|direct_policy_scope_overlap,5,5,24,22,724644,724644,0,0,0.000000000000,0.000000000000
030531,False,False,excluded,excluded,non_list1,non_list1,insufficient_positive_pre_months|direct_policy_scope_overlap,insufficient_positive_pre_months|direct_policy_scope_overlap,16,13,24,22,3790985,3192500,0,0,0.000000000000,0.000000000000
030532,False,False,excluded,excluded,non_list1,non_list1,direct_policy_scope_overlap,direct_policy_scope_overlap,29,26,24,22,67707135,59802296,0,0,0.000000000000,0.000000000000
030539,False,False,excluded,excluded,non_list1,non_list1,insufficient_positive_pre_months|direct_policy_scope_overlap,insufficient_positive_pre_months|direct_policy_scope_overlap,15,12,24,22,5591075,5214621,0,0,0.000000000000,0.000000000000
030541,False,False,excluded,excluded,non_list1,non_list1,insufficient_positive_pre_months|direct_policy_scope_overlap,insufficient_positive_pre_months|direct_policy_scope_overlap,12,12,24,22,2290555,2290555,0,0,0.000000000000,0.000000000000
030542,False,False,excluded,excluded,non_list1,non_list1,insufficient_positive_pre_months|direct_policy_scope_overlap,insufficient_positive_pre_months|direct_policy_scope_overlap,0,0,24,22,0,0,0,0,0.000000000000,0.000000000000
030543,False,False,excluded,excluded,non_list1,non_list1,insufficient_positive_pre_months|direct_policy_scope_overlap,insufficient_positive_pre_months|direct_policy_scope_overlap,0,0,24,22,0,0,0,0,0.000000000000,0.000000000000
030544,False,False,excluded,excluded,non_list1,non_list1,insufficient_positive_pre_months|direct_policy_scope_overlap,insufficient_positive_pre_months|direct_policy_scope_overlap,0,0,24,22,0,0,0,0,0.000000000000,0.000000000000
030549,False,False,excluded,excluded,non_list1,non_list1,insufficient_positive_pre_months|direct_policy_scope_overlap,insufficient_positive_pre_months|direct_policy_scope_overlap,21,19,24,22,1327760,1286023,0,0,0.000000000000,0.000000000000
030551,False,False,excluded,excluded,non_list1,non_list1,direct_policy_scope_overlap,direct_policy_scope_overlap,28,25,24,22,5328862,5292649,0,0,0.000000000000,0.000000000000
030552,False,False,excluded,excluded,non_list1,non_list1,insufficient_positive_pre_months|direct_policy_scope_overlap,insufficient_positive_pre_months|direct_policy_scope_overlap,1,0,24,22,5022,0,0,0,0.000000000000,0.000000000000
030553,False,False,excluded,excluded,non_list1,non_list1,insufficient_positive_pre_months|direct_policy_scope_overlap,insufficient_positive_pre_months|direct_policy_scope_overlap,0,0,24,22,0,0,0,0,0.000000000000,0.000000000000
030554,False,False,excluded,excluded,non_list1,non_list1,insufficient_positive_pre_months|direct_policy_scope_overlap,insufficient_positive_pre_months|direct_policy_scope_overlap,1,1,24,22,45455,45455,0,0,0.000000000000,0.000000000000
030559,False,False,excluded,excluded,non_list1,non_list1,insufficient_positive_pre_months|direct_policy_scope_overlap,insufficient_positive_pre_months|direct_policy_scope_overlap,17,14,24,22,3729413,2976312,0,0,0.000000000000,0.000000000000
030561,False,False,excluded,excluded,non_list1,non_list1,insufficient_positive_pre_months|direct_policy_scope_overlap,insufficient_positive_pre_months|direct_policy_scope_overlap,2,2,24,22,207614,207614,0,0,0.000000000000,0.000000000000
030562,False,False,excluded,excluded,non_list1,non_list1,insufficient_positive_pre_months|direct_policy_scope_overlap,insufficient_positive_pre_months|direct_policy_scope_overlap,0,0,24,22,0,0,0,0,0.000000000000,0.000000000000
030563,False,False,excluded,excluded,non_list1,non_list1,insufficient_positive_pre_months|direct_policy_scope_overlap,insufficient_positive_pre_months|direct_policy_scope_overlap,2,2,24,22,141044,141044,0,0,0.000000000000,0.000000000000
030564,False,False,excluded,excluded,non_list1,non_list1,insufficient_positive_pre_months|direct_policy_scope_overlap,insufficient_positive_pre_months|direct_policy_scope_overlap,12,11,24,22,491532,417698,0,0,0.000000000000,0.000000000000
030569,False,False,excluded,excluded,non_list1,non_list1,direct_policy_scope_overlap,direct_policy_scope_overlap,29,26,24,22,21938709,19973848,0,0,0.000000000000,0.000000000000
030571,False,False,excluded,excluded,non_list1,non_list1,insufficient_positive_pre_months|direct_policy_scope_overlap,insufficient_positive_pre_months|direct_policy_scope_overlap,1,1,24,22,14279,14279,0,0,0.000000000000,0.000000000000
030572,False,False,excluded,excluded,non_list1,non_list1,insufficient_positive_pre_months|direct_policy_scope_overlap,insufficient_positive_pre_months|direct_policy_scope_overlap,17,16,24,22,886780,884351,0,0,0.000000000000,0.000000000000
030579,False,False,excluded,excluded,non_list1,non_list1,insufficient_positive_pre_months|direct_policy_scope_overlap,insufficient_positive_pre_months|direct_policy_scope_overlap,8,7,24,22,187956,175954,0,0,0.000000000000,0.000000000000
030611,False,False,excluded,excluded,non_list1,non_list1,direct_policy_scope_overlap,direct_policy_scope_overlap,26,24,24,22,17316237,16554059,0,0,0.000000000000,0.000000000000
030612,False,False,excluded,excluded,non_list1,non_list1,insufficient_positive_pre_months|direct_policy_scope_overlap,insufficient_positive_pre_months|direct_policy_scope_overlap,0,0,24,22,0,0,0,0,0.000000000000,0.000000000000
030614,False,False,excluded,excluded,non_list1,non_list1,direct_policy_scope_overlap,direct_policy_scope_overlap,29,26,24,22,74136950,65747520,0,0,0.000000000000,0.000000000000
030615,False,False,excluded,excluded,non_list1,non_list1,insufficient_positive_pre_months|direct_policy_scope_overlap,insufficient_positive_pre_months|direct_policy_scope_overlap,0,0,24,22,0,0,0,0,0.000000000000,0.000000000000
030616,False,False,excluded,excluded,non_list1,non_list1,insufficient_positive_pre_months|direct_policy_scope_overlap,insufficient_positive_pre_months|direct_policy_scope_overlap,12,10,24,22,715386,638446,0,0,0.000000000000,0.000000000000
030617,False,False,excluded,excluded,non_list1,non_list1,direct_policy_scope_overlap,direct_policy_scope_overlap,29,26,24,22,194643546,181052160,0,0,0.000000000000,0.000000000000
030619,False,False,excluded,excluded,non_list1,non_list1,direct_policy_scope_overlap,direct_policy_scope_overlap,25,23,24,22,25449485,24101588,0,0,0.000000000000,0.000000000000
030631,False,False,excluded,excluded,non_list1,non_list1,insufficient_positive_pre_months|direct_policy_scope_overlap,insufficient_positive_pre_months|direct_policy_scope_overlap,0,0,24,22,0,0,0,0,0.000000000000,0.000000000000
030632,False,False,excluded,excluded,non_list1,non_list1,insufficient_positive_pre_months|direct_policy_scope_overlap,insufficient_positive_pre_months|direct_policy_scope_overlap,0,0,24,22,0,0,0,0,0.000000000000,0.000000000000
030633,False,False,excluded,excluded,non_list1,non_list1,insufficient_positive_pre_months|direct_policy_scope_overlap,insufficient_positive_pre_months|direct_policy_scope_overlap,1,1,24,22,27264,27264,0,0,0.000000000000,0.000000000000
030634,False,False,excluded,excluded,non_list1,non_list1,insufficient_positive_pre_months|direct_policy_scope_overlap,insufficient_positive_pre_months|direct_policy_scope_overlap,0,0,24,22,0,0,0,0,0.000000000000,0.000000000000
030635,False,False,excluded,excluded,non_list1,non_list1,insufficient_positive_pre_months|direct_policy_scope_overlap,insufficient_positive_pre_months|direct_policy_scope_overlap,10,8,24,22,1840507,1671031,0,0,0.000000000000,0.000000000000
030636,False,False,excluded,excluded,non_list1,non_list1,insufficient_positive_pre_months|direct_policy_scope_overlap,insufficient_positive_pre_months|direct_policy_scope_overlap,15,12,24,22,3568440,3319980,0,0,0.000000000000,0.000000000000
030639,False,False,excluded,excluded,non_list1,non_list1,insufficient_positive_pre_months|direct_policy_scope_overlap,insufficient_positive_pre_months|direct_policy_scope_overlap,0,0,24,22,0,0,0,0,0.000000000000,0.000000000000
030691,False,False,excluded,excluded,non_list1,non_list1,insufficient_positive_pre_months|direct_policy_scope_overlap,insufficient_positive_pre_months|direct_policy_scope_overlap,0,0,24,22,0,0,0,0,0.000000000000,0.000000000000
030692,False,False,excluded,excluded,non_list1,non_list1,insufficient_positive_pre_months|direct_policy_scope_overlap,insufficient_positive_pre_months|direct_policy_scope_overlap,0,0,24,22,0,0,0,0,0.000000000000,0.000000000000
030693,False,False,excluded,excluded,non_list1,non_list1,insufficient_positive_pre_months|direct_policy_scope_overlap,insufficient_positive_pre_months|direct_policy_scope_overlap,5,4,24,22,50376,39344,0,0,0.000000000000,0.000000000000
030695,False,False,excluded,excluded,non_list1,non_list1,insufficient_positive_pre_months|direct_policy_scope_overlap,insufficient_positive_pre_months|direct_policy_scope_overlap,13,10,24,22,1607610,1423102,0,0,0.000000000000,0.000000000000
030699,False,False,excluded,excluded,non_list1,non_list1,insufficient_positive_pre_months|direct_policy_scope_overlap,insufficient_positive_pre_months|direct_policy_scope_overlap,1,1,24,22,9962,9962,0,0,0.000000000000,0.000000000000
030711,False,False,excluded,excluded,non_list1,non_list1,insufficient_positive_pre_months|direct_policy_scope_overlap,insufficient_positive_pre_months|direct_policy_scope_overlap,1,1,24,22,31980,31980,0,0,0.000000000000,0.000000000000
030712,False,False,excluded,excluded,non_list1,non_list1,insufficient_positive_pre_months|direct_policy_scope_overlap,insufficient_positive_pre_months|direct_policy_scope_overlap,0,0,24,22,0,0,0,0,0.000000000000,0.000000000000
030719,False,False,excluded,excluded,non_list1,non_list1,insufficient_positive_pre_months|direct_policy_scope_overlap,insufficient_positive_pre_months|direct_policy_scope_overlap,1,1,24,22,216000,216000,0,0,0.000000000000,0.000000000000
030721,False,False,excluded,excluded,non_list1,non_list1,insufficient_positive_pre_months|direct_policy_scope_overlap,insufficient_positive_pre_months|direct_policy_scope_overlap,1,1,24,22,42000,42000,0,0,0.000000000000,0.000000000000
030722,False,False,excluded,excluded,non_list1,non_list1,insufficient_positive_pre_months|direct_policy_scope_overlap,insufficient_positive_pre_months|direct_policy_scope_overlap,17,14,24,22,59538068,50368533,0,0,0.000000000000,0.000000000000
030729,False,False,excluded,excluded,non_list1,non_list1,insufficient_positive_pre_months|direct_policy_scope_overlap,insufficient_positive_pre_months|direct_policy_scope_overlap,17,14,24,22,33617359,29574228,0,0,0.000000000000,0.000000000000
030731,False,False,excluded,excluded,non_list1,non_list1,insufficient_positive_pre_months|direct_policy_scope_overlap,insufficient_positive_pre_months|direct_policy_scope_overlap,2,2,24,22,26145,26145,0,0,0.000000000000,0.000000000000
030732,False,False,excluded,excluded,non_list1,non_list1,insufficient_positive_pre_months|direct_policy_scope_overlap,insufficient_positive_pre_months|direct_policy_scope_overlap,4,3,24,22,224279,186529,0,0,0.000000000000,0.000000000000
030739,False,False,excluded,excluded,non_list1,non_list1,insufficient_positive_pre_months|direct_policy_scope_overlap,insufficient_positive_pre_months|direct_policy_scope_overlap,8,8,24,22,176584,176584,0,0,0.000000000000,0.000000000000
030742,False,False,excluded,excluded,non_list1,non_list1,insufficient_positive_pre_months|direct_policy_scope_overlap,insufficient_positive_pre_months|direct_policy_scope_overlap,7,5,24,22,316068,278512,0,0,0.000000000000,0.000000000000
030743,False,False,excluded,excluded,non_list1,non_list1,insufficient_positive_pre_months|direct_policy_scope_overlap,insufficient_positive_pre_months|direct_policy_scope_overlap,17,14,24,22,178918411,152436089,0,0,0.000000000000,0.000000000000
030749,False,False,excluded,excluded,non_list1,non_list1,insufficient_positive_pre_months|direct_policy_scope_overlap,insufficient_positive_pre_months|direct_policy_scope_overlap,17,14,24,22,113377633,97344349,0,0,0.000000000000,0.000000000000
030751,False,False,excluded,excluded,non_list1,non_list1,insufficient_positive_pre_months|direct_policy_scope_overlap,insufficient_positive_pre_months|direct_policy_scope_overlap,1,1,24,22,23440,23440,0,0,0.000000000000,0.000000000000
030752,False,False,excluded,excluded,non_list1,non_list1,insufficient_positive_pre_months|direct_policy_scope_overlap,insufficient_positive_pre_months|direct_policy_scope_overlap,17,14,24,22,12441688,9780344,0,0,0.000000000000,0.000000000000
030759,False,False,excluded,excluded,non_list1,non_list1,insufficient_positive_pre_months|direct_policy_scope_overlap,insufficient_positive_pre_months|direct_policy_scope_overlap,16,14,24,22,3036071,2849113,0,0,0.000000000000,0.000000000000
030760,False,False,excluded,excluded,non_list1,non_list1,insufficient_positive_pre_months|direct_policy_scope_overlap,insufficient_positive_pre_months|direct_policy_scope_overlap,10,9,24,22,118561,110252,0,0,0.000000000000,0.000000000000
030771,False,False,excluded,excluded,non_list1,non_list1,insufficient_positive_pre_months|direct_policy_scope_overlap,insufficient_positive_pre_months|direct_policy_scope_overlap,0,0,24,22,0,0,0,0,0.000000000000,0.000000000000
030772,False,False,excluded,excluded,non_list1,non_list1,insufficient_positive_pre_months|direct_policy_scope_overlap,insufficient_positive_pre_months|direct_policy_scope_overlap,14,11,24,22,929548,650161,0,0,0.000000000000,0.000000000000
030779,False,False,excluded,excluded,non_list1,non_list1,insufficient_positive_pre_months|direct_policy_scope_overlap,insufficient_positive_pre_months|direct_policy_scope_overlap,17,14,24,22,819938,710853,0,0,0.000000000000,0.000000000000
030781,False,False,excluded,excluded,non_list1,non_list1,insufficient_positive_pre_months|direct_policy_scope_overlap,insufficient_positive_pre_months|direct_policy_scope_overlap,1,1,24,22,9700,9700,0,0,0.000000000000,0.000000000000
030782,False,False,excluded,excluded,non_list1,non_list1,insufficient_positive_pre_months|direct_policy_scope_overlap,insufficient_positive_pre_months|direct_policy_scope_overlap,0,0,24,22,0,0,0,0,0.000000000000,0.000000000000
030783,False,False,excluded,excluded,non_list1,non_list1,insufficient_positive_pre_months|direct_policy_scope_overlap,insufficient_positive_pre_months|direct_policy_scope_overlap,7,6,24,22,326505,286305,0,0,0.000000000000,0.000000000000
030784,False,False,excluded,excluded,non_list1,non_list1,insufficient_positive_pre_months|direct_policy_scope_overlap,insufficient_positive_pre_months|direct_policy_scope_overlap,1,1,24,22,51800,51800,0,0,0.000000000000,0.000000000000
030787,False,False,excluded,excluded,non_list1,non_list1,insufficient_positive_pre_months|direct_policy_scope_overlap,insufficient_positive_pre_months|direct_policy_scope_overlap,12,10,24,22,1352800,1027830,0,0,0.000000000000,0.000000000000
030788,False,False,excluded,excluded,non_list1,non_list1,insufficient_positive_pre_months|direct_policy_scope_overlap,insufficient_positive_pre_months|direct_policy_scope_overlap,1,1,24,22,2850,2850,0,0,0.000000000000,0.000000000000
030791,False,False,excluded,excluded,non_list1,non_list1,insufficient_positive_pre_months|direct_policy_scope_overlap,insufficient_positive_pre_months|direct_policy_scope_overlap,0,0,24,22,0,0,0,0,0.000000000000,0.000000000000
030792,False,False,excluded,excluded,non_list1,non_list1,insufficient_positive_pre_months|direct_policy_scope_overlap,insufficient_positive_pre_months|direct_policy_scope_overlap,15,12,24,22,213230,174336,0,0,0.000000000000,0.000000000000
030799,False,False,excluded,excluded,non_list1,non_list1,insufficient_positive_pre_months|direct_policy_scope_overlap,insufficient_positive_pre_months|direct_policy_scope_overlap,17,14,24,22,1859111,1660022,0,0,0.000000000000,0.000000000000
030811,False,False,excluded,excluded,non_list1,non_list1,insufficient_positive_pre_months|direct_policy_scope_overlap,insufficient_positive_pre_months|direct_policy_scope_overlap,0,0,24,22,0,0,0,0,0.000000000000,0.000000000000
030812,False,False,excluded,excluded,non_list1,non_list1,insufficient_positive_pre_months|direct_policy_scope_overlap,insufficient_positive_pre_months|direct_policy_scope_overlap,4,3,24,22,65640,56460,0,0,0.000000000000,0.000000000000
030819,False,False,excluded,excluded,non_list1,non_list1,insufficient_positive_pre_months|direct_policy_scope_overlap,insufficient_positive_pre_months|direct_policy_scope_overlap,10,10,24,22,2595552,2595552,0,0,0.000000000000,0.000000000000
030821,False,False,excluded,excluded,non_list1,non_list1,insufficient_positive_pre_months|direct_policy_scope_overlap,insufficient_positive_pre_months|direct_policy_scope_overlap,15,14,24,22,309091,305021,0,0,0.000000000000,0.000000000000
030822,False,False,excluded,excluded,non_list1,non_list1,insufficient_positive_pre_months|direct_policy_scope_overlap,insufficient_positive_pre_months|direct_policy_scope_overlap,1,1,24,22,17280,17280,0,0,0.000000000000,0.000000000000
030829,False,False,excluded,excluded,non_list1,non_list1,insufficient_positive_pre_months|direct_policy_scope_overlap,insufficient_positive_pre_months|direct_policy_scope_overlap,0,0,24,22,0,0,0,0,0.000000000000,0.000000000000
030830,False,False,excluded,excluded,non_list1,non_list1,direct_policy_scope_overlap,direct_policy_scope_overlap,28,25,24,22,3038024,2930897,0,0,0.000000000000,0.000000000000
030890,False,False,excluded,excluded,non_list1,non_list1,insufficient_positive_pre_months|direct_policy_scope_overlap,insufficient_positive_pre_months|direct_policy_scope_overlap,11,10,24,22,276629,255062,0,0,0.000000000000,0.000000000000
040110,False,False,excluded,excluded,non_list1,non_list1,insufficient_positive_pre_months,insufficient_positive_pre_months,0,0,24,22,0,0,0,0,0.000000000000,0.000000000000
040120,False,False,excluded,excluded,non_list1,non_list1,insufficient_positive_pre_months,insufficient_positive_pre_months,0,0,24,22,0,0,0,0,0.000000000000,0.000000000000
040140,False,False,excluded,excluded,non_list1,non_list1,insufficient_positive_pre_months,insufficient_positive_pre_months,0,0,24,22,0,0,0,0,0.000000000000,0.000000000000
040150,False,False,excluded,excluded,non_list1,non_list1,insufficient_positive_pre_months,insufficient_positive_pre_months,0,0,24,22,0,0,0,0,0.000000000000,0.000000000000
040210,False,False,excluded,excluded,non_list1,non_list1,insufficient_positive_pre_months,insufficient_positive_pre_months,0,0,24,22,0,0,0,0,0.000000000000,0.000000000000
040221,False,False,excluded,excluded,non_list1,non_list1,insufficient_positive_pre_months,insufficient_positive_pre_months,0,0,24,22,0,0,0,0,0.000000000000,0.000000000000
040229,False,False,excluded,excluded,non_list1,non_list1,insufficient_positive_pre_months,insufficient_positive_pre_months,0,0,24,22,0,0,0,0,0.000000000000,0.000000000000
040291,False,False,excluded,excluded,non_list1,non_list1,insufficient_positive_pre_months,insufficient_positive_pre_months,0,0,24,22,0,0,0,0,0.000000000000,0.000000000000
040299,False,False,excluded,excluded,non_list1,non_list1,insufficient_positive_pre_months,insufficient_positive_pre_months,0,0,24,22,0,0,0,0,0.000000000000,0.000000000000
040310,False,False,excluded,excluded,non_list1,non_list1,insufficient_positive_pre_months,insufficient_positive_pre_months,0,0,24,22,0,0,0,0,0.000000000000,0.000000000000
040390,False,False,excluded,excluded,non_list1,non_list1,insufficient_positive_pre_months,insufficient_positive_pre_months,0,0,24,22,0,0,0,0,0.000000000000,0.000000000000
040410,False,False,excluded,excluded,non_list1,non_list1,insufficient_positive_pre_months|direct_policy_scope_overlap,insufficient_positive_pre_months|direct_policy_scope_overlap,1,1,24,22,7000,7000,0,0,0.000000000000,0.000000000000
040490,False,False,excluded,excluded,non_list1,non_list1,insufficient_positive_pre_months,insufficient_positive_pre_months,0,0,24,22,0,0,0,0,0.000000000000,0.000000000000
040510,False,False,excluded,excluded,non_list1,non_list1,insufficient_positive_pre_months|direct_policy_scope_overlap,insufficient_positive_pre_months|direct_policy_scope_overlap,1,1,24,22,92943,92943,0,0,0.000000000000,0.000000000000
040520,False,False,excluded,excluded,non_list1,non_list1,insufficient_positive_pre_months,insufficient_positive_pre_months,0,0,24,22,0,0,0,0,0.000000000000,0.000000000000
040590,False,False,excluded,excluded,non_list1,non_list1,insufficient_positive_pre_months,insufficient_positive_pre_months,0,0,24,22,0,0,0,0,0.000000000000,0.000000000000
040610,False,False,excluded,excluded,non_list1,non_list1,insufficient_positive_pre_months,insufficient_positive_pre_months,0,0,24,22,0,0,0,0,0.000000000000,0.000000000000
040620,False,False,excluded,excluded,non_list1,non_list1,insufficient_positive_pre_months,insufficient_positive_pre_months,0,0,24,22,0,0,0,0,0.000000000000,0.000000000000
040630,False,False,excluded,excluded,non_list1,non_list1,insufficient_positive_pre_months,insufficient_positive_pre_months,0,0,24,22,0,0,0,0,0.000000000000,0.000000000000
040640,False,False,excluded,excluded,non_list1,non_list1,insufficient_positive_pre_months,insufficient_positive_pre_months,0,0,24,22,0,0,0,0,0.000000000000,0.000000000000
040690,False,False,excluded,excluded,non_list1,non_list1,insufficient_positive_pre_months,insufficient_positive_pre_months,0,0,24,22,0,0,0,0,0.000000000000,0.000000000000
040711,False,False,excluded,excluded,non_list1,non_list1,insufficient_positive_pre_months,insufficient_positive_pre_months,0,0,24,22,0,0,0,0,0.000000000000,0.000000000000
040719,False,False,excluded,excluded,non_list1,non_list1,insufficient_positive_pre_months|direct_policy_scope_overlap,insufficient_positive_pre_months|direct_policy_scope_overlap,0,0,24,22,0,0,0,0,0.000000000000,0.000000000000
040721,False,False,excluded,excluded,non_list1,non_list1,insufficient_positive_pre_months|direct_policy_scope_overlap,insufficient_positive_pre_months|direct_policy_scope_overlap,0,0,24,22,0,0,0,0,0.000000000000,0.000000000000
040729,False,False,excluded,excluded,non_list1,non_list1,insufficient_positive_pre_months|direct_policy_scope_overlap,insufficient_positive_pre_months|direct_policy_scope_overlap,10,10,24,22,371658,371658,0,0,0.000000000000,0.000000000000
040790,False,False,excluded,excluded,non_list1,non_list1,direct_policy_scope_overlap,direct_policy_scope_overlap,29,26,24,22,13580990,11907486,0,0,0.000000000000,0.000000000000
040811,False,False,excluded,excluded,non_list1,non_list1,insufficient_positive_pre_months|direct_policy_scope_overlap,insufficient_positive_pre_months|direct_policy_scope_overlap,2,2,24,22,31458,31458,0,0,0.000000000000,0.000000000000
040819,False,False,excluded,excluded,non_list1,non_list1,direct_policy_scope_overlap,direct_policy_scope_overlap,27,25,24,22,4007564,3647083,0,0,0.000000000000,0.000000000000
040891,False,False,excluded,excluded,non_list1,non_list1,insufficient_positive_pre_months,insufficient_positive_pre_months,0,0,24,22,0,0,0,0,0.000000000000,0.000000000000
040899,False,False,excluded,excluded,non_list1,non_list1,insufficient_positive_pre_months|direct_policy_scope_overlap,insufficient_positive_pre_months|direct_policy_scope_overlap,10,9,24,22,583483,543341,0,0,0.000000000000,0.000000000000
040900,False,False,excluded,excluded,non_list1,non_list1,insufficient_positive_pre_months|direct_policy_scope_overlap,insufficient_positive_pre_months|direct_policy_scope_overlap,5,5,24,22,336244,336244,0,0,0.000000000000,0.000000000000
041000,False,False,excluded,excluded,non_list1,non_list1,direct_policy_scope_overlap,direct_policy_scope_overlap,29,26,24,22,9993063,8637938,0,0,0.000000000000,0.000000000000
050100,False,False,excluded,excluded,non_list1,non_list1,insufficient_positive_pre_months,insufficient_positive_pre_months,22,19,24,22,595438,451294,0,0,0.000000000000,0.000000000000
050210,False,False,control_candidate,control_candidate,non_list1,non_list1,,,29,26,24,22,16361626,14984871,0,0,0.000000000000,0.000000000000
050290,False,False,excluded,excluded,non_list1,non_list1,insufficient_positive_pre_months,insufficient_positive_pre_months,19,17,24,22,747555,730680,0,0,0.000000000000,0.000000000000
050400,False,False,control_candidate,control_candidate,non_list1,non_list1,,,29,26,24,22,356768164,313162206,0,0,0.000000000000,0.000000000000
050510,False,False,control_candidate,control_candidate,non_list1,non_list1,,,29,26,24,22,252588971,231131864,0,0,0.000000000000,0.000000000000
050590,False,False,excluded,excluded,non_list1,non_list1,direct_policy_scope_overlap,direct_policy_scope_overlap,25,23,24,22,609350,583187,0,0,0.000000000000,0.000000000000
050610,False,False,excluded,excluded,non_list1,non_list1,insufficient_positive_pre_months|direct_policy_scope_overlap,insufficient_positive_pre_months|direct_policy_scope_overlap,3,3,24,22,457610,457610,0,0,0.000000000000,0.000000000000
050690,False,False,excluded,excluded,non_list1,non_list1,insufficient_positive_pre_months|direct_policy_scope_overlap,insufficient_positive_pre_months|direct_policy_scope_overlap,17,16,24,22,360491,341991,0,0,0.000000000000,0.000000000000
050710,False,False,excluded,excluded,non_list1,non_list1,insufficient_positive_pre_months,insufficient_positive_pre_months,0,0,24,22,0,0,0,0,0.000000000000,0.000000000000
050790,False,False,excluded,excluded,non_list1,non_list1,insufficient_positive_pre_months|direct_policy_scope_overlap,insufficient_positive_pre_months|direct_policy_scope_overlap,14,12,24,22,398469,330114,0,0,0.000000000000,0.000000000000
050800,False,False,excluded,excluded,non_list1,non_list1,direct_policy_scope_overlap,direct_policy_scope_overlap,29,26,24,22,6257011,5506837,0,0,0.000000000000,0.000000000000
051000,False,False,excluded,excluded,non_list1,non_list1,insufficient_positive_pre_months|direct_policy_scope_overlap,insufficient_positive_pre_months|direct_policy_scope_overlap,7,7,24,22,109087,109087,0,0,0.000000000000,0.000000000000
051110,False,False,excluded,excluded,non_list1,non_list1,insufficient_positive_pre_months|direct_policy_scope_overlap,insufficient_positive_pre_months|direct_policy_scope_overlap,1,1,24,22,172948,172948,0,0,0.000000000000,0.000000000000
051191,False,False,excluded,excluded,non_list1,non_list1,direct_policy_scope_overlap,direct_policy_scope_overlap,29,26,24,22,13951819,12993274,0,0,0.000000000000,0.000000000000
051199,False,False,excluded,excluded,non_list1,non_list1,direct_policy_scope_overlap,direct_policy_scope_overlap,29,26,24,22,378458403,323028568,0,0,0.000000000000,0.000000000000
060110,False,False,excluded,excluded,non_list1,non_list1,insufficient_positive_pre_months,insufficient_positive_pre_months,15,14,24,22,540913,525495,0,0,0.000000000000,0.000000000000
060120,False,False,excluded,excluded,non_list1,non_list1,insufficient_positive_pre_months,insufficient_positive_pre_months,0,0,24,22,0,0,0,0,0.000000000000,0.000000000000
060210,False,False,control_candidate,control_candidate,non_list1,non_list1,,,29,26,24,22,9068497,8011844,0,0,0.000000000000,0.000000000000
060220,False,False,excluded,excluded,non_list1,non_list1,insufficient_positive_pre_months,insufficient_positive_pre_months,15,13,24,22,230058,63722,0,0,0.000000000000,0.000000000000
060230,False,False,excluded,excluded,non_list1,non_list1,insufficient_positive_pre_months,insufficient_positive_pre_months,0,0,24,22,0,0,0,0,0.000000000000,0.000000000000
060240,False,False,excluded,excluded,non_list1,non_list1,insufficient_positive_pre_months,insufficient_positive_pre_months,1,0,24,22,66389,0,0,0,0.000000000000,0.000000000000
060290,False,False,control_candidate,control_candidate,non_list1,non_list1,,,29,26,24,22,63047234,53974213,0,0,0.000000000000,0.000000000000
060311,False,False,excluded,excluded,non_list1,non_list1,insufficient_positive_pre_months,insufficient_positive_pre_months,7,5,24,22,69803,59262,0,0,0.000000000000,0.000000000000
060312,False,False,excluded,excluded,non_list1,non_list1,insufficient_positive_pre_months,insufficient_positive_pre_months,0,0,24,22,0,0,0,0,0.000000000000,0.000000000000
060313,False,False,excluded,excluded,non_list1,non_list1,insufficient_positive_pre_months,insufficient_positive_pre_months,0,0,24,22,0,0,0,0,0.000000000000,0.000000000000
060314,False,False,excluded,excluded,non_list1,non_list1,insufficient_positive_pre_months,insufficient_positive_pre_months,2,2,24,22,9706,9706,0,0,0.000000000000,0.000000000000
060315,False,False,excluded,excluded,non_list1,non_list1,insufficient_positive_pre_months,insufficient_positive_pre_months,0,0,24,22,0,0,0,0,0.000000000000,0.000000000000
060319,False,False,excluded,excluded,non_list1,non_list1,insufficient_positive_pre_months,insufficient_positive_pre_months,8,6,24,22,237254,124384,0,0,0.000000000000,0.000000000000
060390,False,False,control_candidate,control_candidate,non_list1,non_list1,,,29,26,24,22,3371649,2892047,0,0,0.000000000000,0.000000000000
060420,False,False,control_candidate,control_candidate,non_list1,non_list1,,,28,25,24,22,2612963,2434915,0,0,0.000000000000,0.000000000000
060490,False,False,control_candidate,control_candidate,non_list1,non_list1,,,29,26,24,22,44254662,40628363,0,0,0.000000000000,0.000000000000
070110,False,False,excluded,excluded,non_list1,non_list1,insufficient_positive_pre_months,insufficient_positive_pre_months,0,0,24,22,0,0,0,0,0.000000000000,0.000000000000
070190,False,False,excluded,excluded,non_list1,non_list1,insufficient_positive_pre_months,insufficient_positive_pre_months,0,0,24,22,0,0,0,0,0.000000000000,0.000000000000
070200,False,False,excluded,excluded,non_list1,non_list1,insufficient_positive_pre_months,insufficient_positive_pre_months,0,0,24,22,0,0,0,0,0.000000000000,0.000000000000
070310,False,False,excluded,excluded,non_list1,non_list1,direct_policy_scope_overlap,direct_policy_scope_overlap,29,26,24,22,6619244,5561292,0,0,0.000000000000,0.000000000000
070320,False,False,excluded,excluded,non_list1,non_list1,direct_policy_scope_overlap,direct_policy_scope_overlap,29,26,24,22,319137968,290278050,0,0,0.000000000000,0.000000000000
070390,False,False,excluded,excluded,non_list1,non_list1,insufficient_positive_pre_months|direct_policy_scope_overlap,insufficient_positive_pre_months|direct_policy_scope_overlap,0,0,24,22,0,0,0,0,0.000000000000,0.000000000000
070410,False,False,excluded,excluded,non_list1,non_list1,insufficient_positive_pre_months|direct_policy_scope_overlap,insufficient_positive_pre_months|direct_policy_scope_overlap,15,15,24,22,498083,498083,0,0,0.000000000000,0.000000000000
070420,False,False,excluded,excluded,non_list1,non_list1,insufficient_positive_pre_months,insufficient_positive_pre_months,0,0,24,22,0,0,0,0,0.000000000000,0.000000000000
070490,False,False,excluded,excluded,non_list1,non_list1,insufficient_positive_pre_months|direct_policy_scope_overlap,insufficient_positive_pre_months|direct_policy_scope_overlap,1,1,24,22,4954,4954,0,0,0.000000000000,0.000000000000
070511,False,False,excluded,excluded,non_list1,non_list1,insufficient_positive_pre_months,insufficient_positive_pre_months,0,0,24,22,0,0,0,0,0.000000000000,0.000000000000
070519,False,False,excluded,excluded,non_list1,non_list1,insufficient_positive_pre_months,insufficient_positive_pre_months,0,0,24,22,0,0,0,0,0.000000000000,0.000000000000
070521,False,False,excluded,excluded,non_list1,non_list1,insufficient_positive_pre_months,insufficient_positive_pre_months,0,0,24,22,0,0,0,0,0.000000000000,0.000000000000
070529,False,False,excluded,excluded,non_list1,non_list1,insufficient_positive_pre_months,insufficient_positive_pre_months,0,0,24,22,0,0,0,0,0.000000000000,0.000000000000
070610,False,False,excluded,excluded,non_list1,non_list1,insufficient_positive_pre_months|direct_policy_scope_overlap,insufficient_positive_pre_months|direct_policy_scope_overlap,1,0,24,22,3100,0,0,0,0.000000000000,0.000000000000
070690,False,False,excluded,excluded,non_list1,non_list1,direct_policy_scope_overlap,direct_policy_scope_overlap,29,26,24,22,1545004,1409449,0,0,0.000000000000,0.000000000000
070700,False,False,excluded,excluded,non_list1,non_list1,insufficient_positive_pre_months|direct_policy_scope_overlap,insufficient_positive_pre_months|direct_policy_scope_overlap,0,0,24,22,0,0,0,0,0.000000000000,0.000000000000
070810,False,False,excluded,excluded,non_list1,non_list1,insufficient_positive_pre_months|direct_policy_scope_overlap,insufficient_positive_pre_months|direct_policy_scope_overlap,1,1,24,22,14175,14175,0,0,0.000000000000,0.000000000000
070820,False,False,excluded,excluded,non_list1,non_list1,insufficient_positive_pre_months|direct_policy_scope_overlap,insufficient_positive_pre_months|direct_policy_scope_overlap,7,6,24,22,114670,108060,0,0,0.000000000000,0.000000000000
070890,False,False,excluded,excluded,non_list1,non_list1,insufficient_positive_pre_months|direct_policy_scope_overlap,insufficient_positive_pre_months|direct_policy_scope_overlap,6,5,24,22,203409,178589,0,0,0.000000000000,0.000000000000
070920,False,False,excluded,excluded,non_list1,non_list1,insufficient_positive_pre_months,insufficient_positive_pre_months,0,0,24,22,0,0,0,0,0.000000000000,0.000000000000
070930,False,False,excluded,excluded,non_list1,non_list1,insufficient_positive_pre_months,insufficient_positive_pre_months,0,0,24,22,0,0,0,0,0.000000000000,0.000000000000
070940,False,False,excluded,excluded,non_list1,non_list1,insufficient_positive_pre_months|direct_policy_scope_overlap,insufficient_positive_pre_months|direct_policy_scope_overlap,2,2,24,22,6871,6871,0,0,0.000000000000,0.000000000000
070951,False,False,excluded,excluded,non_list1,non_list1,direct_policy_scope_overlap,direct_policy_scope_overlap,29,26,24,22,9074038,8142175,0,0,0.000000000000,0.000000000000
070959,False,False,excluded,excluded,non_list1,non_list1,direct_policy_scope_overlap,direct_policy_scope_overlap,29,26,24,22,13515402,11882206,0,0,0.000000000000,0.000000000000
070960,False,False,excluded,excluded,non_list1,non_list1,insufficient_positive_pre_months|direct_policy_scope_overlap,insufficient_positive_pre_months|direct_policy_scope_overlap,10,9,24,22,393728,342192,0,0,0.000000000000,0.000000000000
070970,False,False,excluded,excluded,non_list1,non_list1,insufficient_positive_pre_months,insufficient_positive_pre_months,0,0,24,22,0,0,0,0,0.000000000000,0.000000000000
070991,False,False,excluded,excluded,non_list1,non_list1,insufficient_positive_pre_months,insufficient_positive_pre_months,0,0,24,22,0,0,0,0,0.000000000000,0.000000000000
070992,False,False,excluded,excluded,non_list1,non_list1,insufficient_positive_pre_months,insufficient_positive_pre_months,0,0,24,22,0,0,0,0,0.000000000000,0.000000000000
070993,False,False,excluded,excluded,non_list1,non_list1,insufficient_positive_pre_months|direct_policy_scope_overlap,insufficient_positive_pre_months|direct_policy_scope_overlap,0,0,24,22,0,0,0,0,0.000000000000,0.000000000000
070999,False,False,excluded,excluded,non_list1,non_list1,direct_policy_scope_overlap,direct_policy_scope_overlap,29,26,24,22,3682280,3100358,0,0,0.000000000000,0.000000000000
071010,False,False,excluded,excluded,non_list1,non_list1,insufficient_positive_pre_months|direct_policy_scope_overlap,insufficient_positive_pre_months|direct_policy_scope_overlap,16,15,24,22,257625,240288,0,0,0.000000000000,0.000000000000
071021,False,False,excluded,excluded,non_list1,non_list1,direct_policy_scope_overlap,direct_policy_scope_overlap,29,26,24,22,7632449,7060348,0,0,0.000000000000,0.000000000000
071022,False,False,excluded,excluded,non_list1,non_list1,direct_policy_scope_overlap,direct_policy_scope_overlap,29,26,24,22,12387093,11356352,0,0,0.000000000000,0.000000000000
071029,False,False,excluded,excluded,non_list1,non_list1,direct_policy_scope_overlap,direct_policy_scope_overlap,29,26,24,22,16491920,14950020,0,0,0.000000000000,0.000000000000
071030,False,False,excluded,excluded,non_list1,non_list1,direct_policy_scope_overlap,direct_policy_scope_overlap,29,26,24,22,36027811,32797143,0,0,0.000000000000,0.000000000000
071040,False,False,excluded,excluded,non_list1,non_list1,direct_policy_scope_overlap,direct_policy_scope_overlap,29,26,24,22,3929514,3525992,0,0,0.000000000000,0.000000000000
071080,False,False,excluded,excluded,non_list1,non_list1,direct_policy_scope_overlap,direct_policy_scope_overlap,29,26,24,22,80043295,71187873,0,0,0.000000000000,0.000000000000
071090,False,False,excluded,excluded,non_list1,non_list1,direct_policy_scope_overlap,direct_policy_scope_overlap,29,26,24,22,23114588,20769703,0,0,0.000000000000,0.000000000000
071120,False,False,excluded,excluded,non_list1,non_list1,insufficient_positive_pre_months,insufficient_positive_pre_months,0,0,24,22,0,0,0,0,0.000000000000,0.000000000000
071140,False,False,excluded,excluded,non_list1,non_list1,insufficient_positive_pre_months|direct_policy_scope_overlap,insufficient_positive_pre_months|direct_policy_scope_overlap,1,1,24,22,25830,25830,0,0,0.000000000000,0.000000000000
071151,False,False,excluded,excluded,non_list1,non_list1,insufficient_positive_pre_months|direct_policy_scope_overlap,insufficient_positive_pre_months|direct_policy_scope_overlap,1,1,24,22,5250,5250,0,0,0.000000000000,0.000000000000
071159,False,False,excluded,excluded,non_list1,non_list1,insufficient_positive_pre_months|direct_policy_scope_overlap,insufficient_positive_pre_months|direct_policy_scope_overlap,6,5,24,22,58799,35699,0,0,0.000000000000,0.000000000000
071190,False,False,excluded,excluded,non_list1,non_list1,direct_policy_scope_overlap,direct_policy_scope_overlap,29,26,24,22,1043018,939932,0,0,0.000000000000,0.000000000000
071220,False,False,excluded,excluded,non_list1,non_list1,direct_policy_scope_overlap,direct_policy_scope_overlap,29,26,24,22,16851972,14843896,0,0,0.000000000000,0.000000000000
071231,False,False,excluded,excluded,non_list1,non_list1,direct_policy_scope_overlap,direct_policy_scope_overlap,29,26,24,22,18409208,16611201,0,0,0.000000000000,0.000000000000
071232,False,False,excluded,excluded,non_list1,non_list1,direct_policy_scope_overlap,direct_policy_scope_overlap,29,26,24,22,2926341,2574113,0,0,0.000000000000,0.000000000000
071233,False,False,excluded,excluded,non_list1,non_list1,direct_policy_scope_overlap,direct_policy_scope_overlap,26,25,24,22,606346,553936,0,0,0.000000000000,0.000000000000
071239,False,False,excluded,excluded,non_list1,non_list1,direct_policy_scope_overlap,direct_policy_scope_overlap,29,26,24,22,34296814,30115873,0,0,0.000000000000,0.000000000000
071290,False,False,excluded,excluded,non_list1,non_list1,direct_policy_scope_overlap,direct_policy_scope_overlap,29,26,24,22,337443209,309153311,0,0,0.000000000000,0.000000000000
071310,False,False,excluded,excluded,non_list1,non_list1,direct_policy_scope_overlap,direct_policy_scope_overlap,29,26,24,22,3339145,3165903,0,0,0.000000000000,0.000000000000
071320,False,False,excluded,excluded,non_list1,non_list1,insufficient_positive_pre_months|direct_policy_scope_overlap,insufficient_positive_pre_months|direct_policy_scope_overlap,5,3,24,22,214561,142561,0,0,0.000000000000,0.000000000000
071331,False,False,excluded,excluded,non_list1,non_list1,direct_policy_scope_overlap,direct_policy_scope_overlap,29,26,24,22,46976825,41953648,0,0,0.000000000000,0.000000000000
071332,False,False,excluded,excluded,non_list1,non_list1,direct_policy_scope_overlap,direct_policy_scope_overlap,29,26,24,22,7362173,6794771,0,0,0.000000000000,0.000000000000
071333,False,False,excluded,excluded,non_list1,non_list1,direct_policy_scope_overlap,direct_policy_scope_overlap,29,26,24,22,20251722,17623923,0,0,0.000000000000,0.000000000000
071334,False,False,excluded,excluded,non_list1,non_list1,insufficient_positive_pre_months|direct_policy_scope_overlap,insufficient_positive_pre_months|direct_policy_scope_overlap,12,11,24,22,102605,92112,0,0,0.000000000000,0.000000000000
071335,False,False,excluded,excluded,non_list1,non_list1,insufficient_positive_pre_months|direct_policy_scope_overlap,insufficient_positive_pre_months|direct_policy_scope_overlap,15,14,24,22,249716,230935,0,0,0.000000000000,0.000000000000
071339,False,False,excluded,excluded,non_list1,non_list1,direct_policy_scope_overlap,direct_policy_scope_overlap,29,26,24,22,11072386,10345989,0,0,0.000000000000,0.000000000000
071340,False,False,excluded,excluded,non_list1,non_list1,insufficient_positive_pre_months|direct_policy_scope_overlap,insufficient_positive_pre_months|direct_policy_scope_overlap,10,8,24,22,77048,56349,0,0,0.000000000000,0.000000000000
071350,False,False,excluded,excluded,non_list1,non_list1,insufficient_positive_pre_months|direct_policy_scope_overlap,insufficient_positive_pre_months|direct_policy_scope_overlap,22,20,24,22,739446,667213,0,0,0.000000000000,0.000000000000
071360,False,False,excluded,excluded,non_list1,non_list1,insufficient_positive_pre_months|direct_policy_scope_overlap,insufficient_positive_pre_months|direct_policy_scope_overlap,0,0,24,22,0,0,0,0,0.000000000000,0.000000000000
071390,False,False,excluded,excluded,non_list1,non_list1,insufficient_positive_pre_months|direct_policy_scope_overlap,insufficient_positive_pre_months|direct_policy_scope_overlap,2,2,24,22,4290,4290,0,0,0.000000000000,0.000000000000
071410,False,False,excluded,excluded,non_list1,non_list1,insufficient_positive_pre_months|direct_policy_scope_overlap,insufficient_positive_pre_months|direct_policy_scope_overlap,2,2,24,22,8161,8161,0,0,0.000000000000,0.000000000000
071420,False,False,excluded,excluded,non_list1,non_list1,direct_policy_scope_overlap,direct_policy_scope_overlap,29,26,24,22,3265515,3022437,0,0,0.000000000000,0.000000000000
071430,False,False,excluded,excluded,non_list1,non_list1,direct_policy_scope_overlap,direct_policy_scope_overlap,29,26,24,22,6295913,5879272,0,0,0.000000000000,0.000000000000
071440,False,False,excluded,excluded,non_list1,non_list1,direct_policy_scope_overlap,direct_policy_scope_overlap,29,26,24,22,3749742,3058141,0,0,0.000000000000,0.000000000000
071450,False,False,excluded,excluded,non_list1,non_list1,insufficient_positive_pre_months|direct_policy_scope_overlap,insufficient_positive_pre_months|direct_policy_scope_overlap,0,0,24,22,0,0,0,0,0.000000000000,0.000000000000
071490,False,False,excluded,excluded,non_list1,non_list1,direct_policy_scope_overlap,direct_policy_scope_overlap,29,26,24,22,19825141,17500462,0,0,0.000000000000,0.000000000000
080111,False,False,excluded,excluded,non_list1,non_list1,insufficient_positive_pre_months|direct_policy_scope_overlap,insufficient_positive_pre_months|direct_policy_scope_overlap,6,5,24,22,101394,95274,0,0,0.000000000000,0.000000000000
080112,False,False,excluded,excluded,non_list1,non_list1,insufficient_positive_pre_months,insufficient_positive_pre_months,0,0,24,22,0,0,0,0,0.000000000000,0.000000000000
080119,False,False,excluded,excluded,non_list1,non_list1,insufficient_positive_pre_months|direct_policy_scope_overlap,insufficient_positive_pre_months|direct_policy_scope_overlap,7,6,24,22,106677,100521,0,0,0.000000000000,0.000000000000
080121,False,False,excluded,excluded,non_list1,non_list1,insufficient_positive_pre_months,insufficient_positive_pre_months,0,0,24,22,0,0,0,0,0.000000000000,0.000000000000
080122,False,False,excluded,excluded,non_list1,non_list1,insufficient_positive_pre_months,insufficient_positive_pre_months,0,0,24,22,0,0,0,0,0.000000000000,0.000000000000
080131,False,False,excluded,excluded,non_list1,non_list1,insufficient_positive_pre_months|direct_policy_scope_overlap,insufficient_positive_pre_months|direct_policy_scope_overlap,0,0,24,22,0,0,0,0,0.000000000000,0.000000000000
080132,False,False,excluded,excluded,non_list1,non_list1,direct_policy_scope_overlap,direct_policy_scope_overlap,29,26,24,22,5628607,4190207,0,0,0.000000000000,0.000000000000
080211,False,False,excluded,excluded,non_list1,non_list1,insufficient_positive_pre_months|direct_policy_scope_overlap,insufficient_positive_pre_months|direct_policy_scope_overlap,6,6,24,22,30003,30003,0,0,0.000000000000,0.000000000000
080212,False,False,excluded,excluded,non_list1,non_list1,direct_policy_scope_overlap,direct_policy_scope_overlap,26,24,24,22,531264,315490,0,0,0.000000000000,0.000000000000
080221,False,False,excluded,excluded,non_list1,non_list1,insufficient_positive_pre_months,insufficient_positive_pre_months,0,0,24,22,0,0,0,0,0.000000000000,0.000000000000
080222,False,False,excluded,excluded,non_list1,non_list1,insufficient_positive_pre_months|direct_policy_scope_overlap,insufficient_positive_pre_months|direct_policy_scope_overlap,0,0,24,22,0,0,0,0,0.000000000000,0.000000000000
080231,False,False,excluded,excluded,non_list1,non_list1,insufficient_positive_pre_months|direct_policy_scope_overlap,insufficient_positive_pre_months|direct_policy_scope_overlap,5,5,24,22,33925,33925,0,0,0.000000000000,0.000000000000
080232,False,False,excluded,excluded,non_list1,non_list1,insufficient_positive_pre_months|direct_policy_scope_overlap,insufficient_positive_pre_months|direct_policy_scope_overlap,21,18,24,22,3188885,2031775,0,0,0.000000000000,0.000000000000
080241,False,False,excluded,excluded,non_list1,non_list1,direct_policy_scope_overlap,direct_policy_scope_overlap,26,23,24,22,7182612,7004467,0,0,0.000000000000,0.000000000000
080242,False,False,excluded,excluded,non_list1,non_list1,direct_policy_scope_overlap,direct_policy_scope_overlap,25,23,24,22,2777441,2748967,0,0,0.000000000000,0.000000000000
080251,False,False,excluded,excluded,non_list1,non_list1,insufficient_positive_pre_months|direct_policy_scope_overlap,insufficient_positive_pre_months|direct_policy_scope_overlap,0,0,24,22,0,0,0,0,0.000000000000,0.000000000000
080252,False,False,excluded,excluded,non_list1,non_list1,insufficient_positive_pre_months|direct_policy_scope_overlap,insufficient_positive_pre_months|direct_policy_scope_overlap,5,3,24,22,44373,26721,0,0,0.000000000000,0.000000000000
080261,False,False,excluded,excluded,non_list1,non_list1,insufficient_positive_pre_months,insufficient_positive_pre_months,0,0,24,22,0,0,0,0,0.000000000000,0.000000000000
080262,False,False,excluded,excluded,non_list1,non_list1,insufficient_positive_pre_months|direct_policy_scope_overlap,insufficient_positive_pre_months|direct_policy_scope_overlap,19,17,24,22,5745727,4686143,0,0,0.000000000000,0.000000000000
080270,False,False,excluded,excluded,non_list1,non_list1,insufficient_positive_pre_months,insufficient_positive_pre_months,0,0,24,22,0,0,0,0,0.000000000000,0.000000000000
080280,False,False,excluded,excluded,non_list1,non_list1,insufficient_positive_pre_months|direct_policy_scope_overlap,insufficient_positive_pre_months|direct_policy_scope_overlap,1,1,24,22,3695,3695,0,0,0.000000000000,0.000000000000
080290,False,False,excluded,excluded,non_list1,non_list1,direct_policy_scope_overlap,direct_policy_scope_overlap,29,26,24,22,172160048,154232139,0,0,0.000000000000,0.000000000000
080310,False,False,excluded,excluded,non_list1,non_list1,insufficient_positive_pre_months|direct_policy_scope_overlap,insufficient_positive_pre_months|direct_policy_scope_overlap,1,1,24,22,23345,23345,0,0,0.000000000000,0.000000000000
080390,False,False,excluded,excluded,non_list1,non_list1,direct_policy_scope_overlap,direct_policy_scope_overlap,29,26,24,22,3323621,2858617,0,0,0.000000000000,0.000000000000
080410,False,False,excluded,excluded,non_list1,non_list1,direct_policy_scope_overlap,direct_policy_scope_overlap,29,26,24,22,7042326,6361406,0,0,0.000000000000,0.000000000000
080420,False,False,excluded,excluded,non_list1,non_list1,insufficient_positive_pre_months|direct_policy_scope_overlap,insufficient_positive_pre_months|direct_policy_scope_overlap,3,3,24,22,14533,14533,0,0,0.000000000000,0.000000000000
080430,False,False,excluded,excluded,non_list1,non_list1,direct_policy_scope_overlap,direct_policy_scope_overlap,29,26,24,22,1364721,1279784,0,0,0.000000000000,0.000000000000
080440,False,False,excluded,excluded,non_list1,non_list1,insufficient_positive_pre_months,insufficient_positive_pre_months,0,0,24,22,0,0,0,0,0.000000000000,0.000000000000
080450,False,False,excluded,excluded,non_list1,non_list1,direct_policy_scope_overlap,direct_policy_scope_overlap,29,26,24,22,1318259,1165124,0,0,0.000000000000,0.000000000000
080510,False,False,excluded,excluded,non_list1,non_list1,insufficient_positive_pre_months|direct_policy_scope_overlap,insufficient_positive_pre_months|direct_policy_scope_overlap,2,1,24,22,5825,2500,0,0,0.000000000000,0.000000000000
080521,False,False,excluded,excluded,non_list1,non_list1,insufficient_positive_pre_months|direct_policy_scope_overlap,insufficient_positive_pre_months|direct_policy_scope_overlap,16,13,24,22,536768,447308,0,0,0.000000000000,0.000000000000
080522,False,False,excluded,excluded,non_list1,non_list1,insufficient_positive_pre_months|direct_policy_scope_overlap,insufficient_positive_pre_months|direct_policy_scope_overlap,0,0,24,22,0,0,0,0,0.000000000000,0.000000000000
080529,False,False,excluded,excluded,non_list1,non_list1,insufficient_positive_pre_months|direct_policy_scope_overlap,insufficient_positive_pre_months|direct_policy_scope_overlap,0,0,24,22,0,0,0,0,0.000000000000,0.000000000000
080540,False,False,excluded,excluded,non_list1,non_list1,insufficient_positive_pre_months,insufficient_positive_pre_months,0,0,24,22,0,0,0,0,0.000000000000,0.000000000000
080550,False,False,excluded,excluded,non_list1,non_list1,insufficient_positive_pre_months,insufficient_positive_pre_months,0,0,24,22,0,0,0,0,0.000000000000,0.000000000000
080590,False,False,excluded,excluded,non_list1,non_list1,insufficient_positive_pre_months,insufficient_positive_pre_months,1,0,24,22,213005,0,0,0,0.000000000000,0.000000000000
080610,False,False,excluded,excluded,non_list1,non_list1,insufficient_positive_pre_months,insufficient_positive_pre_months,0,0,24,22,0,0,0,0,0.000000000000,0.000000000000
080620,False,False,excluded,excluded,non_list1,non_list1,direct_policy_scope_overlap,direct_policy_scope_overlap,28,25,24,22,2487272,1919738,0,0,0.000000000000,0.000000000000
080711,False,False,excluded,excluded,non_list1,non_list1,insufficient_positive_pre_months,insufficient_positive_pre_months,0,0,24,22,0,0,0,0,0.000000000000,0.000000000000
080719,False,False,excluded,excluded,non_list1,non_list1,insufficient_positive_pre_months,insufficient_positive_pre_months,0,0,24,22,0,0,0,0,0.000000000000,0.000000000000
080720,False,False,excluded,excluded,non_list1,non_list1,insufficient_positive_pre_months,insufficient_positive_pre_months,0,0,24,22,0,0,0,0,0.000000000000,0.000000000000
080810,False,False,excluded,excluded,non_list1,non_list1,direct_policy_scope_overlap,direct_policy_scope_overlap,28,25,24,22,12741009,11317697,0,0,0.000000000000,0.000000000000
080830,False,False,excluded,excluded,non_list1,non_list1,direct_policy_scope_overlap,direct_policy_scope_overlap,29,26,24,22,39016589,35917185,0,0,0.000000000000,0.000000000000
080840,False,False,excluded,excluded,non_list1,non_list1,insufficient_positive_pre_months|direct_policy_scope_overlap,insufficient_positive_pre_months|direct_policy_scope_overlap,2,1,24,22,52945,27880,0,0,0.000000000000,0.000000000000
080910,False,False,excluded,excluded,non_list1,non_list1,insufficient_positive_pre_months,insufficient_positive_pre_months,0,0,24,22,0,0,0,0,0.000000000000,0.000000000000
080921,False,False,excluded,excluded,non_list1,non_list1,insufficient_positive_pre_months,insufficient_positive_pre_months,0,0,24,22,0,0,0,0,0.000000000000,0.000000000000
080929,False,False,excluded,excluded,non_list1,non_list1,insufficient_positive_pre_months|direct_policy_scope_overlap,insufficient_positive_pre_months|direct_policy_scope_overlap,1,1,24,22,10850,10850,0,0,0.000000000000,0.000000000000
080930,False,False,excluded,excluded,non_list1,non_list1,insufficient_positive_pre_months|direct_policy_scope_overlap,insufficient_positive_pre_months|direct_policy_scope_overlap,3,3,24,22,56598,56598,0,0,0.000000000000,0.000000000000
080940,False,False,excluded,excluded,non_list1,non_list1,insufficient_positive_pre_months,insufficient_positive_pre_months,0,0,24,22,0,0,0,0,0.000000000000,0.000000000000
081010,False,False,excluded,excluded,non_list1,non_list1,insufficient_positive_pre_months|direct_policy_scope_overlap,insufficient_positive_pre_months|direct_policy_scope_overlap,1,1,24,22,33896,33896,0,0,0.000000000000,0.000000000000
081020,False,False,excluded,excluded,non_list1,non_list1,insufficient_positive_pre_months|direct_policy_scope_overlap,insufficient_positive_pre_months|direct_policy_scope_overlap,0,0,24,22,0,0,0,0,0.000000000000,0.000000000000
081040,False,False,excluded,excluded,non_list1,non_list1,insufficient_positive_pre_months|direct_policy_scope_overlap,insufficient_positive_pre_months|direct_policy_scope_overlap,1,1,24,22,6287,6287,0,0,0.000000000000,0.000000000000
081050,False,False,excluded,excluded,non_list1,non_list1,insufficient_positive_pre_months,insufficient_positive_pre_months,0,0,24,22,0,0,0,0,0.000000000000,0.000000000000
081060,False,False,excluded,excluded,non_list1,non_list1,insufficient_positive_pre_months,insufficient_positive_pre_months,0,0,24,22,0,0,0,0,0.000000000000,0.000000000000
081070,False,False,excluded,excluded,non_list1,non_list1,insufficient_positive_pre_months|direct_policy_scope_overlap,insufficient_positive_pre_months|direct_policy_scope_overlap,1,1,24,22,5430,5430,0,0,0.000000000000,0.000000000000
081090,False,False,excluded,excluded,non_list1,non_list1,insufficient_positive_pre_months|direct_policy_scope_overlap,insufficient_positive_pre_months|direct_policy_scope_overlap,20,18,24,22,9335934,9284773,0,0,0.000000000000,0.000000000000
081110,False,False,excluded,excluded,non_list1,non_list1,direct_policy_scope_overlap,direct_policy_scope_overlap,29,26,24,22,6743513,6477233,0,0,0.000000000000,0.000000000000
081120,False,False,excluded,excluded,non_list1,non_list1,direct_policy_scope_overlap,direct_policy_scope_overlap,29,26,24,22,3542414,3334169,0,0,0.000000000000,0.000000000000
081190,False,False,excluded,excluded,non_list1,non_list1,direct_policy_scope_overlap,direct_policy_scope_overlap,29,26,24,22,14191019,13106710,0,0,0.000000000000,0.000000000000
081210,False,False,excluded,excluded,non_list1,non_list1,insufficient_positive_pre_months,insufficient_positive_pre_months,0,0,24,22,0,0,0,0,0.000000000000,0.000000000000
081290,False,False,excluded,excluded,non_list1,non_list1,insufficient_positive_pre_months|direct_policy_scope_overlap,insufficient_positive_pre_months|direct_policy_scope_overlap,12,10,24,22,643238,510442,0,0,0.000000000000,0.000000000000
081310,False,False,excluded,excluded,non_list1,non_list1,insufficient_positive_pre_months|direct_policy_scope_overlap,insufficient_positive_pre_months|direct_policy_scope_overlap,8,8,24,22,271400,271400,0,0,0.000000000000,0.000000000000
081320,False,False,excluded,excluded,non_list1,non_list1,direct_policy_scope_overlap,direct_policy_scope_overlap,25,23,24,22,441677,429837,0,0,0.000000000000,0.000000000000
081330,False,False,excluded,excluded,non_list1,non_list1,direct_policy_scope_overlap,direct_policy_scope_overlap,29,26,24,22,23076138,20602491,0,0,0.000000000000,0.000000000000
081340,False,False,excluded,excluded,non_list1,non_list1,direct_policy_scope_overlap,direct_policy_scope_overlap,29,26,24,22,71663773,64248017,0,0,0.000000000000,0.000000000000
081350,False,False,excluded,excluded,non_list1,non_list1,direct_policy_scope_overlap,direct_policy_scope_overlap,29,26,24,22,2167860,2041735,0,0,0.000000000000,0.000000000000
081400,False,False,excluded,excluded,non_list1,non_list1,direct_policy_scope_overlap,direct_policy_scope_overlap,29,26,24,22,651684,582019,0,0,0.000000000000,0.000000000000
090111,False,False,control_candidate,control_candidate,non_list1,non_list1,,,29,26,24,22,57404094,54324234,0,0,0.000000000000,0.000000000000
090112,False,False,control_candidate,control_candidate,non_list1,non_list1,,,25,23,24,22,14460093,14296592,0,0,0.000000000000,0.000000000000
090121,False,False,control_candidate,control_candidate,non_list1,non_list1,,,28,25,24,22,3399151,2956376,0,0,0.000000000000,0.000000000000
090122,False,False,excluded,excluded,non_list1,non_list1,insufficient_positive_pre_months,insufficient_positive_pre_months,2,2,24,22,21923,21923,0,0,0.000000000000,0.000000000000
090190,False,False,excluded,excluded,non_list1,non_list1,insufficient_positive_pre_months,insufficient_positive_pre_months,0,0,24,22,0,0,0,0,0.000000000000,0.000000000000
090210,False,False,control_candidate,control_candidate,non_list1,non_list1,,,29,26,24,22,45488760,41659715,0,0,0.000000000000,0.000000000000
090220,False,False,control_candidate,control_candidate,non_list1,non_list1,,,29,26,24,22,72181928,63896890,0,0,0.000000000000,0.000000000000
090230,False,False,control_candidate,control_candidate,non_list1,non_list1,,,29,26,24,22,58201052,53627756,0,0,0.000000000000,0.000000000000
090240,False,False,control_candidate,control_candidate,non_list1,non_list1,,,29,26,24,22,48415124,44296322,0,0,0.000000000000,0.000000000000
090300,False,False,excluded,excluded,non_list1,non_list1,insufficient_positive_pre_months,insufficient_positive_pre_months,0,0,24,22,0,0,0,0,0.000000000000,0.000000000000
090411,False,False,control_candidate,control_candidate,non_list1,non_list1,,,29,26,24,22,9257675,8541119,0,0,0.000000000000,0.000000000000
090412,False,False,control_candidate,control_candidate,non_list1,non_list1,,,29,26,24,22,9962761,8947580,0,0,0.000000000000,0.000000000000
090421,False,False,control_candidate,control_candidate,non_list1,non_list1,,,29,26,24,22,115063516,103050855,0,0,0.000000000000,0.000000000000
090422,False,False,control_candidate,control_candidate,non_list1,non_list1,,,29,26,24,22,65786777,57350570,0,0,0.000000000000,0.000000000000
090510,False,False,excluded,excluded,non_list1,non_list1,insufficient_positive_pre_months,insufficient_positive_pre_months,1,1,24,22,3380,3380,0,0,0.000000000000,0.000000000000
090520,False,False,excluded,excluded,non_list1,non_list1,insufficient_positive_pre_months,insufficient_positive_pre_months,0,0,24,22,0,0,0,0,0.000000000000,0.000000000000
090611,False,False,control_candidate,control_candidate,non_list1,non_list1,,,29,26,24,22,910624,841822,0,0,0.000000000000,0.000000000000
090619,False,False,excluded,excluded,non_list1,non_list1,insufficient_positive_pre_months,insufficient_positive_pre_months,19,17,24,22,697194,690824,0,0,0.000000000000,0.000000000000
090620,False,False,excluded,excluded,non_list1,non_list1,insufficient_positive_pre_months,insufficient_positive_pre_months,23,20,24,22,929353,761023,0,0,0.000000000000,0.000000000000
090710,False,False,control_candidate,control_candidate,non_list1,non_list1,,,28,25,24,22,676498,613736,0,0,0.000000000000,0.000000000000
090720,False,False,excluded,excluded,non_list1,non_list1,insufficient_positive_pre_months,insufficient_positive_pre_months,11,11,24,22,186127,186127,0,0,0.000000000000,0.000000000000
090811,False,False,excluded,excluded,non_list1,non_list1,insufficient_positive_pre_months,insufficient_positive_pre_months,5,5,24,22,374567,374567,0,0,0.000000000000,0.000000000000
090812,False,False,excluded,excluded,non_list1,non_list1,insufficient_positive_pre_months,insufficient_positive_pre_months,3,3,24,22,34010,34010,0,0,0.000000000000,0.000000000000
090821,False,False,excluded,excluded,non_list1,non_list1,insufficient_positive_pre_months,insufficient_positive_pre_months,0,0,24,22,0,0,0,0,0.000000000000,0.000000000000
090822,False,False,excluded,excluded,non_list1,non_list1,insufficient_positive_pre_months,insufficient_positive_pre_months,0,0,24,22,0,0,0,0,0.000000000000,0.000000000000
090831,False,False,control_candidate,control_candidate,non_list1,non_list1,,,26,23,24,22,492382,376351,0,0,0.000000000000,0.000000000000
090832,False,False,excluded,excluded,non_list1,non_list1,insufficient_positive_pre_months,insufficient_positive_pre_months,2,1,24,22,6220,3360,0,0,0.000000000000,0.000000000000
090921,False,False,excluded,excluded,non_list1,non_list1,insufficient_positive_pre_months,insufficient_positive_pre_months,13,13,24,22,107475,107475,0,0,0.000000000000,0.000000000000
090922,False,False,excluded,excluded,non_list1,non_list1,insufficient_positive_pre_months,insufficient_positive_pre_months,6,6,24,22,62409,62409,0,0,0.000000000000,0.000000000000
090931,False,False,excluded,excluded,non_list1,non_list1,insufficient_positive_pre_months,insufficient_positive_pre_months,9,8,24,22,37969,33829,0,0,0.000000000000,0.000000000000
090932,False,False,excluded,excluded,non_list1,non_list1,insufficient_positive_pre_months,insufficient_positive_pre_months,15,14,24,22,96408,90158,0,0,0.000000000000,0.000000000000
090961,False,False,control_candidate,control_candidate,non_list1,non_list1,,,29,26,24,22,3771946,3406521,0,0,0.000000000000,0.000000000000
090962,False,False,excluded,excluded,non_list1,non_list1,insufficient_positive_pre_months,insufficient_positive_pre_months,15,15,24,22,160661,160661,0,0,0.000000000000,0.000000000000
091011,False,False,control_candidate,control_candidate,non_list1,non_list1,,,29,26,24,22,141008130,123168567,0,0,0.000000000000,0.000000000000
091012,False,False,control_candidate,control_candidate,non_list1,non_list1,,,29,26,24,22,8568375,7397365,0,0,0.000000000000,0.000000000000
091020,False,False,excluded,excluded,non_list1,non_list1,insufficient_positive_pre_months,insufficient_positive_pre_months,1,1,24,22,41012,41012,0,0,0.000000000000,0.000000000000
091030,False,False,control_candidate,control_candidate,non_list1,non_list1,,,29,26,24,22,6750372,6021887,0,0,0.000000000000,0.000000000000
091091,False,False,control_candidate,control_candidate,non_list1,non_list1,,,29,26,24,22,1470678,1334535,0,0,0.000000000000,0.000000000000
091099,False,False,control_candidate,control_candidate,non_list1,non_list1,,,29,26,24,22,3565529,3343760,0,0,0.000000000000,0.000000000000
100111,False,False,excluded,excluded,non_list1,non_list1,insufficient_positive_pre_months|direct_policy_scope_overlap,insufficient_positive_pre_months|direct_policy_scope_overlap,1,1,24,22,3300,3300,0,0,0.000000000000,0.000000000000
100119,False,False,excluded,excluded,non_list1,non_list1,insufficient_positive_pre_months,insufficient_positive_pre_months,0,0,24,22,0,0,0,0,0.000000000000,0.000000000000
100191,False,False,excluded,excluded,non_list1,non_list1,insufficient_positive_pre_months,insufficient_positive_pre_months,0,0,24,22,0,0,0,0,0.000000000000,0.000000000000
100199,False,False,excluded,excluded,non_list1,non_list1,insufficient_positive_pre_months|direct_policy_scope_overlap,insufficient_positive_pre_months|direct_policy_scope_overlap,3,2,24,22,58253,35550,0,0,0.000000000000,0.000000000000
100210,False,False,excluded,excluded,non_list1,non_list1,insufficient_positive_pre_months,insufficient_positive_pre_months,0,0,24,22,0,0,0,0,0.000000000000,0.000000000000
100290,False,False,excluded,excluded,non_list1,non_list1,insufficient_positive_pre_months,insufficient_positive_pre_months,0,0,24,22,0,0,0,0,0.000000000000,0.000000000000
100310,False,False,excluded,excluded,non_list1,non_list1,insufficient_positive_pre_months|direct_policy_scope_overlap,insufficient_positive_pre_months|direct_policy_scope_overlap,2,2,24,22,5343,5343,0,0,0.000000000000,0.000000000000
100390,False,False,excluded,excluded,non_list1,non_list1,direct_policy_scope_overlap,direct_policy_scope_overlap,26,23,24,22,242776,209005,0,0,0.000000000000,0.000000000000
100410,False,False,excluded,excluded,non_list1,non_list1,insufficient_positive_pre_months|direct_policy_scope_overlap,insufficient_positive_pre_months|direct_policy_scope_overlap,0,0,24,22,0,0,0,0,0.000000000000,0.000000000000
100490,False,False,excluded,excluded,non_list1,non_list1,insufficient_positive_pre_months|direct_policy_scope_overlap,insufficient_positive_pre_months|direct_policy_scope_overlap,8,7,24,22,22840,19285,0,0,0.000000000000,0.000000000000
100510,False,False,excluded,excluded,non_list1,non_list1,insufficient_positive_pre_months,insufficient_positive_pre_months,0,0,24,22,0,0,0,0,0.000000000000,0.000000000000
100590,False,False,excluded,excluded,non_list1,non_list1,insufficient_positive_pre_months|direct_policy_scope_overlap,direct_policy_scope_overlap,22,22,24,22,444034,444034,0,0,0.000000000000,0.000000000000
100610,False,False,excluded,excluded,non_list1,non_list1,insufficient_positive_pre_months,insufficient_positive_pre_months,0,0,24,22,0,0,0,0,0.000000000000,0.000000000000
100620,False,False,excluded,excluded,non_list1,non_list1,direct_policy_scope_overlap,insufficient_positive_pre_months|direct_policy_scope_overlap,24,21,24,22,1923478,1822213,0,0,0.000000000000,0.000000000000
100630,False,False,excluded,excluded,non_list1,non_list1,direct_policy_scope_overlap,direct_policy_scope_overlap,29,26,24,22,15024109,12969419,0,0,0.000000000000,0.000000000000
100640,False,False,excluded,excluded,non_list1,non_list1,insufficient_positive_pre_months|direct_policy_scope_overlap,insufficient_positive_pre_months|direct_policy_scope_overlap,15,14,24,22,138388,131838,0,0,0.000000000000,0.000000000000
100710,False,False,excluded,excluded,non_list1,non_list1,insufficient_positive_pre_months|direct_policy_scope_overlap,insufficient_positive_pre_months|direct_policy_scope_overlap,1,1,24,22,9600,9600,0,0,0.000000000000,0.000000000000
100790,False,False,excluded,excluded,non_list1,non_list1,insufficient_positive_pre_months|direct_policy_scope_overlap,insufficient_positive_pre_months|direct_policy_scope_overlap,14,13,24,22,380243,299893,0,0,0.000000000000,0.000000000000
100810,False,False,excluded,excluded,non_list1,non_list1,direct_policy_scope_overlap,direct_policy_scope_overlap,28,25,24,22,2359287,2147614,0,0,0.000000000000,0.000000000000
100821,False,False,excluded,excluded,non_list1,non_list1,insufficient_positive_pre_months|direct_policy_scope_overlap,insufficient_positive_pre_months|direct_policy_scope_overlap,10,9,24,22,57304,53344,0,0,0.000000000000,0.000000000000
100829,False,False,excluded,excluded,non_list1,non_list1,direct_policy_scope_overlap,direct_policy_scope_overlap,29,26,24,22,1421207,1247231,0,0,0.000000000000,0.000000000000
100830,False,False,excluded,excluded,non_list1,non_list1,insufficient_positive_pre_months|direct_policy_scope_overlap,insufficient_positive_pre_months|direct_policy_scope_overlap,1,1,24,22,8020,8020,0,0,0.000000000000,0.000000000000
100840,False,False,excluded,excluded,non_list1,non_list1,insufficient_positive_pre_months,insufficient_positive_pre_months,0,0,24,22,0,0,0,0,0.000000000000,0.000000000000
100850,False,False,excluded,excluded,non_list1,non_list1,insufficient_positive_pre_months|direct_policy_scope_overlap,insufficient_positive_pre_months|direct_policy_scope_overlap,1,1,24,22,57760,57760,0,0,0.000000000000,0.000000000000
100860,False,False,excluded,excluded,non_list1,non_list1,insufficient_positive_pre_months,insufficient_positive_pre_months,0,0,24,22,0,0,0,0,0.000000000000,0.000000000000
100890,False,False,excluded,excluded,non_list1,non_list1,direct_policy_scope_overlap,direct_policy_scope_overlap,27,24,24,22,419668,371814,0,0,0.000000000000,0.000000000000
110100,False,False,excluded,excluded,non_list1,non_list1,direct_policy_scope_overlap,direct_policy_scope_overlap,29,26,24,22,3443338,3164155,0,0,0.000000000000,0.000000000000
110220,False,False,excluded,excluded,non_list1,non_list1,insufficient_positive_pre_months|direct_policy_scope_overlap,insufficient_positive_pre_months|direct_policy_scope_overlap,16,14,24,22,172611,140951,0,0,0.000000000000,0.000000000000
110290,False,False,excluded,excluded,non_list1,non_list1,insufficient_positive_pre_months|direct_policy_scope_overlap,insufficient_positive_pre_months|direct_policy_scope_overlap,23,20,24,22,404446,362620,0,0,0.000000000000,0.000000000000
110311,False,False,excluded,excluded,non_list1,non_list1,insufficient_positive_pre_months|direct_policy_scope_overlap,insufficient_positive_pre_months|direct_policy_scope_overlap,4,4,24,22,48325,48325,0,0,0.000000000000,0.000000000000
110313,False,False,excluded,excluded,non_list1,non_list1,insufficient_positive_pre_months|direct_policy_scope_overlap,insufficient_positive_pre_months|direct_policy_scope_overlap,14,13,24,22,112205,106255,0,0,0.000000000000,0.000000000000
110319,False,False,excluded,excluded,non_list1,non_list1,insufficient_positive_pre_months|direct_policy_scope_overlap,insufficient_positive_pre_months|direct_policy_scope_overlap,14,12,24,22,412986,386096,0,0,0.000000000000,0.000000000000
110320,False,False,excluded,excluded,non_list1,non_list1,insufficient_positive_pre_months|direct_policy_scope_overlap,insufficient_positive_pre_months|direct_policy_scope_overlap,5,5,24,22,222800,222800,0,0,0.000000000000,0.000000000000
110412,False,False,excluded,excluded,non_list1,non_list1,insufficient_positive_pre_months|direct_policy_scope_overlap,insufficient_positive_pre_months|direct_policy_scope_overlap,5,4,24,22,32030,25688,0,0,0.000000000000,0.000000000000
110419,False,False,excluded,excluded,non_list1,non_list1,direct_policy_scope_overlap,direct_policy_scope_overlap,25,24,24,22,241412,234002,0,0,0.000000000000,0.000000000000
110422,False,False,excluded,excluded,non_list1,non_list1,insufficient_positive_pre_months|direct_policy_scope_overlap,insufficient_positive_pre_months|direct_policy_scope_overlap,2,2,24,22,6794,6794,0,0,0.000000000000,0.000000000000
110423,False,False,excluded,excluded,non_list1,non_list1,insufficient_positive_pre_months|direct_policy_scope_overlap,insufficient_positive_pre_months|direct_policy_scope_overlap,9,8,24,22,100909,93170,0,0,0.000000000000,0.000000000000
110429,False,False,excluded,excluded,non_list1,non_list1,direct_policy_scope_overlap,direct_policy_scope_overlap,29,26,24,22,2533311,2333052,0,0,0.000000000000,0.000000000000
110430,False,False,excluded,excluded,non_list1,non_list1,insufficient_positive_pre_months|direct_policy_scope_overlap,insufficient_positive_pre_months|direct_policy_scope_overlap,2,2,24,22,9312,9312,0,0,0.000000000000,0.000000000000
110510,False,False,excluded,excluded,non_list1,non_list1,insufficient_positive_pre_months|direct_policy_scope_overlap,insufficient_positive_pre_months|direct_policy_scope_overlap,21,18,24,22,976157,866247,0,0,0.000000000000,0.000000000000
110520,False,False,excluded,excluded,non_list1,non_list1,insufficient_positive_pre_months|direct_policy_scope_overlap,insufficient_positive_pre_months|direct_policy_scope_overlap,1,1,24,22,3720,3720,0,0,0.000000000000,0.000000000000
110610,False,False,excluded,excluded,non_list1,non_list1,insufficient_positive_pre_months|direct_policy_scope_overlap,insufficient_positive_pre_months|direct_policy_scope_overlap,5,5,24,22,40991,40991,0,0,0.000000000000,0.000000000000
110620,False,False,excluded,excluded,non_list1,non_list1,direct_policy_scope_overlap,direct_policy_scope_overlap,29,26,24,22,90246984,77864011,0,0,0.000000000000,0.000000000000
110630,False,False,excluded,excluded,non_list1,non_list1,direct_policy_scope_overlap,direct_policy_scope_overlap,25,22,24,22,2005234,1700053,0,0,0.000000000000,0.000000000000
110710,False,False,excluded,excluded,non_list1,non_list1,insufficient_positive_pre_months|direct_policy_scope_overlap,insufficient_positive_pre_months|direct_policy_scope_overlap,2,2,24,22,4513,4513,0,0,0.000000000000,0.000000000000
110720,False,False,excluded,excluded,non_list1,non_list1,insufficient_positive_pre_months|direct_policy_scope_overlap,insufficient_positive_pre_months|direct_policy_scope_overlap,5,4,24,22,31944,29602,0,0,0.000000000000,0.000000000000
110811,False,False,excluded,excluded,non_list1,non_list1,direct_policy_scope_overlap,direct_policy_scope_overlap,29,26,24,22,1567241,1407893,0,0,0.000000000000,0.000000000000
110812,False,False,excluded,excluded,non_list1,non_list1,direct_policy_scope_overlap,direct_policy_scope_overlap,29,26,24,22,2199401,1961451,0,0,0.000000000000,0.000000000000
110813,False,False,excluded,excluded,non_list1,non_list1,direct_policy_scope_overlap,direct_policy_scope_overlap,29,26,24,22,1157765,988647,0,0,0.000000000000,0.000000000000
110814,False,False,excluded,excluded,non_list1,non_list1,insufficient_positive_pre_months|direct_policy_scope_overlap,insufficient_positive_pre_months|direct_policy_scope_overlap,5,5,24,22,93219,93219,0,0,0.000000000000,0.000000000000
110819,False,False,excluded,excluded,non_list1,non_list1,direct_policy_scope_overlap,direct_policy_scope_overlap,29,26,24,22,6260348,5171582,0,0,0.000000000000,0.000000000000
110820,False,False,excluded,excluded,non_list1,non_list1,direct_policy_scope_overlap,direct_policy_scope_overlap,27,24,24,22,3948960,3110350,0,0,0.000000000000,0.000000000000
110900,False,False,excluded,excluded,non_list1,non_list1,direct_policy_scope_overlap,direct_policy_scope_overlap,24,22,24,22,6332511,6112636,0,0,0.000000000000,0.000000000000
120110,False,False,excluded,excluded,non_list1,non_list1,insufficient_positive_pre_months|direct_policy_scope_overlap,insufficient_positive_pre_months|direct_policy_scope_overlap,9,7,24,22,594750,451035,0,0,0.000000000000,0.000000000000
120190,False,False,excluded,excluded,non_list1,non_list1,direct_policy_scope_overlap,direct_policy_scope_overlap,29,26,24,22,28791210,27131540,0,0,0.000000000000,0.000000000000
120230,False,False,excluded,excluded,non_list1,non_list1,insufficient_positive_pre_months|direct_policy_scope_overlap,insufficient_positive_pre_months|direct_policy_scope_overlap,0,0,24,22,0,0,0,0,0.000000000000,0.000000000000
120241,False,False,excluded,excluded,non_list1,non_list1,insufficient_positive_pre_months,insufficient_positive_pre_months,0,0,24,22,0,0,0,0,0.000000000000,0.000000000000
120242,False,False,excluded,excluded,non_list1,non_list1,insufficient_positive_pre_months,insufficient_positive_pre_months,0,0,24,22,0,0,0,0,0.000000000000,0.000000000000
120400,False,False,excluded,excluded,non_list1,non_list1,insufficient_positive_pre_months|direct_policy_scope_overlap,insufficient_positive_pre_months|direct_policy_scope_overlap,6,6,24,22,272383,272383,0,0,0.000000000000,0.000000000000
120510,False,False,excluded,excluded,non_list1,non_list1,insufficient_positive_pre_months|direct_policy_scope_overlap,insufficient_positive_pre_months|direct_policy_scope_overlap,3,3,24,22,747523,747523,0,0,0.000000000000,0.000000000000
120590,False,False,excluded,excluded,non_list1,non_list1,insufficient_positive_pre_months|direct_policy_scope_overlap,insufficient_positive_pre_months|direct_policy_scope_overlap,0,0,24,22,0,0,0,0,0.000000000000,0.000000000000
120600,False,False,excluded,excluded,non_list1,non_list1,direct_policy_scope_overlap,direct_policy_scope_overlap,29,26,24,22,15490966,13644908,0,0,0.000000000000,0.000000000000
120721,False,False,excluded,excluded,non_list1,non_list1,insufficient_positive_pre_months,insufficient_positive_pre_months,0,0,24,22,0,0,0,0,0.000000000000,0.000000000000
120729,False,False,excluded,excluded,non_list1,non_list1,insufficient_positive_pre_months,insufficient_positive_pre_months,0,0,24,22,0,0,0,0,0.000000000000,0.000000000000
120740,False,False,excluded,excluded,non_list1,non_list1,direct_policy_scope_overlap,direct_policy_scope_overlap,29,26,24,22,2659397,2312649,0,0,0.000000000000,0.000000000000
120750,False,False,excluded,excluded,non_list1,non_list1,insufficient_positive_pre_months|direct_policy_scope_overlap,insufficient_positive_pre_months|direct_policy_scope_overlap,1,1,24,22,18780,18780,0,0,0.000000000000,0.000000000000
120770,False,False,excluded,excluded,non_list1,non_list1,direct_policy_scope_overlap,direct_policy_scope_overlap,25,23,24,22,9971139,9501301,0,0,0.000000000000,0.000000000000
120791,False,False,excluded,excluded,non_list1,non_list1,insufficient_positive_pre_months|direct_policy_scope_overlap,insufficient_positive_pre_months|direct_policy_scope_overlap,0,0,24,22,0,0,0,0,0.000000000000,0.000000000000
120799,False,False,excluded,excluded,non_list1,non_list1,direct_policy_scope_overlap,direct_policy_scope_overlap,29,26,24,22,36333347,33253382,0,0,0.000000000000,0.000000000000
120810,False,False,excluded,excluded,non_list1,non_list1,insufficient_positive_pre_months|direct_policy_scope_overlap,insufficient_positive_pre_months|direct_policy_scope_overlap,16,16,24,22,3609580,3609580,0,0,0.000000000000,0.000000000000
120890,False,False,excluded,excluded,non_list1,non_list1,insufficient_positive_pre_months|direct_policy_scope_overlap,insufficient_positive_pre_months|direct_policy_scope_overlap,15,13,24,22,221136,204331,0,0,0.000000000000,0.000000000000
120910,False,False,excluded,excluded,non_list1,non_list1,insufficient_positive_pre_months|direct_policy_scope_overlap,insufficient_positive_pre_months|direct_policy_scope_overlap,1,1,24,22,3296,3296,0,0,0.000000000000,0.000000000000
120921,False,False,excluded,excluded,non_list1,non_list1,insufficient_positive_pre_months|direct_policy_scope_overlap,insufficient_positive_pre_months|direct_policy_scope_overlap,1,1,24,22,220934,220934,0,0,0.000000000000,0.000000000000
120922,False,False,excluded,excluded,non_list1,non_list1,insufficient_positive_pre_months,insufficient_positive_pre_months,0,0,24,22,0,0,0,0,0.000000000000,0.000000000000
120923,False,False,excluded,excluded,non_list1,non_list1,insufficient_positive_pre_months,insufficient_positive_pre_months,0,0,24,22,0,0,0,0,0.000000000000,0.000000000000
120924,False,False,excluded,excluded,non_list1,non_list1,insufficient_positive_pre_months,insufficient_positive_pre_months,0,0,24,22,0,0,0,0,0.000000000000,0.000000000000
120925,False,False,excluded,excluded,non_list1,non_list1,insufficient_positive_pre_months|direct_policy_scope_overlap,insufficient_positive_pre_months|direct_policy_scope_overlap,1,0,24,22,19404,0,0,0,0.000000000000,0.000000000000
120929,False,False,excluded,excluded,non_list1,non_list1,insufficient_positive_pre_months|direct_policy_scope_overlap,insufficient_positive_pre_months|direct_policy_scope_overlap,23,21,24,22,2655885,2507472,0,0,0.000000000000,0.000000000000
120930,False,False,excluded,excluded,non_list1,non_list1,direct_policy_scope_overlap,direct_policy_scope_overlap,29,26,24,22,9982332,8381506,0,0,0.000000000000,0.000000000000
120991,False,False,excluded,excluded,non_list1,non_list1,direct_policy_scope_overlap,direct_policy_scope_overlap,29,26,24,22,155716713,147739508,0,0,0.000000000000,0.000000000000
120999,False,False,excluded,excluded,non_list1,non_list1,direct_policy_scope_overlap,direct_policy_scope_overlap,29,26,24,22,4174823,3779043,0,0,0.000000000000,0.000000000000
121010,False,False,excluded,excluded,non_list1,non_list1,insufficient_positive_pre_months|direct_policy_scope_overlap,insufficient_positive_pre_months|direct_policy_scope_overlap,0,0,24,22,0,0,0,0,0.000000000000,0.000000000000
121020,False,False,excluded,excluded,non_list1,non_list1,insufficient_positive_pre_months,insufficient_positive_pre_months,0,0,24,22,0,0,0,0,0.000000000000,0.000000000000
121120,False,False,excluded,excluded,non_list1,non_list1,insufficient_positive_pre_months|direct_policy_scope_overlap,insufficient_positive_pre_months|direct_policy_scope_overlap,17,14,24,22,46566084,37009955,0,0,0.000000000000,0.000000000000
121130,False,False,excluded,excluded,non_list1,non_list1,insufficient_positive_pre_months|direct_policy_scope_overlap,insufficient_positive_pre_months|direct_policy_scope_overlap,0,0,24,22,0,0,0,0,0.000000000000,0.000000000000
121150,False,False,excluded,excluded,non_list1,non_list1,insufficient_positive_pre_months|direct_policy_scope_overlap,insufficient_positive_pre_months|direct_policy_scope_overlap,3,2,24,22,72106,69506,0,0,0.000000000000,0.000000000000
121190,False,False,excluded,excluded,non_list1,non_list1,direct_policy_scope_overlap,direct_policy_scope_overlap,29,26,24,22,95331069,79066938,0,0,0.000000000000,0.000000000000
121221,False,False,excluded,excluded,non_list1,non_list1,direct_policy_scope_overlap,direct_policy_scope_overlap,29,26,24,22,31375403,28121092,0,0,0.000000000000,0.000000000000
121229,False,False,excluded,excluded,non_list1,non_list1,direct_policy_scope_overlap,direct_policy_scope_overlap,29,26,24,22,7776286,7118656,0,0,0.000000000000,0.000000000000
121291,False,False,excluded,excluded,non_list1,non_list1,insufficient_positive_pre_months,insufficient_positive_pre_months,0,0,24,22,0,0,0,0,0.000000000000,0.000000000000
121292,False,False,excluded,excluded,non_list1,non_list1,insufficient_positive_pre_months|direct_policy_scope_overlap,insufficient_positive_pre_months|direct_policy_scope_overlap,0,0,24,22,0,0,0,0,0.000000000000,0.000000000000
121293,False,False,excluded,excluded,non_list1,non_list1,insufficient_positive_pre_months,insufficient_positive_pre_months,0,0,24,22,0,0,0,0,0.000000000000,0.000000000000
121294,False,False,excluded,excluded,non_list1,non_list1,insufficient_positive_pre_months,insufficient_positive_pre_months,0,0,24,22,0,0,0,0,0.000000000000,0.000000000000
121299,False,False,excluded,excluded,non_list1,non_list1,direct_policy_scope_overlap,direct_policy_scope_overlap,29,26,24,22,113999957,100873894,0,0,0.000000000000,0.000000000000
121300,False,False,excluded,excluded,non_list1,non_list1,insufficient_positive_pre_months|direct_policy_scope_overlap,insufficient_positive_pre_months|direct_policy_scope_overlap,1,0,24,22,7410,0,0,0,0.000000000000,0.000000000000
121410,False,False,excluded,excluded,non_list1,non_list1,insufficient_positive_pre_months|direct_policy_scope_overlap,insufficient_positive_pre_months|direct_policy_scope_overlap,13,11,24,22,592286,489361,0,0,0.000000000000,0.000000000000
121490,False,False,excluded,excluded,non_list1,non_list1,insufficient_positive_pre_months|direct_policy_scope_overlap,insufficient_positive_pre_months|direct_policy_scope_overlap,20,18,24,22,782315,710776,0,0,0.000000000000,0.000000000000
130120,False,False,excluded,excluded,non_list1,non_list1,insufficient_positive_pre_months,insufficient_positive_pre_months,9,8,24,22,147222,123081,0,0,0.000000000000,0.000000000000
130190,False,False,control_candidate,control_candidate,non_list1,non_list1,,,26,23,24,22,5974903,5228412,0,0,0.000000000000,0.000000000000
130211,False,False,excluded,excluded,non_list1,non_list1,insufficient_positive_pre_months,insufficient_positive_pre_months,0,0,24,22,0,0,0,0,0.000000000000,0.000000000000
130212,False,False,control_candidate,control_candidate,non_list1,non_list1,,,29,26,24,22,26291042,25342607,0,0,0.000000000000,0.000000000000
130213,False,False,excluded,excluded,non_list1,non_list1,insufficient_positive_pre_months,insufficient_positive_pre_months,8,6,24,22,1258117,917210,0,0,0.000000000000,0.000000000000
130214,False,False,excluded,excluded,non_list1,non_list1,insufficient_positive_pre_months,insufficient_positive_pre_months,1,1,24,22,7500,7500,0,0,0.000000000000,0.000000000000
130219,False,False,control_candidate,control_candidate,non_list1,non_list1,,,29,26,24,22,413125357,356519827,0,0,0.000000000000,0.000000000000
130220,False,False,control_candidate,control_candidate,non_list1,non_list1,,,28,25,24,22,11030848,10027410,0,0,0.000000000000,0.000000000000
130231,False,False,control_candidate,control_candidate,non_list1,non_list1,,,29,26,24,22,11608870,10481055,0,0,0.000000000000,0.000000000000
130232,False,False,control_candidate,control_candidate,non_list1,non_list1,,,29,26,24,22,9171614,8327381,0,0,0.000000000000,0.000000000000
130239,False,False,control_candidate,control_candidate,non_list1,non_list1,,,29,26,24,22,13625173,11317832,0,0,0.000000000000,0.000000000000
140110,False,False,excluded,excluded,non_list1,non_list1,direct_policy_scope_overlap,direct_policy_scope_overlap,29,26,24,22,32889827,29122927,0,0,0.000000000000,0.000000000000
140120,False,False,control_candidate,control_candidate,non_list1,non_list1,,,29,26,24,22,5009578,4597037,0,0,0.000000000000,0.000000000000
140190,False,False,excluded,excluded,non_list1,non_list1,insufficient_positive_pre_months|direct_policy_scope_overlap,insufficient_positive_pre_months|direct_policy_scope_overlap,18,16,24,22,460412,341831,0,0,0.000000000000,0.000000000000
140420,False,False,excluded,excluded,non_list1,non_list1,insufficient_positive_pre_months|direct_policy_scope_overlap,insufficient_positive_pre_months|direct_policy_scope_overlap,2,2,24,22,8836,8836,0,0,0.000000000000,0.000000000000
140490,False,False,excluded,excluded,non_list1,non_list1,direct_policy_scope_overlap,direct_policy_scope_overlap,29,26,24,22,26668289,25210496,0,0,0.000000000000,0.000000000000
150110,False,False,excluded,excluded,non_list1,non_list1,insufficient_positive_pre_months,insufficient_positive_pre_months,0,0,24,22,0,0,0,0,0.000000000000,0.000000000000
150120,False,False,excluded,excluded,non_list1,non_list1,insufficient_positive_pre_months,insufficient_positive_pre_months,0,0,24,22,0,0,0,0,0.000000000000,0.000000000000
150190,False,False,excluded,excluded,non_list1,non_list1,insufficient_positive_pre_months,insufficient_positive_pre_months,0,0,24,22,0,0,0,0,0.000000000000,0.000000000000
150210,False,False,excluded,excluded,non_list1,non_list1,insufficient_positive_pre_months,insufficient_positive_pre_months,0,0,24,22,0,0,0,0,0.000000000000,0.000000000000
150290,False,False,excluded,excluded,non_list1,non_list1,insufficient_positive_pre_months,insufficient_positive_pre_months,0,0,24,22,0,0,0,0,0.000000000000,0.000000000000
150300,False,False,excluded,excluded,non_list1,non_list1,insufficient_positive_pre_months,insufficient_positive_pre_months,0,0,24,22,0,0,0,0,0.000000000000,0.000000000000
150410,False,False,excluded,excluded,non_list1,non_list1,direct_policy_scope_overlap,direct_policy_scope_overlap,29,26,24,22,7313002,6830251,0,0,0.000000000000,0.000000000000
150420,False,False,excluded,excluded,non_list1,non_list1,direct_policy_scope_overlap,direct_policy_scope_overlap,29,26,24,22,14313231,12715531,0,0,0.000000000000,0.000000000000
150430,False,False,excluded,excluded,non_list1,non_list1,insufficient_positive_pre_months,insufficient_positive_pre_months,1,1,24,22,36177,36177,0,0,0.000000000000,0.000000000000
150500,False,False,excluded,excluded,non_list1,non_list1,direct_policy_scope_overlap,direct_policy_scope_overlap,29,26,24,22,11799834,9692125,0,0,0.000000000000,0.000000000000
150600,False,False,excluded,excluded,non_list1,non_list1,insufficient_positive_pre_months|direct_policy_scope_overlap,insufficient_positive_pre_months|direct_policy_scope_overlap,7,7,24,22,205550,205550,0,0,0.000000000000,0.000000000000
150710,False,False,excluded,excluded,non_list1,non_list1,insufficient_positive_pre_months,insufficient_positive_pre_months,1,1,24,22,3000,3000,0,0,0.000000000000,0.000000000000
150790,False,False,excluded,excluded,non_list1,non_list1,insufficient_positive_pre_months,insufficient_positive_pre_months,5,4,24,22,72311,23031,0,0,0.000000000000,0.000000000000
150810,False,False,excluded,excluded,non_list1,non_list1,insufficient_positive_pre_months,insufficient_positive_pre_months,20,18,24,22,1061027,998642,0,0,0.000000000000,0.000000000000
150890,False,False,control_candidate,control_candidate,non_list1,non_list1,,,24,22,24,22,748743,730353,0,0,0.000000000000,0.000000000000
150910,False,False,excluded,excluded,non_list1,non_list1,insufficient_positive_pre_months,insufficient_positive_pre_months,2,2,24,22,182283,182283,0,0,0.000000000000,0.000000000000
150990,False,False,excluded,excluded,non_list1,non_list1,insufficient_positive_pre_months,insufficient_positive_pre_months,2,1,24,22,497223,489743,0,0,0.000000000000,0.000000000000
151000,False,False,excluded,excluded,non_list1,non_list1,insufficient_positive_pre_months,insufficient_positive_pre_months,1,1,24,22,24502,24502,0,0,0.000000000000,0.000000000000
151110,False,False,excluded,excluded,non_list1,non_list1,insufficient_positive_pre_months,insufficient_positive_pre_months,0,0,24,22,0,0,0,0,0.000000000000,0.000000000000
151190,False,False,excluded,excluded,non_list1,non_list1,insufficient_positive_pre_months,insufficient_positive_pre_months,1,1,24,22,25392,25392,0,0,0.000000000000,0.000000000000
151211,False,False,excluded,excluded,non_list1,non_list1,insufficient_positive_pre_months,insufficient_positive_pre_months,0,0,24,22,0,0,0,0,0.000000000000,0.000000000000
151219,False,False,excluded,excluded,non_list1,non_list1,insufficient_positive_pre_months,insufficient_positive_pre_months,16,14,24,22,318243,302292,0,0,0.000000000000,0.000000000000
151221,False,False,excluded,excluded,non_list1,non_list1,insufficient_positive_pre_months,insufficient_positive_pre_months,0,0,24,22,0,0,0,0,0.000000000000,0.000000000000
151229,False,False,excluded,excluded,non_list1,non_list1,insufficient_positive_pre_months,insufficient_positive_pre_months,0,0,24,22,0,0,0,0,0.000000000000,0.000000000000
151311,False,False,excluded,excluded,non_list1,non_list1,insufficient_positive_pre_months,insufficient_positive_pre_months,11,10,24,22,545712,531006,0,0,0.000000000000,0.000000000000
151319,False,False,excluded,excluded,non_list1,non_list1,insufficient_positive_pre_months,insufficient_positive_pre_months,18,16,24,22,823346,714123,0,0,0.000000000000,0.000000000000
151321,False,False,excluded,excluded,non_list1,non_list1,insufficient_positive_pre_months,insufficient_positive_pre_months,0,0,24,22,0,0,0,0,0.000000000000,0.000000000000
151329,False,False,excluded,excluded,non_list1,non_list1,insufficient_positive_pre_months,insufficient_positive_pre_months,0,0,24,22,0,0,0,0,0.000000000000,0.000000000000
151411,False,False,excluded,excluded,non_list1,non_list1,insufficient_positive_pre_months,insufficient_positive_pre_months,0,0,24,22,0,0,0,0,0.000000000000,0.000000000000
151419,False,False,excluded,excluded,non_list1,non_list1,insufficient_positive_pre_months,insufficient_positive_pre_months,2,0,24,22,21106,0,0,0,0.000000000000,0.000000000000
151491,False,False,excluded,excluded,non_list1,non_list1,insufficient_positive_pre_months,insufficient_positive_pre_months,4,4,24,22,79916,79916,0,0,0.000000000000,0.000000000000
151499,False,False,excluded,excluded,non_list1,non_list1,insufficient_positive_pre_months,insufficient_positive_pre_months,7,7,24,22,65206,65206,0,0,0.000000000000,0.000000000000
151511,False,False,excluded,excluded,non_list1,non_list1,insufficient_positive_pre_months,insufficient_positive_pre_months,7,6,24,22,456694,405622,0,0,0.000000000000,0.000000000000
151519,False,False,control_candidate,control_candidate,non_list1,non_list1,,,29,26,24,22,4500851,4230278,0,0,0.000000000000,0.000000000000
151521,False,False,excluded,excluded,non_list1,non_list1,insufficient_positive_pre_months,insufficient_positive_pre_months,1,1,24,22,3660,3660,0,0,0.000000000000,0.000000000000
151529,False,False,excluded,excluded,non_list1,non_list1,insufficient_positive_pre_months,insufficient_positive_pre_months,1,1,24,22,3062,3062,0,0,0.000000000000,0.000000000000
151530,False,False,excluded,excluded,non_list1,non_list1,insufficient_positive_pre_months,insufficient_positive_pre_months,2,2,24,22,51083,51083,0,0,0.000000000000,0.000000000000
151550,False,False,control_candidate,control_candidate,non_list1,non_list1,,,29,26,24,22,6684578,5796975,0,0,0.000000000000,0.000000000000
151590,False,False,control_candidate,control_candidate,non_list1,non_list1,,,29,26,24,22,32886990,29073035,0,0,0.000000000000,0.000000000000
151610,False,False,excluded,excluded,non_list1,non_list1,insufficient_positive_pre_months,insufficient_positive_pre_months,4,3,24,22,55455,44455,0,0,0.000000000000,0.000000000000
151620,False,False,control_candidate,control_candidate,non_list1,non_list1,,,26,23,24,22,6650003,5965025,0,0,0.000000000000,0.000000000000
151710,False,False,excluded,excluded,non_list1,non_list1,insufficient_positive_pre_months,insufficient_positive_pre_months,0,0,24,22,0,0,0,0,0.000000000000,0.000000000000
151790,False,False,control_candidate,control_candidate,non_list1,non_list1,,,29,26,24,22,1756840,1625493,0,0,0.000000000000,0.000000000000
151800,False,False,control_candidate,control_candidate,non_list1,non_list1,,,29,26,24,22,5607363,4998257,0,0,0.000000000000,0.000000000000
152000,False,False,excluded,excluded,non_list1,non_list1,insufficient_positive_pre_months,insufficient_positive_pre_months,6,6,24,22,55963,55963,0,0,0.000000000000,0.000000000000
152110,False,False,excluded,excluded,non_list1,non_list1,insufficient_positive_pre_months,insufficient_positive_pre_months,23,20,24,22,1718749,1486623,0,0,0.000000000000,0.000000000000
152190,False,False,control_candidate,control_candidate,non_list1,non_list1,,,29,26,24,22,30042244,27103369,0,0,0.000000000000,0.000000000000
152200,False,False,excluded,excluded,non_list1,non_list1,insufficient_positive_pre_months,insufficient_positive_pre_months,1,0,24,22,12175,0,0,0,0.000000000000,0.000000000000
160100,False,False,excluded,excluded,non_list1,non_list1,insufficient_positive_pre_months,insufficient_positive_pre_months,0,0,24,22,0,0,0,0,0.000000000000,0.000000000000
160210,False,False,excluded,excluded,non_list1,non_list1,insufficient_positive_pre_months,insufficient_positive_pre_months,0,0,24,22,0,0,0,0,0.000000000000,0.000000000000
160220,False,False,excluded,excluded,non_list1,non_list1,insufficient_positive_pre_months,insufficient_positive_pre_months,1,1,24,22,51678,51678,0,0,0.000000000000,0.000000000000
160231,False,False,excluded,excluded,non_list1,non_list1,insufficient_positive_pre_months,insufficient_positive_pre_months,0,0,24,22,0,0,0,0,0.000000000000,0.000000000000
160232,False,False,excluded,excluded,non_list1,non_list1,insufficient_positive_pre_months|direct_policy_scope_overlap,insufficient_positive_pre_months|direct_policy_scope_overlap,1,1,24,22,2526,2526,0,0,0.000000000000,0.000000000000
160239,False,False,excluded,excluded,non_list1,non_list1,insufficient_positive_pre_months,insufficient_positive_pre_months,0,0,24,22,0,0,0,0,0.000000000000,0.000000000000
160241,False,False,excluded,excluded,non_list1,non_list1,insufficient_positive_pre_months,insufficient_positive_pre_months,0,0,24,22,0,0,0,0,0.000000000000,0.000000000000
160242,False,False,excluded,excluded,non_list1,non_list1,insufficient_positive_pre_months,insufficient_positive_pre_months,0,0,24,22,0,0,0,0,0.000000000000,0.000000000000
160249,False,False,excluded,excluded,non_list1,non_list1,insufficient_positive_pre_months,insufficient_positive_pre_months,0,0,24,22,0,0,0,0,0.000000000000,0.000000000000
160250,False,False,excluded,excluded,non_list1,non_list1,insufficient_positive_pre_months,insufficient_positive_pre_months,0,0,24,22,0,0,0,0,0.000000000000,0.000000000000
160290,False,False,excluded,excluded,non_list1,non_list1,insufficient_positive_pre_months,insufficient_positive_pre_months,4,4,24,22,29934,29934,0,0,0.000000000000,0.000000000000
160300,False,False,excluded,excluded,non_list1,non_list1,insufficient_positive_pre_months|direct_policy_scope_overlap,insufficient_positive_pre_months|direct_policy_scope_overlap,21,18,24,22,1991244,1734322,0,0,0.000000000000,0.000000000000
160411,False,False,excluded,excluded,non_list1,non_list1,direct_policy_scope_overlap,direct_policy_scope_overlap,29,26,24,22,19255955,17115434,0,0,0.000000000000,0.000000000000
160412,False,False,excluded,excluded,non_list1,non_list1,insufficient_positive_pre_months|direct_policy_scope_overlap,insufficient_positive_pre_months|direct_policy_scope_overlap,22,19,24,22,824679,633699,0,0,0.000000000000,0.000000000000
160413,False,False,excluded,excluded,non_list1,non_list1,direct_policy_scope_overlap,direct_policy_scope_overlap,29,26,24,22,18889248,17426276,0,0,0.000000000000,0.000000000000
160414,False,False,excluded,excluded,non_list1,non_list1,direct_policy_scope_overlap,direct_policy_scope_overlap,29,26,24,22,246100783,223662808,0,0,0.000000000000,0.000000000000
160415,False,False,excluded,excluded,non_list1,non_list1,direct_policy_scope_overlap,direct_policy_scope_overlap,29,26,24,22,28869934,27035329,0,0,0.000000000000,0.000000000000
160416,False,False,excluded,excluded,non_list1,non_list1,insufficient_positive_pre_months|direct_policy_scope_overlap,insufficient_positive_pre_months|direct_policy_scope_overlap,10,10,24,22,296259,296259,0,0,0.000000000000,0.000000000000
160417,False,False,excluded,excluded,non_list1,non_list1,direct_policy_scope_overlap,direct_policy_scope_overlap,29,26,24,22,122044837,110184251,0,0,0.000000000000,0.000000000000
160418,False,False,excluded,excluded,non_list1,non_list1,insufficient_positive_pre_months|direct_policy_scope_overlap,insufficient_positive_pre_months|direct_policy_scope_overlap,0,0,24,22,0,0,0,0,0.000000000000,0.000000000000
160419,False,False,excluded,excluded,non_list1,non_list1,direct_policy_scope_overlap,direct_policy_scope_overlap,29,26,24,22,79767196,70113542,0,0,0.000000000000,0.000000000000
160420,False,False,excluded,excluded,non_list1,non_list1,direct_policy_scope_overlap,direct_policy_scope_overlap,29,26,24,22,50229712,46138261,0,0,0.000000000000,0.000000000000
160431,False,False,excluded,excluded,non_list1,non_list1,direct_policy_scope_overlap,direct_policy_scope_overlap,29,26,24,22,15398579,13512247,0,0,0.000000000000,0.000000000000
160432,False,False,excluded,excluded,non_list1,non_list1,direct_policy_scope_overlap,direct_policy_scope_overlap,29,26,24,22,4728541,4302535,0,0,0.000000000000,0.000000000000
160510,False,False,excluded,excluded,non_list1,non_list1,direct_policy_scope_overlap,direct_policy_scope_overlap,29,26,24,22,215176084,195764313,0,0,0.000000000000,0.000000000000
160521,False,False,excluded,excluded,non_list1,non_list1,direct_policy_scope_overlap,direct_policy_scope_overlap,29,26,24,22,475349532,440178268,0,0,0.000000000000,0.000000000000
160529,False,False,excluded,excluded,non_list1,non_list1,insufficient_positive_pre_months|direct_policy_scope_overlap,insufficient_positive_pre_months|direct_policy_scope_overlap,23,20,24,22,932506,726214,0,0,0.000000000000,0.000000000000
160530,False,False,excluded,excluded,non_list1,non_list1,insufficient_positive_pre_months|direct_policy_scope_overlap,insufficient_positive_pre_months|direct_policy_scope_overlap,2,2,24,22,13429,13429,0,0,0.000000000000,0.000000000000
160540,False,False,excluded,excluded,non_list1,non_list1,direct_policy_scope_overlap,direct_policy_scope_overlap,29,26,24,22,144750552,142646672,0,0,0.000000000000,0.000000000000
160551,False,False,excluded,excluded,non_list1,non_list1,direct_policy_scope_overlap,direct_policy_scope_overlap,29,26,24,22,61565004,56744602,0,0,0.000000000000,0.000000000000
160552,False,False,excluded,excluded,non_list1,non_list1,direct_policy_scope_overlap,direct_policy_scope_overlap,29,26,24,22,3172424,2558502,0,0,0.000000000000,0.000000000000
160553,False,False,excluded,excluded,non_list1,non_list1,direct_policy_scope_overlap,direct_policy_scope_overlap,29,26,24,22,2035866,1825805,0,0,0.000000000000,0.000000000000
160554,False,False,excluded,excluded,non_list1,non_list1,direct_policy_scope_overlap,direct_policy_scope_overlap,29,26,24,22,46090859,42743214,0,0,0.000000000000,0.000000000000
160555,False,False,excluded,excluded,non_list1,non_list1,direct_policy_scope_overlap,direct_policy_scope_overlap,29,26,24,22,21562386,18862183,0,0,0.000000000000,0.000000000000
160556,False,False,excluded,excluded,non_list1,non_list1,direct_policy_scope_overlap,direct_policy_scope_overlap,29,26,24,22,69302263,63021907,0,0,0.000000000000,0.000000000000
160557,False,False,excluded,excluded,non_list1,non_list1,direct_policy_scope_overlap,direct_policy_scope_overlap,27,24,24,22,3968094,3648542,0,0,0.000000000000,0.000000000000
160558,False,False,excluded,excluded,non_list1,non_list1,insufficient_positive_pre_months|direct_policy_scope_overlap,insufficient_positive_pre_months|direct_policy_scope_overlap,1,1,24,22,6340,6340,0,0,0.000000000000,0.000000000000
160559,False,False,excluded,excluded,non_list1,non_list1,direct_policy_scope_overlap,direct_policy_scope_overlap,29,26,24,22,6039758,5452269,0,0,0.000000000000,0.000000000000
160561,False,False,excluded,excluded,non_list1,non_list1,insufficient_positive_pre_months|direct_policy_scope_overlap,insufficient_positive_pre_months|direct_policy_scope_overlap,2,2,24,22,225609,225609,0,0,0.000000000000,0.000000000000
160562,False,False,excluded,excluded,non_list1,non_list1,insufficient_positive_pre_months|direct_policy_scope_overlap,insufficient_positive_pre_months|direct_policy_scope_overlap,1,1,24,22,30552,30552,0,0,0.000000000000,0.000000000000
160563,False,False,excluded,excluded,non_list1,non_list1,direct_policy_scope_overlap,direct_policy_scope_overlap,29,26,24,22,8394896,7511734,0,0,0.000000000000,0.000000000000
160569,False,False,excluded,excluded,non_list1,non_list1,direct_policy_scope_overlap,direct_policy_scope_overlap,29,26,24,22,15303214,13690205,0,0,0.000000000000,0.000000000000
170112,False,False,excluded,excluded,non_list1,non_list1,insufficient_positive_pre_months,insufficient_positive_pre_months,0,0,24,22,0,0,0,0,0.000000000000,0.000000000000
170113,False,False,excluded,excluded,non_list1,non_list1,insufficient_positive_pre_months,insufficient_positive_pre_months,0,0,24,22,0,0,0,0,0.000000000000,0.000000000000
170114,False,False,excluded,excluded,non_list1,non_list1,insufficient_positive_pre_months,insufficient_positive_pre_months,1,1,24,22,5600,5600,0,0,0.000000000000,0.000000000000
170191,False,False,control_candidate,control_candidate,non_list1,non_list1,,,26,24,24,22,4149921,4050359,0,0,0.000000000000,0.000000000000
170199,False,False,excluded,excluded,non_list1,non_list1,direct_policy_scope_overlap,direct_policy_scope_overlap,26,24,24,22,7849829,7331588,0,0,0.000000000000,0.000000000000
170211,False,False,excluded,excluded,non_list1,non_list1,insufficient_positive_pre_months,insufficient_positive_pre_months,0,0,24,22,0,0,0,0,0.000000000000,0.000000000000
170219,False,False,excluded,excluded,non_list1,non_list1,insufficient_positive_pre_months,insufficient_positive_pre_months,7,6,24,22,58173,44524,0,0,0.000000000000,0.000000000000
170220,False,False,excluded,excluded,non_list1,non_list1,insufficient_positive_pre_months,insufficient_positive_pre_months,2,1,24,22,38628,7050,0,0,0.000000000000,0.000000000000
170230,False,False,control_candidate,control_candidate,non_list1,non_list1,,,29,26,24,22,12053061,10245297,0,0,0.000000000000,0.000000000000
170240,False,False,excluded,excluded,non_list1,non_list1,insufficient_positive_pre_months,insufficient_positive_pre_months,1,1,24,22,2940,2940,0,0,0.000000000000,0.000000000000
170250,False,False,excluded,excluded,non_list1,non_list1,insufficient_positive_pre_months,insufficient_positive_pre_months,14,13,24,22,257483,228333,0,0,0.000000000000,0.000000000000
170260,False,False,control_candidate,control_candidate,non_list1,non_list1,,,27,24,24,22,652401,584836,0,0,0.000000000000,0.000000000000
170290,False,False,excluded,excluded,non_list1,non_list1,direct_policy_scope_overlap,direct_policy_scope_overlap,29,26,24,22,24861447,21170173,0,0,0.000000000000,0.000000000000
170310,False,False,excluded,excluded,non_list1,non_list1,insufficient_positive_pre_months,insufficient_positive_pre_months,0,0,24,22,0,0,0,0,0.000000000000,0.000000000000
170390,False,False,excluded,excluded,non_list1,non_list1,insufficient_positive_pre_months,insufficient_positive_pre_months,0,0,24,22,0,0,0,0,0.000000000000,0.000000000000
170410,False,False,control_candidate,control_candidate,non_list1,non_list1,,,29,26,24,22,27156160,24796653,0,0,0.000000000000,0.000000000000
170490,False,False,excluded,excluded,non_list1,non_list1,direct_policy_scope_overlap,direct_policy_scope_overlap,29,26,24,22,289531281,270243301,0,0,0.000000000000,0.000000000000
180100,False,False,excluded,excluded,non_list1,non_list1,insufficient_positive_pre_months,insufficient_positive_pre_months,0,0,24,22,0,0,0,0,0.000000000000,0.000000000000
180200,False,False,excluded,excluded,non_list1,non_list1,insufficient_positive_pre_months,insufficient_positive_pre_months,0,0,24,22,0,0,0,0,0.000000000000,0.000000000000
180310,False,False,excluded,excluded,non_list1,non_list1,insufficient_positive_pre_months,insufficient_positive_pre_months,3,2,24,22,17350,8650,0,0,0.000000000000,0.000000000000
180320,False,False,excluded,excluded,non_list1,non_list1,insufficient_positive_pre_months,insufficient_positive_pre_months,0,0,24,22,0,0,0,0,0.000000000000,0.000000000000
180400,False,False,excluded,excluded,non_list1,non_list1,insufficient_positive_pre_months,insufficient_positive_pre_months,22,19,24,22,54789362,45794170,0,0,0.000000000000,0.000000000000
180500,False,False,excluded,excluded,non_list1,non_list1,insufficient_positive_pre_months,insufficient_positive_pre_months,6,4,24,22,359202,326702,0,0,0.000000000000,0.000000000000
180610,False,False,excluded,excluded,non_list1,non_list1,insufficient_positive_pre_months,insufficient_positive_pre_months,1,1,24,22,97566,97566,0,0,0.000000000000,0.000000000000
180620,False,False,excluded,excluded,non_list1,non_list1,insufficient_positive_pre_months,insufficient_positive_pre_months,3,2,24,22,41790,9764,0,0,0.000000000000,0.000000000000
180631,False,False,excluded,excluded,non_list1,non_list1,insufficient_positive_pre_months,insufficient_positive_pre_months,5,5,24,22,174351,174351,0,0,0.000000000000,0.000000000000
180632,False,False,excluded,excluded,non_list1,non_list1,insufficient_positive_pre_months,insufficient_positive_pre_months,21,19,24,22,3799391,3777470,0,0,0.000000000000,0.000000000000
180690,False,False,control_candidate,control_candidate,non_list1,non_list1,,,29,26,24,22,13321910,12387789,0,0,0.000000000000,0.000000000000
190110,False,False,excluded,excluded,non_list1,non_list1,insufficient_positive_pre_months,insufficient_positive_pre_months,0,0,24,22,0,0,0,0,0.000000000000,0.000000000000
190120,False,False,excluded,excluded,non_list1,non_list1,insufficient_positive_pre_months,insufficient_positive_pre_months,6,6,24,22,104116,104116,0,0,0.000000000000,0.000000000000
190190,False,False,excluded,excluded,non_list1,non_list1,direct_policy_scope_overlap,direct_policy_scope_overlap,29,26,24,22,73261094,66535915,0,0,0.000000000000,0.000000000000
190211,False,False,excluded,excluded,non_list1,non_list1,insufficient_positive_pre_months,insufficient_positive_pre_months,22,19,24,22,632243,464487,0,0,0.000000000000,0.000000000000
190219,False,False,excluded,excluded,non_list1,non_list1,direct_policy_scope_overlap,direct_policy_scope_overlap,29,26,24,22,156121226,141643771,0,0,0.000000000000,0.000000000000
190220,False,False,excluded,excluded,non_list1,non_list1,direct_policy_scope_overlap,direct_policy_scope_overlap,29,26,24,22,5048180,4567060,0,0,0.000000000000,0.000000000000
190230,False,False,excluded,excluded,non_list1,non_list1,direct_policy_scope_overlap,direct_policy_scope_overlap,29,26,24,22,96963495,85450553,0,0,0.000000000000,0.000000000000
190240,False,False,excluded,excluded,non_list1,non_list1,insufficient_positive_pre_months,insufficient_positive_pre_months,1,1,24,22,72268,72268,0,0,0.000000000000,0.000000000000
190300,False,False,control_candidate,control_candidate,non_list1,non_list1,,,28,25,24,22,3105779,2791631,0,0,0.000000000000,0.000000000000
190410,False,False,control_candidate,control_candidate,non_list1,non_list1,,,29,26,24,22,7511192,6535641,0,0,0.000000000000,0.000000000000
190420,False,False,excluded,excluded,non_list1,non_list1,insufficient_positive_pre_months,insufficient_positive_pre_months,10,9,24,22,65129,63102,0,0,0.000000000000,0.000000000000
190430,False,False,excluded,excluded,non_list1,non_list1,insufficient_positive_pre_months,insufficient_positive_pre_months,0,0,24,22,0,0,0,0,0.000000000000,0.000000000000
190490,False,False,control_candidate,control_candidate,non_list1,non_list1,,,29,26,24,22,7470835,6779513,0,0,0.000000000000,0.000000000000
190510,False,False,excluded,excluded,non_list1,non_list1,insufficient_positive_pre_months,insufficient_positive_pre_months,8,6,24,22,214469,162473,0,0,0.000000000000,0.000000000000
190520,False,False,excluded,excluded,non_list1,non_list1,insufficient_positive_pre_months,insufficient_positive_pre_months,6,6,24,22,993534,993534,0,0,0.000000000000,0.000000000000
190531,False,False,control_candidate,control_candidate,non_list1,non_list1,,,29,26,24,22,21560003,21169311,0,0,0.000000000000,0.000000000000
190532,False,False,control_candidate,control_candidate,non_list1,non_list1,,,27,24,24,22,1147197,1002600,0,0,0.000000000000,0.000000000000
190540,False,False,control_candidate,control_candidate,non_list1,non_list1,,,29,26,24,22,12008607,9841825,0,0,0.000000000000,0.000000000000
190590,False,False,excluded,excluded,non_list1,non_list1,direct_policy_scope_overlap,direct_policy_scope_overlap,29,26,24,22,101463989,91996883,0,0,0.000000000000,0.000000000000
200110,False,False,excluded,excluded,non_list1,non_list1,direct_policy_scope_overlap,direct_policy_scope_overlap,28,25,24,22,555459,486804,0,0,0.000000000000,0.000000000000
200190,False,False,excluded,excluded,non_list1,non_list1,direct_policy_scope_overlap,direct_policy_scope_overlap,29,26,24,22,22317747,20304690,0,0,0.000000000000,0.000000000000
200210,False,False,excluded,excluded,non_list1,non_list1,insufficient_positive_pre_months|direct_policy_scope_overlap,insufficient_positive_pre_months|direct_policy_scope_overlap,0,0,24,22,0,0,0,0,0.000000000000,0.000000000000
200290,False,False,excluded,excluded,non_list1,non_list1,direct_policy_scope_overlap,direct_policy_scope_overlap,29,26,24,22,2488765,2203558,0,0,0.000000000000,0.000000000000
200310,False,False,excluded,excluded,non_list1,non_list1,direct_policy_scope_overlap,direct_policy_scope_overlap,27,25,24,22,7382615,7269311,0,0,0.000000000000,0.000000000000
200390,False,False,excluded,excluded,non_list1,non_list1,direct_policy_scope_overlap,direct_policy_scope_overlap,29,26,24,22,5760003,5263408,0,0,0.000000000000,0.000000000000
200410,False,False,excluded,excluded,non_list1,non_list1,insufficient_positive_pre_months|direct_policy_scope_overlap,insufficient_positive_pre_months|direct_policy_scope_overlap,4,3,24,22,23012,19142,0,0,0.000000000000,0.000000000000
200490,False,False,excluded,excluded,non_list1,non_list1,direct_policy_scope_overlap,direct_policy_scope_overlap,29,26,24,22,26827441,24996305,0,0,0.000000000000,0.000000000000
200510,False,False,excluded,excluded,non_list1,non_list1,insufficient_positive_pre_months,insufficient_positive_pre_months,0,0,24,22,0,0,0,0,0.000000000000,0.000000000000
200520,False,False,excluded,excluded,non_list1,non_list1,direct_policy_scope_overlap,direct_policy_scope_overlap,29,26,24,22,3399228,2948047,0,0,0.000000000000,0.000000000000
200540,False,False,excluded,excluded,non_list1,non_list1,direct_policy_scope_overlap,direct_policy_scope_overlap,29,26,24,22,8500571,7653153,0,0,0.000000000000,0.000000000000
200551,False,False,excluded,excluded,non_list1,non_list1,direct_policy_scope_overlap,direct_policy_scope_overlap,29,26,24,22,3707853,3342595,0,0,0.000000000000,0.000000000000
200559,False,False,excluded,excluded,non_list1,non_list1,direct_policy_scope_overlap,direct_policy_scope_overlap,29,26,24,22,4247453,3611953,0,0,0.000000000000,0.000000000000
200560,False,False,excluded,excluded,non_list1,non_list1,insufficient_positive_pre_months|direct_policy_scope_overlap,direct_policy_scope_overlap,23,22,24,22,1482737,1427479,0,0,0.000000000000,0.000000000000
200570,False,False,excluded,excluded,non_list1,non_list1,insufficient_positive_pre_months|direct_policy_scope_overlap,insufficient_positive_pre_months|direct_policy_scope_overlap,17,15,24,22,631243,562629,0,0,0.000000000000,0.000000000000
200580,False,False,excluded,excluded,non_list1,non_list1,direct_policy_scope_overlap,direct_policy_scope_overlap,28,25,24,22,1072897,905321,0,0,0.000000000000,0.000000000000
200591,False,False,excluded,excluded,non_list1,non_list1,direct_policy_scope_overlap,direct_policy_scope_overlap,29,26,24,22,39794422,36540627,0,0,0.000000000000,0.000000000000
200599,False,False,excluded,excluded,non_list1,non_list1,direct_policy_scope_overlap,direct_policy_scope_overlap,29,26,24,22,389055268,353213999,0,0,0.000000000000,0.000000000000
200600,False,False,excluded,excluded,non_list1,non_list1,direct_policy_scope_overlap,direct_policy_scope_overlap,29,26,24,22,8636587,7951297,0,0,0.000000000000,0.000000000000
200710,False,False,excluded,excluded,non_list1,non_list1,insufficient_positive_pre_months|direct_policy_scope_overlap,insufficient_positive_pre_months|direct_policy_scope_overlap,2,2,24,22,11832,11832,0,0,0.000000000000,0.000000000000
200791,False,False,excluded,excluded,non_list1,non_list1,insufficient_positive_pre_months|direct_policy_scope_overlap,insufficient_positive_pre_months|direct_policy_scope_overlap,9,9,24,22,41240,41240,0,0,0.000000000000,0.000000000000
200799,False,False,excluded,excluded,non_list1,non_list1,direct_policy_scope_overlap,direct_policy_scope_overlap,29,26,24,22,11287870,10361699,0,0,0.000000000000,0.000000000000
200811,False,False,excluded,excluded,non_list1,non_list1,direct_policy_scope_overlap,direct_policy_scope_overlap,29,26,24,22,20471129,18332130,0,0,0.000000000000,0.000000000000
200819,False,False,excluded,excluded,non_list1,non_list1,direct_policy_scope_overlap,direct_policy_scope_overlap,29,26,24,22,38688050,35080064,0,0,0.000000000000,0.000000000000
200820,False,False,excluded,excluded,non_list1,non_list1,direct_policy_scope_overlap,direct_policy_scope_overlap,29,26,24,22,28522498,27427976,0,0,0.000000000000,0.000000000000
200830,False,False,excluded,excluded,non_list1,non_list1,direct_policy_scope_overlap,direct_policy_scope_overlap,29,26,24,22,576676679,498435251,0,0,0.000000000000,0.000000000000
200840,False,False,excluded,excluded,non_list1,non_list1,direct_policy_scope_overlap,direct_policy_scope_overlap,29,26,24,22,65009718,59241359,0,0,0.000000000000,0.000000000000
200850,False,False,excluded,excluded,non_list1,non_list1,direct_policy_scope_overlap,direct_policy_scope_overlap,29,26,24,22,2969620,2693766,0,0,0.000000000000,0.000000000000
200860,False,False,excluded,excluded,non_list1,non_list1,insufficient_positive_pre_months|direct_policy_scope_overlap,insufficient_positive_pre_months|direct_policy_scope_overlap,19,16,24,22,796724,653294,0,0,0.000000000000,0.000000000000
200870,False,False,excluded,excluded,non_list1,non_list1,direct_policy_scope_overlap,direct_policy_scope_overlap,29,26,24,22,148271367,136592624,0,0,0.000000000000,0.000000000000
200880,False,False,excluded,excluded,non_list1,non_list1,direct_policy_scope_overlap,direct_policy_scope_overlap,28,25,24,22,2100309,2013749,0,0,0.000000000000,0.000000000000
200891,False,False,excluded,excluded,non_list1,non_list1,insufficient_positive_pre_months,insufficient_positive_pre_months,0,0,24,22,0,0,0,0,0.000000000000,0.000000000000
200893,False,False,excluded,excluded,non_list1,non_list1,insufficient_positive_pre_months|direct_policy_scope_overlap,insufficient_positive_pre_months|direct_policy_scope_overlap,0,0,24,22,0,0,0,0,0.000000000000,0.000000000000
200897,False,False,excluded,excluded,non_list1,non_list1,direct_policy_scope_overlap,direct_policy_scope_overlap,29,26,24,22,65418183,60009756,0,0,0.000000000000,0.000000000000
200899,False,False,excluded,excluded,non_list1,non_list1,direct_policy_scope_overlap,direct_policy_scope_overlap,29,26,24,22,346228846,300181194,0,0,0.000000000000,0.000000000000
200911,False,False,excluded,excluded,non_list1,non_list1,insufficient_positive_pre_months|direct_policy_scope_overlap,insufficient_positive_pre_months|direct_policy_scope_overlap,0,0,24,22,0,0,0,0,0.000000000000,0.000000000000
200912,False,False,excluded,excluded,non_list1,non_list1,insufficient_positive_pre_months,insufficient_positive_pre_months,0,0,24,22,0,0,0,0,0.000000000000,0.000000000000
200919,False,False,excluded,excluded,non_list1,non_list1,insufficient_positive_pre_months,insufficient_positive_pre_months,0,0,24,22,0,0,0,0,0.000000000000,0.000000000000
200921,False,False,excluded,excluded,non_list1,non_list1,insufficient_positive_pre_months,insufficient_positive_pre_months,0,0,24,22,0,0,0,0,0.000000000000,0.000000000000
200929,False,False,excluded,excluded,non_list1,non_list1,insufficient_positive_pre_months|direct_policy_scope_overlap,insufficient_positive_pre_months|direct_policy_scope_overlap,6,6,24,22,32000,32000,0,0,0.000000000000,0.000000000000
200931,False,False,excluded,excluded,non_list1,non_list1,insufficient_positive_pre_months|direct_policy_scope_overlap,insufficient_positive_pre_months|direct_policy_scope_overlap,15,13,24,22,933092,798909,0,0,0.000000000000,0.000000000000
200939,False,False,excluded,excluded,non_list1,non_list1,insufficient_positive_pre_months|direct_policy_scope_overlap,insufficient_positive_pre_months|direct_policy_scope_overlap,4,4,24,22,451484,451484,0,0,0.000000000000,0.000000000000
200941,False,False,excluded,excluded,non_list1,non_list1,insufficient_positive_pre_months|direct_policy_scope_overlap,insufficient_positive_pre_months|direct_policy_scope_overlap,3,3,24,22,439656,439656,0,0,0.000000000000,0.000000000000
200949,False,False,excluded,excluded,non_list1,non_list1,insufficient_positive_pre_months|direct_policy_scope_overlap,insufficient_positive_pre_months|direct_policy_scope_overlap,21,19,24,22,1406788,1402203,0,0,0.000000000000,0.000000000000
200950,False,False,excluded,excluded,non_list1,non_list1,insufficient_positive_pre_months|direct_policy_scope_overlap,insufficient_positive_pre_months|direct_policy_scope_overlap,1,1,24,22,23706,23706,0,0,0.000000000000,0.000000000000
200961,False,False,excluded,excluded,non_list1,non_list1,insufficient_positive_pre_months,insufficient_positive_pre_months,0,0,24,22,0,0,0,0,0.000000000000,0.000000000000
200969,False,False,excluded,excluded,non_list1,non_list1,insufficient_positive_pre_months|direct_policy_scope_overlap,insufficient_positive_pre_months|direct_policy_scope_overlap,0,0,24,22,0,0,0,0,0.000000000000,0.000000000000
200971,False,False,excluded,excluded,non_list1,non_list1,direct_policy_scope_overlap,direct_policy_scope_overlap,27,24,24,22,2169323,1698057,0,0,0.000000000000,0.000000000000
200979,False,False,excluded,excluded,non_list1,non_list1,direct_policy_scope_overlap,direct_policy_scope_overlap,29,26,24,22,717889052,631193876,0,0,0.000000000000,0.000000000000
200981,False,False,excluded,excluded,non_list1,non_list1,insufficient_positive_pre_months,insufficient_positive_pre_months,0,0,24,22,0,0,0,0,0.000000000000,0.000000000000
200989,False,False,excluded,excluded,non_list1,non_list1,direct_policy_scope_overlap,direct_policy_scope_overlap,29,26,24,22,86329221,77522185,0,0,0.000000000000,0.000000000000
200990,False,False,excluded,excluded,non_list1,non_list1,direct_policy_scope_overlap,direct_policy_scope_overlap,25,22,24,22,823855,713809,0,0,0.000000000000,0.000000000000
210111,False,False,control_candidate,control_candidate,non_list1,non_list1,,,28,25,24,22,3744480,3339849,0,0,0.000000000000,0.000000000000
210112,False,False,excluded,excluded,non_list1,non_list1,insufficient_positive_pre_months,insufficient_positive_pre_months,7,7,24,22,419961,419961,0,0,0.000000000000,0.000000000000
210120,False,False,control_candidate,control_candidate,non_list1,non_list1,,,29,26,24,22,93025978,83218020,0,0,0.000000000000,0.000000000000
210130,False,False,excluded,excluded,non_list1,non_list1,insufficient_positive_pre_months,insufficient_positive_pre_months,4,4,24,22,10312,10312,0,0,0.000000000000,0.000000000000
210210,False,False,control_candidate,control_candidate,non_list1,non_list1,,,29,26,24,22,7164108,6217905,0,0,0.000000000000,0.000000000000
210220,False,False,control_candidate,control_candidate,non_list1,non_list1,,,29,26,24,22,25428079,21841112,0,0,0.000000000000,0.000000000000
210230,False,False,excluded,excluded,non_list1,non_list1,insufficient_positive_pre_months,insufficient_positive_pre_months,3,3,24,22,6707,6707,0,0,0.000000000000,0.000000000000
210310,False,False,excluded,excluded,non_list1,non_list1,direct_policy_scope_overlap,direct_policy_scope_overlap,29,26,24,22,84292579,74040290,0,0,0.000000000000,0.000000000000
210320,False,False,excluded,excluded,non_list1,non_list1,insufficient_positive_pre_months,insufficient_positive_pre_months,17,16,24,22,156060,144730,0,0,0.000000000000,0.000000000000
210330,True,False,control_candidate,excluded,non_list1,non_list1,,insufficient_positive_pre_months,24,21,24,22,1673498,1483285,0,0,0.000000000000,0.000000000000
210390,False,False,excluded,excluded,non_list1,non_list1,direct_policy_scope_overlap,direct_policy_scope_overlap,29,26,24,22,136510521,121297286,0,0,0.000000000000,0.000000000000
210410,False,False,control_candidate,control_candidate,non_list1,non_list1,,,29,26,24,22,19262971,17971024,0,0,0.000000000000,0.000000000000
210420,False,False,excluded,excluded,non_list1,non_list1,insufficient_positive_pre_months,insufficient_positive_pre_months,1,1,24,22,34300,34300,0,0,0.000000000000,0.000000000000
210500,False,False,excluded,excluded,non_list1,non_list1,insufficient_positive_pre_months,insufficient_positive_pre_months,1,1,24,22,17600,17600,0,0,0.000000000000,0.000000000000
210610,False,False,excluded,excluded,non_list1,non_list1,direct_policy_scope_overlap,direct_policy_scope_overlap,29,26,24,22,110876220,92821246,0,0,0.000000000000,0.000000000000
210690,False,False,control_candidate,control_candidate,non_list1,non_list1,,,29,26,24,22,315296058,267707151,0,0,0.000000000000,0.000000000000
220110,False,False,excluded,excluded,non_list1,non_list1,insufficient_positive_pre_months|direct_policy_scope_overlap,insufficient_positive_pre_months|direct_policy_scope_overlap,4,4,24,22,55119,55119,0,0,0.000000000000,0.000000000000
220190,False,False,excluded,excluded,non_list1,non_list1,insufficient_positive_pre_months|direct_policy_scope_overlap,insufficient_positive_pre_months|direct_policy_scope_overlap,1,1,24,22,3300,3300,0,0,0.000000000000,0.000000000000
220210,False,False,excluded,excluded,non_list1,non_list1,direct_policy_scope_overlap,direct_policy_scope_overlap,29,26,24,22,15846108,14542901,0,0,0.000000000000,0.000000000000
220291,False,False,excluded,excluded,non_list1,non_list1,insufficient_positive_pre_months,insufficient_positive_pre_months,0,0,24,22,0,0,0,0,0.000000000000,0.000000000000
220299,False,False,excluded,excluded,non_list1,non_list1,insufficient_positive_pre_months|direct_policy_scope_overlap,insufficient_positive_pre_months|direct_policy_scope_overlap,17,14,24,22,29264698,23971408,0,0,0.000000000000,0.000000000000
220300,False,False,excluded,excluded,non_list1,non_list1,direct_policy_scope_overlap,direct_policy_scope_overlap,29,26,24,22,14439821,12565304,0,0,0.000000000000,0.000000000000
220410,False,False,excluded,excluded,non_list1,non_list1,insufficient_positive_pre_months|direct_policy_scope_overlap,insufficient_positive_pre_months|direct_policy_scope_overlap,0,0,24,22,0,0,0,0,0.000000000000,0.000000000000
220421,False,False,excluded,excluded,non_list1,non_list1,insufficient_positive_pre_months|direct_policy_scope_overlap,insufficient_positive_pre_months|direct_policy_scope_overlap,13,12,24,22,1483842,1479563,0,0,0.000000000000,0.000000000000
220422,False,False,excluded,excluded,non_list1,non_list1,insufficient_positive_pre_months,insufficient_positive_pre_months,0,0,24,22,0,0,0,0,0.000000000000,0.000000000000
220429,False,False,excluded,excluded,non_list1,non_list1,insufficient_positive_pre_months,insufficient_positive_pre_months,0,0,24,22,0,0,0,0,0.000000000000,0.000000000000
220430,False,False,excluded,excluded,non_list1,non_list1,insufficient_positive_pre_months,insufficient_positive_pre_months,0,0,24,22,0,0,0,0,0.000000000000,0.000000000000
220510,False,False,excluded,excluded,non_list1,non_list1,insufficient_positive_pre_months,insufficient_positive_pre_months,0,0,24,22,0,0,0,0,0.000000000000,0.000000000000
220590,False,False,excluded,excluded,non_list1,non_list1,insufficient_positive_pre_months,insufficient_positive_pre_months,0,0,24,22,0,0,0,0,0.000000000000,0.000000000000
220600,False,False,excluded,excluded,non_list1,non_list1,direct_policy_scope_overlap,direct_policy_scope_overlap,29,26,24,22,2706510,2579731,0,0,0.000000000000,0.000000000000
220710,False,False,excluded,excluded,non_list1,non_list1,insufficient_positive_pre_months|direct_policy_scope_overlap,insufficient_positive_pre_months|direct_policy_scope_overlap,2,2,24,22,54792,54792,0,0,0.000000000000,0.000000000000
220720,False,False,excluded,excluded,non_list1,non_list1,insufficient_positive_pre_months,insufficient_positive_pre_months,0,0,24,22,0,0,0,0,0.000000000000,0.000000000000
220820,False,False,excluded,excluded,non_list1,non_list1,insufficient_positive_pre_months,insufficient_positive_pre_months,7,7,24,22,287763,287763,0,0,0.000000000000,0.000000000000
220830,False,False,excluded,excluded,non_list1,non_list1,insufficient_positive_pre_months,insufficient_positive_pre_months,2,1,24,22,1129043,342664,0,0,0.000000000000,0.000000000000
220840,False,False,excluded,excluded,non_list1,non_list1,insufficient_positive_pre_months,insufficient_positive_pre_months,0,0,24,22,0,0,0,0,0.000000000000,0.000000000000
220850,False,False,excluded,excluded,non_list1,non_list1,insufficient_positive_pre_months,insufficient_positive_pre_months,5,5,24,22,262041,262041,0,0,0.000000000000,0.000000000000
220860,False,False,excluded,excluded,non_list1,non_list1,insufficient_positive_pre_months,insufficient_positive_pre_months,20,19,24,22,1283879,1273799,0,0,0.000000000000,0.000000000000
220870,False,False,excluded,excluded,non_list1,non_list1,insufficient_positive_pre_months,insufficient_positive_pre_months,17,17,24,22,1615468,1615468,0,0,0.000000000000,0.000000000000
220890,False,False,control_candidate,control_candidate,non_list1,non_list1,,,28,25,24,22,62623037,53791349,0,0,0.000000000000,0.000000000000
220900,False,False,excluded,excluded,non_list1,non_list1,direct_policy_scope_overlap,direct_policy_scope_overlap,29,26,24,22,6702007,6197005,0,0,0.000000000000,0.000000000000
230110,False,False,excluded,excluded,non_list1,non_list1,insufficient_positive_pre_months|direct_policy_scope_overlap,insufficient_positive_pre_months|direct_policy_scope_overlap,10,8,24,22,2756425,1834825,0,0,0.000000000000,0.000000000000
230120,False,False,excluded,excluded,non_list1,non_list1,insufficient_positive_pre_months|direct_policy_scope_overlap,insufficient_positive_pre_months|direct_policy_scope_overlap,3,3,24,22,67069,67069,0,0,0.000000000000,0.000000000000
230210,False,False,excluded,excluded,non_list1,non_list1,insufficient_positive_pre_months,insufficient_positive_pre_months,0,0,24,22,0,0,0,0,0.000000000000,0.000000000000
230230,False,False,excluded,excluded,non_list1,non_list1,insufficient_positive_pre_months|direct_policy_scope_overlap,insufficient_positive_pre_months|direct_policy_scope_overlap,1,1,24,22,2205,2205,0,0,0.000000000000,0.000000000000
230240,False,False,excluded,excluded,non_list1,non_list1,direct_policy_scope_overlap,direct_policy_scope_overlap,27,24,24,22,33176577,31138934,0,0,0.000000000000,0.000000000000
230250,False,False,excluded,excluded,non_list1,non_list1,insufficient_positive_pre_months|direct_policy_scope_overlap,insufficient_positive_pre_months|direct_policy_scope_overlap,22,19,24,22,6259468,5234530,0,0,0.000000000000,0.000000000000
230310,False,False,excluded,excluded,non_list1,non_list1,insufficient_positive_pre_months|direct_policy_scope_overlap,insufficient_positive_pre_months|direct_policy_scope_overlap,1,1,24,22,26862,26862,0,0,0.000000000000,0.000000000000
230320,False,False,excluded,excluded,non_list1,non_list1,insufficient_positive_pre_months|direct_policy_scope_overlap,insufficient_positive_pre_months|direct_policy_scope_overlap,2,1,24,22,76178,45212,0,0,0.000000000000,0.000000000000
230330,False,False,excluded,excluded,non_list1,non_list1,direct_policy_scope_overlap,direct_policy_scope_overlap,24,22,24,22,5788625,4992696,0,0,0.000000000000,0.000000000000
230400,False,False,excluded,excluded,non_list1,non_list1,direct_policy_scope_overlap,direct_policy_scope_overlap,29,26,24,22,90485388,83266112,0,0,0.000000000000,0.000000000000
230500,False,False,excluded,excluded,non_list1,non_list1,insufficient_positive_pre_months|direct_policy_scope_overlap,insufficient_positive_pre_months|direct_policy_scope_overlap,1,1,24,22,98790,98790,0,0,0.000000000000,0.000000000000
230620,False,False,excluded,excluded,non_list1,non_list1,insufficient_positive_pre_months|direct_policy_scope_overlap,insufficient_positive_pre_months|direct_policy_scope_overlap,21,18,24,22,1859503,1212879,0,0,0.000000000000,0.000000000000
230630,False,False,excluded,excluded,non_list1,non_list1,insufficient_positive_pre_months|direct_policy_scope_overlap,insufficient_positive_pre_months|direct_policy_scope_overlap,9,9,24,22,1035928,1035928,0,0,0.000000000000,0.000000000000
230641,False,False,excluded,excluded,non_list1,non_list1,direct_policy_scope_overlap,direct_policy_scope_overlap,25,22,24,22,5771172,5253131,0,0,0.000000000000,0.000000000000
230649,False,False,excluded,excluded,non_list1,non_list1,insufficient_positive_pre_months|direct_policy_scope_overlap,insufficient_positive_pre_months|direct_policy_scope_overlap,21,18,24,22,2133962,1795846,0,0,0.000000000000,0.000000000000
230650,False,False,excluded,excluded,non_list1,non_list1,insufficient_positive_pre_months,insufficient_positive_pre_months,0,0,24,22,0,0,0,0,0.000000000000,0.000000000000
230660,False,False,excluded,excluded,non_list1,non_list1,insufficient_positive_pre_months,insufficient_positive_pre_months,0,0,24,22,0,0,0,0,0.000000000000,0.000000000000
230690,False,False,excluded,excluded,non_list1,non_list1,insufficient_positive_pre_months|direct_policy_scope_overlap,insufficient_positive_pre_months|direct_policy_scope_overlap,8,7,24,22,211350,175830,0,0,0.000000000000,0.000000000000
230700,False,False,excluded,excluded,non_list1,non_list1,insufficient_positive_pre_months,insufficient_positive_pre_months,0,0,24,22,0,0,0,0,0.000000000000,0.000000000000
230800,False,False,excluded,excluded,non_list1,non_list1,direct_policy_scope_overlap,direct_policy_scope_overlap,28,25,24,22,18550799,12365912,0,0,0.000000000000,0.000000000000
230910,False,False,excluded,excluded,non_list1,non_list1,direct_policy_scope_overlap,direct_policy_scope_overlap,29,26,24,22,328599349,303172117,0,0,0.000000000000,0.000000000000
230990,False,False,excluded,excluded,non_list1,non_list1,direct_policy_scope_overlap,direct_policy_scope_overlap,29,26,24,22,146058793,133585490,0,0,0.000000000000,0.000000000000
240110,False,False,excluded,excluded,non_list1,non_list1,insufficient_positive_pre_months|direct_policy_scope_overlap,insufficient_positive_pre_months|direct_policy_scope_overlap,0,0,24,22,0,0,0,0,0.000000000000,0.000000000000
240120,False,False,excluded,excluded,non_list1,non_list1,insufficient_positive_pre_months|direct_policy_scope_overlap,insufficient_positive_pre_months|direct_policy_scope_overlap,15,12,24,22,5783150,5530042,0,0,0.000000000000,0.000000000000
240130,False,False,excluded,excluded,non_list1,non_list1,insufficient_positive_pre_months|direct_policy_scope_overlap,insufficient_positive_pre_months|direct_policy_scope_overlap,0,0,24,22,0,0,0,0,0.000000000000,0.000000000000
240210,False,False,excluded,excluded,non_list1,non_list1,insufficient_positive_pre_months|direct_policy_scope_overlap,insufficient_positive_pre_months|direct_policy_scope_overlap,1,1,24,22,101228,101228,0,0,0.000000000000,0.000000000000
240220,False,False,excluded,excluded,non_list1,non_list1,direct_policy_scope_overlap,direct_policy_scope_overlap,29,26,24,22,1588528,1511871,0,0,0.000000000000,0.000000000000
240290,False,False,excluded,excluded,non_list1,non_list1,insufficient_positive_pre_months|direct_policy_scope_overlap,insufficient_positive_pre_months|direct_policy_scope_overlap,1,1,24,22,3837,3837,0,0,0.000000000000,0.000000000000
240311,False,False,excluded,excluded,non_list1,non_list1,insufficient_positive_pre_months|direct_policy_scope_overlap,insufficient_positive_pre_months|direct_policy_scope_overlap,2,2,24,22,88690,88690,0,0,0.000000000000,0.000000000000
240319,False,False,excluded,excluded,non_list1,non_list1,insufficient_positive_pre_months|direct_policy_scope_overlap,insufficient_positive_pre_months|direct_policy_scope_overlap,1,1,24,22,2233,2233,0,0,0.000000000000,0.000000000000
240391,False,False,excluded,excluded,non_list1,non_list1,insufficient_positive_pre_months|direct_policy_scope_overlap,insufficient_positive_pre_months|direct_policy_scope_overlap,1,1,24,22,7324,7324,0,0,0.000000000000,0.000000000000
240399,False,False,excluded,excluded,non_list1,non_list1,insufficient_positive_pre_months|direct_policy_scope_overlap,insufficient_positive_pre_months|direct_policy_scope_overlap,2,2,24,22,301916,301916,0,0,0.000000000000,0.000000000000
250100,False,False,excluded,excluded,non_list1,non_list1,direct_policy_scope_overlap,direct_policy_scope_overlap,29,26,24,22,18638345,17001049,0,0,0.000000000000,0.000000000000
250200,False,False,excluded,excluded,non_list1,non_list1,insufficient_positive_pre_months|direct_policy_scope_overlap,insufficient_positive_pre_months|direct_policy_scope_overlap,2,2,24,22,9430,9430,0,0,0.000000000000,0.000000000000
250300,False,False,excluded,excluded,non_list1,non_list1,direct_policy_scope_overlap,direct_policy_scope_overlap,27,26,24,22,2570059,2533511,0,0,0.000000000000,0.000000000000
250410,False,False,control_candidate,control_candidate,non_list1,non_list1,,,29,26,24,22,50556193,43555017,0,0,0.000000000000,0.000000000000
250490,False,False,control_candidate,control_candidate,non_list1,non_list1,,,29,26,24,22,6449509,5251006,0,0,0.000000000000,0.000000000000
250510,False,False,excluded,excluded,non_list1,non_list1,direct_policy_scope_overlap,direct_policy_scope_overlap,29,26,24,22,3605574,3310153,0,0,0.000000000000,0.000000000000
250590,False,False,excluded,excluded,non_list1,non_list1,direct_policy_scope_overlap,direct_policy_scope_overlap,28,25,24,22,3370897,2613435,0,0,0.000000000000,0.000000000000
250610,False,False,excluded,excluded,non_list1,non_list1,direct_policy_scope_overlap,direct_policy_scope_overlap,29,26,24,22,25017672,23331200,0,0,0.000000000000,0.000000000000
250620,False,False,excluded,excluded,non_list1,non_list1,direct_policy_scope_overlap,direct_policy_scope_overlap,29,26,24,22,16174023,15101731,0,0,0.000000000000,0.000000000000
250700,False,False,excluded,excluded,non_list1,non_list1,direct_policy_scope_overlap,direct_policy_scope_overlap,25,22,24,22,373150,324154,0,0,0.000000000000,0.000000000000
250810,False,False,excluded,excluded,non_list1,non_list1,direct_policy_scope_overlap,direct_policy_scope_overlap,29,26,24,22,5281374,4670110,0,0,0.000000000000,0.000000000000
250830,False,False,excluded,excluded,non_list1,non_list1,insufficient_positive_pre_months,insufficient_positive_pre_months,16,14,24,22,27143148,20380727,0,0,0.000000000000,0.000000000000
250840,False,False,excluded,excluded,non_list1,non_list1,direct_policy_scope_overlap,direct_policy_scope_overlap,29,26,24,22,892916,697244,0,0,0.000000000000,0.000000000000
250850,False,False,excluded,excluded,non_list1,non_list1,insufficient_positive_pre_months|direct_policy_scope_overlap,insufficient_positive_pre_months|direct_policy_scope_overlap,1,1,24,22,65972,65972,0,0,0.000000000000,0.000000000000
250860,False,False,excluded,excluded,non_list1,non_list1,insufficient_positive_pre_months|direct_policy_scope_overlap,insufficient_positive_pre_months|direct_policy_scope_overlap,12,9,24,22,338382,213282,0,0,0.000000000000,0.000000000000
250870,False,False,excluded,excluded,non_list1,non_list1,insufficient_positive_pre_months|direct_policy_scope_overlap,insufficient_positive_pre_months|direct_policy_scope_overlap,0,0,24,22,0,0,0,0,0.000000000000,0.000000000000
250900,False,False,excluded,excluded,non_list1,non_list1,direct_policy_scope_overlap,direct_policy_scope_overlap,29,26,24,22,3393409,2990323,0,0,0.000000000000,0.000000000000
251010,False,False,excluded,excluded,non_list1,non_list1,insufficient_positive_pre_months|direct_policy_scope_overlap,insufficient_positive_pre_months|direct_policy_scope_overlap,1,1,24,22,3080,3080,0,0,0.000000000000,0.000000000000
251020,False,False,excluded,excluded,non_list1,non_list1,insufficient_positive_pre_months|direct_policy_scope_overlap,insufficient_positive_pre_months|direct_policy_scope_overlap,14,11,24,22,4401545,2900345,0,0,0.000000000000,0.000000000000
251110,False,False,control_candidate,control_candidate,non_list1,non_list1,,,29,26,24,22,277646943,248070228,0,0,0.000000000000,0.000000000000
251120,False,False,excluded,excluded,non_list1,non_list1,insufficient_positive_pre_months|direct_policy_scope_overlap,insufficient_positive_pre_months|direct_policy_scope_overlap,0,0,24,22,0,0,0,0,0.000000000000,0.000000000000
251200,False,False,excluded,excluded,non_list1,non_list1,insufficient_positive_pre_months|direct_policy_scope_overlap,insufficient_positive_pre_months|direct_policy_scope_overlap,2,1,24,22,17901,13901,0,0,0.000000000000,0.000000000000
251310,False,False,excluded,excluded,non_list1,non_list1,direct_policy_scope_overlap,direct_policy_scope_overlap,25,23,24,22,796541,708697,0,0,0.000000000000,0.000000000000
251320,False,False,excluded,excluded,non_list1,non_list1,direct_policy_scope_overlap,direct_policy_scope_overlap,29,26,24,22,14798029,12239992,0,0,0.000000000000,0.000000000000
251400,False,False,excluded,excluded,non_list1,non_list1,direct_policy_scope_overlap,direct_policy_scope_overlap,29,26,24,22,5296737,4870850,0,0,0.000000000000,0.000000000000
251511,False,False,excluded,excluded,non_list1,non_list1,insufficient_positive_pre_months|direct_policy_scope_overlap,insufficient_positive_pre_months|direct_policy_scope_overlap,5,5,24,22,99657,99657,0,0,0.000000000000,0.000000000000
251512,False,False,excluded,excluded,non_list1,non_list1,direct_policy_scope_overlap,direct_policy_scope_overlap,28,25,24,22,1728053,1621667,0,0,0.000000000000,0.000000000000
251520,False,False,excluded,excluded,non_list1,non_list1,direct_policy_scope_overlap,direct_policy_scope_overlap,29,26,24,22,2361233,2261027,0,0,0.000000000000,0.000000000000
251611,False,False,excluded,excluded,non_list1,non_list1,direct_policy_scope_overlap,direct_policy_scope_overlap,26,23,24,22,782805,723075,0,0,0.000000000000,0.000000000000
251612,False,False,excluded,excluded,non_list1,non_list1,direct_policy_scope_overlap,direct_policy_scope_overlap,28,25,24,22,2830429,2722859,0,0,0.000000000000,0.000000000000
251620,False,False,excluded,excluded,non_list1,non_list1,direct_policy_scope_overlap,direct_policy_scope_overlap,29,26,24,22,4284107,3793370,0,0,0.000000000000,0.000000000000
251690,False,False,excluded,excluded,non_list1,non_list1,direct_policy_scope_overlap,direct_policy_scope_overlap,29,26,24,22,1417234,1348667,0,0,0.000000000000,0.000000000000
251710,False,False,excluded,excluded,non_list1,non_list1,direct_policy_scope_overlap,direct_policy_scope_overlap,29,26,24,22,3701958,3152663,0,0,0.000000000000,0.000000000000
251720,False,False,excluded,excluded,non_list1,non_list1,insufficient_positive_pre_months|direct_policy_scope_overlap,insufficient_positive_pre_months|direct_policy_scope_overlap,0,0,24,22,0,0,0,0,0.000000000000,0.000000000000
251730,False,False,excluded,excluded,non_list1,non_list1,insufficient_positive_pre_months|direct_policy_scope_overlap,insufficient_positive_pre_months|direct_policy_scope_overlap,0,0,24,22,0,0,0,0,0.000000000000,0.000000000000
251741,False,False,excluded,excluded,non_list1,non_list1,insufficient_positive_pre_months|direct_policy_scope_overlap,insufficient_positive_pre_months|direct_policy_scope_overlap,5,5,24,22,27394,27394,0,0,0.000000000000,0.000000000000
251749,False,False,excluded,excluded,non_list1,non_list1,direct_policy_scope_overlap,direct_policy_scope_overlap,28,25,24,22,1186543,981985,0,0,0.000000000000,0.000000000000
251810,False,False,excluded,excluded,non_list1,non_list1,insufficient_positive_pre_months|direct_policy_scope_overlap,insufficient_positive_pre_months|direct_policy_scope_overlap,17,17,24,22,1198412,1198412,0,0,0.000000000000,0.000000000000
251820,False,False,excluded,excluded,non_list1,non_list1,insufficient_positive_pre_months|direct_policy_scope_overlap,insufficient_positive_pre_months|direct_policy_scope_overlap,0,0,24,22,0,0,0,0,0.000000000000,0.000000000000
251830,False,False,excluded,excluded,non_list1,non_list1,insufficient_positive_pre_months|direct_policy_scope_overlap,insufficient_positive_pre_months|direct_policy_scope_overlap,0,0,24,22,0,0,0,0,0.000000000000,0.000000000000
251910,False,False,control_candidate,control_candidate,non_list1,non_list1,,,28,25,24,22,4137714,1408017,0,0,0.000000000000,0.000000000000
251990,False,False,control_candidate,control_candidate,non_list1,non_list1,,,29,26,24,22,243585257,167993633,0,0,0.000000000000,0.000000000000
252010,False,False,excluded,excluded,non_list1,non_list1,insufficient_positive_pre_months|direct_policy_scope_overlap,insufficient_positive_pre_months|direct_policy_scope_overlap,7,5,24,22,24003,16403,0,0,0.000000000000,0.000000000000
252020,False,False,excluded,excluded,non_list1,non_list1,direct_policy_scope_overlap,direct_policy_scope_overlap,29,26,24,22,5830073,5747773,0,0,0.000000000000,0.000000000000
252100,False,False,excluded,excluded,non_list1,non_list1,direct_policy_scope_overlap,direct_policy_scope_overlap,28,25,24,22,2006663,1889103,0,0,0.000000000000,0.000000000000
252210,False,False,excluded,excluded,non_list1,non_list1,insufficient_positive_pre_months|direct_policy_scope_overlap,insufficient_positive_pre_months|direct_policy_scope_overlap,20,18,24,22,283297,245525,0,0,0.000000000000,0.000000000000
252220,False,False,excluded,excluded,non_list1,non_list1,insufficient_positive_pre_months|direct_policy_scope_overlap,insufficient_positive_pre_months|direct_policy_scope_overlap,7,5,24,22,47170,33850,0,0,0.000000000000,0.000000000000
252230,False,False,excluded,excluded,non_list1,non_list1,insufficient_positive_pre_months|direct_policy_scope_overlap,insufficient_positive_pre_months|direct_policy_scope_overlap,0,0,24,22,0,0,0,0,0.000000000000,0.000000000000
252310,False,False,excluded,excluded,non_list1,non_list1,insufficient_positive_pre_months|direct_policy_scope_overlap,insufficient_positive_pre_months|direct_policy_scope_overlap,22,20,24,22,1746819,1254127,0,0,0.000000000000,0.000000000000
252321,False,False,excluded,excluded,non_list1,non_list1,direct_policy_scope_overlap,direct_policy_scope_overlap,28,25,24,22,10148461,9580043,0,0,0.000000000000,0.000000000000
252329,False,False,excluded,excluded,non_list1,non_list1,direct_policy_scope_overlap,direct_policy_scope_overlap,29,26,24,22,206275526,176202532,0,0,0.000000000000,0.000000000000
252330,False,False,excluded,excluded,non_list1,non_list1,direct_policy_scope_overlap,direct_policy_scope_overlap,29,26,24,22,4757126,4464203,0,0,0.000000000000,0.000000000000
252390,False,False,excluded,excluded,non_list1,non_list1,direct_policy_scope_overlap,direct_policy_scope_overlap,27,24,24,22,760541,737469,0,0,0.000000000000,0.000000000000
252490,False,False,excluded,excluded,non_list1,non_list1,insufficient_positive_pre_months|direct_policy_scope_overlap,insufficient_positive_pre_months|direct_policy_scope_overlap,1,1,24,22,2176,2176,0,0,0.000000000000,0.000000000000
252510,False,False,excluded,excluded,non_list1,non_list1,insufficient_positive_pre_months|direct_policy_scope_overlap,insufficient_positive_pre_months|direct_policy_scope_overlap,3,2,24,22,23109,9804,0,0,0.000000000000,0.000000000000
252520,False,False,excluded,excluded,non_list1,non_list1,direct_policy_scope_overlap,direct_policy_scope_overlap,29,26,24,22,4961356,4613663,0,0,0.000000000000,0.000000000000
252530,False,False,excluded,excluded,non_list1,non_list1,insufficient_positive_pre_months|direct_policy_scope_overlap,insufficient_positive_pre_months|direct_policy_scope_overlap,0,0,24,22,0,0,0,0,0.000000000000,0.000000000000
252610,False,False,excluded,excluded,non_list1,non_list1,insufficient_positive_pre_months,insufficient_positive_pre_months,13,11,24,22,17195846,17172506,0,0,0.000000000000,0.000000000000
252620,False,False,control_candidate,control_candidate,non_list1,non_list1,,,25,23,24,22,24907084,24841530,0,0,0.000000000000,0.000000000000
252800,False,False,excluded,excluded,non_list1,non_list1,insufficient_positive_pre_months|direct_policy_scope_overlap,insufficient_positive_pre_months|direct_policy_scope_overlap,3,2,24,22,103856,60330,0,0,0.000000000000,0.000000000000
252910,False,False,excluded,excluded,non_list1,non_list1,insufficient_positive_pre_months|direct_policy_scope_overlap,insufficient_positive_pre_months|direct_policy_scope_overlap,0,0,24,22,0,0,0,0,0.000000000000,0.000000000000
252921,False,False,excluded,excluded,non_list1,non_list1,insufficient_positive_pre_months,insufficient_positive_pre_months,13,11,24,22,380190,349315,0,0,0.000000000000,0.000000000000
252922,False,False,excluded,excluded,non_list1,non_list1,insufficient_positive_pre_months,insufficient_positive_pre_months,15,13,24,22,18780360,18681880,0,0,0.000000000000,0.000000000000
252930,False,False,excluded,excluded,non_list1,non_list1,insufficient_positive_pre_months|direct_policy_scope_overlap,insufficient_positive_pre_months|direct_policy_scope_overlap,0,0,24,22,0,0,0,0,0.000000000000,0.000000000000
253010,False,False,excluded,excluded,non_list1,non_list1,direct_policy_scope_overlap,direct_policy_scope_overlap,29,26,24,22,10232188,9407003,0,0,0.000000000000,0.000000000000
253020,False,False,excluded,excluded,non_list1,non_list1,direct_policy_scope_overlap,direct_policy_scope_overlap,29,26,24,22,5354880,4426232,0,0,0.000000000000,0.000000000000
253090,False,False,excluded,excluded,non_list1,non_list1,direct_policy_scope_overlap,direct_policy_scope_overlap,29,26,24,22,10066918,8730132,0,0,0.000000000000,0.000000000000
260111,False,False,excluded,excluded,non_list1,non_list1,insufficient_positive_pre_months|direct_policy_scope_overlap,insufficient_positive_pre_months|direct_policy_scope_overlap,1,1,24,22,66900,66900,0,0,0.000000000000,0.000000000000
260112,False,False,excluded,excluded,non_list1,non_list1,insufficient_positive_pre_months|direct_policy_scope_overlap,insufficient_positive_pre_months|direct_policy_scope_overlap,0,0,24,22,0,0,0,0,0.000000000000,0.000000000000
260120,False,False,excluded,excluded,non_list1,non_list1,insufficient_positive_pre_months|direct_policy_scope_overlap,insufficient_positive_pre_months|direct_policy_scope_overlap,0,0,24,22,0,0,0,0,0.000000000000,0.000000000000
260200,False,False,excluded,excluded,non_list1,non_list1,insufficient_positive_pre_months,insufficient_positive_pre_months,3,3,24,22,13836,13836,0,0,0.000000000000,0.000000000000
260300,False,False,excluded,excluded,non_list1,non_list1,insufficient_positive_pre_months,insufficient_positive_pre_months,3,2,24,22,41680,30410,0,0,0.000000000000,0.000000000000
260400,False,False,excluded,excluded,non_list1,non_list1,insufficient_positive_pre_months|direct_policy_scope_overlap,insufficient_positive_pre_months|direct_policy_scope_overlap,10,10,24,22,134190,134190,0,0,0.000000000000,0.000000000000
260500,False,False,excluded,excluded,non_list1,non_list1,insufficient_positive_pre_months,insufficient_positive_pre_months,2,2,24,22,181200,181200,0,0,0.000000000000,0.000000000000
260600,False,False,control_candidate,control_candidate,non_list1,non_list1,,,24,22,24,22,58846046,49583597,0,0,0.000000000000,0.000000000000
260700,False,False,excluded,excluded,non_list1,non_list1,insufficient_positive_pre_months|direct_policy_scope_overlap,insufficient_positive_pre_months|direct_policy_scope_overlap,0,0,24,22,0,0,0,0,0.000000000000,0.000000000000
260800,False,False,excluded,excluded,non_list1,non_list1,insufficient_positive_pre_months,insufficient_positive_pre_months,1,1,24,22,8341,8341,0,0,0.000000000000,0.000000000000
261000,False,False,excluded,excluded,non_list1,non_list1,insufficient_positive_pre_months,insufficient_positive_pre_months,2,2,24,22,213600,213600,0,0,0.000000000000,0.000000000000
261100,False,False,excluded,excluded,non_list1,non_list1,insufficient_positive_pre_months,insufficient_positive_pre_months,6,5,24,22,46538,43924,0,0,0.000000000000,0.000000000000
261210,False,False,excluded,excluded,non_list1,non_list1,insufficient_positive_pre_months|direct_policy_scope_overlap,insufficient_positive_pre_months|direct_policy_scope_overlap,0,0,24,22,0,0,0,0,0.000000000000,0.000000000000
261220,False,False,excluded,excluded,non_list1,non_list1,insufficient_positive_pre_months,insufficient_positive_pre_months,0,0,24,22,0,0,0,0,0.000000000000,0.000000000000
261310,False,False,excluded,excluded,non_list1,non_list1,insufficient_positive_pre_months,insufficient_positive_pre_months,2,2,24,22,1188450,1188450,0,0,0.000000000000,0.000000000000
261390,False,False,excluded,excluded,non_list1,non_list1,insufficient_positive_pre_months,insufficient_positive_pre_months,7,6,24,22,3100249,3087709,0,0,0.000000000000,0.000000000000
261400,False,False,excluded,excluded,non_list1,non_list1,insufficient_positive_pre_months|direct_policy_scope_overlap,insufficient_positive_pre_months|direct_policy_scope_overlap,6,4,24,22,207351,104111,0,0,0.000000000000,0.000000000000
261510,False,False,excluded,excluded,non_list1,non_list1,direct_policy_scope_overlap,direct_policy_scope_overlap,27,25,24,22,3003926,2791203,0,0,0.000000000000,0.000000000000
261590,False,False,excluded,excluded,non_list1,non_list1,insufficient_positive_pre_months|direct_policy_scope_overlap,insufficient_positive_pre_months|direct_policy_scope_overlap,14,11,24,22,973452,922646,0,0,0.000000000000,0.000000000000
261610,False,False,excluded,excluded,non_list1,non_list1,insufficient_positive_pre_months|direct_policy_scope_overlap,insufficient_positive_pre_months|direct_policy_scope_overlap,1,0,24,22,8475,0,0,0,0.000000000000,0.000000000000
261690,False,False,excluded,excluded,non_list1,non_list1,insufficient_positive_pre_months|direct_policy_scope_overlap,insufficient_positive_pre_months|direct_policy_scope_overlap,0,0,24,22,0,0,0,0,0.000000000000,0.000000000000
261710,False,False,excluded,excluded,non_list1,non_list1,insufficient_positive_pre_months,insufficient_positive_pre_months,5,3,24,22,161795,7875,0,0,0.000000000000,0.000000000000
261790,False,False,excluded,excluded,non_list1,non_list1,insufficient_positive_pre_months|direct_policy_scope_overlap,insufficient_positive_pre_months|direct_policy_scope_overlap,2,2,24,22,54213,54213,0,0,0.000000000000,0.000000000000
261800,False,False,excluded,excluded,non_list1,non_list1,insufficient_positive_pre_months|direct_policy_scope_overlap,insufficient_positive_pre_months|direct_policy_scope_overlap,17,14,24,22,10551444,7675316,0,0,0.000000000000,0.000000000000
261900,False,False,excluded,excluded,non_list1,non_list1,insufficient_positive_pre_months|direct_policy_scope_overlap,insufficient_positive_pre_months|direct_policy_scope_overlap,4,4,24,22,51580,51580,0,0,0.000000000000,0.000000000000
262011,False,False,excluded,excluded,non_list1,non_list1,insufficient_positive_pre_months|direct_policy_scope_overlap,insufficient_positive_pre_months|direct_policy_scope_overlap,0,0,24,22,0,0,0,0,0.000000000000,0.000000000000
262019,False,False,excluded,excluded,non_list1,non_list1,insufficient_positive_pre_months|direct_policy_scope_overlap,insufficient_positive_pre_months|direct_policy_scope_overlap,6,6,24,22,386555,386555,0,0,0.000000000000,0.000000000000
262029,False,False,excluded,excluded,non_list1,non_list1,insufficient_positive_pre_months|direct_policy_scope_overlap,insufficient_positive_pre_months|direct_policy_scope_overlap,0,0,24,22,0,0,0,0,0.000000000000,0.000000000000
262030,False,False,excluded,excluded,non_list1,non_list1,insufficient_positive_pre_months|direct_policy_scope_overlap,insufficient_positive_pre_months|direct_policy_scope_overlap,1,1,24,22,33402,33402,0,0,0.000000000000,0.000000000000
262040,False,False,excluded,excluded,non_list1,non_list1,insufficient_positive_pre_months,insufficient_positive_pre_months,2,2,24,22,14442,14442,0,0,0.000000000000,0.000000000000
262060,False,False,excluded,excluded,non_list1,non_list1,insufficient_positive_pre_months|direct_policy_scope_overlap,insufficient_positive_pre_months|direct_policy_scope_overlap,0,0,24,22,0,0,0,0,0.000000000000,0.000000000000
262091,False,False,excluded,excluded,non_list1,non_list1,insufficient_positive_pre_months|direct_policy_scope_overlap,insufficient_positive_pre_months|direct_policy_scope_overlap,0,0,24,22,0,0,0,0,0.000000000000,0.000000000000
262099,False,False,excluded,excluded,non_list1,non_list1,insufficient_positive_pre_months|direct_policy_scope_overlap,insufficient_positive_pre_months|direct_policy_scope_overlap,4,3,24,22,182426,136750,0,0,0.000000000000,0.000000000000
262110,False,False,excluded,excluded,non_list1,non_list1,insufficient_positive_pre_months,insufficient_positive_pre_months,0,0,24,22,0,0,0,0,0.000000000000,0.000000000000
262190,False,False,excluded,excluded,non_list1,non_list1,direct_policy_scope_overlap,direct_policy_scope_overlap,29,26,24,22,26959481,24714833,0,0,0.000000000000,0.000000000000
270111,False,False,excluded,excluded,non_list1,non_list1,insufficient_positive_pre_months|direct_policy_scope_overlap,insufficient_positive_pre_months|direct_policy_scope_overlap,11,9,24,22,1651774,1447641,0,0,0.000000000000,0.000000000000
270112,False,False,excluded,excluded,non_list1,non_list1,insufficient_positive_pre_months|direct_policy_scope_overlap,insufficient_positive_pre_months|direct_policy_scope_overlap,1,1,24,22,5268,5268,0,0,0.000000000000,0.000000000000
270119,False,False,excluded,excluded,non_list1,non_list1,insufficient_positive_pre_months|direct_policy_scope_overlap,insufficient_positive_pre_months|direct_policy_scope_overlap,8,6,24,22,442620,295080,0,0,0.000000000000,0.000000000000
270120,False,False,excluded,excluded,non_list1,non_list1,insufficient_positive_pre_months|direct_policy_scope_overlap,insufficient_positive_pre_months|direct_policy_scope_overlap,14,12,24,22,266341,191665,0,0,0.000000000000,0.000000000000
270210,False,False,excluded,excluded,non_list1,non_list1,insufficient_positive_pre_months|direct_policy_scope_overlap,insufficient_positive_pre_months|direct_policy_scope_overlap,18,15,24,22,443035,321884,0,0,0.000000000000,0.000000000000
270220,False,False,excluded,excluded,non_list1,non_list1,insufficient_positive_pre_months|direct_policy_scope_overlap,insufficient_positive_pre_months|direct_policy_scope_overlap,1,1,24,22,25900,25900,0,0,0.000000000000,0.000000000000
270300,False,False,excluded,excluded,non_list1,non_list1,insufficient_positive_pre_months|direct_policy_scope_overlap,insufficient_positive_pre_months|direct_policy_scope_overlap,12,11,24,22,133245,130768,0,0,0.000000000000,0.000000000000
270400,False,False,excluded,excluded,non_list1,non_list1,insufficient_positive_pre_months,insufficient_positive_pre_months,10,9,24,22,739552,715612,0,0,0.000000000000,0.000000000000
270500,False,False,excluded,excluded,non_list1,non_list1,insufficient_positive_pre_months|direct_policy_scope_overlap,insufficient_positive_pre_months|direct_policy_scope_overlap,0,0,24,22,0,0,0,0,0.000000000000,0.000000000000
270600,False,False,excluded,excluded,non_list1,non_list1,insufficient_positive_pre_months|direct_policy_scope_overlap,insufficient_positive_pre_months|direct_policy_scope_overlap,0,0,24,22,0,0,0,0,0.000000000000,0.000000000000
270710,False,False,excluded,excluded,non_list1,non_list1,insufficient_positive_pre_months|direct_policy_scope_overlap,insufficient_positive_pre_months|direct_policy_scope_overlap,0,0,24,22,0,0,0,0,0.000000000000,0.000000000000
270720,False,False,excluded,excluded,non_list1,non_list1,insufficient_positive_pre_months|direct_policy_scope_overlap,insufficient_positive_pre_months|direct_policy_scope_overlap,0,0,24,22,0,0,0,0,0.000000000000,0.000000000000
270730,False,False,excluded,excluded,non_list1,non_list1,insufficient_positive_pre_months|direct_policy_scope_overlap,insufficient_positive_pre_months|direct_policy_scope_overlap,0,0,24,22,0,0,0,0,0.000000000000,0.000000000000
270740,False,False,excluded,excluded,non_list1,non_list1,insufficient_positive_pre_months|direct_policy_scope_overlap,insufficient_positive_pre_months|direct_policy_scope_overlap,1,1,24,22,7600,7600,0,0,0.000000000000,0.000000000000
270750,False,False,excluded,excluded,non_list1,non_list1,direct_policy_scope_overlap,direct_policy_scope_overlap,28,25,24,22,3169809,2919009,0,0,0.000000000000,0.000000000000
270791,False,False,excluded,excluded,non_list1,non_list1,insufficient_positive_pre_months|direct_policy_scope_overlap,insufficient_positive_pre_months|direct_policy_scope_overlap,0,0,24,22,0,0,0,0,0.000000000000,0.000000000000
270799,False,False,excluded,excluded,non_list1,non_list1,insufficient_positive_pre_months|direct_policy_scope_overlap,insufficient_positive_pre_months|direct_policy_scope_overlap,16,15,24,22,2179256,2102211,0,0,0.000000000000,0.000000000000
270810,False,False,excluded,excluded,non_list1,non_list1,direct_policy_scope_overlap,direct_policy_scope_overlap,27,24,24,22,1512109,1350023,0,0,0.000000000000,0.000000000000
270820,False,False,excluded,excluded,non_list1,non_list1,insufficient_positive_pre_months|direct_policy_scope_overlap,insufficient_positive_pre_months|direct_policy_scope_overlap,6,6,24,22,102376,102376,0,0,0.000000000000,0.000000000000
270900,False,False,excluded,excluded,non_list1,non_list1,insufficient_positive_pre_months|direct_policy_scope_overlap,insufficient_positive_pre_months|direct_policy_scope_overlap,4,4,24,22,151819,151819,0,0,0.000000000000,0.000000000000
271012,False,False,excluded,excluded,non_list1,non_list1,insufficient_positive_pre_months|direct_policy_scope_overlap,insufficient_positive_pre_months|direct_policy_scope_overlap,14,11,24,22,78278902,51103979,0,0,0.000000000000,0.000000000000
271019,False,False,excluded,excluded,non_list1,non_list1,direct_policy_scope_overlap,direct_policy_scope_overlap,29,26,24,22,532289677,477129145,0,0,0.000000000000,0.000000000000
271020,False,False,excluded,excluded,non_list1,non_list1,insufficient_positive_pre_months|direct_policy_scope_overlap,insufficient_positive_pre_months|direct_policy_scope_overlap,0,0,24,22,0,0,0,0,0.000000000000,0.000000000000
271091,False,False,excluded,excluded,non_list1,non_list1,insufficient_positive_pre_months,insufficient_positive_pre_months,0,0,24,22,0,0,0,0,0.000000000000,0.000000000000
271099,False,False,excluded,excluded,non_list1,non_list1,insufficient_positive_pre_months,insufficient_positive_pre_months,0,0,24,22,0,0,0,0,0.000000000000,0.000000000000
271111,False,False,excluded,excluded,non_list1,non_list1,insufficient_positive_pre_months|direct_policy_scope_overlap,insufficient_positive_pre_months|direct_policy_scope_overlap,2,2,24,22,19239,19239,0,0,0.000000000000,0.000000000000
271112,False,False,excluded,excluded,non_list1,non_list1,insufficient_positive_pre_months|direct_policy_scope_overlap,insufficient_positive_pre_months|direct_policy_scope_overlap,7,7,24,22,80634,80634,0,0,0.000000000000,0.000000000000
271113,False,False,excluded,excluded,non_list1,non_list1,direct_policy_scope_overlap,direct_policy_scope_overlap,27,25,24,22,2432715,2211450,0,0,0.000000000000,0.000000000000
271114,False,False,excluded,excluded,non_list1,non_list1,insufficient_positive_pre_months|direct_policy_scope_overlap,insufficient_positive_pre_months|direct_policy_scope_overlap,6,6,24,22,116976,116976,0,0,0.000000000000,0.000000000000
271119,False,False,excluded,excluded,non_list1,non_list1,insufficient_positive_pre_months|direct_policy_scope_overlap,insufficient_positive_pre_months|direct_policy_scope_overlap,0,0,24,22,0,0,0,0,0.000000000000,0.000000000000
271121,False,False,excluded,excluded,non_list1,non_list1,insufficient_positive_pre_months|direct_policy_scope_overlap,insufficient_positive_pre_months|direct_policy_scope_overlap,0,0,24,22,0,0,0,0,0.000000000000,0.000000000000
271129,False,False,excluded,excluded,non_list1,non_list1,insufficient_positive_pre_months|direct_policy_scope_overlap,insufficient_positive_pre_months|direct_policy_scope_overlap,17,16,24,22,472084,412084,0,0,0.000000000000,0.000000000000
271210,False,False,excluded,excluded,non_list1,non_list1,insufficient_positive_pre_months|direct_policy_scope_overlap,insufficient_positive_pre_months|direct_policy_scope_overlap,10,10,24,22,208058,208058,0,0,0.000000000000,0.000000000000
271220,False,False,control_candidate,control_candidate,non_list1,non_list1,,,29,26,24,22,344750527,315952444,0,0,0.000000000000,0.000000000000
271290,False,False,excluded,excluded,non_list1,non_list1,direct_policy_scope_overlap,direct_policy_scope_overlap,29,26,24,22,28761630,20597946,0,0,0.000000000000,0.000000000000
271311,False,False,excluded,excluded,non_list1,non_list1,insufficient_positive_pre_months|direct_policy_scope_overlap,insufficient_positive_pre_months|direct_policy_scope_overlap,20,18,24,22,36821616,19578697,0,0,0.000000000000,0.000000000000
271312,False,False,excluded,excluded,non_list1,non_list1,insufficient_positive_pre_months|direct_policy_scope_overlap,insufficient_positive_pre_months|direct_policy_scope_overlap,22,21,24,22,4513761,3961761,0,0,0.000000000000,0.000000000000
271320,False,False,excluded,excluded,non_list1,non_list1,insufficient_positive_pre_months|direct_policy_scope_overlap,insufficient_positive_pre_months|direct_policy_scope_overlap,2,2,24,22,9697,9697,0,0,0.000000000000,0.000000000000
271390,False,False,excluded,excluded,non_list1,non_list1,insufficient_positive_pre_months|direct_policy_scope_overlap,insufficient_positive_pre_months|direct_policy_scope_overlap,0,0,24,22,0,0,0,0,0.000000000000,0.000000000000
271410,False,False,excluded,excluded,non_list1,non_list1,insufficient_positive_pre_months|direct_policy_scope_overlap,insufficient_positive_pre_months|direct_policy_scope_overlap,0,0,24,22,0,0,0,0,0.000000000000,0.000000000000
271490,False,False,excluded,excluded,non_list1,non_list1,insufficient_positive_pre_months|direct_policy_scope_overlap,insufficient_positive_pre_months|direct_policy_scope_overlap,23,21,24,22,1885316,1732996,0,0,0.000000000000,0.000000000000
271500,False,False,excluded,excluded,non_list1,non_list1,insufficient_positive_pre_months|direct_policy_scope_overlap,insufficient_positive_pre_months|direct_policy_scope_overlap,17,14,24,22,6129683,5914640,0,0,0.000000000000,0.000000000000
271600,False,False,excluded,excluded,non_list1,non_list1,insufficient_positive_pre_months,insufficient_positive_pre_months,0,0,24,22,0,0,0,0,0.000000000000,0.000000000000
280110,False,False,excluded,excluded,non_list1,non_list1,insufficient_positive_pre_months|direct_policy_scope_overlap,insufficient_positive_pre_months|direct_policy_scope_overlap,12,10,24,22,175530,135375,0,0,0.000000000000,0.000000000000
280120,False,False,excluded,excluded,non_list1,non_list1,insufficient_positive_pre_months|direct_policy_scope_overlap,insufficient_positive_pre_months|direct_policy_scope_overlap,1,1,24,22,9500,9500,0,0,0.000000000000,0.000000000000
280130,False,False,excluded,excluded,non_list1,non_list1,insufficient_positive_pre_months|direct_policy_scope_overlap,insufficient_positive_pre_months|direct_policy_scope_overlap,0,0,24,22,0,0,0,0,0.000000000000,0.000000000000
280200,False,False,excluded,excluded,non_list1,non_list1,insufficient_positive_pre_months|direct_policy_scope_overlap,insufficient_positive_pre_months|direct_policy_scope_overlap,23,20,24,22,454521,370794,0,0,0.000000000000,0.000000000000
280300,False,False,excluded,excluded,non_list1,non_list1,direct_policy_scope_overlap,direct_policy_scope_overlap,29,26,24,22,12124504,11402055,0,0,0.000000000000,0.000000000000
280410,False,False,excluded,excluded,non_list1,non_list1,insufficient_positive_pre_months|direct_policy_scope_overlap,insufficient_positive_pre_months|direct_policy_scope_overlap,0,0,24,22,0,0,0,0,0.000000000000,0.000000000000
280421,False,False,excluded,excluded,non_list1,non_list1,insufficient_positive_pre_months|direct_policy_scope_overlap,insufficient_positive_pre_months|direct_policy_scope_overlap,2,2,24,22,6360,6360,0,0,0.000000000000,0.000000000000
280429,False,False,excluded,excluded,non_list1,non_list1,direct_policy_scope_overlap,direct_policy_scope_overlap,29,26,24,22,13681560,13126851,0,0,0.000000000000,0.000000000000
280430,False,False,excluded,excluded,non_list1,non_list1,insufficient_positive_pre_months|direct_policy_scope_overlap,insufficient_positive_pre_months|direct_policy_scope_overlap,4,3,24,22,22330,19580,0,0,0.000000000000,0.000000000000
280440,False,False,excluded,excluded,non_list1,non_list1,insufficient_positive_pre_months|direct_policy_scope_overlap,insufficient_positive_pre_months|direct_policy_scope_overlap,4,4,24,22,30195,30195,0,0,0.000000000000,0.000000000000
280450,False,False,excluded,excluded,non_list1,non_list1,direct_policy_scope_overlap,insufficient_positive_pre_months|direct_policy_scope_overlap,24,21,24,22,5910130,5686711,0,0,0.000000000000,0.000000000000
280461,False,False,excluded,excluded,non_list1,non_list1,direct_policy_scope_overlap,direct_policy_scope_overlap,29,26,24,22,24129557,19547442,0,0,0.000000000000,0.000000000000
280469,False,False,excluded,excluded,non_list1,non_list1,insufficient_positive_pre_months,insufficient_positive_pre_months,20,18,24,22,885631,842431,0,0,0.000000000000,0.000000000000
280470,False,False,excluded,excluded,non_list1,non_list1,insufficient_positive_pre_months,insufficient_positive_pre_months,22,20,24,22,3753094,3663485,0,0,0.000000000000,0.000000000000
280480,False,False,excluded,excluded,non_list1,non_list1,direct_policy_scope_overlap,direct_policy_scope_overlap,27,25,24,22,2998030,2888867,0,0,0.000000000000,0.000000000000
280490,False,False,excluded,excluded,non_list1,non_list1,direct_policy_scope_overlap,direct_policy_scope_overlap,26,23,24,22,5981930,4907919,0,0,0.000000000000,0.000000000000
280511,False,False,excluded,excluded,non_list1,non_list1,direct_policy_scope_overlap,direct_policy_scope_overlap,25,22,24,22,20560985,16529298,0,0,0.000000000000,0.000000000000
280512,False,False,excluded,excluded,non_list1,non_list1,direct_policy_scope_overlap,direct_policy_scope_overlap,29,26,24,22,21823580,18246372,0,0,0.000000000000,0.000000000000
280519,False,False,excluded,excluded,non_list1,non_list1,direct_policy_scope_overlap,direct_policy_scope_overlap,26,23,24,22,10525655,7607366,0,0,0.000000000000,0.000000000000
280530,False,False,control_candidate,control_candidate,non_list1,non_list1,,,29,26,24,22,8403352,7144328,0,0,0.000000000000,0.000000000000
280540,False,False,excluded,excluded,non_list1,non_list1,insufficient_positive_pre_months|direct_policy_scope_overlap,insufficient_positive_pre_months|direct_policy_scope_overlap,1,0,24,22,38025,0,0,0,0.000000000000,0.000000000000
280610,False,False,excluded,excluded,non_list1,non_list1,insufficient_positive_pre_months|direct_policy_scope_overlap,insufficient_positive_pre_months|direct_policy_scope_overlap,4,3,24,22,221902,61402,0,0,0.000000000000,0.000000000000
280620,False,False,excluded,excluded,non_list1,non_list1,insufficient_positive_pre_months|direct_policy_scope_overlap,insufficient_positive_pre_months|direct_policy_scope_overlap,1,0,24,22,2332,0,0,0,0.000000000000,0.000000000000
280700,False,False,excluded,excluded,non_list1,non_list1,insufficient_positive_pre_months|direct_policy_scope_overlap,insufficient_positive_pre_months|direct_policy_scope_overlap,6,6,24,22,55380,55380,0,0,0.000000000000,0.000000000000
280800,False,False,excluded,excluded,non_list1,non_list1,insufficient_positive_pre_months|direct_policy_scope_overlap,insufficient_positive_pre_months|direct_policy_scope_overlap,1,1,24,22,24000,24000,0,0,0.000000000000,0.000000000000
280910,False,False,excluded,excluded,non_list1,non_list1,direct_policy_scope_overlap,direct_policy_scope_overlap,29,26,24,22,12599212,10859977,0,0,0.000000000000,0.000000000000
280920,False,False,excluded,excluded,non_list1,non_list1,direct_policy_scope_overlap,direct_policy_scope_overlap,29,26,24,22,95830340,88803410,0,0,0.000000000000,0.000000000000
281000,False,False,excluded,excluded,non_list1,non_list1,insufficient_positive_pre_months|direct_policy_scope_overlap,insufficient_positive_pre_months|direct_policy_scope_overlap,20,18,24,22,507253,465906,0,0,0.000000000000,0.000000000000
281111,False,False,excluded,excluded,non_list1,non_list1,direct_policy_scope_overlap,direct_policy_scope_overlap,29,26,24,22,11992187,11318397,0,0,0.000000000000,0.000000000000
281119,False,False,excluded,excluded,non_list1,non_list1,insufficient_positive_pre_months|direct_policy_scope_overlap,insufficient_positive_pre_months|direct_policy_scope_overlap,17,14,24,22,45859494,38987272,0,0,0.000000000000,0.000000000000
281121,False,False,excluded,excluded,non_list1,non_list1,direct_policy_scope_overlap,direct_policy_scope_overlap,24,23,24,22,867704,803444,0,0,0.000000000000,0.000000000000
281122,False,False,excluded,excluded,non_list1,non_list1,direct_policy_scope_overlap,direct_policy_scope_overlap,29,26,24,22,186719964,160360834,0,0,0.000000000000,0.000000000000
281129,False,False,excluded,excluded,non_list1,non_list1,direct_policy_scope_overlap,direct_policy_scope_overlap,29,26,24,22,6723881,5949683,0,0,0.000000000000,0.000000000000
281211,False,False,excluded,excluded,non_list1,non_list1,insufficient_positive_pre_months|direct_policy_scope_overlap,insufficient_positive_pre_months|direct_policy_scope_overlap,15,12,24,22,1265547,592722,0,0,0.000000000000,0.000000000000
281212,False,False,excluded,excluded,non_list1,non_list1,insufficient_positive_pre_months|direct_policy_scope_overlap,insufficient_positive_pre_months|direct_policy_scope_overlap,5,4,24,22,199287,170363,0,0,0.000000000000,0.000000000000
281213,False,False,excluded,excluded,non_list1,non_list1,insufficient_positive_pre_months|direct_policy_scope_overlap,insufficient_positive_pre_months|direct_policy_scope_overlap,0,0,24,22,0,0,0,0,0.000000000000,0.000000000000
281214,False,False,excluded,excluded,non_list1,non_list1,insufficient_positive_pre_months|direct_policy_scope_overlap,insufficient_positive_pre_months|direct_policy_scope_overlap,0,0,24,22,0,0,0,0,0.000000000000,0.000000000000
281215,False,False,excluded,excluded,non_list1,non_list1,insufficient_positive_pre_months|direct_policy_scope_overlap,insufficient_positive_pre_months|direct_policy_scope_overlap,0,0,24,22,0,0,0,0,0.000000000000,0.000000000000
281217,False,False,excluded,excluded,non_list1,non_list1,insufficient_positive_pre_months|direct_policy_scope_overlap,insufficient_positive_pre_months|direct_policy_scope_overlap,1,1,24,22,11520,11520,0,0,0.000000000000,0.000000000000
281219,False,False,excluded,excluded,non_list1,non_list1,insufficient_positive_pre_months|direct_policy_scope_overlap,insufficient_positive_pre_months|direct_policy_scope_overlap,3,3,24,22,78546,78546,0,0,0.000000000000,0.000000000000
281290,False,False,excluded,excluded,non_list1,non_list1,direct_policy_scope_overlap,direct_policy_scope_overlap,29,26,24,22,19557092,17329193,0,0,0.000000000000,0.000000000000
281310,False,False,excluded,excluded,non_list1,non_list1,insufficient_positive_pre_months|direct_policy_scope_overlap,insufficient_positive_pre_months|direct_policy_scope_overlap,1,1,24,22,134366,134366,0,0,0.000000000000,0.000000000000
281390,False,False,excluded,excluded,non_list1,non_list1,insufficient_positive_pre_months|direct_policy_scope_overlap,insufficient_positive_pre_months|direct_policy_scope_overlap,7,6,24,22,196184,182684,0,0,0.000000000000,0.000000000000
281410,False,False,excluded,excluded,non_list1,non_list1,insufficient_positive_pre_months|direct_policy_scope_overlap,insufficient_positive_pre_months|direct_policy_scope_overlap,1,1,24,22,10625,10625,0,0,0.000000000000,0.000000000000
281420,False,False,excluded,excluded,non_list1,non_list1,insufficient_positive_pre_months|direct_policy_scope_overlap,insufficient_positive_pre_months|direct_policy_scope_overlap,0,0,24,22,0,0,0,0,0.000000000000,0.000000000000
281511,False,False,excluded,excluded,non_list1,non_list1,direct_policy_scope_overlap,direct_policy_scope_overlap,29,26,24,22,8586562,7290980,0,0,0.000000000000,0.000000000000
281512,False,False,excluded,excluded,non_list1,non_list1,direct_policy_scope_overlap,direct_policy_scope_overlap,27,24,24,22,86083107,65986820,0,0,0.000000000000,0.000000000000
281520,False,False,excluded,excluded,non_list1,non_list1,direct_policy_scope_overlap,direct_policy_scope_overlap,29,26,24,22,6054695,4999343,0,0,0.000000000000,0.000000000000
281530,False,False,excluded,excluded,non_list1,non_list1,insufficient_positive_pre_months|direct_policy_scope_overlap,insufficient_positive_pre_months|direct_policy_scope_overlap,5,5,24,22,95450,95450,0,0,0.000000000000,0.000000000000
281610,False,False,excluded,excluded,non_list1,non_list1,insufficient_positive_pre_months|direct_policy_scope_overlap,insufficient_positive_pre_months|direct_policy_scope_overlap,4,4,24,22,74572,74572,0,0,0.000000000000,0.000000000000
281640,False,False,excluded,excluded,non_list1,non_list1,direct_policy_scope_overlap,direct_policy_scope_overlap,29,26,24,22,11882472,10190146,0,0,0.000000000000,0.000000000000
281700,False,False,excluded,excluded,non_list1,non_list1,direct_policy_scope_overlap,direct_policy_scope_overlap,27,24,24,22,2363807,2151850,0,0,0.000000000000,0.000000000000
281810,False,False,control_candidate,control_candidate,non_list1,non_list1,,,29,26,24,22,114504923,103026974,0,0,0.000000000000,0.000000000000
281820,False,False,control_candidate,control_candidate,non_list1,non_list1,,,29,26,24,22,48211239,42916993,0,0,0.000000000000,0.000000000000
281830,False,False,excluded,excluded,non_list1,non_list1,direct_policy_scope_overlap,direct_policy_scope_overlap,29,26,24,22,49375374,43974693,0,0,0.000000000000,0.000000000000
281910,False,False,excluded,excluded,non_list1,non_list1,direct_policy_scope_overlap,direct_policy_scope_overlap,29,26,24,22,11497076,10158841,0,0,0.000000000000,0.000000000000
281990,False,False,excluded,excluded,non_list1,non_list1,direct_policy_scope_overlap,direct_policy_scope_overlap,29,26,24,22,11529350,10367721,0,0,0.000000000000,0.000000000000
282010,False,False,excluded,excluded,non_list1,non_list1,insufficient_positive_pre_months|direct_policy_scope_overlap,insufficient_positive_pre_months|direct_policy_scope_overlap,12,11,24,22,358570,307750,0,0,0.000000000000,0.000000000000
282090,False,False,excluded,excluded,non_list1,non_list1,insufficient_positive_pre_months|direct_policy_scope_overlap,insufficient_positive_pre_months|direct_policy_scope_overlap,13,13,24,22,561687,561687,0,0,0.000000000000,0.000000000000
282110,False,False,excluded,excluded,non_list1,non_list1,direct_policy_scope_overlap,direct_policy_scope_overlap,29,26,24,22,227962246,200542503,0,0,0.000000000000,0.000000000000
282120,False,False,excluded,excluded,non_list1,non_list1,insufficient_positive_pre_months|direct_policy_scope_overlap,insufficient_positive_pre_months|direct_policy_scope_overlap,2,2,24,22,26832,26832,0,0,0.000000000000,0.000000000000
282200,False,False,excluded,excluded,non_list1,non_list1,direct_policy_scope_overlap,direct_policy_scope_overlap,29,26,24,22,33905418,27317632,0,0,0.000000000000,0.000000000000
282300,False,False,excluded,excluded,non_list1,non_list1,direct_policy_scope_overlap,direct_policy_scope_overlap,29,26,24,22,101293260,84977181,0,0,0.000000000000,0.000000000000
282410,False,False,excluded,excluded,non_list1,non_list1,insufficient_positive_pre_months|direct_policy_scope_overlap,insufficient_positive_pre_months|direct_policy_scope_overlap,7,6,24,22,445329,372316,0,0,0.000000000000,0.000000000000
282490,False,False,excluded,excluded,non_list1,non_list1,insufficient_positive_pre_months|direct_policy_scope_overlap,insufficient_positive_pre_months|direct_policy_scope_overlap,3,3,24,22,76410,76410,0,0,0.000000000000,0.000000000000
282510,False,False,excluded,excluded,non_list1,non_list1,insufficient_positive_pre_months|direct_policy_scope_overlap,insufficient_positive_pre_months|direct_policy_scope_overlap,22,20,24,22,1462683,1335343,0,0,0.000000000000,0.000000000000
282520,False,False,excluded,excluded,non_list1,non_list1,insufficient_positive_pre_months|direct_policy_scope_overlap,insufficient_positive_pre_months|direct_policy_scope_overlap,22,19,24,22,11505907,10743213,0,0,0.000000000000,0.000000000000
282530,False,False,excluded,excluded,non_list1,non_list1,direct_policy_scope_overlap,direct_policy_scope_overlap,29,26,24,22,16279518,12855447,0,0,0.000000000000,0.000000000000
282540,False,False,excluded,excluded,non_list1,non_list1,insufficient_positive_pre_months|direct_policy_scope_overlap,insufficient_positive_pre_months|direct_policy_scope_overlap,17,15,24,22,993492,921492,0,0,0.000000000000,0.000000000000
282550,False,False,excluded,excluded,non_list1,non_list1,insufficient_positive_pre_months|direct_policy_scope_overlap,insufficient_positive_pre_months|direct_policy_scope_overlap,14,13,24,22,1702381,1560091,0,0,0.000000000000,0.000000000000
282560,False,False,excluded,excluded,non_list1,non_list1,direct_policy_scope_overlap,direct_policy_scope_overlap,29,26,24,22,28841363,25316335,0,0,0.000000000000,0.000000000000
282570,False,False,excluded,excluded,non_list1,non_list1,insufficient_positive_pre_months,insufficient_positive_pre_months,22,21,24,22,20752762,20549612,0,0,0.000000000000,0.000000000000
282580,False,False,control_candidate,control_candidate,non_list1,non_list1,,,29,26,24,22,174944366,152418619,0,0,0.000000000000,0.000000000000
282590,False,False,excluded,excluded,non_list1,non_list1,direct_policy_scope_overlap,direct_policy_scope_overlap,29,26,24,22,49375720,44377588,0,0,0.000000000000,0.000000000000
282612,False,False,excluded,excluded,non_list1,non_list1,direct_policy_scope_overlap,direct_policy_scope_overlap,27,25,24,22,21703498,21629926,0,0,0.000000000000,0.000000000000
282619,False,False,excluded,excluded,non_list1,non_list1,direct_policy_scope_overlap,direct_policy_scope_overlap,29,26,24,22,45357570,39091244,0,0,0.000000000000,0.000000000000
282630,False,False,excluded,excluded,non_list1,non_list1,insufficient_positive_pre_months|direct_policy_scope_overlap,insufficient_positive_pre_months|direct_policy_scope_overlap,15,13,24,22,339847,292209,0,0,0.000000000000,0.000000000000
282690,False,False,excluded,excluded,non_list1,non_list1,direct_policy_scope_overlap,direct_policy_scope_overlap,29,26,24,22,50769377,40951356,0,0,0.000000000000,0.000000000000
282710,False,False,excluded,excluded,non_list1,non_list1,direct_policy_scope_overlap,direct_policy_scope_overlap,29,26,24,22,5059517,4424867,0,0,0.000000000000,0.000000000000
282720,False,False,excluded,excluded,non_list1,non_list1,direct_policy_scope_overlap,direct_policy_scope_overlap,29,26,24,22,37289244,32641625,0,0,0.000000000000,0.000000000000
282731,False,False,excluded,excluded,non_list1,non_list1,direct_policy_scope_overlap,direct_policy_scope_overlap,28,25,24,22,2106053,2062590,0,0,0.000000000000,0.000000000000
282732,False,False,excluded,excluded,non_list1,non_list1,insufficient_positive_pre_months|direct_policy_scope_overlap,insufficient_positive_pre_months|direct_policy_scope_overlap,12,11,24,22,274393,260318,0,0,0.000000000000,0.000000000000
282735,False,False,excluded,excluded,non_list1,non_list1,insufficient_positive_pre_months|direct_policy_scope_overlap,insufficient_positive_pre_months|direct_policy_scope_overlap,4,2,24,22,53418,20562,0,0,0.000000000000,0.000000000000
282739,False,False,excluded,excluded,non_list1,non_list1,direct_policy_scope_overlap,direct_policy_scope_overlap,29,26,24,22,36948245,32587886,0,0,0.000000000000,0.000000000000
282741,False,False,excluded,excluded,non_list1,non_list1,insufficient_positive_pre_months|direct_policy_scope_overlap,insufficient_positive_pre_months|direct_policy_scope_overlap,22,20,24,22,4632411,4186251,0,0,0.000000000000,0.000000000000
282749,False,False,excluded,excluded,non_list1,non_list1,direct_policy_scope_overlap,direct_policy_scope_overlap,29,26,24,22,58394422,45140793,0,0,0.000000000000,0.000000000000
282751,False,False,excluded,excluded,non_list1,non_list1,direct_policy_scope_overlap,direct_policy_scope_overlap,29,26,24,22,19294509,15965722,0,0,0.000000000000,0.000000000000
282759,False,False,excluded,excluded,non_list1,non_list1,direct_policy_scope_overlap,direct_policy_scope_overlap,25,22,24,22,12733994,12587430,0,0,0.000000000000,0.000000000000
282760,False,False,excluded,excluded,non_list1,non_list1,insufficient_positive_pre_months|direct_policy_scope_overlap,insufficient_positive_pre_months|direct_policy_scope_overlap,14,12,24,22,465468,368423,0,0,0.000000000000,0.000000000000
282810,False,False,excluded,excluded,non_list1,non_list1,insufficient_positive_pre_months|direct_policy_scope_overlap,insufficient_positive_pre_months|direct_policy_scope_overlap,0,0,24,22,0,0,0,0,0.000000000000,0.000000000000
282890,False,False,excluded,excluded,non_list1,non_list1,direct_policy_scope_overlap,direct_policy_scope_overlap,29,26,24,22,14114140,12208465,0,0,0.000000000000,0.000000000000
282911,False,False,excluded,excluded,non_list1,non_list1,insufficient_positive_pre_months|direct_policy_scope_overlap,insufficient_positive_pre_months|direct_policy_scope_overlap,16,14,24,22,611808,552175,0,0,0.000000000000,0.000000000000
282919,False,False,excluded,excluded,non_list1,non_list1,insufficient_positive_pre_months|direct_policy_scope_overlap,insufficient_positive_pre_months|direct_policy_scope_overlap,6,6,24,22,172214,172214,0,0,0.000000000000,0.000000000000
282990,False,False,excluded,excluded,non_list1,non_list1,direct_policy_scope_overlap,direct_policy_scope_overlap,29,26,24,22,8063122,7064659,0,0,0.000000000000,0.000000000000
283010,False,False,excluded,excluded,non_list1,non_list1,direct_policy_scope_overlap,direct_policy_scope_overlap,29,26,24,22,9914850,9008404,0,0,0.000000000000,0.000000000000
283090,False,False,excluded,excluded,non_list1,non_list1,direct_policy_scope_overlap,direct_policy_scope_overlap,29,26,24,22,14522025,13642200,0,0,0.000000000000,0.000000000000
283110,False,False,excluded,excluded,non_list1,non_list1,direct_policy_scope_overlap,direct_policy_scope_overlap,25,22,24,22,7592541,6722640,0,0,0.000000000000,0.000000000000
283190,False,False,excluded,excluded,non_list1,non_list1,insufficient_positive_pre_months|direct_policy_scope_overlap,insufficient_positive_pre_months|direct_policy_scope_overlap,1,1,24,22,4850,4850,0,0,0.000000000000,0.000000000000
283210,False,False,excluded,excluded,non_list1,non_list1,direct_policy_scope_overlap,direct_policy_scope_overlap,29,26,24,22,9492246,8347952,0,0,0.000000000000,0.000000000000
283220,False,False,excluded,excluded,non_list1,non_list1,insufficient_positive_pre_months|direct_policy_scope_overlap,insufficient_positive_pre_months|direct_policy_scope_overlap,13,12,24,22,189909,183188,0,0,0.000000000000,0.000000000000
283230,False,False,excluded,excluded,non_list1,non_list1,direct_policy_scope_overlap,direct_policy_scope_overlap,29,26,24,22,9969452,9141428,0,0,0.000000000000,0.000000000000
283311,False,False,excluded,excluded,non_list1,non_list1,direct_policy_scope_overlap,direct_policy_scope_overlap,29,26,24,22,1786575,1568990,0,0,0.000000000000,0.000000000000
283319,False,False,excluded,excluded,non_list1,non_list1,direct_policy_scope_overlap,direct_policy_scope_overlap,26,23,24,22,2479147,2345890,0,0,0.000000000000,0.000000000000
283321,False,False,excluded,excluded,non_list1,non_list1,direct_policy_scope_overlap,direct_policy_scope_overlap,29,26,24,22,12206315,10087651,0,0,0.000000000000,0.000000000000
283322,False,False,excluded,excluded,non_list1,non_list1,insufficient_positive_pre_months|direct_policy_scope_overlap,insufficient_positive_pre_months|direct_policy_scope_overlap,20,17,24,22,913310,858848,0,0,0.000000000000,0.000000000000
283324,False,False,excluded,excluded,non_list1,non_list1,insufficient_positive_pre_months|direct_policy_scope_overlap,insufficient_positive_pre_months|direct_policy_scope_overlap,6,6,24,22,89313,89313,0,0,0.000000000000,0.000000000000
283325,False,False,excluded,excluded,non_list1,non_list1,insufficient_positive_pre_months|direct_policy_scope_overlap,insufficient_positive_pre_months|direct_policy_scope_overlap,15,13,24,22,434391,424797,0,0,0.000000000000,0.000000000000
283327,False,False,excluded,excluded,non_list1,non_list1,direct_policy_scope_overlap,direct_policy_scope_overlap,29,26,24,22,6558318,5530424,0,0,0.000000000000,0.000000000000
283329,False,False,excluded,excluded,non_list1,non_list1,direct_policy_scope_overlap,direct_policy_scope_overlap,29,26,24,22,131374526,113270058,0,0,0.000000000000,0.000000000000
283330,False,False,excluded,excluded,non_list1,non_list1,insufficient_positive_pre_months|direct_policy_scope_overlap,insufficient_positive_pre_months|direct_policy_scope_overlap,1,1,24,22,2271,2271,0,0,0.000000000000,0.000000000000
283340,False,False,excluded,excluded,non_list1,non_list1,insufficient_positive_pre_months|direct_policy_scope_overlap,insufficient_positive_pre_months|direct_policy_scope_overlap,10,9,24,22,409012,356092,0,0,0.000000000000,0.000000000000
283410,False,False,excluded,excluded,non_list1,non_list1,direct_policy_scope_overlap,direct_policy_scope_overlap,29,26,24,22,11205477,10444583,0,0,0.000000000000,0.000000000000
283421,False,False,excluded,excluded,non_list1,non_list1,direct_policy_scope_overlap,insufficient_positive_pre_months|direct_policy_scope_overlap,24,21,24,22,1774263,1512643,0,0,0.000000000000,0.000000000000
283429,False,False,excluded,excluded,non_list1,non_list1,direct_policy_scope_overlap,direct_policy_scope_overlap,29,26,24,22,11615523,9791493,0,0,0.000000000000,0.000000000000
283510,False,False,excluded,excluded,non_list1,non_list1,direct_policy_scope_overlap,direct_policy_scope_overlap,29,26,24,22,41242155,37554817,0,0,0.000000000000,0.000000000000
283522,False,False,excluded,excluded,non_list1,non_list1,direct_policy_scope_overlap,direct_policy_scope_overlap,29,26,24,22,15043713,13266589,0,0,0.000000000000,0.000000000000
283524,False,False,excluded,excluded,non_list1,non_list1,direct_policy_scope_overlap,direct_policy_scope_overlap,29,26,24,22,16020817,14286022,0,0,0.000000000000,0.000000000000
283525,False,False,excluded,excluded,non_list1,non_list1,direct_policy_scope_overlap,direct_policy_scope_overlap,29,26,24,22,33925861,27741731,0,0,0.000000000000,0.000000000000
283526,False,False,excluded,excluded,non_list1,non_list1,direct_policy_scope_overlap,direct_policy_scope_overlap,29,26,24,22,24721773,22784068,0,0,0.000000000000,0.000000000000
283529,False,False,excluded,excluded,non_list1,non_list1,direct_policy_scope_overlap,direct_policy_scope_overlap,29,26,24,22,21555120,20215617,0,0,0.000000000000,0.000000000000
283531,False,False,excluded,excluded,non_list1,non_list1,direct_policy_scope_overlap,direct_policy_scope_overlap,29,26,24,22,20371516,17460618,0,0,0.000000000000,0.000000000000
283539,False,False,excluded,excluded,non_list1,non_list1,direct_policy_scope_overlap,direct_policy_scope_overlap,29,26,24,22,12906357,11295323,0,0,0.000000000000,0.000000000000
283620,False,False,excluded,excluded,non_list1,non_list1,direct_policy_scope_overlap,direct_policy_scope_overlap,28,25,24,22,1600733,1122369,0,0,0.000000000000,0.000000000000
283630,False,False,excluded,excluded,non_list1,non_list1,direct_policy_scope_overlap,direct_policy_scope_overlap,29,26,24,22,1671456,1375964,0,0,0.000000000000,0.000000000000
283640,False,False,excluded,excluded,non_list1,non_list1,direct_policy_scope_overlap,direct_policy_scope_overlap,29,26,24,22,8614235,6506814,0,0,0.000000000000,0.000000000000
283650,False,False,excluded,excluded,non_list1,non_list1,direct_policy_scope_overlap,direct_policy_scope_overlap,29,26,24,22,4632261,4154141,0,0,0.000000000000,0.000000000000
283660,False,False,excluded,excluded,non_list1,non_list1,insufficient_positive_pre_months|direct_policy_scope_overlap,insufficient_positive_pre_months|direct_policy_scope_overlap,2,2,24,22,22810,22810,0,0,0.000000000000,0.000000000000
283691,False,False,excluded,excluded,non_list1,non_list1,insufficient_positive_pre_months|direct_policy_scope_overlap,insufficient_positive_pre_months|direct_policy_scope_overlap,16,14,24,22,1191123,1151749,0,0,0.000000000000,0.000000000000
283692,False,False,excluded,excluded,non_list1,non_list1,insufficient_positive_pre_months|direct_policy_scope_overlap,insufficient_positive_pre_months|direct_policy_scope_overlap,19,16,24,22,733280,682500,0,0,0.000000000000,0.000000000000
283699,False,False,excluded,excluded,non_list1,non_list1,direct_policy_scope_overlap,direct_policy_scope_overlap,29,26,24,22,107559650,92371306,0,0,0.000000000000,0.000000000000
283711,False,False,excluded,excluded,non_list1,non_list1,insufficient_positive_pre_months|direct_policy_scope_overlap,insufficient_positive_pre_months|direct_policy_scope_overlap,17,14,24,22,2318552,2211038,0,0,0.000000000000,0.000000000000
283719,False,False,excluded,excluded,non_list1,non_list1,insufficient_positive_pre_months,insufficient_positive_pre_months,3,1,24,22,102888,31320,0,0,0.000000000000,0.000000000000
283720,False,False,excluded,excluded,non_list1,non_list1,direct_policy_scope_overlap,direct_policy_scope_overlap,29,26,24,22,5443215,5300576,0,0,0.000000000000,0.000000000000
283911,False,False,excluded,excluded,non_list1,non_list1,direct_policy_scope_overlap,direct_policy_scope_overlap,29,26,24,22,2870954,2557776,0,0,0.000000000000,0.000000000000
283919,False,False,excluded,excluded,non_list1,non_list1,insufficient_positive_pre_months|direct_policy_scope_overlap,insufficient_positive_pre_months|direct_policy_scope_overlap,23,21,24,22,2101521,1951680,0,0,0.000000000000,0.000000000000
283990,False,False,excluded,excluded,non_list1,non_list1,direct_policy_scope_overlap,insufficient_positive_pre_months|direct_policy_scope_overlap,24,21,24,22,1513323,1274618,0,0,0.000000000000,0.000000000000
284011,False,False,excluded,excluded,non_list1,non_list1,insufficient_positive_pre_months|direct_policy_scope_overlap,insufficient_positive_pre_months|direct_policy_scope_overlap,0,0,24,22,0,0,0,0,0.000000000000,0.000000000000
284019,False,False,excluded,excluded,non_list1,non_list1,insufficient_positive_pre_months|direct_policy_scope_overlap,insufficient_positive_pre_months|direct_policy_scope_overlap,12,10,24,22,253833,205371,0,0,0.000000000000,0.000000000000
284020,False,False,excluded,excluded,non_list1,non_list1,direct_policy_scope_overlap,direct_policy_scope_overlap,29,26,24,22,12488517,11392555,0,0,0.000000000000,0.000000000000
284030,False,False,excluded,excluded,non_list1,non_list1,direct_policy_scope_overlap,direct_policy_scope_overlap,29,26,24,22,4722266,4530110,0,0,0.000000000000,0.000000000000
284130,False,False,excluded,excluded,non_list1,non_list1,insufficient_positive_pre_months|direct_policy_scope_overlap,insufficient_positive_pre_months|direct_policy_scope_overlap,1,1,24,22,19575,19575,0,0,0.000000000000,0.000000000000
284150,False,False,excluded,excluded,non_list1,non_list1,insufficient_positive_pre_months|direct_policy_scope_overlap,insufficient_positive_pre_months|direct_policy_scope_overlap,5,4,24,22,146742,129557,0,0,0.000000000000,0.000000000000
284161,False,False,excluded,excluded,non_list1,non_list1,insufficient_positive_pre_months|direct_policy_scope_overlap,insufficient_positive_pre_months|direct_policy_scope_overlap,2,2,24,22,71303,71303,0,0,0.000000000000,0.000000000000
284169,False,False,excluded,excluded,non_list1,non_list1,direct_policy_scope_overlap,direct_policy_scope_overlap,28,25,24,22,6337853,5628212,0,0,0.000000000000,0.000000000000
284170,False,False,control_candidate,control_candidate,non_list1,non_list1,,,29,26,24,22,38119471,33173485,0,0,0.000000000000,0.000000000000
284180,False,False,control_candidate,control_candidate,non_list1,non_list1,,,29,26,24,22,58197759,43667794,0,0,0.000000000000,0.000000000000
284190,False,False,excluded,excluded,non_list1,non_list1,direct_policy_scope_overlap,direct_policy_scope_overlap,29,26,24,22,18433384,15793818,0,0,0.000000000000,0.000000000000
284210,False,False,excluded,excluded,non_list1,non_list1,direct_policy_scope_overlap,direct_policy_scope_overlap,29,26,24,22,6274833,3786732,0,0,0.000000000000,0.000000000000
284290,False,False,excluded,excluded,non_list1,non_list1,direct_policy_scope_overlap,direct_policy_scope_overlap,29,26,24,22,29226312,24886559,0,0,0.000000000000,0.000000000000
284310,False,False,excluded,excluded,non_list1,non_list1,insufficient_positive_pre_months|direct_policy_scope_overlap,insufficient_positive_pre_months|direct_policy_scope_overlap,0,0,24,22,0,0,0,0,0.000000000000,0.000000000000
284321,False,False,excluded,excluded,non_list1,non_list1,insufficient_positive_pre_months|direct_policy_scope_overlap,insufficient_positive_pre_months|direct_policy_scope_overlap,2,2,24,22,5140,5140,0,0,0.000000000000,0.000000000000
284329,False,False,excluded,excluded,non_list1,non_list1,insufficient_positive_pre_months|direct_policy_scope_overlap,insufficient_positive_pre_months|direct_policy_scope_overlap,2,2,24,22,6200,6200,0,0,0.000000000000,0.000000000000
284330,False,False,excluded,excluded,non_list1,non_list1,insufficient_positive_pre_months|direct_policy_scope_overlap,insufficient_positive_pre_months|direct_policy_scope_overlap,6,5,24,22,41757,36757,0,0,0.000000000000,0.000000000000
284390,False,False,excluded,excluded,non_list1,non_list1,direct_policy_scope_overlap,insufficient_positive_pre_months|direct_policy_scope_overlap,24,21,24,22,1110091,1013522,0,0,0.000000000000,0.000000000000
284410,False,False,excluded,excluded,non_list1,non_list1,insufficient_positive_pre_months|direct_policy_scope_overlap,insufficient_positive_pre_months|direct_policy_scope_overlap,1,1,24,22,4188,4188,0,0,0.000000000000,0.000000000000
284420,False,False,excluded,excluded,non_list1,non_list1,insufficient_positive_pre_months,insufficient_positive_pre_months,3,3,24,22,97865641,97865641,0,0,0.000000000000,0.000000000000
284430,False,False,excluded,excluded,non_list1,non_list1,insufficient_positive_pre_months,insufficient_positive_pre_months,0,0,24,22,0,0,0,0,0.000000000000,0.000000000000
284440,False,False,control_candidate,control_candidate,non_list1,non_list1,,,28,25,24,22,6075072,5627805,0,0,0.000000000000,0.000000000000
284450,False,False,excluded,excluded,non_list1,non_list1,insufficient_positive_pre_months,insufficient_positive_pre_months,0,0,24,22,0,0,0,0,0.000000000000,0.000000000000
284510,False,False,excluded,excluded,non_list1,non_list1,insufficient_positive_pre_months|direct_policy_scope_overlap,insufficient_positive_pre_months|direct_policy_scope_overlap,3,3,24,22,23625,23625,0,0,0.000000000000,0.000000000000
284590,False,False,treated_candidate,treated_candidate,pure_list1,pure_list1,,,29,26,24,22,10054378,8935707,10054378,8935707,1.000000000000,1.000000000000
284610,False,False,control_candidate,control_candidate,non_list1,non_list1,,,29,26,24,22,19926203,16689578,0,0,0.000000000000,0.000000000000
284690,False,False,control_candidate,control_candidate,non_list1,non_list1,,,29,26,24,22,140858925,121208542,0,0,0.000000000000,0.000000000000
284700,False,False,excluded,excluded,non_list1,non_list1,insufficient_positive_pre_months|direct_policy_scope_overlap,insufficient_positive_pre_months|direct_policy_scope_overlap,18,17,24,22,162442,157042,0,0,0.000000000000,0.000000000000
284910,False,False,excluded,excluded,non_list1,non_list1,insufficient_positive_pre_months|direct_policy_scope_overlap,insufficient_positive_pre_months|direct_policy_scope_overlap,22,20,24,22,2015227,1835367,0,0,0.000000000000,0.000000000000
284920,False,False,control_candidate,control_candidate,non_list1,non_list1,,,29,26,24,22,130275837,108721378,0,0,0.000000000000,0.000000000000
284990,False,False,excluded,excluded,non_list1,non_list1,direct_policy_scope_overlap,direct_policy_scope_overlap,29,26,24,22,76652102,64207810,0,0,0.000000000000,0.000000000000
285000,False,False,excluded,excluded,non_list1,non_list1,direct_policy_scope_overlap,direct_policy_scope_overlap,29,26,24,22,26757657,23919463,0,0,0.000000000000,0.000000000000
285210,False,False,excluded,excluded,non_list1,non_list1,insufficient_positive_pre_months|direct_policy_scope_overlap,insufficient_positive_pre_months|direct_policy_scope_overlap,2,2,24,22,14143,14143,0,0,0.000000000000,0.000000000000
285290,False,False,excluded,excluded,non_list1,non_list1,insufficient_positive_pre_months|direct_policy_scope_overlap,insufficient_positive_pre_months|direct_policy_scope_overlap,8,8,24,22,464001,464001,0,0,0.000000000000,0.000000000000
285310,False,False,excluded,excluded,non_list1,non_list1,insufficient_positive_pre_months|direct_policy_scope_overlap,insufficient_positive_pre_months|direct_policy_scope_overlap,3,3,24,22,75002,75002,0,0,0.000000000000,0.000000000000
285390,False,False,excluded,excluded,non_list1,non_list1,insufficient_positive_pre_months|direct_policy_scope_overlap,insufficient_positive_pre_months|direct_policy_scope_overlap,17,14,24,22,5490091,5179686,0,0,0.000000000000,0.000000000000
290110,False,False,excluded,excluded,non_list1,non_list1,direct_policy_scope_overlap,direct_policy_scope_overlap,29,26,24,22,9433958,8577385,0,0,0.000000000000,0.000000000000
290121,False,False,excluded,excluded,non_list1,non_list1,insufficient_positive_pre_months|direct_policy_scope_overlap,insufficient_positive_pre_months|direct_policy_scope_overlap,0,0,24,22,0,0,0,0,0.000000000000,0.000000000000
290122,False,False,excluded,excluded,non_list1,non_list1,insufficient_positive_pre_months|direct_policy_scope_overlap,insufficient_positive_pre_months|direct_policy_scope_overlap,5,5,24,22,95884,95884,0,0,0.000000000000,0.000000000000
290123,False,False,excluded,excluded,non_list1,non_list1,insufficient_positive_pre_months|direct_policy_scope_overlap,insufficient_positive_pre_months|direct_policy_scope_overlap,3,2,24,22,76440,65520,0,0,0.000000000000,0.000000000000
290124,False,False,excluded,excluded,non_list1,non_list1,direct_policy_scope_overlap,direct_policy_scope_overlap,29,26,24,22,85767445,78065212,0,0,0.000000000000,0.000000000000
290129,False,False,excluded,excluded,non_list1,non_list1,direct_policy_scope_overlap,direct_policy_scope_overlap,28,25,24,22,4859576,4463675,0,0,0.000000000000,0.000000000000
290211,False,False,excluded,excluded,non_list1,non_list1,insufficient_positive_pre_months|direct_policy_scope_overlap,insufficient_positive_pre_months|direct_policy_scope_overlap,16,16,24,22,641461,641461,0,0,0.000000000000,0.000000000000
290219,False,False,excluded,excluded,non_list1,non_list1,direct_policy_scope_overlap,direct_policy_scope_overlap,29,26,24,22,47620405,43353436,0,0,0.000000000000,0.000000000000
290220,False,False,excluded,excluded,non_list1,non_list1,insufficient_positive_pre_months|direct_policy_scope_overlap,insufficient_positive_pre_months|direct_policy_scope_overlap,8,8,24,22,604298,604298,0,0,0.000000000000,0.000000000000
290230,False,False,excluded,excluded,non_list1,non_list1,insufficient_positive_pre_months|direct_policy_scope_overlap,insufficient_positive_pre_months|direct_policy_scope_overlap,7,7,24,22,395053,395053,0,0,0.000000000000,0.000000000000
290241,False,False,excluded,excluded,non_list1,non_list1,insufficient_positive_pre_months|direct_policy_scope_overlap,insufficient_positive_pre_months|direct_policy_scope_overlap,0,0,24,22,0,0,0,0,0.000000000000,0.000000000000
290242,False,False,excluded,excluded,non_list1,non_list1,insufficient_positive_pre_months|direct_policy_scope_overlap,insufficient_positive_pre_months|direct_policy_scope_overlap,6,6,24,22,542100,542100,0,0,0.000000000000,0.000000000000
290243,False,False,excluded,excluded,non_list1,non_list1,insufficient_positive_pre_months|direct_policy_scope_overlap,insufficient_positive_pre_months|direct_policy_scope_overlap,0,0,24,22,0,0,0,0,0.000000000000,0.000000000000
290244,False,False,excluded,excluded,non_list1,non_list1,insufficient_positive_pre_months|direct_policy_scope_overlap,insufficient_positive_pre_months|direct_policy_scope_overlap,0,0,24,22,0,0,0,0,0.000000000000,0.000000000000
290250,False,False,excluded,excluded,non_list1,non_list1,insufficient_positive_pre_months|direct_policy_scope_overlap,insufficient_positive_pre_months|direct_policy_scope_overlap,3,3,24,22,70423,70423,0,0,0.000000000000,0.000000000000
290260,False,False,excluded,excluded,non_list1,non_list1,insufficient_positive_pre_months|direct_policy_scope_overlap,insufficient_positive_pre_months|direct_policy_scope_overlap,1,1,24,22,3346,3346,0,0,0.000000000000,0.000000000000
290270,False,False,excluded,excluded,non_list1,non_list1,insufficient_positive_pre_months|direct_policy_scope_overlap,insufficient_positive_pre_months|direct_policy_scope_overlap,0,0,24,22,0,0,0,0,0.000000000000,0.000000000000
290290,False,False,excluded,excluded,non_list1,non_list1,direct_policy_scope_overlap,direct_policy_scope_overlap,29,26,24,22,18501907,15747050,0,0,0.000000000000,0.000000000000
290311,False,False,excluded,excluded,non_list1,non_list1,direct_policy_scope_overlap,direct_policy_scope_overlap,29,26,24,22,3207669,2731968,0,0,0.000000000000,0.000000000000
290312,False,False,excluded,excluded,non_list1,non_list1,direct_policy_scope_overlap,direct_policy_scope_overlap,29,26,24,22,3088271,2513225,0,0,0.000000000000,0.000000000000
290313,False,False,excluded,excluded,non_list1,non_list1,insufficient_positive_pre_months|direct_policy_scope_overlap,insufficient_positive_pre_months|direct_policy_scope_overlap,4,4,24,22,86927,86927,0,0,0.000000000000,0.000000000000
290314,False,False,excluded,excluded,non_list1,non_list1,insufficient_positive_pre_months|direct_policy_scope_overlap,insufficient_positive_pre_months|direct_policy_scope_overlap,0,0,24,22,0,0,0,0,0.000000000000,0.000000000000
290315,False,False,excluded,excluded,non_list1,non_list1,insufficient_positive_pre_months|direct_policy_scope_overlap,insufficient_positive_pre_months|direct_policy_scope_overlap,0,0,24,22,0,0,0,0,0.000000000000,0.000000000000
290319,False,False,excluded,excluded,non_list1,non_list1,direct_policy_scope_overlap,direct_policy_scope_overlap,29,26,24,22,2688029,2437531,0,0,0.000000000000,0.000000000000
290321,False,False,excluded,excluded,non_list1,non_list1,insufficient_positive_pre_months,insufficient_positive_pre_months,23,20,24,22,2604075,2170023,0,0,0.000000000000,0.000000000000
290322,False,False,excluded,excluded,non_list1,non_list1,direct_policy_scope_overlap,direct_policy_scope_overlap,28,25,24,22,4180962,2697373,0,0,0.000000000000,0.000000000000
290323,False,False,excluded,excluded,non_list1,non_list1,insufficient_positive_pre_months|direct_policy_scope_overlap,insufficient_positive_pre_months|direct_policy_scope_overlap,8,8,24,22,84797,84797,0,0,0.000000000000,0.000000000000
290329,False,False,excluded,excluded,non_list1,non_list1,direct_policy_scope_overlap,direct_policy_scope_overlap,26,23,24,22,5136373,4912725,0,0,0.000000000000,0.000000000000
290331,False,False,excluded,excluded,non_list1,non_list1,insufficient_positive_pre_months|direct_policy_scope_overlap,insufficient_positive_pre_months|direct_policy_scope_overlap,3,3,24,22,135800,135800,0,0,0.000000000000,0.000000000000
290339,False,False,excluded,excluded,non_list1,non_list1,direct_policy_scope_overlap,direct_policy_scope_overlap,29,26,24,22,769763948,642195500,0,0,0.000000000000,0.000000000000
290371,False,False,excluded,excluded,non_list1,non_list1,direct_policy_scope_overlap,direct_policy_scope_overlap,28,25,24,22,16125466,14613938,0,0,0.000000000000,0.000000000000
290372,False,False,excluded,excluded,non_list1,non_list1,insufficient_positive_pre_months|direct_policy_scope_overlap,insufficient_positive_pre_months|direct_policy_scope_overlap,12,9,24,22,3339806,1782754,0,0,0.000000000000,0.000000000000
290374,False,False,excluded,excluded,non_list1,non_list1,direct_policy_scope_overlap,direct_policy_scope_overlap,28,25,24,22,31224391,27086659,0,0,0.000000000000,0.000000000000
290375,False,False,excluded,excluded,non_list1,non_list1,insufficient_positive_pre_months|direct_policy_scope_overlap,insufficient_positive_pre_months|direct_policy_scope_overlap,1,1,24,22,25497,25497,0,0,0.000000000000,0.000000000000
290376,False,False,excluded,excluded,non_list1,non_list1,insufficient_positive_pre_months|direct_policy_scope_overlap,insufficient_positive_pre_months|direct_policy_scope_overlap,0,0,24,22,0,0,0,0,0.000000000000,0.000000000000
290377,False,False,control_candidate,control_candidate,non_list1,non_list1,,,26,23,24,22,20173986,17866436,0,0,0.000000000000,0.000000000000
290378,False,False,excluded,excluded,non_list1,non_list1,insufficient_positive_pre_months|direct_policy_scope_overlap,insufficient_positive_pre_months|direct_policy_scope_overlap,1,1,24,22,18500,18500,0,0,0.000000000000,0.000000000000
290379,False,False,excluded,excluded,non_list1,non_list1,direct_policy_scope_overlap,direct_policy_scope_overlap,26,23,24,22,67646541,57724082,0,0,0.000000000000,0.000000000000
290381,True,True,excluded,,non_list1,,insufficient_positive_pre_months|direct_policy_scope_overlap,,0,,24,,0,,0,,0.000000000000,
290382,False,False,excluded,excluded,non_list1,non_list1,insufficient_positive_pre_months|direct_policy_scope_overlap,insufficient_positive_pre_months|direct_policy_scope_overlap,0,0,24,22,0,0,0,0,0.000000000000,0.000000000000
290383,False,False,excluded,excluded,non_list1,non_list1,insufficient_positive_pre_months|direct_policy_scope_overlap,insufficient_positive_pre_months|direct_policy_scope_overlap,0,0,24,22,0,0,0,0,0.000000000000,0.000000000000
290389,False,False,excluded,excluded,non_list1,non_list1,direct_policy_scope_overlap,direct_policy_scope_overlap,29,26,24,22,27004784,25034412,0,0,0.000000000000,0.000000000000
290391,False,False,excluded,excluded,non_list1,non_list1,direct_policy_scope_overlap,direct_policy_scope_overlap,29,26,24,22,14278999,12270860,0,0,0.000000000000,0.000000000000
290392,False,False,excluded,excluded,non_list1,non_list1,insufficient_positive_pre_months|direct_policy_scope_overlap,insufficient_positive_pre_months|direct_policy_scope_overlap,0,0,24,22,0,0,0,0,0.000000000000,0.000000000000
290393,False,False,excluded,excluded,non_list1,non_list1,insufficient_positive_pre_months,insufficient_positive_pre_months,1,1,24,22,25245,25245,0,0,0.000000000000,0.000000000000
290399,False,False,excluded,excluded,non_list1,non_list1,direct_policy_scope_overlap,direct_policy_scope_overlap,29,26,24,22,185824487,164035283,0,0,0.000000000000,0.000000000000
290410,False,False,excluded,excluded,non_list1,non_list1,direct_policy_scope_overlap,direct_policy_scope_overlap,29,26,24,22,9900703,8718070,0,0,0.000000000000,0.000000000000
290420,False,False,excluded,excluded,non_list1,non_list1,direct_policy_scope_overlap,direct_policy_scope_overlap,29,26,24,22,9322435,8324398,0,0,0.000000000000,0.000000000000
290435,False,False,excluded,excluded,non_list1,non_list1,insufficient_positive_pre_months|direct_policy_scope_overlap,insufficient_positive_pre_months|direct_policy_scope_overlap,0,0,24,22,0,0,0,0,0.000000000000,0.000000000000
290436,False,False,excluded,excluded,non_list1,non_list1,insufficient_positive_pre_months|direct_policy_scope_overlap,insufficient_positive_pre_months|direct_policy_scope_overlap,1,0,24,22,4625,0,0,0,0.000000000000,0.000000000000
290491,False,False,excluded,excluded,non_list1,non_list1,insufficient_positive_pre_months|direct_policy_scope_overlap,insufficient_positive_pre_months|direct_policy_scope_overlap,0,0,24,22,0,0,0,0,0.000000000000,0.000000000000
290499,False,False,excluded,excluded,non_list1,non_list1,insufficient_positive_pre_months|direct_policy_scope_overlap,insufficient_positive_pre_months|direct_policy_scope_overlap,17,14,24,22,3502488,3187609,0,0,0.000000000000,0.000000000000
290511,False,False,excluded,excluded,non_list1,non_list1,insufficient_positive_pre_months|direct_policy_scope_overlap,insufficient_positive_pre_months|direct_policy_scope_overlap,6,6,24,22,86261,86261,0,0,0.000000000000,0.000000000000
290512,False,False,excluded,excluded,non_list1,non_list1,direct_policy_scope_overlap,direct_policy_scope_overlap,28,25,24,22,3286483,2671186,0,0,0.000000000000,0.000000000000
290513,False,False,excluded,excluded,non_list1,non_list1,insufficient_positive_pre_months|direct_policy_scope_overlap,insufficient_positive_pre_months|direct_policy_scope_overlap,14,12,24,22,360484,305266,0,0,0.000000000000,0.000000000000
290514,False,False,excluded,excluded,non_list1,non_list1,direct_policy_scope_overlap,direct_policy_scope_overlap,27,24,24,22,2354003,1774142,0,0,0.000000000000,0.000000000000
290516,False,False,excluded,excluded,non_list1,non_list1,direct_policy_scope_overlap,direct_policy_scope_overlap,29,26,24,22,3025474,2823827,0,0,0.000000000000,0.000000000000
290517,False,False,excluded,excluded,non_list1,non_list1,insufficient_positive_pre_months|direct_policy_scope_overlap,insufficient_positive_pre_months|direct_policy_scope_overlap,10,8,24,22,3040498,3002003,0,0,0.000000000000,0.000000000000
290519,False,False,excluded,excluded,non_list1,non_list1,direct_policy_scope_overlap,direct_policy_scope_overlap,29,26,24,22,8717560,7481553,0,0,0.000000000000,0.000000000000
290522,False,False,excluded,excluded,non_list1,non_list1,direct_policy_scope_overlap,direct_policy_scope_overlap,29,26,24,22,19395079,14781759,0,0,0.000000000000,0.000000000000
290529,False,False,excluded,excluded,non_list1,non_list1,direct_policy_scope_overlap,direct_policy_scope_overlap,29,26,24,22,11925849,9576564,0,0,0.000000000000,0.000000000000
290531,False,False,excluded,excluded,non_list1,non_list1,insufficient_positive_pre_months|direct_policy_scope_overlap,insufficient_positive_pre_months|direct_policy_scope_overlap,11,11,24,22,321113,321113,0,0,0.000000000000,0.000000000000
290532,False,False,excluded,excluded,non_list1,non_list1,direct_policy_scope_overlap,direct_policy_scope_overlap,29,26,24,22,3862209,3353932,0,0,0.000000000000,0.000000000000
290539,False,False,excluded,excluded,non_list1,non_list1,direct_policy_scope_overlap,direct_policy_scope_overlap,29,26,24,22,11181168,9588521,0,0,0.000000000000,0.000000000000
290541,False,False,excluded,excluded,non_list1,non_list1,direct_policy_scope_overlap,direct_policy_scope_overlap,26,23,24,22,3198298,2959213,0,0,0.000000000000,0.000000000000
290542,False,False,excluded,excluded,non_list1,non_list1,direct_policy_scope_overlap,direct_policy_scope_overlap,29,26,24,22,26582315,24309260,0,0,0.000000000000,0.000000000000
290543,False,False,control_candidate,control_candidate,non_list1,non_list1,,,29,26,24,22,5905829,5000474,0,0,0.000000000000,0.000000000000
290544,False,False,control_candidate,control_candidate,non_list1,non_list1,,,29,26,24,22,2928549,2755463,0,0,0.000000000000,0.000000000000
290545,False,False,excluded,excluded,non_list1,non_list1,insufficient_positive_pre_months,insufficient_positive_pre_months,16,14,24,22,1895436,1783235,0,0,0.000000000000,0.000000000000
290549,False,False,excluded,excluded,non_list1,non_list1,direct_policy_scope_overlap,direct_policy_scope_overlap,29,26,24,22,100591519,82551330,0,0,0.000000000000,0.000000000000
290559,False,False,excluded,excluded,non_list1,non_list1,direct_policy_scope_overlap,direct_policy_scope_overlap,29,26,24,22,27035824,23021044,0,0,0.000000000000,0.000000000000
290611,False,False,excluded,excluded,non_list1,non_list1,direct_policy_scope_overlap,direct_policy_scope_overlap,28,25,24,22,11417093,8610195,0,0,0.000000000000,0.000000000000
290612,False,False,excluded,excluded,non_list1,non_list1,insufficient_positive_pre_months|direct_policy_scope_overlap,insufficient_positive_pre_months|direct_policy_scope_overlap,14,13,24,22,65232,59365,0,0,0.000000000000,0.000000000000
290613,False,False,excluded,excluded,non_list1,non_list1,direct_policy_scope_overlap,direct_policy_scope_overlap,29,26,24,22,28738510,27036598,0,0,0.000000000000,0.000000000000
290619,False,False,excluded,excluded,non_list1,non_list1,direct_policy_scope_overlap,direct_policy_scope_overlap,29,26,24,22,27047910,23809958,0,0,0.000000000000,0.000000000000
290621,False,False,excluded,excluded,non_list1,non_list1,direct_policy_scope_overlap,direct_policy_scope_overlap,29,26,24,22,18813645,13716799,0,0,0.000000000000,0.000000000000
290629,False,False,excluded,excluded,non_list1,non_list1,direct_policy_scope_overlap,direct_policy_scope_overlap,29,26,24,22,10519581,9590471,0,0,0.000000000000,0.000000000000
290711,False,False,excluded,excluded,non_list1,non_list1,insufficient_positive_pre_months|direct_policy_scope_overlap,insufficient_positive_pre_months|direct_policy_scope_overlap,10,8,24,22,150300,97300,0,0,0.000000000000,0.000000000000
290712,False,False,excluded,excluded,non_list1,non_list1,insufficient_positive_pre_months|direct_policy_scope_overlap,insufficient_positive_pre_months|direct_policy_scope_overlap,17,16,24,22,213852,209772,0,0,0.000000000000,0.000000000000
290713,False,False,excluded,excluded,non_list1,non_list1,insufficient_positive_pre_months|direct_policy_scope_overlap,insufficient_positive_pre_months|direct_policy_scope_overlap,12,9,24,22,462601,216253,0,0,0.000000000000,0.000000000000
290715,False,False,excluded,excluded,non_list1,non_list1,direct_policy_scope_overlap,direct_policy_scope_overlap,29,26,24,22,7242130,6813614,0,0,0.000000000000,0.000000000000
290719,False,False,excluded,excluded,non_list1,non_list1,direct_policy_scope_overlap,direct_policy_scope_overlap,29,26,24,22,11922711,10873916,0,0,0.000000000000,0.000000000000
290721,False,False,excluded,excluded,non_list1,non_list1,direct_policy_scope_overlap,direct_policy_scope_overlap,28,25,24,22,26883351,16078264,0,0,0.000000000000,0.000000000000
290722,False,False,excluded,excluded,non_list1,non_list1,insufficient_positive_pre_months|direct_policy_scope_overlap,insufficient_positive_pre_months|direct_policy_scope_overlap,19,18,24,22,720407,704652,0,0,0.000000000000,0.000000000000
290723,False,False,excluded,excluded,non_list1,non_list1,insufficient_positive_pre_months|direct_policy_scope_overlap,insufficient_positive_pre_months|direct_policy_scope_overlap,5,5,24,22,1965933,1965933,0,0,0.000000000000,0.000000000000
290729,False,False,excluded,excluded,non_list1,non_list1,direct_policy_scope_overlap,direct_policy_scope_overlap,29,26,24,22,23924015,19329481,0,0,0.000000000000,0.000000000000
290811,False,False,excluded,excluded,non_list1,non_list1,insufficient_positive_pre_months|direct_policy_scope_overlap,insufficient_positive_pre_months|direct_policy_scope_overlap,1,1,24,22,4000,4000,0,0,0.000000000000,0.000000000000
290819,False,False,excluded,excluded,non_list1,non_list1,direct_policy_scope_overlap,direct_policy_scope_overlap,29,26,24,22,16516062,15072701,0,0,0.000000000000,0.000000000000
290891,False,False,excluded,excluded,non_list1,non_list1,insufficient_positive_pre_months|direct_policy_scope_overlap,insufficient_positive_pre_months|direct_policy_scope_overlap,0,0,24,22,0,0,0,0,0.000000000000,0.000000000000
290899,False,False,excluded,excluded,non_list1,non_list1,direct_policy_scope_overlap,direct_policy_scope_overlap,28,25,24,22,11130137,10544271,0,0,0.000000000000,0.000000000000
290911,False,False,excluded,excluded,non_list1,non_list1,insufficient_positive_pre_months|direct_policy_scope_overlap,insufficient_positive_pre_months|direct_policy_scope_overlap,4,4,24,22,92415,92415,0,0,0.000000000000,0.000000000000
290919,False,False,excluded,excluded,non_list1,non_list1,direct_policy_scope_overlap,direct_policy_scope_overlap,29,26,24,22,60568151,56021892,0,0,0.000000000000,0.000000000000
290920,False,False,excluded,excluded,non_list1,non_list1,direct_policy_scope_overlap,direct_policy_scope_overlap,29,26,24,22,11651456,10868368,0,0,0.000000000000,0.000000000000
290930,False,False,excluded,excluded,non_list1,non_list1,direct_policy_scope_overlap,direct_policy_scope_overlap,29,26,24,22,73538981,67236313,0,0,0.000000000000,0.000000000000
290941,False,False,excluded,excluded,non_list1,non_list1,insufficient_positive_pre_months|direct_policy_scope_overlap,insufficient_positive_pre_months|direct_policy_scope_overlap,14,12,24,22,466194,396321,0,0,0.000000000000,0.000000000000
290943,False,False,excluded,excluded,non_list1,non_list1,insufficient_positive_pre_months|direct_policy_scope_overlap,insufficient_positive_pre_months|direct_policy_scope_overlap,22,20,24,22,1783688,1509233,0,0,0.000000000000,0.000000000000
290944,False,False,excluded,excluded,non_list1,non_list1,direct_policy_scope_overlap,direct_policy_scope_overlap,25,23,24,22,955309,757134,0,0,0.000000000000,0.000000000000
290949,False,False,excluded,excluded,non_list1,non_list1,direct_policy_scope_overlap,direct_policy_scope_overlap,29,26,24,22,44094130,39314503,0,0,0.000000000000,0.000000000000
290950,False,False,excluded,excluded,non_list1,non_list1,direct_policy_scope_overlap,direct_policy_scope_overlap,29,26,24,22,4343231,3887499,0,0,0.000000000000,0.000000000000
290960,False,False,excluded,excluded,non_list1,non_list1,direct_policy_scope_overlap,direct_policy_scope_overlap,29,26,24,22,66884437,59819657,0,0,0.000000000000,0.000000000000
291010,False,False,excluded,excluded,non_list1,non_list1,insufficient_positive_pre_months|direct_policy_scope_overlap,insufficient_positive_pre_months|direct_policy_scope_overlap,1,1,24,22,9700,9700,0,0,0.000000000000,0.000000000000
291020,False,False,excluded,excluded,non_list1,non_list1,insufficient_positive_pre_months|direct_policy_scope_overlap,insufficient_positive_pre_months|direct_policy_scope_overlap,3,3,24,22,13351,13351,0,0,0.000000000000,0.000000000000
291030,False,False,excluded,excluded,non_list1,non_list1,insufficient_positive_pre_months|direct_policy_scope_overlap,insufficient_positive_pre_months|direct_policy_scope_overlap,15,13,24,22,743964,595542,0,0,0.000000000000,0.000000000000
291050,False,False,excluded,excluded,non_list1,non_list1,insufficient_positive_pre_months|direct_policy_scope_overlap,insufficient_positive_pre_months|direct_policy_scope_overlap,2,2,24,22,25163,25163,0,0,0.000000000000,0.000000000000
291090,False,False,excluded,excluded,non_list1,non_list1,direct_policy_scope_overlap,direct_policy_scope_overlap,29,26,24,22,24061712,18768360,0,0,0.000000000000,0.000000000000
291100,False,False,excluded,excluded,non_list1,non_list1,direct_policy_scope_overlap,direct_policy_scope_overlap,28,25,24,22,4448862,4051505,0,0,0.000000000000,0.000000000000
291211,False,False,excluded,excluded,non_list1,non_list1,insufficient_positive_pre_months|direct_policy_scope_overlap,insufficient_positive_pre_months|direct_policy_scope_overlap,0,0,24,22,0,0,0,0,0.000000000000,0.000000000000
291212,False,False,excluded,excluded,non_list1,non_list1,insufficient_positive_pre_months|direct_policy_scope_overlap,insufficient_positive_pre_months|direct_policy_scope_overlap,12,9,24,22,1247982,1049999,0,0,0.000000000000,0.000000000000
291219,False,False,excluded,excluded,non_list1,non_list1,direct_policy_scope_overlap,direct_policy_scope_overlap,29,26,24,22,63172685,52346951,0,0,0.000000000000,0.000000000000
291221,False,False,excluded,excluded,non_list1,non_list1,direct_policy_scope_overlap,direct_policy_scope_overlap,29,26,24,22,37282418,33070399,0,0,0.000000000000,0.000000000000
291229,False,False,excluded,excluded,non_list1,non_list1,direct_policy_scope_overlap,direct_policy_scope_overlap,29,26,24,22,27683859,24429966,0,0,0.000000000000,0.000000000000
291241,False,False,control_candidate,control_candidate,non_list1,non_list1,,,29,26,24,22,77086761,66063454,0,0,0.000000000000,0.000000000000
291242,False,False,excluded,excluded,non_list1,non_list1,direct_policy_scope_overlap,direct_policy_scope_overlap,28,25,24,22,7984878,7572147,0,0,0.000000000000,0.000000000000
291249,False,False,excluded,excluded,non_list1,non_list1,direct_policy_scope_overlap,direct_policy_scope_overlap,29,26,24,22,10762038,9380383,0,0,0.000000000000,0.000000000000
291250,False,False,excluded,excluded,non_list1,non_list1,insufficient_positive_pre_months|direct_policy_scope_overlap,insufficient_positive_pre_months|direct_policy_scope_overlap,5,5,24,22,86270,86270,0,0,0.000000000000,0.000000000000
291260,False,False,excluded,excluded,non_list1,non_list1,insufficient_positive_pre_months|direct_policy_scope_overlap,insufficient_positive_pre_months|direct_policy_scope_overlap,5,4,24,22,62731,58011,0,0,0.000000000000,0.000000000000
291300,False,False,excluded,excluded,non_list1,non_list1,direct_policy_scope_overlap,direct_policy_scope_overlap,29,26,24,22,5273824,4756735,0,0,0.000000000000,0.000000000000
291411,False,False,excluded,excluded,non_list1,non_list1,insufficient_positive_pre_months|direct_policy_scope_overlap,insufficient_positive_pre_months|direct_policy_scope_overlap,22,20,24,22,754361,699006,0,0,0.000000000000,0.000000000000
291412,False,False,excluded,excluded,non_list1,non_list1,direct_policy_scope_overlap,direct_policy_scope_overlap,29,26,24,22,25043393,21230970,0,0,0.000000000000,0.000000000000
291413,False,False,excluded,excluded,non_list1,non_list1,insufficient_positive_pre_months|direct_policy_scope_overlap,insufficient_positive_pre_months|direct_policy_scope_overlap,1,0,24,22,8900,0,0,0,0.000000000000,0.000000000000
291419,False,False,excluded,excluded,non_list1,non_list1,direct_policy_scope_overlap,direct_policy_scope_overlap,29,26,24,22,24415897,20627565,0,0,0.000000000000,0.000000000000
291422,False,False,excluded,excluded,non_list1,non_list1,direct_policy_scope_overlap,direct_policy_scope_overlap,24,23,24,22,2149308,2049950,0,0,0.000000000000,0.000000000000
291423,False,False,excluded,excluded,non_list1,non_list1,direct_policy_scope_overlap,direct_policy_scope_overlap,29,26,24,22,6184030,5058975,0,0,0.000000000000,0.000000000000
291429,False,False,excluded,excluded,non_list1,non_list1,direct_policy_scope_overlap,direct_policy_scope_overlap,29,26,24,22,37211627,30304445,0,0,0.000000000000,0.000000000000
291431,False,False,excluded,excluded,non_list1,non_list1,insufficient_positive_pre_months|direct_policy_scope_overlap,insufficient_positive_pre_months|direct_policy_scope_overlap,0,0,24,22,0,0,0,0,0.000000000000,0.000000000000
291439,False,False,excluded,excluded,non_list1,non_list1,direct_policy_scope_overlap,direct_policy_scope_overlap,29,26,24,22,47667403,41810376,0,0,0.000000000000,0.000000000000
291440,False,False,excluded,excluded,non_list1,non_list1,direct_policy_scope_overlap,direct_policy_scope_overlap,29,26,24,22,21417929,18028102,0,0,0.000000000000,0.000000000000
291450,False,False,excluded,excluded,non_list1,non_list1,direct_policy_scope_overlap,direct_policy_scope_overlap,29,26,24,22,144384403,126277275,0,0,0.000000000000,0.000000000000
291461,False,False,excluded,excluded,non_list1,non_list1,direct_policy_scope_overlap,direct_policy_scope_overlap,26,23,24,22,5826671,4762993,0,0,0.000000000000,0.000000000000
291462,False,False,excluded,excluded,non_list1,non_list1,insufficient_positive_pre_months,insufficient_positive_pre_months,13,10,24,22,21298857,6884221,0,0,0.000000000000,0.000000000000
291469,False,False,excluded,excluded,non_list1,non_list1,direct_policy_scope_overlap,direct_policy_scope_overlap,29,26,24,22,236538509,208903260,0,0,0.000000000000,0.000000000000
291471,False,False,excluded,excluded,non_list1,non_list1,insufficient_positive_pre_months|direct_policy_scope_overlap,insufficient_positive_pre_months|direct_policy_scope_overlap,6,6,24,22,74515,74515,0,0,0.000000000000,0.000000000000
291479,False,False,excluded,excluded,non_list1,non_list1,insufficient_positive_pre_months|direct_policy_scope_overlap,insufficient_positive_pre_months|direct_policy_scope_overlap,17,14,24,22,27510045,25498983,0,0,0.000000000000,0.000000000000
291511,False,False,excluded,excluded,non_list1,non_list1,direct_policy_scope_overlap,direct_policy_scope_overlap,27,24,24,22,1817811,1469135,0,0,0.000000000000,0.000000000000
291512,False,False,excluded,excluded,non_list1,non_list1,direct_policy_scope_overlap,direct_policy_scope_overlap,29,26,24,22,21527742,19964694,0,0,0.000000000000,0.000000000000
291513,False,False,excluded,excluded,non_list1,non_list1,direct_policy_scope_overlap,direct_policy_scope_overlap,29,26,24,22,7332690,6307769,0,0,0.000000000000,0.000000000000
291521,False,False,excluded,excluded,non_list1,non_list1,direct_policy_scope_overlap,direct_policy_scope_overlap,29,26,24,22,7009091,6476706,0,0,0.000000000000,0.000000000000
291524,False,False,excluded,excluded,non_list1,non_list1,insufficient_positive_pre_months|direct_policy_scope_overlap,insufficient_positive_pre_months|direct_policy_scope_overlap,2,2,24,22,19250,19250,0,0,0.000000000000,0.000000000000
291529,False,False,excluded,excluded,non_list1,non_list1,direct_policy_scope_overlap,direct_policy_scope_overlap,29,26,24,22,17600116,14905498,0,0,0.000000000000,0.000000000000
291531,False,False,excluded,excluded,non_list1,non_list1,direct_policy_scope_overlap,direct_policy_scope_overlap,29,26,24,22,3983508,3794224,0,0,0.000000000000,0.000000000000
291532,False,False,excluded,excluded,non_list1,non_list1,direct_policy_scope_overlap,direct_policy_scope_overlap,29,26,24,22,10217782,9947481,0,0,0.000000000000,0.000000000000
291533,False,False,excluded,excluded,non_list1,non_list1,direct_policy_scope_overlap,direct_policy_scope_overlap,29,26,24,22,8431586,7869120,0,0,0.000000000000,0.000000000000
291539,False,False,excluded,excluded,non_list1,non_list1,direct_policy_scope_overlap,direct_policy_scope_overlap,29,26,24,22,61847216,51984167,0,0,0.000000000000,0.000000000000
291540,False,False,excluded,excluded,non_list1,non_list1,direct_policy_scope_overlap,direct_policy_scope_overlap,29,26,24,22,19339797,18162052,0,0,0.000000000000,0.000000000000
291550,False,False,excluded,excluded,non_list1,non_list1,direct_policy_scope_overlap,direct_policy_scope_overlap,29,26,24,22,7355654,6572397,0,0,0.000000000000,0.000000000000
291560,False,False,excluded,excluded,non_list1,non_list1,direct_policy_scope_overlap,direct_policy_scope_overlap,29,26,24,22,26912031,21530058,0,0,0.000000000000,0.000000000000
291570,False,False,excluded,excluded,non_list1,non_list1,direct_policy_scope_overlap,direct_policy_scope_overlap,28,25,24,22,2025657,1787470,0,0,0.000000000000,0.000000000000
291590,False,False,excluded,excluded,non_list1,non_list1,direct_policy_scope_overlap,direct_policy_scope_overlap,29,26,24,22,36415663,30153875,0,0,0.000000000000,0.000000000000
291611,False,False,excluded,excluded,non_list1,non_list1,direct_policy_scope_overlap,direct_policy_scope_overlap,27,24,24,22,20544176,15749028,0,0,0.000000000000,0.000000000000
291612,False,False,excluded,excluded,non_list1,non_list1,direct_policy_scope_overlap,direct_policy_scope_overlap,29,26,24,22,60727734,51965431,0,0,0.000000000000,0.000000000000
291613,False,False,excluded,excluded,non_list1,non_list1,insufficient_positive_pre_months|direct_policy_scope_overlap,insufficient_positive_pre_months|direct_policy_scope_overlap,14,13,24,22,3004895,2983895,0,0,0.000000000000,0.000000000000
291614,False,False,excluded,excluded,non_list1,non_list1,direct_policy_scope_overlap,direct_policy_scope_overlap,29,26,24,22,60100268,53754177,0,0,0.000000000000,0.000000000000
291615,False,False,excluded,excluded,non_list1,non_list1,direct_policy_scope_overlap,direct_policy_scope_overlap,29,26,24,22,6413572,5602843,0,0,0.000000000000,0.000000000000
291616,False,False,excluded,excluded,non_list1,non_list1,insufficient_positive_pre_months|direct_policy_scope_overlap,insufficient_positive_pre_months|direct_policy_scope_overlap,0,0,24,22,0,0,0,0,0.000000000000,0.000000000000
291619,False,False,excluded,excluded,non_list1,non_list1,direct_policy_scope_overlap,direct_policy_scope_overlap,29,26,24,22,182051503,157562777,0,0,0.000000000000,0.000000000000
291620,False,False,excluded,excluded,non_list1,non_list1,direct_policy_scope_overlap,direct_policy_scope_overlap,29,26,24,22,178814273,162268352,0,0,0.000000000000,0.000000000000
291631,False,False,excluded,excluded,non_list1,non_list1,direct_policy_scope_overlap,direct_policy_scope_overlap,29,26,24,22,43457208,38126360,0,0,0.000000000000,0.000000000000
291632,False,False,excluded,excluded,non_list1,non_list1,direct_policy_scope_overlap,direct_policy_scope_overlap,28,25,24,22,4687491,4105945,0,0,0.000000000000,0.000000000000
291634,False,False,excluded,excluded,non_list1,non_list1,direct_policy_scope_overlap,direct_policy_scope_overlap,26,23,24,22,1132281,1064103,0,0,0.000000000000,0.000000000000
291639,False,False,excluded,excluded,non_list1,non_list1,direct_policy_scope_overlap,direct_policy_scope_overlap,29,26,24,22,115118243,100998267,0,0,0.000000000000,0.000000000000
291711,False,False,excluded,excluded,non_list1,non_list1,direct_policy_scope_overlap,direct_policy_scope_overlap,29,26,24,22,11333616,10163500,0,0,0.000000000000,0.000000000000
291712,False,False,excluded,excluded,non_list1,non_list1,direct_policy_scope_overlap,direct_policy_scope_overlap,29,26,24,22,13474537,12683769,0,0,0.000000000000,0.000000000000
291713,False,False,excluded,excluded,non_list1,non_list1,direct_policy_scope_overlap,direct_policy_scope_overlap,29,26,24,22,88520690,79824136,0,0,0.000000000000,0.000000000000
291714,False,False,excluded,excluded,non_list1,non_list1,direct_policy_scope_overlap,direct_policy_scope_overlap,26,24,24,22,1558867,1404251,0,0,0.000000000000,0.000000000000
291719,False,False,excluded,excluded,non_list1,non_list1,direct_policy_scope_overlap,direct_policy_scope_overlap,29,26,24,22,181301047,157692964,0,0,0.000000000000,0.000000000000
291720,False,False,excluded,excluded,non_list1,non_list1,direct_policy_scope_overlap,direct_policy_scope_overlap,29,26,24,22,24117444,21074897,0,0,0.000000000000,0.000000000000
291732,False,False,excluded,excluded,non_list1,non_list1,insufficient_positive_pre_months|direct_policy_scope_overlap,insufficient_positive_pre_months|direct_policy_scope_overlap,19,19,24,22,717629,717629,0,0,0.000000000000,0.000000000000
291733,False,False,excluded,excluded,non_list1,non_list1,insufficient_positive_pre_months|direct_policy_scope_overlap,insufficient_positive_pre_months|direct_policy_scope_overlap,21,19,24,22,3016883,2951860,0,0,0.000000000000,0.000000000000
291734,False,False,excluded,excluded,non_list1,non_list1,direct_policy_scope_overlap,direct_policy_scope_overlap,28,25,24,22,5551163,4804560,0,0,0.000000000000,0.000000000000
291735,False,False,excluded,excluded,non_list1,non_list1,insufficient_positive_pre_months|direct_policy_scope_overlap,insufficient_positive_pre_months|direct_policy_scope_overlap,4,4,24,22,86270,86270,0,0,0.000000000000,0.000000000000
291736,False,False,excluded,excluded,non_list1,non_list1,insufficient_positive_pre_months|direct_policy_scope_overlap,insufficient_positive_pre_months|direct_policy_scope_overlap,8,8,24,22,379177,379177,0,0,0.000000000000,0.000000000000
291737,False,False,excluded,excluded,non_list1,non_list1,insufficient_positive_pre_months|direct_policy_scope_overlap,insufficient_positive_pre_months|direct_policy_scope_overlap,2,2,24,22,8150,8150,0,0,0.000000000000,0.000000000000
291739,False,False,excluded,excluded,non_list1,non_list1,direct_policy_scope_overlap,direct_policy_scope_overlap,29,26,24,22,82943252,71403698,0,0,0.000000000000,0.000000000000
291800,False,False,excluded,excluded,non_list1,non_list1,insufficient_positive_pre_months,insufficient_positive_pre_months,0,0,24,22,0,0,0,0,0.000000000000,0.000000000000
291811,False,False,excluded,excluded,non_list1,non_list1,direct_policy_scope_overlap,direct_policy_scope_overlap,29,26,24,22,14206333,12122032,0,0,0.000000000000,0.000000000000
291812,False,False,excluded,excluded,non_list1,non_list1,direct_policy_scope_overlap,direct_policy_scope_overlap,29,26,24,22,18571620,16047550,0,0,0.000000000000,0.000000000000
291813,False,False,excluded,excluded,non_list1,non_list1,insufficient_positive_pre_months|direct_policy_scope_overlap,insufficient_positive_pre_months|direct_policy_scope_overlap,18,15,24,22,628899,591849,0,0,0.000000000000,0.000000000000
291814,False,False,excluded,excluded,non_list1,non_list1,insufficient_positive_pre_months|direct_policy_scope_overlap,insufficient_positive_pre_months|direct_policy_scope_overlap,20,18,24,22,1463218,1344234,0,0,0.000000000000,0.000000000000
291815,False,False,excluded,excluded,non_list1,non_list1,direct_policy_scope_overlap,direct_policy_scope_overlap,29,26,24,22,13369684,11284399,0,0,0.000000000000,0.000000000000
291816,False,False,excluded,excluded,non_list1,non_list1,direct_policy_scope_overlap,direct_policy_scope_overlap,29,26,24,22,16162784,14468922,0,0,0.000000000000,0.000000000000
291819,False,False,excluded,excluded,non_list1,non_list1,direct_policy_scope_overlap,direct_policy_scope_overlap,29,26,24,22,69279918,61539355,0,0,0.000000000000,0.000000000000
291821,False,False,excluded,excluded,non_list1,non_list1,direct_policy_scope_overlap,direct_policy_scope_overlap,29,26,24,22,6153460,5279297,0,0,0.000000000000,0.000000000000
291822,False,False,control_candidate,control_candidate,non_list1,non_list1,,,29,26,24,22,7094763,5708370,0,0,0.000000000000,0.000000000000
291823,False,False,excluded,excluded,non_list1,non_list1,direct_policy_scope_overlap,direct_policy_scope_overlap,29,26,24,22,47687760,41137745,0,0,0.000000000000,0.000000000000
291829,False,False,excluded,excluded,non_list1,non_list1,direct_policy_scope_overlap,direct_policy_scope_overlap,29,26,24,22,67414736,59157157,0,0,0.000000000000,0.000000000000
291830,False,False,excluded,excluded,non_list1,non_list1,direct_policy_scope_overlap,direct_policy_scope_overlap,29,26,24,22,36328860,30569910,0,0,0.000000000000,0.000000000000
291891,False,False,excluded,excluded,non_list1,non_list1,insufficient_positive_pre_months|direct_policy_scope_overlap,insufficient_positive_pre_months|direct_policy_scope_overlap,1,1,24,22,2844,2844,0,0,0.000000000000,0.000000000000
291899,False,False,excluded,excluded,non_list1,non_list1,direct_policy_scope_overlap,direct_policy_scope_overlap,29,26,24,22,664171081,554519866,0,0,0.000000000000,0.000000000000
291910,False,False,excluded,excluded,non_list1,non_list1,insufficient_positive_pre_months|direct_policy_scope_overlap,insufficient_positive_pre_months|direct_policy_scope_overlap,14,13,24,22,477985,422785,0,0,0.000000000000,0.000000000000
291990,False,False,excluded,excluded,non_list1,non_list1,direct_policy_scope_overlap,direct_policy_scope_overlap,29,26,24,22,147727860,130940985,0,0,0.000000000000,0.000000000000
292011,False,False,excluded,excluded,non_list1,non_list1,insufficient_positive_pre_months|direct_policy_scope_overlap,insufficient_positive_pre_months|direct_policy_scope_overlap,0,0,24,22,0,0,0,0,0.000000000000,0.000000000000
292019,False,False,excluded,excluded,non_list1,non_list1,direct_policy_scope_overlap,direct_policy_scope_overlap,27,24,24,22,21815234,17780234,0,0,0.000000000000,0.000000000000
292021,False,False,excluded,excluded,non_list1,non_list1,insufficient_positive_pre_months|direct_policy_scope_overlap,insufficient_positive_pre_months|direct_policy_scope_overlap,11,8,24,22,856005,599690,0,0,0.000000000000,0.000000000000
292022,False,False,excluded,excluded,non_list1,non_list1,insufficient_positive_pre_months,insufficient_positive_pre_months,6,5,24,22,514570,364980,0,0,0.000000000000,0.000000000000
292023,False,False,excluded,excluded,non_list1,non_list1,insufficient_positive_pre_months|direct_policy_scope_overlap,insufficient_positive_pre_months|direct_policy_scope_overlap,9,6,24,22,835932,628168,0,0,0.000000000000,0.000000000000
292024,False,False,excluded,excluded,non_list1,non_list1,insufficient_positive_pre_months|direct_policy_scope_overlap,insufficient_positive_pre_months|direct_policy_scope_overlap,3,3,24,22,37848,37848,0,0,0.000000000000,0.000000000000
292029,False,False,excluded,excluded,non_list1,non_list1,insufficient_positive_pre_months|direct_policy_scope_overlap,insufficient_positive_pre_months|direct_policy_scope_overlap,13,10,24,22,2286587,1298709,0,0,0.000000000000,0.000000000000
292090,False,False,excluded,excluded,non_list1,non_list1,direct_policy_scope_overlap,direct_policy_scope_overlap,29,26,24,22,62681600,49128413,0,0,0.000000000000,0.000000000000
292111,False,False,excluded,excluded,non_list1,non_list1,insufficient_positive_pre_months|direct_policy_scope_overlap,insufficient_positive_pre_months|direct_policy_scope_overlap,23,20,24,22,2406049,1323491,0,0,0.000000000000,0.000000000000
292112,False,False,excluded,excluded,non_list1,non_list1,insufficient_positive_pre_months,insufficient_positive_pre_months,4,4,24,22,111977,111977,0,0,0.000000000000,0.000000000000
292114,False,False,excluded,excluded,non_list1,non_list1,insufficient_positive_pre_months|direct_policy_scope_overlap,insufficient_positive_pre_months|direct_policy_scope_overlap,1,0,24,22,41580,0,0,0,0.000000000000,0.000000000000
292119,False,False,excluded,excluded,non_list1,non_list1,direct_policy_scope_overlap,direct_policy_scope_overlap,29,26,24,22,111289197,84139933,0,0,0.000000000000,0.000000000000
292121,False,False,excluded,excluded,non_list1,non_list1,direct_policy_scope_overlap,direct_policy_scope_overlap,25,23,24,22,4580920,4360132,0,0,0.000000000000,0.000000000000
292122,False,False,excluded,excluded,non_list1,non_list1,insufficient_positive_pre_months|direct_policy_scope_overlap,insufficient_positive_pre_months|direct_policy_scope_overlap,5,3,24,22,31400,14250,0,0,0.000000000000,0.000000000000
292129,False,False,excluded,excluded,non_list1,non_list1,direct_policy_scope_overlap,direct_policy_scope_overlap,29,26,24,22,23820280,21099477,0,0,0.000000000000,0.000000000000
292130,False,False,excluded,excluded,non_list1,non_list1,direct_policy_scope_overlap,direct_policy_scope_overlap,29,26,24,22,45193600,38021642,0,0,0.000000000000,0.000000000000
292141,False,False,excluded,excluded,non_list1,non_list1,insufficient_positive_pre_months|direct_policy_scope_overlap,insufficient_positive_pre_months|direct_policy_scope_overlap,18,15,24,22,67860697,44401169,0,0,0.000000000000,0.000000000000
292142,False,False,excluded,excluded,non_list1,non_list1,direct_policy_scope_overlap,direct_policy_scope_overlap,29,26,24,22,43497226,41773658,0,0,0.000000000000,0.000000000000
292143,False,False,excluded,excluded,non_list1,non_list1,direct_policy_scope_overlap,direct_policy_scope_overlap,27,24,24,22,11096154,9418547,0,0,0.000000000000,0.000000000000
292144,False,False,excluded,excluded,non_list1,non_list1,direct_policy_scope_overlap,direct_policy_scope_overlap,29,26,24,22,6748262,6111863,0,0,0.000000000000,0.000000000000
292145,False,False,excluded,excluded,non_list1,non_list1,direct_policy_scope_overlap,direct_policy_scope_overlap,29,26,24,22,13444345,11361043,0,0,0.000000000000,0.000000000000
292146,False,False,excluded,excluded,non_list1,non_list1,insufficient_positive_pre_months,insufficient_positive_pre_months,0,0,24,22,0,0,0,0,0.000000000000,0.000000000000
292149,False,False,excluded,excluded,non_list1,non_list1,direct_policy_scope_overlap,direct_policy_scope_overlap,29,26,24,22,13662238,12396973,0,0,0.000000000000,0.000000000000
292151,False,False,excluded,excluded,non_list1,non_list1,direct_policy_scope_overlap,direct_policy_scope_overlap,29,26,24,22,164275000,145977819,0,0,0.000000000000,0.000000000000
292159,False,False,excluded,excluded,non_list1,non_list1,direct_policy_scope_overlap,direct_policy_scope_overlap,29,26,24,22,77088978,66477641,0,0,0.000000000000,0.000000000000
292211,False,False,excluded,excluded,non_list1,non_list1,insufficient_positive_pre_months|direct_policy_scope_overlap,insufficient_positive_pre_months|direct_policy_scope_overlap,13,12,24,22,121222,112246,0,0,0.000000000000,0.000000000000
292212,False,False,excluded,excluded,non_list1,non_list1,insufficient_positive_pre_months|direct_policy_scope_overlap,insufficient_positive_pre_months|direct_policy_scope_overlap,1,1,24,22,2538,2538,0,0,0.000000000000,0.000000000000
292215,False,False,excluded,excluded,non_list1,non_list1,insufficient_positive_pre_months|direct_policy_scope_overlap,insufficient_positive_pre_months|direct_policy_scope_overlap,1,1,24,22,2900,2900,0,0,0.000000000000,0.000000000000
292216,False,False,excluded,excluded,non_list1,non_list1,insufficient_positive_pre_months|direct_policy_scope_overlap,insufficient_positive_pre_months|direct_policy_scope_overlap,0,0,24,22,0,0,0,0,0.000000000000,0.000000000000
292217,False,False,excluded,excluded,non_list1,non_list1,insufficient_positive_pre_months|direct_policy_scope_overlap,insufficient_positive_pre_months|direct_policy_scope_overlap,1,1,24,22,7857,7857,0,0,0.000000000000,0.000000000000
292218,True,True,excluded,,non_list1,,insufficient_positive_pre_months|direct_policy_scope_overlap,,0,,24,,0,,0,,0.000000000000,
292219,False,False,control_candidate,control_candidate,non_list1,non_list1,,,29,26,24,22,35593810,29705636,0,0,0.000000000000,0.000000000000
292221,False,False,excluded,excluded,non_list1,non_list1,direct_policy_scope_overlap,direct_policy_scope_overlap,27,25,24,22,4726780,4161272,0,0,0.000000000000,0.000000000000
292229,False,False,excluded,excluded,non_list1,non_list1,direct_policy_scope_overlap,direct_policy_scope_overlap,29,26,24,22,40526787,36594075,0,0,0.000000000000,0.000000000000
292231,False,False,excluded,excluded,non_list1,non_list1,insufficient_positive_pre_months,insufficient_positive_pre_months,0,0,24,22,0,0,0,0,0.000000000000,0.000000000000
292239,False,False,excluded,excluded,non_list1,non_list1,direct_policy_scope_overlap,direct_policy_scope_overlap,29,26,24,22,27935197,25611483,0,0,0.000000000000,0.000000000000
292241,False,False,control_candidate,control_candidate,non_list1,non_list1,,,29,26,24,22,20206404,18421228,0,0,0.000000000000,0.000000000000
292242,False,False,excluded,excluded,non_list1,non_list1,direct_policy_scope_overlap,direct_policy_scope_overlap,29,26,24,22,7836081,6586030,0,0,0.000000000000,0.000000000000
292243,False,False,excluded,excluded,non_list1,non_list1,insufficient_positive_pre_months|direct_policy_scope_overlap,insufficient_positive_pre_months|direct_policy_scope_overlap,1,1,24,22,4000,4000,0,0,0.000000000000,0.000000000000
292244,False,False,excluded,excluded,non_list1,non_list1,insufficient_positive_pre_months,insufficient_positive_pre_months,0,0,24,22,0,0,0,0,0.000000000000,0.000000000000
292249,False,False,excluded,excluded,non_list1,non_list1,direct_policy_scope_overlap,direct_policy_scope_overlap,29,26,24,22,410641670,365971099,0,0,0.000000000000,0.000000000000
292250,False,False,control_candidate,control_candidate,non_list1,non_list1,,,29,26,24,22,156351505,138439481,0,0,0.000000000000,0.000000000000
292310,False,False,excluded,excluded,non_list1,non_list1,direct_policy_scope_overlap,direct_policy_scope_overlap,29,26,24,22,18799827,16728483,0,0,0.000000000000,0.000000000000
292320,False,False,excluded,excluded,non_list1,non_list1,direct_policy_scope_overlap,direct_policy_scope_overlap,29,26,24,22,9317794,8796348,0,0,0.000000000000,0.000000000000
292330,True,True,excluded,,non_list1,,insufficient_positive_pre_months|direct_policy_scope_overlap,,1,,24,,2950,,0,,0.000000000000,
292390,False,False,excluded,excluded,non_list1,non_list1,insufficient_positive_pre_months|direct_policy_scope_overlap,insufficient_positive_pre_months|direct_policy_scope_overlap,17,14,24,22,43393286,32499756,0,0,0.000000000000,0.000000000000
292411,False,False,excluded,excluded,non_list1,non_list1,insufficient_positive_pre_months,insufficient_positive_pre_months,0,0,24,22,0,0,0,0,0.000000000000,0.000000000000
292419,False,False,excluded,excluded,non_list1,non_list1,direct_policy_scope_overlap,direct_policy_scope_overlap,29,26,24,22,149273702,125055525,0,0,0.000000000000,0.000000000000
292421,False,False,excluded,excluded,non_list1,non_list1,direct_policy_scope_overlap,direct_policy_scope_overlap,29,26,24,22,12266852,11375145,0,0,0.000000000000,0.000000000000
292423,False,False,excluded,excluded,non_list1,non_list1,insufficient_positive_pre_months|direct_policy_scope_overlap,insufficient_positive_pre_months|direct_policy_scope_overlap,1,1,24,22,13000,13000,0,0,0.000000000000,0.000000000000
292424,False,False,excluded,excluded,non_list1,non_list1,insufficient_positive_pre_months,insufficient_positive_pre_months,1,1,24,22,3525,3525,0,0,0.000000000000,0.000000000000
292425,False,False,excluded,excluded,non_list1,non_list1,insufficient_positive_pre_months|direct_policy_scope_overlap,insufficient_positive_pre_months|direct_policy_scope_overlap,2,2,24,22,1038882,1038882,0,0,0.000000000000,0.000000000000
292429,False,False,excluded,excluded,non_list1,non_list1,direct_policy_scope_overlap,direct_policy_scope_overlap,29,26,24,22,447595622,391503791,0,0,0.000000000000,0.000000000000
292511,False,False,excluded,excluded,non_list1,non_list1,direct_policy_scope_overlap,direct_policy_scope_overlap,29,26,24,22,22479126,20383959,0,0,0.000000000000,0.000000000000
292519,False,False,excluded,excluded,non_list1,non_list1,direct_policy_scope_overlap,direct_policy_scope_overlap,29,26,24,22,23863626,21683011,0,0,0.000000000000,0.000000000000
292521,False,False,excluded,excluded,non_list1,non_list1,insufficient_positive_pre_months|direct_policy_scope_overlap,insufficient_positive_pre_months|direct_policy_scope_overlap,0,0,24,22,0,0,0,0,0.000000000000,0.000000000000
292529,False,False,excluded,excluded,non_list1,non_list1,direct_policy_scope_overlap,direct_policy_scope_overlap,29,26,24,22,112591825,101449916,0,0,0.000000000000,0.000000000000
292610,False,False,excluded,excluded,non_list1,non_list1,insufficient_positive_pre_months|direct_policy_scope_overlap,insufficient_positive_pre_months|direct_policy_scope_overlap,0,0,24,22,0,0,0,0,0.000000000000,0.000000000000
292620,False,False,excluded,excluded,non_list1,non_list1,direct_policy_scope_overlap,direct_policy_scope_overlap,29,26,24,22,32793788,26645893,0,0,0.000000000000,0.000000000000
292630,True,True,excluded,,non_list1,,insufficient_positive_pre_months|direct_policy_scope_overlap,,0,,24,,0,,0,,0.000000000000,
292640,False,False,excluded,excluded,non_list1,non_list1,insufficient_positive_pre_months,insufficient_positive_pre_months,2,2,24,22,5674,5674,0,0,0.000000000000,0.000000000000
292690,False,False,excluded,excluded,non_list1,non_list1,direct_policy_scope_overlap,direct_policy_scope_overlap,29,26,24,22,302800777,250570238,0,0,0.000000000000,0.000000000000
292700,False,False,excluded,excluded,non_list1,non_list1,direct_policy_scope_overlap,direct_policy_scope_overlap,29,26,24,22,34469011,29593130,0,0,0.000000000000,0.000000000000
292800,False,False,excluded,excluded,non_list1,non_list1,direct_policy_scope_overlap,direct_policy_scope_overlap,29,26,24,22,59980005,51524550,0,0,0.000000000000,0.000000000000
292910,False,False,excluded,excluded,non_list1,non_list1,direct_policy_scope_overlap,direct_policy_scope_overlap,29,26,24,22,92023145,82537445,0,0,0.000000000000,0.000000000000
292990,False,False,excluded,excluded,non_list1,non_list1,direct_policy_scope_overlap,direct_policy_scope_overlap,29,26,24,22,87819170,75069826,0,0,0.000000000000,0.000000000000
293020,False,False,excluded,excluded,non_list1,non_list1,direct_policy_scope_overlap,direct_policy_scope_overlap,29,26,24,22,22625144,21644779,0,0,0.000000000000,0.000000000000
293030,False,False,excluded,excluded,non_list1,non_list1,direct_policy_scope_overlap,direct_policy_scope_overlap,29,26,24,22,10626152,8866037,0,0,0.000000000000,0.000000000000
293040,False,False,excluded,excluded,non_list1,non_list1,direct_policy_scope_overlap,direct_policy_scope_overlap,29,26,24,22,22478767,20369364,0,0,0.000000000000,0.000000000000
293060,False,False,excluded,excluded,non_list1,non_list1,insufficient_positive_pre_months|direct_policy_scope_overlap,insufficient_positive_pre_months|direct_policy_scope_overlap,0,0,24,22,0,0,0,0,0.000000000000,0.000000000000
293070,False,False,excluded,excluded,non_list1,non_list1,insufficient_positive_pre_months,insufficient_positive_pre_months,2,2,24,22,168256,168256,0,0,0.000000000000,0.000000000000
293080,False,False,excluded,excluded,non_list1,non_list1,insufficient_positive_pre_months,insufficient_positive_pre_months,9,7,24,22,3861518,2805000,0,0,0.000000000000,0.000000000000
293090,False,False,excluded,excluded,non_list1,non_list1,direct_policy_scope_overlap,direct_policy_scope_overlap,29,26,24,22,442396192,371587528,0,0,0.000000000000,0.000000000000
293110,False,False,excluded,excluded,non_list1,non_list1,direct_policy_scope_overlap,direct_policy_scope_overlap,26,24,24,22,5629996,3457623,0,0,0.000000000000,0.000000000000
293120,False,False,excluded,excluded,non_list1,non_list1,insufficient_positive_pre_months|direct_policy_scope_overlap,insufficient_positive_pre_months|direct_policy_scope_overlap,14,12,24,22,465650,418130,0,0,0.000000000000,0.000000000000
293131,False,False,excluded,excluded,non_list1,non_list1,insufficient_positive_pre_months|direct_policy_scope_overlap,insufficient_positive_pre_months|direct_policy_scope_overlap,0,0,24,22,0,0,0,0,0.000000000000,0.000000000000
293132,False,False,excluded,excluded,non_list1,non_list1,insufficient_positive_pre_months|direct_policy_scope_overlap,insufficient_positive_pre_months|direct_policy_scope_overlap,0,0,24,22,0,0,0,0,0.000000000000,0.000000000000
293133,False,False,excluded,excluded,non_list1,non_list1,insufficient_positive_pre_months,insufficient_positive_pre_months,1,1,24,22,6198,6198,0,0,0.000000000000,0.000000000000
293134,False,False,excluded,excluded,non_list1,non_list1,insufficient_positive_pre_months|direct_policy_scope_overlap,insufficient_positive_pre_months|direct_policy_scope_overlap,0,0,24,22,0,0,0,0,0.000000000000,0.000000000000
293135,False,False,excluded,excluded,non_list1,non_list1,insufficient_positive_pre_months|direct_policy_scope_overlap,insufficient_positive_pre_months|direct_policy_scope_overlap,1,1,24,22,3050,3050,0,0,0.000000000000,0.000000000000
293138,False,False,excluded,excluded,non_list1,non_list1,insufficient_positive_pre_months|direct_policy_scope_overlap,insufficient_positive_pre_months|direct_policy_scope_overlap,0,0,24,22,0,0,0,0,0.000000000000,0.000000000000
293139,False,False,excluded,excluded,non_list1,non_list1,insufficient_positive_pre_months,insufficient_positive_pre_months,16,13,24,22,251218872,154392420,0,0,0.000000000000,0.000000000000
293190,False,False,excluded,excluded,non_list1,non_list1,direct_policy_scope_overlap,direct_policy_scope_overlap,29,26,24,22,821560851,657900797,0,0,0.000000000000,0.000000000000
293211,False,False,excluded,excluded,non_list1,non_list1,direct_policy_scope_overlap,direct_policy_scope_overlap,25,22,24,22,2771020,2211336,0,0,0.000000000000,0.000000000000
293212,False,False,excluded,excluded,non_list1,non_list1,direct_policy_scope_overlap,direct_policy_scope_overlap,28,25,24,22,18024034,16514274,0,0,0.000000000000,0.000000000000
293213,False,False,excluded,excluded,non_list1,non_list1,insufficient_positive_pre_months|direct_policy_scope_overlap,insufficient_positive_pre_months|direct_policy_scope_overlap,11,10,24,22,172843,107610,0,0,0.000000000000,0.000000000000
293214,False,False,excluded,excluded,non_list1,non_list1,insufficient_positive_pre_months,insufficient_positive_pre_months,17,14,24,22,76473070,62710340,0,0,0.000000000000,0.000000000000
293219,False,False,excluded,excluded,non_list1,non_list1,direct_policy_scope_overlap,direct_policy_scope_overlap,29,26,24,22,76417970,67347342,0,0,0.000000000000,0.000000000000
293220,False,False,control_candidate,control_candidate,non_list1,non_list1,,,29,26,24,22,221089127,177256929,0,0,0.000000000000,0.000000000000
293291,False,False,excluded,excluded,non_list1,non_list1,insufficient_positive_pre_months,insufficient_positive_pre_months,4,3,24,22,53967,51267,0,0,0.000000000000,0.000000000000
293293,False,False,excluded,excluded,non_list1,non_list1,direct_policy_scope_overlap,direct_policy_scope_overlap,27,24,24,22,14720949,11533442,0,0,0.000000000000,0.000000000000
293294,False,False,excluded,excluded,non_list1,non_list1,insufficient_positive_pre_months|direct_policy_scope_overlap,insufficient_positive_pre_months|direct_policy_scope_overlap,0,0,24,22,0,0,0,0,0.000000000000,0.000000000000
293295,False,False,excluded,excluded,non_list1,non_list1,insufficient_positive_pre_months|direct_policy_scope_overlap,insufficient_positive_pre_months|direct_policy_scope_overlap,7,5,24,22,638667,617855,0,0,0.000000000000,0.000000000000
293299,False,False,excluded,excluded,non_list1,non_list1,direct_policy_scope_overlap,direct_policy_scope_overlap,29,26,24,22,288184139,243675861,0,0,0.000000000000,0.000000000000
293311,False,False,excluded,excluded,non_list1,non_list1,insufficient_positive_pre_months,insufficient_positive_pre_months,10,10,24,22,133075,133075,0,0,0.000000000000,0.000000000000
293319,False,False,excluded,excluded,non_list1,non_list1,direct_policy_scope_overlap,direct_policy_scope_overlap,29,26,24,22,63611065,52316844,0,0,0.000000000000,0.000000000000
293321,False,False,excluded,excluded,non_list1,non_list1,direct_policy_scope_overlap,direct_policy_scope_overlap,29,26,24,22,56273786,49473676,0,0,0.000000000000,0.000000000000
293329,False,False,excluded,excluded,non_list1,non_list1,direct_policy_scope_overlap,direct_policy_scope_overlap,29,26,24,22,44455708,39131031,0,0,0.000000000000,0.000000000000
293331,False,False,excluded,excluded,non_list1,non_list1,direct_policy_scope_overlap,direct_policy_scope_overlap,28,25,24,22,5312741,4833334,0,0,0.000000000000,0.000000000000
293332,False,False,excluded,excluded,non_list1,non_list1,insufficient_positive_pre_months|direct_policy_scope_overlap,insufficient_positive_pre_months|direct_policy_scope_overlap,19,18,24,22,918585,881293,0,0,0.000000000000,0.000000000000
293333,False,False,excluded,excluded,non_list1,non_list1,insufficient_positive_pre_months,insufficient_positive_pre_months,6,6,24,22,44687,44687,0,0,0.000000000000,0.000000000000
293339,False,False,control_candidate,control_candidate,non_list1,non_list1,,,29,26,24,22,733006717,598637430,0,0,0.000000000000,0.000000000000
293341,False,False,excluded,excluded,non_list1,non_list1,insufficient_positive_pre_months,insufficient_positive_pre_months,0,0,24,22,0,0,0,0,0.000000000000,0.000000000000
293349,False,False,control_candidate,control_candidate,non_list1,non_list1,,,29,26,24,22,69600172,63182848,0,0,0.000000000000,0.000000000000
293352,False,False,excluded,excluded,non_list1,non_list1,insufficient_positive_pre_months,insufficient_positive_pre_months,20,17,24,22,1111745,1020241,0,0,0.000000000000,0.000000000000
293353,False,False,excluded,excluded,non_list1,non_list1,insufficient_positive_pre_months,insufficient_positive_pre_months,3,3,24,22,11099,11099,0,0,0.000000000000,0.000000000000
293354,False,False,excluded,excluded,non_list1,non_list1,insufficient_positive_pre_months,insufficient_positive_pre_months,10,9,24,22,210007,206776,0,0,0.000000000000,0.000000000000
293355,False,False,excluded,excluded,non_list1,non_list1,insufficient_positive_pre_months,insufficient_positive_pre_months,0,0,24,22,0,0,0,0,0.000000000000,0.000000000000
293359,False,False,control_candidate,control_candidate,non_list1,non_list1,,,29,26,24,22,307337287,273287005,0,0,0.000000000000,0.000000000000
293361,False,False,excluded,excluded,non_list1,non_list1,insufficient_positive_pre_months|direct_policy_scope_overlap,insufficient_positive_pre_months|direct_policy_scope_overlap,8,8,24,22,205878,205878,0,0,0.000000000000,0.000000000000
293369,False,False,excluded,excluded,non_list1,non_list1,direct_policy_scope_overlap,direct_policy_scope_overlap,29,26,24,22,360374813,318031222,0,0,0.000000000000,0.000000000000
293371,False,False,excluded,excluded,non_list1,non_list1,insufficient_positive_pre_months|direct_policy_scope_overlap,insufficient_positive_pre_months|direct_policy_scope_overlap,4,4,24,22,382365,382365,0,0,0.000000000000,0.000000000000
293372,False,False,excluded,excluded,non_list1,non_list1,insufficient_positive_pre_months,insufficient_positive_pre_months,0,0,24,22,0,0,0,0,0.000000000000,0.000000000000
293379,False,False,excluded,excluded,non_list1,non_list1,direct_policy_scope_overlap,direct_policy_scope_overlap,29,26,24,22,88583817,78892129,0,0,0.000000000000,0.000000000000
293391,False,False,excluded,excluded,non_list1,non_list1,insufficient_positive_pre_months,insufficient_positive_pre_months,7,6,24,22,223244,206244,0,0,0.000000000000,0.000000000000
293392,False,False,excluded,excluded,non_list1,non_list1,insufficient_positive_pre_months|direct_policy_scope_overlap,insufficient_positive_pre_months|direct_policy_scope_overlap,3,3,24,22,90876,90876,0,0,0.000000000000,0.000000000000
293399,False,False,control_candidate,control_candidate,non_list1,non_list1,,,29,26,24,22,457752114,396199612,0,0,0.000000000000,0.000000000000
293410,False,False,excluded,excluded,non_list1,non_list1,direct_policy_scope_overlap,direct_policy_scope_overlap,29,26,24,22,41685439,34250052,0,0,0.000000000000,0.000000000000
293420,False,False,excluded,excluded,non_list1,non_list1,direct_policy_scope_overlap,direct_policy_scope_overlap,29,26,24,22,145098125,115330493,0,0,0.000000000000,0.000000000000
293430,False,False,excluded,excluded,non_list1,non_list1,insufficient_positive_pre_months,insufficient_positive_pre_months,9,8,24,22,167452,164452,0,0,0.000000000000,0.000000000000
293491,False,False,excluded,excluded,non_list1,non_list1,insufficient_positive_pre_months,insufficient_positive_pre_months,2,2,24,22,263904,263904,0,0,0.000000000000,0.000000000000
293499,False,False,control_candidate,control_candidate,non_list1,non_list1,,,29,26,24,22,600954484,547351255,0,0,0.000000000000,0.000000000000
293510,False,False,excluded,excluded,non_list1,non_list1,insufficient_positive_pre_months,insufficient_positive_pre_months,3,3,24,22,45520,45520,0,0,0.000000000000,0.000000000000
293550,False,False,excluded,excluded,non_list1,non_list1,insufficient_positive_pre_months,insufficient_positive_pre_months,2,2,24,22,136332,136332,0,0,0.000000000000,0.000000000000
293590,False,False,excluded,excluded,non_list1,non_list1,insufficient_positive_pre_months,insufficient_positive_pre_months,17,14,24,22,359058055,292363000,0,0,0.000000000000,0.000000000000
293621,False,False,control_candidate,control_candidate,non_list1,non_list1,,,29,26,24,22,159843754,127793338,0,0,0.000000000000,0.000000000000
293622,False,False,control_candidate,control_candidate,non_list1,non_list1,,,29,26,24,22,180920965,157805365,0,0,0.000000000000,0.000000000000
293623,False,False,control_candidate,control_candidate,non_list1,non_list1,,,29,26,24,22,59226965,48654394,0,0,0.000000000000,0.000000000000
293624,False,False,control_candidate,control_candidate,non_list1,non_list1,,,29,26,24,22,260943075,225112212,0,0,0.000000000000,0.000000000000
293625,False,False,control_candidate,control_candidate,non_list1,non_list1,,,29,26,24,22,107393301,94759344,0,0,0.000000000000,0.000000000000
293626,False,False,control_candidate,control_candidate,non_list1,non_list1,,,29,26,24,22,178750821,154074585,0,0,0.000000000000,0.000000000000
293627,False,False,control_candidate,control_candidate,non_list1,non_list1,,,29,26,24,22,396803051,332971045,0,0,0.000000000000,0.000000000000
293628,False,False,control_candidate,control_candidate,non_list1,non_list1,,,29,26,24,22,352244017,292065731,0,0,0.000000000000,0.000000000000
293629,False,False,control_candidate,control_candidate,non_list1,non_list1,,,29,26,24,22,266068159,234741568,0,0,0.000000000000,0.000000000000
293690,False,False,control_candidate,control_candidate,non_list1,non_list1,,,29,26,24,22,99690200,80582371,0,0,0.000000000000,0.000000000000
293711,False,False,excluded,excluded,non_list1,non_list1,insufficient_positive_pre_months,insufficient_positive_pre_months,3,3,24,22,413962,413962,0,0,0.000000000000,0.000000000000
293712,False,False,excluded,excluded,non_list1,non_list1,insufficient_positive_pre_months,insufficient_positive_pre_months,1,1,24,22,266268,266268,0,0,0.000000000000,0.000000000000
293719,False,False,control_candidate,control_candidate,non_list1,non_list1,,,29,26,24,22,26108405,20442004,0,0,0.000000000000,0.000000000000
293721,False,False,control_candidate,control_candidate,non_list1,non_list1,,,29,26,24,22,23454068,20707600,0,0,0.000000000000,0.000000000000
293722,True,False,excluded,control_candidate,non_list1,non_list1,insufficient_positive_pre_months,,23,22,24,22,3097632,2288393,0,0,0.000000000000,0.000000000000
293723,False,False,control_candidate,control_candidate,non_list1,non_list1,,,29,26,24,22,28267155,25180889,0,0,0.000000000000,0.000000000000
293729,False,False,control_candidate,control_candidate,non_list1,non_list1,,,29,26,24,22,37333396,34932975,0,0,0.000000000000,0.000000000000
293750,False,False,excluded,excluded,non_list1,non_list1,insufficient_positive_pre_months,insufficient_positive_pre_months,14,14,24,22,898136,898136,0,0,0.000000000000,0.000000000000
293790,False,False,control_candidate,control_candidate,non_list1,non_list1,,,29,26,24,22,86578334,72556219,0,0,0.000000000000,0.000000000000
293810,False,False,control_candidate,control_candidate,non_list1,non_list1,,,28,25,24,22,3885704,3495703,0,0,0.000000000000,0.000000000000
293890,False,False,control_candidate,control_candidate,non_list1,non_list1,,,29,26,24,22,273544397,242435192,0,0,0.000000000000,0.000000000000
293911,False,False,excluded,excluded,non_list1,non_list1,insufficient_positive_pre_months,insufficient_positive_pre_months,0,0,24,22,0,0,0,0,0.000000000000,0.000000000000
293919,False,False,excluded,excluded,non_list1,non_list1,insufficient_positive_pre_months,insufficient_positive_pre_months,21,20,24,22,1132601,1059099,0,0,0.000000000000,0.000000000000
293920,False,False,excluded,excluded,non_list1,non_list1,insufficient_positive_pre_months,insufficient_positive_pre_months,8,8,24,22,624996,624996,0,0,0.000000000000,0.000000000000
293930,False,False,control_candidate,control_candidate,non_list1,non_list1,,,29,26,24,22,99013592,87189963,0,0,0.000000000000,0.000000000000
293941,False,False,excluded,excluded,non_list1,non_list1,insufficient_positive_pre_months,insufficient_positive_pre_months,1,0,24,22,98352,0,0,0,0.000000000000,0.000000000000
293942,False,False,excluded,excluded,non_list1,non_list1,insufficient_positive_pre_months,insufficient_positive_pre_months,5,5,24,22,37204,37204,0,0,0.000000000000,0.000000000000
293943,False,False,excluded,excluded,non_list1,non_list1,insufficient_positive_pre_months,insufficient_positive_pre_months,0,0,24,22,0,0,0,0,0.000000000000,0.000000000000
293944,False,False,excluded,excluded,non_list1,non_list1,insufficient_positive_pre_months,insufficient_positive_pre_months,0,0,24,22,0,0,0,0,0.000000000000,0.000000000000
293949,False,False,excluded,excluded,non_list1,non_list1,insufficient_positive_pre_months,insufficient_positive_pre_months,4,4,24,22,28800,28800,0,0,0.000000000000,0.000000000000
293951,True,True,excluded,,non_list1,,insufficient_positive_pre_months,,1,,24,,6200,,0,,0.000000000000,
293959,False,False,excluded,excluded,non_list1,non_list1,insufficient_positive_pre_months,insufficient_positive_pre_months,19,17,24,22,305295,289495,0,0,0.000000000000,0.000000000000
293961,False,False,excluded,excluded,non_list1,non_list1,insufficient_positive_pre_months,insufficient_positive_pre_months,0,0,24,22,0,0,0,0,0.000000000000,0.000000000000
293962,False,False,excluded,excluded,non_list1,non_list1,insufficient_positive_pre_months,insufficient_positive_pre_months,0,0,24,22,0,0,0,0,0.000000000000,0.000000000000
293963,False,False,excluded,excluded,non_list1,non_list1,insufficient_positive_pre_months,insufficient_positive_pre_months,0,0,24,22,0,0,0,0,0.000000000000,0.000000000000
293969,False,False,excluded,excluded,non_list1,non_list1,insufficient_positive_pre_months,insufficient_positive_pre_months,0,0,24,22,0,0,0,0,0.000000000000,0.000000000000
293971,False,False,excluded,excluded,non_list1,non_list1,insufficient_positive_pre_months,insufficient_positive_pre_months,9,9,24,22,656894,656894,0,0,0.000000000000,0.000000000000
293979,False,False,excluded,excluded,non_list1,non_list1,insufficient_positive_pre_months,insufficient_positive_pre_months,17,14,24,22,9954818,7504128,0,0,0.000000000000,0.000000000000
293980,False,False,excluded,excluded,non_list1,non_list1,insufficient_positive_pre_months|direct_policy_scope_overlap,insufficient_positive_pre_months|direct_policy_scope_overlap,17,14,24,22,570500,386873,0,0,0.000000000000,0.000000000000
294000,False,False,excluded,excluded,non_list1,non_list1,direct_policy_scope_overlap,direct_policy_scope_overlap,29,26,24,22,54605589,47344024,0,0,0.000000000000,0.000000000000
294110,False,False,control_candidate,control_candidate,non_list1,non_list1,,,29,26,24,22,72967233,69771073,0,0,0.000000000000,0.000000000000
294120,False,False,control_candidate,control_candidate,non_list1,non_list1,,,28,25,24,22,21266086,20583936,0,0,0.000000000000,0.000000000000
294130,False,False,control_candidate,control_candidate,non_list1,non_list1,,,29,26,24,22,100923489,88837796,0,0,0.000000000000,0.000000000000
294140,False,False,control_candidate,control_candidate,non_list1,non_list1,,,27,24,24,22,4380407,4137678,0,0,0.000000000000,0.000000000000
294150,False,False,control_candidate,control_candidate,non_list1,non_list1,,,26,24,24,22,4230760,3973662,0,0,0.000000000000,0.000000000000
294190,False,False,control_candidate,control_candidate,non_list1,non_list1,,,29,26,24,22,274351207,237292322,0,0,0.000000000000,0.000000000000
294200,False,False,excluded,excluded,non_list1,non_list1,direct_policy_scope_overlap,direct_policy_scope_overlap,29,26,24,22,42060009,36876191,0,0,0.000000000000,0.000000000000
300120,False,False,excluded,excluded,non_list1,non_list1,insufficient_positive_pre_months,insufficient_positive_pre_months,16,14,24,22,4152613,4055274,0,0,0.000000000000,0.000000000000
300190,False,False,control_candidate,control_candidate,non_list1,non_list1,,,29,26,24,22,397342040,355397809,0,0,0.000000000000,0.000000000000
300211,False,False,excluded,excluded,non_list1,non_list1,insufficient_positive_pre_months,insufficient_positive_pre_months,15,14,24,22,4267212,4214712,0,0,0.000000000000,0.000000000000
300212,False,False,excluded,excluded,non_list1,non_list1,insufficient_positive_pre_months,insufficient_positive_pre_months,17,14,24,22,78368472,64371090,0,0,0.000000000000,0.000000000000
300213,False,False,excluded,excluded,non_list1,non_list1,insufficient_positive_pre_months,insufficient_positive_pre_months,13,10,24,22,8323706,6227894,0,0,0.000000000000,0.000000000000
300214,False,False,excluded,excluded,non_list1,non_list1,insufficient_positive_pre_months,insufficient_positive_pre_months,12,9,24,22,2513620,1877214,0,0,0.000000000000,0.000000000000
300215,False,False,excluded,excluded,non_list1,non_list1,insufficient_positive_pre_months,insufficient_positive_pre_months,17,14,24,22,66692846,52618932,0,0,0.000000000000,0.000000000000
300219,False,False,excluded,excluded,non_list1,non_list1,insufficient_positive_pre_months,insufficient_positive_pre_months,17,14,24,22,8330941,6871763,0,0,0.000000000000,0.000000000000
300220,False,False,excluded,excluded,non_list1,non_list1,insufficient_positive_pre_months,insufficient_positive_pre_months,3,2,24,22,9520,6520,0,0,0.000000000000,0.000000000000
300230,False,False,excluded,excluded,non_list1,non_list1,insufficient_positive_pre_months,insufficient_positive_pre_months,0,0,24,22,0,0,0,0,0.000000000000,0.000000000000
300290,False,False,control_candidate,control_candidate,non_list1,non_list1,,,29,26,24,22,19468074,13308542,0,0,0.000000000000,0.000000000000
300310,False,False,excluded,excluded,non_list1,non_list1,insufficient_positive_pre_months,insufficient_positive_pre_months,20,18,24,22,10252356,9686756,0,0,0.000000000000,0.000000000000
300320,False,False,excluded,excluded,non_list1,non_list1,insufficient_positive_pre_months,insufficient_positive_pre_months,22,19,24,22,1792512,1692582,0,0,0.000000000000,0.000000000000
300331,False,False,excluded,excluded,non_list1,non_list1,insufficient_positive_pre_months,insufficient_positive_pre_months,0,0,24,22,0,0,0,0,0.000000000000,0.000000000000
300339,False,False,excluded,excluded,non_list1,non_list1,insufficient_positive_pre_months,insufficient_positive_pre_months,0,0,24,22,0,0,0,0,0.000000000000,0.000000000000
300341,False,False,excluded,excluded,non_list1,non_list1,insufficient_positive_pre_months,insufficient_positive_pre_months,0,0,24,22,0,0,0,0,0.000000000000,0.000000000000
300342,False,False,excluded,excluded,non_list1,non_list1,insufficient_positive_pre_months,insufficient_positive_pre_months,0,0,24,22,0,0,0,0,0.000000000000,0.000000000000
300349,False,False,excluded,excluded,non_list1,non_list1,insufficient_positive_pre_months,insufficient_positive_pre_months,0,0,24,22,0,0,0,0,0.000000000000,0.000000000000
300360,False,False,excluded,excluded,non_list1,non_list1,insufficient_positive_pre_months,insufficient_positive_pre_months,0,0,24,22,0,0,0,0,0.000000000000,0.000000000000
300390,False,False,excluded,excluded,non_list1,non_list1,insufficient_positive_pre_months,insufficient_positive_pre_months,17,14,24,22,73755437,58242497,0,0,0.000000000000,0.000000000000
300410,False,False,excluded,excluded,non_list1,non_list1,insufficient_positive_pre_months,insufficient_positive_pre_months,22,19,24,22,14270388,12418297,0,0,0.000000000000,0.000000000000
300420,False,False,control_candidate,control_candidate,non_list1,non_list1,,,29,26,24,22,60804349,56344177,0,0,0.000000000000,0.000000000000
300431,False,False,excluded,excluded,non_list1,non_list1,insufficient_positive_pre_months,insufficient_positive_pre_months,3,1,24,22,72060,36000,0,0,0.000000000000,0.000000000000
300432,False,False,excluded,excluded,non_list1,non_list1,insufficient_positive_pre_months,insufficient_positive_pre_months,16,13,24,22,29514680,29206631,0,0,0.000000000000,0.000000000000
300439,False,False,excluded,excluded,non_list1,non_list1,insufficient_positive_pre_months,insufficient_positive_pre_months,5,5,24,22,12279729,12279729,0,0,0.000000000000,0.000000000000
300441,False,False,excluded,excluded,non_list1,non_list1,insufficient_positive_pre_months,insufficient_positive_pre_months,0,0,24,22,0,0,0,0,0.000000000000,0.000000000000
300442,False,False,excluded,excluded,non_list1,non_list1,insufficient_positive_pre_months,insufficient_positive_pre_months,0,0,24,22,0,0,0,0,0.000000000000,0.000000000000
300449,False,False,excluded,excluded,non_list1,non_list1,insufficient_positive_pre_months,insufficient_positive_pre_months,17,14,24,22,18595602,11436856,0,0,0.000000000000,0.000000000000
300450,False,False,control_candidate,control_candidate,non_list1,non_list1,,,27,24,24,22,1726761,1538030,0,0,0.000000000000,0.000000000000
300460,False,False,excluded,excluded,non_list1,non_list1,insufficient_positive_pre_months,insufficient_positive_pre_months,0,0,24,22,0,0,0,0,0.000000000000,0.000000000000
300490,False,False,control_candidate,control_candidate,non_list1,non_list1,,,29,26,24,22,529059872,421733266,0,0,0.000000000000,0.000000000000
300510,False,False,control_candidate,control_candidate,non_list1,non_list1,,,29,26,24,22,306266702,269765592,0,0,0.000000000000,0.000000000000
300590,False,False,control_candidate,control_candidate,non_list1,non_list1,,,29,26,24,22,662299441,594247670,0,0,0.000000000000,0.000000000000
300610,False,False,excluded,excluded,non_list1,non_list1,insufficient_positive_pre_months,insufficient_positive_pre_months,22,20,24,22,1446772,1376032,0,0,0.000000000000,0.000000000000
300620,False,False,excluded,excluded,non_list1,non_list1,insufficient_positive_pre_months,insufficient_positive_pre_months,16,15,24,22,325303,316662,0,0,0.000000000000,0.000000000000
300630,False,False,control_candidate,control_candidate,non_list1,non_list1,,,29,26,24,22,576806658,517594013,0,0,0.000000000000,0.000000000000
300640,False,False,control_candidate,control_candidate,non_list1,non_list1,,,29,26,24,22,9491099,8597025,0,0,0.000000000000,0.000000000000
300650,False,False,control_candidate,control_candidate,non_list1,non_list1,,,29,26,24,22,60153949,52106249,0,0,0.000000000000,0.000000000000
300660,False,False,control_candidate,control_candidate,non_list1,non_list1,,,29,26,24,22,103080778,96239001,0,0,0.000000000000,0.000000000000
300670,False,False,control_candidate,control_candidate,non_list1,non_list1,,,29,26,24,22,9983902,8878563,0,0,0.000000000000,0.000000000000
300691,False,False,excluded,excluded,non_list1,non_list1,insufficient_positive_pre_months,insufficient_positive_pre_months,18,15,24,22,742462,524099,0,0,0.000000000000,0.000000000000
300692,False,False,excluded,excluded,non_list1,non_list1,insufficient_positive_pre_months,insufficient_positive_pre_months,18,15,24,22,329160,239646,0,0,0.000000000000,0.000000000000
310100,False,False,excluded,excluded,non_list1,non_list1,direct_policy_scope_overlap,direct_policy_scope_overlap,28,25,24,22,5131879,4251724,0,0,0.000000000000,0.000000000000
310210,False,False,excluded,excluded,non_list1,non_list1,direct_policy_scope_overlap,direct_policy_scope_overlap,29,26,24,22,226096451,222171024,0,0,0.000000000000,0.000000000000
310221,False,False,excluded,excluded,non_list1,non_list1,insufficient_positive_pre_months|direct_policy_scope_overlap,insufficient_positive_pre_months|direct_policy_scope_overlap,15,14,24,22,26391672,26388196,0,0,0.000000000000,0.000000000000
310229,False,False,excluded,excluded,non_list1,non_list1,insufficient_positive_pre_months|direct_policy_scope_overlap,insufficient_positive_pre_months|direct_policy_scope_overlap,16,13,24,22,2300230,1670300,0,0,0.000000000000,0.000000000000
310230,False,False,excluded,excluded,non_list1,non_list1,direct_policy_scope_overlap,direct_policy_scope_overlap,29,26,24,22,9688362,9061375,0,0,0.000000000000,0.000000000000
310240,False,False,excluded,excluded,non_list1,non_list1,insufficient_positive_pre_months|direct_policy_scope_overlap,insufficient_positive_pre_months|direct_policy_scope_overlap,5,5,24,22,326008,326008,0,0,0.000000000000,0.000000000000
310250,False,False,excluded,excluded,non_list1,non_list1,direct_policy_scope_overlap,direct_policy_scope_overlap,28,26,24,22,2656634,2513167,0,0,0.000000000000,0.000000000000
310260,False,False,excluded,excluded,non_list1,non_list1,direct_policy_scope_overlap,direct_policy_scope_overlap,28,25,24,22,1870779,1542030,0,0,0.000000000000,0.000000000000
310280,False,False,excluded,excluded,non_list1,non_list1,insufficient_positive_pre_months|direct_policy_scope_overlap,insufficient_positive_pre_months|direct_policy_scope_overlap,10,10,24,22,53940040,53940040,0,0,0.000000000000,0.000000000000
310290,False,False,excluded,excluded,non_list1,non_list1,direct_policy_scope_overlap,direct_policy_scope_overlap,29,26,24,22,4303108,4125168,0,0,0.000000000000,0.000000000000
310311,False,False,excluded,excluded,non_list1,non_list1,insufficient_positive_pre_months|direct_policy_scope_overlap,insufficient_positive_pre_months|direct_policy_scope_overlap,0,0,24,22,0,0,0,0,0.000000000000,0.000000000000
310319,False,False,excluded,excluded,non_list1,non_list1,insufficient_positive_pre_months|direct_policy_scope_overlap,insufficient_positive_pre_months|direct_policy_scope_overlap,0,0,24,22,0,0,0,0,0.000000000000,0.000000000000
310390,False,False,excluded,excluded,non_list1,non_list1,insufficient_positive_pre_months|direct_policy_scope_overlap,insufficient_positive_pre_months|direct_policy_scope_overlap,20,17,24,22,707932,549416,0,0,0.000000000000,0.000000000000
310420,False,False,excluded,excluded,non_list1,non_list1,direct_policy_scope_overlap,direct_policy_scope_overlap,26,23,24,22,557129,506341,0,0,0.000000000000,0.000000000000
310430,False,False,excluded,excluded,non_list1,non_list1,insufficient_positive_pre_months|direct_policy_scope_overlap,insufficient_positive_pre_months|direct_policy_scope_overlap,13,13,24,22,597345,597345,0,0,0.000000000000,0.000000000000
310490,False,False,excluded,excluded,non_list1,non_list1,direct_policy_scope_overlap,direct_policy_scope_overlap,26,23,24,22,986369,750674,0,0,0.000000000000,0.000000000000
310510,False,False,excluded,excluded,non_list1,non_list1,direct_policy_scope_overlap,direct_policy_scope_overlap,29,26,24,22,9765118,8995494,0,0,0.000000000000,0.000000000000
310520,False,False,excluded,excluded,non_list1,non_list1,direct_policy_scope_overlap,insufficient_positive_pre_months|direct_policy_scope_overlap,24,21,24,22,2493751,1756657,0,0,0.000000000000,0.000000000000
310530,False,False,excluded,excluded,non_list1,non_list1,direct_policy_scope_overlap,direct_policy_scope_overlap,29,26,24,22,44074356,42983914,0,0,0.000000000000,0.000000000000
310540,False,False,excluded,excluded,non_list1,non_list1,direct_policy_scope_overlap,direct_policy_scope_overlap,29,26,24,22,21851080,17955360,0,0,0.000000000000,0.000000000000
310551,False,False,excluded,excluded,non_list1,non_list1,insufficient_positive_pre_months|direct_policy_scope_overlap,insufficient_positive_pre_months|direct_policy_scope_overlap,20,20,24,22,6728563,6728563,0,0,0.000000000000,0.000000000000
310559,False,False,excluded,excluded,non_list1,non_list1,insufficient_positive_pre_months|direct_policy_scope_overlap,insufficient_positive_pre_months|direct_policy_scope_overlap,0,0,24,22,0,0,0,0,0.000000000000,0.000000000000
310560,False,False,excluded,excluded,non_list1,non_list1,insufficient_positive_pre_months|direct_policy_scope_overlap,insufficient_positive_pre_months|direct_policy_scope_overlap,19,17,24,22,764397,575892,0,0,0.000000000000,0.000000000000
310590,False,False,excluded,excluded,non_list1,non_list1,direct_policy_scope_overlap,direct_policy_scope_overlap,29,26,24,22,14592598,11148426,0,0,0.000000000000,0.000000000000
320110,False,False,excluded,excluded,non_list1,non_list1,insufficient_positive_pre_months|direct_policy_scope_overlap,insufficient_positive_pre_months|direct_policy_scope_overlap,4,3,24,22,385680,106903,0,0,0.000000000000,0.000000000000
320120,False,False,excluded,excluded,non_list1,non_list1,insufficient_positive_pre_months|direct_policy_scope_overlap,insufficient_positive_pre_months|direct_policy_scope_overlap,1,1,24,22,45902,45902,0,0,0.000000000000,0.000000000000
320190,False,False,excluded,excluded,non_list1,non_list1,insufficient_positive_pre_months|direct_policy_scope_overlap,insufficient_positive_pre_months|direct_policy_scope_overlap,20,17,24,22,1751596,1421283,0,0,0.000000000000,0.000000000000
320210,False,False,excluded,excluded,non_list1,non_list1,insufficient_positive_pre_months|direct_policy_scope_overlap,insufficient_positive_pre_months|direct_policy_scope_overlap,17,14,24,22,297073,264283,0,0,0.000000000000,0.000000000000
320290,False,False,excluded,excluded,non_list1,non_list1,insufficient_positive_pre_months|direct_policy_scope_overlap,insufficient_positive_pre_months|direct_policy_scope_overlap,14,14,24,22,186392,186392,0,0,0.000000000000,0.000000000000
320300,False,False,excluded,excluded,non_list1,non_list1,direct_policy_scope_overlap,direct_policy_scope_overlap,29,26,24,22,43336764,36990892,0,0,0.000000000000,0.000000000000
320411,False,False,excluded,excluded,non_list1,non_list1,direct_policy_scope_overlap,direct_policy_scope_overlap,29,26,24,22,39346905,35198751,0,0,0.000000000000,0.000000000000
320412,False,False,excluded,excluded,non_list1,non_list1,direct_policy_scope_overlap,direct_policy_scope_overlap,29,26,24,22,24625761,22104857,0,0,0.000000000000,0.000000000000
320413,False,False,excluded,excluded,non_list1,non_list1,direct_policy_scope_overlap,direct_policy_scope_overlap,29,26,24,22,13271377,11603212,0,0,0.000000000000,0.000000000000
320414,False,False,excluded,excluded,non_list1,non_list1,direct_policy_scope_overlap,direct_policy_scope_overlap,29,26,24,22,3747410,3533021,0,0,0.000000000000,0.000000000000
320415,False,False,excluded,excluded,non_list1,non_list1,direct_policy_scope_overlap,direct_policy_scope_overlap,29,26,24,22,21243626,19090864,0,0,0.000000000000,0.000000000000
320416,False,False,excluded,excluded,non_list1,non_list1,direct_policy_scope_overlap,direct_policy_scope_overlap,29,26,24,22,7918945,7477082,0,0,0.000000000000,0.000000000000
320417,False,False,excluded,excluded,non_list1,non_list1,direct_policy_scope_overlap,direct_policy_scope_overlap,29,26,24,22,304100174,275043497,0,0,0.000000000000,0.000000000000
320419,False,False,excluded,excluded,non_list1,non_list1,direct_policy_scope_overlap,direct_policy_scope_overlap,29,26,24,22,81026630,61234416,0,0,0.000000000000,0.000000000000
320420,False,False,excluded,excluded,non_list1,non_list1,direct_policy_scope_overlap,direct_policy_scope_overlap,29,26,24,22,18046611,15542928,0,0,0.000000000000,0.000000000000
320490,False,False,excluded,excluded,non_list1,non_list1,direct_policy_scope_overlap,direct_policy_scope_overlap,29,26,24,22,4647497,4296044,0,0,0.000000000000,0.000000000000
320500,False,False,excluded,excluded,non_list1,non_list1,insufficient_positive_pre_months|direct_policy_scope_overlap,insufficient_positive_pre_months|direct_policy_scope_overlap,11,10,24,22,411256,393381,0,0,0.000000000000,0.000000000000
320611,False,False,excluded,excluded,non_list1,non_list1,direct_policy_scope_overlap,direct_policy_scope_overlap,29,26,24,22,205108723,169338745,0,0,0.000000000000,0.000000000000
320619,False,False,excluded,excluded,non_list1,non_list1,direct_policy_scope_overlap,direct_policy_scope_overlap,29,26,24,22,16559055,13847624,0,0,0.000000000000,0.000000000000
320620,False,False,excluded,excluded,non_list1,non_list1,insufficient_positive_pre_months|direct_policy_scope_overlap,insufficient_positive_pre_months|direct_policy_scope_overlap,20,17,24,22,1494109,1282748,0,0,0.000000000000,0.000000000000
320641,False,False,excluded,excluded,non_list1,non_list1,direct_policy_scope_overlap,direct_policy_scope_overlap,25,22,24,22,1138524,941445,0,0,0.000000000000,0.000000000000
320642,False,False,excluded,excluded,non_list1,non_list1,insufficient_positive_pre_months|direct_policy_scope_overlap,insufficient_positive_pre_months|direct_policy_scope_overlap,22,19,24,22,1946751,1739743,0,0,0.000000000000,0.000000000000
320649,False,False,excluded,excluded,non_list1,non_list1,direct_policy_scope_overlap,direct_policy_scope_overlap,29,26,24,22,75234909,64657047,0,0,0.000000000000,0.000000000000
320650,False,False,excluded,excluded,non_list1,non_list1,direct_policy_scope_overlap,direct_policy_scope_overlap,29,26,24,22,22864729,20440287,0,0,0.000000000000,0.000000000000
320710,False,False,excluded,excluded,non_list1,non_list1,direct_policy_scope_overlap,direct_policy_scope_overlap,29,26,24,22,15994776,14901999,0,0,0.000000000000,0.000000000000
320720,False,False,excluded,excluded,non_list1,non_list1,direct_policy_scope_overlap,direct_policy_scope_overlap,24,22,24,22,850723,767311,0,0,0.000000000000,0.000000000000
320730,False,False,excluded,excluded,non_list1,non_list1,insufficient_positive_pre_months|direct_policy_scope_overlap,insufficient_positive_pre_months|direct_policy_scope_overlap,11,8,24,22,2176856,453926,0,0,0.000000000000,0.000000000000
320740,False,False,excluded,excluded,non_list1,non_list1,direct_policy_scope_overlap,direct_policy_scope_overlap,29,26,24,22,1221217,1051472,0,0,0.000000000000,0.000000000000
320810,False,False,excluded,excluded,non_list1,non_list1,insufficient_positive_pre_months|direct_policy_scope_overlap,insufficient_positive_pre_months|direct_policy_scope_overlap,13,11,24,22,1144347,1018349,0,0,0.000000000000,0.000000000000
320820,False,False,excluded,excluded,non_list1,non_list1,direct_policy_scope_overlap,direct_policy_scope_overlap,29,26,24,22,36208228,33928197,0,0,0.000000000000,0.000000000000
320890,False,False,excluded,excluded,non_list1,non_list1,direct_policy_scope_overlap,direct_policy_scope_overlap,29,26,24,22,3786969,3377865,0,0,0.000000000000,0.000000000000
320910,False,False,excluded,excluded,non_list1,non_list1,direct_policy_scope_overlap,direct_policy_scope_overlap,29,26,24,22,2441462,2289859,0,0,0.000000000000,0.000000000000
320990,False,False,excluded,excluded,non_list1,non_list1,direct_policy_scope_overlap,direct_policy_scope_overlap,27,24,24,22,681474,563367,0,0,0.000000000000,0.000000000000
321000,False,False,excluded,excluded,non_list1,non_list1,direct_policy_scope_overlap,direct_policy_scope_overlap,29,26,24,22,1037962,920571,0,0,0.000000000000,0.000000000000
321100,False,False,excluded,excluded,non_list1,non_list1,insufficient_positive_pre_months|direct_policy_scope_overlap,insufficient_positive_pre_months|direct_policy_scope_overlap,2,2,24,22,68152,68152,0,0,0.000000000000,0.000000000000
321210,False,False,excluded,excluded,non_list1,non_list1,direct_policy_scope_overlap,direct_policy_scope_overlap,29,26,24,22,13156631,11410536,0,0,0.000000000000,0.000000000000
321290,False,False,excluded,excluded,non_list1,non_list1,direct_policy_scope_overlap,direct_policy_scope_overlap,29,26,24,22,70639530,64639795,0,0,0.000000000000,0.000000000000
321310,False,False,excluded,excluded,non_list1,non_list1,direct_policy_scope_overlap,direct_policy_scope_overlap,29,26,24,22,101559816,91882804,0,0,0.000000000000,0.000000000000
321390,False,False,excluded,excluded,non_list1,non_list1,direct_policy_scope_overlap,direct_policy_scope_overlap,29,26,24,22,75256256,68562671,0,0,0.000000000000,0.000000000000
321410,False,False,excluded,excluded,non_list1,non_list1,direct_policy_scope_overlap,direct_policy_scope_overlap,29,26,24,22,6910631,6288285,0,0,0.000000000000,0.000000000000
321490,False,False,excluded,excluded,non_list1,non_list1,direct_policy_scope_overlap,direct_policy_scope_overlap,29,26,24,22,1890828,1652177,0,0,0.000000000000,0.000000000000
321511,False,False,excluded,excluded,non_list1,non_list1,direct_policy_scope_overlap,direct_policy_scope_overlap,29,26,24,22,2406212,2194560,0,0,0.000000000000,0.000000000000
321519,False,False,excluded,excluded,non_list1,non_list1,direct_policy_scope_overlap,direct_policy_scope_overlap,29,26,24,22,12066103,10605977,0,0,0.000000000000,0.000000000000
321590,False,False,excluded,excluded,non_list1,non_list1,direct_policy_scope_overlap,direct_policy_scope_overlap,29,26,24,22,9629467,9012128,0,0,0.000000000000,0.000000000000
330112,False,False,control_candidate,control_candidate,non_list1,non_list1,,,26,23,24,22,512604,452620,0,0,0.000000000000,0.000000000000
330113,False,False,excluded,excluded,non_list1,non_list1,insufficient_positive_pre_months|direct_policy_scope_overlap,insufficient_positive_pre_months|direct_policy_scope_overlap,22,21,24,22,4748880,4690840,0,0,0.000000000000,0.000000000000
330119,False,False,excluded,excluded,non_list1,non_list1,insufficient_positive_pre_months,insufficient_positive_pre_months,22,19,24,22,646060,516457,0,0,0.000000000000,0.000000000000
330124,False,False,control_candidate,control_candidate,non_list1,non_list1,,,26,24,24,22,621499,554368,0,0,0.000000000000,0.000000000000
330125,False,False,control_candidate,control_candidate,non_list1,non_list1,,,29,26,24,22,15671790,13858939,0,0,0.000000000000,0.000000000000
330129,False,False,control_candidate,control_candidate,non_list1,non_list1,,,29,26,24,22,179129049,156354220,0,0,0.000000000000,0.000000000000
330130,False,False,excluded,excluded,non_list1,non_list1,insufficient_positive_pre_months,insufficient_positive_pre_months,8,7,24,22,54603,51853,0,0,0.000000000000,0.000000000000
330190,False,False,control_candidate,control_candidate,non_list1,non_list1,,,29,26,24,22,10441175,8793368,0,0,0.000000000000,0.000000000000
330210,False,False,control_candidate,control_candidate,non_list1,non_list1,,,29,26,24,22,22225427,18138863,0,0,0.000000000000,0.000000000000
330290,False,False,excluded,excluded,non_list1,non_list1,direct_policy_scope_overlap,direct_policy_scope_overlap,29,26,24,22,157176503,132923602,0,0,0.000000000000,0.000000000000
330300,False,False,excluded,excluded,non_list1,non_list1,direct_policy_scope_overlap,direct_policy_scope_overlap,29,26,24,22,123197408,115905366,0,0,0.000000000000,0.000000000000
330410,False,False,excluded,excluded,non_list1,non_list1,direct_policy_scope_overlap,direct_policy_scope_overlap,29,26,24,22,592317840,557265124,0,0,0.000000000000,0.000000000000
330420,False,False,excluded,excluded,non_list1,non_list1,direct_policy_scope_overlap,direct_policy_scope_overlap,29,26,24,22,633658281,575460805,0,0,0.000000000000,0.000000000000
330430,False,False,excluded,excluded,non_list1,non_list1,direct_policy_scope_overlap,direct_policy_scope_overlap,29,26,24,22,157582596,145410918,0,0,0.000000000000,0.000000000000
330491,False,False,excluded,excluded,non_list1,non_list1,direct_policy_scope_overlap,direct_policy_scope_overlap,29,26,24,22,379711052,349459778,0,0,0.000000000000,0.000000000000
330499,False,False,excluded,excluded,non_list1,non_list1,direct_policy_scope_overlap,direct_policy_scope_overlap,29,26,24,22,586184572,534512456,0,0,0.000000000000,0.000000000000
330510,False,False,excluded,excluded,non_list1,non_list1,direct_policy_scope_overlap,direct_policy_scope_overlap,29,26,24,22,55860357,50596324,0,0,0.000000000000,0.000000000000
330520,False,False,excluded,excluded,non_list1,non_list1,insufficient_positive_pre_months|direct_policy_scope_overlap,insufficient_positive_pre_months|direct_policy_scope_overlap,13,12,24,22,340471,328546,0,0,0.000000000000,0.000000000000
330530,False,False,excluded,excluded,non_list1,non_list1,direct_policy_scope_overlap,direct_policy_scope_overlap,29,26,24,22,12006945,11284627,0,0,0.000000000000,0.000000000000
330590,False,False,excluded,excluded,non_list1,non_list1,direct_policy_scope_overlap,direct_policy_scope_overlap,29,26,24,22,78052324,70183150,0,0,0.000000000000,0.000000000000
330610,False,False,control_candidate,control_candidate,non_list1,non_list1,,,29,26,24,22,7953993,6819502,0,0,0.000000000000,0.000000000000
330620,False,False,control_candidate,control_candidate,non_list1,non_list1,,,29,26,24,22,146761865,129808768,0,0,0.000000000000,0.000000000000
330690,False,False,excluded,excluded,non_list1,non_list1,direct_policy_scope_overlap,direct_policy_scope_overlap,29,26,24,22,10041992,8969868,0,0,0.000000000000,0.000000000000
330710,False,False,excluded,excluded,non_list1,non_list1,direct_policy_scope_overlap,direct_policy_scope_overlap,29,26,24,22,19299541,17459658,0,0,0.000000000000,0.000000000000
330720,False,False,excluded,excluded,non_list1,non_list1,direct_policy_scope_overlap,direct_policy_scope_overlap,29,26,24,22,10668748,9997785,0,0,0.000000000000,0.000000000000
330730,False,False,excluded,excluded,non_list1,non_list1,direct_policy_scope_overlap,direct_policy_scope_overlap,29,26,24,22,93719377,73278013,0,0,0.000000000000,0.000000000000
330741,False,False,excluded,excluded,non_list1,non_list1,direct_policy_scope_overlap,direct_policy_scope_overlap,29,26,24,22,10806458,9946115,0,0,0.000000000000,0.000000000000
330749,False,False,excluded,excluded,non_list1,non_list1,direct_policy_scope_overlap,direct_policy_scope_overlap,29,26,24,22,216263720,194624907,0,0,0.000000000000,0.000000000000
330790,False,False,excluded,excluded,non_list1,non_list1,direct_policy_scope_overlap,direct_policy_scope_overlap,29,26,24,22,99513796,89933071,0,0,0.000000000000,0.000000000000
340111,False,False,excluded,excluded,non_list1,non_list1,direct_policy_scope_overlap,direct_policy_scope_overlap,29,26,24,22,101995764,91837427,0,0,0.000000000000,0.000000000000
340119,False,False,control_candidate,control_candidate,non_list1,non_list1,,,29,26,24,22,152161461,136281205,0,0,0.000000000000,0.000000000000
340120,False,False,excluded,excluded,non_list1,non_list1,direct_policy_scope_overlap,direct_policy_scope_overlap,29,26,24,22,33583821,30938140,0,0,0.000000000000,0.000000000000
340130,False,False,excluded,excluded,non_list1,non_list1,direct_policy_scope_overlap,direct_policy_scope_overlap,29,26,24,22,127738384,119994407,0,0,0.000000000000,0.000000000000
340211,False,False,excluded,excluded,non_list1,non_list1,direct_policy_scope_overlap,direct_policy_scope_overlap,29,26,24,22,18789084,16138658,0,0,0.000000000000,0.000000000000
340212,False,False,excluded,excluded,non_list1,non_list1,direct_policy_scope_overlap,direct_policy_scope_overlap,29,26,24,22,16591906,14943365,0,0,0.000000000000,0.000000000000
340213,False,False,excluded,excluded,non_list1,non_list1,direct_policy_scope_overlap,direct_policy_scope_overlap,29,26,24,22,24785384,20297997,0,0,0.000000000000,0.000000000000
340219,False,False,excluded,excluded,non_list1,non_list1,direct_policy_scope_overlap,direct_policy_scope_overlap,29,26,24,22,2759411,2477183,0,0,0.000000000000,0.000000000000
340220,False,False,excluded,excluded,non_list1,non_list1,direct_policy_scope_overlap,direct_policy_scope_overlap,29,26,24,22,128683210,115277629,0,0,0.000000000000,0.000000000000
340290,False,False,excluded,excluded,non_list1,non_list1,direct_policy_scope_overlap,direct_policy_scope_overlap,29,26,24,22,29742640,25008606,0,0,0.000000000000,0.000000000000
340311,False,False,excluded,excluded,non_list1,non_list1,insufficient_positive_pre_months|direct_policy_scope_overlap,insufficient_positive_pre_months|direct_policy_scope_overlap,7,7,24,22,178971,178971,0,0,0.000000000000,0.000000000000
340319,False,False,excluded,excluded,non_list1,non_list1,direct_policy_scope_overlap,direct_policy_scope_overlap,29,26,24,22,2145467,1946935,0,0,0.000000000000,0.000000000000
340391,False,False,excluded,excluded,non_list1,non_list1,direct_policy_scope_overlap,direct_policy_scope_overlap,25,22,24,22,1428746,1252608,0,0,0.000000000000,0.000000000000
340399,False,False,excluded,excluded,non_list1,non_list1,direct_policy_scope_overlap,direct_policy_scope_overlap,29,26,24,22,8783654,6780822,0,0,0.000000000000,0.000000000000
340420,False,False,excluded,excluded,non_list1,non_list1,direct_policy_scope_overlap,direct_policy_scope_overlap,28,25,24,22,1493799,1157199,0,0,0.000000000000,0.000000000000
340490,False,False,excluded,excluded,non_list1,non_list1,direct_policy_scope_overlap,direct_policy_scope_overlap,29,26,24,22,24604103,22019715,0,0,0.000000000000,0.000000000000
340510,False,False,excluded,excluded,non_list1,non_list1,direct_policy_scope_overlap,direct_policy_scope_overlap,29,26,24,22,9394057,8832406,0,0,0.000000000000,0.000000000000
340520,False,False,excluded,excluded,non_list1,non_list1,direct_policy_scope_overlap,direct_policy_scope_overlap,29,26,24,22,5827399,5384711,0,0,0.000000000000,0.000000000000
340530,False,False,excluded,excluded,non_list1,non_list1,insufficient_positive_pre_months|direct_policy_scope_overlap,insufficient_positive_pre_months|direct_policy_scope_overlap,20,17,24,22,550859,442026,0,0,0.000000000000,0.000000000000
340540,False,False,excluded,excluded,non_list1,non_list1,insufficient_positive_pre_months|direct_policy_scope_overlap,insufficient_positive_pre_months|direct_policy_scope_overlap,23,20,24,22,333775,294079,0,0,0.000000000000,0.000000000000
340590,False,False,excluded,excluded,non_list1,non_list1,direct_policy_scope_overlap,direct_policy_scope_overlap,29,26,24,22,3446012,2944628,0,0,0.000000000000,0.000000000000
340600,False,False,control_candidate,control_candidate,non_list1,non_list1,,,29,26,24,22,87386333,78379043,0,0,0.000000000000,0.000000000000
340700,False,False,control_candidate,control_candidate,non_list1,non_list1,,,29,26,24,22,326159809,306501394,0,0,0.000000000000,0.000000000000
350110,False,False,excluded,excluded,non_list1,non_list1,insufficient_positive_pre_months,insufficient_positive_pre_months,5,4,24,22,517000,419000,0,0,0.000000000000,0.000000000000
350190,False,False,excluded,excluded,non_list1,non_list1,insufficient_positive_pre_months,insufficient_positive_pre_months,0,0,24,22,0,0,0,0,0.000000000000,0.000000000000
350211,False,False,excluded,excluded,non_list1,non_list1,insufficient_positive_pre_months|direct_policy_scope_overlap,insufficient_positive_pre_months|direct_policy_scope_overlap,2,1,24,22,102477,97632,0,0,0.000000000000,0.000000000000
350219,False,False,excluded,excluded,non_list1,non_list1,insufficient_positive_pre_months,insufficient_positive_pre_months,0,0,24,22,0,0,0,0,0.000000000000,0.000000000000
350220,False,False,excluded,excluded,non_list1,non_list1,insufficient_positive_pre_months,insufficient_positive_pre_months,0,0,24,22,0,0,0,0,0.000000000000,0.000000000000
350290,False,False,excluded,excluded,non_list1,non_list1,direct_policy_scope_overlap,direct_policy_scope_overlap,29,26,24,22,666676,612018,0,0,0.000000000000,0.000000000000
350300,False,False,control_candidate,control_candidate,non_list1,non_list1,,,29,26,24,22,39302595,34387232,0,0,0.000000000000,0.000000000000
350400,False,False,control_candidate,control_candidate,non_list1,non_list1,,,29,26,24,22,142707422,122042981,0,0,0.000000000000,0.000000000000
350510,False,False,control_candidate,control_candidate,non_list1,non_list1,,,29,26,24,22,50785528,46001890,0,0,0.000000000000,0.000000000000
350520,False,False,excluded,excluded,non_list1,non_list1,insufficient_positive_pre_months,insufficient_positive_pre_months,22,20,24,22,303035,248321,0,0,0.000000000000,0.000000000000
350610,False,False,excluded,excluded,non_list1,non_list1,direct_policy_scope_overlap,direct_policy_scope_overlap,29,26,24,22,192946626,174346567,0,0,0.000000000000,0.000000000000
350691,False,False,excluded,excluded,non_list1,non_list1,direct_policy_scope_overlap,direct_policy_scope_overlap,29,26,24,22,22034225,19643990,0,0,0.000000000000,0.000000000000
350699,False,False,excluded,excluded,non_list1,non_list1,direct_policy_scope_overlap,direct_policy_scope_overlap,29,26,24,22,19835387,18420362,0,0,0.000000000000,0.000000000000
350710,False,False,excluded,excluded,non_list1,non_list1,insufficient_positive_pre_months|direct_policy_scope_overlap,insufficient_positive_pre_months|direct_policy_scope_overlap,1,1,24,22,5000,5000,0,0,0.000000000000,0.000000000000
350790,False,False,excluded,excluded,non_list1,non_list1,direct_policy_scope_overlap,direct_policy_scope_overlap,29,26,24,22,318284439,282544276,0,0,0.000000000000,0.000000000000
360100,False,False,excluded,excluded,non_list1,non_list1,insufficient_positive_pre_months,insufficient_positive_pre_months,8,7,24,22,2308525,2059628,0,0,0.000000000000,0.000000000000
360200,False,False,control_candidate,control_candidate,non_list1,non_list1,,,29,26,24,22,33201072,29562637,0,0,0.000000000000,0.000000000000
360300,False,False,control_candidate,control_candidate,non_list1,non_list1,,,28,25,24,22,2096193,1873226,0,0,0.000000000000,0.000000000000
360410,False,False,control_candidate,control_candidate,non_list1,non_list1,,,29,26,24,22,732633959,620218767,0,0,0.000000000000,0.000000000000
360490,False,False,control_candidate,control_candidate,non_list1,non_list1,,,29,26,24,22,23000592,21184367,0,0,0.000000000000,0.000000000000
360500,False,False,control_candidate,control_candidate,non_list1,non_list1,,,29,26,24,22,4095538,3180771,0,0,0.000000000000,0.000000000000
360610,False,False,excluded,excluded,non_list1,non_list1,direct_policy_scope_overlap,direct_policy_scope_overlap,29,26,24,22,7879195,6898615,0,0,0.000000000000,0.000000000000
360690,False,False,control_candidate,control_candidate,non_list1,non_list1,,,29,26,24,22,6039625,5729047,0,0,0.000000000000,0.000000000000
370110,False,False,excluded,excluded,non_list1,non_list1,insufficient_positive_pre_months|direct_policy_scope_overlap,insufficient_positive_pre_months|direct_policy_scope_overlap,3,2,24,22,105127,65296,0,0,0.000000000000,0.000000000000
370120,False,False,excluded,excluded,non_list1,non_list1,insufficient_positive_pre_months|direct_policy_scope_overlap,insufficient_positive_pre_months|direct_policy_scope_overlap,23,21,24,22,1083210,1032013,0,0,0.000000000000,0.000000000000
370130,False,False,excluded,excluded,non_list1,non_list1,direct_policy_scope_overlap,direct_policy_scope_overlap,29,26,24,22,3432683,2895809,0,0,0.000000000000,0.000000000000
370191,False,False,excluded,excluded,non_list1,non_list1,insufficient_positive_pre_months|direct_policy_scope_overlap,insufficient_positive_pre_months|direct_policy_scope_overlap,5,5,24,22,217627,217627,0,0,0.000000000000,0.000000000000
370199,False,False,excluded,excluded,non_list1,non_list1,direct_policy_scope_overlap,direct_policy_scope_overlap,28,25,24,22,4227932,4163471,0,0,0.000000000000,0.000000000000
370210,False,False,excluded,excluded,non_list1,non_list1,insufficient_positive_pre_months|direct_policy_scope_overlap,insufficient_positive_pre_months|direct_policy_scope_overlap,0,0,24,22,0,0,0,0,0.000000000000,0.000000000000
370231,False,False,excluded,excluded,non_list1,non_list1,insufficient_positive_pre_months|direct_policy_scope_overlap,insufficient_positive_pre_months|direct_policy_scope_overlap,6,6,24,22,63960,63960,0,0,0.000000000000,0.000000000000
370232,False,False,excluded,excluded,non_list1,non_list1,insufficient_positive_pre_months|direct_policy_scope_overlap,insufficient_positive_pre_months|direct_policy_scope_overlap,1,0,24,22,9250,0,0,0,0.000000000000,0.000000000000
370239,False,False,excluded,excluded,non_list1,non_list1,direct_policy_scope_overlap,direct_policy_scope_overlap,27,24,24,22,469458,398377,0,0,0.000000000000,0.000000000000
370241,False,False,excluded,excluded,non_list1,non_list1,insufficient_positive_pre_months|direct_policy_scope_overlap,insufficient_positive_pre_months|direct_policy_scope_overlap,1,1,24,22,63233,63233,0,0,0.000000000000,0.000000000000
370242,False,False,excluded,excluded,non_list1,non_list1,direct_policy_scope_overlap,direct_policy_scope_overlap,29,26,24,22,8330915,7086281,0,0,0.000000000000,0.000000000000
370243,False,False,excluded,excluded,non_list1,non_list1,insufficient_positive_pre_months|direct_policy_scope_overlap,insufficient_positive_pre_months|direct_policy_scope_overlap,0,0,24,22,0,0,0,0,0.000000000000,0.000000000000
370244,False,False,excluded,excluded,non_list1,non_list1,direct_policy_scope_overlap,direct_policy_scope_overlap,29,26,24,22,10395664,9546919,0,0,0.000000000000,0.000000000000
370252,False,False,excluded,excluded,non_list1,non_list1,insufficient_positive_pre_months|direct_policy_scope_overlap,insufficient_positive_pre_months|direct_policy_scope_overlap,0,0,24,22,0,0,0,0,0.000000000000,0.000000000000
370253,False,False,excluded,excluded,non_list1,non_list1,insufficient_positive_pre_months|direct_policy_scope_overlap,insufficient_positive_pre_months|direct_policy_scope_overlap,1,1,24,22,2509,2509,0,0,0.000000000000,0.000000000000
370254,False,False,excluded,excluded,non_list1,non_list1,insufficient_positive_pre_months|direct_policy_scope_overlap,insufficient_positive_pre_months|direct_policy_scope_overlap,8,6,24,22,33585,28254,0,0,0.000000000000,0.000000000000
370255,False,False,excluded,excluded,non_list1,non_list1,insufficient_positive_pre_months|direct_policy_scope_overlap,insufficient_positive_pre_months|direct_policy_scope_overlap,0,0,24,22,0,0,0,0,0.000000000000,0.000000000000
370256,False,False,excluded,excluded,non_list1,non_list1,insufficient_positive_pre_months|direct_policy_scope_overlap,insufficient_positive_pre_months|direct_policy_scope_overlap,13,12,24,22,117133,114879,0,0,0.000000000000,0.000000000000
370296,False,False,excluded,excluded,non_list1,non_list1,insufficient_positive_pre_months|direct_policy_scope_overlap,insufficient_positive_pre_months|direct_policy_scope_overlap,2,2,24,22,24189,24189,0,0,0.000000000000,0.000000000000
370297,False,False,excluded,excluded,non_list1,non_list1,insufficient_positive_pre_months|direct_policy_scope_overlap,insufficient_positive_pre_months|direct_policy_scope_overlap,1,1,24,22,22550,22550,0,0,0.000000000000,0.000000000000
370298,False,False,excluded,excluded,non_list1,non_list1,insufficient_positive_pre_months|direct_policy_scope_overlap,insufficient_positive_pre_months|direct_policy_scope_overlap,18,16,24,22,1042567,944728,0,0,0.000000000000,0.000000000000
370310,False,False,excluded,excluded,non_list1,non_list1,insufficient_positive_pre_months|direct_policy_scope_overlap,insufficient_positive_pre_months|direct_policy_scope_overlap,15,15,24,22,385132,385132,0,0,0.000000000000,0.000000000000
370320,False,False,excluded,excluded,non_list1,non_list1,insufficient_positive_pre_months|direct_policy_scope_overlap,insufficient_positive_pre_months|direct_policy_scope_overlap,1,0,24,22,19780,0,0,0,0.000000000000,0.000000000000
370390,False,False,excluded,excluded,non_list1,non_list1,insufficient_positive_pre_months|direct_policy_scope_overlap,insufficient_positive_pre_months|direct_policy_scope_overlap,7,6,24,22,54310,42492,0,0,0.000000000000,0.000000000000
370400,False,False,excluded,excluded,non_list1,non_list1,direct_policy_scope_overlap,direct_policy_scope_overlap,29,26,24,22,17820521,16533459,0,0,0.000000000000,0.000000000000
370500,False,False,excluded,excluded,non_list1,non_list1,insufficient_positive_pre_months|direct_policy_scope_overlap,insufficient_positive_pre_months|direct_policy_scope_overlap,5,5,24,22,192705,192705,0,0,0.000000000000,0.000000000000
370610,False,False,excluded,excluded,non_list1,non_list1,insufficient_positive_pre_months|direct_policy_scope_overlap,insufficient_positive_pre_months|direct_policy_scope_overlap,2,2,24,22,16175,16175,0,0,0.000000000000,0.000000000000
370690,False,False,excluded,excluded,non_list1,non_list1,insufficient_positive_pre_months|direct_policy_scope_overlap,insufficient_positive_pre_months|direct_policy_scope_overlap,0,0,24,22,0,0,0,0,0.000000000000,0.000000000000
370710,False,False,excluded,excluded,non_list1,non_list1,insufficient_positive_pre_months|direct_policy_scope_overlap,insufficient_positive_pre_months|direct_policy_scope_overlap,23,21,24,22,1324371,1258875,0,0,0.000000000000,0.000000000000
370790,False,False,excluded,excluded,non_list1,non_list1,direct_policy_scope_overlap,direct_policy_scope_overlap,29,26,24,22,32162515,29388085,0,0,0.000000000000,0.000000000000
380110,False,False,excluded,excluded,non_list1,non_list1,direct_policy_scope_overlap,direct_policy_scope_overlap,29,26,24,22,112475273,91474188,0,0,0.000000000000,0.000000000000
380120,False,False,excluded,excluded,non_list1,non_list1,insufficient_positive_pre_months|direct_policy_scope_overlap,insufficient_positive_pre_months|direct_policy_scope_overlap,20,17,24,22,810381,696512,0,0,0.000000000000,0.000000000000
380130,False,False,excluded,excluded,non_list1,non_list1,insufficient_positive_pre_months|direct_policy_scope_overlap,insufficient_positive_pre_months|direct_policy_scope_overlap,17,15,24,22,2018488,1815791,0,0,0.000000000000,0.000000000000
380190,False,False,excluded,excluded,non_list1,non_list1,direct_policy_scope_overlap,direct_policy_scope_overlap,29,26,24,22,3842469,3313515,0,0,0.000000000000,0.000000000000
380210,False,False,excluded,excluded,non_list1,non_list1,direct_policy_scope_overlap,direct_policy_scope_overlap,29,26,24,22,48327598,41355636,0,0,0.000000000000,0.000000000000
380290,False,False,excluded,excluded,non_list1,non_list1,direct_policy_scope_overlap,direct_policy_scope_overlap,27,25,24,22,1023396,978596,0,0,0.000000000000,0.000000000000
380300,False,False,excluded,excluded,non_list1,non_list1,insufficient_positive_pre_months|direct_policy_scope_overlap,insufficient_positive_pre_months|direct_policy_scope_overlap,1,1,24,22,4655,4655,0,0,0.000000000000,0.000000000000
380400,False,False,excluded,excluded,non_list1,non_list1,insufficient_positive_pre_months|direct_policy_scope_overlap,insufficient_positive_pre_months|direct_policy_scope_overlap,20,17,24,22,597180,518160,0,0,0.000000000000,0.000000000000
380510,False,False,excluded,excluded,non_list1,non_list1,insufficient_positive_pre_months|direct_policy_scope_overlap,insufficient_positive_pre_months|direct_policy_scope_overlap,1,1,24,22,18890,18890,0,0,0.000000000000,0.000000000000
380590,False,False,excluded,excluded,non_list1,non_list1,insufficient_positive_pre_months|direct_policy_scope_overlap,insufficient_positive_pre_months|direct_policy_scope_overlap,6,6,24,22,177555,177555,0,0,0.000000000000,0.000000000000
380610,False,False,excluded,excluded,non_list1,non_list1,direct_policy_scope_overlap,direct_policy_scope_overlap,29,26,24,22,24728251,22474414,0,0,0.000000000000,0.000000000000
380620,False,False,excluded,excluded,non_list1,non_list1,insufficient_positive_pre_months|direct_policy_scope_overlap,insufficient_positive_pre_months|direct_policy_scope_overlap,6,6,24,22,134643,134643,0,0,0.000000000000,0.000000000000
380630,False,False,excluded,excluded,non_list1,non_list1,direct_policy_scope_overlap,direct_policy_scope_overlap,29,26,24,22,9003197,7962788,0,0,0.000000000000,0.000000000000
380690,False,False,excluded,excluded,non_list1,non_list1,direct_policy_scope_overlap,direct_policy_scope_overlap,29,26,24,22,13809511,11405499,0,0,0.000000000000,0.000000000000
380700,False,False,excluded,excluded,non_list1,non_list1,insufficient_positive_pre_months|direct_policy_scope_overlap,insufficient_positive_pre_months|direct_policy_scope_overlap,4,3,24,22,26162,22962,0,0,0.000000000000,0.000000000000
380852,False,False,excluded,excluded,non_list1,non_list1,insufficient_positive_pre_months,insufficient_positive_pre_months,0,0,24,22,0,0,0,0,0.000000000000,0.000000000000
380859,False,False,excluded,excluded,non_list1,non_list1,insufficient_positive_pre_months|direct_policy_scope_overlap,insufficient_positive_pre_months|direct_policy_scope_overlap,17,14,24,22,11803164,9017649,0,0,0.000000000000,0.000000000000
380861,False,False,excluded,excluded,non_list1,non_list1,insufficient_positive_pre_months|direct_policy_scope_overlap,insufficient_positive_pre_months|direct_policy_scope_overlap,1,1,24,22,2587,2587,0,0,0.000000000000,0.000000000000
380862,False,False,excluded,excluded,non_list1,non_list1,insufficient_positive_pre_months|direct_policy_scope_overlap,insufficient_positive_pre_months|direct_policy_scope_overlap,2,0,24,22,514000,0,0,0,0.000000000000,0.000000000000
380869,False,False,excluded,excluded,non_list1,non_list1,insufficient_positive_pre_months|direct_policy_scope_overlap,insufficient_positive_pre_months|direct_policy_scope_overlap,2,1,24,22,18683,14415,0,0,0.000000000000,0.000000000000
380891,False,False,excluded,excluded,non_list1,non_list1,direct_policy_scope_overlap,direct_policy_scope_overlap,29,26,24,22,209944054,162134248,0,0,0.000000000000,0.000000000000
380892,False,False,excluded,excluded,non_list1,non_list1,direct_policy_scope_overlap,direct_policy_scope_overlap,29,26,24,22,27701379,23974449,0,0,0.000000000000,0.000000000000
380893,False,False,excluded,excluded,non_list1,non_list1,direct_policy_scope_overlap,direct_policy_scope_overlap,29,26,24,22,347185289,277927221,0,0,0.000000000000,0.000000000000
380894,False,False,excluded,excluded,non_list1,non_list1,direct_policy_scope_overlap,direct_policy_scope_overlap,29,26,24,22,9949714,9227586,0,0,0.000000000000,0.000000000000
380899,False,False,excluded,excluded,non_list1,non_list1,direct_policy_scope_overlap,direct_policy_scope_overlap,29,26,24,22,45402118,40702177,0,0,0.000000000000,0.000000000000
380910,False,False,excluded,excluded,non_list1,non_list1,insufficient_positive_pre_months,insufficient_positive_pre_months,1,1,24,22,4650,4650,0,0,0.000000000000,0.000000000000
380991,False,False,excluded,excluded,non_list1,non_list1,direct_policy_scope_overlap,direct_policy_scope_overlap,29,26,24,22,7632427,6957066,0,0,0.000000000000,0.000000000000
380992,False,False,excluded,excluded,non_list1,non_list1,direct_policy_scope_overlap,direct_policy_scope_overlap,28,25,24,22,2663536,2419360,0,0,0.000000000000,0.000000000000
380993,False,False,excluded,excluded,non_list1,non_list1,insufficient_positive_pre_months|direct_policy_scope_overlap,insufficient_positive_pre_months|direct_policy_scope_overlap,22,20,24,22,1777632,1655349,0,0,0.000000000000,0.000000000000
381010,False,False,excluded,excluded,non_list1,non_list1,direct_policy_scope_overlap,direct_policy_scope_overlap,28,25,24,22,804971,738903,0,0,0.000000000000,0.000000000000
381090,False,False,excluded,excluded,non_list1,non_list1,direct_policy_scope_overlap,direct_policy_scope_overlap,29,26,24,22,8493497,6878944,0,0,0.000000000000,0.000000000000
381111,False,False,excluded,excluded,non_list1,non_list1,insufficient_positive_pre_months|direct_policy_scope_overlap,insufficient_positive_pre_months|direct_policy_scope_overlap,0,0,24,22,0,0,0,0,0.000000000000,0.000000000000
381119,False,False,excluded,excluded,non_list1,non_list1,insufficient_positive_pre_months|direct_policy_scope_overlap,insufficient_positive_pre_months|direct_policy_scope_overlap,2,2,24,22,11484,11484,0,0,0.000000000000,0.000000000000
381121,False,False,excluded,excluded,non_list1,non_list1,direct_policy_scope_overlap,direct_policy_scope_overlap,28,25,24,22,6389733,5764573,0,0,0.000000000000,0.000000000000
381129,False,False,excluded,excluded,non_list1,non_list1,insufficient_positive_pre_months|direct_policy_scope_overlap,insufficient_positive_pre_months|direct_policy_scope_overlap,23,20,24,22,5894249,5611651,0,0,0.000000000000,0.000000000000
381190,False,False,excluded,excluded,non_list1,non_list1,direct_policy_scope_overlap,direct_policy_scope_overlap,27,24,24,22,5123611,4138115,0,0,0.000000000000,0.000000000000
381210,False,False,excluded,excluded,non_list1,non_list1,direct_policy_scope_overlap,direct_policy_scope_overlap,29,26,24,22,17896476,14535128,0,0,0.000000000000,0.000000000000
381220,False,False,excluded,excluded,non_list1,non_list1,direct_policy_scope_overlap,direct_policy_scope_overlap,28,25,24,22,3383744,2728828,0,0,0.000000000000,0.000000000000
381231,False,False,excluded,excluded,non_list1,non_list1,insufficient_positive_pre_months|direct_policy_scope_overlap,insufficient_positive_pre_months|direct_policy_scope_overlap,17,14,24,22,8375255,4288350,0,0,0.000000000000,0.000000000000
381239,False,False,excluded,excluded,non_list1,non_list1,insufficient_positive_pre_months|direct_policy_scope_overlap,insufficient_positive_pre_months|direct_policy_scope_overlap,17,14,24,22,34158180,25713481,0,0,0.000000000000,0.000000000000
381300,False,False,excluded,excluded,non_list1,non_list1,insufficient_positive_pre_months|direct_policy_scope_overlap,insufficient_positive_pre_months|direct_policy_scope_overlap,10,7,24,22,582903,411303,0,0,0.000000000000,0.000000000000
381400,False,False,excluded,excluded,non_list1,non_list1,direct_policy_scope_overlap,direct_policy_scope_overlap,28,25,24,22,2782762,2511549,0,0,0.000000000000,0.000000000000
381511,False,False,excluded,excluded,non_list1,non_list1,insufficient_positive_pre_months|direct_policy_scope_overlap,insufficient_positive_pre_months|direct_policy_scope_overlap,5,4,24,22,393473,234992,0,0,0.000000000000,0.000000000000
381512,False,False,excluded,excluded,non_list1,non_list1,direct_policy_scope_overlap,direct_policy_scope_overlap,25,22,24,22,73797317,52994518,0,0,0.000000000000,0.000000000000
381519,False,False,excluded,excluded,non_list1,non_list1,direct_policy_scope_overlap,direct_policy_scope_overlap,29,26,24,22,162759229,141790753,0,0,0.000000000000,0.000000000000
381590,False,False,excluded,excluded,non_list1,non_list1,direct_policy_scope_overlap,direct_policy_scope_overlap,29,26,24,22,37689827,30346614,0,0,0.000000000000,0.000000000000
381600,False,False,excluded,excluded,non_list1,non_list1,direct_policy_scope_overlap,direct_policy_scope_overlap,28,25,24,22,3432774,3137511,0,0,0.000000000000,0.000000000000
381700,False,False,excluded,excluded,non_list1,non_list1,direct_policy_scope_overlap,insufficient_positive_pre_months|direct_policy_scope_overlap,24,21,24,22,962040,843640,0,0,0.000000000000,0.000000000000
381800,False,False,excluded,excluded,non_list1,non_list1,direct_policy_scope_overlap,direct_policy_scope_overlap,29,26,24,22,300489860,263482790,0,0,0.000000000000,0.000000000000
381900,False,False,excluded,excluded,non_list1,non_list1,insufficient_positive_pre_months|direct_policy_scope_overlap,insufficient_positive_pre_months|direct_policy_scope_overlap,4,4,24,22,36892,36892,0,0,0.000000000000,0.000000000000
382000,False,False,control_candidate,control_candidate,non_list1,non_list1,,,27,24,24,22,603345,537067,0,0,0.000000000000,0.000000000000
382100,False,False,excluded,excluded,non_list1,non_list1,insufficient_positive_pre_months,insufficient_positive_pre_months,19,17,24,22,469659,318243,0,0,0.000000000000,0.000000000000
382200,False,False,control_candidate,control_candidate,non_list1,non_list1,,,29,26,24,22,384877688,337368479,0,0,0.000000000000,0.000000000000
382311,False,False,excluded,excluded,non_list1,non_list1,insufficient_positive_pre_months,insufficient_positive_pre_months,12,11,24,22,93911,89911,0,0,0.000000000000,0.000000000000
382312,False,False,excluded,excluded,non_list1,non_list1,insufficient_positive_pre_months,insufficient_positive_pre_months,10,9,24,22,397024,362672,0,0,0.000000000000,0.000000000000
382313,False,False,excluded,excluded,non_list1,non_list1,insufficient_positive_pre_months,insufficient_positive_pre_months,20,18,24,22,2426236,2292772,0,0,0.000000000000,0.000000000000
382319,False,False,control_candidate,control_candidate,non_list1,non_list1,,,29,26,24,22,30638508,29018906,0,0,0.000000000000,0.000000000000
382370,False,False,control_candidate,control_candidate,non_list1,non_list1,,,28,25,24,22,2025579,1724771,0,0,0.000000000000,0.000000000000
382410,False,False,excluded,excluded,non_list1,non_list1,direct_policy_scope_overlap,direct_policy_scope_overlap,27,25,24,22,541770,519211,0,0,0.000000000000,0.000000000000
382430,False,False,excluded,excluded,non_list1,non_list1,direct_policy_scope_overlap,direct_policy_scope_overlap,29,26,24,22,68426644,57365577,0,0,0.000000000000,0.000000000000
382440,False,False,excluded,excluded,non_list1,non_list1,direct_policy_scope_overlap,direct_policy_scope_overlap,29,26,24,22,8245343,7422047,0,0,0.000000000000,0.000000000000
382450,False,False,excluded,excluded,non_list1,non_list1,insufficient_positive_pre_months|direct_policy_scope_overlap,insufficient_positive_pre_months|direct_policy_scope_overlap,13,10,24,22,1886407,349651,0,0,0.000000000000,0.000000000000
382460,False,False,excluded,excluded,non_list1,non_list1,insufficient_positive_pre_months,insufficient_positive_pre_months,9,9,24,22,292625,292625,0,0,0.000000000000,0.000000000000
382471,False,False,excluded,excluded,non_list1,non_list1,insufficient_positive_pre_months|direct_policy_scope_overlap,insufficient_positive_pre_months|direct_policy_scope_overlap,1,1,24,22,63738,63738,0,0,0.000000000000,0.000000000000
382473,False,False,excluded,excluded,non_list1,non_list1,insufficient_positive_pre_months|direct_policy_scope_overlap,insufficient_positive_pre_months|direct_policy_scope_overlap,0,0,24,22,0,0,0,0,0.000000000000,0.000000000000
382474,False,False,excluded,excluded,non_list1,non_list1,insufficient_positive_pre_months|direct_policy_scope_overlap,insufficient_positive_pre_months|direct_policy_scope_overlap,0,0,24,22,0,0,0,0,0.000000000000,0.000000000000
382475,False,False,excluded,excluded,non_list1,non_list1,insufficient_positive_pre_months|direct_policy_scope_overlap,insufficient_positive_pre_months|direct_policy_scope_overlap,0,0,24,22,0,0,0,0,0.000000000000,0.000000000000
382478,False,False,excluded,excluded,non_list1,non_list1,direct_policy_scope_overlap,direct_policy_scope_overlap,29,26,24,22,77987971,68393787,0,0,0.000000000000,0.000000000000
382479,False,False,excluded,excluded,non_list1,non_list1,direct_policy_scope_overlap,direct_policy_scope_overlap,28,25,24,22,7139487,5790689,0,0,0.000000000000,0.000000000000
382481,False,False,excluded,excluded,non_list1,non_list1,insufficient_positive_pre_months|direct_policy_scope_overlap,insufficient_positive_pre_months|direct_policy_scope_overlap,8,7,24,22,120724,112954,0,0,0.000000000000,0.000000000000
382482,False,False,excluded,excluded,non_list1,non_list1,insufficient_positive_pre_months|direct_policy_scope_overlap,insufficient_positive_pre_months|direct_policy_scope_overlap,0,0,24,22,0,0,0,0,0.000000000000,0.000000000000
382483,False,False,excluded,excluded,non_list1,non_list1,insufficient_positive_pre_months|direct_policy_scope_overlap,insufficient_positive_pre_months|direct_policy_scope_overlap,0,0,24,22,0,0,0,0,0.000000000000,0.000000000000
382484,False,False,excluded,excluded,non_list1,non_list1,insufficient_positive_pre_months|direct_policy_scope_overlap,insufficient_positive_pre_months|direct_policy_scope_overlap,0,0,24,22,0,0,0,0,0.000000000000,0.000000000000
382485,False,False,excluded,excluded,non_list1,non_list1,insufficient_positive_pre_months|direct_policy_scope_overlap,insufficient_positive_pre_months|direct_policy_scope_overlap,0,0,24,22,0,0,0,0,0.000000000000,0.000000000000
382486,False,False,excluded,excluded,non_list1,non_list1,insufficient_positive_pre_months|direct_policy_scope_overlap,insufficient_positive_pre_months|direct_policy_scope_overlap,0,0,24,22,0,0,0,0,0.000000000000,0.000000000000
382487,False,False,excluded,excluded,non_list1,non_list1,insufficient_positive_pre_months|direct_policy_scope_overlap,insufficient_positive_pre_months|direct_policy_scope_overlap,8,6,24,22,156300,121580,0,0,0.000000000000,0.000000000000
382488,False,False,excluded,excluded,non_list1,non_list1,insufficient_positive_pre_months|direct_policy_scope_overlap,insufficient_positive_pre_months|direct_policy_scope_overlap,5,5,24,22,134490,134490,0,0,0.000000000000,0.000000000000
382491,False,False,excluded,excluded,non_list1,non_list1,insufficient_positive_pre_months|direct_policy_scope_overlap,insufficient_positive_pre_months|direct_policy_scope_overlap,17,14,24,22,4158816,3083110,0,0,0.000000000000,0.000000000000
382499,False,False,excluded,excluded,non_list1,non_list1,insufficient_positive_pre_months|direct_policy_scope_overlap,insufficient_positive_pre_months|direct_policy_scope_overlap,17,14,24,22,454810035,355369703,0,0,0.000000000000,0.000000000000
382510,False,False,excluded,excluded,non_list1,non_list1,insufficient_positive_pre_months,insufficient_positive_pre_months,2,2,24,22,9972,9972,0,0,0.000000000000,0.000000000000
382520,False,False,excluded,excluded,non_list1,non_list1,insufficient_positive_pre_months,insufficient_positive_pre_months,0,0,24,22,0,0,0,0,0.000000000000,0.000000000000
382530,False,False,excluded,excluded,non_list1,non_list1,insufficient_positive_pre_months,insufficient_positive_pre_months,2,2,24,22,34255,34255,0,0,0.000000000000,0.000000000000
382541,False,False,excluded,excluded,non_list1,non_list1,insufficient_positive_pre_months|direct_policy_scope_overlap,insufficient_positive_pre_months|direct_policy_scope_overlap,0,0,24,22,0,0,0,0,0.000000000000,0.000000000000
382549,False,False,excluded,excluded,non_list1,non_list1,insufficient_positive_pre_months|direct_policy_scope_overlap,insufficient_positive_pre_months|direct_policy_scope_overlap,3,3,24,22,22929,22929,0,0,0.000000000000,0.000000000000
382550,False,False,excluded,excluded,non_list1,non_list1,insufficient_positive_pre_months|direct_policy_scope_overlap,insufficient_positive_pre_months|direct_policy_scope_overlap,0,0,24,22,0,0,0,0,0.000000000000,0.000000000000
382561,False,False,excluded,excluded,non_list1,non_list1,insufficient_positive_pre_months|direct_policy_scope_overlap,insufficient_positive_pre_months|direct_policy_scope_overlap,15,12,24,22,269716,227821,0,0,0.000000000000,0.000000000000
382569,False,False,excluded,excluded,non_list1,non_list1,insufficient_positive_pre_months|direct_policy_scope_overlap,insufficient_positive_pre_months|direct_policy_scope_overlap,0,0,24,22,0,0,0,0,0.000000000000,0.000000000000
382590,False,False,excluded,excluded,non_list1,non_list1,direct_policy_scope_overlap,direct_policy_scope_overlap,28,25,24,22,18412353,15366363,0,0,0.000000000000,0.000000000000
382600,False,False,excluded,excluded,non_list1,non_list1,insufficient_positive_pre_months|direct_policy_scope_overlap,insufficient_positive_pre_months|direct_policy_scope_overlap,4,4,24,22,41562,41562,0,0,0.000000000000,0.000000000000
390110,False,False,excluded,excluded,non_list1,non_list1,direct_policy_scope_overlap,direct_policy_scope_overlap,29,26,24,22,2954300,2553928,0,0,0.000000000000,0.000000000000
390120,False,False,excluded,excluded,non_list1,non_list1,direct_policy_scope_overlap,direct_policy_scope_overlap,29,26,24,22,4396815,4183569,0,0,0.000000000000,0.000000000000
390130,False,False,excluded,excluded,non_list1,non_list1,direct_policy_scope_overlap,direct_policy_scope_overlap,28,25,24,22,4417344,4234311,0,0,0.000000000000,0.000000000000
390140,False,False,excluded,excluded,non_list1,non_list1,insufficient_positive_pre_months|direct_policy_scope_overlap,insufficient_positive_pre_months|direct_policy_scope_overlap,3,2,24,22,52111,41784,0,0,0.000000000000,0.000000000000
390190,False,False,excluded,excluded,non_list1,non_list1,direct_policy_scope_overlap,direct_policy_scope_overlap,29,26,24,22,93442513,82735439,0,0,0.000000000000,0.000000000000
390210,False,False,excluded,excluded,non_list1,non_list1,direct_policy_scope_overlap,direct_policy_scope_overlap,29,26,24,22,13797941,12255017,0,0,0.000000000000,0.000000000000
390220,False,False,excluded,excluded,non_list1,non_list1,direct_policy_scope_overlap,direct_policy_scope_overlap,29,26,24,22,7966352,7178529,0,0,0.000000000000,0.000000000000
390230,False,False,excluded,excluded,non_list1,non_list1,direct_policy_scope_overlap,insufficient_positive_pre_months|direct_policy_scope_overlap,24,21,24,22,1687164,1092828,0,0,0.000000000000,0.000000000000
390290,False,False,excluded,excluded,non_list1,non_list1,direct_policy_scope_overlap,direct_policy_scope_overlap,28,26,24,22,2283421,2041882,0,0,0.000000000000,0.000000000000
390311,False,False,excluded,excluded,non_list1,non_list1,direct_policy_scope_overlap,direct_policy_scope_overlap,27,24,24,22,26436351,19991173,0,0,0.000000000000,0.000000000000
390319,False,False,excluded,excluded,non_list1,non_list1,direct_policy_scope_overlap,direct_policy_scope_overlap,29,26,24,22,11022665,9813436,0,0,0.000000000000,0.000000000000
390320,False,False,excluded,excluded,non_list1,non_list1,direct_policy_scope_overlap,direct_policy_scope_overlap,27,24,24,22,5569941,5227834,0,0,0.000000000000,0.000000000000
390330,False,False,excluded,excluded,non_list1,non_list1,direct_policy_scope_overlap,direct_policy_scope_overlap,29,26,24,22,10004841,5265337,0,0,0.000000000000,0.000000000000
390390,False,False,excluded,excluded,non_list1,non_list1,direct_policy_scope_overlap,direct_policy_scope_overlap,29,26,24,22,22284335,20726852,0,0,0.000000000000,0.000000000000
390410,False,False,excluded,excluded,non_list1,non_list1,insufficient_positive_pre_months|direct_policy_scope_overlap,insufficient_positive_pre_months|direct_policy_scope_overlap,23,21,24,22,162325,159310,0,0,0.000000000000,0.000000000000
390421,False,False,excluded,excluded,non_list1,non_list1,direct_policy_scope_overlap,direct_policy_scope_overlap,27,24,24,22,6053810,4763150,0,0,0.000000000000,0.000000000000
390422,False,False,excluded,excluded,non_list1,non_list1,direct_policy_scope_overlap,direct_policy_scope_overlap,29,26,24,22,9807613,9400234,0,0,0.000000000000,0.000000000000
390430,False,False,excluded,excluded,non_list1,non_list1,direct_policy_scope_overlap,direct_policy_scope_overlap,29,26,24,22,7018968,6234193,0,0,0.000000000000,0.000000000000
390440,False,False,excluded,excluded,non_list1,non_list1,insufficient_positive_pre_months|direct_policy_scope_overlap,insufficient_positive_pre_months|direct_policy_scope_overlap,8,8,24,22,30973,30973,0,0,0.000000000000,0.000000000000
390450,False,False,excluded,excluded,non_list1,non_list1,insufficient_positive_pre_months|direct_policy_scope_overlap,insufficient_positive_pre_months|direct_policy_scope_overlap,17,16,24,22,428374,381371,0,0,0.000000000000,0.000000000000
390461,False,False,excluded,excluded,non_list1,non_list1,direct_policy_scope_overlap,direct_policy_scope_overlap,29,26,24,22,61180934,56185611,0,0,0.000000000000,0.000000000000
390469,False,False,excluded,excluded,non_list1,non_list1,direct_policy_scope_overlap,direct_policy_scope_overlap,29,26,24,22,82324112,69860999,0,0,0.000000000000,0.000000000000
390490,False,False,excluded,excluded,non_list1,non_list1,insufficient_positive_pre_months|direct_policy_scope_overlap,insufficient_positive_pre_months|direct_policy_scope_overlap,22,19,24,22,255506,223502,0,0,0.000000000000,0.000000000000
390512,False,False,excluded,excluded,non_list1,non_list1,insufficient_positive_pre_months|direct_policy_scope_overlap,insufficient_positive_pre_months|direct_policy_scope_overlap,14,12,24,22,744279,616779,0,0,0.000000000000,0.000000000000
390519,False,False,excluded,excluded,non_list1,non_list1,direct_policy_scope_overlap,direct_policy_scope_overlap,29,26,24,22,10936032,10072009,0,0,0.000000000000,0.000000000000
390521,False,False,excluded,excluded,non_list1,non_list1,insufficient_positive_pre_months|direct_policy_scope_overlap,insufficient_positive_pre_months|direct_policy_scope_overlap,4,3,24,22,74710,57776,0,0,0.000000000000,0.000000000000
390529,False,False,excluded,excluded,non_list1,non_list1,insufficient_positive_pre_months|direct_policy_scope_overlap,insufficient_positive_pre_months|direct_policy_scope_overlap,23,21,24,22,753919,685712,0,0,0.000000000000,0.000000000000
390530,False,False,excluded,excluded,non_list1,non_list1,direct_policy_scope_overlap,direct_policy_scope_overlap,29,26,24,22,21953215,18726015,0,0,0.000000000000,0.000000000000
390591,False,False,excluded,excluded,non_list1,non_list1,insufficient_positive_pre_months|direct_policy_scope_overlap,insufficient_positive_pre_months|direct_policy_scope_overlap,19,16,24,22,3449504,2332592,0,0,0.000000000000,0.000000000000
390599,False,False,excluded,excluded,non_list1,non_list1,direct_policy_scope_overlap,direct_policy_scope_overlap,29,26,24,22,6258132,5582590,0,0,0.000000000000,0.000000000000
390610,False,False,excluded,excluded,non_list1,non_list1,direct_policy_scope_overlap,direct_policy_scope_overlap,29,26,24,22,22026562,21690089,0,0,0.000000000000,0.000000000000
390690,False,False,excluded,excluded,non_list1,non_list1,direct_policy_scope_overlap,direct_policy_scope_overlap,29,26,24,22,131366047,115359723,0,0,0.000000000000,0.000000000000
390710,False,False,excluded,excluded,non_list1,non_list1,direct_policy_scope_overlap,direct_policy_scope_overlap,29,26,24,22,5472145,4993101,0,0,0.000000000000,0.000000000000
390720,False,False,excluded,excluded,non_list1,non_list1,direct_policy_scope_overlap,direct_policy_scope_overlap,29,26,24,22,99745161,86303726,0,0,0.000000000000,0.000000000000
390730,False,False,excluded,excluded,non_list1,non_list1,direct_policy_scope_overlap,direct_policy_scope_overlap,29,26,24,22,30832562,26863229,0,0,0.000000000000,0.000000000000
390740,False,False,excluded,excluded,non_list1,non_list1,direct_policy_scope_overlap,direct_policy_scope_overlap,29,26,24,22,67227156,64581722,0,0,0.000000000000,0.000000000000
390750,False,False,excluded,excluded,non_list1,non_list1,insufficient_positive_pre_months|direct_policy_scope_overlap,insufficient_positive_pre_months|direct_policy_scope_overlap,13,12,24,22,569100,527806,0,0,0.000000000000,0.000000000000
390761,False,False,excluded,excluded,non_list1,non_list1,insufficient_positive_pre_months|direct_policy_scope_overlap,insufficient_positive_pre_months|direct_policy_scope_overlap,12,9,24,22,11607631,1846136,0,0,0.000000000000,0.000000000000
390769,False,False,excluded,excluded,non_list1,non_list1,insufficient_positive_pre_months|direct_policy_scope_overlap,insufficient_positive_pre_months|direct_policy_scope_overlap,17,14,24,22,4963846,3056734,0,0,0.000000000000,0.000000000000
390770,False,False,excluded,excluded,non_list1,non_list1,direct_policy_scope_overlap,direct_policy_scope_overlap,25,24,24,22,1278622,1271415,0,0,0.000000000000,0.000000000000
390791,False,False,excluded,excluded,non_list1,non_list1,direct_policy_scope_overlap,direct_policy_scope_overlap,29,26,24,22,2072549,1570672,0,0,0.000000000000,0.000000000000
390799,False,False,excluded,excluded,non_list1,non_list1,direct_policy_scope_overlap,direct_policy_scope_overlap,29,26,24,22,101133601,83593675,0,0,0.000000000000,0.000000000000
390810,False,False,excluded,excluded,non_list1,non_list1,direct_policy_scope_overlap,direct_policy_scope_overlap,29,26,24,22,19653045,16907744,0,0,0.000000000000,0.000000000000
390890,False,False,excluded,excluded,non_list1,non_list1,direct_policy_scope_overlap,direct_policy_scope_overlap,29,26,24,22,19644985,15879965,0,0,0.000000000000,0.000000000000
390910,False,False,excluded,excluded,non_list1,non_list1,direct_policy_scope_overlap,direct_policy_scope_overlap,26,23,24,22,1288435,1225532,0,0,0.000000000000,0.000000000000
390920,False,False,excluded,excluded,non_list1,non_list1,insufficient_positive_pre_months|direct_policy_scope_overlap,direct_policy_scope_overlap,23,22,24,22,1337837,1224920,0,0,0.000000000000,0.000000000000
390931,False,False,excluded,excluded,non_list1,non_list1,insufficient_positive_pre_months|direct_policy_scope_overlap,insufficient_positive_pre_months|direct_policy_scope_overlap,17,14,24,22,395162702,300407714,0,0,0.000000000000,0.000000000000
390939,False,False,excluded,excluded,non_list1,non_list1,insufficient_positive_pre_months|direct_policy_scope_overlap,insufficient_positive_pre_months|direct_policy_scope_overlap,10,9,24,22,1495772,1463822,0,0,0.000000000000,0.000000000000
390940,False,False,excluded,excluded,non_list1,non_list1,direct_policy_scope_overlap,direct_policy_scope_overlap,29,26,24,22,14074503,8751925,0,0,0.000000000000,0.000000000000
390950,False,False,excluded,excluded,non_list1,non_list1,direct_policy_scope_overlap,direct_policy_scope_overlap,29,26,24,22,69146227,55810934,0,0,0.000000000000,0.000000000000
391000,False,False,excluded,excluded,non_list1,non_list1,direct_policy_scope_overlap,direct_policy_scope_overlap,29,26,24,22,157249706,116015959,0,0,0.000000000000,0.000000000000
391110,False,False,excluded,excluded,non_list1,non_list1,direct_policy_scope_overlap,direct_policy_scope_overlap,29,26,24,22,64163929,53773991,0,0,0.000000000000,0.000000000000
391190,False,False,excluded,excluded,non_list1,non_list1,direct_policy_scope_overlap,direct_policy_scope_overlap,29,26,24,22,107472886,92565246,0,0,0.000000000000,0.000000000000
391211,False,False,excluded,excluded,non_list1,non_list1,direct_policy_scope_overlap,direct_policy_scope_overlap,26,23,24,22,6393784,5509179,0,0,0.000000000000,0.000000000000
391212,False,False,excluded,excluded,non_list1,non_list1,insufficient_positive_pre_months|direct_policy_scope_overlap,insufficient_positive_pre_months|direct_policy_scope_overlap,22,19,24,22,426482,372063,0,0,0.000000000000,0.000000000000
391220,False,False,excluded,excluded,non_list1,non_list1,direct_policy_scope_overlap,direct_policy_scope_overlap,29,26,24,22,18103589,17308585,0,0,0.000000000000,0.000000000000
391231,False,False,excluded,excluded,non_list1,non_list1,direct_policy_scope_overlap,direct_policy_scope_overlap,29,26,24,22,38391773,33259472,0,0,0.000000000000,0.000000000000
391239,False,False,excluded,excluded,non_list1,non_list1,direct_policy_scope_overlap,direct_policy_scope_overlap,29,26,24,22,32512547,28611491,0,0,0.000000000000,0.000000000000
391290,False,False,excluded,excluded,non_list1,non_list1,direct_policy_scope_overlap,direct_policy_scope_overlap,29,26,24,22,13828445,10863518,0,0,0.000000000000,0.000000000000
391310,False,False,control_candidate,control_candidate,non_list1,non_list1,,,29,26,24,22,44511753,37022456,0,0,0.000000000000,0.000000000000
391390,False,False,excluded,excluded,non_list1,non_list1,direct_policy_scope_overlap,direct_policy_scope_overlap,29,26,24,22,183646095,157871217,0,0,0.000000000000,0.000000000000
391400,False,False,excluded,excluded,non_list1,non_list1,direct_policy_scope_overlap,direct_policy_scope_overlap,29,26,24,22,122913863,107688987,0,0,0.000000000000,0.000000000000
391510,False,False,excluded,excluded,non_list1,non_list1,direct_policy_scope_overlap,direct_policy_scope_overlap,29,26,24,22,4799693,4316144,0,0,0.000000000000,0.000000000000
391520,False,False,excluded,excluded,non_list1,non_list1,insufficient_positive_pre_months|direct_policy_scope_overlap,insufficient_positive_pre_months|direct_policy_scope_overlap,13,13,24,22,587239,587239,0,0,0.000000000000,0.000000000000
391530,False,False,excluded,excluded,non_list1,non_list1,insufficient_positive_pre_months|direct_policy_scope_overlap,insufficient_positive_pre_months|direct_policy_scope_overlap,9,8,24,22,390523,389523,0,0,0.000000000000,0.000000000000
391590,False,False,excluded,excluded,non_list1,non_list1,direct_policy_scope_overlap,direct_policy_scope_overlap,29,26,24,22,17689927,16258605,0,0,0.000000000000,0.000000000000
391610,False,False,excluded,excluded,non_list1,non_list1,direct_policy_scope_overlap,direct_policy_scope_overlap,29,26,24,22,15657181,14920224,0,0,0.000000000000,0.000000000000
391620,False,False,excluded,excluded,non_list1,non_list1,direct_policy_scope_overlap,direct_policy_scope_overlap,29,26,24,22,68058770,61601745,0,0,0.000000000000,0.000000000000
391690,False,False,excluded,excluded,non_list1,non_list1,direct_policy_scope_overlap,direct_policy_scope_overlap,29,26,24,22,48270284,41661182,0,0,0.000000000000,0.000000000000
391710,False,False,excluded,excluded,non_list1,non_list1,direct_policy_scope_overlap,direct_policy_scope_overlap,29,26,24,22,2158781,1903170,0,0,0.000000000000,0.000000000000
391721,False,False,excluded,excluded,non_list1,non_list1,direct_policy_scope_overlap,direct_policy_scope_overlap,29,26,24,22,36914140,33245663,0,0,0.000000000000,0.000000000000
391722,False,False,excluded,excluded,non_list1,non_list1,direct_policy_scope_overlap,direct_policy_scope_overlap,29,26,24,22,13352262,11712209,0,0,0.000000000000,0.000000000000
391723,False,False,excluded,excluded,non_list1,non_list1,direct_policy_scope_overlap,direct_policy_scope_overlap,29,26,24,22,26775111,24530457,0,0,0.000000000000,0.000000000000
391729,False,False,excluded,excluded,non_list1,non_list1,direct_policy_scope_overlap,direct_policy_scope_overlap,29,26,24,22,30950736,27842754,0,0,0.000000000000,0.000000000000
391731,False,False,excluded,excluded,non_list1,non_list1,direct_policy_scope_overlap,direct_policy_scope_overlap,29,26,24,22,46000702,39677245,0,0,0.000000000000,0.000000000000
391732,False,False,excluded,excluded,non_list1,non_list1,direct_policy_scope_overlap,direct_policy_scope_overlap,29,26,24,22,214970652,191022031,0,0,0.000000000000,0.000000000000
391733,False,False,excluded,excluded,non_list1,non_list1,direct_policy_scope_overlap,direct_policy_scope_overlap,29,26,24,22,159486417,139645100,0,0,0.000000000000,0.000000000000
391739,False,False,excluded,excluded,non_list1,non_list1,direct_policy_scope_overlap,direct_policy_scope_overlap,29,26,24,22,539860890,464551272,0,0,0.000000000000,0.000000000000
391740,False,False,excluded,excluded,non_list1,non_list1,direct_policy_scope_overlap,direct_policy_scope_overlap,29,26,24,22,225175883,198890741,0,0,0.000000000000,0.000000000000
391810,False,False,excluded,excluded,non_list1,non_list1,direct_policy_scope_overlap,direct_policy_scope_overlap,29,26,24,22,4013036523,3504281236,0,0,0.000000000000,0.000000000000
391890,False,False,excluded,excluded,non_list1,non_list1,direct_policy_scope_overlap,direct_policy_scope_overlap,29,26,24,22,109531958,96312980,0,0,0.000000000000,0.000000000000
391910,False,False,excluded,excluded,non_list1,non_list1,direct_policy_scope_overlap,direct_policy_scope_overlap,29,26,24,22,213659170,190030186,0,0,0.000000000000,0.000000000000
391990,False,False,excluded,excluded,non_list1,non_list1,direct_policy_scope_overlap,direct_policy_scope_overlap,29,26,24,22,400042960,353988682,0,0,0.000000000000,0.000000000000
392010,False,False,excluded,excluded,non_list1,non_list1,direct_policy_scope_overlap,direct_policy_scope_overlap,29,26,24,22,349865954,304785056,0,0,0.000000000000,0.000000000000
392020,False,False,excluded,excluded,non_list1,non_list1,direct_policy_scope_overlap,direct_policy_scope_overlap,29,26,24,22,142465008,130472594,0,0,0.000000000000,0.000000000000
392030,False,False,excluded,excluded,non_list1,non_list1,direct_policy_scope_overlap,direct_policy_scope_overlap,29,26,24,22,18834647,16795068,0,0,0.000000000000,0.000000000000
392043,False,False,excluded,excluded,non_list1,non_list1,direct_policy_scope_overlap,direct_policy_scope_overlap,29,26,24,22,125424068,112263566,0,0,0.000000000000,0.000000000000
392049,False,False,excluded,excluded,non_list1,non_list1,direct_policy_scope_overlap,direct_policy_scope_overlap,29,26,24,22,90074954,80316291,0,0,0.000000000000,0.000000000000
392051,False,False,excluded,excluded,non_list1,non_list1,direct_policy_scope_overlap,direct_policy_scope_overlap,29,26,24,22,52260913,48475546,0,0,0.000000000000,0.000000000000
392059,False,False,excluded,excluded,non_list1,non_list1,direct_policy_scope_overlap,direct_policy_scope_overlap,29,26,24,22,5312488,4837764,0,0,0.000000000000,0.000000000000
392061,False,False,excluded,excluded,non_list1,non_list1,direct_policy_scope_overlap,direct_policy_scope_overlap,29,26,24,22,37083522,30724069,0,0,0.000000000000,0.000000000000
392062,False,False,excluded,excluded,non_list1,non_list1,direct_policy_scope_overlap,direct_policy_scope_overlap,29,26,24,22,79015468,70609111,0,0,0.000000000000,0.000000000000
392063,False,False,excluded,excluded,non_list1,non_list1,direct_policy_scope_overlap,direct_policy_scope_overlap,29,26,24,22,11363235,10801025,0,0,0.000000000000,0.000000000000
392069,False,False,excluded,excluded,non_list1,non_list1,direct_policy_scope_overlap,direct_policy_scope_overlap,29,26,24,22,8344258,7379844,0,0,0.000000000000,0.000000000000
392071,False,False,excluded,excluded,non_list1,non_list1,direct_policy_scope_overlap,direct_policy_scope_overlap,29,26,24,22,999197,946074,0,0,0.000000000000,0.000000000000
392073,False,False,excluded,excluded,non_list1,non_list1,direct_policy_scope_overlap,direct_policy_scope_overlap,29,26,24,22,893076,824490,0,0,0.000000000000,0.000000000000
392079,False,False,excluded,excluded,non_list1,non_list1,direct_policy_scope_overlap,direct_policy_scope_overlap,29,26,24,22,4146057,3623993,0,0,0.000000000000,0.000000000000
392091,False,False,excluded,excluded,non_list1,non_list1,direct_policy_scope_overlap,direct_policy_scope_overlap,29,26,24,22,43348623,37283299,0,0,0.000000000000,0.000000000000
392092,False,False,excluded,excluded,non_list1,non_list1,direct_policy_scope_overlap,direct_policy_scope_overlap,29,26,24,22,9220285,7509180,0,0,0.000000000000,0.000000000000
392093,False,False,excluded,excluded,non_list1,non_list1,insufficient_positive_pre_months|direct_policy_scope_overlap,insufficient_positive_pre_months|direct_policy_scope_overlap,2,2,24,22,10792,10792,0,0,0.000000000000,0.000000000000
392094,False,False,excluded,excluded,non_list1,non_list1,direct_policy_scope_overlap,direct_policy_scope_overlap,26,23,24,22,1748183,1470822,0,0,0.000000000000,0.000000000000
392099,False,False,excluded,excluded,non_list1,non_list1,direct_policy_scope_overlap,direct_policy_scope_overlap,29,26,24,22,74019238,64887201,0,0,0.000000000000,0.000000000000
392111,False,False,excluded,excluded,non_list1,non_list1,direct_policy_scope_overlap,direct_policy_scope_overlap,29,26,24,22,11723888,10294354,0,0,0.000000000000,0.000000000000
392112,False,False,excluded,excluded,non_list1,non_list1,direct_policy_scope_overlap,direct_policy_scope_overlap,29,26,24,22,122722946,104943141,0,0,0.000000000000,0.000000000000
392113,False,False,excluded,excluded,non_list1,non_list1,direct_policy_scope_overlap,direct_policy_scope_overlap,29,26,24,22,178827447,161445530,0,0,0.000000000000,0.000000000000
392114,False,False,excluded,excluded,non_list1,non_list1,direct_policy_scope_overlap,direct_policy_scope_overlap,29,26,24,22,2666446,1873508,0,0,0.000000000000,0.000000000000
392119,False,False,excluded,excluded,non_list1,non_list1,direct_policy_scope_overlap,direct_policy_scope_overlap,29,26,24,22,79975516,73696841,0,0,0.000000000000,0.000000000000
392190,False,False,excluded,excluded,non_list1,non_list1,direct_policy_scope_overlap,direct_policy_scope_overlap,29,26,24,22,511004812,457901229,0,0,0.000000000000,0.000000000000
392210,False,False,control_candidate,control_candidate,non_list1,non_list1,,,29,26,24,22,133965273,118602581,0,0,0.000000000000,0.000000000000
392220,False,False,control_candidate,control_candidate,non_list1,non_list1,,,29,26,24,22,149675967,134516842,0,0,0.000000000000,0.000000000000
392290,False,False,excluded,excluded,non_list1,non_list1,direct_policy_scope_overlap,direct_policy_scope_overlap,29,26,24,22,94936612,83864902,0,0,0.000000000000,0.000000000000
392310,False,False,excluded,excluded,non_list1,non_list1,direct_policy_scope_overlap,direct_policy_scope_overlap,29,26,24,22,708726820,642049260,0,0,0.000000000000,0.000000000000
392321,False,False,excluded,excluded,non_list1,non_list1,direct_policy_scope_overlap,direct_policy_scope_overlap,29,26,24,22,1924569807,1736849771,0,0,0.000000000000,0.000000000000
392329,False,False,excluded,excluded,non_list1,non_list1,direct_policy_scope_overlap,direct_policy_scope_overlap,29,26,24,22,571748636,509638138,0,0,0.000000000000,0.000000000000
392330,False,False,excluded,excluded,non_list1,non_list1,direct_policy_scope_overlap,direct_policy_scope_overlap,29,26,24,22,757342185,673284517,0,0,0.000000000000,0.000000000000
392340,False,False,excluded,excluded,non_list1,non_list1,direct_policy_scope_overlap,direct_policy_scope_overlap,29,26,24,22,9661341,8768359,0,0,0.000000000000,0.000000000000
392350,False,False,excluded,excluded,non_list1,non_list1,direct_policy_scope_overlap,direct_policy_scope_overlap,29,26,24,22,670987625,599297333,0,0,0.000000000000,0.000000000000
392390,False,False,excluded,excluded,non_list1,non_list1,direct_policy_scope_overlap,direct_policy_scope_overlap,29,26,24,22,1197735997,1072779958,0,0,0.000000000000,0.000000000000
392410,False,False,control_candidate,control_candidate,non_list1,non_list1,,,29,26,24,22,4990609211,4483725925,0,0,0.000000000000,0.000000000000
392490,False,False,control_candidate,control_candidate,non_list1,non_list1,,,29,26,24,22,4120020909,3706863467,0,0,0.000000000000,0.000000000000
392510,False,False,excluded,excluded,non_list1,non_list1,direct_policy_scope_overlap,direct_policy_scope_overlap,29,26,24,22,1719365,1509051,0,0,0.000000000000,0.000000000000
392520,False,False,control_candidate,control_candidate,non_list1,non_list1,,,29,26,24,22,176737624,157189345,0,0,0.000000000000,0.000000000000
392530,False,False,control_candidate,control_candidate,non_list1,non_list1,,,29,26,24,22,946660674,861980267,0,0,0.000000000000,0.000000000000
392590,False,False,excluded,excluded,non_list1,non_list1,direct_policy_scope_overlap,direct_policy_scope_overlap,29,26,24,22,380428470,335085734,0,0,0.000000000000,0.000000000000
392610,False,False,control_candidate,control_candidate,non_list1,non_list1,,,29,26,24,22,705077500,632289042,0,0,0.000000000000,0.000000000000
392620,False,False,excluded,excluded,non_list1,non_list1,direct_policy_scope_overlap,direct_policy_scope_overlap,29,26,24,22,2509161925,2222607119,0,0,0.000000000000,0.000000000000
392630,False,False,control_candidate,control_candidate,non_list1,non_list1,,,29,26,24,22,376641479,333197038,0,0,0.000000000000,0.000000000000
392640,False,False,control_candidate,control_candidate,non_list1,non_list1,,,29,26,24,22,697789737,642361307,0,0,0.000000000000,0.000000000000
392690,False,False,excluded,excluded,non_list1,non_list1,direct_policy_scope_overlap,direct_policy_scope_overlap,29,26,24,22,4478439504,3734581780,0,0,0.000000000000,0.000000000000
400110,False,False,excluded,excluded,non_list1,non_list1,insufficient_positive_pre_months|direct_policy_scope_overlap,insufficient_positive_pre_months|direct_policy_scope_overlap,10,9,24,22,54463,53538,0,0,0.000000000000,0.000000000000
400121,False,False,excluded,excluded,non_list1,non_list1,insufficient_positive_pre_months|direct_policy_scope_overlap,insufficient_positive_pre_months|direct_policy_scope_overlap,3,3,24,22,13437,13437,0,0,0.000000000000,0.000000000000
400122,False,False,excluded,excluded,non_list1,non_list1,direct_policy_scope_overlap,insufficient_positive_pre_months|direct_policy_scope_overlap,24,21,24,22,440367,261168,0,0,0.000000000000,0.000000000000
400129,False,False,excluded,excluded,non_list1,non_list1,direct_policy_scope_overlap,direct_policy_scope_overlap,25,24,24,22,302379,281879,0,0,0.000000000000,0.000000000000
400130,False,False,excluded,excluded,non_list1,non_list1,insufficient_positive_pre_months|direct_policy_scope_overlap,insufficient_positive_pre_months|direct_policy_scope_overlap,3,2,24,22,11415,5060,0,0,0.000000000000,0.000000000000
400211,False,False,excluded,excluded,non_list1,non_list1,insufficient_positive_pre_months|direct_policy_scope_overlap,insufficient_positive_pre_months|direct_policy_scope_overlap,11,9,24,22,189186,173957,0,0,0.000000000000,0.000000000000
400219,False,False,excluded,excluded,non_list1,non_list1,direct_policy_scope_overlap,direct_policy_scope_overlap,29,26,24,22,52283304,45183197,0,0,0.000000000000,0.000000000000
400220,False,False,excluded,excluded,non_list1,non_list1,insufficient_positive_pre_months|direct_policy_scope_overlap,insufficient_positive_pre_months|direct_policy_scope_overlap,21,19,24,22,597651,596603,0,0,0.000000000000,0.000000000000
400231,False,False,excluded,excluded,non_list1,non_list1,direct_policy_scope_overlap,direct_policy_scope_overlap,26,23,24,22,1332867,1144056,0,0,0.000000000000,0.000000000000
400239,False,False,excluded,excluded,non_list1,non_list1,direct_policy_scope_overlap,direct_policy_scope_overlap,25,23,24,22,725960,716552,0,0,0.000000000000,0.000000000000
400241,False,False,excluded,excluded,non_list1,non_list1,insufficient_positive_pre_months|direct_policy_scope_overlap,insufficient_positive_pre_months|direct_policy_scope_overlap,22,20,24,22,1885294,1589872,0,0,0.000000000000,0.000000000000
400249,False,False,excluded,excluded,non_list1,non_list1,direct_policy_scope_overlap,direct_policy_scope_overlap,29,26,24,22,2577198,2454248,0,0,0.000000000000,0.000000000000
400251,False,False,excluded,excluded,non_list1,non_list1,insufficient_positive_pre_months|direct_policy_scope_overlap,insufficient_positive_pre_months|direct_policy_scope_overlap,5,5,24,22,99249,99249,0,0,0.000000000000,0.000000000000
400259,False,False,excluded,excluded,non_list1,non_list1,direct_policy_scope_overlap,direct_policy_scope_overlap,29,26,24,22,3650534,3173907,0,0,0.000000000000,0.000000000000
400260,False,False,excluded,excluded,non_list1,non_list1,insufficient_positive_pre_months|direct_policy_scope_overlap,insufficient_positive_pre_months|direct_policy_scope_overlap,8,7,24,22,30070,29188,0,0,0.000000000000,0.000000000000
400270,False,False,excluded,excluded,non_list1,non_list1,direct_policy_scope_overlap,direct_policy_scope_overlap,29,26,24,22,5154023,4542059,0,0,0.000000000000,0.000000000000
400280,False,False,excluded,excluded,non_list1,non_list1,insufficient_positive_pre_months|direct_policy_scope_overlap,insufficient_positive_pre_months|direct_policy_scope_overlap,5,4,24,22,74718,61611,0,0,0.000000000000,0.000000000000
400291,False,False,excluded,excluded,non_list1,non_list1,direct_policy_scope_overlap,direct_policy_scope_overlap,29,26,24,22,3261079,2933418,0,0,0.000000000000,0.000000000000
400299,False,False,excluded,excluded,non_list1,non_list1,direct_policy_scope_overlap,direct_policy_scope_overlap,29,26,24,22,31189956,26153549,0,0,0.000000000000,0.000000000000
400300,False,False,excluded,excluded,non_list1,non_list1,direct_policy_scope_overlap,direct_policy_scope_overlap,29,26,24,22,17134499,15302658,0,0,0.000000000000,0.000000000000
400400,False,False,excluded,excluded,non_list1,non_list1,direct_policy_scope_overlap,direct_policy_scope_overlap,29,26,24,22,5181032,4463925,0,0,0.000000000000,0.000000000000
400510,False,False,excluded,excluded,non_list1,non_list1,direct_policy_scope_overlap,direct_policy_scope_overlap,28,25,24,22,9730575,6501002,0,0,0.000000000000,0.000000000000
400520,False,False,excluded,excluded,non_list1,non_list1,direct_policy_scope_overlap,direct_policy_scope_overlap,29,26,24,22,1711596,1569977,0,0,0.000000000000,0.000000000000
400591,False,False,excluded,excluded,non_list1,non_list1,direct_policy_scope_overlap,direct_policy_scope_overlap,28,25,24,22,1728768,1497306,0,0,0.000000000000,0.000000000000
400599,False,False,excluded,excluded,non_list1,non_list1,direct_policy_scope_overlap,direct_policy_scope_overlap,29,26,24,22,11638992,10736006,0,0,0.000000000000,0.000000000000
400610,False,False,excluded,excluded,non_list1,non_list1,insufficient_positive_pre_months,insufficient_positive_pre_months,2,2,24,22,4857,4857,0,0,0.000000000000,0.000000000000
400690,False,False,excluded,excluded,non_list1,non_list1,direct_policy_scope_overlap,direct_policy_scope_overlap,29,26,24,22,12772711,11318551,0,0,0.000000000000,0.000000000000
400700,False,False,excluded,excluded,non_list1,non_list1,direct_policy_scope_overlap,direct_policy_scope_overlap,29,26,24,22,1797113,1663318,0,0,0.000000000000,0.000000000000
400811,False,False,excluded,excluded,non_list1,non_list1,direct_policy_scope_overlap,direct_policy_scope_overlap,29,26,24,22,10849452,9451480,0,0,0.000000000000,0.000000000000
400819,False,False,excluded,excluded,non_list1,non_list1,direct_policy_scope_overlap,direct_policy_scope_overlap,29,26,24,22,17913268,15858034,0,0,0.000000000000,0.000000000000
400821,False,False,excluded,excluded,non_list1,non_list1,direct_policy_scope_overlap,direct_policy_scope_overlap,29,26,24,22,71139387,63419776,0,0,0.000000000000,0.000000000000
400829,False,False,excluded,excluded,non_list1,non_list1,direct_policy_scope_overlap,direct_policy_scope_overlap,29,26,24,22,8372134,7745486,0,0,0.000000000000,0.000000000000
400911,False,False,excluded,excluded,non_list1,non_list1,direct_policy_scope_overlap,direct_policy_scope_overlap,29,26,24,22,126601424,115369320,0,0,0.000000000000,0.000000000000
400912,False,False,control_candidate,control_candidate,non_list1,non_list1,,,29,26,24,22,31288778,28116352,0,0,0.000000000000,0.000000000000
400921,False,False,excluded,excluded,non_list1,non_list1,direct_policy_scope_overlap,direct_policy_scope_overlap,29,26,24,22,57783358,50256024,0,0,0.000000000000,0.000000000000
400922,False,False,excluded,excluded,non_list1,non_list1,direct_policy_scope_overlap,direct_policy_scope_overlap,29,26,24,22,57124078,49804787,0,0,0.000000000000,0.000000000000
400931,False,False,excluded,excluded,non_list1,non_list1,direct_policy_scope_overlap,direct_policy_scope_overlap,29,26,24,22,75278516,67778208,0,0,0.000000000000,0.000000000000
400932,False,False,excluded,excluded,non_list1,non_list1,direct_policy_scope_overlap,direct_policy_scope_overlap,29,26,24,22,137226347,125189986,0,0,0.000000000000,0.000000000000
400941,False,False,excluded,excluded,non_list1,non_list1,direct_policy_scope_overlap,direct_policy_scope_overlap,29,26,24,22,16978361,15898138,0,0,0.000000000000,0.000000000000
400942,False,False,control_candidate,control_candidate,non_list1,non_list1,,,29,26,24,22,28957813,25414826,0,0,0.000000000000,0.000000000000
401011,False,False,control_candidate,control_candidate,non_list1,non_list1,,,29,26,24,22,3580267,2801066,0,0,0.000000000000,0.000000000000
401012,False,False,excluded,excluded,non_list1,non_list1,direct_policy_scope_overlap,direct_policy_scope_overlap,29,26,24,22,122455753,106971837,0,0,0.000000000000,0.000000000000
401019,False,False,excluded,excluded,non_list1,non_list1,direct_policy_scope_overlap,direct_policy_scope_overlap,29,26,24,22,48762873,43602756,0,0,0.000000000000,0.000000000000
401031,False,False,excluded,excluded,non_list1,non_list1,direct_policy_scope_overlap,direct_policy_scope_overlap,29,26,24,22,3804665,3352711,0,0,0.000000000000,0.000000000000
401032,False,False,excluded,excluded,non_list1,non_list1,direct_policy_scope_overlap,direct_policy_scope_overlap,29,26,24,22,7474551,6266673,0,0,0.000000000000,0.000000000000
401033,False,False,excluded,excluded,non_list1,non_list1,direct_policy_scope_overlap,direct_policy_scope_overlap,28,25,24,22,1083008,969560,0,0,0.000000000000,0.000000000000
401034,False,False,excluded,excluded,non_list1,non_list1,direct_policy_scope_overlap,direct_policy_scope_overlap,29,26,24,22,83040,67036,0,0,0.000000000000,0.000000000000
401035,False,False,excluded,excluded,non_list1,non_list1,direct_policy_scope_overlap,direct_policy_scope_overlap,29,26,24,22,2318462,2040643,0,0,0.000000000000,0.000000000000
401036,False,False,excluded,excluded,non_list1,non_list1,direct_policy_scope_overlap,insufficient_positive_pre_months|direct_policy_scope_overlap,24,21,24,22,226569,211410,0,0,0.000000000000,0.000000000000
401039,False,False,excluded,excluded,non_list1,non_list1,direct_policy_scope_overlap,direct_policy_scope_overlap,29,26,24,22,24923290,22340992,0,0,0.000000000000,0.000000000000
401110,False,False,excluded,excluded,non_list1,non_list1,direct_policy_scope_overlap,direct_policy_scope_overlap,29,26,24,22,813086901,752615046,0,0,0.000000000000,0.000000000000
401120,False,False,excluded,excluded,non_list1,non_list1,direct_policy_scope_overlap,direct_policy_scope_overlap,29,26,24,22,2127548322,1871293824,0,0,0.000000000000,0.000000000000
401130,False,False,excluded,excluded,pure_list1,pure_list1,insufficient_positive_pre_months,insufficient_positive_pre_months,12,12,24,22,234633,234633,234633,234633,1.000000000000,1.000000000000
401140,False,False,excluded,excluded,non_list1,non_list1,direct_policy_scope_overlap,direct_policy_scope_overlap,29,26,24,22,18531679,16632340,0,0,0.000000000000,0.000000000000
401150,False,False,excluded,excluded,non_list1,non_list1,direct_policy_scope_overlap,direct_policy_scope_overlap,29,26,24,22,33653541,29950746,0,0,0.000000000000,0.000000000000
401170,False,False,excluded,excluded,non_list1,non_list1,insufficient_positive_pre_months|direct_policy_scope_overlap,insufficient_positive_pre_months|direct_policy_scope_overlap,17,14,24,22,12070371,10932658,0,0,0.000000000000,0.000000000000
401180,False,False,excluded,excluded,non_list1,non_list1,insufficient_positive_pre_months|direct_policy_scope_overlap,insufficient_positive_pre_months|direct_policy_scope_overlap,17,14,24,22,65641530,51750268,0,0,0.000000000000,0.000000000000
401190,False,False,excluded,excluded,non_list1,non_list1,insufficient_positive_pre_months|direct_policy_scope_overlap,insufficient_positive_pre_months|direct_policy_scope_overlap,17,14,24,22,985626121,817118920,0,0,0.000000000000,0.000000000000
401211,False,False,excluded,excluded,non_list1,non_list1,insufficient_positive_pre_months|direct_policy_scope_overlap,insufficient_positive_pre_months|direct_policy_scope_overlap,17,16,24,22,172329,160802,0,0,0.000000000000,0.000000000000
401212,False,False,excluded,excluded,non_list1,non_list1,direct_policy_scope_overlap,direct_policy_scope_overlap,29,26,24,22,3044043,2680037,0,0,0.000000000000,0.000000000000
401213,False,False,excluded,excluded,pure_list1,pure_list1,insufficient_positive_pre_months,insufficient_positive_pre_months,6,6,24,22,112314,112314,112314,112314,1.000000000000,1.000000000000
401219,False,False,excluded,excluded,non_list1,non_list1,direct_policy_scope_overlap,direct_policy_scope_overlap,26,24,24,22,413739,383144,0,0,0.000000000000,0.000000000000
401220,False,False,excluded,excluded,non_list1,non_list1,direct_policy_scope_overlap,direct_policy_scope_overlap,29,26,24,22,6140268,5109760,0,0,0.000000000000,0.000000000000
401290,False,False,excluded,excluded,non_list1,non_list1,direct_policy_scope_overlap,direct_policy_scope_overlap,29,26,24,22,162210630,144137421,0,0,0.000000000000,0.000000000000
401310,False,False,excluded,excluded,non_list1,non_list1,direct_policy_scope_overlap,direct_policy_scope_overlap,29,26,24,22,16049332,14226523,0,0,0.000000000000,0.000000000000
401320,False,False,excluded,excluded,non_list1,non_list1,direct_policy_scope_overlap,direct_policy_scope_overlap,29,26,24,22,41200902,36777309,0,0,0.000000000000,0.000000000000
401390,False,False,excluded,excluded,non_list1,non_list1,direct_policy_scope_overlap,direct_policy_scope_overlap,29,26,24,22,50040237,45751950,0,0,0.000000000000,0.000000000000
401410,False,False,control_candidate,control_candidate,non_list1,non_list1,,,29,26,24,22,4844178,4600911,0,0,0.000000000000,0.000000000000
401490,False,False,control_candidate,control_candidate,non_list1,non_list1,,,29,26,24,22,7278758,6637074,0,0,0.000000000000,0.000000000000
401511,False,False,control_candidate,control_candidate,non_list1,non_list1,,,26,23,24,22,2031123,1826698,0,0,0.000000000000,0.000000000000
401519,False,False,excluded,excluded,non_list1,non_list1,direct_policy_scope_overlap,direct_policy_scope_overlap,29,26,24,22,579247154,515689141,0,0,0.000000000000,0.000000000000
401590,False,False,excluded,excluded,non_list1,non_list1,direct_policy_scope_overlap,direct_policy_scope_overlap,29,26,24,22,6481419,5900838,0,0,0.000000000000,0.000000000000
401610,False,False,excluded,excluded,non_list1,non_list1,direct_policy_scope_overlap,direct_policy_scope_overlap,29,26,24,22,42611272,37849365,0,0,0.000000000000,0.000000000000
401691,False,False,excluded,excluded,non_list1,non_list1,direct_policy_scope_overlap,direct_policy_scope_overlap,29,26,24,22,132085982,117794669,0,0,0.000000000000,0.000000000000
401692,False,False,control_candidate,control_candidate,non_list1,non_list1,,,29,26,24,22,21594392,19310527,0,0,0.000000000000,0.000000000000
401693,False,False,excluded,excluded,non_list1,non_list1,direct_policy_scope_overlap,direct_policy_scope_overlap,29,26,24,22,651873125,580165981,0,0,0.000000000000,0.000000000000
401694,False,False,excluded,excluded,non_list1,non_list1,direct_policy_scope_overlap,direct_policy_scope_overlap,29,26,24,22,12853200,11739622,0,0,0.000000000000,0.000000000000
401695,False,False,control_candidate,control_candidate,non_list1,non_list1,,,29,26,24,22,9326866,7656637,0,0,0.000000000000,0.000000000000
401699,False,False,excluded,excluded,non_list1,non_list1,direct_policy_scope_overlap,direct_policy_scope_overlap,29,26,24,22,936604175,831690884,0,0,0.000000000000,0.000000000000
401700,False,False,excluded,excluded,non_list1,non_list1,direct_policy_scope_overlap,direct_policy_scope_overlap,29,26,24,22,10513329,9736549,0,0,0.000000000000,0.000000000000
410120,False,False,excluded,excluded,non_list1,non_list1,insufficient_positive_pre_months,insufficient_positive_pre_months,1,1,24,22,4025,4025,0,0,0.000000000000,0.000000000000
410150,False,False,excluded,excluded,non_list1,non_list1,insufficient_positive_pre_months,insufficient_positive_pre_months,3,2,24,22,15436,726,0,0,0.000000000000,0.000000000000
410190,False,False,excluded,excluded,non_list1,non_list1,insufficient_positive_pre_months,insufficient_positive_pre_months,0,0,24,22,0,0,0,0,0.000000000000,0.000000000000
410210,False,False,excluded,excluded,non_list1,non_list1,insufficient_positive_pre_months,insufficient_positive_pre_months,2,2,24,22,6433,6433,0,0,0.000000000000,0.000000000000
410221,False,False,excluded,excluded,non_list1,non_list1,insufficient_positive_pre_months,insufficient_positive_pre_months,0,0,24,22,0,0,0,0,0.000000000000,0.000000000000
410229,False,False,excluded,excluded,non_list1,non_list1,insufficient_positive_pre_months,insufficient_positive_pre_months,4,4,24,22,10223,10223,0,0,0.000000000000,0.000000000000
410320,False,False,excluded,excluded,non_list1,non_list1,insufficient_positive_pre_months,insufficient_positive_pre_months,0,0,24,22,0,0,0,0,0.000000000000,0.000000000000
410330,False,False,excluded,excluded,non_list1,non_list1,insufficient_positive_pre_months,insufficient_positive_pre_months,0,0,24,22,0,0,0,0,0.000000000000,0.000000000000
410390,False,False,excluded,excluded,non_list1,non_list1,insufficient_positive_pre_months,insufficient_positive_pre_months,3,3,24,22,7446,7446,0,0,0.000000000000,0.000000000000
410411,False,False,excluded,excluded,non_list1,non_list1,insufficient_positive_pre_months|direct_policy_scope_overlap,insufficient_positive_pre_months|direct_policy_scope_overlap,9,9,24,22,121528,121528,0,0,0.000000000000,0.000000000000
410419,False,False,excluded,excluded,non_list1,non_list1,insufficient_positive_pre_months|direct_policy_scope_overlap,insufficient_positive_pre_months|direct_policy_scope_overlap,2,1,24,22,1628,785,0,0,0.000000000000,0.000000000000
410441,False,False,excluded,excluded,non_list1,non_list1,direct_policy_scope_overlap,direct_policy_scope_overlap,25,22,24,22,782332,737405,0,0,0.000000000000,0.000000000000
410449,False,False,excluded,excluded,non_list1,non_list1,insufficient_positive_pre_months|direct_policy_scope_overlap,insufficient_positive_pre_months|direct_policy_scope_overlap,21,19,24,22,504309,493364,0,0,0.000000000000,0.000000000000
410510,False,False,excluded,excluded,non_list1,non_list1,insufficient_positive_pre_months|direct_policy_scope_overlap,insufficient_positive_pre_months|direct_policy_scope_overlap,3,3,24,22,44624,44624,0,0,0.000000000000,0.000000000000
410530,False,False,excluded,excluded,non_list1,non_list1,insufficient_positive_pre_months|direct_policy_scope_overlap,insufficient_positive_pre_months|direct_policy_scope_overlap,9,9,24,22,64083,64083,0,0,0.000000000000,0.000000000000
410621,False,False,excluded,excluded,non_list1,non_list1,insufficient_positive_pre_months|direct_policy_scope_overlap,insufficient_positive_pre_months|direct_policy_scope_overlap,2,2,24,22,6807,6807,0,0,0.000000000000,0.000000000000
410622,False,False,excluded,excluded,non_list1,non_list1,insufficient_positive_pre_months|direct_policy_scope_overlap,insufficient_positive_pre_months|direct_policy_scope_overlap,3,2,24,22,7710,5466,0,0,0.000000000000,0.000000000000
410631,False,False,excluded,excluded,non_list1,non_list1,insufficient_positive_pre_months|direct_policy_scope_overlap,insufficient_positive_pre_months|direct_policy_scope_overlap,4,3,24,22,24254,14558,0,0,0.000000000000,0.000000000000
410632,False,False,excluded,excluded,non_list1,non_list1,insufficient_positive_pre_months|direct_policy_scope_overlap,insufficient_positive_pre_months|direct_policy_scope_overlap,12,12,24,22,324548,324548,0,0,0.000000000000,0.000000000000
410640,False,False,excluded,excluded,non_list1,non_list1,insufficient_positive_pre_months|direct_policy_scope_overlap,insufficient_positive_pre_months|direct_policy_scope_overlap,2,2,24,22,8016,8016,0,0,0.000000000000,0.000000000000
410691,False,False,excluded,excluded,non_list1,non_list1,insufficient_positive_pre_months|direct_policy_scope_overlap,insufficient_positive_pre_months|direct_policy_scope_overlap,4,3,24,22,16199,12524,0,0,0.000000000000,0.000000000000
410692,False,False,excluded,excluded,non_list1,non_list1,insufficient_positive_pre_months|direct_policy_scope_overlap,insufficient_positive_pre_months|direct_policy_scope_overlap,2,2,24,22,1283,1283,0,0,0.000000000000,0.000000000000
410711,False,False,excluded,excluded,non_list1,non_list1,direct_policy_scope_overlap,direct_policy_scope_overlap,29,26,24,22,31533538,26602050,0,0,0.000000000000,0.000000000000
410712,False,False,excluded,excluded,non_list1,non_list1,direct_policy_scope_overlap,direct_policy_scope_overlap,29,26,24,22,19817453,19476368,0,0,0.000000000000,0.000000000000
410719,False,False,excluded,excluded,non_list1,non_list1,direct_policy_scope_overlap,direct_policy_scope_overlap,27,24,24,22,620573,584196,0,0,0.000000000000,0.000000000000
410791,False,False,excluded,excluded,non_list1,non_list1,direct_policy_scope_overlap,direct_policy_scope_overlap,25,23,24,22,451987,421830,0,0,0.000000000000,0.000000000000
410792,False,False,excluded,excluded,non_list1,non_list1,direct_policy_scope_overlap,direct_policy_scope_overlap,28,25,24,22,1549878,1072952,0,0,0.000000000000,0.000000000000
410799,False,False,excluded,excluded,non_list1,non_list1,direct_policy_scope_overlap,direct_policy_scope_overlap,29,26,24,22,930316,655503,0,0,0.000000000000,0.000000000000
411200,False,False,excluded,excluded,non_list1,non_list1,direct_policy_scope_overlap,direct_policy_scope_overlap,26,24,24,22,364834,345852,0,0,0.000000000000,0.000000000000
411310,False,False,excluded,excluded,non_list1,non_list1,insufficient_positive_pre_months|direct_policy_scope_overlap,insufficient_positive_pre_months|direct_policy_scope_overlap,11,11,24,22,38026,38026,0,0,0.000000000000,0.000000000000
411320,False,False,excluded,excluded,non_list1,non_list1,insufficient_positive_pre_months|direct_policy_scope_overlap,insufficient_positive_pre_months|direct_policy_scope_overlap,7,6,24,22,118375,76255,0,0,0.000000000000,0.000000000000
411330,False,False,excluded,excluded,non_list1,non_list1,insufficient_positive_pre_months|direct_policy_scope_overlap,insufficient_positive_pre_months|direct_policy_scope_overlap,10,10,24,22,37636,37636,0,0,0.000000000000,0.000000000000
411390,False,False,excluded,excluded,non_list1,non_list1,insufficient_positive_pre_months|direct_policy_scope_overlap,insufficient_positive_pre_months|direct_policy_scope_overlap,17,15,24,22,161421,145044,0,0,0.000000000000,0.000000000000
411410,False,False,excluded,excluded,non_list1,non_list1,direct_policy_scope_overlap,direct_policy_scope_overlap,28,25,24,22,2113655,1897726,0,0,0.000000000000,0.000000000000
411420,False,False,excluded,excluded,non_list1,non_list1,insufficient_positive_pre_months|direct_policy_scope_overlap,insufficient_positive_pre_months|direct_policy_scope_overlap,18,17,24,22,206776,204526,0,0,0.000000000000,0.000000000000
411510,False,False,excluded,excluded,non_list1,non_list1,direct_policy_scope_overlap,direct_policy_scope_overlap,28,25,24,22,576554,497276,0,0,0.000000000000,0.000000000000
411520,False,False,excluded,excluded,non_list1,non_list1,insufficient_positive_pre_months,insufficient_positive_pre_months,4,3,24,22,18036,17676,0,0,0.000000000000,0.000000000000
420100,False,False,excluded,excluded,non_list1,non_list1,direct_policy_scope_overlap,direct_policy_scope_overlap,29,26,24,22,736932357,679821695,0,0,0.000000000000,0.000000000000
420211,False,False,excluded,excluded,non_list1,non_list1,direct_policy_scope_overlap,direct_policy_scope_overlap,29,26,24,22,78045489,72781034,0,0,0.000000000000,0.000000000000
420212,False,False,excluded,excluded,non_list1,non_list1,direct_policy_scope_overlap,direct_policy_scope_overlap,29,26,24,22,2119896601,1902977394,0,0,0.000000000000,0.000000000000
420219,False,False,excluded,excluded,non_list1,non_list1,direct_policy_scope_overlap,direct_policy_scope_overlap,29,26,24,22,36326417,33477637,0,0,0.000000000000,0.000000000000
420221,False,False,excluded,excluded,non_list1,non_list1,direct_policy_scope_overlap,direct_policy_scope_overlap,29,26,24,22,1292905004,1215002081,0,0,0.000000000000,0.000000000000
420222,False,False,excluded,excluded,non_list1,non_list1,direct_policy_scope_overlap,direct_policy_scope_overlap,29,26,24,22,2019117682,1874000311,0,0,0.000000000000,0.000000000000
420229,False,False,excluded,excluded,non_list1,non_list1,direct_policy_scope_overlap,direct_policy_scope_overlap,29,26,24,22,17305983,15630974,0,0,0.000000000000,0.000000000000
420231,False,False,excluded,excluded,non_list1,non_list1,direct_policy_scope_overlap,direct_policy_scope_overlap,29,26,24,22,402023656,374612701,0,0,0.000000000000,0.000000000000
420232,False,False,excluded,excluded,non_list1,non_list1,direct_policy_scope_overlap,direct_policy_scope_overlap,29,26,24,22,871738880,798925091,0,0,0.000000000000,0.000000000000
420239,False,False,excluded,excluded,non_list1,non_list1,direct_policy_scope_overlap,direct_policy_scope_overlap,29,26,24,22,26355247,23964623,0,0,0.000000000000,0.000000000000
420291,False,False,excluded,excluded,non_list1,non_list1,direct_policy_scope_overlap,direct_policy_scope_overlap,29,26,24,22,786436284,735661376,0,0,0.000000000000,0.000000000000
420292,False,False,excluded,excluded,non_list1,non_list1,direct_policy_scope_overlap,direct_policy_scope_overlap,29,26,24,22,7109020583,6393793730,0,0,0.000000000000,0.000000000000
420299,False,False,excluded,excluded,non_list1,non_list1,direct_policy_scope_overlap,direct_policy_scope_overlap,29,26,24,22,276020535,255116875,0,0,0.000000000000,0.000000000000
420310,False,False,excluded,excluded,non_list1,non_list1,direct_policy_scope_overlap,direct_policy_scope_overlap,29,26,24,22,321861512,305340040,0,0,0.000000000000,0.000000000000
420321,False,False,excluded,excluded,non_list1,non_list1,direct_policy_scope_overlap,direct_policy_scope_overlap,29,26,24,22,106776810,100318396,0,0,0.000000000000,0.000000000000
420329,False,False,excluded,excluded,non_list1,non_list1,direct_policy_scope_overlap,direct_policy_scope_overlap,29,26,24,22,538154808,495938452,0,0,0.000000000000,0.000000000000
420330,False,False,excluded,excluded,non_list1,non_list1,direct_policy_scope_overlap,direct_policy_scope_overlap,29,26,24,22,526093488,486061557,0,0,0.000000000000,0.000000000000
420340,False,False,excluded,excluded,non_list1,non_list1,direct_policy_scope_overlap,direct_policy_scope_overlap,29,26,24,22,7877781,7209777,0,0,0.000000000000,0.000000000000
420500,False,False,excluded,excluded,non_list1,non_list1,direct_policy_scope_overlap,direct_policy_scope_overlap,29,26,24,22,156948084,141003507,0,0,0.000000000000,0.000000000000
420600,False,False,excluded,excluded,non_list1,non_list1,insufficient_positive_pre_months,insufficient_positive_pre_months,12,11,24,22,65858,52351,0,0,0.000000000000,0.000000000000
430110,False,False,excluded,excluded,non_list1,non_list1,insufficient_positive_pre_months,insufficient_positive_pre_months,5,5,24,22,7995,7995,0,0,0.000000000000,0.000000000000
430130,False,False,excluded,excluded,non_list1,non_list1,insufficient_positive_pre_months,insufficient_positive_pre_months,8,7,24,22,18187,12987,0,0,0.000000000000,0.000000000000
430160,False,False,excluded,excluded,non_list1,non_list1,insufficient_positive_pre_months,insufficient_positive_pre_months,3,3,24,22,3765,3765,0,0,0.000000000000,0.000000000000
430180,False,False,excluded,excluded,non_list1,non_list1,insufficient_positive_pre_months,insufficient_positive_pre_months,6,6,24,22,58317,58317,0,0,0.000000000000,0.000000000000
430190,False,False,excluded,excluded,non_list1,non_list1,insufficient_positive_pre_months,insufficient_positive_pre_months,1,0,24,22,470,0,0,0,0.000000000000,0.000000000000
430211,False,False,excluded,excluded,non_list1,non_list1,insufficient_positive_pre_months|direct_policy_scope_overlap,insufficient_positive_pre_months|direct_policy_scope_overlap,19,16,24,22,172641,144631,0,0,0.000000000000,0.000000000000
430219,False,False,excluded,excluded,non_list1,non_list1,direct_policy_scope_overlap,direct_policy_scope_overlap,29,26,24,22,5581397,4959349,0,0,0.000000000000,0.000000000000
430220,False,False,excluded,excluded,non_list1,non_list1,insufficient_positive_pre_months|direct_policy_scope_overlap,insufficient_positive_pre_months|direct_policy_scope_overlap,14,12,24,22,176381,163091,0,0,0.000000000000,0.000000000000
430230,False,False,excluded,excluded,non_list1,non_list1,direct_policy_scope_overlap,direct_policy_scope_overlap,29,26,24,22,384048,351258,0,0,0.000000000000,0.000000000000
430310,False,False,excluded,excluded,non_list1,non_list1,direct_policy_scope_overlap,direct_policy_scope_overlap,29,26,24,22,88806910,86404995,0,0,0.000000000000,0.000000000000
430390,False,False,excluded,excluded,non_list1,non_list1,direct_policy_scope_overlap,direct_policy_scope_overlap,29,26,24,22,64395944,60604419,0,0,0.000000000000,0.000000000000
430400,False,False,excluded,excluded,non_list1,non_list1,direct_policy_scope_overlap,direct_policy_scope_overlap,29,26,24,22,6990896,6806317,0,0,0.000000000000,0.000000000000
440110,False,False,excluded,excluded,non_list1,non_list1,insufficient_positive_pre_months|direct_policy_scope_overlap,insufficient_positive_pre_months|direct_policy_scope_overlap,1,0,24,22,6550,0,0,0,0.000000000000,0.000000000000
440121,False,False,excluded,excluded,non_list1,non_list1,insufficient_positive_pre_months|direct_policy_scope_overlap,insufficient_positive_pre_months|direct_policy_scope_overlap,0,0,24,22,0,0,0,0,0.000000000000,0.000000000000
440122,False,False,excluded,excluded,non_list1,non_list1,insufficient_positive_pre_months|direct_policy_scope_overlap,insufficient_positive_pre_months|direct_policy_scope_overlap,14,13,24,22,417664,353464,0,0,0.000000000000,0.000000000000
440131,False,False,excluded,excluded,non_list1,non_list1,insufficient_positive_pre_months|direct_policy_scope_overlap,insufficient_positive_pre_months|direct_policy_scope_overlap,7,6,24,22,91582,79615,0,0,0.000000000000,0.000000000000
440139,False,False,excluded,excluded,non_list1,non_list1,insufficient_positive_pre_months|direct_policy_scope_overlap,insufficient_positive_pre_months|direct_policy_scope_overlap,23,20,24,22,1068031,903366,0,0,0.000000000000,0.000000000000
440210,False,False,excluded,excluded,non_list1,non_list1,direct_policy_scope_overlap,direct_policy_scope_overlap,29,26,24,22,3965941,3328959,0,0,0.000000000000,0.000000000000
440290,False,False,excluded,excluded,non_list1,non_list1,direct_policy_scope_overlap,direct_policy_scope_overlap,29,26,24,22,3723723,3222716,0,0,0.000000000000,0.000000000000
440310,False,False,excluded,excluded,non_list1,non_list1,insufficient_positive_pre_months|direct_policy_scope_overlap,insufficient_positive_pre_months|direct_policy_scope_overlap,6,3,24,22,21193,7177,0,0,0.000000000000,0.000000000000
440320,False,False,excluded,excluded,non_list1,non_list1,insufficient_positive_pre_months|direct_policy_scope_overlap,insufficient_positive_pre_months|direct_policy_scope_overlap,10,9,24,22,366106,342847,0,0,0.000000000000,0.000000000000
440349,False,False,excluded,excluded,non_list1,non_list1,insufficient_positive_pre_months|direct_policy_scope_overlap,insufficient_positive_pre_months|direct_policy_scope_overlap,2,2,24,22,32251,32251,0,0,0.000000000000,0.000000000000
440391,False,False,excluded,excluded,non_list1,non_list1,insufficient_positive_pre_months|direct_policy_scope_overlap,insufficient_positive_pre_months|direct_policy_scope_overlap,2,2,24,22,15214,15214,0,0,0.000000000000,0.000000000000
440392,False,False,excluded,excluded,non_list1,non_list1,insufficient_positive_pre_months|direct_policy_scope_overlap,insufficient_positive_pre_months|direct_policy_scope_overlap,0,0,24,22,0,0,0,0,0.000000000000,0.000000000000
440399,False,False,excluded,excluded,non_list1,non_list1,direct_policy_scope_overlap,direct_policy_scope_overlap,28,25,24,22,3720117,3354429,0,0,0.000000000000,0.000000000000
440410,False,False,excluded,excluded,non_list1,non_list1,direct_policy_scope_overlap,direct_policy_scope_overlap,25,22,24,22,7900306,6548216,0,0,0.000000000000,0.000000000000
440420,False,False,excluded,excluded,non_list1,non_list1,insufficient_positive_pre_months|direct_policy_scope_overlap,insufficient_positive_pre_months|direct_policy_scope_overlap,14,12,24,22,274841,199585,0,0,0.000000000000,0.000000000000
440500,False,False,excluded,excluded,non_list1,non_list1,insufficient_positive_pre_months|direct_policy_scope_overlap,insufficient_positive_pre_months|direct_policy_scope_overlap,17,15,24,22,289987,263741,0,0,0.000000000000,0.000000000000
440610,False,False,excluded,excluded,non_list1,non_list1,insufficient_positive_pre_months|direct_policy_scope_overlap,insufficient_positive_pre_months|direct_policy_scope_overlap,0,0,24,22,0,0,0,0,0.000000000000,0.000000000000
440690,False,False,excluded,excluded,non_list1,non_list1,insufficient_positive_pre_months|direct_policy_scope_overlap,insufficient_positive_pre_months|direct_policy_scope_overlap,0,0,24,22,0,0,0,0,0.000000000000,0.000000000000
440710,False,False,excluded,excluded,non_list1,non_list1,insufficient_positive_pre_months|direct_policy_scope_overlap,insufficient_positive_pre_months|direct_policy_scope_overlap,17,14,24,22,83749074,67042476,0,0,0.000000000000,0.000000000000
440721,False,False,excluded,excluded,non_list1,non_list1,insufficient_positive_pre_months|direct_policy_scope_overlap,insufficient_positive_pre_months|direct_policy_scope_overlap,0,0,24,22,0,0,0,0,0.000000000000,0.000000000000
440722,False,False,excluded,excluded,non_list1,non_list1,insufficient_positive_pre_months|direct_policy_scope_overlap,insufficient_positive_pre_months|direct_policy_scope_overlap,7,7,24,22,238386,238386,0,0,0.000000000000,0.000000000000
440725,False,False,excluded,excluded,non_list1,non_list1,insufficient_positive_pre_months|direct_policy_scope_overlap,insufficient_positive_pre_months|direct_policy_scope_overlap,0,0,24,22,0,0,0,0,0.000000000000,0.000000000000
440727,False,False,excluded,excluded,non_list1,non_list1,insufficient_positive_pre_months|direct_policy_scope_overlap,insufficient_positive_pre_months|direct_policy_scope_overlap,1,1,24,22,2339,2339,0,0,0.000000000000,0.000000000000
440728,False,False,excluded,excluded,non_list1,non_list1,insufficient_positive_pre_months|direct_policy_scope_overlap,insufficient_positive_pre_months|direct_policy_scope_overlap,1,1,24,22,8634,8634,0,0,0.000000000000,0.000000000000
440729,False,False,excluded,excluded,non_list1,non_list1,direct_policy_scope_overlap,direct_policy_scope_overlap,29,26,24,22,6520824,5746542,0,0,0.000000000000,0.000000000000
440791,False,False,excluded,excluded,non_list1,non_list1,insufficient_positive_pre_months|direct_policy_scope_overlap,insufficient_positive_pre_months|direct_policy_scope_overlap,15,15,24,22,2540183,2540183,0,0,0.000000000000,0.000000000000
440792,False,False,excluded,excluded,non_list1,non_list1,insufficient_positive_pre_months|direct_policy_scope_overlap,insufficient_positive_pre_months|direct_policy_scope_overlap,1,1,24,22,5141,5141,0,0,0.000000000000,0.000000000000
440793,False,False,excluded,excluded,non_list1,non_list1,insufficient_positive_pre_months|direct_policy_scope_overlap,insufficient_positive_pre_months|direct_policy_scope_overlap,1,1,24,22,2270,2270,0,0,0.000000000000,0.000000000000
440794,False,False,excluded,excluded,non_list1,non_list1,insufficient_positive_pre_months|direct_policy_scope_overlap,insufficient_positive_pre_months|direct_policy_scope_overlap,0,0,24,22,0,0,0,0,0.000000000000,0.000000000000
440795,False,False,excluded,excluded,non_list1,non_list1,insufficient_positive_pre_months|direct_policy_scope_overlap,insufficient_positive_pre_months|direct_policy_scope_overlap,2,1,24,22,5436,3186,0,0,0.000000000000,0.000000000000
440799,False,False,excluded,excluded,non_list1,non_list1,direct_policy_scope_overlap,direct_policy_scope_overlap,28,25,24,22,25671979,21757024,0,0,0.000000000000,0.000000000000
440810,False,False,excluded,excluded,non_list1,non_list1,insufficient_positive_pre_months|direct_policy_scope_overlap,insufficient_positive_pre_months|direct_policy_scope_overlap,18,16,24,22,505941,392673,0,0,0.000000000000,0.000000000000
440831,False,False,excluded,excluded,non_list1,non_list1,insufficient_positive_pre_months|direct_policy_scope_overlap,insufficient_positive_pre_months|direct_policy_scope_overlap,0,0,24,22,0,0,0,0,0.000000000000,0.000000000000
440839,False,False,excluded,excluded,non_list1,non_list1,insufficient_positive_pre_months|direct_policy_scope_overlap,insufficient_positive_pre_months|direct_policy_scope_overlap,17,14,24,22,7155041,5537669,0,0,0.000000000000,0.000000000000
440890,False,False,excluded,excluded,non_list1,non_list1,direct_policy_scope_overlap,direct_policy_scope_overlap,29,26,24,22,13604913,11476553,0,0,0.000000000000,0.000000000000
440910,False,False,excluded,excluded,non_list1,non_list1,direct_policy_scope_overlap,direct_policy_scope_overlap,29,26,24,22,351854920,306009940,0,0,0.000000000000,0.000000000000
440921,False,False,excluded,excluded,non_list1,non_list1,direct_policy_scope_overlap,direct_policy_scope_overlap,28,25,24,22,3795728,3503445,0,0,0.000000000000,0.000000000000
440922,False,False,excluded,excluded,non_list1,non_list1,insufficient_positive_pre_months|direct_policy_scope_overlap,insufficient_positive_pre_months|direct_policy_scope_overlap,17,14,24,22,2293792,1955691,0,0,0.000000000000,0.000000000000
440929,False,False,excluded,excluded,non_list1,non_list1,insufficient_positive_pre_months|direct_policy_scope_overlap,insufficient_positive_pre_months|direct_policy_scope_overlap,17,14,24,22,130851620,108159978,0,0,0.000000000000,0.000000000000
441011,False,False,excluded,excluded,non_list1,non_list1,direct_policy_scope_overlap,direct_policy_scope_overlap,29,26,24,22,8396413,7358302,0,0,0.000000000000,0.000000000000
441012,False,False,excluded,excluded,non_list1,non_list1,direct_policy_scope_overlap,direct_policy_scope_overlap,25,22,24,22,3022849,2019118,0,0,0.000000000000,0.000000000000
441019,False,False,excluded,excluded,non_list1,non_list1,insufficient_positive_pre_months|direct_policy_scope_overlap,insufficient_positive_pre_months|direct_policy_scope_overlap,23,20,24,22,953576,890729,0,0,0.000000000000,0.000000000000
441090,False,False,excluded,excluded,non_list1,non_list1,direct_policy_scope_overlap,direct_policy_scope_overlap,25,22,24,22,2141337,1997456,0,0,0.000000000000,0.000000000000
441112,False,False,excluded,excluded,non_list1,non_list1,direct_policy_scope_overlap,direct_policy_scope_overlap,29,26,24,22,7799634,6879649,0,0,0.000000000000,0.000000000000
441113,False,False,excluded,excluded,non_list1,non_list1,direct_policy_scope_overlap,direct_policy_scope_overlap,29,26,24,22,138593838,125621222,0,0,0.000000000000,0.000000000000
441114,False,False,excluded,excluded,non_list1,non_list1,direct_policy_scope_overlap,direct_policy_scope_overlap,29,26,24,22,449315121,412990070,0,0,0.000000000000,0.000000000000
441192,False,False,excluded,excluded,non_list1,non_list1,direct_policy_scope_overlap,direct_policy_scope_overlap,29,26,24,22,18294856,17233369,0,0,0.000000000000,0.000000000000
441193,False,False,excluded,excluded,non_list1,non_list1,direct_policy_scope_overlap,direct_policy_scope_overlap,29,26,24,22,17439365,15577951,0,0,0.000000000000,0.000000000000
441194,False,False,excluded,excluded,non_list1,non_list1,insufficient_positive_pre_months|direct_policy_scope_overlap,insufficient_positive_pre_months|direct_policy_scope_overlap,20,18,24,22,822969,752785,0,0,0.000000000000,0.000000000000
441210,False,False,excluded,excluded,non_list1,non_list1,direct_policy_scope_overlap,direct_policy_scope_overlap,29,26,24,22,154731918,135966601,0,0,0.000000000000,0.000000000000
441231,False,False,excluded,excluded,non_list1,non_list1,insufficient_positive_pre_months|direct_policy_scope_overlap,insufficient_positive_pre_months|direct_policy_scope_overlap,17,14,24,22,21499558,19023590,0,0,0.000000000000,0.000000000000
441232,False,False,excluded,excluded,non_list1,non_list1,insufficient_positive_pre_months|direct_policy_scope_overlap,insufficient_positive_pre_months|direct_policy_scope_overlap,17,14,24,22,927808737,840467583,0,0,0.000000000000,0.000000000000
441239,False,False,excluded,excluded,non_list1,non_list1,direct_policy_scope_overlap,direct_policy_scope_overlap,29,26,24,22,259071491,175039770,0,0,0.000000000000,0.000000000000
441294,False,False,excluded,excluded,non_list1,non_list1,direct_policy_scope_overlap,direct_policy_scope_overlap,29,26,24,22,44793751,41723723,0,0,0.000000000000,0.000000000000
441299,False,False,excluded,excluded,non_list1,non_list1,direct_policy_scope_overlap,direct_policy_scope_overlap,29,26,24,22,446932492,406276842,0,0,0.000000000000,0.000000000000
441300,False,False,excluded,excluded,non_list1,non_list1,direct_policy_scope_overlap,direct_policy_scope_overlap,29,26,24,22,1712346,1413510,0,0,0.000000000000,0.000000000000
441400,False,False,control_candidate,control_candidate,non_list1,non_list1,,,29,26,24,22,497016188,448584092,0,0,0.000000000000,0.000000000000
441510,False,False,excluded,excluded,non_list1,non_list1,direct_policy_scope_overlap,direct_policy_scope_overlap,29,26,24,22,18027607,15677555,0,0,0.000000000000,0.000000000000
441520,False,False,excluded,excluded,non_list1,non_list1,direct_policy_scope_overlap,direct_policy_scope_overlap,29,26,24,22,3090353,2540209,0,0,0.000000000000,0.000000000000
441600,False,False,excluded,excluded,non_list1,non_list1,direct_policy_scope_overlap,direct_policy_scope_overlap,28,25,24,22,3014236,2018407,0,0,0.000000000000,0.000000000000
441700,False,False,excluded,excluded,non_list1,non_list1,direct_policy_scope_overlap,direct_policy_scope_overlap,29,26,24,22,29032956,26020993,0,0,0.000000000000,0.000000000000
441810,False,False,excluded,excluded,non_list1,non_list1,direct_policy_scope_overlap,direct_policy_scope_overlap,29,26,24,22,4261532,3252173,0,0,0.000000000000,0.000000000000
441820,False,False,excluded,excluded,non_list1,non_list1,direct_policy_scope_overlap,direct_policy_scope_overlap,29,26,24,22,264334694,242898188,0,0,0.000000000000,0.000000000000
441840,False,False,excluded,excluded,non_list1,non_list1,direct_policy_scope_overlap,direct_policy_scope_overlap,27,24,24,22,10734589,8563473,0,0,0.000000000000,0.000000000000
441850,False,False,excluded,excluded,non_list1,non_list1,insufficient_positive_pre_months|direct_policy_scope_overlap,insufficient_positive_pre_months|direct_policy_scope_overlap,18,15,24,22,185271,140449,0,0,0.000000000000,0.000000000000
441860,False,False,excluded,excluded,non_list1,non_list1,insufficient_positive_pre_months|direct_policy_scope_overlap,insufficient_positive_pre_months|direct_policy_scope_overlap,8,8,24,22,116406,116406,0,0,0.000000000000,0.000000000000
441873,False,False,excluded,excluded,non_list1,non_list1,insufficient_positive_pre_months|direct_policy_scope_overlap,insufficient_positive_pre_months|direct_policy_scope_overlap,17,14,24,22,29226539,26671246,0,0,0.000000000000,0.000000000000
441874,False,False,excluded,excluded,non_list1,non_list1,insufficient_positive_pre_months|direct_policy_scope_overlap,insufficient_positive_pre_months|direct_policy_scope_overlap,7,6,24,22,255422,234312,0,0,0.000000000000,0.000000000000
441875,False,False,excluded,excluded,non_list1,non_list1,insufficient_positive_pre_months|direct_policy_scope_overlap,insufficient_positive_pre_months|direct_policy_scope_overlap,17,14,24,22,31758196,25537923,0,0,0.000000000000,0.000000000000
441879,False,False,excluded,excluded,non_list1,non_list1,insufficient_positive_pre_months|direct_policy_scope_overlap,insufficient_positive_pre_months|direct_policy_scope_overlap,17,14,24,22,8690191,7401027,0,0,0.000000000000,0.000000000000
441891,False,False,excluded,excluded,non_list1,non_list1,insufficient_positive_pre_months|direct_policy_scope_overlap,insufficient_positive_pre_months|direct_policy_scope_overlap,17,14,24,22,217006279,189502489,0,0,0.000000000000,0.000000000000
441899,False,False,excluded,excluded,non_list1,non_list1,insufficient_positive_pre_months|direct_policy_scope_overlap,insufficient_positive_pre_months|direct_policy_scope_overlap,17,14,24,22,298525264,252095303,0,0,0.000000000000,0.000000000000
441911,False,False,excluded,excluded,non_list1,non_list1,insufficient_positive_pre_months,insufficient_positive_pre_months,17,14,24,22,42108584,36933512,0,0,0.000000000000,0.000000000000
441912,False,False,excluded,excluded,non_list1,non_list1,insufficient_positive_pre_months,insufficient_positive_pre_months,17,14,24,22,22915313,18550845,0,0,0.000000000000,0.000000000000
441919,False,False,excluded,excluded,non_list1,non_list1,insufficient_positive_pre_months,insufficient_positive_pre_months,17,14,24,22,62852926,53426645,0,0,0.000000000000,0.000000000000
441990,False,False,excluded,excluded,non_list1,non_list1,insufficient_positive_pre_months,insufficient_positive_pre_months,17,14,24,22,107901637,90307346,0,0,0.000000000000,0.000000000000
442010,False,False,control_candidate,control_candidate,non_list1,non_list1,,,29,26,24,22,526015550,478178241,0,0,0.000000000000,0.000000000000
442090,False,False,excluded,excluded,non_list1,non_list1,direct_policy_scope_overlap,direct_policy_scope_overlap,29,26,24,22,724480211,665902688,0,0,0.000000000000,0.000000000000
442110,False,False,control_candidate,control_candidate,non_list1,non_list1,,,29,26,24,22,96461861,88086024,0,0,0.000000000000,0.000000000000
442191,False,False,excluded,excluded,non_list1,non_list1,insufficient_positive_pre_months|direct_policy_scope_overlap,insufficient_positive_pre_months|direct_policy_scope_overlap,17,14,24,22,298459351,253789252,0,0,0.000000000000,0.000000000000
442199,False,False,excluded,excluded,non_list1,non_list1,insufficient_positive_pre_months|direct_policy_scope_overlap,insufficient_positive_pre_months|direct_policy_scope_overlap,17,14,24,22,691317728,542463562,0,0,0.000000000000,0.000000000000
450110,False,False,excluded,excluded,non_list1,non_list1,insufficient_positive_pre_months|direct_policy_scope_overlap,insufficient_positive_pre_months|direct_policy_scope_overlap,8,7,24,22,282510,269128,0,0,0.000000000000,0.000000000000
450190,False,False,excluded,excluded,non_list1,non_list1,insufficient_positive_pre_months|direct_policy_scope_overlap,insufficient_positive_pre_months|direct_policy_scope_overlap,2,2,24,22,22848,22848,0,0,0.000000000000,0.000000000000
450200,False,False,excluded,excluded,non_list1,non_list1,direct_policy_scope_overlap,insufficient_positive_pre_months|direct_policy_scope_overlap,24,21,24,22,498098,419016,0,0,0.000000000000,0.000000000000
450310,False,False,excluded,excluded,non_list1,non_list1,direct_policy_scope_overlap,direct_policy_scope_overlap,29,26,24,22,1697604,1530459,0,0,0.000000000000,0.000000000000
450390,False,False,excluded,excluded,non_list1,non_list1,direct_policy_scope_overlap,direct_policy_scope_overlap,29,26,24,22,2379597,2251943,0,0,0.000000000000,0.000000000000
450410,False,False,excluded,excluded,non_list1,non_list1,direct_policy_scope_overlap,direct_policy_scope_overlap,29,26,24,22,14376897,13657430,0,0,0.000000000000,0.000000000000
450490,False,False,excluded,excluded,non_list1,non_list1,direct_policy_scope_overlap,direct_policy_scope_overlap,29,26,24,22,37799626,34218955,0,0,0.000000000000,0.000000000000
460121,False,False,excluded,excluded,non_list1,non_list1,direct_policy_scope_overlap,direct_policy_scope_overlap,29,26,24,22,5455918,5000931,0,0,0.000000000000,0.000000000000
460122,False,False,excluded,excluded,non_list1,non_list1,insufficient_positive_pre_months|direct_policy_scope_overlap,insufficient_positive_pre_months|direct_policy_scope_overlap,9,7,24,22,161886,153487,0,0,0.000000000000,0.000000000000
460129,False,False,excluded,excluded,non_list1,non_list1,direct_policy_scope_overlap,direct_policy_scope_overlap,29,26,24,22,3763417,3373328,0,0,0.000000000000,0.000000000000
460192,False,False,excluded,excluded,non_list1,non_list1,direct_policy_scope_overlap,direct_policy_scope_overlap,29,26,24,22,7217914,6476590,0,0,0.000000000000,0.000000000000
460193,False,False,excluded,excluded,non_list1,non_list1,direct_policy_scope_overlap,direct_policy_scope_overlap,29,26,24,22,1330672,1182849,0,0,0.000000000000,0.000000000000
460194,False,False,excluded,excluded,non_list1,non_list1,direct_policy_scope_overlap,direct_policy_scope_overlap,29,26,24,22,15134273,13178084,0,0,0.000000000000,0.000000000000
460199,False,False,excluded,excluded,non_list1,non_list1,direct_policy_scope_overlap,direct_policy_scope_overlap,29,26,24,22,7430389,6608759,0,0,0.000000000000,0.000000000000
460211,False,False,excluded,excluded,non_list1,non_list1,direct_policy_scope_overlap,direct_policy_scope_overlap,29,26,24,22,80744681,76228477,0,0,0.000000000000,0.000000000000
460212,False,False,excluded,excluded,non_list1,non_list1,direct_policy_scope_overlap,direct_policy_scope_overlap,29,26,24,22,22726703,20711749,0,0,0.000000000000,0.000000000000
460219,False,False,excluded,excluded,non_list1,non_list1,direct_policy_scope_overlap,direct_policy_scope_overlap,29,26,24,22,300588652,275297995,0,0,0.000000000000,0.000000000000
460290,False,False,excluded,excluded,non_list1,non_list1,direct_policy_scope_overlap,direct_policy_scope_overlap,29,26,24,22,294425314,260340708,0,0,0.000000000000,0.000000000000
470100,False,False,excluded,excluded,non_list1,non_list1,insufficient_positive_pre_months|direct_policy_scope_overlap,insufficient_positive_pre_months|direct_policy_scope_overlap,0,0,24,22,0,0,0,0,0.000000000000,0.000000000000
470200,False,False,excluded,excluded,non_list1,non_list1,insufficient_positive_pre_months|direct_policy_scope_overlap,insufficient_positive_pre_months|direct_policy_scope_overlap,2,2,24,22,112264,112264,0,0,0.000000000000,0.000000000000
470311,False,False,excluded,excluded,non_list1,non_list1,insufficient_positive_pre_months|direct_policy_scope_overlap,insufficient_positive_pre_months|direct_policy_scope_overlap,0,0,24,22,0,0,0,0,0.000000000000,0.000000000000
470319,False,False,excluded,excluded,non_list1,non_list1,insufficient_positive_pre_months|direct_policy_scope_overlap,insufficient_positive_pre_months|direct_policy_scope_overlap,0,0,24,22,0,0,0,0,0.000000000000,0.000000000000
470321,False,False,excluded,excluded,non_list1,non_list1,insufficient_positive_pre_months|direct_policy_scope_overlap,insufficient_positive_pre_months|direct_policy_scope_overlap,0,0,24,22,0,0,0,0,0.000000000000,0.000000000000
470329,False,False,excluded,excluded,non_list1,non_list1,insufficient_positive_pre_months|direct_policy_scope_overlap,insufficient_positive_pre_months|direct_policy_scope_overlap,1,1,24,22,13303,13303,0,0,0.000000000000,0.000000000000
470411,False,False,excluded,excluded,non_list1,non_list1,insufficient_positive_pre_months|direct_policy_scope_overlap,insufficient_positive_pre_months|direct_policy_scope_overlap,1,1,24,22,14604,14604,0,0,0.000000000000,0.000000000000
470421,False,False,excluded,excluded,non_list1,non_list1,insufficient_positive_pre_months|direct_policy_scope_overlap,insufficient_positive_pre_months|direct_policy_scope_overlap,0,0,24,22,0,0,0,0,0.000000000000,0.000000000000
470429,False,False,excluded,excluded,non_list1,non_list1,insufficient_positive_pre_months|direct_policy_scope_overlap,insufficient_positive_pre_months|direct_policy_scope_overlap,0,0,24,22,0,0,0,0,0.000000000000,0.000000000000
470500,False,False,excluded,excluded,non_list1,non_list1,insufficient_positive_pre_months|direct_policy_scope_overlap,insufficient_positive_pre_months|direct_policy_scope_overlap,9,7,24,22,233629,163368,0,0,0.000000000000,0.000000000000
470610,False,False,excluded,excluded,non_list1,non_list1,direct_policy_scope_overlap,direct_policy_scope_overlap,24,22,24,22,8778728,8340248,0,0,0.000000000000,0.000000000000
470620,False,False,excluded,excluded,non_list1,non_list1,direct_policy_scope_overlap,direct_policy_scope_overlap,25,22,24,22,335118,278910,0,0,0.000000000000,0.000000000000
470630,False,False,excluded,excluded,non_list1,non_list1,insufficient_positive_pre_months|direct_policy_scope_overlap,insufficient_positive_pre_months|direct_policy_scope_overlap,13,12,24,22,523777,470408,0,0,0.000000000000,0.000000000000
470691,False,False,excluded,excluded,non_list1,non_list1,insufficient_positive_pre_months|direct_policy_scope_overlap,insufficient_positive_pre_months|direct_policy_scope_overlap,2,2,24,22,9223,9223,0,0,0.000000000000,0.000000000000
470692,False,False,excluded,excluded,non_list1,non_list1,insufficient_positive_pre_months|direct_policy_scope_overlap,insufficient_positive_pre_months|direct_policy_scope_overlap,6,6,24,22,186705,186705,0,0,0.000000000000,0.000000000000
470693,False,False,excluded,excluded,non_list1,non_list1,insufficient_positive_pre_months|direct_policy_scope_overlap,insufficient_positive_pre_months|direct_policy_scope_overlap,4,4,24,22,97368,97368,0,0,0.000000000000,0.000000000000
470710,False,False,excluded,excluded,non_list1,non_list1,insufficient_positive_pre_months|direct_policy_scope_overlap,insufficient_positive_pre_months|direct_policy_scope_overlap,15,14,24,22,250373,236517,0,0,0.000000000000,0.000000000000
470720,False,False,excluded,excluded,non_list1,non_list1,insufficient_positive_pre_months|direct_policy_scope_overlap,insufficient_positive_pre_months|direct_policy_scope_overlap,4,4,24,22,18986,18986,0,0,0.000000000000,0.000000000000
470730,False,False,excluded,excluded,non_list1,non_list1,insufficient_positive_pre_months|direct_policy_scope_overlap,insufficient_positive_pre_months|direct_policy_scope_overlap,11,9,24,22,168999,99535,0,0,0.000000000000,0.000000000000
470790,False,False,excluded,excluded,non_list1,non_list1,insufficient_positive_pre_months|direct_policy_scope_overlap,insufficient_positive_pre_months|direct_policy_scope_overlap,5,5,24,22,82723,82723,0,0,0.000000000000,0.000000000000
480100,False,False,excluded,excluded,non_list1,non_list1,insufficient_positive_pre_months|direct_policy_scope_overlap,insufficient_positive_pre_months|direct_policy_scope_overlap,6,6,24,22,67284,67284,0,0,0.000000000000,0.000000000000
480210,False,False,excluded,excluded,non_list1,non_list1,insufficient_positive_pre_months|direct_policy_scope_overlap,insufficient_positive_pre_months|direct_policy_scope_overlap,21,20,24,22,761991,743234,0,0,0.000000000000,0.000000000000
480220,False,False,excluded,excluded,non_list1,non_list1,direct_policy_scope_overlap,direct_policy_scope_overlap,26,23,24,22,1469974,1399338,0,0,0.000000000000,0.000000000000
480240,False,False,excluded,excluded,non_list1,non_list1,insufficient_positive_pre_months|direct_policy_scope_overlap,insufficient_positive_pre_months|direct_policy_scope_overlap,11,10,24,22,127117,108667,0,0,0.000000000000,0.000000000000
480254,False,False,excluded,excluded,non_list1,non_list1,direct_policy_scope_overlap,direct_policy_scope_overlap,29,26,24,22,864341,718432,0,0,0.000000000000,0.000000000000
480255,False,False,excluded,excluded,non_list1,non_list1,direct_policy_scope_overlap,direct_policy_scope_overlap,29,26,24,22,4022815,3797182,0,0,0.000000000000,0.000000000000
480256,False,False,excluded,excluded,non_list1,non_list1,direct_policy_scope_overlap,direct_policy_scope_overlap,26,25,24,22,605344,589209,0,0,0.000000000000,0.000000000000
480257,False,False,excluded,excluded,non_list1,non_list1,insufficient_positive_pre_months|direct_policy_scope_overlap,insufficient_positive_pre_months|direct_policy_scope_overlap,17,16,24,22,1175022,1071392,0,0,0.000000000000,0.000000000000
480258,False,False,excluded,excluded,non_list1,non_list1,direct_policy_scope_overlap,direct_policy_scope_overlap,28,25,24,22,1871384,1579490,0,0,0.000000000000,0.000000000000
480261,False,False,excluded,excluded,non_list1,non_list1,direct_policy_scope_overlap,direct_policy_scope_overlap,29,26,24,22,1326082,1230459,0,0,0.000000000000,0.000000000000
480262,False,False,excluded,excluded,non_list1,non_list1,insufficient_positive_pre_months|direct_policy_scope_overlap,insufficient_positive_pre_months|direct_policy_scope_overlap,21,19,24,22,418472,382952,0,0,0.000000000000,0.000000000000
480269,False,False,excluded,excluded,non_list1,non_list1,direct_policy_scope_overlap,direct_policy_scope_overlap,29,26,24,22,2692835,2484120,0,0,0.000000000000,0.000000000000
480300,False,False,excluded,excluded,non_list1,non_list1,direct_policy_scope_overlap,direct_policy_scope_overlap,29,26,24,22,47187237,44669393,0,0,0.000000000000,0.000000000000
480411,False,False,excluded,excluded,non_list1,non_list1,insufficient_positive_pre_months|direct_policy_scope_overlap,insufficient_positive_pre_months|direct_policy_scope_overlap,7,7,24,22,53510,53510,0,0,0.000000000000,0.000000000000
480419,False,False,excluded,excluded,non_list1,non_list1,insufficient_positive_pre_months|direct_policy_scope_overlap,insufficient_positive_pre_months|direct_policy_scope_overlap,3,1,24,22,45404,17555,0,0,0.000000000000,0.000000000000
480421,False,False,excluded,excluded,non_list1,non_list1,insufficient_positive_pre_months|direct_policy_scope_overlap,insufficient_positive_pre_months|direct_policy_scope_overlap,11,9,24,22,106950,94400,0,0,0.000000000000,0.000000000000
480429,False,False,excluded,excluded,non_list1,non_list1,insufficient_positive_pre_months|direct_policy_scope_overlap,insufficient_positive_pre_months|direct_policy_scope_overlap,5,4,24,22,47343,42183,0,0,0.000000000000,0.000000000000
480431,False,False,excluded,excluded,non_list1,non_list1,direct_policy_scope_overlap,direct_policy_scope_overlap,29,26,24,22,2774888,2646056,0,0,0.000000000000,0.000000000000
480439,False,False,excluded,excluded,non_list1,non_list1,direct_policy_scope_overlap,direct_policy_scope_overlap,29,26,24,22,5344606,5019120,0,0,0.000000000000,0.000000000000
480441,False,False,excluded,excluded,non_list1,non_list1,insufficient_positive_pre_months|direct_policy_scope_overlap,insufficient_positive_pre_months|direct_policy_scope_overlap,11,9,24,22,91528,67466,0,0,0.000000000000,0.000000000000
480442,False,False,excluded,excluded,non_list1,non_list1,insufficient_positive_pre_months|direct_policy_scope_overlap,insufficient_positive_pre_months|direct_policy_scope_overlap,15,12,24,22,148669,113789,0,0,0.000000000000,0.000000000000
480449,False,False,excluded,excluded,non_list1,non_list1,insufficient_positive_pre_months|direct_policy_scope_overlap,insufficient_positive_pre_months|direct_policy_scope_overlap,23,21,24,22,820061,563049,0,0,0.000000000000,0.000000000000
480451,False,False,excluded,excluded,non_list1,non_list1,insufficient_positive_pre_months|direct_policy_scope_overlap,insufficient_positive_pre_months|direct_policy_scope_overlap,10,8,24,22,155939,95794,0,0,0.000000000000,0.000000000000
480452,False,False,excluded,excluded,non_list1,non_list1,insufficient_positive_pre_months|direct_policy_scope_overlap,insufficient_positive_pre_months|direct_policy_scope_overlap,18,17,24,22,283456,279256,0,0,0.000000000000,0.000000000000
480459,False,False,excluded,excluded,non_list1,non_list1,insufficient_positive_pre_months|direct_policy_scope_overlap,insufficient_positive_pre_months|direct_policy_scope_overlap,13,11,24,22,211256,133717,0,0,0.000000000000,0.000000000000
480511,False,False,excluded,excluded,non_list1,non_list1,insufficient_positive_pre_months|direct_policy_scope_overlap,insufficient_positive_pre_months|direct_policy_scope_overlap,7,6,24,22,24625,21450,0,0,0.000000000000,0.000000000000
480512,False,False,excluded,excluded,non_list1,non_list1,insufficient_positive_pre_months|direct_policy_scope_overlap,insufficient_positive_pre_months|direct_policy_scope_overlap,0,0,24,22,0,0,0,0,0.000000000000,0.000000000000
480519,False,False,excluded,excluded,non_list1,non_list1,insufficient_positive_pre_months|direct_policy_scope_overlap,insufficient_positive_pre_months|direct_policy_scope_overlap,10,9,24,22,165115,158015,0,0,0.000000000000,0.000000000000
480524,False,False,excluded,excluded,non_list1,non_list1,insufficient_positive_pre_months|direct_policy_scope_overlap,insufficient_positive_pre_months|direct_policy_scope_overlap,2,1,24,22,7200,3600,0,0,0.000000000000,0.000000000000
480525,False,False,excluded,excluded,non_list1,non_list1,insufficient_positive_pre_months|direct_policy_scope_overlap,insufficient_positive_pre_months|direct_policy_scope_overlap,1,1,24,22,26034,26034,0,0,0.000000000000,0.000000000000
480530,False,False,excluded,excluded,non_list1,non_list1,insufficient_positive_pre_months|direct_policy_scope_overlap,insufficient_positive_pre_months|direct_policy_scope_overlap,14,12,24,22,291193,286305,0,0,0.000000000000,0.000000000000
480540,False,False,excluded,excluded,non_list1,non_list1,direct_policy_scope_overlap,direct_policy_scope_overlap,28,25,24,22,3147053,2648179,0,0,0.000000000000,0.000000000000
480550,False,False,excluded,excluded,non_list1,non_list1,insufficient_positive_pre_months|direct_policy_scope_overlap,insufficient_positive_pre_months|direct_policy_scope_overlap,7,6,24,22,44777,40397,0,0,0.000000000000,0.000000000000
480591,False,False,excluded,excluded,non_list1,non_list1,direct_policy_scope_overlap,direct_policy_scope_overlap,26,23,24,22,1364841,971867,0,0,0.000000000000,0.000000000000
480592,False,False,excluded,excluded,non_list1,non_list1,insufficient_positive_pre_months|direct_policy_scope_overlap,insufficient_positive_pre_months|direct_policy_scope_overlap,21,20,24,22,1125378,1064037,0,0,0.000000000000,0.000000000000
480593,False,False,excluded,excluded,non_list1,non_list1,direct_policy_scope_overlap,direct_policy_scope_overlap,28,25,24,22,2345536,1920444,0,0,0.000000000000,0.000000000000
480610,False,False,excluded,excluded,non_list1,non_list1,direct_policy_scope_overlap,direct_policy_scope_overlap,29,26,24,22,3153271,3005503,0,0,0.000000000000,0.000000000000
480620,False,False,excluded,excluded,non_list1,non_list1,direct_policy_scope_overlap,direct_policy_scope_overlap,29,26,24,22,1523743,1280379,0,0,0.000000000000,0.000000000000
480630,False,False,excluded,excluded,non_list1,non_list1,insufficient_positive_pre_months|direct_policy_scope_overlap,insufficient_positive_pre_months|direct_policy_scope_overlap,13,10,24,22,413678,345722,0,0,0.000000000000,0.000000000000
480640,False,False,excluded,excluded,non_list1,non_list1,direct_policy_scope_overlap,direct_policy_scope_overlap,28,25,24,22,10082641,8375695,0,0,0.000000000000,0.000000000000
480700,False,False,excluded,excluded,non_list1,non_list1,direct_policy_scope_overlap,direct_policy_scope_overlap,29,26,24,22,1610023,1403022,0,0,0.000000000000,0.000000000000
480810,False,False,excluded,excluded,non_list1,non_list1,direct_policy_scope_overlap,direct_policy_scope_overlap,29,26,24,22,12489328,11481174,0,0,0.000000000000,0.000000000000
480840,False,False,excluded,excluded,non_list1,non_list1,direct_policy_scope_overlap,direct_policy_scope_overlap,28,25,24,22,934146,781810,0,0,0.000000000000,0.000000000000
480890,False,False,excluded,excluded,non_list1,non_list1,direct_policy_scope_overlap,direct_policy_scope_overlap,29,26,24,22,2156425,1899478,0,0,0.000000000000,0.000000000000
480920,False,False,excluded,excluded,non_list1,non_list1,insufficient_positive_pre_months|direct_policy_scope_overlap,insufficient_positive_pre_months|direct_policy_scope_overlap,17,15,24,22,207830,193735,0,0,0.000000000000,0.000000000000
480990,False,False,excluded,excluded,non_list1,non_list1,direct_policy_scope_overlap,direct_policy_scope_overlap,29,26,24,22,2806515,2532236,0,0,0.000000000000,0.000000000000
481013,False,False,excluded,excluded,non_list1,non_list1,direct_policy_scope_overlap,direct_policy_scope_overlap,29,26,24,22,12768747,11244291,0,0,0.000000000000,0.000000000000
481014,False,False,excluded,excluded,non_list1,non_list1,direct_policy_scope_overlap,direct_policy_scope_overlap,29,26,24,22,7713975,6608087,0,0,0.000000000000,0.000000000000
481019,False,False,excluded,excluded,non_list1,non_list1,direct_policy_scope_overlap,direct_policy_scope_overlap,26,23,24,22,1581293,1495966,0,0,0.000000000000,0.000000000000
481022,False,False,excluded,excluded,non_list1,non_list1,direct_policy_scope_overlap,direct_policy_scope_overlap,27,25,24,22,725434,624537,0,0,0.000000000000,0.000000000000
481029,False,False,excluded,excluded,non_list1,non_list1,direct_policy_scope_overlap,direct_policy_scope_overlap,29,26,24,22,2863066,2785374,0,0,0.000000000000,0.000000000000
481031,False,False,excluded,excluded,non_list1,non_list1,direct_policy_scope_overlap,direct_policy_scope_overlap,28,25,24,22,2578467,2509106,0,0,0.000000000000,0.000000000000
481032,False,False,excluded,excluded,non_list1,non_list1,direct_policy_scope_overlap,direct_policy_scope_overlap,29,26,24,22,8274916,7789909,0,0,0.000000000000,0.000000000000
481039,False,False,excluded,excluded,non_list1,non_list1,direct_policy_scope_overlap,direct_policy_scope_overlap,29,26,24,22,4155730,3854453,0,0,0.000000000000,0.000000000000
481092,False,False,excluded,excluded,non_list1,non_list1,direct_policy_scope_overlap,direct_policy_scope_overlap,29,26,24,22,204179061,184715819,0,0,0.000000000000,0.000000000000
481099,False,False,excluded,excluded,non_list1,non_list1,direct_policy_scope_overlap,direct_policy_scope_overlap,29,26,24,22,32875581,30332615,0,0,0.000000000000,0.000000000000
481110,False,False,excluded,excluded,non_list1,non_list1,insufficient_positive_pre_months|direct_policy_scope_overlap,insufficient_positive_pre_months|direct_policy_scope_overlap,18,16,24,22,441847,409517,0,0,0.000000000000,0.000000000000
481141,False,False,excluded,excluded,non_list1,non_list1,direct_policy_scope_overlap,direct_policy_scope_overlap,29,26,24,22,86957776,76456975,0,0,0.000000000000,0.000000000000
481149,False,False,excluded,excluded,non_list1,non_list1,direct_policy_scope_overlap,direct_policy_scope_overlap,29,26,24,22,2347007,2062439,0,0,0.000000000000,0.000000000000
481151,False,False,excluded,excluded,non_list1,non_list1,direct_policy_scope_overlap,direct_policy_scope_overlap,29,26,24,22,10159497,9319527,0,0,0.000000000000,0.000000000000
481159,False,False,excluded,excluded,non_list1,non_list1,direct_policy_scope_overlap,direct_policy_scope_overlap,29,26,24,22,32447408,28684327,0,0,0.000000000000,0.000000000000
481160,False,False,excluded,excluded,non_list1,non_list1,direct_policy_scope_overlap,direct_policy_scope_overlap,29,26,24,22,3691912,3090295,0,0,0.000000000000,0.000000000000
481190,False,False,excluded,excluded,non_list1,non_list1,direct_policy_scope_overlap,direct_policy_scope_overlap,29,26,24,22,282010677,265793939,0,0,0.000000000000,0.000000000000
481200,False,False,excluded,excluded,non_list1,non_list1,direct_policy_scope_overlap,direct_policy_scope_overlap,27,24,24,22,1681658,1528105,0,0,0.000000000000,0.000000000000
481310,False,False,excluded,excluded,non_list1,non_list1,direct_policy_scope_overlap,direct_policy_scope_overlap,26,24,24,22,2760001,2535994,0,0,0.000000000000,0.000000000000
481320,False,False,excluded,excluded,non_list1,non_list1,insufficient_positive_pre_months|direct_policy_scope_overlap,insufficient_positive_pre_months|direct_policy_scope_overlap,5,5,24,22,22616,22616,0,0,0.000000000000,0.000000000000
481390,False,False,excluded,excluded,non_list1,non_list1,insufficient_positive_pre_months|direct_policy_scope_overlap,insufficient_positive_pre_months|direct_policy_scope_overlap,18,15,24,22,280903,252096,0,0,0.000000000000,0.000000000000
481420,False,False,control_candidate,control_candidate,non_list1,non_list1,,,29,26,24,22,15775554,14556526,0,0,0.000000000000,0.000000000000
481490,False,False,control_candidate,control_candidate,non_list1,non_list1,,,29,26,24,22,11440141,10352778,0,0,0.000000000000,0.000000000000
481620,False,False,excluded,excluded,non_list1,non_list1,direct_policy_scope_overlap,direct_policy_scope_overlap,25,23,24,22,839908,759157,0,0,0.000000000000,0.000000000000
481690,False,False,excluded,excluded,non_list1,non_list1,direct_policy_scope_overlap,direct_policy_scope_overlap,29,26,24,22,3651283,3368613,0,0,0.000000000000,0.000000000000
481710,False,False,excluded,excluded,non_list1,non_list1,direct_policy_scope_overlap,direct_policy_scope_overlap,29,26,24,22,35370146,31742371,0,0,0.000000000000,0.000000000000
481720,False,False,excluded,excluded,non_list1,non_list1,direct_policy_scope_overlap,direct_policy_scope_overlap,29,26,24,22,35442712,31897755,0,0,0.000000000000,0.000000000000
481730,False,False,excluded,excluded,non_list1,non_list1,direct_policy_scope_overlap,direct_policy_scope_overlap,29,26,24,22,24916359,22794200,0,0,0.000000000000,0.000000000000
481810,False,False,excluded,excluded,non_list1,non_list1,direct_policy_scope_overlap,direct_policy_scope_overlap,29,26,24,22,174076040,155103474,0,0,0.000000000000,0.000000000000
481820,False,False,excluded,excluded,non_list1,non_list1,direct_policy_scope_overlap,direct_policy_scope_overlap,29,26,24,22,222952972,199544567,0,0,0.000000000000,0.000000000000
481830,False,False,excluded,excluded,non_list1,non_list1,direct_policy_scope_overlap,direct_policy_scope_overlap,29,26,24,22,256682811,229262535,0,0,0.000000000000,0.000000000000
481850,False,False,excluded,excluded,non_list1,non_list1,direct_policy_scope_overlap,direct_policy_scope_overlap,29,26,24,22,10845086,9927056,0,0,0.000000000000,0.000000000000
481890,False,False,control_candidate,control_candidate,non_list1,non_list1,,,29,26,24,22,646879328,573721744,0,0,0.000000000000,0.000000000000
481910,False,False,excluded,excluded,non_list1,non_list1,direct_policy_scope_overlap,direct_policy_scope_overlap,29,26,24,22,438317962,398982251,0,0,0.000000000000,0.000000000000
481920,False,False,excluded,excluded,non_list1,non_list1,direct_policy_scope_overlap,direct_policy_scope_overlap,29,26,24,22,499667225,462467424,0,0,0.000000000000,0.000000000000
481930,False,False,excluded,excluded,non_list1,non_list1,direct_policy_scope_overlap,direct_policy_scope_overlap,29,26,24,22,122423242,113348848,0,0,0.000000000000,0.000000000000
481940,False,False,excluded,excluded,non_list1,non_list1,direct_policy_scope_overlap,direct_policy_scope_overlap,29,26,24,22,874552313,809848600,0,0,0.000000000000,0.000000000000
481950,False,False,excluded,excluded,non_list1,non_list1,direct_policy_scope_overlap,direct_policy_scope_overlap,29,26,24,22,559639770,514061429,0,0,0.000000000000,0.000000000000
481960,False,False,excluded,excluded,non_list1,non_list1,direct_policy_scope_overlap,direct_policy_scope_overlap,29,26,24,22,42374060,37655792,0,0,0.000000000000,0.000000000000
482010,False,False,excluded,excluded,non_list1,non_list1,direct_policy_scope_overlap,direct_policy_scope_overlap,29,26,24,22,972374443,869261537,0,0,0.000000000000,0.000000000000
482020,False,False,excluded,excluded,non_list1,non_list1,direct_policy_scope_overlap,direct_policy_scope_overlap,29,26,24,22,15177551,13447223,0,0,0.000000000000,0.000000000000
482030,False,False,excluded,excluded,non_list1,non_list1,direct_policy_scope_overlap,direct_policy_scope_overlap,29,26,24,22,325571659,286017196,0,0,0.000000000000,0.000000000000
482040,False,False,excluded,excluded,non_list1,non_list1,direct_policy_scope_overlap,direct_policy_scope_overlap,29,26,24,22,3526337,3210394,0,0,0.000000000000,0.000000000000
482050,False,False,excluded,excluded,non_list1,non_list1,direct_policy_scope_overlap,direct_policy_scope_overlap,29,26,24,22,26206209,24194546,0,0,0.000000000000,0.000000000000
482090,False,False,excluded,excluded,non_list1,non_list1,direct_policy_scope_overlap,direct_policy_scope_overlap,29,26,24,22,17422119,16182757,0,0,0.000000000000,0.000000000000
482110,False,False,excluded,excluded,non_list1,non_list1,direct_policy_scope_overlap,direct_policy_scope_overlap,29,26,24,22,137559254,127643169,0,0,0.000000000000,0.000000000000
482190,False,False,excluded,excluded,non_list1,non_list1,direct_policy_scope_overlap,direct_policy_scope_overlap,29,26,24,22,71587825,65213569,0,0,0.000000000000,0.000000000000
482210,False,False,excluded,excluded,non_list1,non_list1,insufficient_positive_pre_months|direct_policy_scope_overlap,insufficient_positive_pre_months|direct_policy_scope_overlap,14,12,24,22,209811,177067,0,0,0.000000000000,0.000000000000
482290,False,False,excluded,excluded,non_list1,non_list1,insufficient_positive_pre_months|direct_policy_scope_overlap,insufficient_positive_pre_months|direct_policy_scope_overlap,23,20,24,22,665074,567406,0,0,0.000000000000,0.000000000000
482320,False,False,excluded,excluded,non_list1,non_list1,direct_policy_scope_overlap,direct_policy_scope_overlap,29,26,24,22,40894669,36465674,0,0,0.000000000000,0.000000000000
482340,False,False,excluded,excluded,non_list1,non_list1,direct_policy_scope_overlap,direct_policy_scope_overlap,28,25,24,22,1750208,1706813,0,0,0.000000000000,0.000000000000
482361,False,False,excluded,excluded,non_list1,non_list1,direct_policy_scope_overlap,direct_policy_scope_overlap,29,26,24,22,5348540,4548568,0,0,0.000000000000,0.000000000000
482369,False,False,excluded,excluded,non_list1,non_list1,direct_policy_scope_overlap,direct_policy_scope_overlap,29,26,24,22,506572757,455607461,0,0,0.000000000000,0.000000000000
482370,False,False,excluded,excluded,non_list1,non_list1,direct_policy_scope_overlap,direct_policy_scope_overlap,29,26,24,22,190070946,161385709,0,0,0.000000000000,0.000000000000
482390,False,False,excluded,excluded,non_list1,non_list1,direct_policy_scope_overlap,direct_policy_scope_overlap,29,26,24,22,467246245,429726526,0,0,0.000000000000,0.000000000000
490110,False,False,control_candidate,control_candidate,non_list1,non_list1,,,29,26,24,22,117218708,107077739,0,0,0.000000000000,0.000000000000
490191,False,False,control_candidate,control_candidate,non_list1,non_list1,,,27,24,24,22,1686468,1577150,0,0,0.000000000000,0.000000000000
490199,False,False,control_candidate,control_candidate,non_list1,non_list1,,,29,26,24,22,1856419459,1691784602,0,0,0.000000000000,0.000000000000
490210,False,False,excluded,excluded,non_list1,non_list1,insufficient_positive_pre_months,insufficient_positive_pre_months,3,1,24,22,39061,3392,0,0,0.000000000000,0.000000000000
490290,False,False,control_candidate,control_candidate,non_list1,non_list1,,,29,26,24,22,5608790,5289932,0,0,0.000000000000,0.000000000000
490300,False,False,control_candidate,control_candidate,non_list1,non_list1,,,29,26,24,22,577773161,527722870,0,0,0.000000000000,0.000000000000
490400,False,False,excluded,excluded,non_list1,non_list1,insufficient_positive_pre_months,insufficient_positive_pre_months,13,13,24,22,356328,356328,0,0,0.000000000000,0.000000000000
490510,False,False,control_candidate,control_candidate,non_list1,non_list1,,,29,26,24,22,6851479,6415986,0,0,0.000000000000,0.000000000000
490591,False,False,control_candidate,control_candidate,non_list1,non_list1,,,25,22,24,22,5024934,3997940,0,0,0.000000000000,0.000000000000
490599,False,False,control_candidate,control_candidate,non_list1,non_list1,,,29,26,24,22,15441155,14053612,0,0,0.000000000000,0.000000000000
490600,True,False,excluded,control_candidate,non_list1,non_list1,insufficient_positive_pre_months,,23,22,24,22,604532,590670,0,0,0.000000000000,0.000000000000
490700,False,False,control_candidate,control_candidate,non_list1,non_list1,,,29,26,24,22,4897397,4510328,0,0,0.000000000000,0.000000000000
490810,False,False,control_candidate,control_candidate,non_list1,non_list1,,,29,26,24,22,6464205,5549620,0,0,0.000000000000,0.000000000000
490890,False,False,control_candidate,control_candidate,non_list1,non_list1,,,29,26,24,22,34116914,31179122,0,0,0.000000000000,0.000000000000
490900,False,False,control_candidate,control_candidate,non_list1,non_list1,,,29,26,24,22,941314759,876195790,0,0,0.000000000000,0.000000000000
491000,False,False,control_candidate,control_candidate,non_list1,non_list1,,,29,26,24,22,200683534,180757862,0,0,0.000000000000,0.000000000000
491110,False,False,control_candidate,control_candidate,non_list1,non_list1,,,29,26,24,22,85501791,78196405,0,0,0.000000000000,0.000000000000
491191,False,False,control_candidate,control_candidate,non_list1,non_list1,,,29,26,24,22,643564411,579369861,0,0,0.000000000000,0.000000000000
491199,False,False,control_candidate,control_candidate,non_list1,non_list1,,,29,26,24,22,605243487,537071378,0,0,0.000000000000,0.000000000000
500100,False,False,excluded,excluded,non_list1,non_list1,insufficient_positive_pre_months|direct_policy_scope_overlap,insufficient_positive_pre_months|direct_policy_scope_overlap,3,3,24,22,17300,17300,0,0,0.000000000000,0.000000000000
500200,False,False,excluded,excluded,non_list1,non_list1,insufficient_positive_pre_months|direct_policy_scope_overlap,insufficient_positive_pre_months|direct_policy_scope_overlap,5,5,24,22,18190,18190,0,0,0.000000000000,0.000000000000
500300,False,False,excluded,excluded,non_list1,non_list1,insufficient_positive_pre_months|direct_policy_scope_overlap,insufficient_positive_pre_months|direct_policy_scope_overlap,20,19,24,22,461564,421064,0,0,0.000000000000,0.000000000000
500400,False,False,excluded,excluded,non_list1,non_list1,direct_policy_scope_overlap,direct_policy_scope_overlap,27,24,24,22,4378199,4278092,0,0,0.000000000000,0.000000000000
500500,False,False,excluded,excluded,non_list1,non_list1,direct_policy_scope_overlap,direct_policy_scope_overlap,29,26,24,22,1306868,1138072,0,0,0.000000000000,0.000000000000
500600,False,False,excluded,excluded,non_list1,non_list1,direct_policy_scope_overlap,direct_policy_scope_overlap,29,26,24,22,640183,596155,0,0,0.000000000000,0.000000000000
500710,False,False,excluded,excluded,non_list1,non_list1,direct_policy_scope_overlap,direct_policy_scope_overlap,29,26,24,22,2201358,1994514,0,0,0.000000000000,0.000000000000
500720,False,False,excluded,excluded,non_list1,non_list1,direct_policy_scope_overlap,direct_policy_scope_overlap,29,26,24,22,49661040,45057683,0,0,0.000000000000,0.000000000000
500790,False,False,excluded,excluded,non_list1,non_list1,direct_policy_scope_overlap,direct_policy_scope_overlap,29,26,24,22,3189542,2873219,0,0,0.000000000000,0.000000000000
510111,False,False,excluded,excluded,non_list1,non_list1,insufficient_positive_pre_months|direct_policy_scope_overlap,insufficient_positive_pre_months|direct_policy_scope_overlap,2,2,24,22,6660,6660,0,0,0.000000000000,0.000000000000
510119,False,False,excluded,excluded,non_list1,non_list1,insufficient_positive_pre_months|direct_policy_scope_overlap,insufficient_positive_pre_months|direct_policy_scope_overlap,0,0,24,22,0,0,0,0,0.000000000000,0.000000000000
510121,False,False,excluded,excluded,non_list1,non_list1,insufficient_positive_pre_months|direct_policy_scope_overlap,insufficient_positive_pre_months|direct_policy_scope_overlap,2,1,24,22,27863,26927,0,0,0.000000000000,0.000000000000
510129,False,False,excluded,excluded,non_list1,non_list1,insufficient_positive_pre_months|direct_policy_scope_overlap,insufficient_positive_pre_months|direct_policy_scope_overlap,1,1,24,22,1845,1845,0,0,0.000000000000,0.000000000000
510130,False,False,excluded,excluded,non_list1,non_list1,insufficient_positive_pre_months|direct_policy_scope_overlap,insufficient_positive_pre_months|direct_policy_scope_overlap,5,4,24,22,539431,429305,0,0,0.000000000000,0.000000000000
510211,False,False,excluded,excluded,non_list1,non_list1,insufficient_positive_pre_months|direct_policy_scope_overlap,insufficient_positive_pre_months|direct_policy_scope_overlap,1,1,24,22,5914,5914,0,0,0.000000000000,0.000000000000
510219,False,False,excluded,excluded,non_list1,non_list1,insufficient_positive_pre_months|direct_policy_scope_overlap,insufficient_positive_pre_months|direct_policy_scope_overlap,6,5,24,22,80403,30809,0,0,0.000000000000,0.000000000000
510220,False,False,excluded,excluded,non_list1,non_list1,insufficient_positive_pre_months|direct_policy_scope_overlap,insufficient_positive_pre_months|direct_policy_scope_overlap,3,3,24,22,9398,9398,0,0,0.000000000000,0.000000000000
510310,False,False,excluded,excluded,non_list1,non_list1,insufficient_positive_pre_months|direct_policy_scope_overlap,insufficient_positive_pre_months|direct_policy_scope_overlap,17,15,24,22,1152914,1126151,0,0,0.000000000000,0.000000000000
510320,False,False,excluded,excluded,non_list1,non_list1,insufficient_positive_pre_months|direct_policy_scope_overlap,insufficient_positive_pre_months|direct_policy_scope_overlap,1,1,24,22,14691,14691,0,0,0.000000000000,0.000000000000
510330,False,False,excluded,excluded,non_list1,non_list1,insufficient_positive_pre_months|direct_policy_scope_overlap,insufficient_positive_pre_months|direct_policy_scope_overlap,0,0,24,22,0,0,0,0,0.000000000000,0.000000000000
510400,False,False,excluded,excluded,non_list1,non_list1,insufficient_positive_pre_months|direct_policy_scope_overlap,insufficient_positive_pre_months|direct_policy_scope_overlap,4,4,24,22,21231,21231,0,0,0.000000000000,0.000000000000
510510,False,False,excluded,excluded,non_list1,non_list1,insufficient_positive_pre_months|direct_policy_scope_overlap,insufficient_positive_pre_months|direct_policy_scope_overlap,4,4,24,22,53793,53793,0,0,0.000000000000,0.000000000000
510521,False,False,excluded,excluded,non_list1,non_list1,insufficient_positive_pre_months|direct_policy_scope_overlap,insufficient_positive_pre_months|direct_policy_scope_overlap,0,0,24,22,0,0,0,0,0.000000000000,0.000000000000
510529,False,False,excluded,excluded,non_list1,non_list1,direct_policy_scope_overlap,direct_policy_scope_overlap,26,23,24,22,8662654,7878626,0,0,0.000000000000,0.000000000000
510531,False,False,excluded,excluded,non_list1,non_list1,insufficient_positive_pre_months|direct_policy_scope_overlap,insufficient_positive_pre_months|direct_policy_scope_overlap,6,5,24,22,41478,40098,0,0,0.000000000000,0.000000000000
510539,False,False,excluded,excluded,non_list1,non_list1,insufficient_positive_pre_months|direct_policy_scope_overlap,insufficient_positive_pre_months|direct_policy_scope_overlap,7,7,24,22,124547,124547,0,0,0.000000000000,0.000000000000
510540,False,False,excluded,excluded,non_list1,non_list1,insufficient_positive_pre_months|direct_policy_scope_overlap,insufficient_positive_pre_months|direct_policy_scope_overlap,9,9,24,22,131345,131345,0,0,0.000000000000,0.000000000000
510610,False,False,excluded,excluded,non_list1,non_list1,direct_policy_scope_overlap,direct_policy_scope_overlap,27,24,24,22,2099254,1729998,0,0,0.000000000000,0.000000000000
510620,False,False,excluded,excluded,non_list1,non_list1,insufficient_positive_pre_months|direct_policy_scope_overlap,insufficient_positive_pre_months|direct_policy_scope_overlap,20,17,24,22,449182,308055,0,0,0.000000000000,0.000000000000
510710,False,False,excluded,excluded,non_list1,non_list1,direct_policy_scope_overlap,direct_policy_scope_overlap,29,26,24,22,10205574,9271492,0,0,0.000000000000,0.000000000000
510720,False,False,excluded,excluded,non_list1,non_list1,insufficient_positive_pre_months|direct_policy_scope_overlap,insufficient_positive_pre_months|direct_policy_scope_overlap,21,20,24,22,212024,198498,0,0,0.000000000000,0.000000000000
510810,False,False,excluded,excluded,non_list1,non_list1,direct_policy_scope_overlap,direct_policy_scope_overlap,29,26,24,22,1092997,880754,0,0,0.000000000000,0.000000000000
510820,False,False,excluded,excluded,non_list1,non_list1,direct_policy_scope_overlap,direct_policy_scope_overlap,24,22,24,22,362688,355831,0,0,0.000000000000,0.000000000000
510910,False,False,excluded,excluded,non_list1,non_list1,direct_policy_scope_overlap,direct_policy_scope_overlap,29,26,24,22,5049623,4603271,0,0,0.000000000000,0.000000000000
510990,False,False,excluded,excluded,non_list1,non_list1,direct_policy_scope_overlap,direct_policy_scope_overlap,28,25,24,22,3444554,3137343,0,0,0.000000000000,0.000000000000
511000,False,False,excluded,excluded,non_list1,non_list1,insufficient_positive_pre_months|direct_policy_scope_overlap,insufficient_positive_pre_months|direct_policy_scope_overlap,7,7,24,22,47951,47951,0,0,0.000000000000,0.000000000000
511111,False,False,excluded,excluded,non_list1,non_list1,direct_policy_scope_overlap,direct_policy_scope_overlap,28,26,24,22,587454,555738,0,0,0.000000000000,0.000000000000
511119,False,False,excluded,excluded,non_list1,non_list1,direct_policy_scope_overlap,direct_policy_scope_overlap,28,25,24,22,1338349,1287087,0,0,0.000000000000,0.000000000000
511120,False,False,excluded,excluded,non_list1,non_list1,insufficient_positive_pre_months|direct_policy_scope_overlap,insufficient_positive_pre_months|direct_policy_scope_overlap,20,18,24,22,471887,468194,0,0,0.000000000000,0.000000000000
511130,False,False,excluded,excluded,non_list1,non_list1,direct_policy_scope_overlap,direct_policy_scope_overlap,27,24,24,22,651293,627650,0,0,0.000000000000,0.000000000000
511190,False,False,excluded,excluded,non_list1,non_list1,insufficient_positive_pre_months|direct_policy_scope_overlap,insufficient_positive_pre_months|direct_policy_scope_overlap,14,13,24,22,174936,172433,0,0,0.000000000000,0.000000000000
511211,False,False,excluded,excluded,non_list1,non_list1,direct_policy_scope_overlap,direct_policy_scope_overlap,29,26,24,22,13158885,11626642,0,0,0.000000000000,0.000000000000
511219,False,False,excluded,excluded,non_list1,non_list1,direct_policy_scope_overlap,direct_policy_scope_overlap,29,26,24,22,2151302,1845290,0,0,0.000000000000,0.000000000000
511220,False,False,excluded,excluded,non_list1,non_list1,insufficient_positive_pre_months|direct_policy_scope_overlap,insufficient_positive_pre_months|direct_policy_scope_overlap,13,12,24,22,158063,143605,0,0,0.000000000000,0.000000000000
511230,False,False,excluded,excluded,non_list1,non_list1,direct_policy_scope_overlap,direct_policy_scope_overlap,24,22,24,22,444459,328621,0,0,0.000000000000,0.000000000000
511290,False,False,excluded,excluded,non_list1,non_list1,insufficient_positive_pre_months|direct_policy_scope_overlap,insufficient_positive_pre_months|direct_policy_scope_overlap,18,16,24,22,62112,59423,0,0,0.000000000000,0.000000000000
511300,False,False,excluded,excluded,non_list1,non_list1,insufficient_positive_pre_months|direct_policy_scope_overlap,insufficient_positive_pre_months|direct_policy_scope_overlap,16,14,24,22,239511,234622,0,0,0.000000000000,0.000000000000
520100,False,False,excluded,excluded,non_list1,non_list1,insufficient_positive_pre_months|direct_policy_scope_overlap,insufficient_positive_pre_months|direct_policy_scope_overlap,6,6,24,22,10949,10949,0,0,0.000000000000,0.000000000000
520210,False,False,excluded,excluded,non_list1,non_list1,insufficient_positive_pre_months|direct_policy_scope_overlap,insufficient_positive_pre_months|direct_policy_scope_overlap,2,2,24,22,9742,9742,0,0,0.000000000000,0.000000000000
520291,False,False,excluded,excluded,non_list1,non_list1,insufficient_positive_pre_months|direct_policy_scope_overlap,insufficient_positive_pre_months|direct_policy_scope_overlap,0,0,24,22,0,0,0,0,0.000000000000,0.000000000000
520299,False,False,excluded,excluded,non_list1,non_list1,insufficient_positive_pre_months|direct_policy_scope_overlap,insufficient_positive_pre_months|direct_policy_scope_overlap,7,7,24,22,29700,29700,0,0,0.000000000000,0.000000000000
520300,False,False,excluded,excluded,non_list1,non_list1,insufficient_positive_pre_months|direct_policy_scope_overlap,insufficient_positive_pre_months|direct_policy_scope_overlap,14,13,24,22,191663,189630,0,0,0.000000000000,0.000000000000
520411,False,False,excluded,excluded,non_list1,non_list1,direct_policy_scope_overlap,direct_policy_scope_overlap,29,26,24,22,1902989,1775377,0,0,0.000000000000,0.000000000000
520419,False,False,excluded,excluded,non_list1,non_list1,insufficient_positive_pre_months|direct_policy_scope_overlap,insufficient_positive_pre_months|direct_policy_scope_overlap,22,20,24,22,145751,145191,0,0,0.000000000000,0.000000000000
520420,False,False,excluded,excluded,non_list1,non_list1,direct_policy_scope_overlap,direct_policy_scope_overlap,29,26,24,22,490079,449262,0,0,0.000000000000,0.000000000000
520511,False,False,excluded,excluded,non_list1,non_list1,direct_policy_scope_overlap,direct_policy_scope_overlap,29,26,24,22,1052452,961526,0,0,0.000000000000,0.000000000000
520512,False,False,excluded,excluded,non_list1,non_list1,insufficient_positive_pre_months|direct_policy_scope_overlap,insufficient_positive_pre_months|direct_policy_scope_overlap,16,14,24,22,237765,210485,0,0,0.000000000000,0.000000000000
520513,False,False,excluded,excluded,non_list1,non_list1,insufficient_positive_pre_months|direct_policy_scope_overlap,insufficient_positive_pre_months|direct_policy_scope_overlap,11,10,24,22,466062,457269,0,0,0.000000000000,0.000000000000
520514,False,False,excluded,excluded,non_list1,non_list1,insufficient_positive_pre_months|direct_policy_scope_overlap,insufficient_positive_pre_months|direct_policy_scope_overlap,1,1,24,22,2831,2831,0,0,0.000000000000,0.000000000000
520515,False,False,excluded,excluded,non_list1,non_list1,insufficient_positive_pre_months|direct_policy_scope_overlap,insufficient_positive_pre_months|direct_policy_scope_overlap,1,1,24,22,348,348,0,0,0.000000000000,0.000000000000
520521,False,False,excluded,excluded,non_list1,non_list1,insufficient_positive_pre_months|direct_policy_scope_overlap,insufficient_positive_pre_months|direct_policy_scope_overlap,20,18,24,22,212111,111375,0,0,0.000000000000,0.000000000000
520522,False,False,excluded,excluded,non_list1,non_list1,direct_policy_scope_overlap,direct_policy_scope_overlap,26,24,24,22,409477,321648,0,0,0.000000000000,0.000000000000
520523,False,False,excluded,excluded,non_list1,non_list1,insufficient_positive_pre_months|direct_policy_scope_overlap,insufficient_positive_pre_months|direct_policy_scope_overlap,20,19,24,22,1801972,1743694,0,0,0.000000000000,0.000000000000
520524,False,False,excluded,excluded,non_list1,non_list1,insufficient_positive_pre_months|direct_policy_scope_overlap,insufficient_positive_pre_months|direct_policy_scope_overlap,9,9,24,22,118862,118862,0,0,0.000000000000,0.000000000000
520526,False,False,excluded,excluded,non_list1,non_list1,insufficient_positive_pre_months|direct_policy_scope_overlap,insufficient_positive_pre_months|direct_policy_scope_overlap,0,0,24,22,0,0,0,0,0.000000000000,0.000000000000
520527,False,False,excluded,excluded,non_list1,non_list1,insufficient_positive_pre_months|direct_policy_scope_overlap,insufficient_positive_pre_months|direct_policy_scope_overlap,1,1,24,22,28717,28717,0,0,0.000000000000,0.000000000000
520528,False,False,excluded,excluded,non_list1,non_list1,insufficient_positive_pre_months|direct_policy_scope_overlap,insufficient_positive_pre_months|direct_policy_scope_overlap,0,0,24,22,0,0,0,0,0.000000000000,0.000000000000
520531,False,False,excluded,excluded,non_list1,non_list1,insufficient_positive_pre_months|direct_policy_scope_overlap,insufficient_positive_pre_months|direct_policy_scope_overlap,11,10,24,22,16195,15910,0,0,0.000000000000,0.000000000000
520532,False,False,excluded,excluded,non_list1,non_list1,insufficient_positive_pre_months|direct_policy_scope_overlap,insufficient_positive_pre_months|direct_policy_scope_overlap,7,6,24,22,101481,96506,0,0,0.000000000000,0.000000000000
520533,False,False,excluded,excluded,non_list1,non_list1,insufficient_positive_pre_months|direct_policy_scope_overlap,insufficient_positive_pre_months|direct_policy_scope_overlap,2,0,24,22,1097,0,0,0,0.000000000000,0.000000000000
520534,False,False,excluded,excluded,non_list1,non_list1,insufficient_positive_pre_months|direct_policy_scope_overlap,insufficient_positive_pre_months|direct_policy_scope_overlap,1,0,24,22,811,0,0,0,0.000000000000,0.000000000000
520535,False,False,excluded,excluded,non_list1,non_list1,insufficient_positive_pre_months|direct_policy_scope_overlap,insufficient_positive_pre_months|direct_policy_scope_overlap,1,0,24,22,2079,0,0,0,0.000000000000,0.000000000000
520541,False,False,excluded,excluded,non_list1,non_list1,insufficient_positive_pre_months|direct_policy_scope_overlap,insufficient_positive_pre_months|direct_policy_scope_overlap,4,3,24,22,42635,36345,0,0,0.000000000000,0.000000000000
520542,False,False,excluded,excluded,non_list1,non_list1,insufficient_positive_pre_months|direct_policy_scope_overlap,insufficient_positive_pre_months|direct_policy_scope_overlap,8,6,24,22,50332,27215,0,0,0.000000000000,0.000000000000
520543,False,False,excluded,excluded,non_list1,non_list1,insufficient_positive_pre_months|direct_policy_scope_overlap,insufficient_positive_pre_months|direct_policy_scope_overlap,7,7,24,22,97191,97191,0,0,0.000000000000,0.000000000000
520544,False,False,excluded,excluded,non_list1,non_list1,insufficient_positive_pre_months|direct_policy_scope_overlap,insufficient_positive_pre_months|direct_policy_scope_overlap,6,4,24,22,33769,31936,0,0,0.000000000000,0.000000000000
520546,False,False,excluded,excluded,non_list1,non_list1,insufficient_positive_pre_months|direct_policy_scope_overlap,insufficient_positive_pre_months|direct_policy_scope_overlap,1,1,24,22,3239,3239,0,0,0.000000000000,0.000000000000
520547,False,False,excluded,excluded,non_list1,non_list1,insufficient_positive_pre_months|direct_policy_scope_overlap,insufficient_positive_pre_months|direct_policy_scope_overlap,2,2,24,22,47709,47709,0,0,0.000000000000,0.000000000000
520548,False,False,excluded,excluded,non_list1,non_list1,insufficient_positive_pre_months|direct_policy_scope_overlap,insufficient_positive_pre_months|direct_policy_scope_overlap,3,3,24,22,4896,4896,0,0,0.000000000000,0.000000000000
520611,False,False,excluded,excluded,non_list1,non_list1,direct_policy_scope_overlap,direct_policy_scope_overlap,29,26,24,22,1931131,1838433,0,0,0.000000000000,0.000000000000
520612,False,False,excluded,excluded,non_list1,non_list1,insufficient_positive_pre_months|direct_policy_scope_overlap,insufficient_positive_pre_months|direct_policy_scope_overlap,8,8,24,22,64591,64591,0,0,0.000000000000,0.000000000000
520613,False,False,excluded,excluded,non_list1,non_list1,insufficient_positive_pre_months|direct_policy_scope_overlap,insufficient_positive_pre_months|direct_policy_scope_overlap,8,7,24,22,294882,284722,0,0,0.000000000000,0.000000000000
520614,False,False,excluded,excluded,non_list1,non_list1,insufficient_positive_pre_months|direct_policy_scope_overlap,insufficient_positive_pre_months|direct_policy_scope_overlap,0,0,24,22,0,0,0,0,0.000000000000,0.000000000000
520615,False,False,excluded,excluded,non_list1,non_list1,insufficient_positive_pre_months|direct_policy_scope_overlap,insufficient_positive_pre_months|direct_policy_scope_overlap,1,1,24,22,1950,1950,0,0,0.000000000000,0.000000000000
520621,False,False,excluded,excluded,non_list1,non_list1,insufficient_positive_pre_months|direct_policy_scope_overlap,insufficient_positive_pre_months|direct_policy_scope_overlap,4,4,24,22,14575,14575,0,0,0.000000000000,0.000000000000
520622,False,False,excluded,excluded,non_list1,non_list1,insufficient_positive_pre_months|direct_policy_scope_overlap,insufficient_positive_pre_months|direct_policy_scope_overlap,5,4,24,22,59645,49452,0,0,0.000000000000,0.000000000000
520623,False,False,excluded,excluded,non_list1,non_list1,insufficient_positive_pre_months|direct_policy_scope_overlap,insufficient_positive_pre_months|direct_policy_scope_overlap,16,14,24,22,887194,863723,0,0,0.000000000000,0.000000000000
520624,False,False,excluded,excluded,non_list1,non_list1,insufficient_positive_pre_months|direct_policy_scope_overlap,insufficient_positive_pre_months|direct_policy_scope_overlap,3,3,24,22,116397,116397,0,0,0.000000000000,0.000000000000
520625,False,False,excluded,excluded,non_list1,non_list1,insufficient_positive_pre_months|direct_policy_scope_overlap,insufficient_positive_pre_months|direct_policy_scope_overlap,3,3,24,22,45770,45770,0,0,0.000000000000,0.000000000000
520631,False,False,excluded,excluded,non_list1,non_list1,insufficient_positive_pre_months|direct_policy_scope_overlap,insufficient_positive_pre_months|direct_policy_scope_overlap,19,18,24,22,244771,227354,0,0,0.000000000000,0.000000000000
520632,False,False,excluded,excluded,non_list1,non_list1,insufficient_positive_pre_months|direct_policy_scope_overlap,insufficient_positive_pre_months|direct_policy_scope_overlap,1,1,24,22,3910,3910,0,0,0.000000000000,0.000000000000
520633,False,False,excluded,excluded,non_list1,non_list1,insufficient_positive_pre_months|direct_policy_scope_overlap,insufficient_positive_pre_months|direct_policy_scope_overlap,1,0,24,22,6300,0,0,0,0.000000000000,0.000000000000
520634,False,False,excluded,excluded,non_list1,non_list1,insufficient_positive_pre_months|direct_policy_scope_overlap,insufficient_positive_pre_months|direct_policy_scope_overlap,2,1,24,22,11947,5737,0,0,0.000000000000,0.000000000000
520635,False,False,excluded,excluded,non_list1,non_list1,insufficient_positive_pre_months|direct_policy_scope_overlap,insufficient_positive_pre_months|direct_policy_scope_overlap,0,0,24,22,0,0,0,0,0.000000000000,0.000000000000
520641,False,False,excluded,excluded,non_list1,non_list1,insufficient_positive_pre_months|direct_policy_scope_overlap,insufficient_positive_pre_months|direct_policy_scope_overlap,6,5,24,22,106232,100261,0,0,0.000000000000,0.000000000000
520642,False,False,excluded,excluded,non_list1,non_list1,insufficient_positive_pre_months|direct_policy_scope_overlap,insufficient_positive_pre_months|direct_policy_scope_overlap,5,5,24,22,30970,30970,0,0,0.000000000000,0.000000000000
520643,False,False,excluded,excluded,non_list1,non_list1,insufficient_positive_pre_months|direct_policy_scope_overlap,insufficient_positive_pre_months|direct_policy_scope_overlap,0,0,24,22,0,0,0,0,0.000000000000,0.000000000000
520644,False,False,excluded,excluded,non_list1,non_list1,insufficient_positive_pre_months|direct_policy_scope_overlap,insufficient_positive_pre_months|direct_policy_scope_overlap,1,1,24,22,935,935,0,0,0.000000000000,0.000000000000
520645,False,False,excluded,excluded,non_list1,non_list1,insufficient_positive_pre_months|direct_policy_scope_overlap,insufficient_positive_pre_months|direct_policy_scope_overlap,3,2,24,22,82035,81657,0,0,0.000000000000,0.000000000000
520710,False,False,excluded,excluded,non_list1,non_list1,direct_policy_scope_overlap,direct_policy_scope_overlap,29,26,24,22,6867982,6150358,0,0,0.000000000000,0.000000000000
520790,False,False,excluded,excluded,non_list1,non_list1,direct_policy_scope_overlap,direct_policy_scope_overlap,29,26,24,22,4283936,4027808,0,0,0.000000000000,0.000000000000
520811,False,False,excluded,excluded,non_list1,non_list1,direct_policy_scope_overlap,direct_policy_scope_overlap,29,26,24,22,12052423,11505835,0,0,0.000000000000,0.000000000000
520812,False,False,excluded,excluded,non_list1,non_list1,direct_policy_scope_overlap,direct_policy_scope_overlap,29,26,24,22,16079487,14416008,0,0,0.000000000000,0.000000000000
520813,False,False,excluded,excluded,non_list1,non_list1,insufficient_positive_pre_months|direct_policy_scope_overlap,insufficient_positive_pre_months|direct_policy_scope_overlap,10,10,24,22,97048,97048,0,0,0.000000000000,0.000000000000
520819,False,False,excluded,excluded,non_list1,non_list1,direct_policy_scope_overlap,insufficient_positive_pre_months|direct_policy_scope_overlap,24,21,24,22,871294,815895,0,0,0.000000000000,0.000000000000
520821,False,False,excluded,excluded,non_list1,non_list1,direct_policy_scope_overlap,direct_policy_scope_overlap,29,26,24,22,25991886,23398797,0,0,0.000000000000,0.000000000000
520822,False,False,excluded,excluded,non_list1,non_list1,direct_policy_scope_overlap,direct_policy_scope_overlap,29,26,24,22,18354153,16247622,0,0,0.000000000000,0.000000000000
520823,False,False,excluded,excluded,non_list1,non_list1,direct_policy_scope_overlap,insufficient_positive_pre_months|direct_policy_scope_overlap,24,21,24,22,150665,137418,0,0,0.000000000000,0.000000000000
520829,False,False,excluded,excluded,non_list1,non_list1,direct_policy_scope_overlap,direct_policy_scope_overlap,29,26,24,22,17299900,15427048,0,0,0.000000000000,0.000000000000
520831,False,False,excluded,excluded,non_list1,non_list1,direct_policy_scope_overlap,direct_policy_scope_overlap,29,26,24,22,1784547,1719838,0,0,0.000000000000,0.000000000000
520832,False,False,excluded,excluded,non_list1,non_list1,direct_policy_scope_overlap,direct_policy_scope_overlap,29,26,24,22,30178776,28114529,0,0,0.000000000000,0.000000000000
520833,False,False,excluded,excluded,non_list1,non_list1,direct_policy_scope_overlap,direct_policy_scope_overlap,29,26,24,22,466483,446484,0,0,0.000000000000,0.000000000000
520839,False,False,excluded,excluded,non_list1,non_list1,direct_policy_scope_overlap,direct_policy_scope_overlap,29,26,24,22,12852659,11038188,0,0,0.000000000000,0.000000000000
520841,False,False,excluded,excluded,non_list1,non_list1,direct_policy_scope_overlap,direct_policy_scope_overlap,29,26,24,22,672702,617677,0,0,0.000000000000,0.000000000000
520842,False,False,excluded,excluded,non_list1,non_list1,direct_policy_scope_overlap,direct_policy_scope_overlap,29,26,24,22,2950250,2659027,0,0,0.000000000000,0.000000000000
520843,False,False,excluded,excluded,non_list1,non_list1,direct_policy_scope_overlap,direct_policy_scope_overlap,29,26,24,22,3034904,2848466,0,0,0.000000000000,0.000000000000
520849,False,False,excluded,excluded,non_list1,non_list1,direct_policy_scope_overlap,direct_policy_scope_overlap,29,26,24,22,6556544,5967581,0,0,0.000000000000,0.000000000000
520851,False,False,excluded,excluded,non_list1,non_list1,direct_policy_scope_overlap,direct_policy_scope_overlap,27,24,24,22,1549065,1491360,0,0,0.000000000000,0.000000000000
520852,False,False,excluded,excluded,non_list1,non_list1,direct_policy_scope_overlap,direct_policy_scope_overlap,29,26,24,22,171676861,159283905,0,0,0.000000000000,0.000000000000
520859,False,False,excluded,excluded,non_list1,non_list1,direct_policy_scope_overlap,direct_policy_scope_overlap,29,26,24,22,8560003,7359235,0,0,0.000000000000,0.000000000000
520911,False,False,excluded,excluded,non_list1,non_list1,direct_policy_scope_overlap,direct_policy_scope_overlap,26,23,24,22,709432,608699,0,0,0.000000000000,0.000000000000
520912,False,False,excluded,excluded,non_list1,non_list1,insufficient_positive_pre_months|direct_policy_scope_overlap,insufficient_positive_pre_months|direct_policy_scope_overlap,22,20,24,22,582598,561673,0,0,0.000000000000,0.000000000000
520919,False,False,excluded,excluded,non_list1,non_list1,direct_policy_scope_overlap,direct_policy_scope_overlap,29,26,24,22,2721968,2387124,0,0,0.000000000000,0.000000000000
520921,False,False,excluded,excluded,non_list1,non_list1,direct_policy_scope_overlap,direct_policy_scope_overlap,29,26,24,22,1235347,1111262,0,0,0.000000000000,0.000000000000
520922,False,False,excluded,excluded,non_list1,non_list1,direct_policy_scope_overlap,direct_policy_scope_overlap,27,25,24,22,1371394,1342555,0,0,0.000000000000,0.000000000000
520929,False,False,excluded,excluded,non_list1,non_list1,direct_policy_scope_overlap,direct_policy_scope_overlap,29,26,24,22,3000322,2854000,0,0,0.000000000000,0.000000000000
520931,False,False,excluded,excluded,non_list1,non_list1,direct_policy_scope_overlap,direct_policy_scope_overlap,29,26,24,22,3815591,3332269,0,0,0.000000000000,0.000000000000
520932,False,False,excluded,excluded,non_list1,non_list1,direct_policy_scope_overlap,direct_policy_scope_overlap,29,26,24,22,3508514,3291201,0,0,0.000000000000,0.000000000000
520939,False,False,excluded,excluded,non_list1,non_list1,direct_policy_scope_overlap,direct_policy_scope_overlap,29,26,24,22,5664960,5425884,0,0,0.000000000000,0.000000000000
520941,False,False,excluded,excluded,non_list1,non_list1,direct_policy_scope_overlap,direct_policy_scope_overlap,29,26,24,22,1595576,1332498,0,0,0.000000000000,0.000000000000
520942,False,False,excluded,excluded,non_list1,non_list1,direct_policy_scope_overlap,direct_policy_scope_overlap,29,26,24,22,14542943,12396091,0,0,0.000000000000,0.000000000000
520943,False,False,excluded,excluded,non_list1,non_list1,direct_policy_scope_overlap,direct_policy_scope_overlap,29,26,24,22,1677183,1614582,0,0,0.000000000000,0.000000000000
520949,False,False,excluded,excluded,non_list1,non_list1,direct_policy_scope_overlap,direct_policy_scope_overlap,29,26,24,22,3013103,2755599,0,0,0.000000000000,0.000000000000
520951,False,False,excluded,excluded,non_list1,non_list1,direct_policy_scope_overlap,direct_policy_scope_overlap,29,26,24,22,2516773,2298414,0,0,0.000000000000,0.000000000000
520952,False,False,excluded,excluded,non_list1,non_list1,direct_policy_scope_overlap,direct_policy_scope_overlap,29,26,24,22,1077770,887862,0,0,0.000000000000,0.000000000000
520959,False,False,excluded,excluded,non_list1,non_list1,direct_policy_scope_overlap,direct_policy_scope_overlap,29,26,24,22,3453961,3195439,0,0,0.000000000000,0.000000000000
521011,False,False,excluded,excluded,non_list1,non_list1,direct_policy_scope_overlap,direct_policy_scope_overlap,29,26,24,22,40274907,35864738,0,0,0.000000000000,0.000000000000
521019,False,False,excluded,excluded,non_list1,non_list1,direct_policy_scope_overlap,direct_policy_scope_overlap,29,26,24,22,34000392,30052713,0,0,0.000000000000,0.000000000000
521021,False,False,excluded,excluded,non_list1,non_list1,direct_policy_scope_overlap,direct_policy_scope_overlap,28,25,24,22,4729172,3494073,0,0,0.000000000000,0.000000000000
521029,False,False,excluded,excluded,non_list1,non_list1,insufficient_positive_pre_months|direct_policy_scope_overlap,insufficient_positive_pre_months|direct_policy_scope_overlap,21,18,24,22,418468,375768,0,0,0.000000000000,0.000000000000
521031,False,False,excluded,excluded,non_list1,non_list1,direct_policy_scope_overlap,direct_policy_scope_overlap,29,26,24,22,6082888,5276085,0,0,0.000000000000,0.000000000000
521032,False,False,excluded,excluded,non_list1,non_list1,insufficient_positive_pre_months|direct_policy_scope_overlap,insufficient_positive_pre_months|direct_policy_scope_overlap,13,11,24,22,35685,33638,0,0,0.000000000000,0.000000000000
521039,False,False,excluded,excluded,non_list1,non_list1,direct_policy_scope_overlap,direct_policy_scope_overlap,28,26,24,22,672901,629274,0,0,0.000000000000,0.000000000000
521041,False,False,excluded,excluded,non_list1,non_list1,direct_policy_scope_overlap,direct_policy_scope_overlap,28,25,24,22,865429,801844,0,0,0.000000000000,0.000000000000
521049,False,False,excluded,excluded,non_list1,non_list1,direct_policy_scope_overlap,direct_policy_scope_overlap,27,25,24,22,849073,753451,0,0,0.000000000000,0.000000000000
521051,False,False,excluded,excluded,non_list1,non_list1,direct_policy_scope_overlap,direct_policy_scope_overlap,27,24,24,22,368850,357333,0,0,0.000000000000,0.000000000000
521059,False,False,excluded,excluded,non_list1,non_list1,direct_policy_scope_overlap,direct_policy_scope_overlap,25,22,24,22,430837,368626,0,0,0.000000000000,0.000000000000
521111,False,False,excluded,excluded,non_list1,non_list1,insufficient_positive_pre_months|direct_policy_scope_overlap,insufficient_positive_pre_months|direct_policy_scope_overlap,17,16,24,22,486094,378596,0,0,0.000000000000,0.000000000000
521112,False,False,excluded,excluded,non_list1,non_list1,insufficient_positive_pre_months|direct_policy_scope_overlap,insufficient_positive_pre_months|direct_policy_scope_overlap,20,19,24,22,660998,659681,0,0,0.000000000000,0.000000000000
521119,False,False,excluded,excluded,non_list1,non_list1,direct_policy_scope_overlap,direct_policy_scope_overlap,27,24,24,22,887034,743739,0,0,0.000000000000,0.000000000000
521120,False,False,excluded,excluded,non_list1,non_list1,direct_policy_scope_overlap,direct_policy_scope_overlap,28,25,24,22,960451,887769,0,0,0.000000000000,0.000000000000
521131,False,False,excluded,excluded,non_list1,non_list1,direct_policy_scope_overlap,direct_policy_scope_overlap,29,26,24,22,2909050,2709129,0,0,0.000000000000,0.000000000000
521132,False,False,excluded,excluded,non_list1,non_list1,direct_policy_scope_overlap,direct_policy_scope_overlap,27,24,24,22,1343484,1180415,0,0,0.000000000000,0.000000000000
521139,False,False,excluded,excluded,non_list1,non_list1,direct_policy_scope_overlap,direct_policy_scope_overlap,29,26,24,22,6670273,6269179,0,0,0.000000000000,0.000000000000
521141,False,False,excluded,excluded,non_list1,non_list1,direct_policy_scope_overlap,direct_policy_scope_overlap,27,24,24,22,305265,289945,0,0,0.000000000000,0.000000000000
521142,False,False,excluded,excluded,non_list1,non_list1,direct_policy_scope_overlap,direct_policy_scope_overlap,29,26,24,22,20514418,18754246,0,0,0.000000000000,0.000000000000
521143,False,False,excluded,excluded,non_list1,non_list1,insufficient_positive_pre_months|direct_policy_scope_overlap,insufficient_positive_pre_months|direct_policy_scope_overlap,14,13,24,22,428514,368645,0,0,0.000000000000,0.000000000000
521149,False,False,excluded,excluded,non_list1,non_list1,direct_policy_scope_overlap,direct_policy_scope_overlap,29,26,24,22,6264279,5938015,0,0,0.000000000000,0.000000000000
521151,False,False,excluded,excluded,non_list1,non_list1,direct_policy_scope_overlap,insufficient_positive_pre_months|direct_policy_scope_overlap,24,21,24,22,439755,325238,0,0,0.000000000000,0.000000000000
521152,False,False,excluded,excluded,non_list1,non_list1,direct_policy_scope_overlap,direct_policy_scope_overlap,27,24,24,22,882134,810560,0,0,0.000000000000,0.000000000000
521159,False,False,excluded,excluded,non_list1,non_list1,direct_policy_scope_overlap,direct_policy_scope_overlap,27,24,24,22,236339,215369,0,0,0.000000000000,0.000000000000
521211,False,False,excluded,excluded,non_list1,non_list1,insufficient_positive_pre_months|direct_policy_scope_overlap,insufficient_positive_pre_months|direct_policy_scope_overlap,23,20,24,22,182758,159739,0,0,0.000000000000,0.000000000000
521212,False,False,excluded,excluded,non_list1,non_list1,insufficient_positive_pre_months|direct_policy_scope_overlap,insufficient_positive_pre_months|direct_policy_scope_overlap,12,10,24,22,77480,73096,0,0,0.000000000000,0.000000000000
521213,False,False,excluded,excluded,non_list1,non_list1,direct_policy_scope_overlap,direct_policy_scope_overlap,29,26,24,22,2470136,2180169,0,0,0.000000000000,0.000000000000
521214,False,False,excluded,excluded,non_list1,non_list1,direct_policy_scope_overlap,direct_policy_scope_overlap,28,26,24,22,389065,288151,0,0,0.000000000000,0.000000000000
521215,False,False,excluded,excluded,non_list1,non_list1,direct_policy_scope_overlap,direct_policy_scope_overlap,28,25,24,22,997297,905249,0,0,0.000000000000,0.000000000000
521221,False,False,excluded,excluded,non_list1,non_list1,direct_policy_scope_overlap,insufficient_positive_pre_months|direct_policy_scope_overlap,24,21,24,22,495434,487309,0,0,0.000000000000,0.000000000000
521222,False,False,excluded,excluded,non_list1,non_list1,insufficient_positive_pre_months|direct_policy_scope_overlap,insufficient_positive_pre_months|direct_policy_scope_overlap,14,12,24,22,233986,216596,0,0,0.000000000000,0.000000000000
521223,False,False,excluded,excluded,non_list1,non_list1,direct_policy_scope_overlap,direct_policy_scope_overlap,29,26,24,22,403593,393236,0,0,0.000000000000,0.000000000000
521224,False,False,excluded,excluded,non_list1,non_list1,direct_policy_scope_overlap,direct_policy_scope_overlap,29,26,24,22,1512214,1433800,0,0,0.000000000000,0.000000000000
521225,False,False,excluded,excluded,non_list1,non_list1,direct_policy_scope_overlap,direct_policy_scope_overlap,29,26,24,22,343798,328325,0,0,0.000000000000,0.000000000000
530110,False,False,excluded,excluded,non_list1,non_list1,direct_policy_scope_overlap,direct_policy_scope_overlap,24,22,24,22,715656,641629,0,0,0.000000000000,0.000000000000
530121,False,False,excluded,excluded,non_list1,non_list1,insufficient_positive_pre_months|direct_policy_scope_overlap,insufficient_positive_pre_months|direct_policy_scope_overlap,0,0,24,22,0,0,0,0,0.000000000000,0.000000000000
530129,False,False,excluded,excluded,non_list1,non_list1,insufficient_positive_pre_months|direct_policy_scope_overlap,insufficient_positive_pre_months|direct_policy_scope_overlap,0,0,24,22,0,0,0,0,0.000000000000,0.000000000000
530130,False,False,excluded,excluded,non_list1,non_list1,insufficient_positive_pre_months|direct_policy_scope_overlap,insufficient_positive_pre_months|direct_policy_scope_overlap,2,2,24,22,27139,27139,0,0,0.000000000000,0.000000000000
530210,False,False,excluded,excluded,non_list1,non_list1,insufficient_positive_pre_months|direct_policy_scope_overlap,insufficient_positive_pre_months|direct_policy_scope_overlap,3,3,24,22,2163,2163,0,0,0.000000000000,0.000000000000
530290,False,False,excluded,excluded,non_list1,non_list1,insufficient_positive_pre_months|direct_policy_scope_overlap,insufficient_positive_pre_months|direct_policy_scope_overlap,3,3,24,22,1483,1483,0,0,0.000000000000,0.000000000000
530310,False,False,excluded,excluded,non_list1,non_list1,insufficient_positive_pre_months|direct_policy_scope_overlap,insufficient_positive_pre_months|direct_policy_scope_overlap,19,18,24,22,144176,139779,0,0,0.000000000000,0.000000000000
530390,False,False,excluded,excluded,non_list1,non_list1,insufficient_positive_pre_months|direct_policy_scope_overlap,insufficient_positive_pre_months|direct_policy_scope_overlap,18,17,24,22,127452,124797,0,0,0.000000000000,0.000000000000
530500,False,False,excluded,excluded,non_list1,non_list1,direct_policy_scope_overlap,direct_policy_scope_overlap,29,26,24,22,3314028,3123441,0,0,0.000000000000,0.000000000000
530610,False,False,excluded,excluded,non_list1,non_list1,insufficient_positive_pre_months|direct_policy_scope_overlap,insufficient_positive_pre_months|direct_policy_scope_overlap,13,12,24,22,291577,287237,0,0,0.000000000000,0.000000000000
530620,False,False,excluded,excluded,non_list1,non_list1,direct_policy_scope_overlap,direct_policy_scope_overlap,28,25,24,22,83709,78622,0,0,0.000000000000,0.000000000000
530710,False,False,excluded,excluded,non_list1,non_list1,insufficient_positive_pre_months|direct_policy_scope_overlap,insufficient_positive_pre_months|direct_policy_scope_overlap,14,12,24,22,40296,33352,0,0,0.000000000000,0.000000000000
530720,False,False,excluded,excluded,non_list1,non_list1,direct_policy_scope_overlap,direct_policy_scope_overlap,29,26,24,22,1967153,1831897,0,0,0.000000000000,0.000000000000
530810,False,False,excluded,excluded,non_list1,non_list1,insufficient_positive_pre_months|direct_policy_scope_overlap,insufficient_positive_pre_months|direct_policy_scope_overlap,0,0,24,22,0,0,0,0,0.000000000000,0.000000000000
530820,False,False,excluded,excluded,non_list1,non_list1,direct_policy_scope_overlap,direct_policy_scope_overlap,29,26,24,22,1559509,1420001,0,0,0.000000000000,0.000000000000
530890,False,False,excluded,excluded,non_list1,non_list1,direct_policy_scope_overlap,direct_policy_scope_overlap,29,26,24,22,1674226,1495479,0,0,0.000000000000,0.000000000000
530911,False,False,excluded,excluded,non_list1,non_list1,direct_policy_scope_overlap,direct_policy_scope_overlap,29,26,24,22,13192754,11881325,0,0,0.000000000000,0.000000000000
530919,False,False,excluded,excluded,non_list1,non_list1,direct_policy_scope_overlap,direct_policy_scope_overlap,29,26,24,22,18872320,17126395,0,0,0.000000000000,0.000000000000
530921,False,False,excluded,excluded,non_list1,non_list1,direct_policy_scope_overlap,direct_policy_scope_overlap,29,26,24,22,6962086,6108293,0,0,0.000000000000,0.000000000000
530929,False,False,excluded,excluded,non_list1,non_list1,direct_policy_scope_overlap,direct_policy_scope_overlap,29,26,24,22,25985845,24145745,0,0,0.000000000000,0.000000000000
531010,False,False,excluded,excluded,non_list1,non_list1,direct_policy_scope_overlap,direct_policy_scope_overlap,29,26,24,22,8074223,7645226,0,0,0.000000000000,0.000000000000
531090,False,False,excluded,excluded,non_list1,non_list1,direct_policy_scope_overlap,direct_policy_scope_overlap,29,26,24,22,7056015,6631494,0,0,0.000000000000,0.000000000000
531100,False,False,excluded,excluded,non_list1,non_list1,direct_policy_scope_overlap,direct_policy_scope_overlap,29,26,24,22,4667367,4353067,0,0,0.000000000000,0.000000000000
540110,False,False,excluded,excluded,non_list1,non_list1,direct_policy_scope_overlap,direct_policy_scope_overlap,29,26,24,22,11020158,9986330,0,0,0.000000000000,0.000000000000
540120,False,False,excluded,excluded,non_list1,non_list1,direct_policy_scope_overlap,direct_policy_scope_overlap,29,26,24,22,486890,417130,0,0,0.000000000000,0.000000000000
540211,False,False,excluded,excluded,non_list1,non_list1,direct_policy_scope_overlap,direct_policy_scope_overlap,28,25,24,22,4484486,3794438,0,0,0.000000000000,0.000000000000
540219,False,False,excluded,excluded,non_list1,non_list1,direct_policy_scope_overlap,direct_policy_scope_overlap,29,26,24,22,25401182,21552776,0,0,0.000000000000,0.000000000000
540220,False,False,excluded,excluded,non_list1,non_list1,direct_policy_scope_overlap,direct_policy_scope_overlap,29,26,24,22,410010972,353255219,0,0,0.000000000000,0.000000000000
540231,False,False,excluded,excluded,non_list1,non_list1,direct_policy_scope_overlap,direct_policy_scope_overlap,29,26,24,22,4892455,4079142,0,0,0.000000000000,0.000000000000
540232,False,False,excluded,excluded,non_list1,non_list1,insufficient_positive_pre_months|direct_policy_scope_overlap,insufficient_positive_pre_months|direct_policy_scope_overlap,21,20,24,22,2324745,2318715,0,0,0.000000000000,0.000000000000
540233,False,False,excluded,excluded,non_list1,non_list1,direct_policy_scope_overlap,direct_policy_scope_overlap,29,26,24,22,84388588,71960666,0,0,0.000000000000,0.000000000000
540234,False,False,excluded,excluded,non_list1,non_list1,direct_policy_scope_overlap,direct_policy_scope_overlap,29,26,24,22,1423382,1224312,0,0,0.000000000000,0.000000000000
540239,False,False,excluded,excluded,non_list1,non_list1,direct_policy_scope_overlap,direct_policy_scope_overlap,28,25,24,22,2760997,1829635,0,0,0.000000000000,0.000000000000
540244,False,False,excluded,excluded,non_list1,non_list1,direct_policy_scope_overlap,direct_policy_scope_overlap,29,26,24,22,20416349,18582569,0,0,0.000000000000,0.000000000000
540245,False,False,excluded,excluded,non_list1,non_list1,direct_policy_scope_overlap,direct_policy_scope_overlap,29,26,24,22,14870463,13655240,0,0,0.000000000000,0.000000000000
540246,False,False,excluded,excluded,non_list1,non_list1,direct_policy_scope_overlap,direct_policy_scope_overlap,27,24,24,22,3405408,3301014,0,0,0.000000000000,0.000000000000
540247,False,False,excluded,excluded,non_list1,non_list1,direct_policy_scope_overlap,direct_policy_scope_overlap,29,26,24,22,30311874,25959892,0,0,0.000000000000,0.000000000000
540248,False,False,excluded,excluded,non_list1,non_list1,insufficient_positive_pre_months|direct_policy_scope_overlap,insufficient_positive_pre_months|direct_policy_scope_overlap,23,20,24,22,1354015,1225562,0,0,0.000000000000,0.000000000000
540249,False,False,excluded,excluded,non_list1,non_list1,direct_policy_scope_overlap,direct_policy_scope_overlap,29,26,24,22,5606424,4304169,0,0,0.000000000000,0.000000000000
540251,False,False,excluded,excluded,non_list1,non_list1,insufficient_positive_pre_months|direct_policy_scope_overlap,insufficient_positive_pre_months|direct_policy_scope_overlap,9,8,24,22,211375,160962,0,0,0.000000000000,0.000000000000
540252,False,False,excluded,excluded,non_list1,non_list1,insufficient_positive_pre_months|direct_policy_scope_overlap,insufficient_positive_pre_months|direct_policy_scope_overlap,23,20,24,22,600660,569559,0,0,0.000000000000,0.000000000000
540253,False,False,excluded,excluded,non_list1,non_list1,insufficient_positive_pre_months|direct_policy_scope_overlap,insufficient_positive_pre_months|direct_policy_scope_overlap,12,9,24,22,691674,496486,0,0,0.000000000000,0.000000000000
540259,False,False,excluded,excluded,non_list1,non_list1,insufficient_positive_pre_months|direct_policy_scope_overlap,insufficient_positive_pre_months|direct_policy_scope_overlap,7,7,24,22,190518,190518,0,0,0.000000000000,0.000000000000
540261,False,False,excluded,excluded,non_list1,non_list1,direct_policy_scope_overlap,direct_policy_scope_overlap,29,26,24,22,2347962,1961409,0,0,0.000000000000,0.000000000000
540262,False,False,excluded,excluded,non_list1,non_list1,direct_policy_scope_overlap,direct_policy_scope_overlap,29,26,24,22,7125253,6507649,0,0,0.000000000000,0.000000000000
540263,False,False,excluded,excluded,non_list1,non_list1,insufficient_positive_pre_months|direct_policy_scope_overlap,insufficient_positive_pre_months|direct_policy_scope_overlap,2,2,24,22,24718,24718,0,0,0.000000000000,0.000000000000
540269,False,False,excluded,excluded,non_list1,non_list1,insufficient_positive_pre_months|direct_policy_scope_overlap,insufficient_positive_pre_months|direct_policy_scope_overlap,12,9,24,22,280222,228778,0,0,0.000000000000,0.000000000000
540310,False,False,excluded,excluded,non_list1,non_list1,insufficient_positive_pre_months|direct_policy_scope_overlap,insufficient_positive_pre_months|direct_policy_scope_overlap,8,7,24,22,236733,236256,0,0,0.000000000000,0.000000000000
540331,False,False,excluded,excluded,non_list1,non_list1,insufficient_positive_pre_months|direct_policy_scope_overlap,insufficient_positive_pre_months|direct_policy_scope_overlap,7,7,24,22,56030,56030,0,0,0.000000000000,0.000000000000
540332,False,False,excluded,excluded,non_list1,non_list1,insufficient_positive_pre_months|direct_policy_scope_overlap,insufficient_positive_pre_months|direct_policy_scope_overlap,5,4,24,22,40962,38962,0,0,0.000000000000,0.000000000000
540333,False,False,excluded,excluded,non_list1,non_list1,insufficient_positive_pre_months|direct_policy_scope_overlap,insufficient_positive_pre_months|direct_policy_scope_overlap,2,2,24,22,10230,10230,0,0,0.000000000000,0.000000000000
540339,False,False,excluded,excluded,non_list1,non_list1,insufficient_positive_pre_months|direct_policy_scope_overlap,insufficient_positive_pre_months|direct_policy_scope_overlap,2,2,24,22,1662,1662,0,0,0.000000000000,0.000000000000
540341,False,False,excluded,excluded,non_list1,non_list1,direct_policy_scope_overlap,direct_policy_scope_overlap,29,26,24,22,2254933,2062623,0,0,0.000000000000,0.000000000000
540342,False,False,excluded,excluded,non_list1,non_list1,insufficient_positive_pre_months|direct_policy_scope_overlap,insufficient_positive_pre_months|direct_policy_scope_overlap,0,0,24,22,0,0,0,0,0.000000000000,0.000000000000
540349,False,False,excluded,excluded,non_list1,non_list1,insufficient_positive_pre_months|direct_policy_scope_overlap,insufficient_positive_pre_months|direct_policy_scope_overlap,15,13,24,22,51833,41734,0,0,0.000000000000,0.000000000000
540411,False,False,excluded,excluded,non_list1,non_list1,direct_policy_scope_overlap,direct_policy_scope_overlap,29,26,24,22,470201,405588,0,0,0.000000000000,0.000000000000
540412,False,False,excluded,excluded,non_list1,non_list1,direct_policy_scope_overlap,direct_policy_scope_overlap,24,22,24,22,718252,709109,0,0,0.000000000000,0.000000000000
540419,False,False,excluded,excluded,non_list1,non_list1,direct_policy_scope_overlap,direct_policy_scope_overlap,29,26,24,22,11037240,9827128,0,0,0.000000000000,0.000000000000
540490,False,False,excluded,excluded,non_list1,non_list1,direct_policy_scope_overlap,direct_policy_scope_overlap,29,26,24,22,23709670,21890319,0,0,0.000000000000,0.000000000000
540500,False,False,excluded,excluded,non_list1,non_list1,insufficient_positive_pre_months|direct_policy_scope_overlap,insufficient_positive_pre_months|direct_policy_scope_overlap,19,18,24,22,583468,583181,0,0,0.000000000000,0.000000000000
540600,False,False,excluded,excluded,non_list1,non_list1,direct_policy_scope_overlap,direct_policy_scope_overlap,29,26,24,22,14115618,12603767,0,0,0.000000000000,0.000000000000
540710,False,False,excluded,excluded,non_list1,non_list1,direct_policy_scope_overlap,direct_policy_scope_overlap,29,26,24,22,14240587,13046444,0,0,0.000000000000,0.000000000000
540720,False,False,excluded,excluded,non_list1,non_list1,direct_policy_scope_overlap,direct_policy_scope_overlap,29,26,24,22,104637393,90832124,0,0,0.000000000000,0.000000000000
540730,False,False,excluded,excluded,non_list1,non_list1,insufficient_positive_pre_months|direct_policy_scope_overlap,insufficient_positive_pre_months|direct_policy_scope_overlap,21,20,24,22,1558933,1449846,0,0,0.000000000000,0.000000000000
540741,False,False,excluded,excluded,non_list1,non_list1,direct_policy_scope_overlap,direct_policy_scope_overlap,29,26,24,22,3746960,3440521,0,0,0.000000000000,0.000000000000
540742,False,False,excluded,excluded,non_list1,non_list1,direct_policy_scope_overlap,direct_policy_scope_overlap,29,26,24,22,7136963,6341127,0,0,0.000000000000,0.000000000000
540743,False,False,excluded,excluded,non_list1,non_list1,direct_policy_scope_overlap,direct_policy_scope_overlap,29,26,24,22,9077030,8389451,0,0,0.000000000000,0.000000000000
540744,False,False,excluded,excluded,non_list1,non_list1,direct_policy_scope_overlap,direct_policy_scope_overlap,29,26,24,22,856803,814239,0,0,0.000000000000,0.000000000000
540751,False,False,excluded,excluded,non_list1,non_list1,direct_policy_scope_overlap,direct_policy_scope_overlap,29,26,24,22,16883216,15649797,0,0,0.000000000000,0.000000000000
540752,False,False,excluded,excluded,non_list1,non_list1,direct_policy_scope_overlap,direct_policy_scope_overlap,29,26,24,22,70017820,63529707,0,0,0.000000000000,0.000000000000
540753,False,False,excluded,excluded,non_list1,non_list1,direct_policy_scope_overlap,direct_policy_scope_overlap,29,26,24,22,53283474,46953616,0,0,0.000000000000,0.000000000000
540754,False,False,control_candidate,control_candidate,non_list1,non_list1,,,29,26,24,22,17949511,16454030,0,0,0.000000000000,0.000000000000
540761,False,False,excluded,excluded,non_list1,non_list1,direct_policy_scope_overlap,direct_policy_scope_overlap,29,26,24,22,124281270,114871815,0,0,0.000000000000,0.000000000000
540769,False,False,excluded,excluded,non_list1,non_list1,direct_policy_scope_overlap,direct_policy_scope_overlap,29,26,24,22,39008076,35502306,0,0,0.000000000000,0.000000000000
540771,False,False,excluded,excluded,non_list1,non_list1,direct_policy_scope_overlap,direct_policy_scope_overlap,29,26,24,22,1860166,1776726,0,0,0.000000000000,0.000000000000
540772,False,False,excluded,excluded,non_list1,non_list1,direct_policy_scope_overlap,direct_policy_scope_overlap,29,26,24,22,4295489,3959456,0,0,0.000000000000,0.000000000000
540773,False,False,excluded,excluded,non_list1,non_list1,direct_policy_scope_overlap,direct_policy_scope_overlap,29,26,24,22,14203814,12597560,0,0,0.000000000000,0.000000000000
540774,False,False,excluded,excluded,non_list1,non_list1,direct_policy_scope_overlap,direct_policy_scope_overlap,29,26,24,22,517727,466657,0,0,0.000000000000,0.000000000000
540781,False,False,excluded,excluded,non_list1,non_list1,direct_policy_scope_overlap,direct_policy_scope_overlap,29,26,24,22,966571,808654,0,0,0.000000000000,0.000000000000
540782,False,False,excluded,excluded,non_list1,non_list1,direct_policy_scope_overlap,direct_policy_scope_overlap,29,26,24,22,5785469,5208634,0,0,0.000000000000,0.000000000000
540783,False,False,excluded,excluded,non_list1,non_list1,direct_policy_scope_overlap,direct_policy_scope_overlap,29,26,24,22,2919747,2712604,0,0,0.000000000000,0.000000000000
540784,False,False,excluded,excluded,non_list1,non_list1,direct_policy_scope_overlap,direct_policy_scope_overlap,28,25,24,22,809213,730407,0,0,0.000000000000,0.000000000000
540791,False,False,excluded,excluded,non_list1,non_list1,direct_policy_scope_overlap,direct_policy_scope_overlap,29,26,24,22,1018626,912524,0,0,0.000000000000,0.000000000000
540792,False,False,excluded,excluded,non_list1,non_list1,direct_policy_scope_overlap,direct_policy_scope_overlap,29,26,24,22,10587647,9651620,0,0,0.000000000000,0.000000000000
540793,False,False,excluded,excluded,non_list1,non_list1,direct_policy_scope_overlap,direct_policy_scope_overlap,29,26,24,22,26008015,23672650,0,0,0.000000000000,0.000000000000
540794,False,False,excluded,excluded,non_list1,non_list1,direct_policy_scope_overlap,direct_policy_scope_overlap,29,26,24,22,3528232,3331476,0,0,0.000000000000,0.000000000000
540810,False,False,excluded,excluded,non_list1,non_list1,direct_policy_scope_overlap,insufficient_positive_pre_months|direct_policy_scope_overlap,24,21,24,22,320661,286521,0,0,0.000000000000,0.000000000000
540821,False,False,excluded,excluded,non_list1,non_list1,direct_policy_scope_overlap,direct_policy_scope_overlap,26,23,24,22,356036,342886,0,0,0.000000000000,0.000000000000
540822,False,False,excluded,excluded,non_list1,non_list1,direct_policy_scope_overlap,direct_policy_scope_overlap,29,26,24,22,3872263,3685692,0,0,0.000000000000,0.000000000000
540823,False,False,excluded,excluded,non_list1,non_list1,direct_policy_scope_overlap,insufficient_positive_pre_months|direct_policy_scope_overlap,24,21,24,22,233960,224039,0,0,0.000000000000,0.000000000000
540824,False,False,excluded,excluded,non_list1,non_list1,direct_policy_scope_overlap,direct_policy_scope_overlap,29,26,24,22,3053490,2590861,0,0,0.000000000000,0.000000000000
540831,False,False,excluded,excluded,non_list1,non_list1,direct_policy_scope_overlap,direct_policy_scope_overlap,27,24,24,22,783350,663642,0,0,0.000000000000,0.000000000000
540832,False,False,excluded,excluded,non_list1,non_list1,direct_policy_scope_overlap,direct_policy_scope_overlap,29,26,24,22,2357822,2240344,0,0,0.000000000000,0.000000000000
540833,False,False,excluded,excluded,non_list1,non_list1,direct_policy_scope_overlap,direct_policy_scope_overlap,29,26,24,22,737732,682694,0,0,0.000000000000,0.000000000000
540834,False,False,excluded,excluded,non_list1,non_list1,direct_policy_scope_overlap,direct_policy_scope_overlap,29,26,24,22,974992,875999,0,0,0.000000000000,0.000000000000
550110,False,False,excluded,excluded,non_list1,non_list1,insufficient_positive_pre_months|direct_policy_scope_overlap,insufficient_positive_pre_months|direct_policy_scope_overlap,18,15,24,22,264595,225082,0,0,0.000000000000,0.000000000000
550120,False,False,excluded,excluded,non_list1,non_list1,direct_policy_scope_overlap,direct_policy_scope_overlap,29,26,24,22,2915517,2391792,0,0,0.000000000000,0.000000000000
550130,False,False,excluded,excluded,non_list1,non_list1,insufficient_positive_pre_months|direct_policy_scope_overlap,insufficient_positive_pre_months|direct_policy_scope_overlap,4,2,24,22,49745,43025,0,0,0.000000000000,0.000000000000
550140,False,False,excluded,excluded,non_list1,non_list1,insufficient_positive_pre_months|direct_policy_scope_overlap,insufficient_positive_pre_months|direct_policy_scope_overlap,18,15,24,22,5010406,3794892,0,0,0.000000000000,0.000000000000
550190,False,False,excluded,excluded,non_list1,non_list1,insufficient_positive_pre_months|direct_policy_scope_overlap,insufficient_positive_pre_months|direct_policy_scope_overlap,8,6,24,22,43686,33902,0,0,0.000000000000,0.000000000000
550210,False,False,excluded,excluded,non_list1,non_list1,insufficient_positive_pre_months|direct_policy_scope_overlap,insufficient_positive_pre_months|direct_policy_scope_overlap,3,3,24,22,56438,56438,0,0,0.000000000000,0.000000000000
550290,False,False,excluded,excluded,non_list1,non_list1,insufficient_positive_pre_months|direct_policy_scope_overlap,insufficient_positive_pre_months|direct_policy_scope_overlap,2,2,24,22,108405,108405,0,0,0.000000000000,0.000000000000
550311,False,False,excluded,excluded,non_list1,non_list1,direct_policy_scope_overlap,direct_policy_scope_overlap,27,24,24,22,5981894,4368990,0,0,0.000000000000,0.000000000000
550319,False,False,excluded,excluded,non_list1,non_list1,direct_policy_scope_overlap,direct_policy_scope_overlap,29,26,24,22,8405412,6977199,0,0,0.000000000000,0.000000000000
550320,False,False,excluded,excluded,non_list1,non_list1,direct_policy_scope_overlap,direct_policy_scope_overlap,29,26,24,22,398789144,357991497,0,0,0.000000000000,0.000000000000
550330,False,False,excluded,excluded,non_list1,non_list1,insufficient_positive_pre_months|direct_policy_scope_overlap,insufficient_positive_pre_months|direct_policy_scope_overlap,16,13,24,22,823803,731283,0,0,0.000000000000,0.000000000000
550340,False,False,excluded,excluded,non_list1,non_list1,direct_policy_scope_overlap,direct_policy_scope_overlap,29,26,24,22,10758911,7989867,0,0,0.000000000000,0.000000000000
550390,False,False,excluded,excluded,non_list1,non_list1,direct_policy_scope_overlap,direct_policy_scope_overlap,29,26,24,22,9910538,9029685,0,0,0.000000000000,0.000000000000
550410,False,False,control_candidate,control_candidate,non_list1,non_list1,,,29,26,24,22,194819593,172524228,0,0,0.000000000000,0.000000000000
550490,False,False,excluded,excluded,non_list1,non_list1,insufficient_positive_pre_months|direct_policy_scope_overlap,insufficient_positive_pre_months|direct_policy_scope_overlap,12,11,24,22,239319,239062,0,0,0.000000000000,0.000000000000
550510,False,False,excluded,excluded,non_list1,non_list1,insufficient_positive_pre_months|direct_policy_scope_overlap,insufficient_positive_pre_months|direct_policy_scope_overlap,16,16,24,22,274332,274332,0,0,0.000000000000,0.000000000000
550520,False,False,excluded,excluded,non_list1,non_list1,insufficient_positive_pre_months|direct_policy_scope_overlap,insufficient_positive_pre_months|direct_policy_scope_overlap,2,2,24,22,3059,3059,0,0,0.000000000000,0.000000000000
550610,False,False,excluded,excluded,non_list1,non_list1,insufficient_positive_pre_months|direct_policy_scope_overlap,insufficient_positive_pre_months|direct_policy_scope_overlap,22,20,24,22,294777,282190,0,0,0.000000000000,0.000000000000
550620,False,False,excluded,excluded,non_list1,non_list1,insufficient_positive_pre_months|direct_policy_scope_overlap,insufficient_positive_pre_months|direct_policy_scope_overlap,22,20,24,22,558257,530704,0,0,0.000000000000,0.000000000000
550630,False,False,excluded,excluded,non_list1,non_list1,insufficient_positive_pre_months|direct_policy_scope_overlap,insufficient_positive_pre_months|direct_policy_scope_overlap,2,1,24,22,4251,2561,0,0,0.000000000000,0.000000000000
550640,False,False,excluded,excluded,non_list1,non_list1,insufficient_positive_pre_months|direct_policy_scope_overlap,insufficient_positive_pre_months|direct_policy_scope_overlap,2,2,24,22,21123,21123,0,0,0.000000000000,0.000000000000
550690,False,False,excluded,excluded,non_list1,non_list1,insufficient_positive_pre_months|direct_policy_scope_overlap,insufficient_positive_pre_months|direct_policy_scope_overlap,0,0,24,22,0,0,0,0,0.000000000000,0.000000000000
550700,False,False,excluded,excluded,non_list1,non_list1,insufficient_positive_pre_months|direct_policy_scope_overlap,insufficient_positive_pre_months|direct_policy_scope_overlap,20,18,24,22,470095,468043,0,0,0.000000000000,0.000000000000
550810,False,False,excluded,excluded,non_list1,non_list1,direct_policy_scope_overlap,direct_policy_scope_overlap,29,26,24,22,18573806,16459215,0,0,0.000000000000,0.000000000000
550820,False,False,excluded,excluded,non_list1,non_list1,insufficient_positive_pre_months|direct_policy_scope_overlap,insufficient_positive_pre_months|direct_policy_scope_overlap,14,13,24,22,144468,142452,0,0,0.000000000000,0.000000000000
550911,False,False,excluded,excluded,non_list1,non_list1,insufficient_positive_pre_months|direct_policy_scope_overlap,insufficient_positive_pre_months|direct_policy_scope_overlap,18,16,24,22,135841,102339,0,0,0.000000000000,0.000000000000
550912,False,False,excluded,excluded,non_list1,non_list1,insufficient_positive_pre_months|direct_policy_scope_overlap,insufficient_positive_pre_months|direct_policy_scope_overlap,5,5,24,22,73171,73171,0,0,0.000000000000,0.000000000000
550921,False,False,excluded,excluded,non_list1,non_list1,direct_policy_scope_overlap,direct_policy_scope_overlap,29,26,24,22,6621464,5940252,0,0,0.000000000000,0.000000000000
550922,False,False,excluded,excluded,non_list1,non_list1,direct_policy_scope_overlap,direct_policy_scope_overlap,27,24,24,22,2667699,2431079,0,0,0.000000000000,0.000000000000
550931,False,False,excluded,excluded,non_list1,non_list1,direct_policy_scope_overlap,direct_policy_scope_overlap,25,23,24,22,1736079,1574660,0,0,0.000000000000,0.000000000000
550932,False,False,excluded,excluded,non_list1,non_list1,direct_policy_scope_overlap,direct_policy_scope_overlap,28,25,24,22,978663,775425,0,0,0.000000000000,0.000000000000
550941,False,False,excluded,excluded,non_list1,non_list1,insufficient_positive_pre_months|direct_policy_scope_overlap,insufficient_positive_pre_months|direct_policy_scope_overlap,13,11,24,22,287274,276409,0,0,0.000000000000,0.000000000000
550942,False,False,excluded,excluded,non_list1,non_list1,insufficient_positive_pre_months|direct_policy_scope_overlap,insufficient_positive_pre_months|direct_policy_scope_overlap,6,5,24,22,63837,63087,0,0,0.000000000000,0.000000000000
550951,False,False,excluded,excluded,non_list1,non_list1,direct_policy_scope_overlap,direct_policy_scope_overlap,27,24,24,22,3310626,3129131,0,0,0.000000000000,0.000000000000
550952,False,False,excluded,excluded,non_list1,non_list1,insufficient_positive_pre_months|direct_policy_scope_overlap,insufficient_positive_pre_months|direct_policy_scope_overlap,0,0,24,22,0,0,0,0,0.000000000000,0.000000000000
550953,False,False,excluded,excluded,non_list1,non_list1,direct_policy_scope_overlap,direct_policy_scope_overlap,29,26,24,22,17180081,15919338,0,0,0.000000000000,0.000000000000
550959,False,False,excluded,excluded,non_list1,non_list1,insufficient_positive_pre_months|direct_policy_scope_overlap,insufficient_positive_pre_months|direct_policy_scope_overlap,6,5,24,22,34787,34259,0,0,0.000000000000,0.000000000000
550961,False,False,excluded,excluded,non_list1,non_list1,insufficient_positive_pre_months|direct_policy_scope_overlap,insufficient_positive_pre_months|direct_policy_scope_overlap,0,0,24,22,0,0,0,0,0.000000000000,0.000000000000
550962,False,False,excluded,excluded,non_list1,non_list1,insufficient_positive_pre_months|direct_policy_scope_overlap,insufficient_positive_pre_months|direct_policy_scope_overlap,11,11,24,22,106685,106685,0,0,0.000000000000,0.000000000000
550969,False,False,excluded,excluded,non_list1,non_list1,insufficient_positive_pre_months|direct_policy_scope_overlap,insufficient_positive_pre_months|direct_policy_scope_overlap,10,9,24,22,222432,221687,0,0,0.000000000000,0.000000000000
550991,False,False,excluded,excluded,non_list1,non_list1,insufficient_positive_pre_months|direct_policy_scope_overlap,insufficient_positive_pre_months|direct_policy_scope_overlap,6,4,24,22,34009,26666,0,0,0.000000000000,0.000000000000
550992,False,False,excluded,excluded,non_list1,non_list1,insufficient_positive_pre_months|direct_policy_scope_overlap,insufficient_positive_pre_months|direct_policy_scope_overlap,22,19,24,22,3735552,3440438,0,0,0.000000000000,0.000000000000
550999,False,False,excluded,excluded,non_list1,non_list1,insufficient_positive_pre_months|direct_policy_scope_overlap,insufficient_positive_pre_months|direct_policy_scope_overlap,11,10,24,22,194603,161425,0,0,0.000000000000,0.000000000000
551011,False,False,excluded,excluded,non_list1,non_list1,direct_policy_scope_overlap,direct_policy_scope_overlap,29,26,24,22,12766045,11802071,0,0,0.000000000000,0.000000000000
551012,False,False,excluded,excluded,non_list1,non_list1,direct_policy_scope_overlap,direct_policy_scope_overlap,29,26,24,22,234626,190595,0,0,0.000000000000,0.000000000000
551020,False,False,excluded,excluded,non_list1,non_list1,insufficient_positive_pre_months|direct_policy_scope_overlap,insufficient_positive_pre_months|direct_policy_scope_overlap,1,1,24,22,15305,15305,0,0,0.000000000000,0.000000000000
551030,False,False,excluded,excluded,non_list1,non_list1,direct_policy_scope_overlap,direct_policy_scope_overlap,29,26,24,22,2831044,2519720,0,0,0.000000000000,0.000000000000
551090,False,False,excluded,excluded,non_list1,non_list1,direct_policy_scope_overlap,direct_policy_scope_overlap,29,26,24,22,14828670,13291283,0,0,0.000000000000,0.000000000000
551110,False,False,excluded,excluded,non_list1,non_list1,direct_policy_scope_overlap,direct_policy_scope_overlap,29,26,24,22,32840094,30054261,0,0,0.000000000000,0.000000000000
551120,False,False,excluded,excluded,non_list1,non_list1,direct_policy_scope_overlap,direct_policy_scope_overlap,29,26,24,22,2589140,2289567,0,0,0.000000000000,0.000000000000
551130,False,False,excluded,excluded,non_list1,non_list1,direct_policy_scope_overlap,direct_policy_scope_overlap,29,26,24,22,1454451,1299675,0,0,0.000000000000,0.000000000000
551211,False,False,excluded,excluded,non_list1,non_list1,direct_policy_scope_overlap,direct_policy_scope_overlap,29,26,24,22,13540738,11905884,0,0,0.000000000000,0.000000000000
551219,False,False,excluded,excluded,non_list1,non_list1,direct_policy_scope_overlap,direct_policy_scope_overlap,29,26,24,22,29249556,26814862,0,0,0.000000000000,0.000000000000
551221,False,False,excluded,excluded,non_list1,non_list1,insufficient_positive_pre_months|direct_policy_scope_overlap,insufficient_positive_pre_months|direct_policy_scope_overlap,17,15,24,22,509733,444427,0,0,0.000000000000,0.000000000000
551229,False,False,excluded,excluded,non_list1,non_list1,direct_policy_scope_overlap,direct_policy_scope_overlap,29,26,24,22,4747278,4105105,0,0,0.000000000000,0.000000000000
551291,False,False,excluded,excluded,non_list1,non_list1,insufficient_positive_pre_months|direct_policy_scope_overlap,insufficient_positive_pre_months|direct_policy_scope_overlap,21,18,24,22,1768794,1462435,0,0,0.000000000000,0.000000000000
551299,False,False,excluded,excluded,non_list1,non_list1,direct_policy_scope_overlap,direct_policy_scope_overlap,29,26,24,22,5584097,5172306,0,0,0.000000000000,0.000000000000
551311,False,False,excluded,excluded,non_list1,non_list1,direct_policy_scope_overlap,direct_policy_scope_overlap,29,26,24,22,4675006,4286570,0,0,0.000000000000,0.000000000000
551312,False,False,excluded,excluded,non_list1,non_list1,direct_policy_scope_overlap,direct_policy_scope_overlap,26,24,24,22,1613724,1591399,0,0,0.000000000000,0.000000000000
551313,False,False,excluded,excluded,non_list1,non_list1,direct_policy_scope_overlap,direct_policy_scope_overlap,24,22,24,22,1030652,909509,0,0,0.000000000000,0.000000000000
551319,False,False,excluded,excluded,non_list1,non_list1,insufficient_positive_pre_months|direct_policy_scope_overlap,insufficient_positive_pre_months|direct_policy_scope_overlap,18,17,24,22,210453,203739,0,0,0.000000000000,0.000000000000
551321,False,False,control_candidate,control_candidate,non_list1,non_list1,,,29,26,24,22,13030464,11647448,0,0,0.000000000000,0.000000000000
551323,False,False,excluded,excluded,non_list1,non_list1,direct_policy_scope_overlap,direct_policy_scope_overlap,29,26,24,22,2475582,2086164,0,0,0.000000000000,0.000000000000
551329,False,False,excluded,excluded,non_list1,non_list1,direct_policy_scope_overlap,direct_policy_scope_overlap,28,25,24,22,516352,494508,0,0,0.000000000000,0.000000000000
551331,False,False,excluded,excluded,non_list1,non_list1,direct_policy_scope_overlap,direct_policy_scope_overlap,29,26,24,22,1662159,1582428,0,0,0.000000000000,0.000000000000
551339,False,False,excluded,excluded,non_list1,non_list1,direct_policy_scope_overlap,insufficient_positive_pre_months|direct_policy_scope_overlap,24,21,24,22,603209,579048,0,0,0.000000000000,0.000000000000
551341,False,False,excluded,excluded,non_list1,non_list1,direct_policy_scope_overlap,direct_policy_scope_overlap,29,26,24,22,1756353,1630190,0,0,0.000000000000,0.000000000000
551349,False,False,excluded,excluded,non_list1,non_list1,direct_policy_scope_overlap,direct_policy_scope_overlap,26,24,24,22,1494644,1469273,0,0,0.000000000000,0.000000000000
551411,False,False,excluded,excluded,non_list1,non_list1,direct_policy_scope_overlap,direct_policy_scope_overlap,25,23,24,22,844148,749604,0,0,0.000000000000,0.000000000000
551412,False,False,excluded,excluded,non_list1,non_list1,insufficient_positive_pre_months|direct_policy_scope_overlap,insufficient_positive_pre_months|direct_policy_scope_overlap,21,21,24,22,417825,417825,0,0,0.000000000000,0.000000000000
551419,False,False,excluded,excluded,non_list1,non_list1,direct_policy_scope_overlap,direct_policy_scope_overlap,29,26,24,22,1266254,1157663,0,0,0.000000000000,0.000000000000
551421,False,False,excluded,excluded,non_list1,non_list1,direct_policy_scope_overlap,direct_policy_scope_overlap,28,25,24,22,1331292,1192599,0,0,0.000000000000,0.000000000000
551422,False,False,excluded,excluded,non_list1,non_list1,direct_policy_scope_overlap,direct_policy_scope_overlap,29,26,24,22,4644962,4175304,0,0,0.000000000000,0.000000000000
551423,False,False,excluded,excluded,non_list1,non_list1,direct_policy_scope_overlap,direct_policy_scope_overlap,29,26,24,22,1459316,1376281,0,0,0.000000000000,0.000000000000
551429,False,False,excluded,excluded,non_list1,non_list1,direct_policy_scope_overlap,direct_policy_scope_overlap,27,24,24,22,1489540,1341145,0,0,0.000000000000,0.000000000000
551430,False,False,excluded,excluded,non_list1,non_list1,direct_policy_scope_overlap,direct_policy_scope_overlap,29,26,24,22,2366313,2125136,0,0,0.000000000000,0.000000000000
551441,False,False,excluded,excluded,non_list1,non_list1,insufficient_positive_pre_months|direct_policy_scope_overlap,insufficient_positive_pre_months|direct_policy_scope_overlap,1,1,24,22,4214,4214,0,0,0.000000000000,0.000000000000
551442,False,False,excluded,excluded,non_list1,non_list1,insufficient_positive_pre_months|direct_policy_scope_overlap,insufficient_positive_pre_months|direct_policy_scope_overlap,6,6,24,22,62298,62298,0,0,0.000000000000,0.000000000000
551443,False,False,excluded,excluded,non_list1,non_list1,insufficient_positive_pre_months|direct_policy_scope_overlap,insufficient_positive_pre_months|direct_policy_scope_overlap,13,13,24,22,229350,229350,0,0,0.000000000000,0.000000000000
551449,False,False,excluded,excluded,non_list1,non_list1,insufficient_positive_pre_months|direct_policy_scope_overlap,insufficient_positive_pre_months|direct_policy_scope_overlap,17,16,24,22,765628,730960,0,0,0.000000000000,0.000000000000
551511,False,False,excluded,excluded,non_list1,non_list1,direct_policy_scope_overlap,direct_policy_scope_overlap,29,26,24,22,4953797,4407831,0,0,0.000000000000,0.000000000000
551512,False,False,excluded,excluded,non_list1,non_list1,direct_policy_scope_overlap,direct_policy_scope_overlap,29,26,24,22,48908551,44636631,0,0,0.000000000000,0.000000000000
551513,False,False,excluded,excluded,non_list1,non_list1,direct_policy_scope_overlap,direct_policy_scope_overlap,29,26,24,22,1722140,1450211,0,0,0.000000000000,0.000000000000
551519,False,False,excluded,excluded,non_list1,non_list1,direct_policy_scope_overlap,direct_policy_scope_overlap,29,26,24,22,19346780,17627408,0,0,0.000000000000,0.000000000000
551521,False,False,excluded,excluded,non_list1,non_list1,direct_policy_scope_overlap,direct_policy_scope_overlap,29,26,24,22,493227,418326,0,0,0.000000000000,0.000000000000
551522,False,False,excluded,excluded,non_list1,non_list1,insufficient_positive_pre_months|direct_policy_scope_overlap,insufficient_positive_pre_months|direct_policy_scope_overlap,12,10,24,22,73030,60670,0,0,0.000000000000,0.000000000000
551529,False,False,excluded,excluded,non_list1,non_list1,direct_policy_scope_overlap,direct_policy_scope_overlap,26,23,24,22,271888,181118,0,0,0.000000000000,0.000000000000
551591,False,False,excluded,excluded,non_list1,non_list1,direct_policy_scope_overlap,direct_policy_scope_overlap,29,26,24,22,635626,614103,0,0,0.000000000000,0.000000000000
551599,False,False,excluded,excluded,non_list1,non_list1,direct_policy_scope_overlap,direct_policy_scope_overlap,29,26,24,22,1698210,1643591,0,0,0.000000000000,0.000000000000
551611,False,False,excluded,excluded,non_list1,non_list1,direct_policy_scope_overlap,direct_policy_scope_overlap,29,26,24,22,3400368,3221360,0,0,0.000000000000,0.000000000000
551612,False,False,excluded,excluded,non_list1,non_list1,direct_policy_scope_overlap,direct_policy_scope_overlap,29,26,24,22,21400561,20323854,0,0,0.000000000000,0.000000000000
551613,False,False,excluded,excluded,non_list1,non_list1,direct_policy_scope_overlap,direct_policy_scope_overlap,29,26,24,22,1188635,1122074,0,0,0.000000000000,0.000000000000
551614,False,False,excluded,excluded,non_list1,non_list1,direct_policy_scope_overlap,direct_policy_scope_overlap,29,26,24,22,17036871,15055434,0,0,0.000000000000,0.000000000000
551621,False,False,excluded,excluded,non_list1,non_list1,direct_policy_scope_overlap,direct_policy_scope_overlap,24,22,24,22,367025,335458,0,0,0.000000000000,0.000000000000
551622,False,False,excluded,excluded,non_list1,non_list1,direct_policy_scope_overlap,direct_policy_scope_overlap,29,26,24,22,2474612,2281288,0,0,0.000000000000,0.000000000000
551623,False,False,excluded,excluded,non_list1,non_list1,direct_policy_scope_overlap,direct_policy_scope_overlap,29,26,24,22,20323319,18422080,0,0,0.000000000000,0.000000000000
551624,False,False,excluded,excluded,non_list1,non_list1,direct_policy_scope_overlap,direct_policy_scope_overlap,29,26,24,22,689692,577400,0,0,0.000000000000,0.000000000000
551631,False,False,excluded,excluded,non_list1,non_list1,insufficient_positive_pre_months|direct_policy_scope_overlap,insufficient_positive_pre_months|direct_policy_scope_overlap,22,19,24,22,196177,179992,0,0,0.000000000000,0.000000000000
551632,False,False,excluded,excluded,non_list1,non_list1,insufficient_positive_pre_months|direct_policy_scope_overlap,insufficient_positive_pre_months|direct_policy_scope_overlap,14,12,24,22,89407,55016,0,0,0.000000000000,0.000000000000
551633,False,False,excluded,excluded,non_list1,non_list1,insufficient_positive_pre_months|direct_policy_scope_overlap,insufficient_positive_pre_months|direct_policy_scope_overlap,6,5,24,22,83431,81251,0,0,0.000000000000,0.000000000000
551634,False,False,excluded,excluded,non_list1,non_list1,insufficient_positive_pre_months|direct_policy_scope_overlap,insufficient_positive_pre_months|direct_policy_scope_overlap,0,0,24,22,0,0,0,0,0.000000000000,0.000000000000
551641,False,False,excluded,excluded,non_list1,non_list1,direct_policy_scope_overlap,direct_policy_scope_overlap,26,24,24,22,1741128,1690903,0,0,0.000000000000,0.000000000000
551642,False,False,excluded,excluded,non_list1,non_list1,direct_policy_scope_overlap,direct_policy_scope_overlap,27,24,24,22,321420,289902,0,0,0.000000000000,0.000000000000
551643,False,False,excluded,excluded,non_list1,non_list1,direct_policy_scope_overlap,direct_policy_scope_overlap,29,26,24,22,31781389,28129611,0,0,0.000000000000,0.000000000000
551644,False,False,excluded,excluded,non_list1,non_list1,insufficient_positive_pre_months|direct_policy_scope_overlap,insufficient_positive_pre_months|direct_policy_scope_overlap,18,17,24,22,1006183,1001347,0,0,0.000000000000,0.000000000000
551691,False,False,excluded,excluded,non_list1,non_list1,direct_policy_scope_overlap,direct_policy_scope_overlap,27,24,24,22,558541,430995,0,0,0.000000000000,0.000000000000
551692,False,False,excluded,excluded,non_list1,non_list1,direct_policy_scope_overlap,direct_policy_scope_overlap,29,26,24,22,11344060,10168892,0,0,0.000000000000,0.000000000000
551693,False,False,excluded,excluded,non_list1,non_list1,direct_policy_scope_overlap,direct_policy_scope_overlap,29,26,24,22,6050588,5435667,0,0,0.000000000000,0.000000000000
551694,False,False,excluded,excluded,non_list1,non_list1,direct_policy_scope_overlap,insufficient_positive_pre_months|direct_policy_scope_overlap,24,21,24,22,347884,337184,0,0,0.000000000000,0.000000000000
560121,False,False,excluded,excluded,non_list1,non_list1,direct_policy_scope_overlap,direct_policy_scope_overlap,29,26,24,22,64346174,58848091,0,0,0.000000000000,0.000000000000
560122,False,False,excluded,excluded,non_list1,non_list1,direct_policy_scope_overlap,direct_policy_scope_overlap,29,26,24,22,5365148,5152498,0,0,0.000000000000,0.000000000000
560129,False,False,excluded,excluded,non_list1,non_list1,direct_policy_scope_overlap,direct_policy_scope_overlap,25,22,24,22,865934,689869,0,0,0.000000000000,0.000000000000
560130,False,False,excluded,excluded,non_list1,non_list1,direct_policy_scope_overlap,direct_policy_scope_overlap,28,25,24,22,2914191,2631372,0,0,0.000000000000,0.000000000000
560210,False,False,excluded,excluded,non_list1,non_list1,direct_policy_scope_overlap,direct_policy_scope_overlap,29,26,24,22,25908681,21661065,0,0,0.000000000000,0.000000000000
560221,False,False,excluded,excluded,non_list1,non_list1,direct_policy_scope_overlap,direct_policy_scope_overlap,29,26,24,22,277388,257204,0,0,0.000000000000,0.000000000000
560229,False,False,excluded,excluded,non_list1,non_list1,direct_policy_scope_overlap,direct_policy_scope_overlap,29,26,24,22,5960660,5335136,0,0,0.000000000000,0.000000000000
560290,False,False,excluded,excluded,non_list1,non_list1,direct_policy_scope_overlap,direct_policy_scope_overlap,29,26,24,22,4255200,3374163,0,0,0.000000000000,0.000000000000
560311,False,False,excluded,excluded,non_list1,non_list1,direct_policy_scope_overlap,direct_policy_scope_overlap,29,26,24,22,54652027,50921314,0,0,0.000000000000,0.000000000000
560312,False,False,excluded,excluded,non_list1,non_list1,direct_policy_scope_overlap,direct_policy_scope_overlap,29,26,24,22,190043027,172134820,0,0,0.000000000000,0.000000000000
560313,False,False,excluded,excluded,non_list1,non_list1,direct_policy_scope_overlap,direct_policy_scope_overlap,29,26,24,22,120381234,103798582,0,0,0.000000000000,0.000000000000
560314,False,False,excluded,excluded,non_list1,non_list1,direct_policy_scope_overlap,direct_policy_scope_overlap,29,26,24,22,64853384,55988650,0,0,0.000000000000,0.000000000000
560391,False,False,excluded,excluded,non_list1,non_list1,direct_policy_scope_overlap,direct_policy_scope_overlap,29,26,24,22,9432033,8489226,0,0,0.000000000000,0.000000000000
560392,False,False,excluded,excluded,non_list1,non_list1,direct_policy_scope_overlap,direct_policy_scope_overlap,29,26,24,22,123918430,105393721,0,0,0.000000000000,0.000000000000
560393,False,False,excluded,excluded,non_list1,non_list1,direct_policy_scope_overlap,direct_policy_scope_overlap,29,26,24,22,45578294,41142801,0,0,0.000000000000,0.000000000000
560394,False,False,excluded,excluded,non_list1,non_list1,direct_policy_scope_overlap,direct_policy_scope_overlap,29,26,24,22,80567818,72240639,0,0,0.000000000000,0.000000000000
560410,False,False,excluded,excluded,non_list1,non_list1,direct_policy_scope_overlap,direct_policy_scope_overlap,29,26,24,22,8058600,6939057,0,0,0.000000000000,0.000000000000
560490,False,False,excluded,excluded,non_list1,non_list1,direct_policy_scope_overlap,direct_policy_scope_overlap,29,26,24,22,1923224,1645965,0,0,0.000000000000,0.000000000000
560500,False,False,excluded,excluded,non_list1,non_list1,direct_policy_scope_overlap,direct_policy_scope_overlap,29,26,24,22,2720605,2589887,0,0,0.000000000000,0.000000000000
560600,False,False,excluded,excluded,non_list1,non_list1,direct_policy_scope_overlap,direct_policy_scope_overlap,29,26,24,22,48458470,43249927,0,0,0.000000000000,0.000000000000
560721,False,False,excluded,excluded,non_list1,non_list1,direct_policy_scope_overlap,direct_policy_scope_overlap,29,26,24,22,1518642,1340212,0,0,0.000000000000,0.000000000000
560729,False,False,excluded,excluded,non_list1,non_list1,direct_policy_scope_overlap,direct_policy_scope_overlap,29,26,24,22,10834238,10035608,0,0,0.000000000000,0.000000000000
560741,False,False,excluded,excluded,non_list1,non_list1,direct_policy_scope_overlap,direct_policy_scope_overlap,29,26,24,22,7240129,6476402,0,0,0.000000000000,0.000000000000
560749,False,False,excluded,excluded,non_list1,non_list1,direct_policy_scope_overlap,direct_policy_scope_overlap,29,26,24,22,76319554,68730345,0,0,0.000000000000,0.000000000000
560750,False,False,excluded,excluded,non_list1,non_list1,direct_policy_scope_overlap,direct_policy_scope_overlap,29,26,24,22,74610513,67082297,0,0,0.000000000000,0.000000000000
560790,False,False,excluded,excluded,non_list1,non_list1,direct_policy_scope_overlap,direct_policy_scope_overlap,29,26,24,22,27975767,25864407,0,0,0.000000000000,0.000000000000
560811,False,False,excluded,excluded,non_list1,non_list1,direct_policy_scope_overlap,direct_policy_scope_overlap,29,26,24,22,13808984,12172289,0,0,0.000000000000,0.000000000000
560819,False,False,excluded,excluded,non_list1,non_list1,direct_policy_scope_overlap,direct_policy_scope_overlap,29,26,24,22,35806636,30864178,0,0,0.000000000000,0.000000000000
560890,False,False,excluded,excluded,non_list1,non_list1,direct_policy_scope_overlap,direct_policy_scope_overlap,29,26,24,22,9719929,9191436,0,0,0.000000000000,0.000000000000
560900,False,False,excluded,excluded,non_list1,non_list1,direct_policy_scope_overlap,direct_policy_scope_overlap,29,26,24,22,328900868,297652705,0,0,0.000000000000,0.000000000000
570110,False,False,excluded,excluded,non_list1,non_list1,direct_policy_scope_overlap,direct_policy_scope_overlap,29,26,24,22,13820673,12889894,0,0,0.000000000000,0.000000000000
570190,False,False,excluded,excluded,non_list1,non_list1,direct_policy_scope_overlap,direct_policy_scope_overlap,29,26,24,22,29943379,26953598,0,0,0.000000000000,0.000000000000
570210,False,False,excluded,excluded,non_list1,non_list1,direct_policy_scope_overlap,direct_policy_scope_overlap,29,26,24,22,17488610,15751863,0,0,0.000000000000,0.000000000000
570220,False,False,excluded,excluded,non_list1,non_list1,direct_policy_scope_overlap,direct_policy_scope_overlap,26,23,24,22,786541,733208,0,0,0.000000000000,0.000000000000
570231,False,False,excluded,excluded,non_list1,non_list1,direct_policy_scope_overlap,direct_policy_scope_overlap,29,26,24,22,55226651,49557295,0,0,0.000000000000,0.000000000000
570232,False,False,excluded,excluded,non_list1,non_list1,direct_policy_scope_overlap,direct_policy_scope_overlap,29,26,24,22,2220556,2053418,0,0,0.000000000000,0.000000000000
570239,False,False,excluded,excluded,non_list1,non_list1,direct_policy_scope_overlap,direct_policy_scope_overlap,26,23,24,22,2267139,2242217,0,0,0.000000000000,0.000000000000
570241,False,False,excluded,excluded,non_list1,non_list1,direct_policy_scope_overlap,direct_policy_scope_overlap,29,26,24,22,33165305,30712777,0,0,0.000000000000,0.000000000000
570242,False,False,excluded,excluded,non_list1,non_list1,direct_policy_scope_overlap,direct_policy_scope_overlap,29,26,24,22,141787766,129273675,0,0,0.000000000000,0.000000000000
570249,False,False,excluded,excluded,non_list1,non_list1,direct_policy_scope_overlap,direct_policy_scope_overlap,29,26,24,22,12694304,11552674,0,0,0.000000000000,0.000000000000
570250,False,False,excluded,excluded,non_list1,non_list1,direct_policy_scope_overlap,direct_policy_scope_overlap,29,26,24,22,7933363,7172412,0,0,0.000000000000,0.000000000000
570291,False,False,excluded,excluded,non_list1,non_list1,insufficient_positive_pre_months|direct_policy_scope_overlap,insufficient_positive_pre_months|direct_policy_scope_overlap,16,15,24,22,183944,182934,0,0,0.000000000000,0.000000000000
570292,False,False,excluded,excluded,non_list1,non_list1,direct_policy_scope_overlap,direct_policy_scope_overlap,29,26,24,22,47186150,40063896,0,0,0.000000000000,0.000000000000
570299,False,False,excluded,excluded,non_list1,non_list1,direct_policy_scope_overlap,direct_policy_scope_overlap,29,26,24,22,20315004,18130398,0,0,0.000000000000,0.000000000000
570310,False,False,excluded,excluded,non_list1,non_list1,direct_policy_scope_overlap,direct_policy_scope_overlap,29,26,24,22,67646996,62277503,0,0,0.000000000000,0.000000000000
570320,False,False,excluded,excluded,non_list1,non_list1,direct_policy_scope_overlap,direct_policy_scope_overlap,29,26,24,22,100472356,90025331,0,0,0.000000000000,0.000000000000
570330,False,False,excluded,excluded,non_list1,non_list1,direct_policy_scope_overlap,direct_policy_scope_overlap,29,26,24,22,429182532,375254936,0,0,0.000000000000,0.000000000000
570390,False,False,excluded,excluded,non_list1,non_list1,direct_policy_scope_overlap,direct_policy_scope_overlap,29,26,24,22,79930151,70293755,0,0,0.000000000000,0.000000000000
570410,False,False,excluded,excluded,non_list1,non_list1,insufficient_positive_pre_months|direct_policy_scope_overlap,insufficient_positive_pre_months|direct_policy_scope_overlap,14,12,24,22,508057,386862,0,0,0.000000000000,0.000000000000
570420,False,False,excluded,excluded,non_list1,non_list1,insufficient_positive_pre_months|direct_policy_scope_overlap,insufficient_positive_pre_months|direct_policy_scope_overlap,9,8,24,22,126498,124998,0,0,0.000000000000,0.000000000000
570490,False,False,excluded,excluded,non_list1,non_list1,insufficient_positive_pre_months|direct_policy_scope_overlap,insufficient_positive_pre_months|direct_policy_scope_overlap,17,14,24,22,25792913,20982719,0,0,0.000000000000,0.000000000000
570500,False,False,excluded,excluded,non_list1,non_list1,direct_policy_scope_overlap,direct_policy_scope_overlap,29,26,24,22,333784131,301814664,0,0,0.000000000000,0.000000000000
580110,False,False,excluded,excluded,non_list1,non_list1,insufficient_positive_pre_months|direct_policy_scope_overlap,insufficient_positive_pre_months|direct_policy_scope_overlap,12,11,24,22,142554,133194,0,0,0.000000000000,0.000000000000
580121,False,False,excluded,excluded,non_list1,non_list1,insufficient_positive_pre_months|direct_policy_scope_overlap,insufficient_positive_pre_months|direct_policy_scope_overlap,8,7,24,22,47531,46592,0,0,0.000000000000,0.000000000000
580122,False,False,excluded,excluded,non_list1,non_list1,direct_policy_scope_overlap,direct_policy_scope_overlap,29,26,24,22,5488030,4983509,0,0,0.000000000000,0.000000000000
580123,False,False,excluded,excluded,non_list1,non_list1,direct_policy_scope_overlap,direct_policy_scope_overlap,28,25,24,22,714724,685577,0,0,0.000000000000,0.000000000000
580126,False,False,excluded,excluded,non_list1,non_list1,direct_policy_scope_overlap,direct_policy_scope_overlap,29,26,24,22,1100298,971179,0,0,0.000000000000,0.000000000000
580127,False,False,excluded,excluded,non_list1,non_list1,direct_policy_scope_overlap,direct_policy_scope_overlap,29,26,24,22,1555147,1349499,0,0,0.000000000000,0.000000000000
580131,False,False,control_candidate,control_candidate,non_list1,non_list1,,,29,26,24,22,4658501,3997598,0,0,0.000000000000,0.000000000000
580132,False,False,control_candidate,control_candidate,non_list1,non_list1,,,29,26,24,22,3616773,3292265,0,0,0.000000000000,0.000000000000
580133,False,False,control_candidate,control_candidate,non_list1,non_list1,,,29,26,24,22,19443110,18362251,0,0,0.000000000000,0.000000000000
580136,False,False,control_candidate,control_candidate,non_list1,non_list1,,,29,26,24,22,172082882,157302055,0,0,0.000000000000,0.000000000000
580137,False,False,excluded,excluded,non_list1,non_list1,direct_policy_scope_overlap,direct_policy_scope_overlap,29,26,24,22,9068859,8143508,0,0,0.000000000000,0.000000000000
580190,False,False,excluded,excluded,non_list1,non_list1,direct_policy_scope_overlap,direct_policy_scope_overlap,29,26,24,22,1516295,1370380,0,0,0.000000000000,0.000000000000
580211,False,False,excluded,excluded,non_list1,non_list1,insufficient_positive_pre_months|direct_policy_scope_overlap,insufficient_positive_pre_months|direct_policy_scope_overlap,9,6,24,22,28008,21363,0,0,0.000000000000,0.000000000000
580219,False,False,excluded,excluded,non_list1,non_list1,direct_policy_scope_overlap,direct_policy_scope_overlap,28,25,24,22,2182298,2023096,0,0,0.000000000000,0.000000000000
580220,False,False,excluded,excluded,non_list1,non_list1,insufficient_positive_pre_months|direct_policy_scope_overlap,insufficient_positive_pre_months|direct_policy_scope_overlap,23,20,24,22,101781,62392,0,0,0.000000000000,0.000000000000
580230,False,False,excluded,excluded,non_list1,non_list1,insufficient_positive_pre_months|direct_policy_scope_overlap,insufficient_positive_pre_months|direct_policy_scope_overlap,18,15,24,22,317624,225813,0,0,0.000000000000,0.000000000000
580300,False,False,excluded,excluded,non_list1,non_list1,direct_policy_scope_overlap,direct_policy_scope_overlap,29,26,24,22,11759829,11033579,0,0,0.000000000000,0.000000000000
580410,False,False,excluded,excluded,non_list1,non_list1,direct_policy_scope_overlap,direct_policy_scope_overlap,29,26,24,22,18533119,17378832,0,0,0.000000000000,0.000000000000
580421,False,False,excluded,excluded,non_list1,non_list1,direct_policy_scope_overlap,direct_policy_scope_overlap,29,26,24,22,7341411,6793786,0,0,0.000000000000,0.000000000000
580429,False,False,excluded,excluded,non_list1,non_list1,direct_policy_scope_overlap,direct_policy_scope_overlap,29,26,24,22,3407291,3174235,0,0,0.000000000000,0.000000000000
580430,False,False,excluded,excluded,non_list1,non_list1,insufficient_positive_pre_months|direct_policy_scope_overlap,insufficient_positive_pre_months|direct_policy_scope_overlap,15,14,24,22,103288,102521,0,0,0.000000000000,0.000000000000
580500,False,False,excluded,excluded,non_list1,non_list1,direct_policy_scope_overlap,direct_policy_scope_overlap,25,22,24,22,420648,394425,0,0,0.000000000000,0.000000000000
580610,False,False,excluded,excluded,non_list1,non_list1,direct_policy_scope_overlap,direct_policy_scope_overlap,29,26,24,22,31481681,27948733,0,0,0.000000000000,0.000000000000
580620,False,False,excluded,excluded,non_list1,non_list1,direct_policy_scope_overlap,direct_policy_scope_overlap,29,26,24,22,28324548,26767357,0,0,0.000000000000,0.000000000000
580631,False,False,excluded,excluded,non_list1,non_list1,direct_policy_scope_overlap,direct_policy_scope_overlap,29,26,24,22,21533306,21155670,0,0,0.000000000000,0.000000000000
580632,False,False,excluded,excluded,non_list1,non_list1,direct_policy_scope_overlap,direct_policy_scope_overlap,29,26,24,22,146159129,135695825,0,0,0.000000000000,0.000000000000
580639,False,False,excluded,excluded,non_list1,non_list1,direct_policy_scope_overlap,direct_policy_scope_overlap,29,26,24,22,15177230,14353139,0,0,0.000000000000,0.000000000000
580640,False,False,excluded,excluded,non_list1,non_list1,insufficient_positive_pre_months|direct_policy_scope_overlap,insufficient_positive_pre_months|direct_policy_scope_overlap,19,16,24,22,92525,66913,0,0,0.000000000000,0.000000000000
580710,False,False,excluded,excluded,non_list1,non_list1,direct_policy_scope_overlap,direct_policy_scope_overlap,29,26,24,22,24957903,22087811,0,0,0.000000000000,0.000000000000
580790,False,False,excluded,excluded,non_list1,non_list1,direct_policy_scope_overlap,direct_policy_scope_overlap,29,26,24,22,4495047,4246432,0,0,0.000000000000,0.000000000000
580810,False,False,excluded,excluded,non_list1,non_list1,direct_policy_scope_overlap,direct_policy_scope_overlap,29,26,24,22,7394879,6970857,0,0,0.000000000000,0.000000000000
580890,False,False,excluded,excluded,non_list1,non_list1,direct_policy_scope_overlap,direct_policy_scope_overlap,29,26,24,22,40180092,36412212,0,0,0.000000000000,0.000000000000
580900,False,False,excluded,excluded,non_list1,non_list1,insufficient_positive_pre_months|direct_policy_scope_overlap,insufficient_positive_pre_months|direct_policy_scope_overlap,20,18,24,22,298842,247456,0,0,0.000000000000,0.000000000000
581010,False,False,excluded,excluded,non_list1,non_list1,direct_policy_scope_overlap,direct_policy_scope_overlap,29,26,24,22,4947879,4457090,0,0,0.000000000000,0.000000000000
581091,False,False,excluded,excluded,non_list1,non_list1,direct_policy_scope_overlap,direct_policy_scope_overlap,29,26,24,22,1768032,1635862,0,0,0.000000000000,0.000000000000
581092,False,False,excluded,excluded,non_list1,non_list1,direct_policy_scope_overlap,direct_policy_scope_overlap,29,26,24,22,100087983,88337016,0,0,0.000000000000,0.000000000000
581099,False,False,excluded,excluded,non_list1,non_list1,direct_policy_scope_overlap,direct_policy_scope_overlap,29,26,24,22,1066033,1003074,0,0,0.000000000000,0.000000000000
581100,False,False,excluded,excluded,non_list1,non_list1,direct_policy_scope_overlap,direct_policy_scope_overlap,29,26,24,22,9074415,8033698,0,0,0.000000000000,0.000000000000
590110,False,False,excluded,excluded,non_list1,non_list1,direct_policy_scope_overlap,direct_policy_scope_overlap,28,25,24,22,1723265,1465688,0,0,0.000000000000,0.000000000000
590190,False,False,excluded,excluded,non_list1,non_list1,direct_policy_scope_overlap,direct_policy_scope_overlap,29,26,24,22,125242985,113191337,0,0,0.000000000000,0.000000000000
590210,False,False,excluded,excluded,non_list1,non_list1,direct_policy_scope_overlap,direct_policy_scope_overlap,29,26,24,22,15609102,14119301,0,0,0.000000000000,0.000000000000
590220,False,False,excluded,excluded,non_list1,non_list1,direct_policy_scope_overlap,direct_policy_scope_overlap,29,26,24,22,80713127,68998984,0,0,0.000000000000,0.000000000000
590290,False,False,excluded,excluded,non_list1,non_list1,insufficient_positive_pre_months|direct_policy_scope_overlap,insufficient_positive_pre_months|direct_policy_scope_overlap,11,9,24,22,231608,224208,0,0,0.000000000000,0.000000000000
590310,False,False,excluded,excluded,non_list1,non_list1,direct_policy_scope_overlap,direct_policy_scope_overlap,29,26,24,22,228950789,208309002,0,0,0.000000000000,0.000000000000
590320,False,False,excluded,excluded,non_list1,non_list1,direct_policy_scope_overlap,direct_policy_scope_overlap,29,26,24,22,153066816,138891618,0,0,0.000000000000,0.000000000000
590390,False,False,excluded,excluded,non_list1,non_list1,direct_policy_scope_overlap,direct_policy_scope_overlap,29,26,24,22,176062364,160154990,0,0,0.000000000000,0.000000000000
590410,False,False,excluded,excluded,non_list1,non_list1,insufficient_positive_pre_months|direct_policy_scope_overlap,insufficient_positive_pre_months|direct_policy_scope_overlap,13,11,24,22,35783,30596,0,0,0.000000000000,0.000000000000
590490,False,False,excluded,excluded,non_list1,non_list1,insufficient_positive_pre_months|direct_policy_scope_overlap,insufficient_positive_pre_months|direct_policy_scope_overlap,18,15,24,22,510601,478274,0,0,0.000000000000,0.000000000000
590500,False,False,excluded,excluded,non_list1,non_list1,direct_policy_scope_overlap,direct_policy_scope_overlap,29,26,24,22,10382403,9275987,0,0,0.000000000000,0.000000000000
590610,False,False,excluded,excluded,non_list1,non_list1,direct_policy_scope_overlap,direct_policy_scope_overlap,29,26,24,22,79617439,70237799,0,0,0.000000000000,0.000000000000
590691,False,False,excluded,excluded,non_list1,non_list1,direct_policy_scope_overlap,direct_policy_scope_overlap,29,26,24,22,6622919,6012930,0,0,0.000000000000,0.000000000000
590699,False,False,excluded,excluded,non_list1,non_list1,direct_policy_scope_overlap,direct_policy_scope_overlap,29,26,24,22,67089463,55263934,0,0,0.000000000000,0.000000000000
590700,False,False,excluded,excluded,non_list1,non_list1,direct_policy_scope_overlap,direct_policy_scope_overlap,29,26,24,22,43936826,39787325,0,0,0.000000000000,0.000000000000
590800,False,False,excluded,excluded,non_list1,non_list1,direct_policy_scope_overlap,direct_policy_scope_overlap,29,26,24,22,1188132,1099114,0,0,0.000000000000,0.000000000000
590900,False,False,excluded,excluded,non_list1,non_list1,direct_policy_scope_overlap,direct_policy_scope_overlap,29,26,24,22,24601380,20964144,0,0,0.000000000000,0.000000000000
591000,False,False,excluded,excluded,non_list1,non_list1,direct_policy_scope_overlap,direct_policy_scope_overlap,29,26,24,22,23491062,20685444,0,0,0.000000000000,0.000000000000
591110,False,False,excluded,excluded,non_list1,non_list1,direct_policy_scope_overlap,direct_policy_scope_overlap,29,26,24,22,16375673,16075063,0,0,0.000000000000,0.000000000000
591120,False,False,excluded,excluded,non_list1,non_list1,direct_policy_scope_overlap,direct_policy_scope_overlap,29,26,24,22,8127034,7367600,0,0,0.000000000000,0.000000000000
591131,False,False,excluded,excluded,non_list1,non_list1,insufficient_positive_pre_months|direct_policy_scope_overlap,insufficient_positive_pre_months|direct_policy_scope_overlap,19,16,24,22,953585,674098,0,0,0.000000000000,0.000000000000
591132,False,False,excluded,excluded,non_list1,non_list1,direct_policy_scope_overlap,direct_policy_scope_overlap,29,26,24,22,3844380,3089583,0,0,0.000000000000,0.000000000000
591140,False,False,excluded,excluded,non_list1,non_list1,direct_policy_scope_overlap,direct_policy_scope_overlap,29,26,24,22,10397713,9398495,0,0,0.000000000000,0.000000000000
591190,False,False,excluded,excluded,non_list1,non_list1,direct_policy_scope_overlap,direct_policy_scope_overlap,29,26,24,22,134431568,119489450,0,0,0.000000000000,0.000000000000
600110,False,False,excluded,excluded,non_list1,non_list1,direct_policy_scope_overlap,direct_policy_scope_overlap,29,26,24,22,18565235,17283232,0,0,0.000000000000,0.000000000000
600121,False,False,excluded,excluded,non_list1,non_list1,direct_policy_scope_overlap,direct_policy_scope_overlap,29,26,24,22,1281810,1199155,0,0,0.000000000000,0.000000000000
600122,False,False,control_candidate,control_candidate,non_list1,non_list1,,,29,26,24,22,95214717,91142758,0,0,0.000000000000,0.000000000000
600129,False,False,excluded,excluded,non_list1,non_list1,direct_policy_scope_overlap,direct_policy_scope_overlap,29,26,24,22,796066,712237,0,0,0.000000000000,0.000000000000
600191,False,False,excluded,excluded,non_list1,non_list1,direct_policy_scope_overlap,direct_policy_scope_overlap,24,22,24,22,458984,421151,0,0,0.000000000000,0.000000000000
600192,False,False,excluded,excluded,non_list1,non_list1,direct_policy_scope_overlap,direct_policy_scope_overlap,29,26,24,22,62199001,58209596,0,0,0.000000000000,0.000000000000
600199,False,False,excluded,excluded,non_list1,non_list1,direct_policy_scope_overlap,direct_policy_scope_overlap,29,26,24,22,1329109,915484,0,0,0.000000000000,0.000000000000
600240,False,False,excluded,excluded,non_list1,non_list1,direct_policy_scope_overlap,direct_policy_scope_overlap,29,26,24,22,3816662,3581565,0,0,0.000000000000,0.000000000000
600290,False,False,excluded,excluded,non_list1,non_list1,direct_policy_scope_overlap,direct_policy_scope_overlap,29,26,24,22,4926299,4587992,0,0,0.000000000000,0.000000000000
600310,False,False,excluded,excluded,non_list1,non_list1,insufficient_positive_pre_months|direct_policy_scope_overlap,insufficient_positive_pre_months|direct_policy_scope_overlap,9,8,24,22,77060,74562,0,0,0.000000000000,0.000000000000
600320,False,False,excluded,excluded,non_list1,non_list1,direct_policy_scope_overlap,direct_policy_scope_overlap,29,26,24,22,2130303,1857549,0,0,0.000000000000,0.000000000000
600330,False,False,excluded,excluded,non_list1,non_list1,direct_policy_scope_overlap,direct_policy_scope_overlap,29,26,24,22,20866992,19074903,0,0,0.000000000000,0.000000000000
600340,False,False,excluded,excluded,non_list1,non_list1,direct_policy_scope_overlap,direct_policy_scope_overlap,27,24,24,22,386479,346599,0,0,0.000000000000,0.000000000000
600390,False,False,excluded,excluded,non_list1,non_list1,direct_policy_scope_overlap,direct_policy_scope_overlap,29,26,24,22,677985,619467,0,0,0.000000000000,0.000000000000
600410,False,False,excluded,excluded,non_list1,non_list1,direct_policy_scope_overlap,direct_policy_scope_overlap,29,26,24,22,136859996,125051157,0,0,0.000000000000,0.000000000000
600490,False,False,excluded,excluded,non_list1,non_list1,direct_policy_scope_overlap,direct_policy_scope_overlap,29,26,24,22,5676330,5007406,0,0,0.000000000000,0.000000000000
600521,False,False,excluded,excluded,non_list1,non_list1,insufficient_positive_pre_months|direct_policy_scope_overlap,insufficient_positive_pre_months|direct_policy_scope_overlap,16,15,24,22,234936,222255,0,0,0.000000000000,0.000000000000
600522,False,False,excluded,excluded,non_list1,non_list1,direct_policy_scope_overlap,direct_policy_scope_overlap,29,26,24,22,1592182,1498026,0,0,0.000000000000,0.000000000000
600523,False,False,excluded,excluded,non_list1,non_list1,insufficient_positive_pre_months|direct_policy_scope_overlap,insufficient_positive_pre_months|direct_policy_scope_overlap,9,7,24,22,118307,108270,0,0,0.000000000000,0.000000000000
600524,False,False,excluded,excluded,non_list1,non_list1,direct_policy_scope_overlap,direct_policy_scope_overlap,28,25,24,22,1020744,793454,0,0,0.000000000000,0.000000000000
600535,False,False,excluded,excluded,non_list1,non_list1,insufficient_positive_pre_months,insufficient_positive_pre_months,17,14,24,22,9849199,8489114,0,0,0.000000000000,0.000000000000
600536,False,False,excluded,excluded,non_list1,non_list1,insufficient_positive_pre_months|direct_policy_scope_overlap,insufficient_positive_pre_months|direct_policy_scope_overlap,17,14,24,22,17226038,14519994,0,0,0.000000000000,0.000000000000
600537,False,False,excluded,excluded,non_list1,non_list1,insufficient_positive_pre_months|direct_policy_scope_overlap,insufficient_positive_pre_months|direct_policy_scope_overlap,17,14,24,22,55272857,47068840,0,0,0.000000000000,0.000000000000
600538,False,False,excluded,excluded,non_list1,non_list1,insufficient_positive_pre_months|direct_policy_scope_overlap,insufficient_positive_pre_months|direct_policy_scope_overlap,17,14,24,22,4693953,3922028,0,0,0.000000000000,0.000000000000
600539,False,False,excluded,excluded,non_list1,non_list1,insufficient_positive_pre_months|direct_policy_scope_overlap,insufficient_positive_pre_months|direct_policy_scope_overlap,17,14,24,22,15695304,13036642,0,0,0.000000000000,0.000000000000
600541,True,False,excluded,control_candidate,non_list1,non_list1,insufficient_positive_pre_months,,23,22,24,22,532795,508374,0,0,0.000000000000,0.000000000000
600542,False,False,excluded,excluded,non_list1,non_list1,direct_policy_scope_overlap,direct_policy_scope_overlap,29,26,24,22,2472783,2229884,0,0,0.000000000000,0.000000000000
600543,False,False,excluded,excluded,non_list1,non_list1,insufficient_positive_pre_months|direct_policy_scope_overlap,insufficient_positive_pre_months|direct_policy_scope_overlap,22,19,24,22,285532,251227,0,0,0.000000000000,0.000000000000
600544,False,False,excluded,excluded,non_list1,non_list1,insufficient_positive_pre_months|direct_policy_scope_overlap,insufficient_positive_pre_months|direct_policy_scope_overlap,22,20,24,22,231025,220305,0,0,0.000000000000,0.000000000000
600590,False,False,excluded,excluded,non_list1,non_list1,direct_policy_scope_overlap,direct_policy_scope_overlap,28,25,24,22,4980141,3951948,0,0,0.000000000000,0.000000000000
600610,False,False,excluded,excluded,non_list1,non_list1,direct_policy_scope_overlap,direct_policy_scope_overlap,25,23,24,22,460835,432831,0,0,0.000000000000,0.000000000000
600621,False,False,excluded,excluded,non_list1,non_list1,direct_policy_scope_overlap,direct_policy_scope_overlap,29,26,24,22,2173896,2055439,0,0,0.000000000000,0.000000000000
600622,False,False,excluded,excluded,non_list1,non_list1,direct_policy_scope_overlap,direct_policy_scope_overlap,29,26,24,22,12179368,11309486,0,0,0.000000000000,0.000000000000
600623,False,False,excluded,excluded,non_list1,non_list1,direct_policy_scope_overlap,direct_policy_scope_overlap,29,26,24,22,1280276,1196478,0,0,0.000000000000,0.000000000000
600624,False,False,excluded,excluded,non_list1,non_list1,direct_policy_scope_overlap,direct_policy_scope_overlap,29,26,24,22,5986430,5665201,0,0,0.000000000000,0.000000000000
600631,False,False,excluded,excluded,non_list1,non_list1,direct_policy_scope_overlap,direct_policy_scope_overlap,29,26,24,22,86116415,77247361,0,0,0.000000000000,0.000000000000
600632,False,False,excluded,excluded,non_list1,non_list1,direct_policy_scope_overlap,direct_policy_scope_overlap,29,26,24,22,154847077,142965615,0,0,0.000000000000,0.000000000000
600633,False,False,excluded,excluded,non_list1,non_list1,direct_policy_scope_overlap,direct_policy_scope_overlap,29,26,24,22,43636697,38209466,0,0,0.000000000000,0.000000000000
600634,False,False,excluded,excluded,non_list1,non_list1,direct_policy_scope_overlap,direct_policy_scope_overlap,29,26,24,22,71693292,65414346,0,0,0.000000000000,0.000000000000
600641,False,False,control_candidate,control_candidate,non_list1,non_list1,,,29,26,24,22,5512804,5110702,0,0,0.000000000000,0.000000000000
600642,False,False,excluded,excluded,non_list1,non_list1,direct_policy_scope_overlap,direct_policy_scope_overlap,29,26,24,22,114296261,109024613,0,0,0.000000000000,0.000000000000
600643,False,False,excluded,excluded,non_list1,non_list1,direct_policy_scope_overlap,direct_policy_scope_overlap,29,26,24,22,7003126,6520307,0,0,0.000000000000,0.000000000000
600644,False,False,excluded,excluded,non_list1,non_list1,direct_policy_scope_overlap,direct_policy_scope_overlap,29,26,24,22,10856313,8299409,0,0,0.000000000000,0.000000000000
600690,False,False,excluded,excluded,non_list1,non_list1,direct_policy_scope_overlap,direct_policy_scope_overlap,29,26,24,22,6053432,5496907,0,0,0.000000000000,0.000000000000
610120,False,False,control_candidate,control_candidate,non_list1,non_list1,,,29,26,24,22,315413393,299240108,0,0,0.000000000000,0.000000000000
610130,False,False,control_candidate,control_candidate,non_list1,non_list1,,,29,26,24,22,320780214,305867044,0,0,0.000000000000,0.000000000000
610190,False,False,control_candidate,control_candidate,non_list1,non_list1,,,29,26,24,22,6136077,5958841,0,0,0.000000000000,0.000000000000
610210,False,False,control_candidate,control_candidate,non_list1,non_list1,,,29,26,24,22,48248045,46777712,0,0,0.000000000000,0.000000000000
610220,False,False,control_candidate,control_candidate,non_list1,non_list1,,,29,26,24,22,252823857,240410227,0,0,0.000000000000,0.000000000000
610230,False,False,control_candidate,control_candidate,non_list1,non_list1,,,29,26,24,22,446373104,433925864,0,0,0.000000000000,0.000000000000
610290,False,False,control_candidate,control_candidate,non_list1,non_list1,,,29,26,24,22,11213762,11134230,0,0,0.000000000000,0.000000000000
610310,False,False,control_candidate,control_candidate,non_list1,non_list1,,,29,26,24,22,4511831,4088219,0,0,0.000000000000,0.000000000000
610322,False,False,excluded,excluded,non_list1,non_list1,insufficient_positive_pre_months,insufficient_positive_pre_months,7,7,24,22,1306522,1306522,0,0,0.000000000000,0.000000000000
610323,False,False,excluded,excluded,non_list1,non_list1,insufficient_positive_pre_months,insufficient_positive_pre_months,7,7,24,22,73748,73748,0,0,0.000000000000,0.000000000000
610329,False,False,excluded,excluded,non_list1,non_list1,insufficient_positive_pre_months,insufficient_positive_pre_months,0,0,24,22,0,0,0,0,0.000000000000,0.000000000000
610331,False,False,control_candidate,control_candidate,non_list1,non_list1,,,29,26,24,22,1815389,1736896,0,0,0.000000000000,0.000000000000
610332,False,False,control_candidate,control_candidate,non_list1,non_list1,,,29,26,24,22,15660106,14836901,0,0,0.000000000000,0.000000000000
610333,False,False,control_candidate,control_candidate,non_list1,non_list1,,,29,26,24,22,12584625,11827486,0,0,0.000000000000,0.000000000000
610339,False,False,control_candidate,control_candidate,non_list1,non_list1,,,29,26,24,22,2858632,2638288,0,0,0.000000000000,0.000000000000
610341,False,False,control_candidate,control_candidate,non_list1,non_list1,,,29,26,24,22,1576902,1495071,0,0,0.000000000000,0.000000000000
610342,False,False,control_candidate,control_candidate,non_list1,non_list1,,,29,26,24,22,380877403,355029274,0,0,0.000000000000,0.000000000000
610343,False,False,control_candidate,control_candidate,non_list1,non_list1,,,29,26,24,22,367963141,337173727,0,0,0.000000000000,0.000000000000
610349,False,False,control_candidate,control_candidate,non_list1,non_list1,,,29,26,24,22,9002604,8462951,0,0,0.000000000000,0.000000000000
610413,False,False,control_candidate,control_candidate,non_list1,non_list1,,,29,26,24,22,4478396,4000774,0,0,0.000000000000,0.000000000000
610419,False,False,control_candidate,control_candidate,non_list1,non_list1,,,29,26,24,22,2443185,2401424,0,0,0.000000000000,0.000000000000
610422,False,False,excluded,excluded,non_list1,non_list1,insufficient_positive_pre_months,insufficient_positive_pre_months,15,14,24,22,1035985,964786,0,0,0.000000000000,0.000000000000
610423,False,False,excluded,excluded,non_list1,non_list1,insufficient_positive_pre_months,insufficient_positive_pre_months,17,15,24,22,184046,163218,0,0,0.000000000000,0.000000000000
610429,False,False,excluded,excluded,non_list1,non_list1,insufficient_positive_pre_months,insufficient_positive_pre_months,9,9,24,22,152047,152047,0,0,0.000000000000,0.000000000000
610431,False,False,control_candidate,control_candidate,non_list1,non_list1,,,27,24,24,22,11106174,11046170,0,0,0.000000000000,0.000000000000
610432,False,False,control_candidate,control_candidate,non_list1,non_list1,,,29,26,24,22,31910926,30742153,0,0,0.000000000000,0.000000000000
610433,False,False,control_candidate,control_candidate,non_list1,non_list1,,,29,26,24,22,49327034,46044695,0,0,0.000000000000,0.000000000000
610439,False,False,control_candidate,control_candidate,non_list1,non_list1,,,29,26,24,22,23771039,22965617,0,0,0.000000000000,0.000000000000
610441,False,False,control_candidate,control_candidate,non_list1,non_list1,,,29,26,24,22,29520131,28928417,0,0,0.000000000000,0.000000000000
610442,False,False,control_candidate,control_candidate,non_list1,non_list1,,,29,26,24,22,412278492,371823655,0,0,0.000000000000,0.000000000000
610443,False,False,control_candidate,control_candidate,non_list1,non_list1,,,29,26,24,22,1273848112,1174311250,0,0,0.000000000000,0.000000000000
610444,False,False,control_candidate,control_candidate,non_list1,non_list1,,,29,26,24,22,487073240,448258239,0,0,0.000000000000,0.000000000000
610449,False,False,control_candidate,control_candidate,non_list1,non_list1,,,29,26,24,22,31977074,28624987,0,0,0.000000000000,0.000000000000
610451,False,False,control_candidate,control_candidate,non_list1,non_list1,,,29,26,24,22,4806418,4784355,0,0,0.000000000000,0.000000000000
610452,False,False,control_candidate,control_candidate,non_list1,non_list1,,,29,26,24,22,46548237,43044399,0,0,0.000000000000,0.000000000000
610453,False,False,control_candidate,control_candidate,non_list1,non_list1,,,29,26,24,22,152182172,141707128,0,0,0.000000000000,0.000000000000
610459,False,False,control_candidate,control_candidate,non_list1,non_list1,,,29,26,24,22,85892081,77292441,0,0,0.000000000000,0.000000000000
610461,False,False,control_candidate,control_candidate,non_list1,non_list1,,,29,26,24,22,8734340,8575639,0,0,0.000000000000,0.000000000000
610462,False,False,control_candidate,control_candidate,non_list1,non_list1,,,29,26,24,22,729297608,675874768,0,0,0.000000000000,0.000000000000
610463,False,False,control_candidate,control_candidate,non_list1,non_list1,,,29,26,24,22,679367630,627108043,0,0,0.000000000000,0.000000000000
610469,False,False,control_candidate,control_candidate,non_list1,non_list1,,,29,26,24,22,181916673,169232887,0,0,0.000000000000,0.000000000000
610510,False,False,control_candidate,control_candidate,non_list1,non_list1,,,29,26,24,22,334882844,304740034,0,0,0.000000000000,0.000000000000
610520,False,False,control_candidate,control_candidate,non_list1,non_list1,,,29,26,24,22,246700548,222919518,0,0,0.000000000000,0.000000000000
610590,False,False,control_candidate,control_candidate,non_list1,non_list1,,,29,26,24,22,9983287,9135123,0,0,0.000000000000,0.000000000000
610610,False,False,control_candidate,control_candidate,non_list1,non_list1,,,29,26,24,22,124138123,112777029,0,0,0.000000000000,0.000000000000
610620,False,False,control_candidate,control_candidate,non_list1,non_list1,,,29,26,24,22,253633524,233973567,0,0,0.000000000000,0.000000000000
610690,False,False,control_candidate,control_candidate,non_list1,non_list1,,,29,26,24,22,21598604,20674396,0,0,0.000000000000,0.000000000000
610711,False,False,control_candidate,control_candidate,non_list1,non_list1,,,29,26,24,22,118947564,109996712,0,0,0.000000000000,0.000000000000
610712,False,False,control_candidate,control_candidate,non_list1,non_list1,,,29,26,24,22,230958913,209393851,0,0,0.000000000000,0.000000000000
610719,False,False,control_candidate,control_candidate,non_list1,non_list1,,,29,26,24,22,7427483,7170153,0,0,0.000000000000,0.000000000000
610721,False,False,control_candidate,control_candidate,non_list1,non_list1,,,29,26,24,22,127485862,119723615,0,0,0.000000000000,0.000000000000
610722,False,False,control_candidate,control_candidate,non_list1,non_list1,,,29,26,24,22,226421859,219384878,0,0,0.000000000000,0.000000000000
610729,False,False,excluded,excluded,non_list1,non_list1,insufficient_positive_pre_months,insufficient_positive_pre_months,16,13,24,22,660100,505295,0,0,0.000000000000,0.000000000000
610791,False,False,control_candidate,control_candidate,non_list1,non_list1,,,29,26,24,22,72900152,69211926,0,0,0.000000000000,0.000000000000
610799,False,False,control_candidate,control_candidate,non_list1,non_list1,,,29,26,24,22,198240797,192611384,0,0,0.000000000000,0.000000000000
610811,False,False,control_candidate,control_candidate,non_list1,non_list1,,,29,26,24,22,21234766,18828492,0,0,0.000000000000,0.000000000000
610819,False,False,control_candidate,control_candidate,non_list1,non_list1,,,29,26,24,22,1491907,1366705,0,0,0.000000000000,0.000000000000
610821,False,False,control_candidate,control_candidate,non_list1,non_list1,,,29,26,24,22,185943043,171865303,0,0,0.000000000000,0.000000000000
610822,False,False,control_candidate,control_candidate,non_list1,non_list1,,,29,26,24,22,985224605,897322065,0,0,0.000000000000,0.000000000000
610829,False,False,control_candidate,control_candidate,non_list1,non_list1,,,29,26,24,22,1456927,1352122,0,0,0.000000000000,0.000000000000
610831,False,False,control_candidate,control_candidate,non_list1,non_list1,,,29,26,24,22,390985222,358350507,0,0,0.000000000000,0.000000000000
610832,False,False,control_candidate,control_candidate,non_list1,non_list1,,,29,26,24,22,858809906,804711168,0,0,0.000000000000,0.000000000000
610839,False,False,control_candidate,control_candidate,non_list1,non_list1,,,29,26,24,22,4453175,4071657,0,0,0.000000000000,0.000000000000
610891,False,False,control_candidate,control_candidate,non_list1,non_list1,,,29,26,24,22,229009268,208098008,0,0,0.000000000000,0.000000000000
610892,False,False,control_candidate,control_candidate,non_list1,non_list1,,,29,26,24,22,659853496,622985472,0,0,0.000000000000,0.000000000000
610899,False,False,control_candidate,control_candidate,non_list1,non_list1,,,29,26,24,22,10871751,10363157,0,0,0.000000000000,0.000000000000
610910,False,False,control_candidate,control_candidate,non_list1,non_list1,,,29,26,24,22,835843013,752889698,0,0,0.000000000000,0.000000000000
610990,False,False,control_candidate,control_candidate,non_list1,non_list1,,,29,26,24,22,688203211,624221476,0,0,0.000000000000,0.000000000000
611011,False,False,control_candidate,control_candidate,non_list1,non_list1,,,29,26,24,22,587464176,572440820,0,0,0.000000000000,0.000000000000
611012,False,False,control_candidate,control_candidate,non_list1,non_list1,,,29,26,24,22,598795786,582641547,0,0,0.000000000000,0.000000000000
611019,False,False,control_candidate,control_candidate,non_list1,non_list1,,,29,26,24,22,28207612,27919152,0,0,0.000000000000,0.000000000000
611020,False,False,control_candidate,control_candidate,non_list1,non_list1,,,29,26,24,22,5104038747,4830680441,0,0,0.000000000000,0.000000000000
611030,False,False,control_candidate,control_candidate,non_list1,non_list1,,,29,26,24,22,3686998345,3509632972,0,0,0.000000000000,0.000000000000
611090,False,False,control_candidate,control_candidate,non_list1,non_list1,,,29,26,24,22,503065454,466632159,0,0,0.000000000000,0.000000000000
611120,False,False,control_candidate,control_candidate,non_list1,non_list1,,,29,26,24,22,1700977805,1571564286,0,0,0.000000000000,0.000000000000
611130,False,False,control_candidate,control_candidate,non_list1,non_list1,,,29,26,24,22,364206786,344755871,0,0,0.000000000000,0.000000000000
611190,False,False,control_candidate,control_candidate,non_list1,non_list1,,,29,26,24,22,15301436,14524836,0,0,0.000000000000,0.000000000000
611211,False,False,control_candidate,control_candidate,non_list1,non_list1,,,29,26,24,22,9196705,8869987,0,0,0.000000000000,0.000000000000
611212,False,False,control_candidate,control_candidate,non_list1,non_list1,,,29,26,24,22,17938122,16664489,0,0,0.000000000000,0.000000000000
611219,False,False,control_candidate,control_candidate,non_list1,non_list1,,,26,23,24,22,431875,425170,0,0,0.000000000000,0.000000000000
611220,False,False,control_candidate,control_candidate,non_list1,non_list1,,,27,24,24,22,478399,444103,0,0,0.000000000000,0.000000000000
611231,False,False,control_candidate,control_candidate,non_list1,non_list1,,,29,26,24,22,19316557,17311043,0,0,0.000000000000,0.000000000000
611239,False,False,control_candidate,control_candidate,non_list1,non_list1,,,25,22,24,22,327031,242004,0,0,0.000000000000,0.000000000000
611241,False,False,control_candidate,control_candidate,non_list1,non_list1,,,29,26,24,22,1140849439,996849731,0,0,0.000000000000,0.000000000000
611249,False,False,control_candidate,control_candidate,non_list1,non_list1,,,29,26,24,22,4256597,3917321,0,0,0.000000000000,0.000000000000
611300,False,False,control_candidate,control_candidate,non_list1,non_list1,,,29,26,24,22,187766021,177653189,0,0,0.000000000000,0.000000000000
611420,False,False,control_candidate,control_candidate,non_list1,non_list1,,,29,26,24,22,289595885,258879056,0,0,0.000000000000,0.000000000000
611430,False,False,control_candidate,control_candidate,non_list1,non_list1,,,29,26,24,22,970267785,881885847,0,0,0.000000000000,0.000000000000
611490,False,False,control_candidate,control_candidate,non_list1,non_list1,,,29,26,24,22,20916958,18511135,0,0,0.000000000000,0.000000000000
611510,False,False,control_candidate,control_candidate,non_list1,non_list1,,,29,26,24,22,21075657,19289984,0,0,0.000000000000,0.000000000000
611521,False,False,control_candidate,control_candidate,non_list1,non_list1,,,29,26,24,22,116033345,111647763,0,0,0.000000000000,0.000000000000
611522,False,False,control_candidate,control_candidate,non_list1,non_list1,,,29,26,24,22,98507947,95240297,0,0,0.000000000000,0.000000000000
611529,False,False,control_candidate,control_candidate,non_list1,non_list1,,,29,26,24,22,36882360,35457327,0,0,0.000000000000,0.000000000000
611530,False,False,control_candidate,control_candidate,non_list1,non_list1,,,29,26,24,22,21337522,20397721,0,0,0.000000000000,0.000000000000
611594,False,False,control_candidate,control_candidate,non_list1,non_list1,,,29,26,24,22,37244769,32161789,0,0,0.000000000000,0.000000000000
611595,False,False,control_candidate,control_candidate,non_list1,non_list1,,,29,26,24,22,462015553,420046068,0,0,0.000000000000,0.000000000000
611596,False,False,control_candidate,control_candidate,non_list1,non_list1,,,29,26,24,22,2107583117,1945054354,0,0,0.000000000000,0.000000000000
611599,False,False,control_candidate,control_candidate,non_list1,non_list1,,,29,26,24,22,49137732,46401099,0,0,0.000000000000,0.000000000000
611610,False,False,control_candidate,control_candidate,non_list1,non_list1,,,29,26,24,22,670025104,605318022,0,0,0.000000000000,0.000000000000
611691,False,False,control_candidate,control_candidate,non_list1,non_list1,,,29,26,24,22,15873017,15376074,0,0,0.000000000000,0.000000000000
611692,False,False,control_candidate,control_candidate,non_list1,non_list1,,,29,26,24,22,56433728,51578744,0,0,0.000000000000,0.000000000000
611693,False,False,control_candidate,control_candidate,non_list1,non_list1,,,29,26,24,22,313847385,305200339,0,0,0.000000000000,0.000000000000
611699,False,False,control_candidate,control_candidate,non_list1,non_list1,,,29,26,24,22,16986389,15796285,0,0,0.000000000000,0.000000000000
611710,False,False,control_candidate,control_candidate,non_list1,non_list1,,,29,26,24,22,282750704,277511584,0,0,0.000000000000,0.000000000000
611780,False,False,control_candidate,control_candidate,non_list1,non_list1,,,29,26,24,22,279130380,256794911,0,0,0.000000000000,0.000000000000
611790,False,False,control_candidate,control_candidate,non_list1,non_list1,,,29,26,24,22,4864020,4411775,0,0,0.000000000000,0.000000000000
620111,False,False,control_candidate,control_candidate,non_list1,non_list1,,,29,26,24,22,86788685,86557898,0,0,0.000000000000,0.000000000000
620112,False,False,control_candidate,control_candidate,non_list1,non_list1,,,29,26,24,22,31240535,30070275,0,0,0.000000000000,0.000000000000
620113,False,False,control_candidate,control_candidate,non_list1,non_list1,,,29,26,24,22,55940760,54344043,0,0,0.000000000000,0.000000000000
620119,False,False,control_candidate,control_candidate,non_list1,non_list1,,,29,26,24,22,3565428,3374393,0,0,0.000000000000,0.000000000000
620191,False,False,control_candidate,control_candidate,non_list1,non_list1,,,29,26,24,22,22543927,21761575,0,0,0.000000000000,0.000000000000
620192,False,False,control_candidate,control_candidate,non_list1,non_list1,,,29,26,24,22,307570359,291748366,0,0,0.000000000000,0.000000000000
620193,False,False,control_candidate,control_candidate,non_list1,non_list1,,,29,26,24,22,1464520983,1403438167,0,0,0.000000000000,0.000000000000
620199,False,False,control_candidate,control_candidate,non_list1,non_list1,,,29,26,24,22,5942768,5495663,0,0,0.000000000000,0.000000000000
620211,False,False,control_candidate,control_candidate,non_list1,non_list1,,,29,26,24,22,125923863,123188235,0,0,0.000000000000,0.000000000000
620212,False,False,control_candidate,control_candidate,non_list1,non_list1,,,29,26,24,22,83333993,80618382,0,0,0.000000000000,0.000000000000
620213,False,False,control_candidate,control_candidate,non_list1,non_list1,,,29,26,24,22,374846922,364208323,0,0,0.000000000000,0.000000000000
620219,False,False,control_candidate,control_candidate,non_list1,non_list1,,,29,26,24,22,7074627,6642359,0,0,0.000000000000,0.000000000000
620291,False,False,control_candidate,control_candidate,non_list1,non_list1,,,29,26,24,22,18022132,17642758,0,0,0.000000000000,0.000000000000
620292,False,False,control_candidate,control_candidate,non_list1,non_list1,,,29,26,24,22,424015407,399667734,0,0,0.000000000000,0.000000000000
620293,False,False,control_candidate,control_candidate,non_list1,non_list1,,,29,26,24,22,1378711079,1333139060,0,0,0.000000000000,0.000000000000
620299,False,False,control_candidate,control_candidate,non_list1,non_list1,,,29,26,24,22,24788060,22663150,0,0,0.000000000000,0.000000000000
620311,False,False,control_candidate,control_candidate,non_list1,non_list1,,,29,26,24,22,153053037,135715294,0,0,0.000000000000,0.000000000000
620312,False,False,control_candidate,control_candidate,non_list1,non_list1,,,29,26,24,22,90594188,81133598,0,0,0.000000000000,0.000000000000
620319,False,False,control_candidate,control_candidate,non_list1,non_list1,,,29,26,24,22,36913545,33018193,0,0,0.000000000000,0.000000000000
620322,False,False,control_candidate,control_candidate,non_list1,non_list1,,,29,26,24,22,8669878,7910991,0,0,0.000000000000,0.000000000000
620323,False,False,excluded,excluded,non_list1,non_list1,insufficient_positive_pre_months,insufficient_positive_pre_months,10,9,24,22,145148,132408,0,0,0.000000000000,0.000000000000
620329,False,False,excluded,excluded,non_list1,non_list1,insufficient_positive_pre_months,insufficient_positive_pre_months,3,3,24,22,12205,12205,0,0,0.000000000000,0.000000000000
620331,False,False,control_candidate,control_candidate,non_list1,non_list1,,,29,26,24,22,138033171,127002442,0,0,0.000000000000,0.000000000000
620332,False,False,control_candidate,control_candidate,non_list1,non_list1,,,29,26,24,22,95236250,88727692,0,0,0.000000000000,0.000000000000
620333,False,False,control_candidate,control_candidate,non_list1,non_list1,,,29,26,24,22,81563513,74295785,0,0,0.000000000000,0.000000000000
620339,False,False,control_candidate,control_candidate,non_list1,non_list1,,,29,26,24,22,38751423,35378063,0,0,0.000000000000,0.000000000000
620341,False,False,control_candidate,control_candidate,non_list1,non_list1,,,29,26,24,22,69522569,63288114,0,0,0.000000000000,0.000000000000
620342,False,False,control_candidate,control_candidate,non_list1,non_list1,,,29,26,24,22,2085606272,1936893049,0,0,0.000000000000,0.000000000000
620343,False,False,control_candidate,control_candidate,non_list1,non_list1,,,29,26,24,22,686122409,617850514,0,0,0.000000000000,0.000000000000
620349,False,False,control_candidate,control_candidate,non_list1,non_list1,,,29,26,24,22,81391115,73744906,0,0,0.000000000000,0.000000000000
620411,False,False,excluded,excluded,non_list1,non_list1,insufficient_positive_pre_months,insufficient_positive_pre_months,20,19,24,22,239523,221883,0,0,0.000000000000,0.000000000000
620412,False,False,control_candidate,control_candidate,non_list1,non_list1,,,27,24,24,22,1376768,1113472,0,0,0.000000000000,0.000000000000
620413,False,False,control_candidate,control_candidate,non_list1,non_list1,,,29,26,24,22,11928714,11067807,0,0,0.000000000000,0.000000000000
620419,False,False,control_candidate,control_candidate,non_list1,non_list1,,,29,26,24,22,2475436,2242769,0,0,0.000000000000,0.000000000000
620421,False,False,excluded,excluded,non_list1,non_list1,insufficient_positive_pre_months,insufficient_positive_pre_months,0,0,24,22,0,0,0,0,0.000000000000,0.000000000000
620422,False,False,control_candidate,control_candidate,non_list1,non_list1,,,29,26,24,22,13321967,12144442,0,0,0.000000000000,0.000000000000
620423,False,False,excluded,excluded,non_list1,non_list1,insufficient_positive_pre_months,insufficient_positive_pre_months,22,21,24,22,430683,416473,0,0,0.000000000000,0.000000000000
620429,False,False,excluded,excluded,non_list1,non_list1,insufficient_positive_pre_months,insufficient_positive_pre_months,11,9,24,22,833345,809812,0,0,0.000000000000,0.000000000000
620431,False,False,control_candidate,control_candidate,non_list1,non_list1,,,29,26,24,22,31414482,30377745,0,0,0.000000000000,0.000000000000
620432,False,False,control_candidate,control_candidate,non_list1,non_list1,,,29,26,24,22,80685880,74578032,0,0,0.000000000000,0.000000000000
620433,False,False,control_candidate,control_candidate,non_list1,non_list1,,,29,26,24,22,129627920,122977401,0,0,0.000000000000,0.000000000000
620439,False,False,control_candidate,control_candidate,non_list1,non_list1,,,29,26,24,22,52357743,47470236,0,0,0.000000000000,0.000000000000
620441,False,False,control_candidate,control_candidate,non_list1,non_list1,,,29,26,24,22,15350190,14984760,0,0,0.000000000000,0.000000000000
620442,False,False,control_candidate,control_candidate,non_list1,non_list1,,,29,26,24,22,531225455,467630353,0,0,0.000000000000,0.000000000000
620443,False,False,control_candidate,control_candidate,non_list1,non_list1,,,29,26,24,22,1824796860,1671097935,0,0,0.000000000000,0.000000000000
620444,False,False,control_candidate,control_candidate,non_list1,non_list1,,,29,26,24,22,427846687,379313696,0,0,0.000000000000,0.000000000000
620449,False,False,control_candidate,control_candidate,non_list1,non_list1,,,29,26,24,22,286001772,248243233,0,0,0.000000000000,0.000000000000
620451,False,False,control_candidate,control_candidate,non_list1,non_list1,,,29,26,24,22,7859754,7752511,0,0,0.000000000000,0.000000000000
620452,False,False,control_candidate,control_candidate,non_list1,non_list1,,,29,26,24,22,181460927,153255740,0,0,0.000000000000,0.000000000000
620453,False,False,control_candidate,control_candidate,non_list1,non_list1,,,29,26,24,22,199686790,184699847,0,0,0.000000000000,0.000000000000
620459,False,False,control_candidate,control_candidate,non_list1,non_list1,,,29,26,24,22,78867661,69315266,0,0,0.000000000000,0.000000000000
620461,False,False,control_candidate,control_candidate,non_list1,non_list1,,,29,26,24,22,25099892,23830743,0,0,0.000000000000,0.000000000000
620462,False,False,control_candidate,control_candidate,non_list1,non_list1,,,29,26,24,22,4395131938,3992008252,0,0,0.000000000000,0.000000000000
620463,False,False,control_candidate,control_candidate,non_list1,non_list1,,,29,26,24,22,445061714,398461536,0,0,0.000000000000,0.000000000000
620469,False,False,control_candidate,control_candidate,non_list1,non_list1,,,29,26,24,22,572071689,509743728,0,0,0.000000000000,0.000000000000
620520,False,False,control_candidate,control_candidate,non_list1,non_list1,,,29,26,24,22,1435377896,1329081032,0,0,0.000000000000,0.000000000000
620530,False,False,control_candidate,control_candidate,non_list1,non_list1,,,29,26,24,22,178008628,160917574,0,0,0.000000000000,0.000000000000
620590,False,False,control_candidate,control_candidate,non_list1,non_list1,,,29,26,24,22,205694405,177461831,0,0,0.000000000000,0.000000000000
620610,False,False,control_candidate,control_candidate,non_list1,non_list1,,,29,26,24,22,276838210,256293933,0,0,0.000000000000,0.000000000000
620620,False,False,control_candidate,control_candidate,non_list1,non_list1,,,29,26,24,22,2070827,1871822,0,0,0.000000000000,0.000000000000
620630,False,False,control_candidate,control_candidate,non_list1,non_list1,,,29,26,24,22,650010066,595678278,0,0,0.000000000000,0.000000000000
620640,False,False,control_candidate,control_candidate,non_list1,non_list1,,,29,26,24,22,1186409065,1096414656,0,0,0.000000000000,0.000000000000
620690,False,False,control_candidate,control_candidate,non_list1,non_list1,,,29,26,24,22,117293778,98433163,0,0,0.000000000000,0.000000000000
620711,False,False,control_candidate,control_candidate,non_list1,non_list1,,,29,26,24,22,36298423,32191215,0,0,0.000000000000,0.000000000000
620719,False,False,control_candidate,control_candidate,non_list1,non_list1,,,29,26,24,22,5491789,5153433,0,0,0.000000000000,0.000000000000
620721,False,False,control_candidate,control_candidate,non_list1,non_list1,,,29,26,24,22,42553848,40821450,0,0,0.000000000000,0.000000000000
620722,False,False,control_candidate,control_candidate,non_list1,non_list1,,,28,25,24,22,4206895,4117700,0,0,0.000000000000,0.000000000000
620729,False,False,control_candidate,control_candidate,non_list1,non_list1,,,29,26,24,22,898442,879084,0,0,0.000000000000,0.000000000000
620791,False,False,control_candidate,control_candidate,non_list1,non_list1,,,29,26,24,22,66824432,62244433,0,0,0.000000000000,0.000000000000
620799,False,False,control_candidate,control_candidate,non_list1,non_list1,,,29,26,24,22,11233181,10364424,0,0,0.000000000000,0.000000000000
620811,False,False,control_candidate,control_candidate,non_list1,non_list1,,,29,26,24,22,8249346,7476999,0,0,0.000000000000,0.000000000000
620819,False,False,control_candidate,control_candidate,non_list1,non_list1,,,29,26,24,22,2806735,2410268,0,0,0.000000000000,0.000000000000
620821,False,False,control_candidate,control_candidate,non_list1,non_list1,,,29,26,24,22,92296444,87128070,0,0,0.000000000000,0.000000000000
620822,False,False,control_candidate,control_candidate,non_list1,non_list1,,,29,26,24,22,106041276,94459418,0,0,0.000000000000,0.000000000000
620829,False,False,control_candidate,control_candidate,non_list1,non_list1,,,29,26,24,22,12682136,11889342,0,0,0.000000000000,0.000000000000
620891,False,False,control_candidate,control_candidate,non_list1,non_list1,,,29,26,24,22,112117492,102195468,0,0,0.000000000000,0.000000000000
620892,False,False,control_candidate,control_candidate,non_list1,non_list1,,,29,26,24,22,117086178,102872122,0,0,0.000000000000,0.000000000000
620899,False,False,control_candidate,control_candidate,non_list1,non_list1,,,29,26,24,22,6045430,5456016,0,0,0.000000000000,0.000000000000
620920,False,False,control_candidate,control_candidate,non_list1,non_list1,,,29,26,24,22,208438627,193061928,0,0,0.000000000000,0.000000000000
620930,False,False,control_candidate,control_candidate,non_list1,non_list1,,,29,26,24,22,103555543,98665772,0,0,0.000000000000,0.000000000000
620990,False,False,control_candidate,control_candidate,non_list1,non_list1,,,29,26,24,22,15082639,13920969,0,0,0.000000000000,0.000000000000
621010,False,False,control_candidate,control_candidate,non_list1,non_list1,,,29,26,24,22,1016217086,913229698,0,0,0.000000000000,0.000000000000
621020,False,False,control_candidate,control_candidate,non_list1,non_list1,,,29,26,24,22,46509810,43171333,0,0,0.000000000000,0.000000000000
621030,False,False,control_candidate,control_candidate,non_list1,non_list1,,,29,26,24,22,63206525,60884001,0,0,0.000000000000,0.000000000000
621040,False,False,control_candidate,control_candidate,non_list1,non_list1,,,29,26,24,22,703897900,646626586,0,0,0.000000000000,0.000000000000
621050,False,False,control_candidate,control_candidate,non_list1,non_list1,,,29,26,24,22,368973064,354560832,0,0,0.000000000000,0.000000000000
621111,False,False,control_candidate,control_candidate,non_list1,non_list1,,,29,26,24,22,130715171,105538539,0,0,0.000000000000,0.000000000000
621112,False,False,control_candidate,control_candidate,non_list1,non_list1,,,29,26,24,22,30547857,27183567,0,0,0.000000000000,0.000000000000
621120,False,False,control_candidate,control_candidate,non_list1,non_list1,,,29,26,24,22,6072773,5721773,0,0,0.000000000000,0.000000000000
621132,False,False,control_candidate,control_candidate,non_list1,non_list1,,,29,26,24,22,91521685,83676010,0,0,0.000000000000,0.000000000000
621133,False,False,control_candidate,control_candidate,non_list1,non_list1,,,29,26,24,22,145446988,133292269,0,0,0.000000000000,0.000000000000
621139,False,False,control_candidate,control_candidate,non_list1,non_list1,,,29,26,24,22,14797016,13757656,0,0,0.000000000000,0.000000000000
621142,False,False,control_candidate,control_candidate,non_list1,non_list1,,,29,26,24,22,489127539,435849016,0,0,0.000000000000,0.000000000000
621143,False,False,control_candidate,control_candidate,non_list1,non_list1,,,29,26,24,22,1317336593,1186380203,0,0,0.000000000000,0.000000000000
621149,False,False,control_candidate,control_candidate,non_list1,non_list1,,,29,26,24,22,142845187,126493183,0,0,0.000000000000,0.000000000000
621210,False,False,control_candidate,control_candidate,non_list1,non_list1,,,29,26,24,22,2558524229,2339894558,0,0,0.000000000000,0.000000000000
621220,False,False,control_candidate,control_candidate,non_list1,non_list1,,,29,26,24,22,66905589,61794918,0,0,0.000000000000,0.000000000000
621230,False,False,control_candidate,control_candidate,non_list1,non_list1,,,29,26,24,22,10791125,10159897,0,0,0.000000000000,0.000000000000
621290,False,False,control_candidate,control_candidate,non_list1,non_list1,,,29,26,24,22,170635438,159383229,0,0,0.000000000000,0.000000000000
621320,False,False,control_candidate,control_candidate,non_list1,non_list1,,,29,26,24,22,50096509,43844330,0,0,0.000000000000,0.000000000000
621390,False,False,control_candidate,control_candidate,non_list1,non_list1,,,29,26,24,22,36073894,33214983,0,0,0.000000000000,0.000000000000
621410,False,False,control_candidate,control_candidate,non_list1,non_list1,,,29,26,24,22,42307159,38523454,0,0,0.000000000000,0.000000000000
621420,False,False,control_candidate,control_candidate,non_list1,non_list1,,,29,26,24,22,43684324,42480184,0,0,0.000000000000,0.000000000000
621430,False,False,control_candidate,control_candidate,non_list1,non_list1,,,29,26,24,22,354586588,340209258,0,0,0.000000000000,0.000000000000
621440,False,False,control_candidate,control_candidate,non_list1,non_list1,,,29,26,24,22,86396440,82360892,0,0,0.000000000000,0.000000000000
621490,False,False,control_candidate,control_candidate,non_list1,non_list1,,,29,26,24,22,24731402,23218681,0,0,0.000000000000,0.000000000000
621510,False,False,control_candidate,control_candidate,non_list1,non_list1,,,29,26,24,22,188684769,173140195,0,0,0.000000000000,0.000000000000
621520,False,False,control_candidate,control_candidate,non_list1,non_list1,,,29,26,24,22,109595309,101444208,0,0,0.000000000000,0.000000000000
621590,False,False,control_candidate,control_candidate,non_list1,non_list1,,,29,26,24,22,15613430,14157534,0,0,0.000000000000,0.000000000000
621600,False,False,control_candidate,control_candidate,non_list1,non_list1,,,29,26,24,22,407914255,378441180,0,0,0.000000000000,0.000000000000
621710,False,False,control_candidate,control_candidate,non_list1,non_list1,,,29,26,24,22,233837560,212115838,0,0,0.000000000000,0.000000000000
621790,False,False,control_candidate,control_candidate,non_list1,non_list1,,,29,26,24,22,5833724,5300550,0,0,0.000000000000,0.000000000000
630110,False,False,control_candidate,control_candidate,non_list1,non_list1,,,28,25,24,22,187297928,185769281,0,0,0.000000000000,0.000000000000
630120,False,False,control_candidate,control_candidate,non_list1,non_list1,,,29,26,24,22,20098202,18967484,0,0,0.000000000000,0.000000000000
630130,False,False,control_candidate,control_candidate,non_list1,non_list1,,,29,26,24,22,144310602,128421814,0,0,0.000000000000,0.000000000000
630140,False,False,control_candidate,control_candidate,non_list1,non_list1,,,29,26,24,22,1556807273,1481182471,0,0,0.000000000000,0.000000000000
630190,False,False,control_candidate,control_candidate,non_list1,non_list1,,,29,26,24,22,22991219,20577898,0,0,0.000000000000,0.000000000000
630210,False,False,control_candidate,control_candidate,non_list1,non_list1,,,29,26,24,22,323589439,298526190,0,0,0.000000000000,0.000000000000
630221,False,False,control_candidate,control_candidate,non_list1,non_list1,,,29,26,24,22,325140433,294560745,0,0,0.000000000000,0.000000000000
630222,False,False,control_candidate,control_candidate,non_list1,non_list1,,,29,26,24,22,457663361,411414452,0,0,0.000000000000,0.000000000000
630229,False,False,control_candidate,control_candidate,non_list1,non_list1,,,29,26,24,22,10689516,9676202,0,0,0.000000000000,0.000000000000
630231,False,False,control_candidate,control_candidate,non_list1,non_list1,,,29,26,24,22,805277232,726498995,0,0,0.000000000000,0.000000000000
630232,False,False,control_candidate,control_candidate,non_list1,non_list1,,,29,26,24,22,836719508,756316714,0,0,0.000000000000,0.000000000000
630239,False,False,control_candidate,control_candidate,non_list1,non_list1,,,29,26,24,22,65713124,57189366,0,0,0.000000000000,0.000000000000
630240,False,False,control_candidate,control_candidate,non_list1,non_list1,,,29,26,24,22,4200279,3937820,0,0,0.000000000000,0.000000000000
630251,False,False,control_candidate,control_candidate,non_list1,non_list1,,,29,26,24,22,85051714,80901284,0,0,0.000000000000,0.000000000000
630253,False,False,control_candidate,control_candidate,non_list1,non_list1,,,29,26,24,22,341357686,314584439,0,0,0.000000000000,0.000000000000
630259,False,False,control_candidate,control_candidate,non_list1,non_list1,,,29,26,24,22,23471636,20982450,0,0,0.000000000000,0.000000000000
630260,False,False,control_candidate,control_candidate,non_list1,non_list1,,,29,26,24,22,1160370648,1022226726,0,0,0.000000000000,0.000000000000
630291,False,False,control_candidate,control_candidate,non_list1,non_list1,,,29,26,24,22,77937211,71505948,0,0,0.000000000000,0.000000000000
630293,False,False,control_candidate,control_candidate,non_list1,non_list1,,,29,26,24,22,162496485,146195242,0,0,0.000000000000,0.000000000000
630299,False,False,control_candidate,control_candidate,non_list1,non_list1,,,29,26,24,22,8699537,7857285,0,0,0.000000000000,0.000000000000
630312,False,False,control_candidate,control_candidate,non_list1,non_list1,,,29,26,24,22,36238030,33578063,0,0,0.000000000000,0.000000000000
630319,False,False,control_candidate,control_candidate,non_list1,non_list1,,,29,26,24,22,9146455,8334580,0,0,0.000000000000,0.000000000000
630391,False,False,control_candidate,control_candidate,non_list1,non_list1,,,29,26,24,22,143232957,132037631,0,0,0.000000000000,0.000000000000
630392,False,False,control_candidate,control_candidate,non_list1,non_list1,,,29,26,24,22,1571748480,1414292703,0,0,0.000000000000,0.000000000000
630399,False,False,control_candidate,control_candidate,non_list1,non_list1,,,29,26,24,22,68706423,62375413,0,0,0.000000000000,0.000000000000
630411,False,False,control_candidate,control_candidate,non_list1,non_list1,,,29,26,24,22,11549597,10736806,0,0,0.000000000000,0.000000000000
630419,False,False,control_candidate,control_candidate,non_list1,non_list1,,,29,26,24,22,66767068,59741141,0,0,0.000000000000,0.000000000000
630491,False,False,control_candidate,control_candidate,non_list1,non_list1,,,29,26,24,22,385888950,358938853,0,0,0.000000000000,0.000000000000
630492,False,False,control_candidate,control_candidate,non_list1,non_list1,,,29,26,24,22,232040826,212023322,0,0,0.000000000000,0.000000000000
630493,False,False,control_candidate,control_candidate,non_list1,non_list1,,,29,26,24,22,399030692,366611532,0,0,0.000000000000,0.000000000000
630499,False,False,control_candidate,control_candidate,non_list1,non_list1,,,29,26,24,22,50846313,47189335,0,0,0.000000000000,0.000000000000
630510,False,False,control_candidate,control_candidate,non_list1,non_list1,,,29,26,24,22,4266092,4072145,0,0,0.000000000000,0.000000000000
630520,False,False,control_candidate,control_candidate,non_list1,non_list1,,,29,26,24,22,5644253,4894230,0,0,0.000000000000,0.000000000000
630532,False,False,control_candidate,control_candidate,non_list1,non_list1,,,29,26,24,22,261507090,234498856,0,0,0.000000000000,0.000000000000
630533,False,False,control_candidate,control_candidate,non_list1,non_list1,,,29,26,24,22,104254781,95665793,0,0,0.000000000000,0.000000000000
630539,False,False,control_candidate,control_candidate,non_list1,non_list1,,,29,26,24,22,43015232,39870729,0,0,0.000000000000,0.000000000000
630590,False,False,control_candidate,control_candidate,non_list1,non_list1,,,29,26,24,22,8924365,8241184,0,0,0.000000000000,0.000000000000
630612,False,False,control_candidate,control_candidate,non_list1,non_list1,,,29,26,24,22,112513978,95059075,0,0,0.000000000000,0.000000000000
630619,False,False,control_candidate,control_candidate,non_list1,non_list1,,,29,26,24,22,21185571,19027462,0,0,0.000000000000,0.000000000000
630622,False,False,control_candidate,control_candidate,non_list1,non_list1,,,29,26,24,22,634805373,560193927,0,0,0.000000000000,0.000000000000
630629,False,False,control_candidate,control_candidate,non_list1,non_list1,,,29,26,24,22,49850801,42068747,0,0,0.000000000000,0.000000000000
630630,False,False,control_candidate,control_candidate,non_list1,non_list1,,,29,26,24,22,8223812,6985742,0,0,0.000000000000,0.000000000000
630640,False,False,control_candidate,control_candidate,non_list1,non_list1,,,29,26,24,22,55432984,49686523,0,0,0.000000000000,0.000000000000
630690,False,False,control_candidate,control_candidate,non_list1,non_list1,,,29,26,24,22,116059096,98355502,0,0,0.000000000000,0.000000000000
630710,False,False,control_candidate,control_candidate,non_list1,non_list1,,,29,26,24,22,619526099,553852801,0,0,0.000000000000,0.000000000000
630720,False,False,control_candidate,control_candidate,non_list1,non_list1,,,29,26,24,22,266250215,227514037,0,0,0.000000000000,0.000000000000
630790,False,False,control_candidate,control_candidate,non_list1,non_list1,,,29,26,24,22,6617255607,5946881964,0,0,0.000000000000,0.000000000000
630800,False,False,control_candidate,control_candidate,non_list1,non_list1,,,29,26,24,22,8627388,7716498,0,0,0.000000000000,0.000000000000
630900,False,False,control_candidate,control_candidate,non_list1,non_list1,,,27,24,24,22,987842,892495,0,0,0.000000000000,0.000000000000
631010,False,False,control_candidate,control_candidate,non_list1,non_list1,,,29,26,24,22,6595526,6265731,0,0,0.000000000000,0.000000000000
631090,False,False,control_candidate,control_candidate,non_list1,non_list1,,,29,26,24,22,3509665,3302943,0,0,0.000000000000,0.000000000000
640110,False,False,control_candidate,control_candidate,non_list1,non_list1,,,29,26,24,22,29185638,25823612,0,0,0.000000000000,0.000000000000
640192,False,False,control_candidate,control_candidate,non_list1,non_list1,,,29,26,24,22,186790873,171263717,0,0,0.000000000000,0.000000000000
640199,False,False,control_candidate,control_candidate,non_list1,non_list1,,,29,26,24,22,20381246,18524119,0,0,0.000000000000,0.000000000000
640212,False,False,control_candidate,control_candidate,non_list1,non_list1,,,29,26,24,22,45197150,43767081,0,0,0.000000000000,0.000000000000
640219,False,False,control_candidate,control_candidate,non_list1,non_list1,,,29,26,24,22,467739375,423635910,0,0,0.000000000000,0.000000000000
640220,False,False,control_candidate,control_candidate,non_list1,non_list1,,,29,26,24,22,282650758,240822931,0,0,0.000000000000,0.000000000000
640291,False,False,control_candidate,control_candidate,non_list1,non_list1,,,29,26,24,22,2063956908,1980161700,0,0,0.000000000000,0.000000000000
640299,False,False,control_candidate,control_candidate,non_list1,non_list1,,,29,26,24,22,6866661711,6178476282,0,0,0.000000000000,0.000000000000
640312,False,False,control_candidate,control_candidate,non_list1,non_list1,,,28,25,24,22,2241566,2200984,0,0,0.000000000000,0.000000000000
640319,False,False,control_candidate,control_candidate,non_list1,non_list1,,,29,26,24,22,101420125,89175807,0,0,0.000000000000,0.000000000000
640320,False,False,control_candidate,control_candidate,non_list1,non_list1,,,29,26,24,22,986735,858206,0,0,0.000000000000,0.000000000000
640340,False,False,control_candidate,control_candidate,non_list1,non_list1,,,29,26,24,22,799959365,723966442,0,0,0.000000000000,0.000000000000
640351,False,False,control_candidate,control_candidate,non_list1,non_list1,,,29,26,24,22,102702152,96367084,0,0,0.000000000000,0.000000000000
640359,False,False,control_candidate,control_candidate,non_list1,non_list1,,,29,26,24,22,243649642,228189359,0,0,0.000000000000,0.000000000000
640391,False,False,control_candidate,control_candidate,non_list1,non_list1,,,29,26,24,22,4752989467,4483547107,0,0,0.000000000000,0.000000000000
640399,False,False,control_candidate,control_candidate,non_list1,non_list1,,,29,26,24,22,6303227782,5807127931,0,0,0.000000000000,0.000000000000
640411,False,False,control_candidate,control_candidate,non_list1,non_list1,,,29,26,24,22,3237001247,2940647478,0,0,0.000000000000,0.000000000000
640419,False,False,control_candidate,control_candidate,non_list1,non_list1,,,29,26,24,22,6912617431,6344405975,0,0,0.000000000000,0.000000000000
640420,False,False,control_candidate,control_candidate,non_list1,non_list1,,,29,26,24,22,145501897,136119666,0,0,0.000000000000,0.000000000000
640510,False,False,control_candidate,control_candidate,non_list1,non_list1,,,29,26,24,22,35927345,31838317,0,0,0.000000000000,0.000000000000
640520,False,False,control_candidate,control_candidate,non_list1,non_list1,,,29,26,24,22,730673102,689512008,0,0,0.000000000000,0.000000000000
640590,False,False,control_candidate,control_candidate,non_list1,non_list1,,,29,26,24,22,731150515,678375177,0,0,0.000000000000,0.000000000000
640610,False,False,control_candidate,control_candidate,non_list1,non_list1,,,29,26,24,22,48776012,45298323,0,0,0.000000000000,0.000000000000
640620,False,False,control_candidate,control_candidate,non_list1,non_list1,,,29,26,24,22,77894206,71564239,0,0,0.000000000000,0.000000000000
640690,False,False,control_candidate,control_candidate,non_list1,non_list1,,,29,26,24,22,321623770,289626004,0,0,0.000000000000,0.000000000000
650100,False,False,excluded,excluded,non_list1,non_list1,direct_policy_scope_overlap,direct_policy_scope_overlap,28,25,24,22,541080,524021,0,0,0.000000000000,0.000000000000
650200,False,False,excluded,excluded,non_list1,non_list1,direct_policy_scope_overlap,direct_policy_scope_overlap,29,26,24,22,14515040,13404264,0,0,0.000000000000,0.000000000000
650400,False,False,excluded,excluded,non_list1,non_list1,direct_policy_scope_overlap,direct_policy_scope_overlap,29,26,24,22,202085485,179072367,0,0,0.000000000000,0.000000000000
650500,False,False,excluded,excluded,non_list1,non_list1,direct_policy_scope_overlap,direct_policy_scope_overlap,29,26,24,22,2569871592,2353023742,0,0,0.000000000000,0.000000000000
650610,False,False,control_candidate,control_candidate,non_list1,non_list1,,,29,26,24,22,677319979,612311467,0,0,0.000000000000,0.000000000000
650691,False,False,excluded,excluded,non_list1,non_list1,direct_policy_scope_overlap,direct_policy_scope_overlap,29,26,24,22,65284798,58728912,0,0,0.000000000000,0.000000000000
650699,False,False,excluded,excluded,non_list1,non_list1,direct_policy_scope_overlap,direct_policy_scope_overlap,29,26,24,22,24570824,22631635,0,0,0.000000000000,0.000000000000
650700,False,False,excluded,excluded,non_list1,non_list1,direct_policy_scope_overlap,direct_policy_scope_overlap,29,26,24,22,45780053,40702112,0,0,0.000000000000,0.000000000000
660110,False,False,control_candidate,control_candidate,non_list1,non_list1,,,29,26,24,22,818082871,694062658,0,0,0.000000000000,0.000000000000
660191,False,False,control_candidate,control_candidate,non_list1,non_list1,,,29,26,24,22,271585727,247351763,0,0,0.000000000000,0.000000000000
660199,False,False,control_candidate,control_candidate,non_list1,non_list1,,,29,26,24,22,140999696,129229127,0,0,0.000000000000,0.000000000000
660200,False,False,control_candidate,control_candidate,non_list1,non_list1,,,29,26,24,22,51758399,45817782,0,0,0.000000000000,0.000000000000
660320,False,False,control_candidate,control_candidate,non_list1,non_list1,,,29,26,24,22,22563757,19695697,0,0,0.000000000000,0.000000000000
660390,False,False,control_candidate,control_candidate,non_list1,non_list1,,,29,26,24,22,132955223,115874012,0,0,0.000000000000,0.000000000000
670100,False,False,excluded,excluded,non_list1,non_list1,direct_policy_scope_overlap,direct_policy_scope_overlap,29,26,24,22,47135546,44099088,0,0,0.000000000000,0.000000000000
670210,False,False,control_candidate,control_candidate,non_list1,non_list1,,,29,26,24,22,631998060,574461172,0,0,0.000000000000,0.000000000000
670290,False,False,control_candidate,control_candidate,non_list1,non_list1,,,29,26,24,22,900259601,814009965,0,0,0.000000000000,0.000000000000
670300,False,False,control_candidate,control_candidate,non_list1,non_list1,,,29,26,24,22,59148347,51561956,0,0,0.000000000000,0.000000000000
670411,False,False,control_candidate,control_candidate,non_list1,non_list1,,,29,26,24,22,183307442,163599335,0,0,0.000000000000,0.000000000000
670419,False,False,control_candidate,control_candidate,non_list1,non_list1,,,29,26,24,22,596700367,533233052,0,0,0.000000000000,0.000000000000
670420,False,False,control_candidate,control_candidate,non_list1,non_list1,,,29,26,24,22,1341082949,1204215976,0,0,0.000000000000,0.000000000000
670490,False,False,control_candidate,control_candidate,non_list1,non_list1,,,29,26,24,22,119486131,106594286,0,0,0.000000000000,0.000000000000
680100,False,False,excluded,excluded,non_list1,non_list1,direct_policy_scope_overlap,direct_policy_scope_overlap,29,26,24,22,10364590,9738823,0,0,0.000000000000,0.000000000000
680210,False,False,excluded,excluded,non_list1,non_list1,direct_policy_scope_overlap,direct_policy_scope_overlap,29,26,24,22,127502563,112131793,0,0,0.000000000000,0.000000000000
680221,False,False,excluded,excluded,non_list1,non_list1,direct_policy_scope_overlap,direct_policy_scope_overlap,29,26,24,22,22071707,20033546,0,0,0.000000000000,0.000000000000
680223,False,False,excluded,excluded,non_list1,non_list1,direct_policy_scope_overlap,direct_policy_scope_overlap,29,26,24,22,32092886,29271026,0,0,0.000000000000,0.000000000000
680229,False,False,excluded,excluded,non_list1,non_list1,direct_policy_scope_overlap,direct_policy_scope_overlap,29,26,24,22,10982095,10402031,0,0,0.000000000000,0.000000000000
680291,False,False,excluded,excluded,non_list1,non_list1,direct_policy_scope_overlap,direct_policy_scope_overlap,29,26,24,22,555315084,497413145,0,0,0.000000000000,0.000000000000
680292,False,False,excluded,excluded,non_list1,non_list1,direct_policy_scope_overlap,direct_policy_scope_overlap,29,26,24,22,61998297,54992105,0,0,0.000000000000,0.000000000000
680293,False,False,excluded,excluded,non_list1,non_list1,direct_policy_scope_overlap,direct_policy_scope_overlap,29,26,24,22,556135846,511893442,0,0,0.000000000000,0.000000000000
680299,False,False,excluded,excluded,non_list1,non_list1,direct_policy_scope_overlap,direct_policy_scope_overlap,29,26,24,22,97320387,87875795,0,0,0.000000000000,0.000000000000
680300,False,False,excluded,excluded,non_list1,non_list1,direct_policy_scope_overlap,direct_policy_scope_overlap,29,26,24,22,69463456,64373832,0,0,0.000000000000,0.000000000000
680410,False,False,excluded,excluded,non_list1,non_list1,direct_policy_scope_overlap,direct_policy_scope_overlap,29,26,24,22,3215791,2988498,0,0,0.000000000000,0.000000000000
680421,False,False,excluded,excluded,non_list1,non_list1,direct_policy_scope_overlap,direct_policy_scope_overlap,29,26,24,22,62521045,54770755,0,0,0.000000000000,0.000000000000
680422,False,False,excluded,excluded,non_list1,non_list1,direct_policy_scope_overlap,direct_policy_scope_overlap,29,26,24,22,115945607,104136038,0,0,0.000000000000,0.000000000000
680423,False,False,excluded,excluded,non_list1,non_list1,direct_policy_scope_overlap,direct_policy_scope_overlap,29,26,24,22,742455,690758,0,0,0.000000000000,0.000000000000
680430,False,False,excluded,excluded,non_list1,non_list1,direct_policy_scope_overlap,direct_policy_scope_overlap,29,26,24,22,24098486,21615420,0,0,0.000000000000,0.000000000000
680510,False,False,excluded,excluded,non_list1,non_list1,direct_policy_scope_overlap,direct_policy_scope_overlap,29,26,24,22,19528951,17546794,0,0,0.000000000000,0.000000000000
680520,False,False,excluded,excluded,non_list1,non_list1,direct_policy_scope_overlap,direct_policy_scope_overlap,29,26,24,22,49119878,45160340,0,0,0.000000000000,0.000000000000
680530,False,False,excluded,excluded,non_list1,non_list1,direct_policy_scope_overlap,direct_policy_scope_overlap,29,26,24,22,71778090,63710379,0,0,0.000000000000,0.000000000000
680610,False,False,excluded,excluded,non_list1,non_list1,direct_policy_scope_overlap,direct_policy_scope_overlap,29,26,24,22,7255592,6260297,0,0,0.000000000000,0.000000000000
680620,False,False,excluded,excluded,non_list1,non_list1,direct_policy_scope_overlap,direct_policy_scope_overlap,28,25,24,22,3163628,2443012,0,0,0.000000000000,0.000000000000
680690,False,False,excluded,excluded,non_list1,non_list1,direct_policy_scope_overlap,direct_policy_scope_overlap,29,26,24,22,12686975,10859080,0,0,0.000000000000,0.000000000000
680710,False,False,excluded,excluded,non_list1,non_list1,insufficient_positive_pre_months|direct_policy_scope_overlap,insufficient_positive_pre_months|direct_policy_scope_overlap,23,20,24,22,1383423,1299181,0,0,0.000000000000,0.000000000000
680790,False,False,excluded,excluded,non_list1,non_list1,direct_policy_scope_overlap,direct_policy_scope_overlap,24,23,24,22,1162344,1058640,0,0,0.000000000000,0.000000000000
680800,False,False,excluded,excluded,non_list1,non_list1,direct_policy_scope_overlap,direct_policy_scope_overlap,29,26,24,22,8965206,7587987,0,0,0.000000000000,0.000000000000
680911,False,False,excluded,excluded,non_list1,non_list1,direct_policy_scope_overlap,direct_policy_scope_overlap,27,25,24,22,1584963,1354345,0,0,0.000000000000,0.000000000000
680919,False,False,excluded,excluded,non_list1,non_list1,direct_policy_scope_overlap,direct_policy_scope_overlap,27,25,24,22,5923945,5264621,0,0,0.000000000000,0.000000000000
680990,False,False,excluded,excluded,non_list1,non_list1,direct_policy_scope_overlap,direct_policy_scope_overlap,29,26,24,22,7824219,7181337,0,0,0.000000000000,0.000000000000
681011,False,False,excluded,excluded,non_list1,non_list1,direct_policy_scope_overlap,direct_policy_scope_overlap,29,26,24,22,2180510,1998789,0,0,0.000000000000,0.000000000000
681019,False,False,excluded,excluded,non_list1,non_list1,direct_policy_scope_overlap,direct_policy_scope_overlap,29,26,24,22,45579051,41428915,0,0,0.000000000000,0.000000000000
681091,False,False,excluded,excluded,non_list1,non_list1,direct_policy_scope_overlap,direct_policy_scope_overlap,29,26,24,22,10145434,9410520,0,0,0.000000000000,0.000000000000
681099,False,False,excluded,excluded,non_list1,non_list1,direct_policy_scope_overlap,direct_policy_scope_overlap,29,26,24,22,2191322206,1950297718,0,0,0.000000000000,0.000000000000
681140,False,False,excluded,excluded,non_list1,non_list1,insufficient_positive_pre_months|direct_policy_scope_overlap,insufficient_positive_pre_months|direct_policy_scope_overlap,7,5,24,22,85940,62509,0,0,0.000000000000,0.000000000000
681181,False,False,excluded,excluded,non_list1,non_list1,insufficient_positive_pre_months|direct_policy_scope_overlap,insufficient_positive_pre_months|direct_policy_scope_overlap,7,6,24,22,94429,90829,0,0,0.000000000000,0.000000000000
681182,False,False,excluded,excluded,non_list1,non_list1,direct_policy_scope_overlap,direct_policy_scope_overlap,29,26,24,22,7013339,6239819,0,0,0.000000000000,0.000000000000
681189,False,False,excluded,excluded,non_list1,non_list1,direct_policy_scope_overlap,direct_policy_scope_overlap,29,26,24,22,18311865,17081139,0,0,0.000000000000,0.000000000000
681280,False,False,excluded,excluded,non_list1,non_list1,insufficient_positive_pre_months|direct_policy_scope_overlap,insufficient_positive_pre_months|direct_policy_scope_overlap,2,2,24,22,68384,68384,0,0,0.000000000000,0.000000000000
681291,False,False,excluded,excluded,non_list1,non_list1,insufficient_positive_pre_months|direct_policy_scope_overlap,insufficient_positive_pre_months|direct_policy_scope_overlap,1,1,24,22,5600,5600,0,0,0.000000000000,0.000000000000
681292,False,False,excluded,excluded,non_list1,non_list1,insufficient_positive_pre_months|direct_policy_scope_overlap,insufficient_positive_pre_months|direct_policy_scope_overlap,1,1,24,22,7350,7350,0,0,0.000000000000,0.000000000000
681293,False,False,excluded,excluded,non_list1,non_list1,insufficient_positive_pre_months|direct_policy_scope_overlap,insufficient_positive_pre_months|direct_policy_scope_overlap,10,10,24,22,151315,151315,0,0,0.000000000000,0.000000000000
681299,False,False,excluded,excluded,non_list1,non_list1,insufficient_positive_pre_months|direct_policy_scope_overlap,insufficient_positive_pre_months|direct_policy_scope_overlap,15,13,24,22,470860,191817,0,0,0.000000000000,0.000000000000
681320,False,False,excluded,excluded,non_list1,non_list1,direct_policy_scope_overlap,direct_policy_scope_overlap,28,25,24,22,3508267,2810866,0,0,0.000000000000,0.000000000000
681381,False,False,excluded,excluded,non_list1,non_list1,direct_policy_scope_overlap,direct_policy_scope_overlap,29,26,24,22,106102687,102795379,0,0,0.000000000000,0.000000000000
681389,False,False,excluded,excluded,non_list1,non_list1,direct_policy_scope_overlap,direct_policy_scope_overlap,28,25,24,22,1828839,1575095,0,0,0.000000000000,0.000000000000
681410,False,False,excluded,excluded,non_list1,non_list1,direct_policy_scope_overlap,direct_policy_scope_overlap,29,26,24,22,6806745,6055645,0,0,0.000000000000,0.000000000000
681490,False,False,excluded,excluded,non_list1,non_list1,direct_policy_scope_overlap,direct_policy_scope_overlap,26,26,24,22,2584884,2584884,0,0,0.000000000000,0.000000000000
681510,False,False,excluded,excluded,non_list1,non_list1,insufficient_positive_pre_months|direct_policy_scope_overlap,insufficient_positive_pre_months|direct_policy_scope_overlap,17,14,24,22,38839673,30546354,0,0,0.000000000000,0.000000000000
681520,False,False,excluded,excluded,non_list1,non_list1,insufficient_positive_pre_months|direct_policy_scope_overlap,insufficient_positive_pre_months|direct_policy_scope_overlap,0,0,24,22,0,0,0,0,0.000000000000,0.000000000000
681591,False,False,excluded,excluded,non_list1,non_list1,direct_policy_scope_overlap,direct_policy_scope_overlap,29,26,24,22,24415059,21102309,0,0,0.000000000000,0.000000000000
681599,False,False,excluded,excluded,non_list1,non_list1,direct_policy_scope_overlap,direct_policy_scope_overlap,29,26,24,22,40413516,36175689,0,0,0.000000000000,0.000000000000
690100,False,False,excluded,excluded,non_list1,non_list1,direct_policy_scope_overlap,direct_policy_scope_overlap,29,26,24,22,1030151,913027,0,0,0.000000000000,0.000000000000
690210,False,False,excluded,excluded,non_list1,non_list1,direct_policy_scope_overlap,direct_policy_scope_overlap,29,26,24,22,52283286,48449298,0,0,0.000000000000,0.000000000000
690220,False,False,excluded,excluded,non_list1,non_list1,direct_policy_scope_overlap,direct_policy_scope_overlap,29,26,24,22,61279774,54985346,0,0,0.000000000000,0.000000000000
690290,False,False,excluded,excluded,non_list1,non_list1,direct_policy_scope_overlap,direct_policy_scope_overlap,29,26,24,22,17878508,14400470,0,0,0.000000000000,0.000000000000
690310,False,False,excluded,excluded,non_list1,non_list1,direct_policy_scope_overlap,direct_policy_scope_overlap,29,26,24,22,2404488,2279161,0,0,0.000000000000,0.000000000000
690320,False,False,excluded,excluded,non_list1,non_list1,direct_policy_scope_overlap,direct_policy_scope_overlap,29,26,24,22,39132092,34587047,0,0,0.000000000000,0.000000000000
690390,False,False,excluded,excluded,non_list1,non_list1,direct_policy_scope_overlap,direct_policy_scope_overlap,29,26,24,22,23516725,21730759,0,0,0.000000000000,0.000000000000
690410,False,False,excluded,excluded,non_list1,non_list1,direct_policy_scope_overlap,direct_policy_scope_overlap,29,26,24,22,2822786,2539159,0,0,0.000000000000,0.000000000000
690490,False,False,excluded,excluded,non_list1,non_list1,direct_policy_scope_overlap,direct_policy_scope_overlap,29,26,24,22,3972695,3666907,0,0,0.000000000000,0.000000000000
690510,False,False,excluded,excluded,non_list1,non_list1,insufficient_positive_pre_months|direct_policy_scope_overlap,insufficient_positive_pre_months|direct_policy_scope_overlap,18,17,24,22,285610,282144,0,0,0.000000000000,0.000000000000
690590,False,False,excluded,excluded,non_list1,non_list1,insufficient_positive_pre_months|direct_policy_scope_overlap,insufficient_positive_pre_months|direct_policy_scope_overlap,14,12,24,22,239101,210899,0,0,0.000000000000,0.000000000000
690600,False,False,excluded,excluded,non_list1,non_list1,direct_policy_scope_overlap,direct_policy_scope_overlap,29,26,24,22,1113023,884628,0,0,0.000000000000,0.000000000000
690721,False,False,excluded,excluded,non_list1,non_list1,insufficient_positive_pre_months|direct_policy_scope_overlap,insufficient_positive_pre_months|direct_policy_scope_overlap,17,14,24,22,336150844,281532060,0,0,0.000000000000,0.000000000000
690722,False,False,excluded,excluded,non_list1,non_list1,insufficient_positive_pre_months|direct_policy_scope_overlap,insufficient_positive_pre_months|direct_policy_scope_overlap,17,14,24,22,111170587,93736242,0,0,0.000000000000,0.000000000000
690723,False,False,excluded,excluded,non_list1,non_list1,insufficient_positive_pre_months|direct_policy_scope_overlap,insufficient_positive_pre_months|direct_policy_scope_overlap,17,14,24,22,45760720,38380843,0,0,0.000000000000,0.000000000000
690730,False,False,excluded,excluded,non_list1,non_list1,insufficient_positive_pre_months|direct_policy_scope_overlap,insufficient_positive_pre_months|direct_policy_scope_overlap,17,14,24,22,17186793,14961786,0,0,0.000000000000,0.000000000000
690740,False,False,excluded,excluded,non_list1,non_list1,insufficient_positive_pre_months|direct_policy_scope_overlap,insufficient_positive_pre_months|direct_policy_scope_overlap,17,14,24,22,133923529,114408234,0,0,0.000000000000,0.000000000000
690911,False,False,excluded,excluded,non_list1,non_list1,direct_policy_scope_overlap,direct_policy_scope_overlap,29,26,24,22,51587586,44360107,0,0,0.000000000000,0.000000000000
690912,False,False,excluded,excluded,non_list1,non_list1,direct_policy_scope_overlap,direct_policy_scope_overlap,29,26,24,22,16916957,14290040,0,0,0.000000000000,0.000000000000
690919,False,False,excluded,excluded,non_list1,non_list1,direct_policy_scope_overlap,direct_policy_scope_overlap,29,26,24,22,66217680,62737140,0,0,0.000000000000,0.000000000000
690990,False,False,excluded,excluded,non_list1,non_list1,direct_policy_scope_overlap,direct_policy_scope_overlap,29,26,24,22,2930969,2674504,0,0,0.000000000000,0.000000000000
691010,False,False,control_candidate,control_candidate,non_list1,non_list1,,,29,26,24,22,1024394805,916271392,0,0,0.000000000000,0.000000000000
691090,False,False,control_candidate,control_candidate,non_list1,non_list1,,,29,26,24,22,147065969,131596723,0,0,0.000000000000,0.000000000000
691110,False,False,control_candidate,control_candidate,non_list1,non_list1,,,29,26,24,22,540937913,500135264,0,0,0.000000000000,0.000000000000
691190,False,False,control_candidate,control_candidate,non_list1,non_list1,,,29,26,24,22,15008669,13644402,0,0,0.000000000000,0.000000000000
691200,False,False,control_candidate,control_candidate,non_list1,non_list1,,,29,26,24,22,1665294504,1522603156,0,0,0.000000000000,0.000000000000
691310,False,False,control_candidate,control_candidate,non_list1,non_list1,,,29,26,24,22,102221870,94519763,0,0,0.000000000000,0.000000000000
691390,False,False,control_candidate,control_candidate,non_list1,non_list1,,,29,26,24,22,463090784,418995238,0,0,0.000000000000,0.000000000000
691410,False,False,excluded,excluded,non_list1,non_list1,direct_policy_scope_overlap,direct_policy_scope_overlap,29,26,24,22,6257966,5802030,0,0,0.000000000000,0.000000000000
691490,False,False,excluded,excluded,non_list1,non_list1,direct_policy_scope_overlap,direct_policy_scope_overlap,29,26,24,22,128292964,115796410,0,0,0.000000000000,0.000000000000
700100,False,False,excluded,excluded,non_list1,non_list1,direct_policy_scope_overlap,direct_policy_scope_overlap,29,26,24,22,7325457,6722678,0,0,0.000000000000,0.000000000000
700210,False,False,excluded,excluded,non_list1,non_list1,direct_policy_scope_overlap,direct_policy_scope_overlap,29,26,24,22,10340095,9308876,0,0,0.000000000000,0.000000000000
700220,False,False,excluded,excluded,non_list1,non_list1,direct_policy_scope_overlap,direct_policy_scope_overlap,29,26,24,22,44265200,38772560,0,0,0.000000000000,0.000000000000
700231,False,False,excluded,excluded,non_list1,non_list1,direct_policy_scope_overlap,direct_policy_scope_overlap,29,26,24,22,27981702,22942790,0,0,0.000000000000,0.000000000000
700232,False,False,excluded,excluded,non_list1,non_list1,direct_policy_scope_overlap,direct_policy_scope_overlap,29,26,24,22,2461267,2201400,0,0,0.000000000000,0.000000000000
700239,False,False,excluded,excluded,non_list1,non_list1,direct_policy_scope_overlap,direct_policy_scope_overlap,29,26,24,22,2832896,2400314,0,0,0.000000000000,0.000000000000
700312,False,False,excluded,excluded,non_list1,non_list1,direct_policy_scope_overlap,direct_policy_scope_overlap,29,26,24,22,2448922,2276385,0,0,0.000000000000,0.000000000000
700319,False,False,excluded,excluded,non_list1,non_list1,direct_policy_scope_overlap,direct_policy_scope_overlap,29,26,24,22,12524767,11287188,0,0,0.000000000000,0.000000000000
700320,False,False,excluded,excluded,non_list1,non_list1,insufficient_positive_pre_months|direct_policy_scope_overlap,insufficient_positive_pre_months|direct_policy_scope_overlap,19,18,24,22,442391,415164,0,0,0.000000000000,0.000000000000
700330,False,False,excluded,excluded,non_list1,non_list1,insufficient_positive_pre_months|direct_policy_scope_overlap,insufficient_positive_pre_months|direct_policy_scope_overlap,4,4,24,22,15071,15071,0,0,0.000000000000,0.000000000000
700420,False,False,excluded,excluded,non_list1,non_list1,direct_policy_scope_overlap,direct_policy_scope_overlap,29,26,24,22,8052172,7328532,0,0,0.000000000000,0.000000000000
700490,False,False,excluded,excluded,non_list1,non_list1,direct_policy_scope_overlap,direct_policy_scope_overlap,29,26,24,22,7851934,7078428,0,0,0.000000000000,0.000000000000
700510,False,False,excluded,excluded,non_list1,non_list1,direct_policy_scope_overlap,direct_policy_scope_overlap,29,26,24,22,11033846,9846831,0,0,0.000000000000,0.000000000000
700521,False,False,excluded,excluded,non_list1,non_list1,direct_policy_scope_overlap,direct_policy_scope_overlap,29,26,24,22,6011578,5757522,0,0,0.000000000000,0.000000000000
700529,False,False,excluded,excluded,non_list1,non_list1,direct_policy_scope_overlap,direct_policy_scope_overlap,29,26,24,22,42628393,39607898,0,0,0.000000000000,0.000000000000
700530,False,False,excluded,excluded,non_list1,non_list1,insufficient_positive_pre_months|direct_policy_scope_overlap,insufficient_positive_pre_months|direct_policy_scope_overlap,20,17,24,22,597211,534198,0,0,0.000000000000,0.000000000000
700600,False,False,excluded,excluded,non_list1,non_list1,direct_policy_scope_overlap,direct_policy_scope_overlap,29,26,24,22,44902997,41354093,0,0,0.000000000000,0.000000000000
700711,False,False,excluded,excluded,non_list1,non_list1,direct_policy_scope_overlap,direct_policy_scope_overlap,29,26,24,22,147304677,130105496,0,0,0.000000000000,0.000000000000
700719,False,False,excluded,excluded,non_list1,non_list1,direct_policy_scope_overlap,direct_policy_scope_overlap,29,26,24,22,406553735,347998521,0,0,0.000000000000,0.000000000000
700721,False,False,excluded,excluded,non_list1,non_list1,direct_policy_scope_overlap,direct_policy_scope_overlap,29,26,24,22,624542908,560197789,0,0,0.000000000000,0.000000000000
700729,False,False,excluded,excluded,non_list1,non_list1,direct_policy_scope_overlap,direct_policy_scope_overlap,29,26,24,22,100563985,89947943,0,0,0.000000000000,0.000000000000
700800,False,False,excluded,excluded,non_list1,non_list1,direct_policy_scope_overlap,direct_policy_scope_overlap,29,26,24,22,164504857,143296104,0,0,0.000000000000,0.000000000000
700910,False,False,excluded,excluded,non_list1,non_list1,direct_policy_scope_overlap,direct_policy_scope_overlap,29,26,24,22,80462252,71579207,0,0,0.000000000000,0.000000000000
700991,False,False,excluded,excluded,non_list1,non_list1,direct_policy_scope_overlap,direct_policy_scope_overlap,29,26,24,22,158374936,138090088,0,0,0.000000000000,0.000000000000
700992,False,False,excluded,excluded,non_list1,non_list1,direct_policy_scope_overlap,direct_policy_scope_overlap,29,26,24,22,873694636,788832253,0,0,0.000000000000,0.000000000000
701010,False,False,excluded,excluded,non_list1,non_list1,insufficient_positive_pre_months|direct_policy_scope_overlap,insufficient_positive_pre_months|direct_policy_scope_overlap,17,15,24,22,431698,409316,0,0,0.000000000000,0.000000000000
701020,False,False,excluded,excluded,non_list1,non_list1,direct_policy_scope_overlap,direct_policy_scope_overlap,29,26,24,22,46845328,42734409,0,0,0.000000000000,0.000000000000
701090,False,False,excluded,excluded,non_list1,non_list1,direct_policy_scope_overlap,direct_policy_scope_overlap,29,26,24,22,919771781,804623805,0,0,0.000000000000,0.000000000000
701110,False,False,excluded,excluded,non_list1,non_list1,direct_policy_scope_overlap,direct_policy_scope_overlap,29,26,24,22,9187920,8701130,0,0,0.000000000000,0.000000000000
701120,False,False,excluded,excluded,non_list1,non_list1,direct_policy_scope_overlap,insufficient_positive_pre_months|direct_policy_scope_overlap,24,21,24,22,917247,840335,0,0,0.000000000000,0.000000000000
701190,False,False,excluded,excluded,non_list1,non_list1,direct_policy_scope_overlap,direct_policy_scope_overlap,29,26,24,22,2962842,2706013,0,0,0.000000000000,0.000000000000
701310,False,False,control_candidate,control_candidate,non_list1,non_list1,,,29,26,24,22,3086642,2700434,0,0,0.000000000000,0.000000000000
701322,False,False,control_candidate,control_candidate,non_list1,non_list1,,,28,25,24,22,2003132,1932094,0,0,0.000000000000,0.000000000000
701328,False,False,control_candidate,control_candidate,non_list1,non_list1,,,29,26,24,22,68248805,61006086,0,0,0.000000000000,0.000000000000
701333,False,False,control_candidate,control_candidate,non_list1,non_list1,,,29,26,24,22,1606748,1224323,0,0,0.000000000000,0.000000000000
701337,False,False,control_candidate,control_candidate,non_list1,non_list1,,,29,26,24,22,162453399,145242790,0,0,0.000000000000,0.000000000000
701341,False,False,control_candidate,control_candidate,non_list1,non_list1,,,29,26,24,22,4049668,3615148,0,0,0.000000000000,0.000000000000
701342,False,False,control_candidate,control_candidate,non_list1,non_list1,,,29,26,24,22,37436019,33072912,0,0,0.000000000000,0.000000000000
701349,False,False,control_candidate,control_candidate,non_list1,non_list1,,,29,26,24,22,298005076,267070692,0,0,0.000000000000,0.000000000000
701391,False,False,control_candidate,control_candidate,non_list1,non_list1,,,29,26,24,22,9238238,8394962,0,0,0.000000000000,0.000000000000
701399,False,False,control_candidate,control_candidate,non_list1,non_list1,,,29,26,24,22,688316983,620579723,0,0,0.000000000000,0.000000000000
701400,False,False,excluded,excluded,non_list1,non_list1,direct_policy_scope_overlap,direct_policy_scope_overlap,29,26,24,22,14091052,13560004,0,0,0.000000000000,0.000000000000
701510,False,False,excluded,excluded,non_list1,non_list1,insufficient_positive_pre_months,insufficient_positive_pre_months,1,1,24,22,11760,11760,0,0,0.000000000000,0.000000000000
701590,False,False,control_candidate,control_candidate,non_list1,non_list1,,,29,26,24,22,2289225,2057033,0,0,0.000000000000,0.000000000000
701610,False,False,excluded,excluded,non_list1,non_list1,direct_policy_scope_overlap,direct_policy_scope_overlap,29,26,24,22,442030398,405737886,0,0,0.000000000000,0.000000000000
701690,False,False,excluded,excluded,non_list1,non_list1,direct_policy_scope_overlap,direct_policy_scope_overlap,29,26,24,22,117717607,105470800,0,0,0.000000000000,0.000000000000
701710,False,False,excluded,excluded,non_list1,non_list1,direct_policy_scope_overlap,direct_policy_scope_overlap,29,26,24,22,7034360,6174983,0,0,0.000000000000,0.000000000000
701720,False,False,excluded,excluded,non_list1,non_list1,direct_policy_scope_overlap,direct_policy_scope_overlap,29,26,24,22,7700286,6488059,0,0,0.000000000000,0.000000000000
701790,False,False,excluded,excluded,non_list1,non_list1,direct_policy_scope_overlap,direct_policy_scope_overlap,29,26,24,22,42344428,37322378,0,0,0.000000000000,0.000000000000
701810,False,False,excluded,excluded,non_list1,non_list1,direct_policy_scope_overlap,direct_policy_scope_overlap,29,26,24,22,89851392,83434797,0,0,0.000000000000,0.000000000000
701820,False,False,excluded,excluded,non_list1,non_list1,direct_policy_scope_overlap,direct_policy_scope_overlap,29,26,24,22,24701337,22630933,0,0,0.000000000000,0.000000000000
701890,False,False,excluded,excluded,non_list1,non_list1,direct_policy_scope_overlap,direct_policy_scope_overlap,29,26,24,22,25287915,23024048,0,0,0.000000000000,0.000000000000
701911,False,False,excluded,excluded,non_list1,non_list1,direct_policy_scope_overlap,direct_policy_scope_overlap,29,26,24,22,63560472,53225394,0,0,0.000000000000,0.000000000000
701912,False,False,excluded,excluded,non_list1,non_list1,direct_policy_scope_overlap,direct_policy_scope_overlap,29,26,24,22,260459925,224995599,0,0,0.000000000000,0.000000000000
701919,False,False,excluded,excluded,non_list1,non_list1,direct_policy_scope_overlap,direct_policy_scope_overlap,29,26,24,22,75916157,64365793,0,0,0.000000000000,0.000000000000
701931,False,False,excluded,excluded,non_list1,non_list1,direct_policy_scope_overlap,direct_policy_scope_overlap,29,26,24,22,133603084,114509839,0,0,0.000000000000,0.000000000000
701932,False,False,excluded,excluded,non_list1,non_list1,direct_policy_scope_overlap,direct_policy_scope_overlap,28,25,24,22,2205955,2143417,0,0,0.000000000000,0.000000000000
701939,False,False,excluded,excluded,non_list1,non_list1,direct_policy_scope_overlap,direct_policy_scope_overlap,29,26,24,22,61815903,54482722,0,0,0.000000000000,0.000000000000
701940,False,False,excluded,excluded,non_list1,non_list1,direct_policy_scope_overlap,direct_policy_scope_overlap,29,26,24,22,24528379,22135004,0,0,0.000000000000,0.000000000000
701951,False,False,excluded,excluded,non_list1,non_list1,direct_policy_scope_overlap,direct_policy_scope_overlap,29,26,24,22,4373205,4075829,0,0,0.000000000000,0.000000000000
701952,False,False,excluded,excluded,non_list1,non_list1,direct_policy_scope_overlap,direct_policy_scope_overlap,29,26,24,22,11976459,10746883,0,0,0.000000000000,0.000000000000
701959,False,False,excluded,excluded,non_list1,non_list1,direct_policy_scope_overlap,direct_policy_scope_overlap,29,26,24,22,47783869,42603184,0,0,0.000000000000,0.000000000000
701990,False,False,excluded,excluded,non_list1,non_list1,direct_policy_scope_overlap,direct_policy_scope_overlap,29,26,24,22,207497206,189548807,0,0,0.000000000000,0.000000000000
702000,False,False,excluded,excluded,non_list1,non_list1,direct_policy_scope_overlap,direct_policy_scope_overlap,29,26,24,22,137682914,125219565,0,0,0.000000000000,0.000000000000
710110,False,False,control_candidate,control_candidate,non_list1,non_list1,,,29,26,24,22,2761166,2487624,0,0,0.000000000000,0.000000000000
710121,False,False,control_candidate,control_candidate,non_list1,non_list1,,,29,26,24,22,12651906,8891555,0,0,0.000000000000,0.000000000000
710122,False,False,control_candidate,control_candidate,non_list1,non_list1,,,29,26,24,22,58325107,52092963,0,0,0.000000000000,0.000000000000
710210,False,False,excluded,excluded,non_list1,non_list1,insufficient_positive_pre_months,insufficient_positive_pre_months,0,0,24,22,0,0,0,0,0.000000000000,0.000000000000
710221,False,False,excluded,excluded,non_list1,non_list1,insufficient_positive_pre_months|direct_policy_scope_overlap,insufficient_positive_pre_months|direct_policy_scope_overlap,0,0,24,22,0,0,0,0,0.000000000000,0.000000000000
710229,False,False,excluded,excluded,non_list1,non_list1,insufficient_positive_pre_months|direct_policy_scope_overlap,insufficient_positive_pre_months|direct_policy_scope_overlap,20,20,24,22,886149,886149,0,0,0.000000000000,0.000000000000
710231,False,False,excluded,excluded,non_list1,non_list1,insufficient_positive_pre_months,insufficient_positive_pre_months,1,1,24,22,104624,104624,0,0,0.000000000000,0.000000000000
710239,False,False,control_candidate,control_candidate,non_list1,non_list1,,,29,26,24,22,507217623,455569204,0,0,0.000000000000,0.000000000000
710310,False,False,excluded,excluded,non_list1,non_list1,insufficient_positive_pre_months,insufficient_positive_pre_months,17,17,24,22,9713859,9713859,0,0,0.000000000000,0.000000000000
710391,False,False,control_candidate,control_candidate,non_list1,non_list1,,,28,25,24,22,5827909,5107693,0,0,0.000000000000,0.000000000000
710399,False,False,excluded,excluded,non_list1,non_list1,insufficient_positive_pre_months,insufficient_positive_pre_months,18,18,24,22,40861375,40861375,0,0,0.000000000000,0.000000000000
710410,False,False,control_candidate,control_candidate,non_list1,non_list1,,,29,26,24,22,1552891,1355852,0,0,0.000000000000,0.000000000000
710420,False,False,control_candidate,control_candidate,non_list1,non_list1,,,29,26,24,22,2504531,1939536,0,0,0.000000000000,0.000000000000
710490,False,False,control_candidate,control_candidate,non_list1,non_list1,,,29,26,24,22,59187864,42768391,0,0,0.000000000000,0.000000000000
710510,False,False,excluded,excluded,non_list1,non_list1,direct_policy_scope_overlap,direct_policy_scope_overlap,29,26,24,22,74603156,64824898,0,0,0.000000000000,0.000000000000
710590,False,False,excluded,excluded,non_list1,non_list1,direct_policy_scope_overlap,direct_policy_scope_overlap,25,22,24,22,827248,701650,0,0,0.000000000000,0.000000000000
710610,False,False,excluded,excluded,non_list1,non_list1,direct_policy_scope_overlap,direct_policy_scope_overlap,25,22,24,22,3333251,2825326,0,0,0.000000000000,0.000000000000
710691,False,False,excluded,excluded,non_list1,non_list1,insufficient_positive_pre_months|direct_policy_scope_overlap,insufficient_positive_pre_months|direct_policy_scope_overlap,17,15,24,22,92564391,92538252,0,0,0.000000000000,0.000000000000
710692,False,False,excluded,excluded,non_list1,non_list1,direct_policy_scope_overlap,direct_policy_scope_overlap,24,22,24,22,850493,813154,0,0,0.000000000000,0.000000000000
710700,False,False,excluded,excluded,non_list1,non_list1,insufficient_positive_pre_months|direct_policy_scope_overlap,insufficient_positive_pre_months|direct_policy_scope_overlap,14,12,24,22,204263,166747,0,0,0.000000000000,0.000000000000
710811,False,False,excluded,excluded,non_list1,non_list1,insufficient_positive_pre_months|direct_policy_scope_overlap,insufficient_positive_pre_months|direct_policy_scope_overlap,1,0,24,22,4863,0,0,0,0.000000000000,0.000000000000
710812,False,False,excluded,excluded,non_list1,non_list1,insufficient_positive_pre_months|direct_policy_scope_overlap,insufficient_positive_pre_months|direct_policy_scope_overlap,8,6,24,22,1124220,909045,0,0,0.000000000000,0.000000000000
710813,False,False,excluded,excluded,non_list1,non_list1,direct_policy_scope_overlap,direct_policy_scope_overlap,29,26,24,22,3411360,3070841,0,0,0.000000000000,0.000000000000
710900,False,False,excluded,excluded,non_list1,non_list1,insufficient_positive_pre_months|direct_policy_scope_overlap,insufficient_positive_pre_months|direct_policy_scope_overlap,6,4,24,22,38221,29664,0,0,0.000000000000,0.000000000000
711011,False,False,excluded,excluded,non_list1,non_list1,insufficient_positive_pre_months|direct_policy_scope_overlap,insufficient_positive_pre_months|direct_policy_scope_overlap,11,11,24,22,15474759,15474759,0,0,0.000000000000,0.000000000000
711019,False,False,excluded,excluded,non_list1,non_list1,insufficient_positive_pre_months|direct_policy_scope_overlap,insufficient_positive_pre_months|direct_policy_scope_overlap,17,17,24,22,4107010,4107010,0,0,0.000000000000,0.000000000000
711021,False,False,excluded,excluded,non_list1,non_list1,insufficient_positive_pre_months|direct_policy_scope_overlap,insufficient_positive_pre_months|direct_policy_scope_overlap,1,1,24,22,2200,2200,0,0,0.000000000000,0.000000000000
711029,False,False,excluded,excluded,non_list1,non_list1,insufficient_positive_pre_months|direct_policy_scope_overlap,insufficient_positive_pre_months|direct_policy_scope_overlap,1,1,24,22,518000,518000,0,0,0.000000000000,0.000000000000
711031,False,False,excluded,excluded,non_list1,non_list1,insufficient_positive_pre_months|direct_policy_scope_overlap,insufficient_positive_pre_months|direct_policy_scope_overlap,10,10,24,22,3642069,3642069,0,0,0.000000000000,0.000000000000
711039,False,False,excluded,excluded,non_list1,non_list1,insufficient_positive_pre_months|direct_policy_scope_overlap,insufficient_positive_pre_months|direct_policy_scope_overlap,3,3,24,22,11833,11833,0,0,0.000000000000,0.000000000000
711041,False,False,excluded,excluded,non_list1,non_list1,insufficient_positive_pre_months|direct_policy_scope_overlap,insufficient_positive_pre_months|direct_policy_scope_overlap,6,4,24,22,573982,431801,0,0,0.000000000000,0.000000000000
711049,False,False,excluded,excluded,non_list1,non_list1,insufficient_positive_pre_months|direct_policy_scope_overlap,insufficient_positive_pre_months|direct_policy_scope_overlap,7,7,24,22,112463,112463,0,0,0.000000000000,0.000000000000
711100,False,False,excluded,excluded,non_list1,non_list1,insufficient_positive_pre_months|direct_policy_scope_overlap,insufficient_positive_pre_months|direct_policy_scope_overlap,8,6,24,22,52466,39804,0,0,0.000000000000,0.000000000000
711230,False,False,excluded,excluded,non_list1,non_list1,insufficient_positive_pre_months|direct_policy_scope_overlap,insufficient_positive_pre_months|direct_policy_scope_overlap,15,15,24,22,12881127,12881127,0,0,0.000000000000,0.000000000000
711291,False,False,excluded,excluded,non_list1,non_list1,insufficient_positive_pre_months|direct_policy_scope_overlap,insufficient_positive_pre_months|direct_policy_scope_overlap,14,13,24,22,1837630,1770907,0,0,0.000000000000,0.000000000000
711292,False,False,excluded,excluded,non_list1,non_list1,insufficient_positive_pre_months|direct_policy_scope_overlap,insufficient_positive_pre_months|direct_policy_scope_overlap,23,20,24,22,71717500,61381413,0,0,0.000000000000,0.000000000000
711299,False,False,excluded,excluded,non_list1,non_list1,direct_policy_scope_overlap,direct_policy_scope_overlap,29,26,24,22,22608661,22263728,0,0,0.000000000000,0.000000000000
711311,False,False,control_candidate,control_candidate,non_list1,non_list1,,,29,26,24,22,530079314,529900962,0,0,0.000000000000,0.000000000000
711319,False,False,control_candidate,control_candidate,non_list1,non_list1,,,29,26,24,22,1954990650,1750709450,0,0,0.000000000000,0.000000000000
711320,False,False,control_candidate,control_candidate,non_list1,non_list1,,,29,26,24,22,9993248,8825335,0,0,0.000000000000,0.000000000000
711411,False,False,excluded,excluded,non_list1,non_list1,direct_policy_scope_overlap,direct_policy_scope_overlap,29,26,24,22,2295351,2187589,0,0,0.000000000000,0.000000000000
711419,False,False,excluded,excluded,non_list1,non_list1,insufficient_positive_pre_months|direct_policy_scope_overlap,insufficient_positive_pre_months|direct_policy_scope_overlap,22,21,24,22,1603026,1590694,0,0,0.000000000000,0.000000000000
711420,False,False,excluded,excluded,non_list1,non_list1,direct_policy_scope_overlap,direct_policy_scope_overlap,28,25,24,22,2245968,2221454,0,0,0.000000000000,0.000000000000
711510,False,False,excluded,excluded,non_list1,non_list1,insufficient_positive_pre_months|direct_policy_scope_overlap,insufficient_positive_pre_months|direct_policy_scope_overlap,9,9,24,22,119595,119595,0,0,0.000000000000,0.000000000000
711590,False,False,excluded,excluded,non_list1,non_list1,direct_policy_scope_overlap,direct_policy_scope_overlap,29,26,24,22,4344340,4039938,0,0,0.000000000000,0.000000000000
711610,False,False,control_candidate,control_candidate,non_list1,non_list1,,,29,26,24,22,39675262,35213360,0,0,0.000000000000,0.000000000000
711620,False,False,control_candidate,control_candidate,non_list1,non_list1,,,29,26,24,22,627556078,607307655,0,0,0.000000000000,0.000000000000
711711,False,False,control_candidate,control_candidate,non_list1,non_list1,,,29,26,24,22,10526487,9304661,0,0,0.000000000000,0.000000000000
711719,False,False,control_candidate,control_candidate,non_list1,non_list1,,,29,26,24,22,1462094831,1339055439,0,0,0.000000000000,0.000000000000
711790,False,False,control_candidate,control_candidate,non_list1,non_list1,,,29,26,24,22,826269277,755835105,0,0,0.000000000000,0.000000000000
711810,False,False,control_candidate,control_candidate,non_list1,non_list1,,,29,26,24,22,6661819,6096992,0,0,0.000000000000,0.000000000000
711890,False,False,control_candidate,control_candidate,non_list1,non_list1,,,29,26,24,22,103820205,98410336,0,0,0.000000000000,0.000000000000
720110,False,False,excluded,excluded,non_list1,non_list1,insufficient_positive_pre_months|direct_policy_scope_overlap,insufficient_positive_pre_months|direct_policy_scope_overlap,8,7,24,22,374778,346567,0,0,0.000000000000,0.000000000000
720120,False,False,excluded,excluded,non_list1,non_list1,insufficient_positive_pre_months|direct_policy_scope_overlap,insufficient_positive_pre_months|direct_policy_scope_overlap,0,0,24,22,0,0,0,0,0.000000000000,0.000000000000
720150,False,False,excluded,excluded,non_list1,non_list1,insufficient_positive_pre_months|direct_policy_scope_overlap,insufficient_positive_pre_months|direct_policy_scope_overlap,1,1,24,22,2501,2501,0,0,0.000000000000,0.000000000000
720211,False,False,excluded,excluded,non_list1,non_list1,insufficient_positive_pre_months|direct_policy_scope_overlap,insufficient_positive_pre_months|direct_policy_scope_overlap,3,3,24,22,174677,174677,0,0,0.000000000000,0.000000000000
720219,False,False,excluded,excluded,non_list1,non_list1,direct_policy_scope_overlap,direct_policy_scope_overlap,27,25,24,22,34480356,33459950,0,0,0.000000000000,0.000000000000
720221,False,False,excluded,excluded,non_list1,non_list1,direct_policy_scope_overlap,direct_policy_scope_overlap,28,25,24,22,35914239,32845748,0,0,0.000000000000,0.000000000000
720229,False,False,excluded,excluded,non_list1,non_list1,direct_policy_scope_overlap,direct_policy_scope_overlap,29,26,24,22,8504130,8106764,0,0,0.000000000000,0.000000000000
720230,False,False,excluded,excluded,non_list1,non_list1,insufficient_positive_pre_months|direct_policy_scope_overlap,insufficient_positive_pre_months|direct_policy_scope_overlap,0,0,24,22,0,0,0,0,0.000000000000,0.000000000000
720241,False,False,excluded,excluded,non_list1,non_list1,insufficient_positive_pre_months|direct_policy_scope_overlap,insufficient_positive_pre_months|direct_policy_scope_overlap,0,0,24,22,0,0,0,0,0.000000000000,0.000000000000
720249,False,False,excluded,excluded,non_list1,non_list1,direct_policy_scope_overlap,direct_policy_scope_overlap,25,22,24,22,11045898,10127912,0,0,0.000000000000,0.000000000000
720250,False,False,excluded,excluded,non_list1,non_list1,insufficient_positive_pre_months|direct_policy_scope_overlap,insufficient_positive_pre_months|direct_policy_scope_overlap,0,0,24,22,0,0,0,0,0.000000000000,0.000000000000
720260,False,False,excluded,excluded,non_list1,non_list1,insufficient_positive_pre_months,insufficient_positive_pre_months,4,4,24,22,4320287,4320287,0,0,0.000000000000,0.000000000000
720270,False,False,excluded,excluded,non_list1,non_list1,insufficient_positive_pre_months,insufficient_positive_pre_months,15,13,24,22,8210061,7532981,0,0,0.000000000000,0.000000000000
720280,False,False,excluded,excluded,non_list1,non_list1,insufficient_positive_pre_months|direct_policy_scope_overlap,insufficient_positive_pre_months|direct_policy_scope_overlap,21,19,24,22,7047088,5819167,0,0,0.000000000000,0.000000000000
720291,False,False,excluded,excluded,non_list1,non_list1,insufficient_positive_pre_months|direct_policy_scope_overlap,insufficient_positive_pre_months|direct_policy_scope_overlap,2,2,24,22,33096,33096,0,0,0.000000000000,0.000000000000
720292,False,False,excluded,excluded,non_list1,non_list1,insufficient_positive_pre_months|direct_policy_scope_overlap,insufficient_positive_pre_months|direct_policy_scope_overlap,1,1,24,22,126516,126516,0,0,0.000000000000,0.000000000000
720293,False,False,excluded,excluded,non_list1,non_list1,insufficient_positive_pre_months,insufficient_positive_pre_months,1,1,24,22,10200,10200,0,0,0.000000000000,0.000000000000
720299,False,False,excluded,excluded,non_list1,non_list1,direct_policy_scope_overlap,direct_policy_scope_overlap,29,26,24,22,22541891,19723566,0,0,0.000000000000,0.000000000000
720310,False,False,excluded,excluded,non_list1,non_list1,insufficient_positive_pre_months|direct_policy_scope_overlap,insufficient_positive_pre_months|direct_policy_scope_overlap,0,0,24,22,0,0,0,0,0.000000000000,0.000000000000
720390,False,False,excluded,excluded,non_list1,non_list1,insufficient_positive_pre_months|direct_policy_scope_overlap,insufficient_positive_pre_months|direct_policy_scope_overlap,12,10,24,22,656595,483300,0,0,0.000000000000,0.000000000000
720410,False,False,excluded,excluded,non_list1,non_list1,direct_policy_scope_overlap,direct_policy_scope_overlap,27,24,24,22,648435,560995,0,0,0.000000000000,0.000000000000
720421,False,False,excluded,excluded,non_list1,non_list1,insufficient_positive_pre_months|direct_policy_scope_overlap,insufficient_positive_pre_months|direct_policy_scope_overlap,21,19,24,22,470150,450564,0,0,0.000000000000,0.000000000000
720429,False,False,excluded,excluded,non_list1,non_list1,direct_policy_scope_overlap,direct_policy_scope_overlap,28,25,24,22,968070,806639,0,0,0.000000000000,0.000000000000
720430,False,False,excluded,excluded,non_list1,non_list1,insufficient_positive_pre_months|direct_policy_scope_overlap,insufficient_positive_pre_months|direct_policy_scope_overlap,2,1,24,22,53152,50590,0,0,0.000000000000,0.000000000000
720441,False,False,excluded,excluded,non_list1,non_list1,insufficient_positive_pre_months|direct_policy_scope_overlap,insufficient_positive_pre_months|direct_policy_scope_overlap,3,2,24,22,24932,13484,0,0,0.000000000000,0.000000000000
720449,False,False,excluded,excluded,non_list1,non_list1,insufficient_positive_pre_months|direct_policy_scope_overlap,insufficient_positive_pre_months|direct_policy_scope_overlap,19,16,24,22,430178,365814,0,0,0.000000000000,0.000000000000
720450,False,False,excluded,excluded,non_list1,non_list1,insufficient_positive_pre_months|direct_policy_scope_overlap,insufficient_positive_pre_months|direct_policy_scope_overlap,9,7,24,22,816328,596917,0,0,0.000000000000,0.000000000000
720510,False,False,excluded,excluded,non_list1,non_list1,direct_policy_scope_overlap,direct_policy_scope_overlap,29,26,24,22,10825239,9498106,0,0,0.000000000000,0.000000000000
720521,False,False,excluded,excluded,non_list1,non_list1,direct_policy_scope_overlap,direct_policy_scope_overlap,29,26,24,22,3600524,3300659,0,0,0.000000000000,0.000000000000
720529,False,False,excluded,excluded,non_list1,non_list1,direct_policy_scope_overlap,direct_policy_scope_overlap,29,26,24,22,20688128,17688970,0,0,0.000000000000,0.000000000000
720610,False,False,excluded,excluded,non_list1,non_list1,insufficient_positive_pre_months|direct_policy_scope_overlap,insufficient_positive_pre_months|direct_policy_scope_overlap,20,19,24,22,831284,802771,0,0,0.000000000000,0.000000000000
720690,False,False,excluded,excluded,non_list1,non_list1,direct_policy_scope_overlap,direct_policy_scope_overlap,24,22,24,22,911903,904274,0,0,0.000000000000,0.000000000000
720711,False,False,excluded,excluded,non_list1,non_list1,insufficient_positive_pre_months|direct_policy_scope_overlap,insufficient_positive_pre_months|direct_policy_scope_overlap,19,17,24,22,2033575,1897650,0,0,0.000000000000,0.000000000000
720712,False,False,excluded,excluded,non_list1,non_list1,insufficient_positive_pre_months|direct_policy_scope_overlap,insufficient_positive_pre_months|direct_policy_scope_overlap,20,19,24,22,586118,582168,0,0,0.000000000000,0.000000000000
720719,False,False,excluded,excluded,non_list1,non_list1,direct_policy_scope_overlap,direct_policy_scope_overlap,27,25,24,22,1164918,1129636,0,0,0.000000000000,0.000000000000
720720,False,False,excluded,excluded,non_list1,non_list1,direct_policy_scope_overlap,direct_policy_scope_overlap,29,26,24,22,7440693,5575659,0,0,0.000000000000,0.000000000000
720810,False,False,excluded,excluded,non_list1,non_list1,insufficient_positive_pre_months|direct_policy_scope_overlap,insufficient_positive_pre_months|direct_policy_scope_overlap,1,1,24,22,15701,15701,0,0,0.000000000000,0.000000000000
720825,False,False,excluded,excluded,non_list1,non_list1,insufficient_positive_pre_months|direct_policy_scope_overlap,insufficient_positive_pre_months|direct_policy_scope_overlap,2,2,24,22,694509,694509,0,0,0.000000000000,0.000000000000
720826,False,False,excluded,excluded,non_list1,non_list1,insufficient_positive_pre_months|direct_policy_scope_overlap,insufficient_positive_pre_months|direct_policy_scope_overlap,2,2,24,22,22013,22013,0,0,0.000000000000,0.000000000000
720827,False,False,excluded,excluded,non_list1,non_list1,insufficient_positive_pre_months|direct_policy_scope_overlap,insufficient_positive_pre_months|direct_policy_scope_overlap,4,4,24,22,10560,10560,0,0,0.000000000000,0.000000000000
720836,False,False,excluded,excluded,non_list1,non_list1,insufficient_positive_pre_months|direct_policy_scope_overlap,insufficient_positive_pre_months|direct_policy_scope_overlap,4,4,24,22,96363,96363,0,0,0.000000000000,0.000000000000
720837,False,False,excluded,excluded,non_list1,non_list1,insufficient_positive_pre_months|direct_policy_scope_overlap,insufficient_positive_pre_months|direct_policy_scope_overlap,1,1,24,22,10957,10957,0,0,0.000000000000,0.000000000000
720838,False,False,excluded,excluded,non_list1,non_list1,insufficient_positive_pre_months|direct_policy_scope_overlap,insufficient_positive_pre_months|direct_policy_scope_overlap,1,1,24,22,4250,4250,0,0,0.000000000000,0.000000000000
720839,False,False,excluded,excluded,non_list1,non_list1,insufficient_positive_pre_months|direct_policy_scope_overlap,insufficient_positive_pre_months|direct_policy_scope_overlap,1,1,24,22,2389,2389,0,0,0.000000000000,0.000000000000
720840,False,False,excluded,excluded,non_list1,non_list1,insufficient_positive_pre_months|direct_policy_scope_overlap,insufficient_positive_pre_months|direct_policy_scope_overlap,0,0,24,22,0,0,0,0,0.000000000000,0.000000000000
720851,False,False,excluded,excluded,non_list1,non_list1,insufficient_positive_pre_months|direct_policy_scope_overlap,insufficient_positive_pre_months|direct_policy_scope_overlap,9,8,24,22,94124,89124,0,0,0.000000000000,0.000000000000
720852,False,False,excluded,excluded,non_list1,non_list1,insufficient_positive_pre_months|direct_policy_scope_overlap,insufficient_positive_pre_months|direct_policy_scope_overlap,3,3,24,22,16881,16881,0,0,0.000000000000,0.000000000000
720853,False,False,excluded,excluded,non_list1,non_list1,insufficient_positive_pre_months|direct_policy_scope_overlap,insufficient_positive_pre_months|direct_policy_scope_overlap,1,1,24,22,7152,7152,0,0,0.000000000000,0.000000000000
720854,False,False,excluded,excluded,non_list1,non_list1,insufficient_positive_pre_months|direct_policy_scope_overlap,insufficient_positive_pre_months|direct_policy_scope_overlap,0,0,24,22,0,0,0,0,0.000000000000,0.000000000000
720890,False,False,excluded,excluded,non_list1,non_list1,insufficient_positive_pre_months|direct_policy_scope_overlap,insufficient_positive_pre_months|direct_policy_scope_overlap,14,12,24,22,655242,642373,0,0,0.000000000000,0.000000000000
720915,False,False,excluded,excluded,non_list1,non_list1,insufficient_positive_pre_months|direct_policy_scope_overlap,insufficient_positive_pre_months|direct_policy_scope_overlap,3,1,24,22,237639,16085,0,0,0.000000000000,0.000000000000
720916,False,False,excluded,excluded,non_list1,non_list1,insufficient_positive_pre_months|direct_policy_scope_overlap,insufficient_positive_pre_months|direct_policy_scope_overlap,7,7,24,22,464223,464223,0,0,0.000000000000,0.000000000000
720917,False,False,excluded,excluded,non_list1,non_list1,insufficient_positive_pre_months|direct_policy_scope_overlap,insufficient_positive_pre_months|direct_policy_scope_overlap,5,5,24,22,80046,80046,0,0,0.000000000000,0.000000000000
720918,False,False,excluded,excluded,non_list1,non_list1,insufficient_positive_pre_months|direct_policy_scope_overlap,insufficient_positive_pre_months|direct_policy_scope_overlap,0,0,24,22,0,0,0,0,0.000000000000,0.000000000000
720925,False,False,excluded,excluded,non_list1,non_list1,insufficient_positive_pre_months|direct_policy_scope_overlap,insufficient_positive_pre_months|direct_policy_scope_overlap,8,8,24,22,153782,153782,0,0,0.000000000000,0.000000000000
720926,False,False,excluded,excluded,non_list1,non_list1,insufficient_positive_pre_months|direct_policy_scope_overlap,insufficient_positive_pre_months|direct_policy_scope_overlap,5,4,24,22,17365,12590,0,0,0.000000000000,0.000000000000
720927,False,False,excluded,excluded,non_list1,non_list1,insufficient_positive_pre_months|direct_policy_scope_overlap,insufficient_positive_pre_months|direct_policy_scope_overlap,2,2,24,22,22688,22688,0,0,0.000000000000,0.000000000000
720928,False,False,excluded,excluded,non_list1,non_list1,insufficient_positive_pre_months|direct_policy_scope_overlap,insufficient_positive_pre_months|direct_policy_scope_overlap,0,0,24,22,0,0,0,0,0.000000000000,0.000000000000
720990,False,False,excluded,excluded,non_list1,non_list1,insufficient_positive_pre_months|direct_policy_scope_overlap,insufficient_positive_pre_months|direct_policy_scope_overlap,6,6,24,22,157222,157222,0,0,0.000000000000,0.000000000000
721011,False,False,excluded,excluded,non_list1,non_list1,insufficient_positive_pre_months|direct_policy_scope_overlap,insufficient_positive_pre_months|direct_policy_scope_overlap,9,8,24,22,371061,368511,0,0,0.000000000000,0.000000000000
721012,False,False,excluded,excluded,non_list1,non_list1,direct_policy_scope_overlap,direct_policy_scope_overlap,29,26,24,22,107094658,96927543,0,0,0.000000000000,0.000000000000
721020,False,False,excluded,excluded,non_list1,non_list1,insufficient_positive_pre_months|direct_policy_scope_overlap,insufficient_positive_pre_months|direct_policy_scope_overlap,5,3,24,22,1223380,657205,0,0,0.000000000000,0.000000000000
721030,False,False,excluded,excluded,non_list1,non_list1,insufficient_positive_pre_months|direct_policy_scope_overlap,insufficient_positive_pre_months|direct_policy_scope_overlap,19,18,24,22,1608868,1605473,0,0,0.000000000000,0.000000000000
721041,False,False,excluded,excluded,non_list1,non_list1,insufficient_positive_pre_months|direct_policy_scope_overlap,insufficient_positive_pre_months|direct_policy_scope_overlap,9,9,24,22,235456,235456,0,0,0.000000000000,0.000000000000
721049,False,False,excluded,excluded,non_list1,non_list1,insufficient_positive_pre_months|direct_policy_scope_overlap,insufficient_positive_pre_months|direct_policy_scope_overlap,21,19,24,22,5938383,5792242,0,0,0.000000000000,0.000000000000
721050,False,False,excluded,excluded,non_list1,non_list1,direct_policy_scope_overlap,direct_policy_scope_overlap,29,26,24,22,115460226,103754264,0,0,0.000000000000,0.000000000000
721061,False,False,excluded,excluded,non_list1,non_list1,insufficient_positive_pre_months|direct_policy_scope_overlap,insufficient_positive_pre_months|direct_policy_scope_overlap,6,5,24,22,99054,92829,0,0,0.000000000000,0.000000000000
721069,False,False,excluded,excluded,non_list1,non_list1,insufficient_positive_pre_months|direct_policy_scope_overlap,insufficient_positive_pre_months|direct_policy_scope_overlap,2,2,24,22,81708,81708,0,0,0.000000000000,0.000000000000
721070,False,False,excluded,excluded,non_list1,non_list1,direct_policy_scope_overlap,direct_policy_scope_overlap,27,24,24,22,21890800,20055766,0,0,0.000000000000,0.000000000000
721090,False,False,excluded,excluded,non_list1,non_list1,insufficient_positive_pre_months|direct_policy_scope_overlap,insufficient_positive_pre_months|direct_policy_scope_overlap,13,12,24,22,1122165,996623,0,0,0.000000000000,0.000000000000
721113,False,False,excluded,excluded,non_list1,non_list1,insufficient_positive_pre_months|direct_policy_scope_overlap,insufficient_positive_pre_months|direct_policy_scope_overlap,1,1,24,22,2025,2025,0,0,0.000000000000,0.000000000000
721114,False,False,excluded,excluded,non_list1,non_list1,insufficient_positive_pre_months|direct_policy_scope_overlap,insufficient_positive_pre_months|direct_policy_scope_overlap,10,8,24,22,299403,229848,0,0,0.000000000000,0.000000000000
721119,False,False,excluded,excluded,non_list1,non_list1,insufficient_positive_pre_months|direct_policy_scope_overlap,insufficient_positive_pre_months|direct_policy_scope_overlap,11,9,24,22,147634,142064,0,0,0.000000000000,0.000000000000
721123,False,False,excluded,excluded,non_list1,non_list1,insufficient_positive_pre_months|direct_policy_scope_overlap,insufficient_positive_pre_months|direct_policy_scope_overlap,12,10,24,22,230818,209203,0,0,0.000000000000,0.000000000000
721129,False,False,excluded,excluded,non_list1,non_list1,insufficient_positive_pre_months|direct_policy_scope_overlap,insufficient_positive_pre_months|direct_policy_scope_overlap,4,3,24,22,37330,29160,0,0,0.000000000000,0.000000000000
721190,False,False,excluded,excluded,non_list1,non_list1,insufficient_positive_pre_months|direct_policy_scope_overlap,insufficient_positive_pre_months|direct_policy_scope_overlap,5,4,24,22,64088,48533,0,0,0.000000000000,0.000000000000
721210,False,False,excluded,excluded,non_list1,non_list1,direct_policy_scope_overlap,direct_policy_scope_overlap,24,23,24,22,3285573,3103097,0,0,0.000000000000,0.000000000000
721220,False,False,excluded,excluded,non_list1,non_list1,insufficient_positive_pre_months|direct_policy_scope_overlap,insufficient_positive_pre_months|direct_policy_scope_overlap,12,11,24,22,3140260,3135391,0,0,0.000000000000,0.000000000000
721230,False,False,excluded,excluded,non_list1,non_list1,insufficient_positive_pre_months|direct_policy_scope_overlap,insufficient_positive_pre_months|direct_policy_scope_overlap,16,14,24,22,696762,465785,0,0,0.000000000000,0.000000000000
721240,False,False,excluded,excluded,non_list1,non_list1,insufficient_positive_pre_months|direct_policy_scope_overlap,insufficient_positive_pre_months|direct_policy_scope_overlap,20,17,24,22,1068578,1040634,0,0,0.000000000000,0.000000000000
721250,False,False,excluded,excluded,non_list1,non_list1,direct_policy_scope_overlap,direct_policy_scope_overlap,29,26,24,22,499277,444572,0,0,0.000000000000,0.000000000000
721260,False,False,excluded,excluded,non_list1,non_list1,insufficient_positive_pre_months|direct_policy_scope_overlap,insufficient_positive_pre_months|direct_policy_scope_overlap,12,10,24,22,521945,315096,0,0,0.000000000000,0.000000000000
721310,False,False,excluded,excluded,non_list1,non_list1,insufficient_positive_pre_months|direct_policy_scope_overlap,insufficient_positive_pre_months|direct_policy_scope_overlap,12,12,24,22,439322,439322,0,0,0.000000000000,0.000000000000
721320,False,False,excluded,excluded,non_list1,non_list1,insufficient_positive_pre_months|direct_policy_scope_overlap,insufficient_positive_pre_months|direct_policy_scope_overlap,0,0,24,22,0,0,0,0,0.000000000000,0.000000000000
721391,False,False,excluded,excluded,non_list1,non_list1,insufficient_positive_pre_months|direct_policy_scope_overlap,insufficient_positive_pre_months|direct_policy_scope_overlap,6,4,24,22,492037,28255,0,0,0.000000000000,0.000000000000
721399,False,False,excluded,excluded,non_list1,non_list1,insufficient_positive_pre_months|direct_policy_scope_overlap,insufficient_positive_pre_months|direct_policy_scope_overlap,3,2,24,22,33855,19400,0,0,0.000000000000,0.000000000000
721410,False,False,excluded,excluded,non_list1,non_list1,insufficient_positive_pre_months|direct_policy_scope_overlap,insufficient_positive_pre_months|direct_policy_scope_overlap,23,20,24,22,10351991,9433895,0,0,0.000000000000,0.000000000000
721420,False,False,excluded,excluded,non_list1,non_list1,insufficient_positive_pre_months|direct_policy_scope_overlap,insufficient_positive_pre_months|direct_policy_scope_overlap,9,9,24,22,1139675,1139675,0,0,0.000000000000,0.000000000000
721430,False,False,excluded,excluded,non_list1,non_list1,insufficient_positive_pre_months|direct_policy_scope_overlap,insufficient_positive_pre_months|direct_policy_scope_overlap,14,13,24,22,259020,255789,0,0,0.000000000000,0.000000000000
721491,False,False,excluded,excluded,non_list1,non_list1,insufficient_positive_pre_months|direct_policy_scope_overlap,insufficient_positive_pre_months|direct_policy_scope_overlap,11,11,24,22,328018,328018,0,0,0.000000000000,0.000000000000
721499,False,False,excluded,excluded,non_list1,non_list1,direct_policy_scope_overlap,direct_policy_scope_overlap,26,24,24,22,5738183,5685632,0,0,0.000000000000,0.000000000000
721510,False,False,excluded,excluded,non_list1,non_list1,insufficient_positive_pre_months|direct_policy_scope_overlap,insufficient_positive_pre_months|direct_policy_scope_overlap,8,8,24,22,72122,72122,0,0,0.000000000000,0.000000000000
721550,False,False,excluded,excluded,non_list1,non_list1,direct_policy_scope_overlap,direct_policy_scope_overlap,29,26,24,22,2643394,2452403,0,0,0.000000000000,0.000000000000
721590,False,False,excluded,excluded,non_list1,non_list1,direct_policy_scope_overlap,direct_policy_scope_overlap,29,26,24,22,17257442,15614996,0,0,0.000000000000,0.000000000000
721610,False,False,excluded,excluded,non_list1,non_list1,direct_policy_scope_overlap,direct_policy_scope_overlap,28,26,24,22,1438480,1352568,0,0,0.000000000000,0.000000000000
721621,False,False,excluded,excluded,non_list1,non_list1,insufficient_positive_pre_months|direct_policy_scope_overlap,insufficient_positive_pre_months|direct_policy_scope_overlap,16,16,24,22,3312376,3312376,0,0,0.000000000000,0.000000000000
721622,False,False,excluded,excluded,non_list1,non_list1,insufficient_positive_pre_months|direct_policy_scope_overlap,insufficient_positive_pre_months|direct_policy_scope_overlap,0,0,24,22,0,0,0,0,0.000000000000,0.000000000000
721631,False,False,excluded,excluded,non_list1,non_list1,insufficient_positive_pre_months|direct_policy_scope_overlap,insufficient_positive_pre_months|direct_policy_scope_overlap,13,11,24,22,405446,397905,0,0,0.000000000000,0.000000000000
721632,False,False,excluded,excluded,non_list1,non_list1,insufficient_positive_pre_months|direct_policy_scope_overlap,insufficient_positive_pre_months|direct_policy_scope_overlap,17,16,24,22,2411506,2366599,0,0,0.000000000000,0.000000000000
721633,False,False,excluded,excluded,non_list1,non_list1,insufficient_positive_pre_months|direct_policy_scope_overlap,insufficient_positive_pre_months|direct_policy_scope_overlap,23,21,24,22,2941148,2738161,0,0,0.000000000000,0.000000000000
721640,False,False,excluded,excluded,non_list1,non_list1,insufficient_positive_pre_months|direct_policy_scope_overlap,insufficient_positive_pre_months|direct_policy_scope_overlap,23,21,24,22,2372516,2219957,0,0,0.000000000000,0.000000000000
721650,False,False,excluded,excluded,non_list1,non_list1,insufficient_positive_pre_months|direct_policy_scope_overlap,insufficient_positive_pre_months|direct_policy_scope_overlap,22,21,24,22,3264428,3135603,0,0,0.000000000000,0.000000000000
721661,False,False,excluded,excluded,non_list1,non_list1,direct_policy_scope_overlap,direct_policy_scope_overlap,29,26,24,22,952263,664554,0,0,0.000000000000,0.000000000000
721669,False,False,excluded,excluded,non_list1,non_list1,insufficient_positive_pre_months|direct_policy_scope_overlap,insufficient_positive_pre_months|direct_policy_scope_overlap,20,20,24,22,677875,677875,0,0,0.000000000000,0.000000000000
721691,False,False,excluded,excluded,non_list1,non_list1,direct_policy_scope_overlap,direct_policy_scope_overlap,29,26,24,22,17319998,16155310,0,0,0.000000000000,0.000000000000
721699,False,False,excluded,excluded,non_list1,non_list1,direct_policy_scope_overlap,direct_policy_scope_overlap,28,26,24,22,10454210,10415157,0,0,0.000000000000,0.000000000000
721710,False,False,excluded,excluded,non_list1,non_list1,direct_policy_scope_overlap,direct_policy_scope_overlap,29,26,24,22,112579681,104486849,0,0,0.000000000000,0.000000000000
721720,False,False,excluded,excluded,non_list1,non_list1,direct_policy_scope_overlap,direct_policy_scope_overlap,29,26,24,22,106122642,92607347,0,0,0.000000000000,0.000000000000
721730,False,False,excluded,excluded,non_list1,non_list1,direct_policy_scope_overlap,direct_policy_scope_overlap,29,26,24,22,24846129,21470612,0,0,0.000000000000,0.000000000000
721790,False,False,excluded,excluded,non_list1,non_list1,direct_policy_scope_overlap,direct_policy_scope_overlap,29,26,24,22,13889762,12284371,0,0,0.000000000000,0.000000000000
721810,False,False,excluded,excluded,non_list1,non_list1,insufficient_positive_pre_months|direct_policy_scope_overlap,insufficient_positive_pre_months|direct_policy_scope_overlap,3,3,24,22,20575,20575,0,0,0.000000000000,0.000000000000
721891,False,False,excluded,excluded,non_list1,non_list1,direct_policy_scope_overlap,direct_policy_scope_overlap,27,24,24,22,4465442,4382672,0,0,0.000000000000,0.000000000000
721899,False,False,excluded,excluded,non_list1,non_list1,direct_policy_scope_overlap,direct_policy_scope_overlap,29,26,24,22,4867981,4459311,0,0,0.000000000000,0.000000000000
721911,False,False,excluded,excluded,non_list1,non_list1,insufficient_positive_pre_months|direct_policy_scope_overlap,insufficient_positive_pre_months|direct_policy_scope_overlap,10,8,24,22,741068,660924,0,0,0.000000000000,0.000000000000
721912,False,False,excluded,excluded,non_list1,non_list1,direct_policy_scope_overlap,insufficient_positive_pre_months|direct_policy_scope_overlap,24,21,24,22,6253976,5185595,0,0,0.000000000000,0.000000000000
721913,False,False,excluded,excluded,non_list1,non_list1,insufficient_positive_pre_months|direct_policy_scope_overlap,insufficient_positive_pre_months|direct_policy_scope_overlap,2,2,24,22,62007,62007,0,0,0.000000000000,0.000000000000
721914,False,False,excluded,excluded,non_list1,non_list1,insufficient_positive_pre_months|direct_policy_scope_overlap,insufficient_positive_pre_months|direct_policy_scope_overlap,11,10,24,22,167173,151520,0,0,0.000000000000,0.000000000000
721921,False,False,excluded,excluded,non_list1,non_list1,insufficient_positive_pre_months|direct_policy_scope_overlap,insufficient_positive_pre_months|direct_policy_scope_overlap,21,19,24,22,1788113,1346924,0,0,0.000000000000,0.000000000000
721922,False,False,excluded,excluded,non_list1,non_list1,insufficient_positive_pre_months|direct_policy_scope_overlap,insufficient_positive_pre_months|direct_policy_scope_overlap,21,19,24,22,1373000,1351775,0,0,0.000000000000,0.000000000000
721923,False,False,excluded,excluded,non_list1,non_list1,insufficient_positive_pre_months|direct_policy_scope_overlap,insufficient_positive_pre_months|direct_policy_scope_overlap,7,7,24,22,575553,575553,0,0,0.000000000000,0.000000000000
721924,False,False,excluded,excluded,non_list1,non_list1,insufficient_positive_pre_months|direct_policy_scope_overlap,insufficient_positive_pre_months|direct_policy_scope_overlap,11,11,24,22,110791,110791,0,0,0.000000000000,0.000000000000
721931,False,False,excluded,excluded,non_list1,non_list1,insufficient_positive_pre_months|direct_policy_scope_overlap,insufficient_positive_pre_months|direct_policy_scope_overlap,19,16,24,22,1921247,1738788,0,0,0.000000000000,0.000000000000
721932,False,False,excluded,excluded,non_list1,non_list1,insufficient_positive_pre_months|direct_policy_scope_overlap,insufficient_positive_pre_months|direct_policy_scope_overlap,15,13,24,22,2559730,2534096,0,0,0.000000000000,0.000000000000
721933,False,False,excluded,excluded,non_list1,non_list1,direct_policy_scope_overlap,direct_policy_scope_overlap,26,24,24,22,12944493,12683377,0,0,0.000000000000,0.000000000000
721934,False,False,excluded,excluded,non_list1,non_list1,direct_policy_scope_overlap,direct_policy_scope_overlap,29,26,24,22,22972636,22891398,0,0,0.000000000000,0.000000000000
721935,False,False,excluded,excluded,non_list1,non_list1,direct_policy_scope_overlap,direct_policy_scope_overlap,29,26,24,22,31110138,30190942,0,0,0.000000000000,0.000000000000
721990,False,False,excluded,excluded,non_list1,non_list1,insufficient_positive_pre_months|direct_policy_scope_overlap,insufficient_positive_pre_months|direct_policy_scope_overlap,22,21,24,22,3567371,3560585,0,0,0.000000000000,0.000000000000
722011,False,False,excluded,excluded,non_list1,non_list1,insufficient_positive_pre_months|direct_policy_scope_overlap,insufficient_positive_pre_months|direct_policy_scope_overlap,10,9,24,22,69360,64238,0,0,0.000000000000,0.000000000000
722012,False,False,excluded,excluded,non_list1,non_list1,insufficient_positive_pre_months|direct_policy_scope_overlap,insufficient_positive_pre_months|direct_policy_scope_overlap,20,19,24,22,1572300,1568555,0,0,0.000000000000,0.000000000000
722020,False,False,excluded,excluded,non_list1,non_list1,direct_policy_scope_overlap,direct_policy_scope_overlap,29,26,24,22,11812168,10698708,0,0,0.000000000000,0.000000000000
722090,False,False,excluded,excluded,non_list1,non_list1,direct_policy_scope_overlap,direct_policy_scope_overlap,28,25,24,22,2043016,1937118,0,0,0.000000000000,0.000000000000
722100,False,False,excluded,excluded,non_list1,non_list1,direct_policy_scope_overlap,direct_policy_scope_overlap,29,26,24,22,36640200,29463226,0,0,0.000000000000,0.000000000000
722211,False,False,excluded,excluded,non_list1,non_list1,insufficient_positive_pre_months|direct_policy_scope_overlap,insufficient_positive_pre_months|direct_policy_scope_overlap,21,18,24,22,1059355,999015,0,0,0.000000000000,0.000000000000
722219,False,False,excluded,excluded,non_list1,non_list1,insufficient_positive_pre_months|direct_policy_scope_overlap,insufficient_positive_pre_months|direct_policy_scope_overlap,21,19,24,22,970512,935589,0,0,0.000000000000,0.000000000000
722220,False,False,excluded,excluded,non_list1,non_list1,direct_policy_scope_overlap,direct_policy_scope_overlap,29,26,24,22,9743466,8811132,0,0,0.000000000000,0.000000000000
722230,False,False,excluded,excluded,non_list1,non_list1,direct_policy_scope_overlap,direct_policy_scope_overlap,29,26,24,22,6441454,5868838,0,0,0.000000000000,0.000000000000
722240,False,False,excluded,excluded,non_list1,non_list1,direct_policy_scope_overlap,direct_policy_scope_overlap,29,26,24,22,4377528,4089288,0,0,0.000000000000,0.000000000000
722300,False,False,excluded,excluded,non_list1,non_list1,direct_policy_scope_overlap,direct_policy_scope_overlap,29,26,24,22,69642983,61976398,0,0,0.000000000000,0.000000000000
722410,False,False,excluded,excluded,non_list1,non_list1,direct_policy_scope_overlap,direct_policy_scope_overlap,25,23,24,22,2482738,2423047,0,0,0.000000000000,0.000000000000
722490,False,False,excluded,excluded,non_list1,non_list1,direct_policy_scope_overlap,direct_policy_scope_overlap,27,25,24,22,5250463,5048210,0,0,0.000000000000,0.000000000000
722511,False,False,excluded,excluded,non_list1,non_list1,direct_policy_scope_overlap,direct_policy_scope_overlap,25,22,24,22,24142334,21161636,0,0,0.000000000000,0.000000000000
722519,False,False,excluded,excluded,non_list1,non_list1,insufficient_positive_pre_months|direct_policy_scope_overlap,insufficient_positive_pre_months|direct_policy_scope_overlap,4,4,24,22,58770,58770,0,0,0.000000000000,0.000000000000
722530,False,False,excluded,excluded,non_list1,non_list1,direct_policy_scope_overlap,direct_policy_scope_overlap,28,25,24,22,37035570,29527764,0,0,0.000000000000,0.000000000000
722540,False,False,excluded,excluded,non_list1,non_list1,direct_policy_scope_overlap,direct_policy_scope_overlap,25,22,24,22,24172049,24006154,0,0,0.000000000000,0.000000000000
722550,False,False,excluded,excluded,non_list1,non_list1,insufficient_positive_pre_months|direct_policy_scope_overlap,insufficient_positive_pre_months|direct_policy_scope_overlap,9,8,24,22,164860,162598,0,0,0.000000000000,0.000000000000
722591,False,False,excluded,excluded,non_list1,non_list1,insufficient_positive_pre_months|direct_policy_scope_overlap,insufficient_positive_pre_months|direct_policy_scope_overlap,1,1,24,22,5100,5100,0,0,0.000000000000,0.000000000000
722592,False,False,excluded,excluded,non_list1,non_list1,insufficient_positive_pre_months|direct_policy_scope_overlap,insufficient_positive_pre_months|direct_policy_scope_overlap,12,11,24,22,1089691,1083992,0,0,0.000000000000,0.000000000000
722599,False,False,excluded,excluded,non_list1,non_list1,insufficient_positive_pre_months|direct_policy_scope_overlap,insufficient_positive_pre_months|direct_policy_scope_overlap,7,7,24,22,609669,609669,0,0,0.000000000000,0.000000000000
722611,False,False,excluded,excluded,non_list1,non_list1,direct_policy_scope_overlap,direct_policy_scope_overlap,28,26,24,22,4361627,3813918,0,0,0.000000000000,0.000000000000
722619,False,False,excluded,excluded,non_list1,non_list1,insufficient_positive_pre_months|direct_policy_scope_overlap,insufficient_positive_pre_months|direct_policy_scope_overlap,5,4,24,22,39897,37181,0,0,0.000000000000,0.000000000000
722620,False,False,excluded,excluded,non_list1,non_list1,insufficient_positive_pre_months|direct_policy_scope_overlap,insufficient_positive_pre_months|direct_policy_scope_overlap,16,16,24,22,14239295,14239295,0,0,0.000000000000,0.000000000000
722691,False,False,excluded,excluded,non_list1,non_list1,insufficient_positive_pre_months|direct_policy_scope_overlap,direct_policy_scope_overlap,22,22,24,22,1107791,1107791,0,0,0.000000000000,0.000000000000
722692,False,False,excluded,excluded,non_list1,non_list1,insufficient_positive_pre_months|direct_policy_scope_overlap,insufficient_positive_pre_months|direct_policy_scope_overlap,21,20,24,22,2053295,2048875,0,0,0.000000000000,0.000000000000
722699,False,False,excluded,excluded,non_list1,non_list1,insufficient_positive_pre_months|direct_policy_scope_overlap,insufficient_positive_pre_months|direct_policy_scope_overlap,12,11,24,22,299889,295859,0,0,0.000000000000,0.000000000000
722710,False,False,excluded,excluded,non_list1,non_list1,insufficient_positive_pre_months|direct_policy_scope_overlap,insufficient_positive_pre_months|direct_policy_scope_overlap,0,0,24,22,0,0,0,0,0.000000000000,0.000000000000
722720,False,False,excluded,excluded,non_list1,non_list1,insufficient_positive_pre_months|direct_policy_scope_overlap,insufficient_positive_pre_months|direct_policy_scope_overlap,0,0,24,22,0,0,0,0,0.000000000000,0.000000000000
722790,False,False,excluded,excluded,non_list1,non_list1,insufficient_positive_pre_months|direct_policy_scope_overlap,insufficient_positive_pre_months|direct_policy_scope_overlap,11,11,24,22,410481,410481,0,0,0.000000000000,0.000000000000
722810,False,False,excluded,excluded,non_list1,non_list1,direct_policy_scope_overlap,direct_policy_scope_overlap,29,26,24,22,71758099,62919614,0,0,0.000000000000,0.000000000000
722820,False,False,excluded,excluded,non_list1,non_list1,insufficient_positive_pre_months|direct_policy_scope_overlap,direct_policy_scope_overlap,23,22,24,22,222583,213533,0,0,0.000000000000,0.000000000000
722830,False,False,excluded,excluded,non_list1,non_list1,direct_policy_scope_overlap,direct_policy_scope_overlap,29,26,24,22,137301736,111635188,0,0,0.000000000000,0.000000000000
722840,False,False,excluded,excluded,non_list1,non_list1,direct_policy_scope_overlap,direct_policy_scope_overlap,29,26,24,22,32907936,29450412,0,0,0.000000000000,0.000000000000
722850,False,False,excluded,excluded,non_list1,non_list1,direct_policy_scope_overlap,direct_policy_scope_overlap,29,26,24,22,29406872,26521540,0,0,0.000000000000,0.000000000000
722860,False,False,excluded,excluded,non_list1,non_list1,direct_policy_scope_overlap,direct_policy_scope_overlap,29,26,24,22,5172730,4824112,0,0,0.000000000000,0.000000000000
722870,False,False,excluded,excluded,non_list1,non_list1,direct_policy_scope_overlap,direct_policy_scope_overlap,25,24,24,22,3032650,3022598,0,0,0.000000000000,0.000000000000
722880,False,False,excluded,excluded,non_list1,non_list1,insufficient_positive_pre_months|direct_policy_scope_overlap,insufficient_positive_pre_months|direct_policy_scope_overlap,23,20,24,22,3131931,2041678,0,0,0.000000000000,0.000000000000
722920,False,False,excluded,excluded,non_list1,non_list1,direct_policy_scope_overlap,direct_policy_scope_overlap,29,26,24,22,73458157,65044004,0,0,0.000000000000,0.000000000000
722990,False,False,excluded,excluded,non_list1,non_list1,direct_policy_scope_overlap,direct_policy_scope_overlap,29,26,24,22,31880380,29965646,0,0,0.000000000000,0.000000000000
730110,False,False,excluded,excluded,non_list1,non_list1,direct_policy_scope_overlap,direct_policy_scope_overlap,24,22,24,22,42254510,34452174,0,0,0.000000000000,0.000000000000
730120,False,False,excluded,excluded,non_list1,non_list1,direct_policy_scope_overlap,direct_policy_scope_overlap,29,26,24,22,24766785,22587541,0,0,0.000000000000,0.000000000000
730210,False,False,excluded,excluded,non_list1,non_list1,direct_policy_scope_overlap,direct_policy_scope_overlap,28,25,24,22,40763335,37708641,0,0,0.000000000000,0.000000000000
730230,False,False,excluded,excluded,non_list1,non_list1,direct_policy_scope_overlap,direct_policy_scope_overlap,29,26,24,22,28618060,25824395,0,0,0.000000000000,0.000000000000
730240,False,False,excluded,excluded,non_list1,non_list1,direct_policy_scope_overlap,direct_policy_scope_overlap,29,26,24,22,15573358,13479314,0,0,0.000000000000,0.000000000000
730290,False,False,excluded,excluded,non_list1,non_list1,direct_policy_scope_overlap,direct_policy_scope_overlap,29,26,24,22,26283564,23757120,0,0,0.000000000000,0.000000000000
730300,False,False,excluded,excluded,non_list1,non_list1,direct_policy_scope_overlap,direct_policy_scope_overlap,29,26,24,22,50752815,45009184,0,0,0.000000000000,0.000000000000
730411,False,False,excluded,excluded,non_list1,non_list1,direct_policy_scope_overlap,direct_policy_scope_overlap,29,26,24,22,33394994,29143321,0,0,0.000000000000,0.000000000000
730419,False,False,excluded,excluded,non_list1,non_list1,direct_policy_scope_overlap,direct_policy_scope_overlap,29,26,24,22,44071917,37782822,0,0,0.000000000000,0.000000000000
730422,False,False,excluded,excluded,non_list1,non_list1,insufficient_positive_pre_months|direct_policy_scope_overlap,insufficient_positive_pre_months|direct_policy_scope_overlap,7,6,24,22,1431559,1200731,0,0,0.000000000000,0.000000000000
730423,False,False,excluded,excluded,non_list1,non_list1,direct_policy_scope_overlap,direct_policy_scope_overlap,26,24,24,22,18598490,16468287,0,0,0.000000000000,0.000000000000
730424,False,False,excluded,excluded,non_list1,non_list1,direct_policy_scope_overlap,direct_policy_scope_overlap,29,26,24,22,5077121,4485480,0,0,0.000000000000,0.000000000000
730429,False,False,excluded,excluded,non_list1,non_list1,direct_policy_scope_overlap,insufficient_positive_pre_months|direct_policy_scope_overlap,24,21,24,22,21439520,20749165,0,0,0.000000000000,0.000000000000
730431,False,False,excluded,excluded,non_list1,non_list1,direct_policy_scope_overlap,direct_policy_scope_overlap,29,26,24,22,47017795,45398160,0,0,0.000000000000,0.000000000000
730439,False,False,excluded,excluded,non_list1,non_list1,direct_policy_scope_overlap,direct_policy_scope_overlap,29,26,24,22,39325757,31822949,0,0,0.000000000000,0.000000000000
730441,False,False,excluded,excluded,non_list1,non_list1,direct_policy_scope_overlap,direct_policy_scope_overlap,29,26,24,22,181840278,165410710,0,0,0.000000000000,0.000000000000
730449,False,False,excluded,excluded,non_list1,non_list1,direct_policy_scope_overlap,direct_policy_scope_overlap,29,26,24,22,18993408,17848392,0,0,0.000000000000,0.000000000000
730451,False,False,excluded,excluded,non_list1,non_list1,direct_policy_scope_overlap,direct_policy_scope_overlap,29,26,24,22,18238246,17031566,0,0,0.000000000000,0.000000000000
730459,False,False,excluded,excluded,non_list1,non_list1,direct_policy_scope_overlap,direct_policy_scope_overlap,29,26,24,22,96721061,84777666,0,0,0.000000000000,0.000000000000
730490,False,False,excluded,excluded,non_list1,non_list1,direct_policy_scope_overlap,direct_policy_scope_overlap,29,26,24,22,21011284,16609164,0,0,0.000000000000,0.000000000000
730511,False,False,excluded,excluded,non_list1,non_list1,insufficient_positive_pre_months|direct_policy_scope_overlap,insufficient_positive_pre_months|direct_policy_scope_overlap,18,18,24,22,11403833,11403833,0,0,0.000000000000,0.000000000000
730512,False,False,excluded,excluded,non_list1,non_list1,insufficient_positive_pre_months|direct_policy_scope_overlap,insufficient_positive_pre_months|direct_policy_scope_overlap,17,16,24,22,3348747,3164203,0,0,0.000000000000,0.000000000000
730519,False,False,excluded,excluded,non_list1,non_list1,direct_policy_scope_overlap,direct_policy_scope_overlap,27,24,24,22,6622541,6303198,0,0,0.000000000000,0.000000000000
730520,False,False,excluded,excluded,non_list1,non_list1,insufficient_positive_pre_months|direct_policy_scope_overlap,insufficient_positive_pre_months|direct_policy_scope_overlap,6,6,24,22,183239,183239,0,0,0.000000000000,0.000000000000
730531,False,False,excluded,excluded,non_list1,non_list1,direct_policy_scope_overlap,direct_policy_scope_overlap,27,25,24,22,24537620,18930021,0,0,0.000000000000,0.000000000000
730539,False,False,excluded,excluded,non_list1,non_list1,direct_policy_scope_overlap,direct_policy_scope_overlap,27,24,24,22,6535506,5677178,0,0,0.000000000000,0.000000000000
730590,False,False,excluded,excluded,non_list1,non_list1,insufficient_positive_pre_months|direct_policy_scope_overlap,insufficient_positive_pre_months|direct_policy_scope_overlap,7,6,24,22,150804,137307,0,0,0.000000000000,0.000000000000
730611,False,False,excluded,excluded,non_list1,non_list1,direct_policy_scope_overlap,direct_policy_scope_overlap,26,23,24,22,3560448,2306778,0,0,0.000000000000,0.000000000000
730619,False,False,excluded,excluded,non_list1,non_list1,insufficient_positive_pre_months|direct_policy_scope_overlap,insufficient_positive_pre_months|direct_policy_scope_overlap,22,19,24,22,5593035,3574129,0,0,0.000000000000,0.000000000000
730621,False,False,excluded,excluded,non_list1,non_list1,insufficient_positive_pre_months|direct_policy_scope_overlap,insufficient_positive_pre_months|direct_policy_scope_overlap,22,19,24,22,248633,151242,0,0,0.000000000000,0.000000000000
730629,False,False,excluded,excluded,non_list1,non_list1,insufficient_positive_pre_months|direct_policy_scope_overlap,insufficient_positive_pre_months|direct_policy_scope_overlap,6,6,24,22,410200,410200,0,0,0.000000000000,0.000000000000
730630,False,False,excluded,excluded,non_list1,non_list1,direct_policy_scope_overlap,direct_policy_scope_overlap,29,26,24,22,189627799,181869934,0,0,0.000000000000,0.000000000000
730640,False,False,excluded,excluded,non_list1,non_list1,direct_policy_scope_overlap,direct_policy_scope_overlap,29,26,24,22,45265779,38961606,0,0,0.000000000000,0.000000000000
730650,False,False,excluded,excluded,non_list1,non_list1,direct_policy_scope_overlap,direct_policy_scope_overlap,29,26,24,22,3395843,3184450,0,0,0.000000000000,0.000000000000
730661,False,False,excluded,excluded,non_list1,non_list1,direct_policy_scope_overlap,direct_policy_scope_overlap,29,26,24,22,13416963,12460597,0,0,0.000000000000,0.000000000000
730669,False,False,excluded,excluded,non_list1,non_list1,insufficient_positive_pre_months|direct_policy_scope_overlap,insufficient_positive_pre_months|direct_policy_scope_overlap,22,19,24,22,1866649,1276539,0,0,0.000000000000,0.000000000000
730690,False,False,excluded,excluded,non_list1,non_list1,direct_policy_scope_overlap,direct_policy_scope_overlap,29,26,24,22,12403018,12019054,0,0,0.000000000000,0.000000000000
730711,False,False,excluded,excluded,non_list1,non_list1,direct_policy_scope_overlap,direct_policy_scope_overlap,29,26,24,22,34662015,31569399,0,0,0.000000000000,0.000000000000
730719,False,False,excluded,excluded,non_list1,non_list1,direct_policy_scope_overlap,direct_policy_scope_overlap,29,26,24,22,584463197,516020072,0,0,0.000000000000,0.000000000000
730721,False,False,excluded,excluded,non_list1,non_list1,direct_policy_scope_overlap,direct_policy_scope_overlap,29,26,24,22,45658108,41437707,0,0,0.000000000000,0.000000000000
730722,False,False,excluded,excluded,non_list1,non_list1,direct_policy_scope_overlap,direct_policy_scope_overlap,29,26,24,22,65371405,58526512,0,0,0.000000000000,0.000000000000
730723,False,False,excluded,excluded,non_list1,non_list1,direct_policy_scope_overlap,direct_policy_scope_overlap,29,26,24,22,53857797,48126089,0,0,0.000000000000,0.000000000000
730729,False,False,excluded,excluded,non_list1,non_list1,direct_policy_scope_overlap,direct_policy_scope_overlap,29,26,24,22,146661649,131145591,0,0,0.000000000000,0.000000000000
730791,False,False,excluded,excluded,non_list1,non_list1,direct_policy_scope_overlap,direct_policy_scope_overlap,29,26,24,22,128251032,110694154,0,0,0.000000000000,0.000000000000
730792,False,False,excluded,excluded,non_list1,non_list1,direct_policy_scope_overlap,direct_policy_scope_overlap,29,26,24,22,349189884,307861878,0,0,0.000000000000,0.000000000000
730793,False,False,excluded,excluded,non_list1,non_list1,direct_policy_scope_overlap,direct_policy_scope_overlap,29,26,24,22,11795165,9504816,0,0,0.000000000000,0.000000000000
730799,False,False,excluded,excluded,non_list1,non_list1,direct_policy_scope_overlap,direct_policy_scope_overlap,29,26,24,22,346056358,302674631,0,0,0.000000000000,0.000000000000
730810,False,False,excluded,excluded,non_list1,non_list1,direct_policy_scope_overlap,direct_policy_scope_overlap,27,24,24,22,29237936,26039641,0,0,0.000000000000,0.000000000000
730820,False,False,excluded,excluded,non_list1,non_list1,direct_policy_scope_overlap,direct_policy_scope_overlap,29,26,24,22,8360686,5808419,0,0,0.000000000000,0.000000000000
730830,False,False,excluded,excluded,non_list1,non_list1,direct_policy_scope_overlap,direct_policy_scope_overlap,29,26,24,22,247392779,220253495,0,0,0.000000000000,0.000000000000
730840,False,False,excluded,excluded,non_list1,non_list1,direct_policy_scope_overlap,direct_policy_scope_overlap,29,26,24,22,509500793,452161365,0,0,0.000000000000,0.000000000000
730890,False,False,excluded,excluded,non_list1,non_list1,direct_policy_scope_overlap,direct_policy_scope_overlap,29,26,24,22,2148882142,1902670987,0,0,0.000000000000,0.000000000000
730900,False,False,excluded,excluded,non_list1,non_list1,direct_policy_scope_overlap,direct_policy_scope_overlap,29,26,24,22,211560364,190232423,0,0,0.000000000000,0.000000000000
731010,False,False,excluded,excluded,non_list1,non_list1,direct_policy_scope_overlap,direct_policy_scope_overlap,29,26,24,22,78439069,70401658,0,0,0.000000000000,0.000000000000
731021,False,False,excluded,excluded,non_list1,non_list1,direct_policy_scope_overlap,direct_policy_scope_overlap,29,26,24,22,62341835,55507827,0,0,0.000000000000,0.000000000000
731029,False,False,excluded,excluded,non_list1,non_list1,direct_policy_scope_overlap,direct_policy_scope_overlap,29,26,24,22,270617307,244883263,0,0,0.000000000000,0.000000000000
731100,False,False,excluded,excluded,non_list1,non_list1,direct_policy_scope_overlap,direct_policy_scope_overlap,29,26,24,22,202857066,181313616,0,0,0.000000000000,0.000000000000
731210,False,False,excluded,excluded,non_list1,non_list1,direct_policy_scope_overlap,direct_policy_scope_overlap,29,26,24,22,489016793,428902961,0,0,0.000000000000,0.000000000000
731290,False,False,excluded,excluded,non_list1,non_list1,direct_policy_scope_overlap,direct_policy_scope_overlap,29,26,24,22,11822698,10201251,0,0,0.000000000000,0.000000000000
731300,False,False,excluded,excluded,non_list1,non_list1,direct_policy_scope_overlap,direct_policy_scope_overlap,29,26,24,22,7546183,6536418,0,0,0.000000000000,0.000000000000
731412,False,False,excluded,excluded,non_list1,non_list1,direct_policy_scope_overlap,direct_policy_scope_overlap,29,26,24,22,3704080,3316371,0,0,0.000000000000,0.000000000000
731414,False,False,excluded,excluded,non_list1,non_list1,direct_policy_scope_overlap,direct_policy_scope_overlap,29,26,24,22,85163299,72189592,0,0,0.000000000000,0.000000000000
731419,False,False,excluded,excluded,non_list1,non_list1,direct_policy_scope_overlap,direct_policy_scope_overlap,29,26,24,22,30419541,26802721,0,0,0.000000000000,0.000000000000
731420,False,False,excluded,excluded,non_list1,non_list1,direct_policy_scope_overlap,direct_policy_scope_overlap,29,26,24,22,19378622,16895160,0,0,0.000000000000,0.000000000000
731431,False,False,excluded,excluded,non_list1,non_list1,direct_policy_scope_overlap,direct_policy_scope_overlap,29,26,24,22,157669998,136878998,0,0,0.000000000000,0.000000000000
731439,False,False,excluded,excluded,non_list1,non_list1,direct_policy_scope_overlap,direct_policy_scope_overlap,29,26,24,22,25852488,22601045,0,0,0.000000000000,0.000000000000
731441,False,False,excluded,excluded,non_list1,non_list1,direct_policy_scope_overlap,direct_policy_scope_overlap,29,26,24,22,53964499,47441102,0,0,0.000000000000,0.000000000000
731442,False,False,excluded,excluded,non_list1,non_list1,direct_policy_scope_overlap,direct_policy_scope_overlap,29,26,24,22,29034581,27145744,0,0,0.000000000000,0.000000000000
731449,False,False,excluded,excluded,non_list1,non_list1,direct_policy_scope_overlap,direct_policy_scope_overlap,29,26,24,22,39662422,36522183,0,0,0.000000000000,0.000000000000
731450,False,False,excluded,excluded,non_list1,non_list1,direct_policy_scope_overlap,direct_policy_scope_overlap,29,26,24,22,14164716,12277742,0,0,0.000000000000,0.000000000000
731511,False,False,excluded,excluded,non_list1,non_list1,direct_policy_scope_overlap,direct_policy_scope_overlap,29,26,24,22,142537644,125854792,0,0,0.000000000000,0.000000000000
731512,False,False,excluded,excluded,non_list1,non_list1,direct_policy_scope_overlap,direct_policy_scope_overlap,29,26,24,22,47440584,42525896,0,0,0.000000000000,0.000000000000
731519,False,False,excluded,excluded,non_list1,non_list1,direct_policy_scope_overlap,direct_policy_scope_overlap,29,26,24,22,36611033,32706038,0,0,0.000000000000,0.000000000000
731520,False,False,excluded,excluded,non_list1,non_list1,direct_policy_scope_overlap,direct_policy_scope_overlap,29,26,24,22,48481274,47436396,0,0,0.000000000000,0.000000000000
731581,False,False,excluded,excluded,non_list1,non_list1,direct_policy_scope_overlap,direct_policy_scope_overlap,29,26,24,22,7867712,6890723,0,0,0.000000000000,0.000000000000
731582,False,False,excluded,excluded,non_list1,non_list1,direct_policy_scope_overlap,direct_policy_scope_overlap,29,26,24,22,121487252,108922360,0,0,0.000000000000,0.000000000000
731589,False,False,excluded,excluded,non_list1,non_list1,direct_policy_scope_overlap,direct_policy_scope_overlap,29,26,24,22,34480666,30433306,0,0,0.000000000000,0.000000000000
731590,False,False,excluded,excluded,non_list1,non_list1,direct_policy_scope_overlap,direct_policy_scope_overlap,29,26,24,22,28320680,25111135,0,0,0.000000000000,0.000000000000
731600,False,False,excluded,excluded,non_list1,non_list1,direct_policy_scope_overlap,direct_policy_scope_overlap,29,26,24,22,60040031,53597027,0,0,0.000000000000,0.000000000000
731700,False,False,excluded,excluded,non_list1,non_list1,direct_policy_scope_overlap,direct_policy_scope_overlap,29,26,24,22,611616717,526169206,0,0,0.000000000000,0.000000000000
731811,False,False,excluded,excluded,non_list1,non_list1,direct_policy_scope_overlap,direct_policy_scope_overlap,29,26,24,22,33938539,29534496,0,0,0.000000000000,0.000000000000
731812,False,False,excluded,excluded,non_list1,non_list1,direct_policy_scope_overlap,direct_policy_scope_overlap,29,26,24,22,22608497,19927677,0,0,0.000000000000,0.000000000000
731813,False,False,excluded,excluded,non_list1,non_list1,direct_policy_scope_overlap,direct_policy_scope_overlap,29,26,24,22,27582358,24951085,0,0,0.000000000000,0.000000000000
731814,False,False,excluded,excluded,non_list1,non_list1,direct_policy_scope_overlap,direct_policy_scope_overlap,29,26,24,22,365866417,320037166,0,0,0.000000000000,0.000000000000
731815,False,False,excluded,excluded,non_list1,non_list1,direct_policy_scope_overlap,direct_policy_scope_overlap,29,26,24,22,1186596575,1040403580,0,0,0.000000000000,0.000000000000
731816,False,False,control_candidate,control_candidate,non_list1,non_list1,,,29,26,24,22,557901232,483154278,0,0,0.000000000000,0.000000000000
731819,False,False,excluded,excluded,non_list1,non_list1,direct_policy_scope_overlap,direct_policy_scope_overlap,29,26,24,22,72157302,63846005,0,0,0.000000000000,0.000000000000
731821,False,False,excluded,excluded,non_list1,non_list1,direct_policy_scope_overlap,direct_policy_scope_overlap,29,26,24,22,24112733,21555927,0,0,0.000000000000,0.000000000000
731822,False,False,excluded,excluded,non_list1,non_list1,direct_policy_scope_overlap,direct_policy_scope_overlap,29,26,24,22,214107652,186310858,0,0,0.000000000000,0.000000000000
731823,False,False,excluded,excluded,non_list1,non_list1,direct_policy_scope_overlap,direct_policy_scope_overlap,29,26,24,22,26078005,23360756,0,0,0.000000000000,0.000000000000
731824,False,False,excluded,excluded,non_list1,non_list1,direct_policy_scope_overlap,direct_policy_scope_overlap,29,26,24,22,19760411,17131376,0,0,0.000000000000,0.000000000000
731829,False,False,excluded,excluded,non_list1,non_list1,direct_policy_scope_overlap,direct_policy_scope_overlap,29,26,24,22,141204519,125505995,0,0,0.000000000000,0.000000000000
731940,False,False,control_candidate,control_candidate,non_list1,non_list1,,,29,26,24,22,32371319,29393254,0,0,0.000000000000,0.000000000000
731990,False,False,control_candidate,control_candidate,non_list1,non_list1,,,29,26,24,22,16947686,15252129,0,0,0.000000000000,0.000000000000
732010,False,False,excluded,excluded,non_list1,non_list1,direct_policy_scope_overlap,direct_policy_scope_overlap,29,26,24,22,83845681,71275766,0,0,0.000000000000,0.000000000000
732020,False,False,control_candidate,control_candidate,non_list1,non_list1,,,29,26,24,22,57266271,51495323,0,0,0.000000000000,0.000000000000
732090,False,False,excluded,excluded,non_list1,non_list1,direct_policy_scope_overlap,direct_policy_scope_overlap,29,26,24,22,36904379,33555880,0,0,0.000000000000,0.000000000000
732111,False,False,excluded,excluded,non_list1,non_list1,direct_policy_scope_overlap,direct_policy_scope_overlap,29,26,24,22,2967704495,2580474934,0,0,0.000000000000,0.000000000000
732112,False,False,control_candidate,control_candidate,non_list1,non_list1,,,29,26,24,22,8467108,7026689,0,0,0.000000000000,0.000000000000
732119,False,False,control_candidate,control_candidate,non_list1,non_list1,,,29,26,24,22,900921938,761591014,0,0,0.000000000000,0.000000000000
732181,False,False,control_candidate,control_candidate,non_list1,non_list1,,,29,26,24,22,371978757,344766537,0,0,0.000000000000,0.000000000000
732182,False,False,control_candidate,control_candidate,non_list1,non_list1,,,29,26,24,22,74441816,71003178,0,0,0.000000000000,0.000000000000
732189,False,False,control_candidate,control_candidate,non_list1,non_list1,,,29,26,24,22,261013648,235296804,0,0,0.000000000000,0.000000000000
732190,False,False,excluded,excluded,non_list1,non_list1,direct_policy_scope_overlap,direct_policy_scope_overlap,29,26,24,22,351599117,313663559,0,0,0.000000000000,0.000000000000
732211,False,False,excluded,excluded,non_list1,non_list1,direct_policy_scope_overlap,direct_policy_scope_overlap,27,25,24,22,12843920,12219738,0,0,0.000000000000,0.000000000000
732219,False,False,excluded,excluded,non_list1,non_list1,direct_policy_scope_overlap,direct_policy_scope_overlap,28,25,24,22,3590286,3228531,0,0,0.000000000000,0.000000000000
732290,False,False,excluded,excluded,non_list1,non_list1,direct_policy_scope_overlap,direct_policy_scope_overlap,29,26,24,22,205145760,195963636,0,0,0.000000000000,0.000000000000
732310,False,False,excluded,excluded,non_list1,non_list1,direct_policy_scope_overlap,direct_policy_scope_overlap,29,26,24,22,55029264,48515616,0,0,0.000000000000,0.000000000000
732391,False,False,control_candidate,control_candidate,non_list1,non_list1,,,29,26,24,22,110781244,99701324,0,0,0.000000000000,0.000000000000
732392,False,False,control_candidate,control_candidate,non_list1,non_list1,,,29,26,24,22,152784937,141289637,0,0,0.000000000000,0.000000000000
732393,False,False,control_candidate,control_candidate,non_list1,non_list1,,,29,26,24,22,2894215138,2635182511,0,0,0.000000000000,0.000000000000
732394,False,False,control_candidate,control_candidate,non_list1,non_list1,,,29,26,24,22,81103759,74726534,0,0,0.000000000000,0.000000000000
732399,False,False,excluded,excluded,non_list1,non_list1,direct_policy_scope_overlap,direct_policy_scope_overlap,29,26,24,22,1919188200,1731761624,0,0,0.000000000000,0.000000000000
732410,False,False,excluded,excluded,non_list1,non_list1,direct_policy_scope_overlap,direct_policy_scope_overlap,29,26,24,22,311400675,279172479,0,0,0.000000000000,0.000000000000
732421,False,False,excluded,excluded,non_list1,non_list1,direct_policy_scope_overlap,direct_policy_scope_overlap,29,26,24,22,30126305,23997618,0,0,0.000000000000,0.000000000000
732429,False,False,control_candidate,control_candidate,non_list1,non_list1,,,29,26,24,22,9518878,8391245,0,0,0.000000000000,0.000000000000
732490,False,False,excluded,excluded,non_list1,non_list1,direct_policy_scope_overlap,direct_policy_scope_overlap,29,26,24,22,341109032,305225307,0,0,0.000000000000,0.000000000000
732510,False,False,excluded,excluded,non_list1,non_list1,direct_policy_scope_overlap,direct_policy_scope_overlap,29,26,24,22,101044292,89356505,0,0,0.000000000000,0.000000000000
732591,False,False,excluded,excluded,non_list1,non_list1,insufficient_positive_pre_months|direct_policy_scope_overlap,insufficient_positive_pre_months|direct_policy_scope_overlap,22,20,24,22,2122162,1991081,0,0,0.000000000000,0.000000000000
732599,False,False,excluded,excluded,non_list1,non_list1,direct_policy_scope_overlap,direct_policy_scope_overlap,29,26,24,22,326947494,295870433,0,0,0.000000000000,0.000000000000
732611,False,False,excluded,excluded,non_list1,non_list1,direct_policy_scope_overlap,direct_policy_scope_overlap,29,26,24,22,91225610,86590864,0,0,0.000000000000,0.000000000000
732619,False,False,excluded,excluded,non_list1,non_list1,direct_policy_scope_overlap,direct_policy_scope_overlap,29,26,24,22,94083139,83213495,0,0,0.000000000000,0.000000000000
732620,False,False,excluded,excluded,non_list1,non_list1,direct_policy_scope_overlap,direct_policy_scope_overlap,29,26,24,22,560780298,512565733,0,0,0.000000000000,0.000000000000
732690,False,False,excluded,excluded,non_list1,non_list1,direct_policy_scope_overlap,direct_policy_scope_overlap,29,26,24,22,2091410485,1721790778,0,0,0.000000000000,0.000000000000
740100,False,False,excluded,excluded,non_list1,non_list1,insufficient_positive_pre_months,insufficient_positive_pre_months,4,3,24,22,33617,31247,0,0,0.000000000000,0.000000000000
740200,False,False,excluded,excluded,non_list1,non_list1,insufficient_positive_pre_months|direct_policy_scope_overlap,insufficient_positive_pre_months|direct_policy_scope_overlap,1,1,24,22,5850,5850,0,0,0.000000000000,0.000000000000
740311,False,False,excluded,excluded,non_list1,non_list1,insufficient_positive_pre_months|direct_policy_scope_overlap,insufficient_positive_pre_months|direct_policy_scope_overlap,3,3,24,22,76977,76977,0,0,0.000000000000,0.000000000000
740312,False,False,excluded,excluded,non_list1,non_list1,insufficient_positive_pre_months|direct_policy_scope_overlap,insufficient_positive_pre_months|direct_policy_scope_overlap,14,14,24,22,312905,312905,0,0,0.000000000000,0.000000000000
740313,False,False,excluded,excluded,non_list1,non_list1,insufficient_positive_pre_months|direct_policy_scope_overlap,insufficient_positive_pre_months|direct_policy_scope_overlap,1,1,24,22,2882,2882,0,0,0.000000000000,0.000000000000
740319,False,False,excluded,excluded,non_list1,non_list1,insufficient_positive_pre_months|direct_policy_scope_overlap,insufficient_positive_pre_months|direct_policy_scope_overlap,22,19,24,22,2926554,2307854,0,0,0.000000000000,0.000000000000
740321,False,False,excluded,excluded,non_list1,non_list1,insufficient_positive_pre_months|direct_policy_scope_overlap,insufficient_positive_pre_months|direct_policy_scope_overlap,13,12,24,22,107101,103301,0,0,0.000000000000,0.000000000000
740322,False,False,excluded,excluded,non_list1,non_list1,insufficient_positive_pre_months|direct_policy_scope_overlap,insufficient_positive_pre_months|direct_policy_scope_overlap,16,13,24,22,216083,108181,0,0,0.000000000000,0.000000000000
740329,False,False,excluded,excluded,non_list1,non_list1,insufficient_positive_pre_months|direct_policy_scope_overlap,insufficient_positive_pre_months|direct_policy_scope_overlap,14,11,24,22,441260,378694,0,0,0.000000000000,0.000000000000
740400,False,False,excluded,excluded,non_list1,non_list1,direct_policy_scope_overlap,direct_policy_scope_overlap,28,25,24,22,5748651,5381488,0,0,0.000000000000,0.000000000000
740500,False,False,excluded,excluded,non_list1,non_list1,insufficient_positive_pre_months|direct_policy_scope_overlap,insufficient_positive_pre_months|direct_policy_scope_overlap,8,8,24,22,154165,154165,0,0,0.000000000000,0.000000000000
740610,False,False,excluded,excluded,non_list1,non_list1,direct_policy_scope_overlap,direct_policy_scope_overlap,28,25,24,22,6810883,6362685,0,0,0.000000000000,0.000000000000
740620,False,False,excluded,excluded,non_list1,non_list1,insufficient_positive_pre_months|direct_policy_scope_overlap,insufficient_positive_pre_months|direct_policy_scope_overlap,18,16,24,22,416227,400813,0,0,0.000000000000,0.000000000000
740710,False,False,excluded,excluded,non_list1,non_list1,direct_policy_scope_overlap,direct_policy_scope_overlap,29,26,24,22,11800178,9786561,0,0,0.000000000000,0.000000000000
740721,False,False,excluded,excluded,non_list1,non_list1,direct_policy_scope_overlap,direct_policy_scope_overlap,29,26,24,22,2958913,2314008,0,0,0.000000000000,0.000000000000
740729,False,False,excluded,excluded,non_list1,non_list1,direct_policy_scope_overlap,direct_policy_scope_overlap,29,26,24,22,8834574,8171080,0,0,0.000000000000,0.000000000000
740811,False,False,excluded,excluded,non_list1,non_list1,direct_policy_scope_overlap,direct_policy_scope_overlap,28,25,24,22,9519623,8632420,0,0,0.000000000000,0.000000000000
740819,False,False,excluded,excluded,non_list1,non_list1,direct_policy_scope_overlap,direct_policy_scope_overlap,29,26,24,22,3895728,3415606,0,0,0.000000000000,0.000000000000
740821,False,False,excluded,excluded,non_list1,non_list1,direct_policy_scope_overlap,direct_policy_scope_overlap,29,26,24,22,19095860,16143359,0,0,0.000000000000,0.000000000000
740822,False,False,excluded,excluded,non_list1,non_list1,direct_policy_scope_overlap,direct_policy_scope_overlap,29,26,24,22,2244279,2000371,0,0,0.000000000000,0.000000000000
740829,False,False,excluded,excluded,non_list1,non_list1,direct_policy_scope_overlap,direct_policy_scope_overlap,29,26,24,22,18982518,16791084,0,0,0.000000000000,0.000000000000
740911,False,False,excluded,excluded,non_list1,non_list1,direct_policy_scope_overlap,direct_policy_scope_overlap,29,26,24,22,7578366,5690677,0,0,0.000000000000,0.000000000000
740919,False,False,excluded,excluded,non_list1,non_list1,direct_policy_scope_overlap,direct_policy_scope_overlap,29,26,24,22,16816021,15019512,0,0,0.000000000000,0.000000000000
740921,False,False,excluded,excluded,non_list1,non_list1,insufficient_positive_pre_months|direct_policy_scope_overlap,insufficient_positive_pre_months|direct_policy_scope_overlap,17,16,24,22,251978,243274,0,0,0.000000000000,0.000000000000
740929,False,False,excluded,excluded,non_list1,non_list1,direct_policy_scope_overlap,direct_policy_scope_overlap,27,24,24,22,568007,472209,0,0,0.000000000000,0.000000000000
740931,False,False,excluded,excluded,non_list1,non_list1,insufficient_positive_pre_months|direct_policy_scope_overlap,insufficient_positive_pre_months|direct_policy_scope_overlap,23,21,24,22,6874856,6843845,0,0,0.000000000000,0.000000000000
740939,False,False,excluded,excluded,non_list1,non_list1,insufficient_positive_pre_months|direct_policy_scope_overlap,insufficient_positive_pre_months|direct_policy_scope_overlap,6,3,24,22,158570,30998,0,0,0.000000000000,0.000000000000
740940,False,False,excluded,excluded,non_list1,non_list1,direct_policy_scope_overlap,direct_policy_scope_overlap,24,22,24,22,1689897,1650397,0,0,0.000000000000,0.000000000000
740990,False,False,excluded,excluded,non_list1,non_list1,insufficient_positive_pre_months|direct_policy_scope_overlap,insufficient_positive_pre_months|direct_policy_scope_overlap,20,17,24,22,892325,781298,0,0,0.000000000000,0.000000000000
741011,False,False,excluded,excluded,non_list1,non_list1,direct_policy_scope_overlap,direct_policy_scope_overlap,28,25,24,22,1570686,1388732,0,0,0.000000000000,0.000000000000
741012,False,False,excluded,excluded,non_list1,non_list1,direct_policy_scope_overlap,direct_policy_scope_overlap,29,26,24,22,2551746,2122578,0,0,0.000000000000,0.000000000000
741021,False,False,excluded,excluded,non_list1,non_list1,direct_policy_scope_overlap,direct_policy_scope_overlap,29,26,24,22,14353901,12569003,0,0,0.000000000000,0.000000000000
741022,False,False,excluded,excluded,non_list1,non_list1,insufficient_positive_pre_months|direct_policy_scope_overlap,insufficient_positive_pre_months|direct_policy_scope_overlap,20,19,24,22,299678,294578,0,0,0.000000000000,0.000000000000
741110,False,False,excluded,excluded,non_list1,non_list1,direct_policy_scope_overlap,direct_policy_scope_overlap,29,26,24,22,8971221,7001544,0,0,0.000000000000,0.000000000000
741121,False,False,excluded,excluded,non_list1,non_list1,direct_policy_scope_overlap,direct_policy_scope_overlap,29,26,24,22,59797962,53875843,0,0,0.000000000000,0.000000000000
741122,False,False,excluded,excluded,non_list1,non_list1,direct_policy_scope_overlap,direct_policy_scope_overlap,29,26,24,22,21783986,19901519,0,0,0.000000000000,0.000000000000
741129,False,False,excluded,excluded,non_list1,non_list1,direct_policy_scope_overlap,direct_policy_scope_overlap,29,26,24,22,6884515,6378732,0,0,0.000000000000,0.000000000000
741210,False,False,excluded,excluded,non_list1,non_list1,direct_policy_scope_overlap,direct_policy_scope_overlap,29,26,24,22,44440111,38288596,0,0,0.000000000000,0.000000000000
741220,False,False,excluded,excluded,non_list1,non_list1,direct_policy_scope_overlap,direct_policy_scope_overlap,29,26,24,22,413000126,369366818,0,0,0.000000000000,0.000000000000
741300,False,False,excluded,excluded,non_list1,non_list1,direct_policy_scope_overlap,direct_policy_scope_overlap,29,26,24,22,4718360,4301874,0,0,0.000000000000,0.000000000000
741510,False,False,excluded,excluded,non_list1,non_list1,direct_policy_scope_overlap,direct_policy_scope_overlap,29,26,24,22,1060231,946005,0,0,0.000000000000,0.000000000000
741521,False,False,excluded,excluded,non_list1,non_list1,direct_policy_scope_overlap,direct_policy_scope_overlap,29,26,24,22,4684379,3750587,0,0,0.000000000000,0.000000000000
741529,False,False,excluded,excluded,non_list1,non_list1,direct_policy_scope_overlap,direct_policy_scope_overlap,29,26,24,22,8368001,7427485,0,0,0.000000000000,0.000000000000
741533,False,False,excluded,excluded,non_list1,non_list1,direct_policy_scope_overlap,direct_policy_scope_overlap,29,26,24,22,36910394,32891629,0,0,0.000000000000,0.000000000000
741539,False,False,excluded,excluded,non_list1,non_list1,direct_policy_scope_overlap,direct_policy_scope_overlap,29,26,24,22,14022556,12590082,0,0,0.000000000000,0.000000000000
741810,False,False,control_candidate,control_candidate,non_list1,non_list1,,,29,26,24,22,35636012,33054099,0,0,0.000000000000,0.000000000000
741820,False,False,excluded,excluded,non_list1,non_list1,direct_policy_scope_overlap,direct_policy_scope_overlap,29,26,24,22,73743712,67323937,0,0,0.000000000000,0.000000000000
741910,False,False,excluded,excluded,non_list1,non_list1,direct_policy_scope_overlap,direct_policy_scope_overlap,29,26,24,22,3660979,3562096,0,0,0.000000000000,0.000000000000
741991,False,False,excluded,excluded,non_list1,non_list1,direct_policy_scope_overlap,direct_policy_scope_overlap,29,26,24,22,35793279,31184027,0,0,0.000000000000,0.000000000000
741999,False,False,excluded,excluded,non_list1,non_list1,direct_policy_scope_overlap,direct_policy_scope_overlap,29,26,24,22,343994320,306508186,0,0,0.000000000000,0.000000000000
750110,False,False,excluded,excluded,non_list1,non_list1,insufficient_positive_pre_months|direct_policy_scope_overlap,insufficient_positive_pre_months|direct_policy_scope_overlap,0,0,24,22,0,0,0,0,0.000000000000,0.000000000000
750120,False,False,excluded,excluded,non_list1,non_list1,direct_policy_scope_overlap,insufficient_positive_pre_months|direct_policy_scope_overlap,24,21,24,22,11623455,10421123,0,0,0.000000000000,0.000000000000
750210,False,False,excluded,excluded,non_list1,non_list1,insufficient_positive_pre_months|direct_policy_scope_overlap,insufficient_positive_pre_months|direct_policy_scope_overlap,20,18,24,22,8796717,6454728,0,0,0.000000000000,0.000000000000
750220,False,False,excluded,excluded,non_list1,non_list1,direct_policy_scope_overlap,direct_policy_scope_overlap,25,23,24,22,1789685,1671591,0,0,0.000000000000,0.000000000000
750300,False,False,excluded,excluded,non_list1,non_list1,direct_policy_scope_overlap,direct_policy_scope_overlap,29,26,24,22,39045158,32114971,0,0,0.000000000000,0.000000000000
750400,False,False,excluded,excluded,non_list1,non_list1,direct_policy_scope_overlap,direct_policy_scope_overlap,25,22,24,22,4045869,3271753,0,0,0.000000000000,0.000000000000
750511,False,False,excluded,excluded,non_list1,non_list1,insufficient_positive_pre_months|direct_policy_scope_overlap,insufficient_positive_pre_months|direct_policy_scope_overlap,9,8,24,22,391514,372511,0,0,0.000000000000,0.000000000000
750512,False,False,excluded,excluded,non_list1,non_list1,direct_policy_scope_overlap,direct_policy_scope_overlap,28,26,24,22,1984508,1817100,0,0,0.000000000000,0.000000000000
750521,False,False,excluded,excluded,non_list1,non_list1,insufficient_positive_pre_months|direct_policy_scope_overlap,insufficient_positive_pre_months|direct_policy_scope_overlap,17,16,24,22,450468,430460,0,0,0.000000000000,0.000000000000
750522,False,False,excluded,excluded,non_list1,non_list1,direct_policy_scope_overlap,direct_policy_scope_overlap,29,26,24,22,7784367,7096894,0,0,0.000000000000,0.000000000000
750610,False,False,excluded,excluded,non_list1,non_list1,direct_policy_scope_overlap,direct_policy_scope_overlap,28,25,24,22,560139,520346,0,0,0.000000000000,0.000000000000
750620,False,False,excluded,excluded,non_list1,non_list1,insufficient_positive_pre_months|direct_policy_scope_overlap,insufficient_positive_pre_months|direct_policy_scope_overlap,22,21,24,22,913248,907556,0,0,0.000000000000,0.000000000000
750711,False,False,excluded,excluded,non_list1,non_list1,insufficient_positive_pre_months|direct_policy_scope_overlap,insufficient_positive_pre_months|direct_policy_scope_overlap,1,1,24,22,64209,64209,0,0,0.000000000000,0.000000000000
750712,False,False,excluded,excluded,non_list1,non_list1,direct_policy_scope_overlap,direct_policy_scope_overlap,28,25,24,22,3433423,2796656,0,0,0.000000000000,0.000000000000
750720,False,False,excluded,excluded,non_list1,non_list1,direct_policy_scope_overlap,direct_policy_scope_overlap,28,25,24,22,2203897,1584392,0,0,0.000000000000,0.000000000000
750810,False,False,excluded,excluded,non_list1,non_list1,direct_policy_scope_overlap,direct_policy_scope_overlap,24,23,24,22,2968094,2957363,0,0,0.000000000000,0.000000000000
750890,False,False,excluded,excluded,non_list1,non_list1,direct_policy_scope_overlap,direct_policy_scope_overlap,29,26,24,22,29724168,26897374,0,0,0.000000000000,0.000000000000
760110,False,False,excluded,excluded,non_list1,non_list1,direct_policy_scope_overlap,direct_policy_scope_overlap,27,25,24,22,4902576,4544782,0,0,0.000000000000,0.000000000000
760120,False,False,excluded,excluded,non_list1,non_list1,direct_policy_scope_overlap,direct_policy_scope_overlap,29,26,24,22,22729701,17084354,0,0,0.000000000000,0.000000000000
760200,False,False,excluded,excluded,non_list1,non_list1,direct_policy_scope_overlap,direct_policy_scope_overlap,28,26,24,22,3195097,3085041,0,0,0.000000000000,0.000000000000
760310,False,False,excluded,excluded,non_list1,non_list1,direct_policy_scope_overlap,direct_policy_scope_overlap,29,26,24,22,34564823,31416795,0,0,0.000000000000,0.000000000000
760320,False,False,excluded,excluded,non_list1,non_list1,insufficient_positive_pre_months|direct_policy_scope_overlap,insufficient_positive_pre_months|direct_policy_scope_overlap,18,15,24,22,1025787,988961,0,0,0.000000000000,0.000000000000
760410,False,False,excluded,excluded,non_list1,non_list1,direct_policy_scope_overlap,direct_policy_scope_overlap,29,26,24,22,5441243,5113331,0,0,0.000000000000,0.000000000000
760421,False,False,excluded,excluded,non_list1,non_list1,direct_policy_scope_overlap,direct_policy_scope_overlap,29,26,24,22,14513384,13223584,0,0,0.000000000000,0.000000000000
760429,False,False,excluded,excluded,non_list1,non_list1,direct_policy_scope_overlap,direct_policy_scope_overlap,29,26,24,22,49871974,46021234,0,0,0.000000000000,0.000000000000
760511,False,False,excluded,excluded,non_list1,non_list1,direct_policy_scope_overlap,direct_policy_scope_overlap,24,22,24,22,1733230,1666868,0,0,0.000000000000,0.000000000000
760519,False,False,excluded,excluded,non_list1,non_list1,direct_policy_scope_overlap,direct_policy_scope_overlap,29,26,24,22,5686140,4875157,0,0,0.000000000000,0.000000000000
760521,False,False,excluded,excluded,non_list1,non_list1,insufficient_positive_pre_months|direct_policy_scope_overlap,insufficient_positive_pre_months|direct_policy_scope_overlap,21,19,24,22,1921153,1825681,0,0,0.000000000000,0.000000000000
760529,False,False,excluded,excluded,non_list1,non_list1,direct_policy_scope_overlap,direct_policy_scope_overlap,29,26,24,22,24699694,21239595,0,0,0.000000000000,0.000000000000
760611,False,False,excluded,excluded,non_list1,non_list1,direct_policy_scope_overlap,direct_policy_scope_overlap,29,26,24,22,52459054,50770634,0,0,0.000000000000,0.000000000000
760612,False,False,excluded,excluded,non_list1,non_list1,direct_policy_scope_overlap,direct_policy_scope_overlap,29,26,24,22,2372106921,2124495745,0,0,0.000000000000,0.000000000000
760691,False,False,excluded,excluded,non_list1,non_list1,direct_policy_scope_overlap,direct_policy_scope_overlap,29,26,24,22,25842232,24791667,0,0,0.000000000000,0.000000000000
760692,False,False,excluded,excluded,non_list1,non_list1,direct_policy_scope_overlap,direct_policy_scope_overlap,29,26,24,22,53699124,49952166,0,0,0.000000000000,0.000000000000
760711,False,False,excluded,excluded,non_list1,non_list1,direct_policy_scope_overlap,direct_policy_scope_overlap,29,26,24,22,755209777,721755519,0,0,0.000000000000,0.000000000000
760719,False,False,excluded,excluded,non_list1,non_list1,direct_policy_scope_overlap,direct_policy_scope_overlap,29,26,24,22,74618880,66668676,0,0,0.000000000000,0.000000000000
760720,False,False,excluded,excluded,non_list1,non_list1,direct_policy_scope_overlap,direct_policy_scope_overlap,29,26,24,22,193576474,181167648,0,0,0.000000000000,0.000000000000
760810,False,False,excluded,excluded,non_list1,non_list1,direct_policy_scope_overlap,direct_policy_scope_overlap,29,26,24,22,4007330,3675976,0,0,0.000000000000,0.000000000000
760820,False,False,excluded,excluded,non_list1,non_list1,direct_policy_scope_overlap,direct_policy_scope_overlap,29,26,24,22,10308863,9091167,0,0,0.000000000000,0.000000000000
760900,False,False,excluded,excluded,non_list1,non_list1,direct_policy_scope_overlap,direct_policy_scope_overlap,29,26,24,22,59569389,53626447,0,0,0.000000000000,0.000000000000
761010,False,False,control_candidate,control_candidate,non_list1,non_list1,,,29,26,24,22,282621793,257147213,0,0,0.000000000000,0.000000000000
761090,False,False,excluded,excluded,non_list1,non_list1,direct_policy_scope_overlap,direct_policy_scope_overlap,29,26,24,22,203230957,171975842,0,0,0.000000000000,0.000000000000
761100,False,False,excluded,excluded,non_list1,non_list1,direct_policy_scope_overlap,direct_policy_scope_overlap,27,24,24,22,1312413,1165792,0,0,0.000000000000,0.000000000000
761210,False,False,excluded,excluded,non_list1,non_list1,direct_policy_scope_overlap,direct_policy_scope_overlap,29,26,24,22,3663926,3186587,0,0,0.000000000000,0.000000000000
761290,False,False,excluded,excluded,non_list1,non_list1,direct_policy_scope_overlap,direct_policy_scope_overlap,29,26,24,22,23744597,21636827,0,0,0.000000000000,0.000000000000
761300,False,False,excluded,excluded,non_list1,non_list1,direct_policy_scope_overlap,direct_policy_scope_overlap,29,26,24,22,14003957,11371293,0,0,0.000000000000,0.000000000000
761410,False,False,excluded,excluded,non_list1,non_list1,direct_policy_scope_overlap,direct_policy_scope_overlap,29,26,24,22,22203887,16089032,0,0,0.000000000000,0.000000000000
761490,False,False,excluded,excluded,non_list1,non_list1,direct_policy_scope_overlap,direct_policy_scope_overlap,29,26,24,22,8998490,7801169,0,0,0.000000000000,0.000000000000
761510,False,False,control_candidate,control_candidate,non_list1,non_list1,,,29,26,24,22,1573282910,1437709550,0,0,0.000000000000,0.000000000000
761520,False,False,excluded,excluded,non_list1,non_list1,direct_policy_scope_overlap,direct_policy_scope_overlap,29,26,24,22,23943537,21939872,0,0,0.000000000000,0.000000000000
761610,False,False,excluded,excluded,non_list1,non_list1,direct_policy_scope_overlap,direct_policy_scope_overlap,29,26,24,22,41868394,37022883,0,0,0.000000000000,0.000000000000
761691,False,False,excluded,excluded,non_list1,non_list1,direct_policy_scope_overlap,direct_policy_scope_overlap,29,26,24,22,27651936,24399576,0,0,0.000000000000,0.000000000000
761699,False,False,excluded,excluded,non_list1,non_list1,direct_policy_scope_overlap,direct_policy_scope_overlap,29,26,24,22,900449666,757471108,0,0,0.000000000000,0.000000000000
780110,False,False,excluded,excluded,non_list1,non_list1,insufficient_positive_pre_months,insufficient_positive_pre_months,5,5,24,22,165832,165832,0,0,0.000000000000,0.000000000000
780191,False,False,excluded,excluded,non_list1,non_list1,insufficient_positive_pre_months|direct_policy_scope_overlap,insufficient_positive_pre_months|direct_policy_scope_overlap,0,0,24,22,0,0,0,0,0.000000000000,0.000000000000
780199,False,False,excluded,excluded,non_list1,non_list1,insufficient_positive_pre_months|direct_policy_scope_overlap,insufficient_positive_pre_months|direct_policy_scope_overlap,0,0,24,22,0,0,0,0,0.000000000000,0.000000000000
780200,False,False,excluded,excluded,non_list1,non_list1,insufficient_positive_pre_months,insufficient_positive_pre_months,2,2,24,22,44860,44860,0,0,0.000000000000,0.000000000000
780411,False,False,excluded,excluded,non_list1,non_list1,insufficient_positive_pre_months|direct_policy_scope_overlap,insufficient_positive_pre_months|direct_policy_scope_overlap,3,3,24,22,13214,13214,0,0,0.000000000000,0.000000000000
780419,False,False,excluded,excluded,non_list1,non_list1,insufficient_positive_pre_months|direct_policy_scope_overlap,insufficient_positive_pre_months|direct_policy_scope_overlap,22,19,24,22,409306,344771,0,0,0.000000000000,0.000000000000
780420,False,False,excluded,excluded,non_list1,non_list1,insufficient_positive_pre_months|direct_policy_scope_overlap,insufficient_positive_pre_months|direct_policy_scope_overlap,2,2,24,22,43364,43364,0,0,0.000000000000,0.000000000000
780600,False,False,excluded,excluded,non_list1,non_list1,direct_policy_scope_overlap,direct_policy_scope_overlap,29,26,24,22,11361646,10113979,0,0,0.000000000000,0.000000000000
790111,False,False,excluded,excluded,non_list1,non_list1,insufficient_positive_pre_months,insufficient_positive_pre_months,9,6,24,22,7747559,3261449,0,0,0.000000000000,0.000000000000
790112,False,False,excluded,excluded,non_list1,non_list1,insufficient_positive_pre_months,insufficient_positive_pre_months,13,11,24,22,163167,154068,0,0,0.000000000000,0.000000000000
790120,False,False,control_candidate,control_candidate,non_list1,non_list1,,,29,26,24,22,734547,666151,0,0,0.000000000000,0.000000000000
790200,False,False,excluded,excluded,non_list1,non_list1,insufficient_positive_pre_months,insufficient_positive_pre_months,0,0,24,22,0,0,0,0,0.000000000000,0.000000000000
790310,False,False,excluded,excluded,non_list1,non_list1,insufficient_positive_pre_months|direct_policy_scope_overlap,insufficient_positive_pre_months|direct_policy_scope_overlap,2,1,24,22,32583,29999,0,0,0.000000000000,0.000000000000
790390,False,False,excluded,excluded,non_list1,non_list1,insufficient_positive_pre_months|direct_policy_scope_overlap,insufficient_positive_pre_months|direct_policy_scope_overlap,3,3,24,22,126858,126858,0,0,0.000000000000,0.000000000000
790400,False,False,excluded,excluded,non_list1,non_list1,direct_policy_scope_overlap,direct_policy_scope_overlap,27,25,24,22,2572136,2258690,0,0,0.000000000000,0.000000000000
790500,False,False,excluded,excluded,non_list1,non_list1,direct_policy_scope_overlap,direct_policy_scope_overlap,25,23,24,22,348942,328953,0,0,0.000000000000,0.000000000000
790700,False,False,excluded,excluded,non_list1,non_list1,direct_policy_scope_overlap,direct_policy_scope_overlap,29,26,24,22,301104226,271664791,0,0,0.000000000000,0.000000000000
800110,False,False,excluded,excluded,non_list1,non_list1,insufficient_positive_pre_months,insufficient_positive_pre_months,23,20,24,22,26206085,15004600,0,0,0.000000000000,0.000000000000
800120,False,False,excluded,excluded,non_list1,non_list1,insufficient_positive_pre_months,insufficient_positive_pre_months,7,7,24,22,99338,99338,0,0,0.000000000000,0.000000000000
800200,False,False,excluded,excluded,non_list1,non_list1,insufficient_positive_pre_months,insufficient_positive_pre_months,3,2,24,22,225827,16806,0,0,0.000000000000,0.000000000000
800300,False,False,excluded,excluded,non_list1,non_list1,insufficient_positive_pre_months,insufficient_positive_pre_months,9,9,24,22,216942,216942,0,0,0.000000000000,0.000000000000
800700,False,False,excluded,excluded,non_list1,non_list1,direct_policy_scope_overlap,direct_policy_scope_overlap,29,26,24,22,46617399,42799203,0,0,0.000000000000,0.000000000000
810110,False,False,control_candidate,control_candidate,non_list1,non_list1,,,29,26,24,22,50851524,45016683,0,0,0.000000000000,0.000000000000
810194,False,False,control_candidate,control_candidate,non_list1,non_list1,,,28,25,24,22,21119976,17006901,0,0,0.000000000000,0.000000000000
810196,False,False,excluded,excluded,non_list1,non_list1,direct_policy_scope_overlap,direct_policy_scope_overlap,29,26,24,22,5825029,5479743,0,0,0.000000000000,0.000000000000
810197,False,False,control_candidate,control_candidate,non_list1,non_list1,,,28,26,24,22,22606016,20672519,0,0,0.000000000000,0.000000000000
810199,False,False,control_candidate,control_candidate,non_list1,non_list1,,,29,26,24,22,64441991,57270109,0,0,0.000000000000,0.000000000000
810210,False,False,control_candidate,control_candidate,non_list1,non_list1,,,28,25,24,22,3576466,2947284,0,0,0.000000000000,0.000000000000
810294,False,False,control_candidate,control_candidate,non_list1,non_list1,,,29,26,24,22,32061421,26053414,0,0,0.000000000000,0.000000000000
810295,False,False,control_candidate,control_candidate,non_list1,non_list1,,,29,26,24,22,5699996,5384657,0,0,0.000000000000,0.000000000000
810296,False,False,excluded,excluded,non_list1,non_list1,direct_policy_scope_overlap,direct_policy_scope_overlap,28,25,24,22,1026742,773388,0,0,0.000000000000,0.000000000000
810297,False,False,control_candidate,control_candidate,non_list1,non_list1,,,28,25,24,22,17504691,11076263,0,0,0.000000000000,0.000000000000
810299,False,False,control_candidate,control_candidate,non_list1,non_list1,,,29,26,24,22,3480150,3014753,0,0,0.000000000000,0.000000000000
810320,False,False,control_candidate,control_candidate,non_list1,non_list1,,,29,26,24,22,95848785,78951849,0,0,0.000000000000,0.000000000000
810330,False,False,control_candidate,control_candidate,non_list1,non_list1,,,29,26,24,22,24421474,23187175,0,0,0.000000000000,0.000000000000
810390,False,False,control_candidate,control_candidate,non_list1,non_list1,,,29,26,24,22,43518894,36454497,0,0,0.000000000000,0.000000000000
810411,False,False,excluded,excluded,non_list1,non_list1,insufficient_positive_pre_months,insufficient_positive_pre_months,7,6,24,22,62496,25380,0,0,0.000000000000,0.000000000000
810419,False,False,excluded,excluded,non_list1,non_list1,insufficient_positive_pre_months,insufficient_positive_pre_months,6,4,24,22,287702,56723,0,0,0.000000000000,0.000000000000
810420,False,False,excluded,excluded,non_list1,non_list1,insufficient_positive_pre_months,insufficient_positive_pre_months,13,10,24,22,1332905,712808,0,0,0.000000000000,0.000000000000
810430,False,False,excluded,excluded,non_list1,non_list1,insufficient_positive_pre_months|direct_policy_scope_overlap,insufficient_positive_pre_months|direct_policy_scope_overlap,14,12,24,22,3794338,3305319,0,0,0.000000000000,0.000000000000
810490,False,False,excluded,excluded,non_list1,non_list1,direct_policy_scope_overlap,direct_policy_scope_overlap,29,26,24,22,11839009,9951687,0,0,0.000000000000,0.000000000000
810520,False,False,excluded,excluded,non_list1,non_list1,direct_policy_scope_overlap,direct_policy_scope_overlap,29,26,24,22,75688614,54496775,0,0,0.000000000000,0.000000000000
810530,False,False,excluded,excluded,non_list1,non_list1,insufficient_positive_pre_months|direct_policy_scope_overlap,insufficient_positive_pre_months|direct_policy_scope_overlap,20,18,24,22,2216952,2021381,0,0,0.000000000000,0.000000000000
810590,False,False,excluded,excluded,non_list1,non_list1,direct_policy_scope_overlap,direct_policy_scope_overlap,29,26,24,22,6717801,6108882,0,0,0.000000000000,0.000000000000
810600,False,False,excluded,excluded,non_list1,non_list1,direct_policy_scope_overlap,direct_policy_scope_overlap,29,26,24,22,47626394,43814791,0,0,0.000000000000,0.000000000000
810720,False,False,excluded,excluded,non_list1,non_list1,insufficient_positive_pre_months|direct_policy_scope_overlap,insufficient_positive_pre_months|direct_policy_scope_overlap,21,18,24,22,719818,573001,0,0,0.000000000000,0.000000000000
810730,False,False,excluded,excluded,non_list1,non_list1,insufficient_positive_pre_months|direct_policy_scope_overlap,insufficient_positive_pre_months|direct_policy_scope_overlap,0,0,24,22,0,0,0,0,0.000000000000,0.000000000000
810790,False,False,excluded,excluded,non_list1,non_list1,insufficient_positive_pre_months|direct_policy_scope_overlap,insufficient_positive_pre_months|direct_policy_scope_overlap,7,6,24,22,77353,74963,0,0,0.000000000000,0.000000000000
810820,False,False,excluded,excluded,non_list1,non_list1,direct_policy_scope_overlap,direct_policy_scope_overlap,25,23,24,22,6239314,6172899,0,0,0.000000000000,0.000000000000
810830,False,False,excluded,excluded,non_list1,non_list1,direct_policy_scope_overlap,direct_policy_scope_overlap,28,25,24,22,7706221,7010782,0,0,0.000000000000,0.000000000000
810890,False,False,excluded,excluded,non_list1,non_list1,direct_policy_scope_overlap,direct_policy_scope_overlap,29,26,24,22,103468323,90539284,0,0,0.000000000000,0.000000000000
810920,False,False,excluded,excluded,non_list1,non_list1,insufficient_positive_pre_months,insufficient_positive_pre_months,23,20,24,22,26950015,23942595,0,0,0.000000000000,0.000000000000
810930,False,False,excluded,excluded,non_list1,non_list1,insufficient_positive_pre_months|direct_policy_scope_overlap,insufficient_positive_pre_months|direct_policy_scope_overlap,2,2,24,22,9923,9923,0,0,0.000000000000,0.000000000000
810990,False,False,excluded,excluded,non_list1,non_list1,direct_policy_scope_overlap,direct_policy_scope_overlap,25,22,24,22,1221765,935405,0,0,0.000000000000,0.000000000000
811010,False,False,control_candidate,control_candidate,non_list1,non_list1,,,29,26,24,22,62897027,58172265,0,0,0.000000000000,0.000000000000
811020,False,False,excluded,excluded,non_list1,non_list1,insufficient_positive_pre_months,insufficient_positive_pre_months,4,2,24,22,689120,300884,0,0,0.000000000000,0.000000000000
811090,False,False,excluded,excluded,non_list1,non_list1,insufficient_positive_pre_months,insufficient_positive_pre_months,13,11,24,22,2624665,2068647,0,0,0.000000000000,0.000000000000
811100,False,False,control_candidate,control_candidate,non_list1,non_list1,,,29,26,24,22,66425902,57632191,0,0,0.000000000000,0.000000000000
811212,False,False,excluded,excluded,non_list1,non_list1,insufficient_positive_pre_months|direct_policy_scope_overlap,insufficient_positive_pre_months|direct_policy_scope_overlap,0,0,24,22,0,0,0,0,0.000000000000,0.000000000000
811213,False,False,excluded,excluded,non_list1,non_list1,insufficient_positive_pre_months|direct_policy_scope_overlap,insufficient_positive_pre_months|direct_policy_scope_overlap,0,0,24,22,0,0,0,0,0.000000000000,0.000000000000
811219,False,False,excluded,excluded,non_list1,non_list1,insufficient_positive_pre_months|direct_policy_scope_overlap,insufficient_positive_pre_months|direct_policy_scope_overlap,2,2,24,22,324405,324405,0,0,0.000000000000,0.000000000000
811221,False,False,control_candidate,control_candidate,non_list1,non_list1,,,29,26,24,22,36544871,31874166,0,0,0.000000000000,0.000000000000
811222,False,False,excluded,excluded,non_list1,non_list1,insufficient_positive_pre_months,insufficient_positive_pre_months,4,3,24,22,76325,36750,0,0,0.000000000000,0.000000000000
811229,False,False,excluded,excluded,non_list1,non_list1,direct_policy_scope_overlap,direct_policy_scope_overlap,29,26,24,22,11084765,9883561,0,0,0.000000000000,0.000000000000
811252,True,True,excluded,,non_list1,,insufficient_positive_pre_months|direct_policy_scope_overlap,,0,,24,,0,,0,,0.000000000000,
811259,False,False,excluded,excluded,non_list1,non_list1,insufficient_positive_pre_months|direct_policy_scope_overlap,insufficient_positive_pre_months|direct_policy_scope_overlap,0,0,24,22,0,0,0,0,0.000000000000,0.000000000000
811292,False,False,excluded,excluded,non_list1,non_list1,direct_policy_scope_overlap,direct_policy_scope_overlap,29,26,24,22,76689375,63241697,0,0,0.000000000000,0.000000000000
811299,False,False,excluded,excluded,non_list1,non_list1,direct_policy_scope_overlap,direct_policy_scope_overlap,29,26,24,22,23411283,21418840,0,0,0.000000000000,0.000000000000
811300,False,False,excluded,excluded,non_list1,non_list1,direct_policy_scope_overlap,direct_policy_scope_overlap,29,26,24,22,9787521,8096388,0,0,0.000000000000,0.000000000000
820110,False,False,excluded,excluded,non_list1,non_list1,direct_policy_scope_overlap,direct_policy_scope_overlap,29,26,24,22,82080856,74496416,0,0,0.000000000000,0.000000000000
820130,False,False,excluded,excluded,non_list1,non_list1,direct_policy_scope_overlap,direct_policy_scope_overlap,29,26,24,22,65916756,59675788,0,0,0.000000000000,0.000000000000
820140,False,False,excluded,excluded,non_list1,non_list1,direct_policy_scope_overlap,direct_policy_scope_overlap,29,26,24,22,33440883,30712495,0,0,0.000000000000,0.000000000000
820150,False,False,excluded,excluded,non_list1,non_list1,direct_policy_scope_overlap,direct_policy_scope_overlap,29,26,24,22,39922213,34909278,0,0,0.000000000000,0.000000000000
820160,False,False,excluded,excluded,non_list1,non_list1,direct_policy_scope_overlap,direct_policy_scope_overlap,29,26,24,22,67109259,59619349,0,0,0.000000000000,0.000000000000
820190,False,False,excluded,excluded,non_list1,non_list1,direct_policy_scope_overlap,direct_policy_scope_overlap,29,26,24,22,78768253,68475675,0,0,0.000000000000,0.000000000000
820210,False,False,excluded,excluded,non_list1,non_list1,direct_policy_scope_overlap,direct_policy_scope_overlap,29,26,24,22,61358034,55551817,0,0,0.000000000000,0.000000000000
820220,False,False,excluded,excluded,non_list1,non_list1,direct_policy_scope_overlap,direct_policy_scope_overlap,29,26,24,22,6872257,5913911,0,0,0.000000000000,0.000000000000
820231,False,False,excluded,excluded,non_list1,non_list1,direct_policy_scope_overlap,direct_policy_scope_overlap,29,26,24,22,102657226,93264500,0,0,0.000000000000,0.000000000000
820239,False,False,excluded,excluded,non_list1,non_list1,direct_policy_scope_overlap,direct_policy_scope_overlap,29,26,24,22,145500983,130266956,0,0,0.000000000000,0.000000000000
820240,False,False,excluded,excluded,non_list1,non_list1,direct_policy_scope_overlap,direct_policy_scope_overlap,29,26,24,22,13515883,12271821,0,0,0.000000000000,0.000000000000
820291,False,False,excluded,excluded,non_list1,non_list1,direct_policy_scope_overlap,direct_policy_scope_overlap,29,26,24,22,33186547,30498319,0,0,0.000000000000,0.000000000000
820299,False,False,excluded,excluded,non_list1,non_list1,direct_policy_scope_overlap,direct_policy_scope_overlap,29,26,24,22,84047933,74818907,0,0,0.000000000000,0.000000000000
820310,False,False,excluded,excluded,non_list1,non_list1,direct_policy_scope_overlap,direct_policy_scope_overlap,29,26,24,22,27081846,24501512,0,0,0.000000000000,0.000000000000
820320,False,False,excluded,excluded,non_list1,non_list1,direct_policy_scope_overlap,direct_policy_scope_overlap,29,26,24,22,314671309,282755739,0,0,0.000000000000,0.000000000000
820330,False,False,excluded,excluded,non_list1,non_list1,direct_policy_scope_overlap,direct_policy_scope_overlap,29,26,24,22,55887038,49928588,0,0,0.000000000000,0.000000000000
820340,False,False,excluded,excluded,non_list1,non_list1,direct_policy_scope_overlap,direct_policy_scope_overlap,29,26,24,22,79037484,69448038,0,0,0.000000000000,0.000000000000
820411,False,False,excluded,excluded,non_list1,non_list1,direct_policy_scope_overlap,direct_policy_scope_overlap,29,26,24,22,294640224,261897164,0,0,0.000000000000,0.000000000000
820412,False,False,excluded,excluded,non_list1,non_list1,direct_policy_scope_overlap,direct_policy_scope_overlap,29,26,24,22,164176672,150385713,0,0,0.000000000000,0.000000000000
820420,False,False,excluded,excluded,non_list1,non_list1,direct_policy_scope_overlap,direct_policy_scope_overlap,29,26,24,22,205783115,183922538,0,0,0.000000000000,0.000000000000
820510,False,False,excluded,excluded,non_list1,non_list1,direct_policy_scope_overlap,direct_policy_scope_overlap,29,26,24,22,11568361,10669916,0,0,0.000000000000,0.000000000000
820520,False,False,excluded,excluded,non_list1,non_list1,direct_policy_scope_overlap,direct_policy_scope_overlap,29,26,24,22,96592697,87672015,0,0,0.000000000000,0.000000000000
820530,False,False,excluded,excluded,non_list1,non_list1,direct_policy_scope_overlap,direct_policy_scope_overlap,29,26,24,22,31119120,28201421,0,0,0.000000000000,0.000000000000
820540,False,False,excluded,excluded,non_list1,non_list1,direct_policy_scope_overlap,direct_policy_scope_overlap,29,26,24,22,165538323,149036982,0,0,0.000000000000,0.000000000000
820551,False,False,excluded,excluded,non_list1,non_list1,direct_policy_scope_overlap,direct_policy_scope_overlap,29,26,24,22,463588053,421572090,0,0,0.000000000000,0.000000000000
820559,False,False,excluded,excluded,non_list1,non_list1,direct_policy_scope_overlap,direct_policy_scope_overlap,29,26,24,22,489914593,438784152,0,0,0.000000000000,0.000000000000
820560,False,False,excluded,excluded,non_list1,non_list1,direct_policy_scope_overlap,direct_policy_scope_overlap,29,26,24,22,25776308,23596653,0,0,0.000000000000,0.000000000000
820570,False,False,excluded,excluded,non_list1,non_list1,direct_policy_scope_overlap,direct_policy_scope_overlap,29,26,24,22,238672286,214429860,0,0,0.000000000000,0.000000000000
820590,False,False,excluded,excluded,non_list1,non_list1,direct_policy_scope_overlap,direct_policy_scope_overlap,29,26,24,22,4051205,3536037,0,0,0.000000000000,0.000000000000
820600,False,False,excluded,excluded,non_list1,non_list1,direct_policy_scope_overlap,direct_policy_scope_overlap,29,26,24,22,185595274,163944563,0,0,0.000000000000,0.000000000000
820713,False,False,excluded,excluded,non_list1,non_list1,direct_policy_scope_overlap,direct_policy_scope_overlap,29,26,24,22,20307069,18148020,0,0,0.000000000000,0.000000000000
820719,False,False,excluded,excluded,non_list1,non_list1,direct_policy_scope_overlap,direct_policy_scope_overlap,29,26,24,22,92049377,79406271,0,0,0.000000000000,0.000000000000
820720,False,False,excluded,excluded,non_list1,non_list1,direct_policy_scope_overlap,direct_policy_scope_overlap,29,26,24,22,24999250,21354989,0,0,0.000000000000,0.000000000000
820730,False,False,excluded,excluded,non_list1,non_list1,direct_policy_scope_overlap,direct_policy_scope_overlap,29,26,24,22,492228620,426584237,0,0,0.000000000000,0.000000000000
820740,False,False,excluded,excluded,non_list1,non_list1,direct_policy_scope_overlap,direct_policy_scope_overlap,29,26,24,22,40323264,36104771,0,0,0.000000000000,0.000000000000
820750,False,False,excluded,excluded,non_list1,non_list1,direct_policy_scope_overlap,direct_policy_scope_overlap,29,26,24,22,525967801,465970041,0,0,0.000000000000,0.000000000000
820760,False,False,excluded,excluded,non_list1,non_list1,direct_policy_scope_overlap,direct_policy_scope_overlap,29,26,24,22,16431217,14919672,0,0,0.000000000000,0.000000000000
820770,False,False,excluded,excluded,non_list1,non_list1,direct_policy_scope_overlap,direct_policy_scope_overlap,29,26,24,22,175674279,160446436,0,0,0.000000000000,0.000000000000
820780,False,False,excluded,excluded,non_list1,non_list1,direct_policy_scope_overlap,direct_policy_scope_overlap,29,26,24,22,11956941,10342828,0,0,0.000000000000,0.000000000000
820790,False,False,excluded,excluded,non_list1,non_list1,direct_policy_scope_overlap,direct_policy_scope_overlap,29,26,24,22,406564138,367903871,0,0,0.000000000000,0.000000000000
820810,False,False,excluded,excluded,non_list1,non_list1,direct_policy_scope_overlap,direct_policy_scope_overlap,29,26,24,22,11306117,10044718,0,0,0.000000000000,0.000000000000
820820,False,False,excluded,excluded,non_list1,non_list1,direct_policy_scope_overlap,direct_policy_scope_overlap,29,26,24,22,26894559,24008615,0,0,0.000000000000,0.000000000000
820830,False,False,excluded,excluded,non_list1,non_list1,direct_policy_scope_overlap,direct_policy_scope_overlap,29,26,24,22,24666842,20601272,0,0,0.000000000000,0.000000000000
820840,False,False,excluded,excluded,non_list1,non_list1,direct_policy_scope_overlap,direct_policy_scope_overlap,29,26,24,22,36930000,32646840,0,0,0.000000000000,0.000000000000
820890,False,False,excluded,excluded,non_list1,non_list1,direct_policy_scope_overlap,direct_policy_scope_overlap,29,26,24,22,49140879,43327401,0,0,0.000000000000,0.000000000000
820900,False,False,excluded,excluded,non_list1,non_list1,direct_policy_scope_overlap,direct_policy_scope_overlap,29,26,24,22,120411202,100236861,0,0,0.000000000000,0.000000000000
821000,False,False,excluded,excluded,non_list1,non_list1,direct_policy_scope_overlap,direct_policy_scope_overlap,29,26,24,22,285012876,261418082,0,0,0.000000000000,0.000000000000
821110,False,False,control_candidate,control_candidate,non_list1,non_list1,,,29,26,24,22,142858668,132672815,0,0,0.000000000000,0.000000000000
821191,False,False,control_candidate,control_candidate,non_list1,non_list1,,,29,26,24,22,162407484,149965612,0,0,0.000000000000,0.000000000000
821192,False,False,control_candidate,control_candidate,non_list1,non_list1,,,29,26,24,22,367086949,341114907,0,0,0.000000000000,0.000000000000
821193,False,False,excluded,excluded,non_list1,non_list1,direct_policy_scope_overlap,direct_policy_scope_overlap,29,26,24,22,440514811,402039863,0,0,0.000000000000,0.000000000000
821194,False,False,excluded,excluded,non_list1,non_list1,direct_policy_scope_overlap,direct_policy_scope_overlap,29,26,24,22,15514177,13746599,0,0,0.000000000000,0.000000000000
821195,False,False,excluded,excluded,non_list1,non_list1,direct_policy_scope_overlap,direct_policy_scope_overlap,29,26,24,22,3775382,3272794,0,0,0.000000000000,0.000000000000
821210,False,False,control_candidate,control_candidate,non_list1,non_list1,,,29,26,24,22,111413365,100783232,0,0,0.000000000000,0.000000000000
821220,False,False,control_candidate,control_candidate,non_list1,non_list1,,,29,26,24,22,108726347,99745822,0,0,0.000000000000,0.000000000000
821290,False,False,control_candidate,control_candidate,non_list1,non_list1,,,29,26,24,22,24560251,19016352,0,0,0.000000000000,0.000000000000
821300,False,False,control_candidate,control_candidate,non_list1,non_list1,,,29,26,24,22,236108309,210293696,0,0,0.000000000000,0.000000000000
821410,False,False,control_candidate,control_candidate,non_list1,non_list1,,,29,26,24,22,43103956,37923388,0,0,0.000000000000,0.000000000000
821420,False,False,control_candidate,control_candidate,non_list1,non_list1,,,29,26,24,22,161359286,147666641,0,0,0.000000000000,0.000000000000
821490,False,False,control_candidate,control_candidate,non_list1,non_list1,,,29,26,24,22,40378214,37249347,0,0,0.000000000000,0.000000000000
821510,False,False,control_candidate,control_candidate,non_list1,non_list1,,,29,26,24,22,5730869,5479853,0,0,0.000000000000,0.000000000000
821520,False,False,excluded,excluded,non_list1,non_list1,direct_policy_scope_overlap,direct_policy_scope_overlap,29,26,24,22,330765866,301849431,0,0,0.000000000000,0.000000000000
821591,False,False,control_candidate,control_candidate,non_list1,non_list1,,,29,26,24,22,4704643,4000864,0,0,0.000000000000,0.000000000000
821599,False,False,excluded,excluded,non_list1,non_list1,direct_policy_scope_overlap,direct_policy_scope_overlap,29,26,24,22,421930419,381979046,0,0,0.000000000000,0.000000000000
830110,False,False,control_candidate,control_candidate,non_list1,non_list1,,,29,26,24,22,328232298,294253281,0,0,0.000000000000,0.000000000000
830120,False,False,excluded,excluded,non_list1,non_list1,direct_policy_scope_overlap,direct_policy_scope_overlap,29,26,24,22,144568065,132624374,0,0,0.000000000000,0.000000000000
830130,False,False,control_candidate,control_candidate,non_list1,non_list1,,,29,26,24,22,31015101,27902496,0,0,0.000000000000,0.000000000000
830140,False,False,control_candidate,control_candidate,non_list1,non_list1,,,29,26,24,22,631754846,561997865,0,0,0.000000000000,0.000000000000
830150,False,False,control_candidate,control_candidate,non_list1,non_list1,,,29,26,24,22,4441555,4082966,0,0,0.000000000000,0.000000000000
830160,False,False,control_candidate,control_candidate,non_list1,non_list1,,,29,26,24,22,370795648,329045952,0,0,0.000000000000,0.000000000000
830170,False,False,control_candidate,control_candidate,non_list1,non_list1,,,29,26,24,22,32899840,28550314,0,0,0.000000000000,0.000000000000
830210,False,False,excluded,excluded,non_list1,non_list1,direct_policy_scope_overlap,direct_policy_scope_overlap,29,26,24,22,737018510,665040190,0,0,0.000000000000,0.000000000000
830220,False,False,excluded,excluded,non_list1,non_list1,direct_policy_scope_overlap,direct_policy_scope_overlap,29,26,24,22,149814652,133965119,0,0,0.000000000000,0.000000000000
830230,False,False,excluded,excluded,non_list1,non_list1,direct_policy_scope_overlap,direct_policy_scope_overlap,29,26,24,22,974765949,853122480,0,0,0.000000000000,0.000000000000
830241,False,False,excluded,excluded,non_list1,non_list1,direct_policy_scope_overlap,direct_policy_scope_overlap,29,26,24,22,2039822329,1833065787,0,0,0.000000000000,0.000000000000
830242,False,False,control_candidate,control_candidate,non_list1,non_list1,,,29,26,24,22,843819814,765744661,0,0,0.000000000000,0.000000000000
830249,False,False,excluded,excluded,non_list1,non_list1,direct_policy_scope_overlap,direct_policy_scope_overlap,29,26,24,22,347494403,313709877,0,0,0.000000000000,0.000000000000
830250,False,False,excluded,excluded,non_list1,non_list1,direct_policy_scope_overlap,direct_policy_scope_overlap,29,26,24,22,1726944701,1544247426,0,0,0.000000000000,0.000000000000
830260,False,False,excluded,excluded,non_list1,non_list1,direct_policy_scope_overlap,direct_policy_scope_overlap,29,26,24,22,131544684,116936706,0,0,0.000000000000,0.000000000000
830300,False,False,excluded,excluded,non_list1,non_list1,direct_policy_scope_overlap,direct_policy_scope_overlap,29,26,24,22,601417909,545624359,0,0,0.000000000000,0.000000000000
830400,False,False,control_candidate,control_candidate,non_list1,non_list1,,,29,26,24,22,109058002,96433570,0,0,0.000000000000,0.000000000000
830510,False,False,control_candidate,control_candidate,non_list1,non_list1,,,29,26,24,22,64941428,60562326,0,0,0.000000000000,0.000000000000
830520,False,False,control_candidate,control_candidate,non_list1,non_list1,,,29,26,24,22,176159097,156316671,0,0,0.000000000000,0.000000000000
830590,False,False,control_candidate,control_candidate,non_list1,non_list1,,,29,26,24,22,70683779,63891570,0,0,0.000000000000,0.000000000000
830610,False,False,control_candidate,control_candidate,non_list1,non_list1,,,29,26,24,22,114022244,106594164,0,0,0.000000000000,0.000000000000
830621,False,False,control_candidate,control_candidate,non_list1,non_list1,,,29,26,24,22,6775415,6234937,0,0,0.000000000000,0.000000000000
830629,False,False,control_candidate,control_candidate,non_list1,non_list1,,,29,26,24,22,1225451293,1110437593,0,0,0.000000000000,0.000000000000
830630,False,False,excluded,excluded,non_list1,non_list1,direct_policy_scope_overlap,direct_policy_scope_overlap,29,26,24,22,192447693,177615453,0,0,0.000000000000,0.000000000000
830710,False,False,excluded,excluded,non_list1,non_list1,direct_policy_scope_overlap,direct_policy_scope_overlap,29,26,24,22,113945857,102893225,0,0,0.000000000000,0.000000000000
830790,False,False,excluded,excluded,non_list1,non_list1,direct_policy_scope_overlap,direct_policy_scope_overlap,29,26,24,22,51665714,46071532,0,0,0.000000000000,0.000000000000
830810,False,False,excluded,excluded,non_list1,non_list1,direct_policy_scope_overlap,direct_policy_scope_overlap,29,26,24,22,19991734,18155991,0,0,0.000000000000,0.000000000000
830820,False,False,excluded,excluded,non_list1,non_list1,direct_policy_scope_overlap,direct_policy_scope_overlap,29,26,24,22,27677777,24582849,0,0,0.000000000000,0.000000000000
830890,False,False,excluded,excluded,non_list1,non_list1,direct_policy_scope_overlap,direct_policy_scope_overlap,29,26,24,22,95097660,86365104,0,0,0.000000000000,0.000000000000
830910,False,False,excluded,excluded,non_list1,non_list1,direct_policy_scope_overlap,direct_policy_scope_overlap,25,22,24,22,610277,572419,0,0,0.000000000000,0.000000000000
830990,False,False,excluded,excluded,non_list1,non_list1,direct_policy_scope_overlap,direct_policy_scope_overlap,29,26,24,22,295058157,264896011,0,0,0.000000000000,0.000000000000
831000,False,False,excluded,excluded,non_list1,non_list1,direct_policy_scope_overlap,direct_policy_scope_overlap,29,26,24,22,118369433,107153107,0,0,0.000000000000,0.000000000000
831110,False,False,excluded,excluded,non_list1,non_list1,direct_policy_scope_overlap,direct_policy_scope_overlap,29,26,24,22,15931683,14428618,0,0,0.000000000000,0.000000000000
831120,False,False,excluded,excluded,non_list1,non_list1,direct_policy_scope_overlap,direct_policy_scope_overlap,29,26,24,22,18653974,16578519,0,0,0.000000000000,0.000000000000
831130,False,False,excluded,excluded,non_list1,non_list1,direct_policy_scope_overlap,direct_policy_scope_overlap,29,26,24,22,9142298,7992577,0,0,0.000000000000,0.000000000000
831190,False,False,excluded,excluded,non_list1,non_list1,direct_policy_scope_overlap,direct_policy_scope_overlap,29,26,24,22,45485347,41684787,0,0,0.000000000000,0.000000000000
840110,False,False,excluded,excluded,pure_list1,pure_list1,insufficient_positive_pre_months,insufficient_positive_pre_months,1,1,24,22,5154,5154,5154,5154,1.000000000000,1.000000000000
840120,False,False,excluded,excluded,pure_list1,pure_list1,insufficient_positive_pre_months,insufficient_positive_pre_months,6,5,24,22,98899,55769,98899,55769,1.000000000000,1.000000000000
840130,False,False,excluded,excluded,pure_list1,pure_list1,insufficient_positive_pre_months,insufficient_positive_pre_months,1,1,24,22,42000,42000,42000,42000,1.000000000000,1.000000000000
840140,False,False,excluded,excluded,pure_list1,pure_list1,insufficient_positive_pre_months,insufficient_positive_pre_months,1,1,24,22,2772,2772,2772,2772,1.000000000000,1.000000000000
840211,False,False,excluded,excluded,pure_list1,pure_list1,insufficient_positive_pre_months,insufficient_positive_pre_months,6,6,24,22,22387595,22387595,22387595,22387595,1.000000000000,1.000000000000
840212,False,False,excluded,excluded,pure_list1,pure_list1,insufficient_positive_pre_months,insufficient_positive_pre_months,6,5,24,22,109654,107533,109654,107533,1.000000000000,1.000000000000
840219,False,False,excluded,excluded,pure_list1,pure_list1,insufficient_positive_pre_months,insufficient_positive_pre_months,12,11,24,22,989463,920863,989463,920863,1.000000000000,1.000000000000
840220,False,False,excluded,excluded,pure_list1,pure_list1,insufficient_positive_pre_months,insufficient_positive_pre_months,6,4,24,22,1055482,475432,1055482,475432,1.000000000000,1.000000000000
840290,False,False,treated_candidate,treated_candidate,pure_list1,pure_list1,,,29,26,24,22,179490413,170161077,179490413,170161077,1.000000000000,1.000000000000
840310,False,False,control_candidate,control_candidate,non_list1,non_list1,,,27,24,24,22,8496909,7291854,0,0,0.000000000000,0.000000000000
840390,False,False,control_candidate,control_candidate,non_list1,non_list1,,,29,26,24,22,33928560,30838874,0,0,0.000000000000,0.000000000000
840410,False,False,excluded,excluded,non_list1,non_list1,direct_policy_scope_overlap,insufficient_positive_pre_months|direct_policy_scope_overlap,24,21,24,22,11804683,10105443,0,0,0.000000000000,0.000000000000
840420,False,False,excluded,excluded,pure_list1,pure_list1,insufficient_positive_pre_months,insufficient_positive_pre_months,22,19,24,22,3319415,2941414,3319415,2941414,1.000000000000,1.000000000000
840490,False,False,treated_candidate,treated_candidate,pure_list1,pure_list1,,,29,26,24,22,25360824,18954190,25360824,18954190,1.000000000000,1.000000000000
840510,False,False,treated_candidate,treated_candidate,pure_list1,pure_list1,,,29,26,24,22,3693923,3535494,3693923,3535494,1.000000000000,1.000000000000
840590,False,False,treated_candidate,treated_candidate,pure_list1,pure_list1,,,28,25,24,22,7389276,6865434,7389276,6865434,1.000000000000,1.000000000000
840610,False,False,excluded,excluded,non_list1,non_list1,insufficient_positive_pre_months|direct_policy_scope_overlap,insufficient_positive_pre_months|direct_policy_scope_overlap,0,0,24,22,0,0,0,0,0.000000000000,0.000000000000
840681,False,False,excluded,excluded,non_list1,non_list1,insufficient_positive_pre_months|direct_policy_scope_overlap,insufficient_positive_pre_months|direct_policy_scope_overlap,0,0,24,22,0,0,0,0,0.000000000000,0.000000000000
840682,False,True,excluded,excluded,mixed_list1,pure_list1,insufficient_positive_pre_months|mixed_list1_pre_value_share,insufficient_positive_pre_months|concurrent_policy_scope_overlap,3,2,24,22,15901,11434,11434,11434,0.719074272058,1.000000000000
840690,False,False,excluded,excluded,non_list1,non_list1,direct_policy_scope_overlap,direct_policy_scope_overlap,29,26,24,22,27449174,25646439,0,0,0.000000000000,0.000000000000
840710,False,False,excluded,excluded,pure_list1,pure_list1,insufficient_positive_pre_months,insufficient_positive_pre_months,6,5,24,22,122871,118371,122871,118371,1.000000000000,1.000000000000
840721,False,False,treated_candidate,treated_candidate,pure_list1,pure_list1,,,29,26,24,22,308319268,273398233,308319268,273398233,1.000000000000,1.000000000000
840729,False,False,treated_candidate,treated_candidate,pure_list1,pure_list1,,,29,26,24,22,31794019,27829863,31794019,27829863,1.000000000000,1.000000000000
840731,False,False,excluded,excluded,non_list1,non_list1,insufficient_positive_pre_months|direct_policy_scope_overlap,insufficient_positive_pre_months|direct_policy_scope_overlap,21,19,24,22,422731,413421,0,0,0.000000000000,0.000000000000
840732,False,False,excluded,excluded,non_list1,non_list1,direct_policy_scope_overlap,direct_policy_scope_overlap,29,26,24,22,25951812,22318015,0,0,0.000000000000,0.000000000000
840733,False,False,excluded,excluded,non_list1,non_list1,direct_policy_scope_overlap,direct_policy_scope_overlap,29,26,24,22,90998295,78955371,0,0,0.000000000000,0.000000000000
840734,False,False,excluded,excluded,non_list1,non_list1,direct_policy_scope_overlap,direct_policy_scope_overlap,28,25,24,22,70125889,50652131,0,0,0.000000000000,0.000000000000
840790,False,False,excluded,excluded,non_list1,non_list1,direct_policy_scope_overlap,direct_policy_scope_overlap,29,26,24,22,983364631,853674679,0,0,0.000000000000,0.000000000000
840810,False,False,excluded,excluded,pure_list1,pure_list1,insufficient_positive_pre_months,insufficient_positive_pre_months,20,18,24,22,441633,423542,441633,423542,1.000000000000,1.000000000000
840820,False,False,excluded,excluded,non_list1,non_list1,direct_policy_scope_overlap,direct_policy_scope_overlap,29,26,24,22,124412834,105542640,0,0,0.000000000000,0.000000000000
840890,False,False,treated_candidate,treated_candidate,pure_list1,pure_list1,,,29,26,24,22,255636673,215923922,255636673,215923922,1.000000000000,1.000000000000
840910,False,False,treated_candidate,treated_candidate,pure_list1,pure_list1,,,29,26,24,22,2238689,2156839,2238689,2156839,1.000000000000,1.000000000000
840991,False,False,excluded,excluded,non_list1,non_list1,direct_policy_scope_overlap,direct_policy_scope_overlap,29,26,24,22,1214385867,1064683290,0,0,0.000000000000,0.000000000000
840999,False,False,excluded,excluded,non_list1,non_list1,direct_policy_scope_overlap,direct_policy_scope_overlap,29,26,24,22,875233352,755793387,0,0,0.000000000000,0.000000000000
841011,False,False,excluded,excluded,pure_list1,pure_list1,insufficient_positive_pre_months,insufficient_positive_pre_months,7,6,24,22,216608,79108,216608,79108,1.000000000000,1.000000000000
841012,False,False,excluded,excluded,pure_list1,pure_list1,insufficient_positive_pre_months,insufficient_positive_pre_months,4,2,24,22,905700,322000,905700,322000,1.000000000000,1.000000000000
841013,False,False,excluded,excluded,non_list1,non_list1,insufficient_positive_pre_months|direct_policy_scope_overlap,insufficient_positive_pre_months|direct_policy_scope_overlap,0,0,24,22,0,0,0,0,0.000000000000,0.000000000000
841090,False,False,treated_candidate,treated_candidate,pure_list1,pure_list1,,,29,26,24,22,44216476,30773291,44216476,30773291,1.000000000000,1.000000000000
841111,False,False,excluded,excluded,pure_list1,pure_list1,insufficient_positive_pre_months,insufficient_positive_pre_months,3,3,24,22,18297,18297,18297,18297,1.000000000000,1.000000000000
841112,False,False,excluded,excluded,pure_list1,pure_list1,insufficient_positive_pre_months,insufficient_positive_pre_months,14,11,24,22,81788845,67963200,81788845,67963200,1.000000000000,1.000000000000
841121,False,False,excluded,excluded,pure_list1,pure_list1,insufficient_positive_pre_months,insufficient_positive_pre_months,4,4,24,22,147853,147853,147853,147853,1.000000000000,1.000000000000
841122,False,False,excluded,excluded,non_list1,non_list1,insufficient_positive_pre_months|direct_policy_scope_overlap,insufficient_positive_pre_months|direct_policy_scope_overlap,0,0,24,22,0,0,0,0,0.000000000000,0.000000000000
841181,False,False,excluded,excluded,pure_list1,pure_list1,insufficient_positive_pre_months,insufficient_positive_pre_months,20,20,24,22,1165461,1165461,1165461,1165461,1.000000000000,1.000000000000
841182,False,False,excluded,excluded,pure_list1,pure_list1,insufficient_positive_pre_months,insufficient_positive_pre_months,3,3,24,22,8398520,8398520,8398520,8398520,1.000000000000,1.000000000000
841191,False,False,treated_candidate,treated_candidate,pure_list1,pure_list1,,,29,26,24,22,790930887,706917126,790930887,706917126,1.000000000000,1.000000000000
841199,False,False,treated_candidate,treated_candidate,pure_list1,pure_list1,,,29,26,24,22,514423502,475805504,514423502,475805504,1.000000000000,1.000000000000
841210,False,False,excluded,excluded,pure_list1,pure_list1,insufficient_positive_pre_months,insufficient_positive_pre_months,21,19,24,22,772416,692574,772416,692574,1.000000000000,1.000000000000
841221,False,False,treated_candidate,treated_candidate,pure_list1,pure_list1,,,29,26,24,22,379150937,324221422,379150937,324221422,1.000000000000,1.000000000000
841229,False,False,treated_candidate,treated_candidate,pure_list1,pure_list1,,,29,26,24,22,112278869,96529060,112278869,96529060,1.000000000000,1.000000000000
841231,False,False,treated_candidate,treated_candidate,pure_list1,pure_list1,,,29,26,24,22,74889751,66360122,74889751,66360122,1.000000000000,1.000000000000
841239,False,False,treated_candidate,treated_candidate,pure_list1,pure_list1,,,29,26,24,22,46286522,39695665,46286522,39695665,1.000000000000,1.000000000000
841280,False,False,treated_candidate,treated_candidate,pure_list1,pure_list1,,,29,26,24,22,26304482,23552422,26304482,23552422,1.000000000000,1.000000000000
841290,False,False,excluded,excluded,mixed_list1,mixed_list1,mixed_list1_pre_value_share,mixed_list1_pre_value_share,29,26,24,22,2450013690,2267227785,898439,646344,0.000366707747,0.000285081192
841311,False,False,excluded,excluded,non_list1,non_list1,direct_policy_scope_overlap,direct_policy_scope_overlap,29,26,24,22,17627792,15465015,0,0,0.000000000000,0.000000000000
841319,False,False,treated_candidate,treated_candidate,pure_list1,pure_list1,,,29,26,24,22,50374351,44122269,50374351,44122269,1.000000000000,1.000000000000
841320,False,False,excluded,excluded,non_list1,non_list1,direct_policy_scope_overlap,direct_policy_scope_overlap,29,26,24,22,252061652,227519367,0,0,0.000000000000,0.000000000000
841330,False,False,excluded,excluded,non_list1,non_list1,direct_policy_scope_overlap,direct_policy_scope_overlap,29,26,24,22,708933321,630810028,0,0,0.000000000000,0.000000000000
841340,False,False,excluded,excluded,pure_list1,pure_list1,insufficient_positive_pre_months,insufficient_positive_pre_months,19,17,24,22,1408520,1247451,1408520,1247451,1.000000000000,1.000000000000
841350,False,False,treated_candidate,treated_candidate,pure_list1,pure_list1,,,29,26,24,22,494466225,432171840,494466225,432171840,1.000000000000,1.000000000000
841360,False,False,treated_candidate,treated_candidate,pure_list1,pure_list1,,,29,26,24,22,384101003,334739606,384101003,334739606,1.000000000000,1.000000000000
841370,False,False,treated_candidate,treated_candidate,pure_list1,pure_list1,,,29,26,24,22,850656385,745681247,850656385,745681247,1.000000000000,1.000000000000
841381,False,False,treated_candidate,treated_candidate,pure_list1,pure_list1,,,29,26,24,22,310429964,279173470,310429964,279173470,1.000000000000,1.000000000000
841382,False,False,treated_candidate,treated_candidate,pure_list1,pure_list1,,,27,24,24,22,1701726,1404210,1701726,1404210,1.000000000000,1.000000000000
841391,False,False,treated_candidate,treated_candidate,pure_list1,pure_list1,,,29,26,24,22,1849000152,1624260942,1849000152,1624260942,1.000000000000,1.000000000000
841392,False,False,excluded,excluded,non_list1,non_list1,direct_policy_scope_overlap,direct_policy_scope_overlap,29,26,24,22,15147457,12850861,0,0,0.000000000000,0.000000000000
841410,False,False,excluded,excluded,non_list1,non_list1,direct_policy_scope_overlap,direct_policy_scope_overlap,29,26,24,22,163366814,144340514,0,0,0.000000000000,0.000000000000
841420,False,False,excluded,excluded,non_list1,non_list1,direct_policy_scope_overlap,direct_policy_scope_overlap,29,26,24,22,73602492,64656837,0,0,0.000000000000,0.000000000000
841430,False,False,treated_candidate,treated_candidate,pure_list1,pure_list1,,,29,26,24,22,876671860,779035505,876671860,779035505,1.000000000000,1.000000000000
841440,False,False,excluded,excluded,non_list1,non_list1,direct_policy_scope_overlap,direct_policy_scope_overlap,29,26,24,22,3197483,2600505,0,0,0.000000000000,0.000000000000
841451,False,False,control_candidate,control_candidate,non_list1,non_list1,,,29,26,24,22,3339904022,2864512507,0,0,0.000000000000,0.000000000000
841459,False,False,excluded,excluded,mixed_list1,mixed_list1,mixed_list1_pre_value_share,mixed_list1_pre_value_share,29,26,24,22,1761909056,1527588388,17833288,16247860,0.010121571224,0.010636281427
841460,False,False,excluded,excluded,non_list1,non_list1,direct_policy_scope_overlap,direct_policy_scope_overlap,29,26,24,22,138178032,123632474,0,0,0.000000000000,0.000000000000
841480,False,False,excluded,excluded,mixed_list1,mixed_list1,mixed_list1_pre_value_share,mixed_list1_pre_value_share,29,26,24,22,1085029762,973486678,94865587,85126028,0.087431322460,0.087444471428
841490,False,False,excluded,excluded,mixed_list1,mixed_list1,mixed_list1_pre_value_share,mixed_list1_pre_value_share,29,26,24,22,816893990,719282148,663325222,581293404,0.812008938883,0.808157696693
841510,False,False,excluded,excluded,non_list1,non_list1,direct_policy_scope_overlap,direct_policy_scope_overlap,29,26,24,22,3352263020,2680469287,0,0,0.000000000000,0.000000000000
841520,False,False,excluded,excluded,non_list1,non_list1,direct_policy_scope_overlap,direct_policy_scope_overlap,29,26,24,22,332220304,291702351,0,0,0.000000000000,0.000000000000
841581,False,False,excluded,excluded,non_list1,non_list1,direct_policy_scope_overlap,direct_policy_scope_overlap,29,26,24,22,106244695,89919020,0,0,0.000000000000,0.000000000000
841582,False,False,excluded,excluded,non_list1,non_list1,direct_policy_scope_overlap,direct_policy_scope_overlap,29,26,24,22,962200248,746206206,0,0,0.000000000000,0.000000000000
841583,False,False,excluded,excluded,non_list1,non_list1,direct_policy_scope_overlap,direct_policy_scope_overlap,29,26,24,22,38828792,28885717,0,0,0.000000000000,0.000000000000
841590,False,False,control_candidate,control_candidate,non_list1,non_list1,,,29,26,24,22,1922871235,1679006799,0,0,0.000000000000,0.000000000000
841610,False,False,excluded,excluded,non_list1,non_list1,insufficient_positive_pre_months,insufficient_positive_pre_months,21,18,24,22,4827074,4799475,0,0,0.000000000000,0.000000000000
841620,False,False,control_candidate,control_candidate,non_list1,non_list1,,,29,26,24,22,11541352,10227870,0,0,0.000000000000,0.000000000000
841630,False,False,excluded,excluded,non_list1,non_list1,direct_policy_scope_overlap,direct_policy_scope_overlap,29,26,24,22,16789689,15636799,0,0,0.000000000000,0.000000000000
841690,False,False,treated_candidate,treated_candidate,pure_list1,pure_list1,,,29,26,24,22,69410560,63239390,69410560,63239390,1.000000000000,1.000000000000
841710,False,False,treated_candidate,treated_candidate,pure_list1,pure_list1,,,26,23,24,22,16640239,16351956,16640239,16351956,1.000000000000,1.000000000000
841720,False,False,excluded,excluded,non_list1,non_list1,insufficient_positive_pre_months,insufficient_positive_pre_months,23,20,24,22,777206,675518,0,0,0.000000000000,0.000000000000
841780,False,False,treated_candidate,treated_candidate,pure_list1,pure_list1,,,29,26,24,22,15622324,15191141,15622324,15191141,1.000000000000,1.000000000000
841790,False,False,treated_candidate,treated_candidate,pure_list1,pure_list1,,,29,26,24,22,42810135,37189939,42810135,37189939,1.000000000000,1.000000000000
841810,False,False,excluded,excluded,non_list1,non_list1,direct_policy_scope_overlap,direct_policy_scope_overlap,29,26,24,22,1391278989,1222250340,0,0,0.000000000000,0.000000000000
841821,False,False,excluded,excluded,non_list1,non_list1,direct_policy_scope_overlap,direct_policy_scope_overlap,29,26,24,22,655101590,600429486,0,0,0.000000000000,0.000000000000
841829,False,False,excluded,excluded,non_list1,non_list1,direct_policy_scope_overlap,direct_policy_scope_overlap,29,26,24,22,106027276,89449348,0,0,0.000000000000,0.000000000000
841830,False,False,excluded,excluded,non_list1,non_list1,direct_policy_scope_overlap,direct_policy_scope_overlap,29,26,24,22,411260285,366471167,0,0,0.000000000000,0.000000000000
841840,False,False,excluded,excluded,non_list1,non_list1,direct_policy_scope_overlap,direct_policy_scope_overlap,29,26,24,22,63886259,54965634,0,0,0.000000000000,0.000000000000
841850,False,False,excluded,excluded,non_list1,non_list1,direct_policy_scope_overlap,direct_policy_scope_overlap,29,26,24,22,491151503,424919811,0,0,0.000000000000,0.000000000000
841861,False,False,excluded,excluded,non_list1,non_list1,direct_policy_scope_overlap,direct_policy_scope_overlap,29,26,24,22,6708987,6255426,0,0,0.000000000000,0.000000000000
841869,False,False,treated_candidate,treated_candidate,pure_list1,pure_list1,,,29,26,24,22,1063453519,957835032,1063453519,957835032,1.000000000000,1.000000000000
841891,False,False,excluded,excluded,non_list1,non_list1,direct_policy_scope_overlap,direct_policy_scope_overlap,29,26,24,22,6042004,5804941,0,0,0.000000000000,0.000000000000
841899,False,False,excluded,excluded,non_list1,non_list1,direct_policy_scope_overlap,direct_policy_scope_overlap,29,26,24,22,534466127,477332918,0,0,0.000000000000,0.000000000000
841911,False,False,treated_candidate,treated_candidate,pure_list1,pure_list1,,,29,26,24,22,18064081,14607426,18064081,14607426,1.000000000000,1.000000000000
841919,False,False,treated_candidate,treated_candidate,pure_list1,pure_list1,,,29,26,24,22,12050177,10856978,12050177,10856978,1.000000000000,1.000000000000
841920,True,False,control_candidate,excluded,non_list1,non_list1,,insufficient_positive_pre_months,24,21,24,22,1285565,1091311,0,0,0.000000000000,0.000000000000
841931,False,False,excluded,excluded,pure_list1,pure_list1,insufficient_positive_pre_months,insufficient_positive_pre_months,18,17,24,22,1874005,1165105,1874005,1165105,1.000000000000,1.000000000000
841932,False,False,treated_candidate,treated_candidate,pure_list1,pure_list1,,,29,26,24,22,2457374,2068735,2457374,2068735,1.000000000000,1.000000000000
841939,False,False,treated_candidate,treated_candidate,pure_list1,pure_list1,,,29,26,24,22,63740610,57713292,63740610,57713292,1.000000000000,1.000000000000
841940,False,False,treated_candidate,treated_candidate,pure_list1,pure_list1,,,29,26,24,22,28451098,21710773,28451098,21710773,1.000000000000,1.000000000000
841950,False,False,treated_candidate,treated_candidate,pure_list1,pure_list1,,,29,26,24,22,436133791,380464010,436133791,380464010,1.000000000000,1.000000000000
841960,False,False,excluded,excluded,mixed_list1,mixed_list1,mixed_list1_pre_value_share,mixed_list1_pre_value_share,29,26,24,22,76672686,67187908,30412453,29961482,0.396653027129,0.445935628774
841981,False,False,control_candidate,control_candidate,non_list1,non_list1,,,29,26,24,22,401551595,359577512,0,0,0.000000000000,0.000000000000
841989,False,False,excluded,excluded,mixed_list1,mixed_list1,mixed_list1_pre_value_share,mixed_list1_pre_value_share,29,26,24,22,244113260,214214299,324198,321050,0.001328063867,0.001498732818
841990,False,False,treated_candidate,treated_candidate,pure_list1,pure_list1,,,29,26,24,22,402680603,353171461,402680603,353171461,1.000000000000,1.000000000000
842010,False,False,excluded,excluded,mixed_list1,mixed_list1,mixed_list1_pre_value_share,mixed_list1_pre_value_share,29,26,24,22,56546994,51570207,51749789,47352527,0.915164279113,0.918214794057
842091,False,False,treated_candidate,treated_candidate,pure_list1,pure_list1,,,28,25,24,22,1176064,1110752,1176064,1110752,1.000000000000,1.000000000000
842099,False,False,excluded,excluded,mixed_list1,mixed_list1,mixed_list1_pre_value_share,mixed_list1_pre_value_share,29,26,24,22,36927046,33096203,29120013,25988837,0.788582249444,0.785251317198
842111,False,False,excluded,excluded,non_list1,non_list1,direct_policy_scope_overlap,direct_policy_scope_overlap,24,22,24,22,2679101,2486219,0,0,0.000000000000,0.000000000000
842112,True,False,control_candidate,excluded,non_list1,non_list1,,insufficient_positive_pre_months,24,21,24,22,949590,908904,0,0,0.000000000000,0.000000000000
842119,False,False,treated_candidate,treated_candidate,pure_list1,pure_list1,,,29,26,24,22,44141820,37978176,44141820,37978176,1.000000000000,1.000000000000
842121,False,False,treated_candidate,treated_candidate,pure_list1,pure_list1,,,29,26,24,22,793923730,697491079,793923730,697491079,1.000000000000,1.000000000000
842122,False,False,treated_candidate,treated_candidate,pure_list1,pure_list1,,,29,26,24,22,4691210,4380078,4691210,4380078,1.000000000000,1.000000000000
842123,False,False,excluded,excluded,non_list1,non_list1,direct_policy_scope_overlap,direct_policy_scope_overlap,29,26,24,22,275470252,246064278,0,0,0.000000000000,0.000000000000
842129,False,False,treated_candidate,treated_candidate,pure_list1,pure_list1,,,29,26,24,22,224820952,195790586,224820952,195790586,1.000000000000,1.000000000000
842131,False,False,excluded,excluded,non_list1,non_list1,direct_policy_scope_overlap,direct_policy_scope_overlap,29,26,24,22,174733591,158385736,0,0,0.000000000000,0.000000000000
842139,False,False,treated_candidate,treated_candidate,pure_list1,pure_list1,,,29,26,24,22,720598388,630482391,720598388,630482391,1.000000000000,1.000000000000
842191,False,False,excluded,excluded,mixed_list1,mixed_list1,mixed_list1_pre_value_share,mixed_list1_pre_value_share,29,26,24,22,21359912,18600965,20187355,17644807,0.945104783203,0.948596322825
842199,False,False,treated_candidate,treated_candidate,pure_list1,pure_list1,,,29,26,24,22,692523398,617519099,692523398,617519099,1.000000000000,1.000000000000
842211,False,False,control_candidate,control_candidate,non_list1,non_list1,,,29,26,24,22,297840611,260582452,0,0,0.000000000000,0.000000000000
842219,False,False,treated_candidate,treated_candidate,pure_list1,pure_list1,,,29,26,24,22,3958285,3695993,3958285,3695993,1.000000000000,1.000000000000
842220,False,False,treated_candidate,treated_candidate,pure_list1,pure_list1,,,29,26,24,22,6266303,5971094,6266303,5971094,1.000000000000,1.000000000000
842230,False,False,treated_candidate,treated_candidate,pure_list1,pure_list1,,,29,26,24,22,313952443,283919981,313952443,283919981,1.000000000000,1.000000000000
842240,False,False,treated_candidate,treated_candidate,pure_list1,pure_list1,,,29,26,24,22,79707026,68124019,79707026,68124019,1.000000000000,1.000000000000
842290,False,False,excluded,excluded,mixed_list1,mixed_list1,mixed_list1_pre_value_share,mixed_list1_pre_value_share,29,26,24,22,194517692,170978169,190436115,167029639,0.979016936927,0.976906232982
842310,False,False,control_candidate,control_candidate,non_list1,non_list1,,,29,26,24,22,390807283,357760471,0,0,0.000000000000,0.000000000000
842320,False,False,excluded,excluded,mixed_list1,mixed_list1,mixed_list1_pre_value_share,mixed_list1_pre_value_share,27,24,24,22,1182777,1030372,870088,717683,0.735631484210,0.696528050063
842330,False,False,treated_candidate,treated_candidate,pure_list1,pure_list1,,,29,26,24,22,21586336,19127333,21586336,19127333,1.000000000000,1.000000000000
842381,False,False,excluded,excluded,non_list1,non_list1,direct_policy_scope_overlap,direct_policy_scope_overlap,29,26,24,22,183520987,164974147,0,0,0.000000000000,0.000000000000
842382,False,False,treated_candidate,treated_candidate,pure_list1,pure_list1,,,29,26,24,22,68623840,62494936,68623840,62494936,1.000000000000,1.000000000000
842389,False,False,excluded,excluded,mixed_list1,mixed_list1,mixed_list1_pre_value_share,mixed_list1_pre_value_share,29,26,24,22,2762222,2504002,1967825,1709605,0.712406533581,0.682749055312
842390,False,False,excluded,excluded,mixed_list1,mixed_list1,mixed_list1_pre_value_share,mixed_list1_pre_value_share,29,26,24,22,73894262,64979629,58896186,49981553,0.797033279796,0.769188032760
842410,False,False,control_candidate,control_candidate,non_list1,non_list1,,,29,26,24,22,11280831,10413335,0,0,0.000000000000,0.000000000000
842420,False,False,excluded,excluded,non_list1,non_list1,direct_policy_scope_overlap,direct_policy_scope_overlap,29,26,24,22,443423928,398745707,0,0,0.000000000000,0.000000000000
842430,False,False,excluded,excluded,non_list1,non_list1,direct_policy_scope_overlap,direct_policy_scope_overlap,29,26,24,22,630062136,533212343,0,0,0.000000000000,0.000000000000
842441,False,False,excluded,excluded,non_list1,non_list1,insufficient_positive_pre_months|direct_policy_scope_overlap,insufficient_positive_pre_months|direct_policy_scope_overlap,17,14,24,22,19946481,13729536,0,0,0.000000000000,0.000000000000
842449,False,False,excluded,excluded,non_list1,non_list1,insufficient_positive_pre_months|direct_policy_scope_overlap,insufficient_positive_pre_months|direct_policy_scope_overlap,17,14,24,22,9043905,7708031,0,0,0.000000000000,0.000000000000
842482,False,False,excluded,excluded,non_list1,non_list1,insufficient_positive_pre_months|direct_policy_scope_overlap,insufficient_positive_pre_months|direct_policy_scope_overlap,17,14,24,22,25293068,20231145,0,0,0.000000000000,0.000000000000
842489,False,False,excluded,excluded,mixed_list1,mixed_list1,mixed_list1_pre_value_share,mixed_list1_pre_value_share,29,26,24,22,593584974,519033802,23453864,20760034,0.039512226602,0.039997460512
842490,False,False,excluded,excluded,mixed_list1,mixed_list1,mixed_list1_pre_value_share,mixed_list1_pre_value_share,29,26,24,22,737124125,651311368,8583088,7534496,0.011644019927,0.011568193602
842511,False,False,treated_candidate,treated_candidate,pure_list1,pure_list1,,,29,26,24,22,54533589,51058197,54533589,51058197,1.000000000000,1.000000000000
842519,False,False,excluded,excluded,non_list1,non_list1,direct_policy_scope_overlap,direct_policy_scope_overlap,29,26,24,22,86833751,77888203,0,0,0.000000000000,0.000000000000
842531,False,False,excluded,excluded,non_list1,non_list1,direct_policy_scope_overlap,direct_policy_scope_overlap,29,26,24,22,227766396,203631560,0,0,0.000000000000,0.000000000000
842539,False,False,treated_candidate,treated_candidate,pure_list1,pure_list1,,,29,26,24,22,81039378,72474375,81039378,72474375,1.000000000000,1.000000000000
842541,False,False,excluded,excluded,non_list1,non_list1,direct_policy_scope_overlap,direct_policy_scope_overlap,29,26,24,22,92268024,82749970,0,0,0.000000000000,0.000000000000
842542,False,False,excluded,excluded,non_list1,non_list1,direct_policy_scope_overlap,direct_policy_scope_overlap,29,26,24,22,629528416,560984914,0,0,0.000000000000,0.000000000000
842549,False,False,excluded,excluded,non_list1,non_list1,direct_policy_scope_overlap,direct_policy_scope_overlap,29,26,24,22,386680113,342623022,0,0,0.000000000000,0.000000000000
842611,False,False,excluded,excluded,non_list1,non_list1,insufficient_positive_pre_months,insufficient_positive_pre_months,15,12,24,22,113330341,87600063,0,0,0.000000000000,0.000000000000
842612,False,False,excluded,excluded,non_list1,non_list1,insufficient_positive_pre_months,insufficient_positive_pre_months,23,21,24,22,15117205,14975435,0,0,0.000000000000,0.000000000000
842619,False,False,control_candidate,control_candidate,non_list1,non_list1,,,29,26,24,22,207213298,158981444,0,0,0.000000000000,0.000000000000
842620,False,False,excluded,excluded,non_list1,non_list1,insufficient_positive_pre_months,insufficient_positive_pre_months,14,11,24,22,4536301,4368712,0,0,0.000000000000,0.000000000000
842630,False,False,excluded,excluded,non_list1,non_list1,direct_policy_scope_overlap,direct_policy_scope_overlap,26,23,24,22,106526187,83430375,0,0,0.000000000000,0.000000000000
842641,False,False,excluded,excluded,pure_list1,pure_list1,insufficient_positive_pre_months,insufficient_positive_pre_months,6,6,24,22,529354,529354,529354,529354,1.000000000000,1.000000000000
842649,False,False,excluded,excluded,pure_list1,pure_list1,insufficient_positive_pre_months,insufficient_positive_pre_months,6,6,24,22,1864789,1864789,1864789,1864789,1.000000000000,1.000000000000
842691,False,False,excluded,excluded,non_list1,non_list1,direct_policy_scope_overlap,direct_policy_scope_overlap,29,26,24,22,4548560,4288749,0,0,0.000000000000,0.000000000000
842699,False,False,treated_candidate,treated_candidate,pure_list1,pure_list1,,,27,24,24,22,39455246,6906928,39455246,6906928,1.000000000000,1.000000000000
842710,False,False,treated_candidate,treated_candidate,pure_list1,pure_list1,,,29,26,24,22,203209455,177064468,203209455,177064468,1.000000000000,1.000000000000
842720,False,False,treated_candidate,treated_candidate,pure_list1,pure_list1,,,29,26,24,22,339971114,296699829,339971114,296699829,1.000000000000,1.000000000000
842790,False,False,excluded,excluded,non_list1,non_list1,direct_policy_scope_overlap,direct_policy_scope_overlap,29,26,24,22,197689305,171031921,0,0,0.000000000000,0.000000000000
842810,False,False,control_candidate,control_candidate,non_list1,non_list1,,,29,26,24,22,10056977,9046848,0,0,0.000000000000,0.000000000000
842820,False,False,treated_candidate,treated_candidate,pure_list1,pure_list1,,,29,26,24,22,14281057,11750050,14281057,11750050,1.000000000000,1.000000000000
842831,False,False,excluded,excluded,pure_list1,pure_list1,insufficient_positive_pre_months,insufficient_positive_pre_months,6,4,24,22,1281626,688051,1281626,688051,1.000000000000,1.000000000000
842832,False,False,treated_candidate,treated_candidate,pure_list1,pure_list1,,,29,26,24,22,3342695,3135950,3342695,3135950,1.000000000000,1.000000000000
842833,False,False,treated_candidate,treated_candidate,pure_list1,pure_list1,,,29,26,24,22,34172934,26395567,34172934,26395567,1.000000000000,1.000000000000
842839,False,False,treated_candidate,treated_candidate,pure_list1,pure_list1,,,29,26,24,22,113764205,100686638,113764205,100686638,1.000000000000,1.000000000000
842840,False,False,excluded,excluded,non_list1,non_list1,direct_policy_scope_overlap,direct_policy_scope_overlap,29,26,24,22,63277674,53845608,0,0,0.000000000000,0.000000000000
842860,False,False,excluded,excluded,non_list1,non_list1,insufficient_positive_pre_months,insufficient_positive_pre_months,17,17,24,22,2448338,2448338,0,0,0.000000000000,0.000000000000
842890,False,False,treated_candidate,treated_candidate,pure_list1,pure_list1,,,29,26,24,22,419421407,374220950,419421407,374220950,1.000000000000,1.000000000000
842911,True,False,treated_candidate,excluded,pure_list1,pure_list1,,insufficient_positive_pre_months,24,21,24,22,8829231,8395318,8829231,8395318,1.000000000000,1.000000000000
842919,False,False,excluded,excluded,pure_list1,pure_list1,insufficient_positive_pre_months,insufficient_positive_pre_months,7,6,24,22,416350,393690,416350,393690,1.000000000000,1.000000000000
842920,False,False,excluded,excluded,pure_list1,pure_list1,insufficient_positive_pre_months,insufficient_positive_pre_months,16,15,24,22,4254732,3770310,4254732,3770310,1.000000000000,1.000000000000
842930,False,False,excluded,excluded,pure_list1,pure_list1,insufficient_positive_pre_months,insufficient_positive_pre_months,1,1,24,22,271008,271008,271008,271008,1.000000000000,1.000000000000
842940,False,False,treated_candidate,treated_candidate,pure_list1,pure_list1,,,29,26,24,22,114193476,97031190,114193476,97031190,1.000000000000,1.000000000000
842951,False,False,treated_candidate,treated_candidate,pure_list1,pure_list1,,,29,26,24,22,136778926,115254006,136778926,115254006,1.000000000000,1.000000000000
842952,False,False,treated_candidate,treated_candidate,pure_list1,pure_list1,,,29,26,24,22,214436829,171162013,214436829,171162013,1.000000000000,1.000000000000
842959,False,False,treated_candidate,treated_candidate,pure_list1,pure_list1,,,29,26,24,22,10248744,9440063,10248744,9440063,1.000000000000,1.000000000000
843010,False,False,treated_candidate,treated_candidate,pure_list1,pure_list1,,,29,26,24,22,14125392,12823172,14125392,12823172,1.000000000000,1.000000000000
843020,False,False,control_candidate,control_candidate,non_list1,non_list1,,,29,26,24,22,102531555,102250911,0,0,0.000000000000,0.000000000000
843031,False,False,excluded,excluded,pure_list1,pure_list1,insufficient_positive_pre_months,insufficient_positive_pre_months,4,2,24,22,2924844,1953187,2924844,1953187,1.000000000000,1.000000000000
843039,False,False,treated_candidate,treated_candidate,pure_list1,pure_list1,,,25,22,24,22,4692297,3390304,4692297,3390304,1.000000000000,1.000000000000
843041,False,False,excluded,excluded,pure_list1,pure_list1,insufficient_positive_pre_months,insufficient_positive_pre_months,10,9,24,22,6745988,6735988,6745988,6735988,1.000000000000,1.000000000000
843049,False,False,excluded,excluded,mixed_list1,mixed_list1,mixed_list1_pre_value_share,mixed_list1_pre_value_share,29,26,24,22,56285933,37397707,56052755,37164529,0.995857259753,0.993764911843
843050,False,False,excluded,excluded,mixed_list1,mixed_list1,mixed_list1_pre_value_share,mixed_list1_pre_value_share,25,22,24,22,6769486,6722253,6741785,6697302,0.995907961107,0.996288297986
843061,False,False,treated_candidate,treated_candidate,pure_list1,pure_list1,,,29,26,24,22,6185812,5262768,6185812,5262768,1.000000000000,1.000000000000
843069,False,False,treated_candidate,treated_candidate,pure_list1,pure_list1,,,29,26,24,22,10889644,10035982,10889644,10035982,1.000000000000,1.000000000000
843110,False,False,treated_candidate,treated_candidate,pure_list1,pure_list1,,,29,26,24,22,217295350,192179259,217295350,192179259,1.000000000000,1.000000000000
843120,False,False,treated_candidate,treated_candidate,pure_list1,pure_list1,,,29,26,24,22,727302414,627050545,727302414,627050545,1.000000000000,1.000000000000
843131,False,False,treated_candidate,treated_candidate,pure_list1,pure_list1,,,29,26,24,22,239097019,210670895,239097019,210670895,1.000000000000,1.000000000000
843139,False,False,treated_candidate,treated_candidate,pure_list1,pure_list1,,,29,26,24,22,454882031,392428853,454882031,392428853,1.000000000000,1.000000000000
843141,False,False,treated_candidate,treated_candidate,pure_list1,pure_list1,,,29,26,24,22,150910217,123058415,150910217,123058415,1.000000000000,1.000000000000
843142,False,False,treated_candidate,treated_candidate,pure_list1,pure_list1,,,29,26,24,22,6907948,5961292,6907948,5961292,1.000000000000,1.000000000000
843143,False,False,treated_candidate,treated_candidate,pure_list1,pure_list1,,,29,26,24,22,354000719,280519536,354000719,280519536,1.000000000000,1.000000000000
843149,False,False,treated_candidate,treated_candidate,pure_list1,pure_list1,,,29,26,24,22,1517213174,1309343846,1517213174,1309343846,1.000000000000,1.000000000000
843210,False,False,treated_candidate,treated_candidate,pure_list1,pure_list1,,,28,25,24,22,2561173,1947651,2561173,1947651,1.000000000000,1.000000000000
843221,False,False,treated_candidate,treated_candidate,pure_list1,pure_list1,,,29,26,24,22,1403877,1283254,1403877,1283254,1.000000000000,1.000000000000
843229,False,False,excluded,excluded,non_list1,non_list1,direct_policy_scope_overlap,direct_policy_scope_overlap,29,26,24,22,142472574,122903190,0,0,0.000000000000,0.000000000000
843231,False,False,excluded,excluded,non_list1,non_list1,insufficient_positive_pre_months|direct_policy_scope_overlap,insufficient_positive_pre_months|direct_policy_scope_overlap,17,14,24,22,1913414,1543934,0,0,0.000000000000,0.000000000000
843239,False,False,excluded,excluded,non_list1,non_list1,insufficient_positive_pre_months|direct_policy_scope_overlap,insufficient_positive_pre_months|direct_policy_scope_overlap,13,11,24,22,631790,588337,0,0,0.000000000000,0.000000000000
843241,False,False,excluded,excluded,non_list1,non_list1,insufficient_positive_pre_months|direct_policy_scope_overlap,insufficient_positive_pre_months|direct_policy_scope_overlap,17,14,24,22,5206341,4478136,0,0,0.000000000000,0.000000000000
843242,False,False,excluded,excluded,non_list1,non_list1,insufficient_positive_pre_months|direct_policy_scope_overlap,insufficient_positive_pre_months|direct_policy_scope_overlap,17,14,24,22,3759021,3091692,0,0,0.000000000000,0.000000000000
843280,False,False,treated_candidate,treated_candidate,pure_list1,pure_list1,,,29,26,24,22,14374870,12717293,14374870,12717293,1.000000000000,1.000000000000
843290,False,False,treated_candidate,treated_candidate,pure_list1,pure_list1,,,29,26,24,22,138290846,123055876,138290846,123055876,1.000000000000,1.000000000000
843311,False,False,control_candidate,control_candidate,non_list1,non_list1,,,29,26,24,22,486465345,395746350,0,0,0.000000000000,0.000000000000
843319,False,False,control_candidate,control_candidate,non_list1,non_list1,,,29,26,24,22,53191004,43459754,0,0,0.000000000000,0.000000000000
843320,False,False,treated_candidate,treated_candidate,pure_list1,pure_list1,,,29,26,24,22,11752574,9954490,11752574,9954490,1.000000000000,1.000000000000
843330,False,False,excluded,excluded,pure_list1,pure_list1,insufficient_positive_pre_months,insufficient_positive_pre_months,20,19,24,22,887907,763589,887907,763589,1.000000000000,1.000000000000
843340,False,False,excluded,excluded,pure_list1,pure_list1,insufficient_positive_pre_months,insufficient_positive_pre_months,10,9,24,22,222712,168452,222712,168452,1.000000000000,1.000000000000
843351,False,False,treated_candidate,treated_candidate,pure_list1,pure_list1,,,29,26,24,22,29416395,26413519,29416395,26413519,1.000000000000,1.000000000000
843352,False,False,excluded,excluded,pure_list1,pure_list1,insufficient_positive_pre_months,insufficient_positive_pre_months,7,6,24,22,57780,53780,57780,53780,1.000000000000,1.000000000000
843353,False,False,excluded,excluded,pure_list1,pure_list1,insufficient_positive_pre_months,insufficient_positive_pre_months,1,1,24,22,2650,2650,2650,2650,1.000000000000,1.000000000000
843359,False,False,excluded,excluded,pure_list1,pure_list1,insufficient_positive_pre_months,insufficient_positive_pre_months,11,10,24,22,257859,251629,257859,251629,1.000000000000,1.000000000000
843360,False,False,excluded,excluded,pure_list1,pure_list1,insufficient_positive_pre_months,insufficient_positive_pre_months,16,14,24,22,8451889,6766541,8451889,6766541,1.000000000000,1.000000000000
843390,False,False,excluded,excluded,mixed_list1,mixed_list1,mixed_list1_pre_value_share,mixed_list1_pre_value_share,29,26,24,22,590076784,521917935,137784274,120708354,0.233502279256,0.231278417363
843410,False,False,excluded,excluded,non_list1,non_list1,insufficient_positive_pre_months,insufficient_positive_pre_months,18,15,24,22,422536,222755,0,0,0.000000000000,0.000000000000
843420,False,False,excluded,excluded,pure_list1,pure_list1,insufficient_positive_pre_months,insufficient_positive_pre_months,14,12,24,22,666174,656964,666174,656964,1.000000000000,1.000000000000
843490,False,False,treated_candidate,treated_candidate,pure_list1,pure_list1,,,29,26,24,22,18358880,16127999,18358880,16127999,1.000000000000,1.000000000000
843510,False,False,control_candidate,control_candidate,non_list1,non_list1,,,29,26,24,22,6889813,5912399,0,0,0.000000000000,0.000000000000
843590,False,False,control_candidate,control_candidate,non_list1,non_list1,,,29,26,24,22,3214247,2835986,0,0,0.000000000000,0.000000000000
843610,False,False,treated_candidate,treated_candidate,pure_list1,pure_list1,,,28,25,24,22,4233697,2974361,4233697,2974361,1.000000000000,1.000000000000
843621,False,False,treated_candidate,treated_candidate,pure_list1,pure_list1,,,29,26,24,22,6565444,5788700,6565444,5788700,1.000000000000,1.000000000000
843629,False,False,treated_candidate,treated_candidate,pure_list1,pure_list1,,,29,26,24,22,2158881,1971803,2158881,1971803,1.000000000000,1.000000000000
843680,False,False,treated_candidate,treated_candidate,pure_list1,pure_list1,,,29,26,24,22,77143734,65690249,77143734,65690249,1.000000000000,1.000000000000
843691,False,False,treated_candidate,treated_candidate,pure_list1,pure_list1,,,29,26,24,22,16624426,15648251,16624426,15648251,1.000000000000,1.000000000000
843699,False,False,treated_candidate,treated_candidate,pure_list1,pure_list1,,,29,26,24,22,96744566,83798740,96744566,83798740,1.000000000000,1.000000000000
843710,False,False,treated_candidate,treated_candidate,pure_list1,pure_list1,,,29,26,24,22,9860673,9061640,9860673,9061640,1.000000000000,1.000000000000
843780,False,False,treated_candidate,treated_candidate,pure_list1,pure_list1,,,28,25,24,22,6721958,6059186,6721958,6059186,1.000000000000,1.000000000000
843790,False,False,treated_candidate,treated_candidate,pure_list1,pure_list1,,,29,26,24,22,33886561,29502379,33886561,29502379,1.000000000000,1.000000000000
843810,False,False,control_candidate,control_candidate,non_list1,non_list1,,,29,26,24,22,27974334,26337739,0,0,0.000000000000,0.000000000000
843820,False,False,control_candidate,control_candidate,non_list1,non_list1,,,29,26,24,22,4234796,3488341,0,0,0.000000000000,0.000000000000
843830,False,False,excluded,excluded,non_list1,non_list1,insufficient_positive_pre_months,insufficient_positive_pre_months,15,12,24,22,1722024,1644602,0,0,0.000000000000,0.000000000000
843840,False,False,control_candidate,control_candidate,non_list1,non_list1,,,29,26,24,22,51553160,46309517,0,0,0.000000000000,0.000000000000
843850,False,False,treated_candidate,treated_candidate,pure_list1,pure_list1,,,29,26,24,22,24278737,22102528,24278737,22102528,1.000000000000,1.000000000000
843860,False,False,treated_candidate,treated_candidate,pure_list1,pure_list1,,,29,26,24,22,4742326,4295970,4742326,4295970,1.000000000000,1.000000000000
843880,False,False,treated_candidate,treated_candidate,pure_list1,pure_list1,,,29,26,24,22,80760464,70177904,80760464,70177904,1.000000000000,1.000000000000
843890,False,False,excluded,excluded,mixed_list1,mixed_list1,mixed_list1_pre_value_share,mixed_list1_pre_value_share,29,26,24,22,41449950,33733050,39751227,32147887,0.959017489768,0.953008607286
843910,False,False,excluded,excluded,pure_list1,pure_list1,insufficient_positive_pre_months,insufficient_positive_pre_months,13,12,24,22,1378034,1238034,1378034,1238034,1.000000000000,1.000000000000
843920,False,False,excluded,excluded,pure_list1,pure_list1,insufficient_positive_pre_months,insufficient_positive_pre_months,15,12,24,22,5436668,4670224,5436668,4670224,1.000000000000,1.000000000000
843930,False,False,excluded,excluded,pure_list1,pure_list1,insufficient_positive_pre_months,insufficient_positive_pre_months,18,18,24,22,7987215,7987215,7987215,7987215,1.000000000000,1.000000000000
843991,False,False,treated_candidate,treated_candidate,pure_list1,pure_list1,,,29,26,24,22,21624214,19684537,21624214,19684537,1.000000000000,1.000000000000
843999,False,False,treated_candidate,treated_candidate,pure_list1,pure_list1,,,29,26,24,22,44525146,39261684,44525146,39261684,1.000000000000,1.000000000000
844010,False,False,control_candidate,control_candidate,non_list1,non_list1,,,29,26,24,22,11259423,10150817,0,0,0.000000000000,0.000000000000
844090,False,False,control_candidate,control_candidate,non_list1,non_list1,,,29,26,24,22,1331552,1177524,0,0,0.000000000000,0.000000000000
844110,False,False,excluded,excluded,non_list1,non_list1,direct_policy_scope_overlap,direct_policy_scope_overlap,29,26,24,22,278681506,255785089,0,0,0.000000000000,0.000000000000
844120,False,False,excluded,excluded,pure_list1,pure_list1,insufficient_positive_pre_months,insufficient_positive_pre_months,20,18,24,22,1781966,1748823,1781966,1748823,1.000000000000,1.000000000000
844130,False,False,treated_candidate,treated_candidate,pure_list1,pure_list1,,,29,26,24,22,50098741,42080399,50098741,42080399,1.000000000000,1.000000000000
844140,False,False,treated_candidate,treated_candidate,pure_list1,pure_list1,,,26,24,24,22,6398812,6123963,6398812,6123963,1.000000000000,1.000000000000
844180,False,False,treated_candidate,treated_candidate,pure_list1,pure_list1,,,29,26,24,22,23674240,20682655,23674240,20682655,1.000000000000,1.000000000000
844190,False,False,treated_candidate,treated_candidate,pure_list1,pure_list1,,,29,26,24,22,55793725,50110194,55793725,50110194,1.000000000000,1.000000000000
844230,False,False,treated_candidate,treated_candidate,pure_list1,pure_list1,,,29,26,24,22,31859470,29339157,31859470,29339157,1.000000000000,1.000000000000
844240,False,False,treated_candidate,treated_candidate,pure_list1,pure_list1,,,29,26,24,22,18974813,16954691,18974813,16954691,1.000000000000,1.000000000000
844250,False,False,excluded,excluded,non_list1,non_list1,direct_policy_scope_overlap,direct_policy_scope_overlap,29,26,24,22,6026387,5533488,0,0,0.000000000000,0.000000000000
844311,False,False,excluded,excluded,pure_list1,pure_list1,insufficient_positive_pre_months,insufficient_positive_pre_months,6,5,24,22,2222466,2086727,2222466,2086727,1.000000000000,1.000000000000
844312,False,False,excluded,excluded,pure_list1,pure_list1,insufficient_positive_pre_months,insufficient_positive_pre_months,5,5,24,22,151608,151608,151608,151608,1.000000000000,1.000000000000
844313,False,False,excluded,excluded,pure_list1,pure_list1,insufficient_positive_pre_months,insufficient_positive_pre_months,21,19,24,22,1334544,487999,1334544,487999,1.000000000000,1.000000000000
844314,False,False,excluded,excluded,pure_list1,pure_list1,insufficient_positive_pre_months,insufficient_positive_pre_months,10,10,24,22,267149,267149,267149,267149,1.000000000000,1.000000000000
844315,False,False,excluded,excluded,non_list1,non_list1,insufficient_positive_pre_months|direct_policy_scope_overlap,insufficient_positive_pre_months|direct_policy_scope_overlap,13,10,24,22,1347641,1312956,0,0,0.000000000000,0.000000000000
844316,False,False,excluded,excluded,non_list1,non_list1,insufficient_positive_pre_months|direct_policy_scope_overlap,insufficient_positive_pre_months|direct_policy_scope_overlap,20,19,24,22,1670350,1629850,0,0,0.000000000000,0.000000000000
844317,False,False,excluded,excluded,pure_list1,pure_list1,insufficient_positive_pre_months,insufficient_positive_pre_months,14,12,24,22,509126,480557,509126,480557,1.000000000000,1.000000000000
844319,False,False,excluded,excluded,mixed_list1,mixed_list1,mixed_list1_pre_value_share,mixed_list1_pre_value_share,29,26,24,22,30811343,25741372,28178430,23277275,0.914547282149,0.904274838187
844331,False,False,control_candidate,control_candidate,non_list1,non_list1,,,29,26,24,22,5677350062,5142289432,0,0,0.000000000000,0.000000000000
844332,False,False,control_candidate,control_candidate,non_list1,non_list1,,,29,26,24,22,2175009216,1978872157,0,0,0.000000000000,0.000000000000
844339,False,False,excluded,excluded,non_list1,non_list1,direct_policy_scope_overlap,direct_policy_scope_overlap,29,26,24,22,112553721,105668428,0,0,0.000000000000,0.000000000000
844391,False,False,excluded,excluded,mixed_list1,mixed_list1,mixed_list1_pre_value_share,mixed_list1_pre_value_share,29,26,24,22,26903346,24891056,1750114,1691857,0.065051908413,0.067970479035
844399,False,False,excluded,excluded,mixed_list1,mixed_list1,mixed_list1_pre_value_share,mixed_list1_pre_value_share,29,26,24,22,7259948725,6550208334,1963388869,1833351016,0.270441148191,0.279892016027
844400,False,False,treated_candidate,treated_candidate,pure_list1,pure_list1,,,25,22,24,22,6936686,5720252,6936686,5720252,1.000000000000,1.000000000000
844511,False,False,excluded,excluded,non_list1,non_list1,insufficient_positive_pre_months,insufficient_positive_pre_months,5,4,24,22,4007780,2130019,0,0,0.000000000000,0.000000000000
844512,False,False,excluded,excluded,non_list1,non_list1,insufficient_positive_pre_months,insufficient_positive_pre_months,1,0,24,22,1799692,0,0,0,0.000000000000,0.000000000000
844513,False,False,excluded,excluded,non_list1,non_list1,insufficient_positive_pre_months,insufficient_positive_pre_months,5,2,24,22,599511,297041,0,0,0.000000000000,0.000000000000
844519,False,False,excluded,excluded,non_list1,non_list1,insufficient_positive_pre_months,insufficient_positive_pre_months,18,16,24,22,2748806,1969680,0,0,0.000000000000,0.000000000000
844520,False,False,excluded,excluded,non_list1,non_list1,insufficient_positive_pre_months,insufficient_positive_pre_months,9,7,24,22,7241809,6088112,0,0,0.000000000000,0.000000000000
844530,False,False,excluded,excluded,non_list1,non_list1,insufficient_positive_pre_months,insufficient_positive_pre_months,15,13,24,22,12919721,10609785,0,0,0.000000000000,0.000000000000
844540,False,False,excluded,excluded,non_list1,non_list1,insufficient_positive_pre_months,insufficient_positive_pre_months,23,20,24,22,623461,489222,0,0,0.000000000000,0.000000000000
844590,False,False,excluded,excluded,non_list1,non_list1,insufficient_positive_pre_months,insufficient_positive_pre_months,17,16,24,22,4170494,3973634,0,0,0.000000000000,0.000000000000
844610,False,False,excluded,excluded,non_list1,non_list1,insufficient_positive_pre_months,insufficient_positive_pre_months,20,17,24,22,927710,903381,0,0,0.000000000000,0.000000000000
844621,False,False,excluded,excluded,non_list1,non_list1,insufficient_positive_pre_months,insufficient_positive_pre_months,3,2,24,22,260828,253100,0,0,0.000000000000,0.000000000000
844629,False,False,excluded,excluded,non_list1,non_list1,insufficient_positive_pre_months,insufficient_positive_pre_months,1,1,24,22,325842,325842,0,0,0.000000000000,0.000000000000
844630,False,False,excluded,excluded,non_list1,non_list1,insufficient_positive_pre_months|direct_policy_scope_overlap,insufficient_positive_pre_months|direct_policy_scope_overlap,7,5,24,22,1869770,1125370,0,0,0.000000000000,0.000000000000
844711,False,False,excluded,excluded,non_list1,non_list1,insufficient_positive_pre_months,insufficient_positive_pre_months,16,15,24,22,393255,338920,0,0,0.000000000000,0.000000000000
844712,False,False,control_candidate,control_candidate,non_list1,non_list1,,,25,23,24,22,1416385,1138321,0,0,0.000000000000,0.000000000000
844720,False,False,control_candidate,control_candidate,non_list1,non_list1,,,27,25,24,22,4693210,4329813,0,0,0.000000000000,0.000000000000
844790,False,False,control_candidate,control_candidate,non_list1,non_list1,,,29,26,24,22,39011966,33122207,0,0,0.000000000000,0.000000000000
844811,False,False,excluded,excluded,non_list1,non_list1,insufficient_positive_pre_months,insufficient_positive_pre_months,4,3,24,22,93846,73146,0,0,0.000000000000,0.000000000000
844819,False,False,control_candidate,control_candidate,non_list1,non_list1,,,26,23,24,22,3634453,3498961,0,0,0.000000000000,0.000000000000
844820,False,False,control_candidate,control_candidate,non_list1,non_list1,,,29,26,24,22,1955155,1724081,0,0,0.000000000000,0.000000000000
844831,False,False,control_candidate,control_candidate,non_list1,non_list1,,,25,22,24,22,694952,643627,0,0,0.000000000000,0.000000000000
844832,False,False,control_candidate,control_candidate,non_list1,non_list1,,,29,26,24,22,2739880,2557324,0,0,0.000000000000,0.000000000000
844833,False,False,excluded,excluded,non_list1,non_list1,insufficient_positive_pre_months,insufficient_positive_pre_months,13,13,24,22,348604,348604,0,0,0.000000000000,0.000000000000
844839,False,False,control_candidate,control_candidate,non_list1,non_list1,,,29,26,24,22,23116638,19337801,0,0,0.000000000000,0.000000000000
844842,False,False,control_candidate,control_candidate,non_list1,non_list1,,,28,25,24,22,784929,718492,0,0,0.000000000000,0.000000000000
844849,False,False,control_candidate,control_candidate,non_list1,non_list1,,,29,26,24,22,7682697,6818598,0,0,0.000000000000,0.000000000000
844851,False,False,excluded,excluded,non_list1,non_list1,direct_policy_scope_overlap,direct_policy_scope_overlap,29,26,24,22,824616,706096,0,0,0.000000000000,0.000000000000
844859,False,False,control_candidate,control_candidate,non_list1,non_list1,,,29,26,24,22,4647353,3818514,0,0,0.000000000000,0.000000000000
844900,False,False,control_candidate,control_candidate,non_list1,non_list1,,,29,26,24,22,10197582,9427476,0,0,0.000000000000,0.000000000000
845011,False,False,excluded,excluded,non_list1,non_list1,direct_policy_scope_overlap,direct_policy_scope_overlap,29,26,24,22,217464705,187984871,0,0,0.000000000000,0.000000000000
845012,True,False,control_candidate,excluded,non_list1,non_list1,,insufficient_positive_pre_months,24,21,24,22,1917898,1687775,0,0,0.000000000000,0.000000000000
845019,False,False,control_candidate,control_candidate,non_list1,non_list1,,,29,26,24,22,6904689,6002625,0,0,0.000000000000,0.000000000000
845020,False,False,excluded,excluded,non_list1,non_list1,direct_policy_scope_overlap,direct_policy_scope_overlap,29,26,24,22,1040504412,986113450,0,0,0.000000000000,0.000000000000
845090,False,False,excluded,excluded,non_list1,non_list1,direct_policy_scope_overlap,direct_policy_scope_overlap,29,26,24,22,47701618,42206727,0,0,0.000000000000,0.000000000000
845110,False,False,excluded,excluded,non_list1,non_list1,direct_policy_scope_overlap,direct_policy_scope_overlap,28,26,24,22,6190259,5925771,0,0,0.000000000000,0.000000000000
845121,False,False,excluded,excluded,non_list1,non_list1,direct_policy_scope_overlap,direct_policy_scope_overlap,29,26,24,22,10223501,8454957,0,0,0.000000000000,0.000000000000
845129,False,False,excluded,excluded,non_list1,non_list1,direct_policy_scope_overlap,direct_policy_scope_overlap,29,26,24,22,32462509,29237859,0,0,0.000000000000,0.000000000000
845130,False,False,excluded,excluded,non_list1,non_list1,direct_policy_scope_overlap,direct_policy_scope_overlap,29,26,24,22,20603452,18583040,0,0,0.000000000000,0.000000000000
845140,False,False,excluded,excluded,non_list1,non_list1,direct_policy_scope_overlap,direct_policy_scope_overlap,26,23,24,22,2409771,2258551,0,0,0.000000000000,0.000000000000
845150,False,False,excluded,excluded,non_list1,non_list1,direct_policy_scope_overlap,direct_policy_scope_overlap,29,26,24,22,38546835,33316160,0,0,0.000000000000,0.000000000000
845180,False,False,excluded,excluded,non_list1,non_list1,direct_policy_scope_overlap,direct_policy_scope_overlap,29,26,24,22,10529623,9590385,0,0,0.000000000000,0.000000000000
845190,False,False,excluded,excluded,non_list1,non_list1,direct_policy_scope_overlap,direct_policy_scope_overlap,29,26,24,22,43954142,38931996,0,0,0.000000000000,0.000000000000
845210,False,False,control_candidate,control_candidate,non_list1,non_list1,,,29,26,24,22,218994087,200679354,0,0,0.000000000000,0.000000000000
845221,False,False,control_candidate,control_candidate,non_list1,non_list1,,,29,26,24,22,64730080,56712378,0,0,0.000000000000,0.000000000000
845229,False,False,excluded,excluded,non_list1,non_list1,direct_policy_scope_overlap,direct_policy_scope_overlap,29,26,24,22,26784597,24553099,0,0,0.000000000000,0.000000000000
845230,False,False,control_candidate,control_candidate,non_list1,non_list1,,,24,22,24,22,532851,468644,0,0,0.000000000000,0.000000000000
845290,False,False,control_candidate,control_candidate,non_list1,non_list1,,,29,26,24,22,53419991,47468431,0,0,0.000000000000,0.000000000000
845310,False,False,excluded,excluded,non_list1,non_list1,insufficient_positive_pre_months,insufficient_positive_pre_months,21,19,24,22,2152571,2137949,0,0,0.000000000000,0.000000000000
845320,False,False,control_candidate,control_candidate,non_list1,non_list1,,,28,25,24,22,1252432,1148939,0,0,0.000000000000,0.000000000000
845380,False,False,control_candidate,control_candidate,non_list1,non_list1,,,29,26,24,22,1273110,1090099,0,0,0.000000000000,0.000000000000
845390,True,False,excluded,control_candidate,non_list1,non_list1,insufficient_positive_pre_months,,23,22,24,22,1066536,1046658,0,0,0.000000000000,0.000000000000
845410,False,False,treated_candidate,treated_candidate,pure_list1,pure_list1,,,28,25,24,22,580468,533002,580468,533002,1.000000000000,1.000000000000
845420,False,False,excluded,excluded,non_list1,non_list1,direct_policy_scope_overlap,direct_policy_scope_overlap,29,26,24,22,8723647,7701344,0,0,0.000000000000,0.000000000000
845430,False,False,treated_candidate,treated_candidate,pure_list1,pure_list1,,,29,26,24,22,15200255,13737465,15200255,13737465,1.000000000000,1.000000000000
845490,False,False,treated_candidate,treated_candidate,pure_list1,pure_list1,,,29,26,24,22,85703514,77264762,85703514,77264762,1.000000000000,1.000000000000
845510,False,False,excluded,excluded,pure_list1,pure_list1,insufficient_positive_pre_months,insufficient_positive_pre_months,22,19,24,22,2976741,2506125,2976741,2506125,1.000000000000,1.000000000000
845521,False,False,excluded,excluded,pure_list1,pure_list1,insufficient_positive_pre_months,insufficient_positive_pre_months,15,13,24,22,1427291,1216638,1427291,1216638,1.000000000000,1.000000000000
845522,False,False,treated_candidate,treated_candidate,pure_list1,pure_list1,,,29,26,24,22,11193415,9186007,11193415,9186007,1.000000000000,1.000000000000
845530,False,False,treated_candidate,treated_candidate,pure_list1,pure_list1,,,29,26,24,22,54409664,51000501,54409664,51000501,1.000000000000,1.000000000000
845590,False,False,excluded,excluded,mixed_list1,mixed_list1,mixed_list1_pre_value_share,mixed_list1_pre_value_share,29,26,24,22,45475310,41843999,40596942,37473692,0.892724909407,0.895557138313
845611,False,False,excluded,excluded,pure_list1,pure_list1,insufficient_positive_pre_months,insufficient_positive_pre_months,17,14,24,22,44853479,34021153,44853479,34021153,1.000000000000,1.000000000000
845612,False,False,excluded,excluded,pure_list1,pure_list1,insufficient_positive_pre_months,insufficient_positive_pre_months,14,12,24,22,502535,453841,502535,453841,1.000000000000,1.000000000000
845620,False,False,excluded,excluded,pure_list1,pure_list1,insufficient_positive_pre_months,insufficient_positive_pre_months,20,17,24,22,2668117,2565824,2668117,2565824,1.000000000000,1.000000000000
845630,False,False,treated_candidate,treated_candidate,pure_list1,pure_list1,,,29,26,24,22,75167035,65044334,75167035,65044334,1.000000000000,1.000000000000
845640,False,False,excluded,excluded,pure_list1,pure_list1,insufficient_positive_pre_months,insufficient_positive_pre_months,17,14,24,22,6545898,4916916,6545898,4916916,1.000000000000,1.000000000000
845650,False,False,excluded,excluded,pure_list1,pure_list1,insufficient_positive_pre_months,insufficient_positive_pre_months,14,11,24,22,4004688,1928288,4004688,1928288,1.000000000000,1.000000000000
845690,False,False,excluded,excluded,pure_list1,pure_list1,insufficient_positive_pre_months,insufficient_positive_pre_months,17,14,24,22,9529855,8188164,9529855,8188164,1.000000000000,1.000000000000
845710,False,False,treated_candidate,treated_candidate,pure_list1,pure_list1,,,29,26,24,22,17135248,14844531,17135248,14844531,1.000000000000,1.000000000000
845720,False,False,excluded,excluded,pure_list1,pure_list1,insufficient_positive_pre_months,insufficient_positive_pre_months,3,3,24,22,297914,297914,297914,297914,1.000000000000,1.000000000000
845730,False,False,excluded,excluded,pure_list1,pure_list1,insufficient_positive_pre_months,insufficient_positive_pre_months,4,3,24,22,1620616,267855,1620616,267855,1.000000000000,1.000000000000
845811,False,False,treated_candidate,treated_candidate,pure_list1,pure_list1,,,29,26,24,22,69170853,57171620,69170853,57171620,1.000000000000,1.000000000000
845819,False,False,treated_candidate,treated_candidate,pure_list1,pure_list1,,,29,26,24,22,31650722,28771714,31650722,28771714,1.000000000000,1.000000000000
845891,False,False,treated_candidate,treated_candidate,pure_list1,pure_list1,,,26,23,24,22,27777424,22332802,27777424,22332802,1.000000000000,1.000000000000
845899,False,False,treated_candidate,treated_candidate,pure_list1,pure_list1,,,29,26,24,22,4008784,3787992,4008784,3787992,1.000000000000,1.000000000000
845910,False,False,excluded,excluded,non_list1,non_list1,insufficient_positive_pre_months|direct_policy_scope_overlap,insufficient_positive_pre_months|direct_policy_scope_overlap,0,0,24,22,0,0,0,0,0.000000000000,0.000000000000
845921,False,False,excluded,excluded,pure_list1,pure_list1,insufficient_positive_pre_months,insufficient_positive_pre_months,13,12,24,22,2182897,2135277,2182897,2135277,1.000000000000,1.000000000000
845929,False,False,excluded,excluded,non_list1,non_list1,direct_policy_scope_overlap,direct_policy_scope_overlap,29,26,24,22,42477447,38485159,0,0,0.000000000000,0.000000000000
845931,False,False,excluded,excluded,pure_list1,pure_list1,insufficient_positive_pre_months,insufficient_positive_pre_months,6,6,24,22,1885844,1885844,1885844,1885844,1.000000000000,1.000000000000
845939,False,False,excluded,excluded,pure_list1,pure_list1,insufficient_positive_pre_months,insufficient_positive_pre_months,16,14,24,22,648581,372393,648581,372393,1.000000000000,1.000000000000
845941,False,False,excluded,excluded,pure_list1,pure_list1,insufficient_positive_pre_months,insufficient_positive_pre_months,3,2,24,22,288339,199415,288339,199415,1.000000000000,1.000000000000
845949,False,False,excluded,excluded,pure_list1,pure_list1,insufficient_positive_pre_months,insufficient_positive_pre_months,6,5,24,22,89276,84661,89276,84661,1.000000000000,1.000000000000
845951,False,False,excluded,excluded,pure_list1,pure_list1,insufficient_positive_pre_months,insufficient_positive_pre_months,13,11,24,22,266300,235572,266300,235572,1.000000000000,1.000000000000
845959,False,False,excluded,excluded,non_list1,non_list1,direct_policy_scope_overlap,direct_policy_scope_overlap,29,26,24,22,8121459,7412578,0,0,0.000000000000,0.000000000000
845961,False,False,treated_candidate,treated_candidate,pure_list1,pure_list1,,,29,26,24,22,8734034,7820599,8734034,7820599,1.000000000000,1.000000000000
845969,False,False,treated_candidate,treated_candidate,pure_list1,pure_list1,,,29,26,24,22,13900032,12356207,13900032,12356207,1.000000000000,1.000000000000
845970,False,False,treated_candidate,treated_candidate,pure_list1,pure_list1,,,27,24,24,22,2307915,2122902,2307915,2122902,1.000000000000,1.000000000000
846012,False,False,excluded,excluded,pure_list1,pure_list1,insufficient_positive_pre_months,insufficient_positive_pre_months,4,2,24,22,108059,43710,108059,43710,1.000000000000,1.000000000000
846019,False,False,excluded,excluded,pure_list1,pure_list1,insufficient_positive_pre_months,insufficient_positive_pre_months,17,14,24,22,1694673,1483813,1694673,1483813,1.000000000000,1.000000000000
846022,False,False,excluded,excluded,pure_list1,pure_list1,insufficient_positive_pre_months,insufficient_positive_pre_months,7,6,24,22,673985,608985,673985,608985,1.000000000000,1.000000000000
846023,False,False,excluded,excluded,pure_list1,pure_list1,insufficient_positive_pre_months,insufficient_positive_pre_months,5,5,24,22,283906,283906,283906,283906,1.000000000000,1.000000000000
846024,False,False,excluded,excluded,non_list1,non_list1,insufficient_positive_pre_months|direct_policy_scope_overlap,insufficient_positive_pre_months|direct_policy_scope_overlap,0,0,24,22,0,0,0,0,0.000000000000,0.000000000000
846029,False,False,excluded,excluded,pure_list1,pure_list1,insufficient_positive_pre_months,insufficient_positive_pre_months,13,10,24,22,1794015,1660294,1794015,1660294,1.000000000000,1.000000000000
846031,False,False,excluded,excluded,pure_list1,pure_list1,insufficient_positive_pre_months,insufficient_positive_pre_months,15,14,24,22,1573499,1460699,1573499,1460699,1.000000000000,1.000000000000
846039,False,False,excluded,excluded,non_list1,non_list1,direct_policy_scope_overlap,direct_policy_scope_overlap,29,26,24,22,9502090,8913314,0,0,0.000000000000,0.000000000000
846040,False,False,treated_candidate,treated_candidate,pure_list1,pure_list1,,,25,23,24,22,3878524,3838364,3878524,3838364,1.000000000000,1.000000000000
846090,False,False,treated_candidate,treated_candidate,pure_list1,pure_list1,,,29,26,24,22,37196810,33358951,37196810,33358951,1.000000000000,1.000000000000
846120,False,False,excluded,excluded,pure_list1,pure_list1,insufficient_positive_pre_months,insufficient_positive_pre_months,11,10,24,22,1628926,1623730,1628926,1623730,1.000000000000,1.000000000000
846130,False,False,excluded,excluded,pure_list1,pure_list1,insufficient_positive_pre_months,insufficient_positive_pre_months,3,3,24,22,119657,119657,119657,119657,1.000000000000,1.000000000000
846140,False,False,excluded,excluded,pure_list1,pure_list1,insufficient_positive_pre_months,insufficient_positive_pre_months,18,16,24,22,1726411,1469334,1726411,1469334,1.000000000000,1.000000000000
846150,False,False,excluded,excluded,mixed_list1,mixed_list1,mixed_list1_pre_value_share,mixed_list1_pre_value_share,29,26,24,22,64791481,58788062,2287649,2270849,0.035307867094,0.038627723431
846190,False,False,treated_candidate,treated_candidate,pure_list1,pure_list1,,,29,26,24,22,2269587,1950747,2269587,1950747,1.000000000000,1.000000000000
846210,False,False,treated_candidate,treated_candidate,pure_list1,pure_list1,,,29,26,24,22,49941783,38539954,49941783,38539954,1.000000000000,1.000000000000
846221,False,False,treated_candidate,treated_candidate,pure_list1,pure_list1,,,28,25,24,22,20234691,18708325,20234691,18708325,1.000000000000,1.000000000000
846229,False,False,treated_candidate,treated_candidate,pure_list1,pure_list1,,,29,26,24,22,50678858,45676497,50678858,45676497,1.000000000000,1.000000000000
846231,False,False,excluded,excluded,pure_list1,pure_list1,insufficient_positive_pre_months,insufficient_positive_pre_months,8,8,24,22,1380931,1380931,1380931,1380931,1.000000000000,1.000000000000
846239,False,False,treated_candidate,treated_candidate,pure_list1,pure_list1,,,29,26,24,22,13099376,11656494,13099376,11656494,1.000000000000,1.000000000000
846241,False,False,excluded,excluded,pure_list1,pure_list1,insufficient_positive_pre_months,insufficient_positive_pre_months,12,11,24,22,2376811,2329311,2376811,2329311,1.000000000000,1.000000000000
846249,False,False,treated_candidate,treated_candidate,pure_list1,pure_list1,,,29,26,24,22,9091253,7615764,9091253,7615764,1.000000000000,1.000000000000
846291,False,False,treated_candidate,treated_candidate,pure_list1,pure_list1,,,29,26,24,22,24958229,20051415,24958229,20051415,1.000000000000,1.000000000000
846299,False,False,treated_candidate,treated_candidate,pure_list1,pure_list1,,,29,26,24,22,11300336,9949348,11300336,9949348,1.000000000000,1.000000000000
846310,False,False,treated_candidate,treated_candidate,pure_list1,pure_list1,,,27,24,24,22,3541479,2802789,3541479,2802789,1.000000000000,1.000000000000
846320,False,False,excluded,excluded,pure_list1,pure_list1,insufficient_positive_pre_months,insufficient_positive_pre_months,13,13,24,22,349334,349334,349334,349334,1.000000000000,1.000000000000
846330,False,False,treated_candidate,treated_candidate,pure_list1,pure_list1,,,29,26,24,22,7495795,6396655,7495795,6396655,1.000000000000,1.000000000000
846390,False,False,treated_candidate,treated_candidate,pure_list1,pure_list1,,,29,26,24,22,10246385,9075866,10246385,9075866,1.000000000000,1.000000000000
846410,False,False,excluded,excluded,non_list1,non_list1,direct_policy_scope_overlap,direct_policy_scope_overlap,29,26,24,22,177065375,156263084,0,0,0.000000000000,0.000000000000
846420,False,False,treated_candidate,treated_candidate,pure_list1,pure_list1,,,29,26,24,22,34814017,31062951,34814017,31062951,1.000000000000,1.000000000000
846490,False,False,treated_candidate,treated_candidate,pure_list1,pure_list1,,,29,26,24,22,41152274,36641463,41152274,36641463,1.000000000000,1.000000000000
846510,False,False,treated_candidate,treated_candidate,pure_list1,pure_list1,,,27,24,24,22,7680759,7263383,7680759,7263383,1.000000000000,1.000000000000
846520,False,False,excluded,excluded,non_list1,non_list1,insufficient_positive_pre_months|direct_policy_scope_overlap,insufficient_positive_pre_months|direct_policy_scope_overlap,14,11,24,22,632256,528876,0,0,0.000000000000,0.000000000000
846591,False,False,excluded,excluded,non_list1,non_list1,direct_policy_scope_overlap,direct_policy_scope_overlap,29,26,24,22,672462702,607599164,0,0,0.000000000000,0.000000000000
846592,False,False,treated_candidate,treated_candidate,pure_list1,pure_list1,,,29,26,24,22,79415653,69714584,79415653,69714584,1.000000000000,1.000000000000
846593,False,False,treated_candidate,treated_candidate,pure_list1,pure_list1,,,29,26,24,22,50275467,44818798,50275467,44818798,1.000000000000,1.000000000000
846594,False,False,treated_candidate,treated_candidate,pure_list1,pure_list1,,,28,25,24,22,6123556,5368948,6123556,5368948,1.000000000000,1.000000000000
846595,False,False,excluded,excluded,non_list1,non_list1,direct_policy_scope_overlap,direct_policy_scope_overlap,29,26,24,22,41969566,38345908,0,0,0.000000000000,0.000000000000
846596,False,False,control_candidate,control_candidate,non_list1,non_list1,,,29,26,24,22,115138471,104943645,0,0,0.000000000000,0.000000000000
846599,False,False,excluded,excluded,pure_list1,pure_list1,insufficient_positive_pre_months,insufficient_positive_pre_months,17,14,24,22,23788583,18937170,23788583,18937170,1.000000000000,1.000000000000
846610,False,False,treated_candidate,treated_candidate,pure_list1,pure_list1,,,29,26,24,22,538734909,478639928,538734909,478639928,1.000000000000,1.000000000000
846620,False,False,treated_candidate,treated_candidate,pure_list1,pure_list1,,,29,26,24,22,65850312,59802707,65850312,59802707,1.000000000000,1.000000000000
846630,False,False,excluded,excluded,mixed_list1,mixed_list1,mixed_list1_pre_value_share,mixed_list1_pre_value_share,29,26,24,22,51781740,47138356,17257498,15536187,0.333273814283,0.329586950381
846691,False,False,excluded,excluded,mixed_list1,mixed_list1,mixed_list1_pre_value_share,mixed_list1_pre_value_share,29,26,24,22,40427481,34741380,20793995,18657818,0.514352971930,0.537048844922
846692,False,False,treated_candidate,treated_candidate,pure_list1,pure_list1,,,29,26,24,22,88735570,77675019,88735570,77675019,1.000000000000,1.000000000000
846693,False,False,excluded,excluded,mixed_list1,mixed_list1,mixed_list1_pre_value_share,mixed_list1_pre_value_share,29,26,24,22,190506889,165998225,84741431,71844213,0.444820822201,0.432801091698
846694,False,False,treated_candidate,treated_candidate,pure_list1,pure_list1,,,29,26,24,22,66831631,59844071,66831631,59844071,1.000000000000,1.000000000000
846711,False,False,treated_candidate,treated_candidate,pure_list1,pure_list1,,,29,26,24,22,160902026,143991562,160902026,143991562,1.000000000000,1.000000000000
846719,False,False,excluded,excluded,non_list1,non_list1,direct_policy_scope_overlap,direct_policy_scope_overlap,29,26,24,22,281466974,254271550,0,0,0.000000000000,0.000000000000
846721,False,False,control_candidate,control_candidate,non_list1,non_list1,,,29,26,24,22,1255804539,1132469734,0,0,0.000000000000,0.000000000000
846722,False,False,control_candidate,control_candidate,non_list1,non_list1,,,29,26,24,22,1557069251,1395791716,0,0,0.000000000000,0.000000000000
846729,False,False,control_candidate,control_candidate,non_list1,non_list1,,,29,26,24,22,4418955578,3829187872,0,0,0.000000000000,0.000000000000
846781,False,False,control_candidate,control_candidate,non_list1,non_list1,,,29,26,24,22,110115553,98146418,0,0,0.000000000000,0.000000000000
846789,False,False,control_candidate,control_candidate,non_list1,non_list1,,,29,26,24,22,332968904,283868868,0,0,0.000000000000,0.000000000000
846791,False,False,control_candidate,control_candidate,non_list1,non_list1,,,29,26,24,22,57050736,51331702,0,0,0.000000000000,0.000000000000
846792,False,False,control_candidate,control_candidate,non_list1,non_list1,,,29,26,24,22,58058998,52792547,0,0,0.000000000000,0.000000000000
846799,False,False,excluded,excluded,non_list1,non_list1,direct_policy_scope_overlap,direct_policy_scope_overlap,29,26,24,22,266259786,228001002,0,0,0.000000000000,0.000000000000
846810,False,False,control_candidate,control_candidate,non_list1,non_list1,,,29,26,24,22,12748839,10916192,0,0,0.000000000000,0.000000000000
846820,False,False,excluded,excluded,mixed_list1,mixed_list1,mixed_list1_pre_value_share,mixed_list1_pre_value_share,29,26,24,22,4182725,3900581,1174229,1112788,0.280733014960,0.285287755850
846880,False,False,excluded,excluded,mixed_list1,mixed_list1,mixed_list1_pre_value_share,mixed_list1_pre_value_share,29,26,24,22,6378139,5779847,4157961,3689815,0.651908181995,0.638393196221
846890,False,False,excluded,excluded,non_list1,non_list1,direct_policy_scope_overlap,direct_policy_scope_overlap,29,26,24,22,31570376,28421627,0,0,0.000000000000,0.000000000000
847010,False,False,excluded,excluded,non_list1,non_list1,direct_policy_scope_overlap,direct_policy_scope_overlap,29,26,24,22,135739329,119215771,0,0,0.000000000000,0.000000000000
847021,False,False,excluded,excluded,non_list1,non_list1,direct_policy_scope_overlap,direct_policy_scope_overlap,29,26,24,22,62535176,58394392,0,0,0.000000000000,0.000000000000
847029,False,False,excluded,excluded,non_list1,non_list1,direct_policy_scope_overlap,direct_policy_scope_overlap,29,26,24,22,8227627,7509672,0,0,0.000000000000,0.000000000000
847030,False,False,excluded,excluded,non_list1,non_list1,direct_policy_scope_overlap,direct_policy_scope_overlap,29,26,24,22,13728177,12660114,0,0,0.000000000000,0.000000000000
847050,False,False,control_candidate,control_candidate,non_list1,non_list1,,,29,26,24,22,563494343,501464918,0,0,0.000000000000,0.000000000000
847090,False,False,excluded,excluded,non_list1,non_list1,direct_policy_scope_overlap,direct_policy_scope_overlap,29,26,24,22,141287108,120951028,0,0,0.000000000000,0.000000000000
847130,False,False,control_candidate,control_candidate,non_list1,non_list1,,,29,26,24,22,84790043017,75732286499,0,0,0.000000000000,0.000000000000
847141,False,False,control_candidate,control_candidate,non_list1,non_list1,,,29,26,24,22,2559129151,2308067174,0,0,0.000000000000,0.000000000000
847149,False,False,control_candidate,control_candidate,non_list1,non_list1,,,29,26,24,22,4113538204,3640660860,0,0,0.000000000000,0.000000000000
847150,False,False,excluded,excluded,non_list1,non_list1,direct_policy_scope_overlap,direct_policy_scope_overlap,29,26,24,22,9889718530,8487815573,0,0,0.000000000000,0.000000000000
847160,False,False,excluded,excluded,non_list1,non_list1,direct_policy_scope_overlap,direct_policy_scope_overlap,29,26,24,22,4488717202,3986398123,0,0,0.000000000000,0.000000000000
847170,False,False,excluded,excluded,mixed_list1,mixed_list1,mixed_list1_pre_value_share,mixed_list1_pre_value_share,29,26,24,22,5516858215,5037477733,3702553763,3338664167,0.671134478848,0.662765047105
847180,False,False,excluded,excluded,non_list1,non_list1,direct_policy_scope_overlap,direct_policy_scope_overlap,29,26,24,22,4692949307,4271186594,0,0,0.000000000000,0.000000000000
847190,False,False,excluded,excluded,non_list1,non_list1,direct_policy_scope_overlap,direct_policy_scope_overlap,29,26,24,22,739931667,655728206,0,0,0.000000000000,0.000000000000
847210,False,False,excluded,excluded,non_list1,non_list1,direct_policy_scope_overlap,direct_policy_scope_overlap,29,26,24,22,3033189,2788164,0,0,0.000000000000,0.000000000000
847230,False,False,excluded,excluded,non_list1,non_list1,direct_policy_scope_overlap,direct_policy_scope_overlap,29,26,24,22,5731907,5162666,0,0,0.000000000000,0.000000000000
847290,False,False,excluded,excluded,non_list1,non_list1,direct_policy_scope_overlap,direct_policy_scope_overlap,29,26,24,22,859690440,794385338,0,0,0.000000000000,0.000000000000
847321,False,False,excluded,excluded,non_list1,non_list1,direct_policy_scope_overlap,direct_policy_scope_overlap,29,26,24,22,4605729,4081681,0,0,0.000000000000,0.000000000000
847329,False,False,excluded,excluded,non_list1,non_list1,direct_policy_scope_overlap,direct_policy_scope_overlap,29,26,24,22,349681326,306168419,0,0,0.000000000000,0.000000000000
847330,False,False,excluded,excluded,mixed_list1,mixed_list1,mixed_list1_pre_value_share,mixed_list1_pre_value_share,29,26,24,22,33200195251,28400735257,71938805,63462933,0.002166818733,0.002234552466
847340,False,False,excluded,excluded,mixed_list1,mixed_list1,mixed_list1_pre_value_share,mixed_list1_pre_value_share,29,26,24,22,204329489,181686280,203646718,181093701,0.996658480363,0.996738449375
847350,False,False,excluded,excluded,mixed_list1,mixed_list1,mixed_list1_pre_value_share,mixed_list1_pre_value_share,29,26,24,22,225322243,201110945,27158992,23321387,0.120534003383,0.115962793571
847410,False,False,treated_candidate,treated_candidate,pure_list1,pure_list1,,,29,26,24,22,26718055,24069373,26718055,24069373,1.000000000000,1.000000000000
847420,False,False,treated_candidate,treated_candidate,pure_list1,pure_list1,,,29,26,24,22,44275574,39025562,44275574,39025562,1.000000000000,1.000000000000
847431,False,False,treated_candidate,treated_candidate,pure_list1,pure_list1,,,29,26,24,22,40403882,35571155,40403882,35571155,1.000000000000,1.000000000000
847432,False,False,excluded,excluded,pure_list1,pure_list1,insufficient_positive_pre_months,insufficient_positive_pre_months,6,6,24,22,152746,152746,152746,152746,1.000000000000,1.000000000000
847439,False,False,treated_candidate,treated_candidate,pure_list1,pure_list1,,,29,26,24,22,6431960,5762397,6431960,5762397,1.000000000000,1.000000000000
847480,False,False,treated_candidate,treated_candidate,pure_list1,pure_list1,,,29,26,24,22,9601491,8673933,9601491,8673933,1.000000000000,1.000000000000
847490,False,False,treated_candidate,treated_candidate,pure_list1,pure_list1,,,29,26,24,22,329446257,289908777,329446257,289908777,1.000000000000,1.000000000000
847510,False,False,excluded,excluded,pure_list1,pure_list1,insufficient_positive_pre_months,insufficient_positive_pre_months,15,12,24,22,593670,566342,593670,566342,1.000000000000,1.000000000000
847521,False,False,excluded,excluded,pure_list1,pure_list1,insufficient_positive_pre_months,insufficient_positive_pre_months,8,7,24,22,882002,874002,882002,874002,1.000000000000,1.000000000000
847529,False,False,excluded,excluded,non_list1,non_list1,direct_policy_scope_overlap,direct_policy_scope_overlap,29,26,24,22,32859999,30226938,0,0,0.000000000000,0.000000000000
847590,False,False,treated_candidate,treated_candidate,pure_list1,pure_list1,,,29,26,24,22,33286193,29185181,33286193,29185181,1.000000000000,1.000000000000
847621,False,False,excluded,excluded,non_list1,non_list1,direct_policy_scope_overlap,direct_policy_scope_overlap,27,24,24,22,8924792,8544419,0,0,0.000000000000,0.000000000000
847629,False,False,excluded,excluded,non_list1,non_list1,direct_policy_scope_overlap,direct_policy_scope_overlap,25,22,24,22,1817107,1708653,0,0,0.000000000000,0.000000000000
847681,False,False,excluded,excluded,non_list1,non_list1,insufficient_positive_pre_months|direct_policy_scope_overlap,insufficient_positive_pre_months|direct_policy_scope_overlap,15,12,24,22,316117,254415,0,0,0.000000000000,0.000000000000
847689,False,False,control_candidate,control_candidate,non_list1,non_list1,,,29,26,24,22,27035721,21553356,0,0,0.000000000000,0.000000000000
847690,False,False,excluded,excluded,non_list1,non_list1,direct_policy_scope_overlap,direct_policy_scope_overlap,29,26,24,22,74975248,67588427,0,0,0.000000000000,0.000000000000
847710,False,False,treated_candidate,treated_candidate,pure_list1,pure_list1,,,29,26,24,22,341070749,300096441,341070749,300096441,1.000000000000,1.000000000000
847720,False,False,treated_candidate,treated_candidate,pure_list1,pure_list1,,,29,26,24,22,21241685,18435334,21241685,18435334,1.000000000000,1.000000000000
847730,False,False,treated_candidate,treated_candidate,pure_list1,pure_list1,,,28,25,24,22,19038728,15949862,19038728,15949862,1.000000000000,1.000000000000
847740,False,False,treated_candidate,treated_candidate,pure_list1,pure_list1,,,26,23,24,22,4889396,4338077,4889396,4338077,1.000000000000,1.000000000000
847751,False,False,treated_candidate,treated_candidate,pure_list1,pure_list1,,,27,24,24,22,51294172,46294683,51294172,46294683,1.000000000000,1.000000000000
847759,False,False,excluded,excluded,non_list1,non_list1,direct_policy_scope_overlap,direct_policy_scope_overlap,29,26,24,22,16767591,12070705,0,0,0.000000000000,0.000000000000
847780,False,False,treated_candidate,treated_candidate,pure_list1,pure_list1,,,29,26,24,22,164065578,143649099,164065578,143649099,1.000000000000,1.000000000000
847790,False,False,treated_candidate,treated_candidate,pure_list1,pure_list1,,,29,26,24,22,333214369,296130054,333214369,296130054,1.000000000000,1.000000000000
847810,False,False,control_candidate,control_candidate,non_list1,non_list1,,,29,26,24,22,16966641,15143862,0,0,0.000000000000,0.000000000000
847890,False,False,excluded,excluded,non_list1,non_list1,insufficient_positive_pre_months,insufficient_positive_pre_months,23,21,24,22,464404,423352,0,0,0.000000000000,0.000000000000
847910,False,False,treated_candidate,treated_candidate,pure_list1,pure_list1,,,29,26,24,22,15193597,13037558,15193597,13037558,1.000000000000,1.000000000000
847920,False,False,treated_candidate,treated_candidate,pure_list1,pure_list1,,,27,25,24,22,14200224,12115788,14200224,12115788,1.000000000000,1.000000000000
847930,False,False,excluded,excluded,pure_list1,pure_list1,insufficient_positive_pre_months,insufficient_positive_pre_months,21,19,24,22,4591179,3483574,4591179,3483574,1.000000000000,1.000000000000
847940,False,False,treated_candidate,treated_candidate,pure_list1,pure_list1,,,29,26,24,22,16438975,14889111,16438975,14889111,1.000000000000,1.000000000000
847950,False,False,treated_candidate,treated_candidate,pure_list1,pure_list1,,,29,26,24,22,38966690,33404093,38966690,33404093,1.000000000000,1.000000000000
847960,False,False,excluded,excluded,non_list1,non_list1,direct_policy_scope_overlap,direct_policy_scope_overlap,29,26,24,22,47097737,38557949,0,0,0.000000000000,0.000000000000
847971,False,False,excluded,excluded,non_list1,non_list1,insufficient_positive_pre_months|direct_policy_scope_overlap,insufficient_positive_pre_months|direct_policy_scope_overlap,1,1,24,22,300000,300000,0,0,0.000000000000,0.000000000000
847979,False,False,excluded,excluded,non_list1,non_list1,insufficient_positive_pre_months,insufficient_positive_pre_months,22,19,24,22,651304,453793,0,0,0.000000000000,0.000000000000
847981,False,False,treated_candidate,treated_candidate,pure_list1,pure_list1,,,29,26,24,22,19603862,16891810,19603862,16891810,1.000000000000,1.000000000000
847982,False,False,treated_candidate,treated_candidate,pure_list1,pure_list1,,,29,26,24,22,92389193,79142381,92389193,79142381,1.000000000000,1.000000000000
847989,False,False,excluded,excluded,mixed_list1,mixed_list1,mixed_list1_pre_value_share,mixed_list1_pre_value_share,29,26,24,22,1545129810,1364127904,4009615,3501055,0.002595002034,0.002566515200
847990,False,False,excluded,excluded,mixed_list1,mixed_list1,mixed_list1_pre_value_share,mixed_list1_pre_value_share,29,26,24,22,528407200,445326732,493167779,420697377,0.933310104404,0.944693742302
848010,False,False,excluded,excluded,non_list1,non_list1,direct_policy_scope_overlap,direct_policy_scope_overlap,26,23,24,22,4354178,3493095,0,0,0.000000000000,0.000000000000
848020,False,False,treated_candidate,treated_candidate,pure_list1,pure_list1,,,29,26,24,22,16207230,12405836,16207230,12405836,1.000000000000,1.000000000000
848030,False,False,treated_candidate,treated_candidate,pure_list1,pure_list1,,,29,26,24,22,4280330,3824916,4280330,3824916,1.000000000000,1.000000000000
848041,False,False,treated_candidate,treated_candidate,pure_list1,pure_list1,,,29,26,24,22,52902657,47723728,52902657,47723728,1.000000000000,1.000000000000
848049,False,False,treated_candidate,treated_candidate,pure_list1,pure_list1,,,29,26,24,22,27483828,23329020,27483828,23329020,1.000000000000,1.000000000000
848050,False,False,treated_candidate,treated_candidate,pure_list1,pure_list1,,,29,26,24,22,33613109,30117279,33613109,30117279,1.000000000000,1.000000000000
848060,False,False,control_candidate,control_candidate,non_list1,non_list1,,,29,26,24,22,37020604,31841289,0,0,0.000000000000,0.000000000000
848071,False,False,treated_candidate,treated_candidate,pure_list1,pure_list1,,,29,26,24,22,975252854,860926343,975252854,860926343,1.000000000000,1.000000000000
848079,False,False,excluded,excluded,non_list1,non_list1,direct_policy_scope_overlap,direct_policy_scope_overlap,29,26,24,22,144431138,125192275,0,0,0.000000000000,0.000000000000
848110,False,False,treated_candidate,treated_candidate,pure_list1,pure_list1,,,29,26,24,22,146335909,131092657,146335909,131092657,1.000000000000,1.000000000000
848120,False,False,treated_candidate,treated_candidate,pure_list1,pure_list1,,,29,26,24,22,159602123,138273436,159602123,138273436,1.000000000000,1.000000000000
848130,False,False,excluded,excluded,mixed_list1,mixed_list1,mixed_list1_pre_value_share,mixed_list1_pre_value_share,29,26,24,22,205935997,178887895,147101604,128708173,0.714307387455,0.719490678785
848140,False,False,treated_candidate,treated_candidate,pure_list1,pure_list1,,,29,26,24,22,82236717,73162773,82236717,73162773,1.000000000000,1.000000000000
848180,False,False,excluded,excluded,non_list1,non_list1,direct_policy_scope_overlap,direct_policy_scope_overlap,29,26,24,22,5339298677,4707587586,0,0,0.000000000000,0.000000000000
848190,False,False,excluded,excluded,mixed_list1,mixed_list1,mixed_list1_pre_value_share,mixed_list1_pre_value_share,29,26,24,22,3020188554,2662153636,1500463570,1312083287,0.496811223264,0.492865351292
848210,False,False,excluded,excluded,mixed_list1,mixed_list1,mixed_list1_pre_value_share,mixed_list1_pre_value_share,29,26,24,22,644773221,571812607,615611134,546244149,0.954771559906,0.955285249596
848220,False,False,treated_candidate,treated_candidate,pure_list1,pure_list1,,,29,26,24,22,203714380,179813449,203714380,179813449,1.000000000000,1.000000000000
848230,False,False,treated_candidate,treated_candidate,pure_list1,pure_list1,,,29,26,24,22,67257094,58420861,67257094,58420861,1.000000000000,1.000000000000
848240,False,False,treated_candidate,treated_candidate,pure_list1,pure_list1,,,29,26,24,22,69575282,62438078,69575282,62438078,1.000000000000,1.000000000000
848250,False,False,treated_candidate,treated_candidate,pure_list1,pure_list1,,,29,26,24,22,72651062,62130153,72651062,62130153,1.000000000000,1.000000000000
848280,False,False,treated_candidate,treated_candidate,pure_list1,pure_list1,,,29,26,24,22,8061078,7034520,8061078,7034520,1.000000000000,1.000000000000
848291,False,False,treated_candidate,treated_candidate,pure_list1,pure_list1,,,29,26,24,22,51448037,44647555,51448037,44647555,1.000000000000,1.000000000000
848299,False,False,treated_candidate,treated_candidate,pure_list1,pure_list1,,,29,26,24,22,187141531,164963772,187141531,164963772,1.000000000000,1.000000000000
848310,False,False,excluded,excluded,non_list1,non_list1,direct_policy_scope_overlap,direct_policy_scope_overlap,29,26,24,22,527272543,463456876,0,0,0.000000000000,0.000000000000
848320,False,False,excluded,excluded,non_list1,non_list1,direct_policy_scope_overlap,direct_policy_scope_overlap,29,26,24,22,98495807,87722459,0,0,0.000000000000,0.000000000000
848330,False,False,excluded,excluded,mixed_list1,mixed_list1,mixed_list1_pre_value_share,mixed_list1_pre_value_share,29,26,24,22,397425962,354771042,35594936,31954047,0.089563690859,0.090069490508
848340,False,False,excluded,excluded,mixed_list1,mixed_list1,mixed_list1_pre_value_share,mixed_list1_pre_value_share,29,26,24,22,1039338390,949832247,369594770,331491657,0.355605809961,0.349000213508
848350,False,False,excluded,excluded,mixed_list1,mixed_list1,mixed_list1_pre_value_share,mixed_list1_pre_value_share,29,26,24,22,272463069,243493083,271148958,242868107,0.995176920656,0.997433290538
848360,False,False,excluded,excluded,mixed_list1,mixed_list1,mixed_list1_pre_value_share,mixed_list1_pre_value_share,29,26,24,22,56112623,50064609,22999063,20246041,0.409873247237,0.404398264650
848390,False,False,excluded,excluded,mixed_list1,mixed_list1,mixed_list1_pre_value_share,mixed_list1_pre_value_share,29,26,24,22,946666726,835203510,445990266,398130548,0.471116448641,0.476686871203
848410,False,False,treated_candidate,treated_candidate,pure_list1,pure_list1,,,29,26,24,22,85833081,74886289,85833081,74886289,1.000000000000,1.000000000000
848420,False,False,treated_candidate,treated_candidate,pure_list1,pure_list1,,,29,26,24,22,41328879,34758737,41328879,34758737,1.000000000000,1.000000000000
848490,False,False,treated_candidate,treated_candidate,pure_list1,pure_list1,,,29,26,24,22,18130577,16559403,18130577,16559403,1.000000000000,1.000000000000
848610,False,False,excluded,excluded,non_list1,non_list1,direct_policy_scope_overlap,direct_policy_scope_overlap,26,23,24,22,2327538,2074777,0,0,0.000000000000,0.000000000000
848620,False,False,excluded,excluded,non_list1,non_list1,direct_policy_scope_overlap,direct_policy_scope_overlap,29,26,24,22,722927014,592006828,0,0,0.000000000000,0.000000000000
848630,False,False,excluded,excluded,non_list1,non_list1,direct_policy_scope_overlap,direct_policy_scope_overlap,25,22,24,22,1259153,1195219,0,0,0.000000000000,0.000000000000
848640,False,False,excluded,excluded,non_list1,non_list1,direct_policy_scope_overlap,direct_policy_scope_overlap,29,26,24,22,21983465,18400343,0,0,0.000000000000,0.000000000000
848690,False,False,excluded,excluded,non_list1,non_list1,direct_policy_scope_overlap,direct_policy_scope_overlap,29,26,24,22,923726434,775708920,0,0,0.000000000000,0.000000000000
848710,False,False,treated_candidate,treated_candidate,pure_list1,pure_list1,,,29,26,24,22,8171864,7558476,8171864,7558476,1.000000000000,1.000000000000
848790,False,False,treated_candidate,treated_candidate,pure_list1,pure_list1,,,29,26,24,22,99247797,86838749,99247797,86838749,1.000000000000,1.000000000000
850110,False,False,excluded,excluded,mixed_list1,mixed_list1,mixed_list1_pre_value_share,mixed_list1_pre_value_share,29,26,24,22,1037442199,922459953,587746132,516123254,0.566533858529,0.559507491162
850120,False,False,excluded,excluded,mixed_list1,mixed_list1,mixed_list1_pre_value_share,mixed_list1_pre_value_share,29,26,24,22,128451640,113365109,45796934,40573744,0.356530551109,0.357903276924
850131,False,False,excluded,excluded,mixed_list1,mixed_list1,mixed_list1_pre_value_share,mixed_list1_pre_value_share,29,26,24,22,1045630832,929552234,375448105,336870342,0.359063728335,0.362400658810
850132,False,False,excluded,excluded,mixed_list1,mixed_list1,mixed_list1_pre_value_share,mixed_list1_pre_value_share,29,26,24,22,205117105,183624431,11688890,10440799,0.056986422463,0.056859530854
850133,False,False,excluded,excluded,mixed_list1,mixed_list1,mixed_list1_pre_value_share,mixed_list1_pre_value_share,28,25,24,22,13034644,11850921,8845636,7823753,0.678625054892,0.660181010404
850134,False,False,excluded,excluded,pure_list1,pure_list1,insufficient_positive_pre_months,insufficient_positive_pre_months,23,20,24,22,20973976,19376311,20973976,19376311,1.000000000000,1.000000000000
850140,False,False,excluded,excluded,non_list1,non_list1,direct_policy_scope_overlap,direct_policy_scope_overlap,29,26,24,22,1273349527,1129866801,0,0,0.000000000000,0.000000000000
850151,False,False,treated_candidate,treated_candidate,pure_list1,pure_list1,,,29,26,24,22,322670880,294593931,322670880,294593931,1.000000000000,1.000000000000
850152,False,False,excluded,excluded,mixed_list1,mixed_list1,mixed_list1_pre_value_share,mixed_list1_pre_value_share,29,26,24,22,443508207,385647307,202541519,177156881,0.456680430719,0.459375387263
850153,False,False,excluded,excluded,mixed_list1,mixed_list1,mixed_list1_pre_value_share,mixed_list1_pre_value_share,29,26,24,22,130291224,113808824,123385876,107560815,0.947000666753,0.945100838578
850161,False,False,excluded,excluded,non_list1,non_list1,direct_policy_scope_overlap,direct_policy_scope_overlap,29,26,24,22,80343543,65818288,0,0,0.000000000000,0.000000000000
850162,False,False,treated_candidate,treated_candidate,pure_list1,pure_list1,,,29,26,24,22,57481016,48445754,57481016,48445754,1.000000000000,1.000000000000
850163,False,False,treated_candidate,treated_candidate,pure_list1,pure_list1,,,29,26,24,22,25387234,22134824,25387234,22134824,1.000000000000,1.000000000000
850164,False,False,treated_candidate,treated_candidate,pure_list1,pure_list1,,,29,26,24,22,133173269,126224438,133173269,126224438,1.000000000000,1.000000000000
850211,False,False,treated_candidate,treated_candidate,pure_list1,pure_list1,,,29,26,24,22,55670574,48890271,55670574,48890271,1.000000000000,1.000000000000
850212,False,False,treated_candidate,treated_candidate,pure_list1,pure_list1,,,29,26,24,22,21768754,18987528,21768754,18987528,1.000000000000,1.000000000000
850213,False,False,treated_candidate,treated_candidate,pure_list1,pure_list1,,,26,23,24,22,7533799,6029354,7533799,6029354,1.000000000000,1.000000000000
850220,False,False,excluded,excluded,non_list1,non_list1,direct_policy_scope_overlap,direct_policy_scope_overlap,29,26,24,22,1137400395,970502872,0,0,0.000000000000,0.000000000000
850231,False,False,treated_candidate,treated_candidate,pure_list1,pure_list1,,,29,26,24,22,90078130,89974968,90078130,89974968,1.000000000000,1.000000000000
850239,False,False,treated_candidate,treated_candidate,pure_list1,pure_list1,,,29,26,24,22,6463592,4950487,6463592,4950487,1.000000000000,1.000000000000
850240,False,False,treated_candidate,treated_candidate,pure_list1,pure_list1,,,29,26,24,22,1786854,931725,1786854,931725,1.000000000000,1.000000000000
850300,False,False,excluded,excluded,mixed_list1,mixed_list1,mixed_list1_pre_value_share,mixed_list1_pre_value_share,29,26,24,22,1369373223,1261946874,207961290,178721421,0.151866040979,0.141623569646
850410,False,False,control_candidate,control_candidate,non_list1,non_list1,,,29,26,24,22,421039490,390537305,0,0,0.000000000000,0.000000000000
850421,False,False,treated_candidate,treated_candidate,pure_list1,pure_list1,,,29,26,24,22,4931028,4298795,4931028,4298795,1.000000000000,1.000000000000
850422,False,False,excluded,excluded,pure_list1,pure_list1,insufficient_positive_pre_months,insufficient_positive_pre_months,20,17,24,22,4037427,2757530,4037427,2757530,1.000000000000,1.000000000000
850423,False,False,treated_candidate,treated_candidate,pure_list1,pure_list1,,,25,22,24,22,59326021,54780321,59326021,54780321,1.000000000000,1.000000000000
850431,False,False,excluded,excluded,non_list1,non_list1,direct_policy_scope_overlap,direct_policy_scope_overlap,29,26,24,22,547852452,493586109,0,0,0.000000000000,0.000000000000
850432,False,False,treated_candidate,treated_candidate,pure_list1,pure_list1,,,29,26,24,22,76229580,69781131,76229580,69781131,1.000000000000,1.000000000000
850433,False,False,treated_candidate,treated_candidate,pure_list1,pure_list1,,,29,26,24,22,15279418,13089268,15279418,13089268,1.000000000000,1.000000000000
850434,False,False,treated_candidate,treated_candidate,pure_list1,pure_list1,,,29,26,24,22,27849311,23301098,27849311,23301098,1.000000000000,1.000000000000
850440,False,False,excluded,excluded,mixed_list1,mixed_list1,mixed_list1_pre_value_share,mixed_list1_pre_value_share,29,26,24,22,10773669601,9631256492,480540136,423289279,0.044603199634,0.043949538604
850450,False,False,excluded,excluded,non_list1,non_list1,direct_policy_scope_overlap,direct_policy_scope_overlap,29,26,24,22,748609179,657118532,0,0,0.000000000000,0.000000000000
850490,False,False,excluded,excluded,mixed_list1,mixed_list1,mixed_list1_pre_value_share,mixed_list1_pre_value_share,29,26,24,22,674531463,590272169,538695032,460051776,0.798621060023,0.779389237984
850511,False,False,control_candidate,control_candidate,non_list1,non_list1,,,29,26,24,22,456648012,399208710,0,0,0.000000000000,0.000000000000
850519,False,False,excluded,excluded,mixed_list1,mixed_list1,mixed_list1_pre_value_share,mixed_list1_pre_value_share,29,26,24,22,179153011,158059439,18225047,16613106,0.101728946102,0.105106699765
850520,False,False,treated_candidate,treated_candidate,pure_list1,pure_list1,,,29,26,24,22,46342679,40709961,46342679,40709961,1.000000000000,1.000000000000
850590,False,False,excluded,excluded,mixed_list1,mixed_list1,mixed_list1_pre_value_share,mixed_list1_pre_value_share,29,26,24,22,274846792,246373755,224165416,195692379,0.815601355100,0.794290686522
850610,False,False,excluded,excluded,non_list1,non_list1,direct_policy_scope_overlap,direct_policy_scope_overlap,29,26,24,22,445893065,404433360,0,0,0.000000000000,0.000000000000
850630,False,False,excluded,excluded,non_list1,non_list1,direct_policy_scope_overlap,direct_policy_scope_overlap,27,24,24,22,1369352,1241728,0,0,0.000000000000,0.000000000000
850640,False,False,treated_candidate,treated_candidate,pure_list1,pure_list1,,,29,26,24,22,1931410,1904776,1931410,1904776,1.000000000000,1.000000000000
850650,False,False,treated_candidate,treated_candidate,pure_list1,pure_list1,,,29,26,24,22,195535658,177192797,195535658,177192797,1.000000000000,1.000000000000
850660,False,False,treated_candidate,treated_candidate,pure_list1,pure_list1,,,29,26,24,22,4720070,4182378,4720070,4182378,1.000000000000,1.000000000000
850680,False,False,excluded,excluded,non_list1,non_list1,direct_policy_scope_overlap,direct_policy_scope_overlap,29,26,24,22,127198158,117708855,0,0,0.000000000000,0.000000000000
850690,False,False,treated_candidate,treated_candidate,pure_list1,pure_list1,,,29,26,24,22,8434696,7624782,8434696,7624782,1.000000000000,1.000000000000
850710,False,False,excluded,excluded,non_list1,non_list1,direct_policy_scope_overlap,direct_policy_scope_overlap,29,26,24,22,206300568,187062979,0,0,0.000000000000,0.000000000000
850720,False,False,excluded,excluded,non_list1,non_list1,direct_policy_scope_overlap,direct_policy_scope_overlap,29,26,24,22,713229626,640922145,0,0,0.000000000000,0.000000000000
850730,False,False,excluded,excluded,non_list1,non_list1,direct_policy_scope_overlap,direct_policy_scope_overlap,29,26,24,22,96267501,88633358,0,0,0.000000000000,0.000000000000
850740,False,False,excluded,excluded,non_list1,non_list1,direct_policy_scope_overlap,direct_policy_scope_overlap,28,25,24,22,1465392,1309692,0,0,0.000000000000,0.000000000000
850750,False,False,excluded,excluded,non_list1,non_list1,direct_policy_scope_overlap,direct_policy_scope_overlap,29,26,24,22,139238692,126132856,0,0,0.000000000000,0.000000000000
850760,False,False,control_candidate,control_candidate,non_list1,non_list1,,,29,26,24,22,2425694900,2131105077,0,0,0.000000000000,0.000000000000
850780,False,False,excluded,excluded,non_list1,non_list1,direct_policy_scope_overlap,direct_policy_scope_overlap,29,26,24,22,280349067,237445989,0,0,0.000000000000,0.000000000000
850790,False,False,excluded,excluded,mixed_list1,mixed_list1,mixed_list1_pre_value_share,mixed_list1_pre_value_share,29,26,24,22,102662794,86442074,93674638,78482761,0.912449723509,0.907923160196
850811,False,False,excluded,excluded,non_list1,non_list1,direct_policy_scope_overlap,direct_policy_scope_overlap,29,26,24,22,3810452844,3461496195,0,0,0.000000000000,0.000000000000
850819,False,False,excluded,excluded,non_list1,non_list1,direct_policy_scope_overlap,direct_policy_scope_overlap,29,26,24,22,167547096,125101179,0,0,0.000000000000,0.000000000000
850860,False,False,excluded,excluded,non_list1,non_list1,direct_policy_scope_overlap,direct_policy_scope_overlap,29,26,24,22,73437823,63171532,0,0,0.000000000000,0.000000000000
850870,False,False,excluded,excluded,non_list1,non_list1,direct_policy_scope_overlap,direct_policy_scope_overlap,29,26,24,22,206609672,183368349,0,0,0.000000000000,0.000000000000
850940,False,False,control_candidate,control_candidate,non_list1,non_list1,,,29,26,24,22,1450657224,1340934729,0,0,0.000000000000,0.000000000000
850980,False,False,excluded,excluded,non_list1,non_list1,direct_policy_scope_overlap,direct_policy_scope_overlap,29,26,24,22,1570707287,1420105481,0,0,0.000000000000,0.000000000000
850990,False,False,excluded,excluded,non_list1,non_list1,direct_policy_scope_overlap,direct_policy_scope_overlap,29,26,24,22,392677293,357718411,0,0,0.000000000000,0.000000000000
851010,False,False,control_candidate,control_candidate,non_list1,non_list1,,,29,26,24,22,377077577,337105081,0,0,0.000000000000,0.000000000000
851020,False,False,excluded,excluded,non_list1,non_list1,direct_policy_scope_overlap,direct_policy_scope_overlap,29,26,24,22,276579438,251880401,0,0,0.000000000000,0.000000000000
851030,False,False,control_candidate,control_candidate,non_list1,non_list1,,,29,26,24,22,86944246,81019661,0,0,0.000000000000,0.000000000000
851090,False,False,excluded,excluded,non_list1,non_list1,direct_policy_scope_overlap,direct_policy_scope_overlap,29,26,24,22,75855864,65199671,0,0,0.000000000000,0.000000000000
851110,False,False,excluded,excluded,non_list1,non_list1,direct_policy_scope_overlap,direct_policy_scope_overlap,29,26,24,22,53159094,42636230,0,0,0.000000000000,0.000000000000
851120,False,False,excluded,excluded,non_list1,non_list1,direct_policy_scope_overlap,direct_policy_scope_overlap,29,26,24,22,37332656,32616728,0,0,0.000000000000,0.000000000000
851130,False,False,excluded,excluded,non_list1,non_list1,direct_policy_scope_overlap,direct_policy_scope_overlap,29,26,24,22,315110046,273516947,0,0,0.000000000000,0.000000000000
851140,False,False,excluded,excluded,non_list1,non_list1,direct_policy_scope_overlap,direct_policy_scope_overlap,29,26,24,22,380104292,342404110,0,0,0.000000000000,0.000000000000
851150,False,False,excluded,excluded,non_list1,non_list1,direct_policy_scope_overlap,direct_policy_scope_overlap,29,26,24,22,262998100,238141663,0,0,0.000000000000,0.000000000000
851180,False,False,excluded,excluded,non_list1,non_list1,direct_policy_scope_overlap,direct_policy_scope_overlap,29,26,24,22,74020929,67306524,0,0,0.000000000000,0.000000000000
851190,False,False,excluded,excluded,non_list1,non_list1,direct_policy_scope_overlap,direct_policy_scope_overlap,29,26,24,22,159045159,143454676,0,0,0.000000000000,0.000000000000
851210,False,False,control_candidate,control_candidate,non_list1,non_list1,,,29,26,24,22,67511321,62024272,0,0,0.000000000000,0.000000000000
851220,False,False,excluded,excluded,non_list1,non_list1,direct_policy_scope_overlap,direct_policy_scope_overlap,29,26,24,22,1488729865,1333152102,0,0,0.000000000000,0.000000000000
851230,False,False,excluded,excluded,non_list1,non_list1,direct_policy_scope_overlap,direct_policy_scope_overlap,29,26,24,22,93706585,86425747,0,0,0.000000000000,0.000000000000
851240,False,False,excluded,excluded,non_list1,non_list1,direct_policy_scope_overlap,direct_policy_scope_overlap,29,26,24,22,80078582,73849974,0,0,0.000000000000,0.000000000000
851290,False,False,excluded,excluded,non_list1,non_list1,direct_policy_scope_overlap,direct_policy_scope_overlap,29,26,24,22,1008856342,905604878,0,0,0.000000000000,0.000000000000
851310,False,False,control_candidate,control_candidate,non_list1,non_list1,,,29,26,24,22,1640781398,1476886256,0,0,0.000000000000,0.000000000000
851390,False,False,excluded,excluded,non_list1,non_list1,direct_policy_scope_overlap,direct_policy_scope_overlap,29,26,24,22,31155929,28796909,0,0,0.000000000000,0.000000000000
851410,False,False,treated_candidate,treated_candidate,pure_list1,pure_list1,,,29,26,24,22,39078155,35749427,39078155,35749427,1.000000000000,1.000000000000
851420,False,False,excluded,excluded,mixed_list1,mixed_list1,mixed_list1_pre_value_share,mixed_list1_pre_value_share,29,26,24,22,26423596,23476770,2183060,2025849,0.082617823857,0.086291640630
851430,False,False,excluded,excluded,mixed_list1,mixed_list1,mixed_list1_pre_value_share,mixed_list1_pre_value_share,29,26,24,22,28241460,24303255,24586456,20648251,0.870580203715,0.849608457797
851440,False,False,treated_candidate,treated_candidate,pure_list1,pure_list1,,,29,26,24,22,4447655,3532796,4447655,3532796,1.000000000000,1.000000000000
851490,False,False,excluded,excluded,mixed_list1,mixed_list1,mixed_list1_pre_value_share,mixed_list1_pre_value_share,29,26,24,22,53814784,47097931,40169378,34554532,0.746437596033,0.733674097064
851511,False,False,treated_candidate,treated_candidate,pure_list1,pure_list1,,,29,26,24,22,19169131,16175891,19169131,16175891,1.000000000000,1.000000000000
851519,False,False,treated_candidate,treated_candidate,pure_list1,pure_list1,,,29,26,24,22,14878400,13678907,14878400,13678907,1.000000000000,1.000000000000
851521,False,False,treated_candidate,treated_candidate,pure_list1,pure_list1,,,28,25,24,22,20552647,19415879,20552647,19415879,1.000000000000,1.000000000000
851529,False,False,treated_candidate,treated_candidate,pure_list1,pure_list1,,,29,26,24,22,20802332,18456881,20802332,18456881,1.000000000000,1.000000000000
851531,False,False,treated_candidate,treated_candidate,pure_list1,pure_list1,,,29,26,24,22,9699668,8893911,9699668,8893911,1.000000000000,1.000000000000
851539,False,False,treated_candidate,treated_candidate,pure_list1,pure_list1,,,29,26,24,22,128636409,112074114,128636409,112074114,1.000000000000,1.000000000000
851580,False,False,treated_candidate,treated_candidate,pure_list1,pure_list1,,,29,26,24,22,39316332,34744727,39316332,34744727,1.000000000000,1.000000000000
851590,False,False,treated_candidate,treated_candidate,pure_list1,pure_list1,,,29,26,24,22,119104386,105002493,119104386,105002493,1.000000000000,1.000000000000
851610,False,False,control_candidate,control_candidate,non_list1,non_list1,,,29,26,24,22,371705259,340234518,0,0,0.000000000000,0.000000000000
851621,False,False,excluded,excluded,non_list1,non_list1,direct_policy_scope_overlap,direct_policy_scope_overlap,27,24,24,22,60906128,60691754,0,0,0.000000000000,0.000000000000
851629,False,False,excluded,excluded,non_list1,non_list1,direct_policy_scope_overlap,direct_policy_scope_overlap,29,26,24,22,896226320,874429692,0,0,0.000000000000,0.000000000000
851631,False,False,control_candidate,control_candidate,non_list1,non_list1,,,29,26,24,22,450433290,407850486,0,0,0.000000000000,0.000000000000
851632,False,False,control_candidate,control_candidate,non_list1,non_list1,,,29,26,24,22,613447332,564303053,0,0,0.000000000000,0.000000000000
851633,False,False,control_candidate,control_candidate,non_list1,non_list1,,,29,26,24,22,18974907,17268895,0,0,0.000000000000,0.000000000000
851640,False,False,control_candidate,control_candidate,non_list1,non_list1,,,29,26,24,22,434352994,400730303,0,0,0.000000000000,0.000000000000
851650,False,False,control_candidate,control_candidate,non_list1,non_list1,,,29,26,24,22,2575740713,2318257276,0,0,0.000000000000,0.000000000000
851660,False,False,excluded,excluded,non_list1,non_list1,direct_policy_scope_overlap,direct_policy_scope_overlap,29,26,24,22,1674030082,1458865188,0,0,0.000000000000,0.000000000000
851671,False,False,control_candidate,control_candidate,non_list1,non_list1,,,29,26,24,22,1708930072,1595270386,0,0,0.000000000000,0.000000000000
851672,False,False,control_candidate,control_candidate,non_list1,non_list1,,,29,26,24,22,295062295,269083709,0,0,0.000000000000,0.000000000000
851679,False,False,control_candidate,control_candidate,non_list1,non_list1,,,29,26,24,22,2690664993,2473020462,0,0,0.000000000000,0.000000000000
851680,False,False,excluded,excluded,non_list1,non_list1,direct_policy_scope_overlap,direct_policy_scope_overlap,29,26,24,22,170549148,152737560,0,0,0.000000000000,0.000000000000
851690,False,False,excluded,excluded,non_list1,non_list1,direct_policy_scope_overlap,direct_policy_scope_overlap,29,26,24,22,406719007,370769493,0,0,0.000000000000,0.000000000000
851711,False,False,control_candidate,control_candidate,non_list1,non_list1,,,29,26,24,22,536977200,488420949,0,0,0.000000000000,0.000000000000
851712,False,False,control_candidate,control_candidate,non_list1,non_list1,,,29,26,24,22,98161052756,88048841406,0,0,0.000000000000,0.000000000000
851718,False,False,control_candidate,control_candidate,non_list1,non_list1,,,29,26,24,22,2643046266,2390812416,0,0,0.000000000000,0.000000000000
851761,False,False,control_candidate,control_candidate,non_list1,non_list1,,,29,26,24,22,308765042,291791916,0,0,0.000000000000,0.000000000000
851762,False,False,excluded,excluded,non_list1,non_list1,direct_policy_scope_overlap,direct_policy_scope_overlap,29,26,24,22,50767500319,45092510165,0,0,0.000000000000,0.000000000000
851769,False,False,excluded,excluded,non_list1,non_list1,direct_policy_scope_overlap,direct_policy_scope_overlap,29,26,24,22,1949017991,1784030309,0,0,0.000000000000,0.000000000000
851770,False,False,control_candidate,control_candidate,non_list1,non_list1,,,29,26,24,22,4917889334,4282943485,0,0,0.000000000000,0.000000000000
851810,False,False,excluded,excluded,non_list1,non_list1,direct_policy_scope_overlap,direct_policy_scope_overlap,29,26,24,22,376250864,336553412,0,0,0.000000000000,0.000000000000
851821,False,False,control_candidate,control_candidate,non_list1,non_list1,,,29,26,24,22,834208894,742527406,0,0,0.000000000000,0.000000000000
851822,False,False,control_candidate,control_candidate,non_list1,non_list1,,,29,26,24,22,1835074316,1671849713,0,0,0.000000000000,0.000000000000
851829,False,False,control_candidate,control_candidate,non_list1,non_list1,,,29,26,24,22,969107516,874394015,0,0,0.000000000000,0.000000000000
851830,False,False,control_candidate,control_candidate,non_list1,non_list1,,,29,26,24,22,2266829144,2047707785,0,0,0.000000000000,0.000000000000
851840,False,False,excluded,excluded,non_list1,non_list1,direct_policy_scope_overlap,direct_policy_scope_overlap,29,26,24,22,682779263,617609723,0,0,0.000000000000,0.000000000000
851850,False,False,excluded,excluded,non_list1,non_list1,direct_policy_scope_overlap,direct_policy_scope_overlap,29,26,24,22,154311040,141394115,0,0,0.000000000000,0.000000000000
851890,False,False,excluded,excluded,non_list1,non_list1,direct_policy_scope_overlap,direct_policy_scope_overlap,29,26,24,22,227814110,204094722,0,0,0.000000000000,0.000000000000
851920,False,False,excluded,excluded,non_list1,non_list1,insufficient_positive_pre_months,insufficient_positive_pre_months,15,13,24,22,187420,173468,0,0,0.000000000000,0.000000000000
851930,False,False,control_candidate,control_candidate,non_list1,non_list1,,,29,26,24,22,137994865,129344282,0,0,0.000000000000,0.000000000000
851950,False,False,control_candidate,control_candidate,non_list1,non_list1,,,29,26,24,22,2058861,1879317,0,0,0.000000000000,0.000000000000
851981,False,False,excluded,excluded,non_list1,non_list1,direct_policy_scope_overlap,direct_policy_scope_overlap,29,26,24,22,1356214755,1254424518,0,0,0.000000000000,0.000000000000
851989,False,False,control_candidate,control_candidate,non_list1,non_list1,,,29,26,24,22,66789654,62134066,0,0,0.000000000000,0.000000000000
852110,False,False,control_candidate,control_candidate,non_list1,non_list1,,,29,26,24,22,5091494,4423529,0,0,0.000000000000,0.000000000000
852190,False,False,control_candidate,control_candidate,non_list1,non_list1,,,29,26,24,22,1367318666,1260200058,0,0,0.000000000000,0.000000000000
852210,False,False,excluded,excluded,non_list1,non_list1,insufficient_positive_pre_months|direct_policy_scope_overlap,insufficient_positive_pre_months|direct_policy_scope_overlap,22,19,24,22,619936,425201,0,0,0.000000000000,0.000000000000
852290,False,False,excluded,excluded,non_list1,non_list1,direct_policy_scope_overlap,direct_policy_scope_overlap,29,26,24,22,34768775,30335696,0,0,0.000000000000,0.000000000000
852321,False,False,excluded,excluded,non_list1,non_list1,direct_policy_scope_overlap,direct_policy_scope_overlap,29,26,24,22,15175276,14233492,0,0,0.000000000000,0.000000000000
852329,False,False,control_candidate,control_candidate,non_list1,non_list1,,,29,26,24,22,15182418,13601878,0,0,0.000000000000,0.000000000000
852341,False,False,control_candidate,control_candidate,non_list1,non_list1,,,29,26,24,22,42377896,39453000,0,0,0.000000000000,0.000000000000
852349,False,False,excluded,excluded,non_list1,non_list1,direct_policy_scope_overlap,direct_policy_scope_overlap,29,26,24,22,49727968,45869045,0,0,0.000000000000,0.000000000000
852351,False,False,control_candidate,control_candidate,non_list1,non_list1,,,29,26,24,22,9035410617,7965540628,0,0,0.000000000000,0.000000000000
852352,False,False,excluded,excluded,non_list1,non_list1,direct_policy_scope_overlap,direct_policy_scope_overlap,29,26,24,22,533902686,483974186,0,0,0.000000000000,0.000000000000
852359,False,False,excluded,excluded,non_list1,non_list1,direct_policy_scope_overlap,direct_policy_scope_overlap,29,26,24,22,58313602,50658303,0,0,0.000000000000,0.000000000000
852380,False,False,control_candidate,control_candidate,non_list1,non_list1,,,29,26,24,22,10939200,10396673,0,0,0.000000000000,0.000000000000
852550,False,False,excluded,excluded,mixed_list1,mixed_list1,mixed_list1_pre_value_share,mixed_list1_pre_value_share,29,26,24,22,4896970793,4423523410,41364980,38355737,0.008447054669,0.008670856565
852560,False,False,treated_candidate,treated_candidate,pure_list1,pure_list1,,,29,26,24,22,1537017901,1414546525,1537017901,1414546525,1.000000000000,1.000000000000
852580,False,False,excluded,excluded,mixed_list1,mixed_list1,mixed_list1_pre_value_share,mixed_list1_pre_value_share,29,26,24,22,6627788193,5890226745,17379343,15281480,0.002622193482,0.002594378903
852610,False,False,treated_candidate,treated_candidate,pure_list1,pure_list1,,,29,26,24,22,12055360,9173207,12055360,9173207,1.000000000000,1.000000000000
852691,False,False,treated_candidate,treated_candidate,pure_list1,pure_list1,,,29,26,24,22,1440623792,1343590904,1440623792,1343590904,1.000000000000,1.000000000000
852692,False,False,excluded,excluded,mixed_list1,mixed_list1,mixed_list1_pre_value_share,mixed_list1_pre_value_share,29,26,24,22,565507502,491697247,326574836,289498112,0.577489838499,0.588773099232
852712,True,False,control_candidate,excluded,non_list1,non_list1,,insufficient_positive_pre_months,24,21,24,22,1482503,1430212,0,0,0.000000000000,0.000000000000
852713,False,False,control_candidate,control_candidate,non_list1,non_list1,,,29,26,24,22,331749384,313637032,0,0,0.000000000000,0.000000000000
852719,False,False,control_candidate,control_candidate,non_list1,non_list1,,,29,26,24,22,208659634,183907752,0,0,0.000000000000,0.000000000000
852721,False,False,excluded,excluded,non_list1,non_list1,direct_policy_scope_overlap,direct_policy_scope_overlap,29,26,24,22,1169314980,1067391412,0,0,0.000000000000,0.000000000000
852729,False,False,excluded,excluded,non_list1,non_list1,direct_policy_scope_overlap,direct_policy_scope_overlap,29,26,24,22,49398005,42856375,0,0,0.000000000000,0.000000000000
852791,False,False,control_candidate,control_candidate,non_list1,non_list1,,,29,26,24,22,431684253,409714806,0,0,0.000000000000,0.000000000000
852792,False,False,control_candidate,control_candidate,non_list1,non_list1,,,29,26,24,22,159193810,146970765,0,0,0.000000000000,0.000000000000
852799,False,False,excluded,excluded,mixed_list1,mixed_list1,mixed_list1_pre_value_share,mixed_list1_pre_value_share,29,26,24,22,129895391,118711320,89863333,81849976,0.691813099050,0.689487540026
852842,False,False,excluded,excluded,non_list1,non_list1,insufficient_positive_pre_months|direct_policy_scope_overlap,insufficient_positive_pre_months|direct_policy_scope_overlap,17,14,24,22,5993552,5856343,0,0,0.000000000000,0.000000000000
852849,False,False,excluded,excluded,non_list1,non_list1,direct_policy_scope_overlap,direct_policy_scope_overlap,29,26,24,22,5404150,3723147,0,0,0.000000000000,0.000000000000
852852,False,False,excluded,excluded,non_list1,non_list1,insufficient_positive_pre_months,insufficient_positive_pre_months,17,14,24,22,6364250584,5239009692,0,0,0.000000000000,0.000000000000
852859,False,False,excluded,excluded,non_list1,non_list1,direct_policy_scope_overlap,direct_policy_scope_overlap,29,26,24,22,1800177299,1649885865,0,0,0.000000000000,0.000000000000
852862,False,False,excluded,excluded,non_list1,non_list1,insufficient_positive_pre_months,insufficient_positive_pre_months,17,14,24,22,71664165,54470314,0,0,0.000000000000,0.000000000000
852869,False,False,excluded,excluded,non_list1,non_list1,direct_policy_scope_overlap,direct_policy_scope_overlap,29,26,24,22,1357664994,1211374172,0,0,0.000000000000,0.000000000000
852871,False,False,control_candidate,control_candidate,non_list1,non_list1,,,29,26,24,22,3188036121,2864631568,0,0,0.000000000000,0.000000000000
852872,False,False,excluded,excluded,non_list1,non_list1,direct_policy_scope_overlap,direct_policy_scope_overlap,29,26,24,22,8605604613,7846768690,0,0,0.000000000000,0.000000000000
852873,False,False,excluded,excluded,non_list1,non_list1,insufficient_positive_pre_months|direct_policy_scope_overlap,insufficient_positive_pre_months|direct_policy_scope_overlap,16,14,24,22,806556,769656,0,0,0.000000000000,0.000000000000
852910,False,False,excluded,excluded,mixed_list1,mixed_list1,mixed_list1_pre_value_share,mixed_list1_pre_value_share,29,26,24,22,676593216,611068077,190746217,173591727,0.281921563044,0.284079194338
852990,False,False,excluded,excluded,mixed_list1,mixed_list1,mixed_list1_pre_value_share,mixed_list1_pre_value_share,29,26,24,22,1498093854,1356578669,1021959043,928373001,0.682172909442,0.684348812358
853010,False,False,treated_candidate,treated_candidate,pure_list1,pure_list1,,,28,25,24,22,3903495,3456962,3903495,3456962,1.000000000000,1.000000000000
853080,False,False,treated_candidate,treated_candidate,pure_list1,pure_list1,,,29,26,24,22,39782897,36696595,39782897,36696595,1.000000000000,1.000000000000
853090,False,False,treated_candidate,treated_candidate,pure_list1,pure_list1,,,29,26,24,22,88753239,80412718,88753239,80412718,1.000000000000,1.000000000000
853110,False,False,excluded,excluded,non_list1,non_list1,direct_policy_scope_overlap,direct_policy_scope_overlap,29,26,24,22,780851110,692740405,0,0,0.000000000000,0.000000000000
853120,False,False,excluded,excluded,non_list1,non_list1,direct_policy_scope_overlap,direct_policy_scope_overlap,29,26,24,22,1377952217,1250713548,0,0,0.000000000000,0.000000000000
853180,False,False,control_candidate,control_candidate,non_list1,non_list1,,,29,26,24,22,544667396,495684300,0,0,0.000000000000,0.000000000000
853190,False,False,excluded,excluded,non_list1,non_list1,direct_policy_scope_overlap,direct_policy_scope_overlap,29,26,24,22,483285629,436296143,0,0,0.000000000000,0.000000000000
853210,False,False,treated_candidate,treated_candidate,pure_list1,pure_list1,,,29,26,24,22,36904477,32936326,36904477,32936326,1.000000000000,1.000000000000
853221,False,False,treated_candidate,treated_candidate,pure_list1,pure_list1,,,29,26,24,22,74392030,65905035,74392030,65905035,1.000000000000,1.000000000000
853222,False,False,treated_candidate,treated_candidate,pure_list1,pure_list1,,,29,26,24,22,103716278,93138434,103716278,93138434,1.000000000000,1.000000000000
853223,False,False,treated_candidate,treated_candidate,pure_list1,pure_list1,,,29,26,24,22,18512980,16028220,18512980,16028220,1.000000000000,1.000000000000
853224,False,False,treated_candidate,treated_candidate,pure_list1,pure_list1,,,29,26,24,22,182152144,149630309,182152144,149630309,1.000000000000,1.000000000000
853225,False,False,treated_candidate,treated_candidate,pure_list1,pure_list1,,,29,26,24,22,121278545,107622281,121278545,107622281,1.000000000000,1.000000000000
853229,False,False,treated_candidate,treated_candidate,pure_list1,pure_list1,,,29,26,24,22,57034637,49110962,57034637,49110962,1.000000000000,1.000000000000
853230,False,False,treated_candidate,treated_candidate,pure_list1,pure_list1,,,29,26,24,22,12310297,10593370,12310297,10593370,1.000000000000,1.000000000000
853290,False,False,treated_candidate,treated_candidate,pure_list1,pure_list1,,,29,26,24,22,10312786,9149579,10312786,9149579,1.000000000000,1.000000000000
853310,False,False,treated_candidate,treated_candidate,pure_list1,pure_list1,,,29,26,24,22,16706171,14446076,16706171,14446076,1.000000000000,1.000000000000
853321,False,False,treated_candidate,treated_candidate,pure_list1,pure_list1,,,29,26,24,22,112188413,96499482,112188413,96499482,1.000000000000,1.000000000000
853329,False,False,treated_candidate,treated_candidate,pure_list1,pure_list1,,,29,26,24,22,36597796,30733220,36597796,30733220,1.000000000000,1.000000000000
853331,False,False,treated_candidate,treated_candidate,pure_list1,pure_list1,,,28,25,24,22,954200,890389,954200,890389,1.000000000000,1.000000000000
853339,False,False,excluded,excluded,non_list1,non_list1,direct_policy_scope_overlap,direct_policy_scope_overlap,29,26,24,22,80233626,73589354,0,0,0.000000000000,0.000000000000
853340,False,False,treated_candidate,treated_candidate,pure_list1,pure_list1,,,29,26,24,22,314238018,281250236,314238018,281250236,1.000000000000,1.000000000000
853390,False,False,excluded,excluded,mixed_list1,mixed_list1,mixed_list1_pre_value_share,mixed_list1_pre_value_share,29,26,24,22,17061841,13730772,10906675,8560161,0.639243736945,0.623428966703
853400,False,False,excluded,excluded,non_list1,non_list1,direct_policy_scope_overlap,direct_policy_scope_overlap,29,26,24,22,2198218932,1952270947,0,0,0.000000000000,0.000000000000
853510,False,False,treated_candidate,treated_candidate,pure_list1,pure_list1,,,29,26,24,22,48942459,44409408,48942459,44409408,1.000000000000,1.000000000000
853521,False,False,treated_candidate,treated_candidate,pure_list1,pure_list1,,,29,26,24,22,9285092,8288082,9285092,8288082,1.000000000000,1.000000000000
853529,False,False,treated_candidate,treated_candidate,pure_list1,pure_list1,,,29,26,24,22,19861160,18190742,19861160,18190742,1.000000000000,1.000000000000
853530,False,False,treated_candidate,treated_candidate,pure_list1,pure_list1,,,29,26,24,22,23752225,20915677,23752225,20915677,1.000000000000,1.000000000000
853540,False,False,excluded,excluded,non_list1,non_list1,direct_policy_scope_overlap,direct_policy_scope_overlap,29,26,24,22,78725956,69896548,0,0,0.000000000000,0.000000000000
853590,False,False,treated_candidate,treated_candidate,pure_list1,pure_list1,,,29,26,24,22,125372759,113953526,125372759,113953526,1.000000000000,1.000000000000
853610,False,False,treated_candidate,treated_candidate,pure_list1,pure_list1,,,29,26,24,22,41153645,36589775,41153645,36589775,1.000000000000,1.000000000000
853620,False,False,treated_candidate,treated_candidate,pure_list1,pure_list1,,,29,26,24,22,137836364,124278162,137836364,124278162,1.000000000000,1.000000000000
853630,False,False,excluded,excluded,mixed_list1,mixed_list1,mixed_list1_pre_value_share,mixed_list1_pre_value_share,29,26,24,22,808826649,729689736,23294497,20487603,0.028800357937,0.028077142913
853641,False,False,treated_candidate,treated_candidate,pure_list1,pure_list1,,,29,26,24,22,282719865,247869715,282719865,247869715,1.000000000000,1.000000000000
853649,False,False,treated_candidate,treated_candidate,pure_list1,pure_list1,,,29,26,24,22,285667760,255015871,285667760,255015871,1.000000000000,1.000000000000
853650,False,False,excluded,excluded,mixed_list1,mixed_list1,mixed_list1_pre_value_share,mixed_list1_pre_value_share,29,26,24,22,1531587626,1355423731,1162534736,1031060870,0.759038997355,0.760692650142
853661,False,False,excluded,excluded,non_list1,non_list1,direct_policy_scope_overlap,direct_policy_scope_overlap,29,26,24,22,84667491,77760004,0,0,0.000000000000,0.000000000000
853669,False,False,excluded,excluded,mixed_list1,mixed_list1,mixed_list1_pre_value_share,mixed_list1_pre_value_share,29,26,24,22,2064584793,1824321004,1337122176,1172111166,0.647647013837,0.642491734421
853670,False,False,excluded,excluded,non_list1,non_list1,direct_policy_scope_overlap,direct_policy_scope_overlap,29,26,24,22,168870206,148141932,0,0,0.000000000000,0.000000000000
853690,False,False,excluded,excluded,mixed_list1,mixed_list1,mixed_list1_pre_value_share,mixed_list1_pre_value_share,29,26,24,22,814035442,716871295,719532969,622617655,0.883908650503,0.868520833994
853710,False,False,excluded,excluded,mixed_list1,mixed_list1,mixed_list1_pre_value_share,mixed_list1_pre_value_share,29,26,24,22,3638275875,3219498496,85236942,71534046,0.023427839155,0.022219002770
853720,False,False,treated_candidate,treated_candidate,pure_list1,pure_list1,,,29,26,24,22,15773188,14185381,15773188,14185381,1.000000000000,1.000000000000
853810,False,False,treated_candidate,treated_candidate,pure_list1,pure_list1,,,29,26,24,22,45441718,41430018,45441718,41430018,1.000000000000,1.000000000000
853890,False,False,excluded,excluded,mixed_list1,mixed_list1,mixed_list1_pre_value_share,mixed_list1_pre_value_share,29,26,24,22,1355761365,1196622391,953476634,827321011,0.703277625853,0.691380185782
853910,False,False,excluded,excluded,non_list1,non_list1,direct_policy_scope_overlap,direct_policy_scope_overlap,29,26,24,22,51755990,42440550,0,0,0.000000000000,0.000000000000
853921,False,False,excluded,excluded,non_list1,non_list1,direct_policy_scope_overlap,direct_policy_scope_overlap,29,26,24,22,215854527,201148768,0,0,0.000000000000,0.000000000000
853922,False,False,control_candidate,control_candidate,non_list1,non_list1,,,29,26,24,22,298759489,276530281,0,0,0.000000000000,0.000000000000
853929,False,False,control_candidate,control_candidate,non_list1,non_list1,,,29,26,24,22,72456245,66575119,0,0,0.000000000000,0.000000000000
853931,False,False,excluded,excluded,non_list1,non_list1,direct_policy_scope_overlap,direct_policy_scope_overlap,29,26,24,22,496221026,466618507,0,0,0.000000000000,0.000000000000
853932,False,False,excluded,excluded,non_list1,non_list1,direct_policy_scope_overlap,direct_policy_scope_overlap,29,26,24,22,158081307,145972391,0,0,0.000000000000,0.000000000000
853939,False,False,excluded,excluded,non_list1,non_list1,direct_policy_scope_overlap,direct_policy_scope_overlap,29,26,24,22,35272386,32470975,0,0,0.000000000000,0.000000000000
853941,False,False,treated_candidate,treated_candidate,pure_list1,pure_list1,,,29,26,24,22,11056261,10278957,11056261,10278957,1.000000000000,1.000000000000
853949,False,False,excluded,excluded,non_list1,non_list1,direct_policy_scope_overlap,direct_policy_scope_overlap,29,26,24,22,53291196,49063690,0,0,0.000000000000,0.000000000000
853950,False,False,excluded,excluded,non_list1,non_list1,insufficient_positive_pre_months,insufficient_positive_pre_months,17,14,24,22,2242068155,1804966260,0,0,0.000000000000,0.000000000000
853990,False,False,treated_candidate,treated_candidate,pure_list1,pure_list1,,,29,26,24,22,39323228,35021775,39323228,35021775,1.000000000000,1.000000000000
854011,False,False,excluded,excluded,non_list1,non_list1,insufficient_positive_pre_months|direct_policy_scope_overlap,insufficient_positive_pre_months|direct_policy_scope_overlap,5,4,24,22,70942,25562,0,0,0.000000000000,0.000000000000
854012,False,False,excluded,excluded,non_list1,non_list1,insufficient_positive_pre_months|direct_policy_scope_overlap,insufficient_positive_pre_months|direct_policy_scope_overlap,1,1,24,22,2420,2420,0,0,0.000000000000,0.000000000000
854020,False,False,excluded,excluded,non_list1,non_list1,direct_policy_scope_overlap,direct_policy_scope_overlap,29,26,24,22,14185710,12268927,0,0,0.000000000000,0.000000000000
854040,False,False,excluded,excluded,non_list1,non_list1,insufficient_positive_pre_months|direct_policy_scope_overlap,insufficient_positive_pre_months|direct_policy_scope_overlap,14,13,24,22,124121,105921,0,0,0.000000000000,0.000000000000
854060,False,False,excluded,excluded,non_list1,non_list1,insufficient_positive_pre_months|direct_policy_scope_overlap,insufficient_positive_pre_months|direct_policy_scope_overlap,1,1,24,22,25959,25959,0,0,0.000000000000,0.000000000000
854071,False,False,excluded,excluded,non_list1,non_list1,direct_policy_scope_overlap,direct_policy_scope_overlap,29,26,24,22,9673272,8648476,0,0,0.000000000000,0.000000000000
854079,False,False,excluded,excluded,pure_list1,pure_list1,insufficient_positive_pre_months,insufficient_positive_pre_months,2,2,24,22,35058,35058,35058,35058,1.000000000000,1.000000000000
854081,False,False,excluded,excluded,non_list1,non_list1,direct_policy_scope_overlap,direct_policy_scope_overlap,29,26,24,22,6212141,5312431,0,0,0.000000000000,0.000000000000
854089,False,False,treated_candidate,treated_candidate,pure_list1,pure_list1,,,29,26,24,22,12061009,10613192,12061009,10613192,1.000000000000,1.000000000000
854091,False,False,excluded,excluded,non_list1,non_list1,insufficient_positive_pre_months|direct_policy_scope_overlap,insufficient_positive_pre_months|direct_policy_scope_overlap,14,12,24,22,148531,138727,0,0,0.000000000000,0.000000000000
854099,False,False,excluded,excluded,non_list1,non_list1,insufficient_positive_pre_months|direct_policy_scope_overlap,insufficient_positive_pre_months|direct_policy_scope_overlap,17,16,24,22,213388,187149,0,0,0.000000000000,0.000000000000
854110,False,False,excluded,excluded,non_list1,non_list1,direct_policy_scope_overlap,direct_policy_scope_overlap,29,26,24,22,682295729,594966224,0,0,0.000000000000,0.000000000000
854121,False,False,treated_candidate,treated_candidate,pure_list1,pure_list1,,,29,26,24,22,177649157,160853835,177649157,160853835,1.000000000000,1.000000000000
854129,False,False,treated_candidate,treated_candidate,pure_list1,pure_list1,,,29,26,24,22,510115534,440664266,510115534,440664266,1.000000000000,1.000000000000
854130,False,False,treated_candidate,treated_candidate,pure_list1,pure_list1,,,29,26,24,22,68686627,60032956,68686627,60032956,1.000000000000,1.000000000000
854140,False,False,excluded,excluded,mixed_list1,mixed_list1,mixed_list1_pre_value_share,mixed_list1_pre_value_share,29,26,24,22,3813519716,3621827856,1706710371,1527635911,0.447542034158,0.421785896994
854150,False,False,treated_candidate,treated_candidate,pure_list1,pure_list1,,,29,26,24,22,82463488,72068255,82463488,72068255,1.000000000000,1.000000000000
854160,False,False,treated_candidate,treated_candidate,pure_list1,pure_list1,,,29,26,24,22,483879424,434611128,483879424,434611128,1.000000000000,1.000000000000
854190,False,False,treated_candidate,treated_candidate,pure_list1,pure_list1,,,29,26,24,22,79078115,72027920,79078115,72027920,1.000000000000,1.000000000000
854231,False,False,excluded,excluded,non_list1,non_list1,insufficient_positive_pre_months|direct_policy_scope_overlap,insufficient_positive_pre_months|direct_policy_scope_overlap,17,14,24,22,1749250157,1329250982,0,0,0.000000000000,0.000000000000
854232,False,False,excluded,excluded,non_list1,non_list1,insufficient_positive_pre_months|direct_policy_scope_overlap,insufficient_positive_pre_months|direct_policy_scope_overlap,17,14,24,22,1119273831,886444762,0,0,0.000000000000,0.000000000000
854233,False,False,excluded,excluded,non_list1,non_list1,insufficient_positive_pre_months|direct_policy_scope_overlap,insufficient_positive_pre_months|direct_policy_scope_overlap,17,14,24,22,128838781,102833789,0,0,0.000000000000,0.000000000000
854239,False,False,excluded,excluded,non_list1,non_list1,insufficient_positive_pre_months|direct_policy_scope_overlap,insufficient_positive_pre_months|direct_policy_scope_overlap,17,14,24,22,1041417033,833686810,0,0,0.000000000000,0.000000000000
854290,False,False,excluded,excluded,non_list1,non_list1,direct_policy_scope_overlap,direct_policy_scope_overlap,29,26,24,22,141726232,121190595,0,0,0.000000000000,0.000000000000
854310,False,False,excluded,excluded,pure_list1,pure_list1,insufficient_positive_pre_months,insufficient_positive_pre_months,13,10,24,22,1943515,1861815,1943515,1861815,1.000000000000,1.000000000000
854320,False,False,treated_candidate,treated_candidate,pure_list1,pure_list1,,,29,26,24,22,17445893,14428359,17445893,14428359,1.000000000000,1.000000000000
854330,False,False,excluded,excluded,mixed_list1,mixed_list1,mixed_list1_pre_value_share,mixed_list1_pre_value_share,29,26,24,22,63291270,55955060,53981357,46645147,0.852903678501,0.833618032042
854370,False,False,excluded,excluded,mixed_list1,mixed_list1,mixed_list1_pre_value_share,mixed_list1_pre_value_share,29,26,24,22,4977281234,4175444515,49225385,43590307,0.009890014786,0.010439680576
854390,False,False,excluded,excluded,mixed_list1,mixed_list1,mixed_list1_pre_value_share,mixed_list1_pre_value_share,29,26,24,22,1125456238,882572101,180622518,165312248,0.160488264138,0.187307357453
854411,False,False,treated_candidate,treated_candidate,pure_list1,pure_list1,,,29,26,24,22,55710963,48533927,55710963,48533927,1.000000000000,1.000000000000
854419,False,False,treated_candidate,treated_candidate,pure_list1,pure_list1,,,29,26,24,22,14112352,12712467,14112352,12712467,1.000000000000,1.000000000000
854420,False,False,excluded,excluded,non_list1,non_list1,direct_policy_scope_overlap,direct_policy_scope_overlap,29,26,24,22,676423932,611781553,0,0,0.000000000000,0.000000000000
854430,False,False,treated_candidate,treated_candidate,pure_list1,pure_list1,,,29,26,24,22,1277620734,1146925963,1277620734,1146925963,1.000000000000,1.000000000000
854442,False,False,excluded,excluded,non_list1,non_list1,direct_policy_scope_overlap,direct_policy_scope_overlap,29,26,24,22,6274583767,5592698288,0,0,0.000000000000,0.000000000000
854449,False,False,excluded,excluded,mixed_list1,mixed_list1,mixed_list1_pre_value_share,mixed_list1_pre_value_share,29,26,24,22,1051890957,939319454,475434319,418174333,0.451980612473,0.445188621634
854460,False,False,excluded,excluded,mixed_list1,mixed_list1,mixed_list1_pre_value_share,mixed_list1_pre_value_share,29,26,24,22,193419551,165928733,89081348,72923610,0.460560204692,0.439487535893
854470,False,False,treated_candidate,treated_candidate,pure_list1,pure_list1,,,29,26,24,22,619947549,537397160,619947549,537397160,1.000000000000,1.000000000000
854511,False,False,excluded,excluded,non_list1,non_list1,direct_policy_scope_overlap,direct_policy_scope_overlap,29,26,24,22,141467136,94064884,0,0,0.000000000000,0.000000000000
854519,False,False,excluded,excluded,non_list1,non_list1,direct_policy_scope_overlap,direct_policy_scope_overlap,29,26,24,22,31798577,27585952,0,0,0.000000000000,0.000000000000
854520,False,False,excluded,excluded,non_list1,non_list1,direct_policy_scope_overlap,direct_policy_scope_overlap,29,26,24,22,11266168,10147243,0,0,0.000000000000,0.000000000000
854590,False,False,excluded,excluded,non_list1,non_list1,direct_policy_scope_overlap,direct_policy_scope_overlap,29,26,24,22,11564476,10113567,0,0,0.000000000000,0.000000000000
854610,False,False,excluded,excluded,non_list1,non_list1,direct_policy_scope_overlap,direct_policy_scope_overlap,29,26,24,22,31967105,27298080,0,0,0.000000000000,0.000000000000
854620,False,False,excluded,excluded,non_list1,non_list1,direct_policy_scope_overlap,direct_policy_scope_overlap,29,26,24,22,96239833,85927602,0,0,0.000000000000,0.000000000000
854690,False,False,excluded,excluded,non_list1,non_list1,direct_policy_scope_overlap,direct_policy_scope_overlap,29,26,24,22,136742013,121767845,0,0,0.000000000000,0.000000000000
854710,False,False,excluded,excluded,non_list1,non_list1,direct_policy_scope_overlap,direct_policy_scope_overlap,29,26,24,22,24612451,21539826,0,0,0.000000000000,0.000000000000
854720,False,False,excluded,excluded,non_list1,non_list1,direct_policy_scope_overlap,direct_policy_scope_overlap,29,26,24,22,62716668,54834034,0,0,0.000000000000,0.000000000000
854790,False,False,excluded,excluded,non_list1,non_list1,direct_policy_scope_overlap,direct_policy_scope_overlap,29,26,24,22,70872592,59352127,0,0,0.000000000000,0.000000000000
854810,False,False,excluded,excluded,non_list1,non_list1,insufficient_positive_pre_months,insufficient_positive_pre_months,23,20,24,22,4861888,3721381,0,0,0.000000000000,0.000000000000
854890,False,False,excluded,excluded,non_list1,non_list1,direct_policy_scope_overlap,direct_policy_scope_overlap,29,26,24,22,77280513,67059578,0,0,0.000000000000,0.000000000000
860120,False,False,excluded,excluded,non_list1,non_list1,insufficient_positive_pre_months|direct_policy_scope_overlap,insufficient_positive_pre_months|direct_policy_scope_overlap,0,0,24,22,0,0,0,0,0.000000000000,0.000000000000
860210,False,False,excluded,excluded,non_list1,non_list1,direct_policy_scope_overlap,direct_policy_scope_overlap,27,24,24,22,34217746,30386061,0,0,0.000000000000,0.000000000000
860290,False,False,excluded,excluded,non_list1,non_list1,insufficient_positive_pre_months|direct_policy_scope_overlap,insufficient_positive_pre_months|direct_policy_scope_overlap,0,0,24,22,0,0,0,0,0.000000000000,0.000000000000
860310,False,False,excluded,excluded,pure_list1,pure_list1,insufficient_positive_pre_months,insufficient_positive_pre_months,1,1,24,22,1814333,1814333,1814333,1814333,1.000000000000,1.000000000000
860390,False,False,excluded,excluded,pure_list1,pure_list1,insufficient_positive_pre_months,insufficient_positive_pre_months,2,2,24,22,221000,221000,221000,221000,1.000000000000,1.000000000000
860400,False,False,excluded,excluded,pure_list1,pure_list1,insufficient_positive_pre_months,insufficient_positive_pre_months,9,9,24,22,128495,128495,128495,128495,1.000000000000,1.000000000000
860500,False,False,excluded,excluded,non_list1,non_list1,insufficient_positive_pre_months|direct_policy_scope_overlap,insufficient_positive_pre_months|direct_policy_scope_overlap,3,3,24,22,96952,96952,0,0,0.000000000000,0.000000000000
860610,False,False,excluded,excluded,non_list1,non_list1,insufficient_positive_pre_months|direct_policy_scope_overlap,insufficient_positive_pre_months|direct_policy_scope_overlap,1,1,24,22,7750,7750,0,0,0.000000000000,0.000000000000
860630,False,False,excluded,excluded,non_list1,non_list1,insufficient_positive_pre_months|direct_policy_scope_overlap,insufficient_positive_pre_months|direct_policy_scope_overlap,1,1,24,22,6314,6314,0,0,0.000000000000,0.000000000000
860691,False,False,excluded,excluded,non_list1,non_list1,insufficient_positive_pre_months|direct_policy_scope_overlap,insufficient_positive_pre_months|direct_policy_scope_overlap,0,0,24,22,0,0,0,0,0.000000000000,0.000000000000
860692,False,False,excluded,excluded,non_list1,non_list1,insufficient_positive_pre_months|direct_policy_scope_overlap,insufficient_positive_pre_months|direct_policy_scope_overlap,0,0,24,22,0,0,0,0,0.000000000000,0.000000000000
860699,False,False,excluded,excluded,non_list1,non_list1,insufficient_positive_pre_months|direct_policy_scope_overlap,insufficient_positive_pre_months|direct_policy_scope_overlap,2,2,24,22,7428,7428,0,0,0.000000000000,0.000000000000
860711,False,False,excluded,excluded,non_list1,non_list1,direct_policy_scope_overlap,insufficient_positive_pre_months|direct_policy_scope_overlap,24,21,24,22,4337263,3594061,0,0,0.000000000000,0.000000000000
860712,False,False,excluded,excluded,pure_list1,pure_list1,insufficient_positive_pre_months,insufficient_positive_pre_months,7,7,24,22,1315331,1315331,1315331,1315331,1.000000000000,1.000000000000
860719,False,False,excluded,excluded,mixed_list1,mixed_list1,mixed_list1_pre_value_share,mixed_list1_pre_value_share,29,26,24,22,224120448,199128790,96953895,85263947,0.432597274658,0.428184929964
860721,False,False,treated_candidate,treated_candidate,pure_list1,pure_list1,,,29,26,24,22,34440007,30852945,34440007,30852945,1.000000000000,1.000000000000
860729,False,False,treated_candidate,treated_candidate,pure_list1,pure_list1,,,29,26,24,22,9545295,8705388,9545295,8705388,1.000000000000,1.000000000000
860730,False,False,excluded,excluded,non_list1,non_list1,direct_policy_scope_overlap,direct_policy_scope_overlap,29,26,24,22,90868153,76646281,0,0,0.000000000000,0.000000000000
860791,False,False,treated_candidate,treated_candidate,pure_list1,pure_list1,,,29,26,24,22,92062211,86358625,92062211,86358625,1.000000000000,1.000000000000
860799,False,False,treated_candidate,treated_candidate,pure_list1,pure_list1,,,29,26,24,22,125250271,107393980,125250271,107393980,1.000000000000,1.000000000000
860800,False,False,treated_candidate,treated_candidate,pure_list1,pure_list1,,,29,26,24,22,17719224,15747884,17719224,15747884,1.000000000000,1.000000000000
860900,False,False,control_candidate,control_candidate,non_list1,non_list1,,,29,26,24,22,797213727,694892746,0,0,0.000000000000,0.000000000000
870110,False,False,excluded,excluded,mixed_list1,mixed_list1,insufficient_positive_pre_months|mixed_list1_pre_value_share,insufficient_positive_pre_months|mixed_list1_pre_value_share,8,8,24,22,491767,491767,253710,253710,0.515915057334,0.515915057334
870120,False,False,excluded,excluded,non_list1,non_list1,insufficient_positive_pre_months|direct_policy_scope_overlap,insufficient_positive_pre_months|direct_policy_scope_overlap,0,0,24,22,0,0,0,0,0.000000000000,0.000000000000
870130,False,False,excluded,excluded,mixed_list1,mixed_list1,mixed_list1_pre_value_share,mixed_list1_pre_value_share,27,24,24,22,15761757,12340782,15608357,12216482,0.990267582478,0.989927704744
870191,False,False,excluded,excluded,non_list1,non_list1,insufficient_positive_pre_months|direct_policy_scope_overlap,insufficient_positive_pre_months|direct_policy_scope_overlap,6,5,24,22,316782,246257,0,0,0.000000000000,0.000000000000
870192,False,False,excluded,excluded,non_list1,non_list1,insufficient_positive_pre_months|direct_policy_scope_overlap,insufficient_positive_pre_months|direct_policy_scope_overlap,16,13,24,22,1688142,1211171,0,0,0.000000000000,0.000000000000
870193,False,False,excluded,excluded,non_list1,non_list1,insufficient_positive_pre_months|direct_policy_scope_overlap,insufficient_positive_pre_months|direct_policy_scope_overlap,17,14,24,22,86222738,64256513,0,0,0.000000000000,0.000000000000
870194,False,False,excluded,excluded,non_list1,non_list1,insufficient_positive_pre_months|direct_policy_scope_overlap,insufficient_positive_pre_months|direct_policy_scope_overlap,16,14,24,22,31127111,25613497,0,0,0.000000000000,0.000000000000
870195,False,False,excluded,excluded,non_list1,non_list1,insufficient_positive_pre_months|direct_policy_scope_overlap,insufficient_positive_pre_months|direct_policy_scope_overlap,17,14,24,22,109714944,87434451,0,0,0.000000000000,0.000000000000
870210,False,False,excluded,excluded,pure_list1,pure_list1,insufficient_positive_pre_months,insufficient_positive_pre_months,10,9,24,22,10854787,10595237,10854787,10595237,1.000000000000,1.000000000000
870220,False,False,excluded,excluded,non_list1,non_list1,insufficient_positive_pre_months|direct_policy_scope_overlap,insufficient_positive_pre_months|direct_policy_scope_overlap,0,0,24,22,0,0,0,0,0.000000000000,0.000000000000
870230,False,False,excluded,excluded,non_list1,non_list1,insufficient_positive_pre_months|direct_policy_scope_overlap,insufficient_positive_pre_months|direct_policy_scope_overlap,0,0,24,22,0,0,0,0,0.000000000000,0.000000000000
870240,False,False,excluded,excluded,pure_list1,pure_list1,insufficient_positive_pre_months,insufficient_positive_pre_months,15,12,24,22,2440949,933436,2440949,933436,1.000000000000,1.000000000000
870290,False,False,excluded,excluded,pure_list1,pure_list1,insufficient_positive_pre_months,insufficient_positive_pre_months,14,11,24,22,23388186,21199090,23388186,21199090,1.000000000000,1.000000000000
870310,False,False,control_candidate,control_candidate,non_list1,non_list1,,,29,26,24,22,69846082,62100835,0,0,0.000000000000,0.000000000000
870321,False,False,excluded,excluded,pure_list1,pure_list1,insufficient_positive_pre_months,insufficient_positive_pre_months,17,14,24,22,322040126,253901367,322040126,253901367,1.000000000000,1.000000000000
870322,False,False,excluded,excluded,pure_list1,pure_list1,insufficient_positive_pre_months,insufficient_positive_pre_months,16,13,24,22,8599420,6265383,8599420,6265383,1.000000000000,1.000000000000
870323,False,False,excluded,excluded,pure_list1,pure_list1,insufficient_positive_pre_months,insufficient_positive_pre_months,17,14,24,22,2078479231,1588388516,2078479231,1588388516,1.000000000000,1.000000000000
870324,False,False,excluded,excluded,pure_list1,pure_list1,insufficient_positive_pre_months,insufficient_positive_pre_months,17,14,24,22,43173474,39046480,43173474,39046480,1.000000000000,1.000000000000
870331,False,False,excluded,excluded,pure_list1,pure_list1,insufficient_positive_pre_months,insufficient_positive_pre_months,3,3,24,22,174390,174390,174390,174390,1.000000000000,1.000000000000
870332,False,False,excluded,excluded,pure_list1,pure_list1,insufficient_positive_pre_months,insufficient_positive_pre_months,7,6,24,22,3555280,3448758,3555280,3448758,1.000000000000,1.000000000000
870333,False,False,excluded,excluded,pure_list1,pure_list1,insufficient_positive_pre_months,insufficient_positive_pre_months,1,1,24,22,1356061,1356061,1356061,1356061,1.000000000000,1.000000000000
870340,False,False,excluded,excluded,pure_list1,pure_list1,insufficient_positive_pre_months,insufficient_positive_pre_months,17,14,24,22,3539156,2188335,3539156,2188335,1.000000000000,1.000000000000
870350,False,False,excluded,excluded,non_list1,non_list1,insufficient_positive_pre_months|direct_policy_scope_overlap,insufficient_positive_pre_months|direct_policy_scope_overlap,0,0,24,22,0,0,0,0,0.000000000000,0.000000000000
870360,False,False,excluded,excluded,pure_list1,pure_list1,insufficient_positive_pre_months,insufficient_positive_pre_months,9,6,24,22,47419552,14095211,47419552,14095211,1.000000000000,1.000000000000
870370,False,False,excluded,excluded,pure_list1,pure_list1,insufficient_positive_pre_months,insufficient_positive_pre_months,2,1,24,22,45875,16123,45875,16123,1.000000000000,1.000000000000
870380,False,False,excluded,excluded,pure_list1,pure_list1,insufficient_positive_pre_months,insufficient_positive_pre_months,17,14,24,22,6191332,4459644,6191332,4459644,1.000000000000,1.000000000000
870390,False,False,excluded,excluded,pure_list1,pure_list1,insufficient_positive_pre_months,insufficient_positive_pre_months,12,12,24,22,15333695,15333695,15333695,15333695,1.000000000000,1.000000000000
870410,False,False,excluded,excluded,pure_list1,pure_list1,insufficient_positive_pre_months,insufficient_positive_pre_months,8,8,24,22,917548,917548,917548,917548,1.000000000000,1.000000000000
870421,False,False,excluded,excluded,pure_list1,pure_list1,insufficient_positive_pre_months,insufficient_positive_pre_months,3,3,24,22,48200,48200,48200,48200,1.000000000000,1.000000000000
870422,False,False,excluded,excluded,pure_list1,pure_list1,insufficient_positive_pre_months,insufficient_positive_pre_months,5,5,24,22,2303214,2303214,2303214,2303214,1.000000000000,1.000000000000
870423,False,False,excluded,excluded,non_list1,non_list1,insufficient_positive_pre_months|direct_policy_scope_overlap,insufficient_positive_pre_months|direct_policy_scope_overlap,0,0,24,22,0,0,0,0,0.000000000000,0.000000000000
870431,False,False,excluded,excluded,pure_list1,pure_list1,insufficient_positive_pre_months,insufficient_positive_pre_months,14,13,24,22,1436003,1036120,1436003,1036120,1.000000000000,1.000000000000
870432,False,False,excluded,excluded,non_list1,non_list1,insufficient_positive_pre_months|direct_policy_scope_overlap,insufficient_positive_pre_months|direct_policy_scope_overlap,0,0,24,22,0,0,0,0,0.000000000000,0.000000000000
870490,False,False,excluded,excluded,non_list1,non_list1,direct_policy_scope_overlap,direct_policy_scope_overlap,27,24,24,22,5115821,4795308,0,0,0.000000000000,0.000000000000
870510,False,False,excluded,excluded,non_list1,non_list1,insufficient_positive_pre_months|direct_policy_scope_overlap,insufficient_positive_pre_months|direct_policy_scope_overlap,2,2,24,22,4886489,4886489,0,0,0.000000000000,0.000000000000
870520,False,False,excluded,excluded,non_list1,non_list1,insufficient_positive_pre_months|direct_policy_scope_overlap,insufficient_positive_pre_months|direct_policy_scope_overlap,0,0,24,22,0,0,0,0,0.000000000000,0.000000000000
870530,False,False,excluded,excluded,non_list1,non_list1,insufficient_positive_pre_months|direct_policy_scope_overlap,insufficient_positive_pre_months|direct_policy_scope_overlap,0,0,24,22,0,0,0,0,0.000000000000,0.000000000000
870540,False,False,excluded,excluded,pure_list1,pure_list1,insufficient_positive_pre_months,insufficient_positive_pre_months,5,5,24,22,152085,152085,152085,152085,1.000000000000,1.000000000000
870590,False,False,excluded,excluded,non_list1,non_list1,insufficient_positive_pre_months|direct_policy_scope_overlap,insufficient_positive_pre_months|direct_policy_scope_overlap,12,11,24,22,1440007,1362677,0,0,0.000000000000,0.000000000000
870600,False,False,excluded,excluded,mixed_list1,mixed_list1,insufficient_positive_pre_months|mixed_list1_pre_value_share,insufficient_positive_pre_months|mixed_list1_pre_value_share,18,15,24,22,882456,546350,8267,2425,0.009368172464,0.004438546719
870710,False,False,excluded,excluded,non_list1,non_list1,direct_policy_scope_overlap,direct_policy_scope_overlap,29,26,24,22,7879173,7189052,0,0,0.000000000000,0.000000000000
870790,False,False,excluded,excluded,non_list1,non_list1,direct_policy_scope_overlap,direct_policy_scope_overlap,29,26,24,22,1706914,1205845,0,0,0.000000000000,0.000000000000
870810,False,False,excluded,excluded,non_list1,non_list1,direct_policy_scope_overlap,direct_policy_scope_overlap,29,26,24,22,146627993,129860202,0,0,0.000000000000,0.000000000000
870821,False,False,excluded,excluded,non_list1,non_list1,direct_policy_scope_overlap,direct_policy_scope_overlap,29,26,24,22,22491260,17816532,0,0,0.000000000000,0.000000000000
870829,False,False,excluded,excluded,non_list1,non_list1,direct_policy_scope_overlap,direct_policy_scope_overlap,29,26,24,22,3454689758,3073419276,0,0,0.000000000000,0.000000000000
870830,False,False,excluded,excluded,non_list1,non_list1,direct_policy_scope_overlap,direct_policy_scope_overlap,29,26,24,22,3619932971,3197367753,0,0,0.000000000000,0.000000000000
870840,False,False,excluded,excluded,non_list1,non_list1,direct_policy_scope_overlap,direct_policy_scope_overlap,29,26,24,22,522783304,479343835,0,0,0.000000000000,0.000000000000
870850,False,False,excluded,excluded,non_list1,non_list1,direct_policy_scope_overlap,direct_policy_scope_overlap,29,26,24,22,665633866,569428583,0,0,0.000000000000,0.000000000000
870870,False,False,excluded,excluded,non_list1,non_list1,direct_policy_scope_overlap,direct_policy_scope_overlap,29,26,24,22,5399221449,4712514077,0,0,0.000000000000,0.000000000000
870880,False,False,excluded,excluded,non_list1,non_list1,direct_policy_scope_overlap,direct_policy_scope_overlap,29,26,24,22,1551535924,1349323319,0,0,0.000000000000,0.000000000000
870891,False,False,excluded,excluded,non_list1,non_list1,direct_policy_scope_overlap,direct_policy_scope_overlap,29,26,24,22,769905659,685010995,0,0,0.000000000000,0.000000000000
870892,False,False,excluded,excluded,non_list1,non_list1,direct_policy_scope_overlap,direct_policy_scope_overlap,29,26,24,22,563096770,496669058,0,0,0.000000000000,0.000000000000
870893,False,False,excluded,excluded,non_list1,non_list1,direct_policy_scope_overlap,direct_policy_scope_overlap,29,26,24,22,246681120,218158434,0,0,0.000000000000,0.000000000000
870894,False,False,excluded,excluded,non_list1,non_list1,direct_policy_scope_overlap,direct_policy_scope_overlap,29,26,24,22,809185235,702136066,0,0,0.000000000000,0.000000000000
870895,False,False,excluded,excluded,non_list1,non_list1,direct_policy_scope_overlap,direct_policy_scope_overlap,29,26,24,22,122575821,111680724,0,0,0.000000000000,0.000000000000
870899,False,False,excluded,excluded,non_list1,non_list1,direct_policy_scope_overlap,direct_policy_scope_overlap,29,26,24,22,4593602065,4079070207,0,0,0.000000000000,0.000000000000
870911,False,False,treated_candidate,treated_candidate,pure_list1,pure_list1,,,28,25,24,22,7586245,7083047,7586245,7083047,1.000000000000,1.000000000000
870919,False,False,treated_candidate,treated_candidate,pure_list1,pure_list1,,,28,26,24,22,14600407,13615975,14600407,13615975,1.000000000000,1.000000000000
870990,False,False,treated_candidate,treated_candidate,pure_list1,pure_list1,,,29,26,24,22,66957467,59411604,66957467,59411604,1.000000000000,1.000000000000
871000,False,False,excluded,excluded,non_list1,non_list1,insufficient_positive_pre_months,insufficient_positive_pre_months,23,20,24,22,777579,700997,0,0,0.000000000000,0.000000000000
871110,False,False,excluded,excluded,non_list1,non_list1,direct_policy_scope_overlap,direct_policy_scope_overlap,29,26,24,22,69547450,64147682,0,0,0.000000000000,0.000000000000
871120,False,False,control_candidate,control_candidate,non_list1,non_list1,,,29,26,24,22,137689617,120628284,0,0,0.000000000000,0.000000000000
871130,False,False,excluded,excluded,non_list1,non_list1,insufficient_positive_pre_months,insufficient_positive_pre_months,16,16,24,22,1775001,1775001,0,0,0.000000000000,0.000000000000
871140,False,False,excluded,excluded,non_list1,non_list1,insufficient_positive_pre_months,insufficient_positive_pre_months,12,12,24,22,1038349,1038349,0,0,0.000000000000,0.000000000000
871150,False,False,excluded,excluded,pure_list1,pure_list1,insufficient_positive_pre_months,insufficient_positive_pre_months,1,1,24,22,7500,7500,7500,7500,1.000000000000,1.000000000000
871160,False,False,excluded,excluded,non_list1,non_list1,insufficient_positive_pre_months|direct_policy_scope_overlap,insufficient_positive_pre_months|direct_policy_scope_overlap,17,14,24,22,164484333,132136503,0,0,0.000000000000,0.000000000000
871190,False,False,excluded,excluded,non_list1,non_list1,insufficient_positive_pre_months|direct_policy_scope_overlap,insufficient_positive_pre_months|direct_policy_scope_overlap,17,14,24,22,261424512,231536866,0,0,0.000000000000,0.000000000000
871200,False,False,excluded,excluded,non_list1,non_list1,direct_policy_scope_overlap,direct_policy_scope_overlap,29,26,24,22,2187313750,1936693538,0,0,0.000000000000,0.000000000000
871310,False,False,control_candidate,control_candidate,non_list1,non_list1,,,29,26,24,22,196824988,176279387,0,0,0.000000000000,0.000000000000
871390,False,False,control_candidate,control_candidate,non_list1,non_list1,,,29,26,24,22,206844044,184562883,0,0,0.000000000000,0.000000000000
871410,False,False,control_candidate,control_candidate,non_list1,non_list1,,,29,26,24,22,350858700,313791957,0,0,0.000000000000,0.000000000000
871420,False,False,control_candidate,control_candidate,non_list1,non_list1,,,29,26,24,22,277010180,247251018,0,0,0.000000000000,0.000000000000
871491,False,False,excluded,excluded,non_list1,non_list1,direct_policy_scope_overlap,direct_policy_scope_overlap,29,26,24,22,95876620,84779779,0,0,0.000000000000,0.000000000000
871492,False,False,excluded,excluded,non_list1,non_list1,direct_policy_scope_overlap,direct_policy_scope_overlap,29,26,24,22,18518386,15785851,0,0,0.000000000000,0.000000000000
871493,False,False,excluded,excluded,non_list1,non_list1,direct_policy_scope_overlap,direct_policy_scope_overlap,29,26,24,22,8465617,7355195,0,0,0.000000000000,0.000000000000
871494,False,False,excluded,excluded,non_list1,non_list1,direct_policy_scope_overlap,direct_policy_scope_overlap,29,26,24,22,5605739,4902307,0,0,0.000000000000,0.000000000000
871495,False,False,excluded,excluded,non_list1,non_list1,direct_policy_scope_overlap,direct_policy_scope_overlap,29,26,24,22,16241497,14390622,0,0,0.000000000000,0.000000000000
871496,False,False,excluded,excluded,non_list1,non_list1,direct_policy_scope_overlap,direct_policy_scope_overlap,29,26,24,22,6917601,6005010,0,0,0.000000000000,0.000000000000
871499,False,False,control_candidate,control_candidate,non_list1,non_list1,,,29,26,24,22,75961683,67203995,0,0,0.000000000000,0.000000000000
871500,False,False,control_candidate,control_candidate,non_list1,non_list1,,,29,26,24,22,673899282,612554158,0,0,0.000000000000,0.000000000000
871610,False,False,excluded,excluded,non_list1,non_list1,insufficient_positive_pre_months|direct_policy_scope_overlap,insufficient_positive_pre_months|direct_policy_scope_overlap,16,13,24,22,991314,599161,0,0,0.000000000000,0.000000000000
871620,False,False,excluded,excluded,non_list1,non_list1,insufficient_positive_pre_months|direct_policy_scope_overlap,insufficient_positive_pre_months|direct_policy_scope_overlap,7,7,24,22,56550,56550,0,0,0.000000000000,0.000000000000
871631,False,False,excluded,excluded,non_list1,non_list1,insufficient_positive_pre_months|direct_policy_scope_overlap,insufficient_positive_pre_months|direct_policy_scope_overlap,2,2,24,22,377100,377100,0,0,0.000000000000,0.000000000000
871639,False,False,excluded,excluded,non_list1,non_list1,direct_policy_scope_overlap,direct_policy_scope_overlap,29,26,24,22,715998407,631572766,0,0,0.000000000000,0.000000000000
871640,False,False,excluded,excluded,non_list1,non_list1,direct_policy_scope_overlap,direct_policy_scope_overlap,29,26,24,22,49168330,43336485,0,0,0.000000000000,0.000000000000
871680,False,False,excluded,excluded,non_list1,non_list1,direct_policy_scope_overlap,direct_policy_scope_overlap,29,26,24,22,826616889,731720175,0,0,0.000000000000,0.000000000000
871690,False,False,excluded,excluded,non_list1,non_list1,direct_policy_scope_overlap,direct_policy_scope_overlap,29,26,24,22,1386576165,1214167136,0,0,0.000000000000,0.000000000000
880100,False,False,control_candidate,control_candidate,non_list1,non_list1,,,29,26,24,22,866774,760192,0,0,0.000000000000,0.000000000000
880211,False,False,treated_candidate,treated_candidate,pure_list1,pure_list1,,,29,26,24,22,28488732,28332058,28488732,28332058,1.000000000000,1.000000000000
880212,False,False,excluded,excluded,non_list1,non_list1,insufficient_positive_pre_months|direct_policy_scope_overlap,insufficient_positive_pre_months|direct_policy_scope_overlap,0,0,24,22,0,0,0,0,0.000000000000,0.000000000000
880220,False,False,excluded,excluded,pure_list1,pure_list1,insufficient_positive_pre_months,insufficient_positive_pre_months,22,20,24,22,3329524,3275653,3329524,3275653,1.000000000000,1.000000000000
880230,False,False,excluded,excluded,non_list1,non_list1,insufficient_positive_pre_months|direct_policy_scope_overlap,insufficient_positive_pre_months|direct_policy_scope_overlap,0,0,24,22,0,0,0,0,0.000000000000,0.000000000000
880240,False,False,excluded,excluded,non_list1,non_list1,insufficient_positive_pre_months|direct_policy_scope_overlap,insufficient_positive_pre_months|direct_policy_scope_overlap,0,0,24,22,0,0,0,0,0.000000000000,0.000000000000
880260,False,False,excluded,excluded,non_list1,non_list1,insufficient_positive_pre_months|direct_policy_scope_overlap,insufficient_positive_pre_months|direct_policy_scope_overlap,0,0,24,22,0,0,0,0,0.000000000000,0.000000000000
880310,False,False,treated_candidate,treated_candidate,pure_list1,pure_list1,,,27,24,24,22,1070489,921847,1070489,921847,1.000000000000,1.000000000000
880320,False,False,treated_candidate,treated_candidate,pure_list1,pure_list1,,,29,26,24,22,47531836,39532298,47531836,39532298,1.000000000000,1.000000000000
880330,False,False,treated_candidate,treated_candidate,pure_list1,pure_list1,,,29,26,24,22,1114062791,982776930,1114062791,982776930,1.000000000000,1.000000000000
880390,False,False,treated_candidate,treated_candidate,pure_list1,pure_list1,,,29,26,24,22,11244118,9659514,11244118,9659514,1.000000000000,1.000000000000
880400,False,False,excluded,excluded,non_list1,non_list1,direct_policy_scope_overlap,direct_policy_scope_overlap,29,26,24,22,721563,582839,0,0,0.000000000000,0.000000000000
880510,False,False,excluded,excluded,pure_list1,pure_list1,insufficient_positive_pre_months,insufficient_positive_pre_months,2,1,24,22,16081,11575,16081,11575,1.000000000000,1.000000000000
880521,False,False,excluded,excluded,pure_list1,pure_list1,insufficient_positive_pre_months,insufficient_positive_pre_months,2,2,24,22,25758,25758,25758,25758,1.000000000000,1.000000000000
880529,False,False,treated_candidate,treated_candidate,pure_list1,pure_list1,,,27,25,24,22,485835,449919,485835,449919,1.000000000000,1.000000000000
890110,False,False,excluded,excluded,pure_list1,pure_list1,insufficient_positive_pre_months,insufficient_positive_pre_months,2,2,24,22,14300,14300,14300,14300,1.000000000000,1.000000000000
890120,False,False,excluded,excluded,non_list1,non_list1,insufficient_positive_pre_months|direct_policy_scope_overlap,insufficient_positive_pre_months|direct_policy_scope_overlap,0,0,24,22,0,0,0,0,0.000000000000,0.000000000000
890190,False,False,excluded,excluded,pure_list1,pure_list1,insufficient_positive_pre_months,insufficient_positive_pre_months,2,1,24,22,34371,6286,34371,6286,1.000000000000,1.000000000000
890200,False,False,excluded,excluded,pure_list1,pure_list1,insufficient_positive_pre_months,insufficient_positive_pre_months,3,3,24,22,220790,220790,220790,220790,1.000000000000,1.000000000000
890310,False,False,excluded,excluded,non_list1,non_list1,direct_policy_scope_overlap,direct_policy_scope_overlap,29,26,24,22,81859502,69496207,0,0,0.000000000000,0.000000000000
890391,False,False,excluded,excluded,non_list1,non_list1,direct_policy_scope_overlap,direct_policy_scope_overlap,29,26,24,22,10254550,7977634,0,0,0.000000000000,0.000000000000
890392,False,False,excluded,excluded,non_list1,non_list1,direct_policy_scope_overlap,direct_policy_scope_overlap,28,25,24,22,141686152,126137976,0,0,0.000000000000,0.000000000000
890399,False,False,excluded,excluded,non_list1,non_list1,direct_policy_scope_overlap,direct_policy_scope_overlap,29,26,24,22,35858746,30191626,0,0,0.000000000000,0.000000000000
890400,False,False,excluded,excluded,non_list1,non_list1,insufficient_positive_pre_months|direct_policy_scope_overlap,insufficient_positive_pre_months|direct_policy_scope_overlap,0,0,24,22,0,0,0,0,0.000000000000,0.000000000000
890510,False,False,excluded,excluded,non_list1,non_list1,insufficient_positive_pre_months|direct_policy_scope_overlap,insufficient_positive_pre_months|direct_policy_scope_overlap,0,0,24,22,0,0,0,0,0.000000000000,0.000000000000
890520,False,False,excluded,excluded,non_list1,non_list1,insufficient_positive_pre_months|direct_policy_scope_overlap,insufficient_positive_pre_months|direct_policy_scope_overlap,0,0,24,22,0,0,0,0,0.000000000000,0.000000000000
890590,False,False,excluded,excluded,mixed_list1,mixed_list1,insufficient_positive_pre_months|mixed_list1_pre_value_share,insufficient_positive_pre_months|mixed_list1_pre_value_share,10,7,24,22,73258902,60703884,43171,16671,0.000589293571,0.000274628226
890610,False,False,excluded,excluded,non_list1,non_list1,insufficient_positive_pre_months,insufficient_positive_pre_months,0,0,24,22,0,0,0,0,0.000000000000,0.000000000000
890690,False,False,excluded,excluded,pure_list1,pure_list1,insufficient_positive_pre_months,insufficient_positive_pre_months,23,20,24,22,3319863,3261468,3319863,3261468,1.000000000000,1.000000000000
890710,False,False,excluded,excluded,non_list1,non_list1,direct_policy_scope_overlap,direct_policy_scope_overlap,29,26,24,22,25122015,22625693,0,0,0.000000000000,0.000000000000
890790,False,False,control_candidate,control_candidate,non_list1,non_list1,,,29,26,24,22,9468236,8714412,0,0,0.000000000000,0.000000000000
890800,False,False,excluded,excluded,pure_list1,pure_list1,insufficient_positive_pre_months,insufficient_positive_pre_months,2,2,24,22,5971,5971,5971,5971,1.000000000000,1.000000000000
900110,False,False,excluded,excluded,non_list1,non_list1,direct_policy_scope_overlap,direct_policy_scope_overlap,29,26,24,22,28140947,24711306,0,0,0.000000000000,0.000000000000
900120,False,False,excluded,excluded,non_list1,non_list1,direct_policy_scope_overlap,direct_policy_scope_overlap,29,26,24,22,3174953,2868090,0,0,0.000000000000,0.000000000000
900130,False,False,excluded,excluded,non_list1,non_list1,insufficient_positive_pre_months,insufficient_positive_pre_months,10,10,24,22,472577,472577,0,0,0.000000000000,0.000000000000
900140,False,False,control_candidate,control_candidate,non_list1,non_list1,,,29,26,24,22,3392174,3135542,0,0,0.000000000000,0.000000000000
900150,False,False,control_candidate,control_candidate,non_list1,non_list1,,,29,26,24,22,319580957,277830382,0,0,0.000000000000,0.000000000000
900190,False,False,excluded,excluded,non_list1,non_list1,direct_policy_scope_overlap,direct_policy_scope_overlap,29,26,24,22,346275937,304738969,0,0,0.000000000000,0.000000000000
900211,False,False,excluded,excluded,non_list1,non_list1,direct_policy_scope_overlap,direct_policy_scope_overlap,29,26,24,22,560732834,495804316,0,0,0.000000000000,0.000000000000
900219,False,False,excluded,excluded,non_list1,non_list1,direct_policy_scope_overlap,direct_policy_scope_overlap,29,26,24,22,45631224,40727687,0,0,0.000000000000,0.000000000000
900220,False,False,excluded,excluded,non_list1,non_list1,direct_policy_scope_overlap,direct_policy_scope_overlap,29,26,24,22,30334529,27652791,0,0,0.000000000000,0.000000000000
900290,False,False,excluded,excluded,mixed_list1,mixed_list1,mixed_list1_pre_value_share,mixed_list1_pre_value_share,29,26,24,22,66065806,57599724,59151146,51074752,0.895336779816,0.886718693305
900311,False,False,control_candidate,control_candidate,non_list1,non_list1,,,29,26,24,22,821362253,744916415,0,0,0.000000000000,0.000000000000
900319,False,False,control_candidate,control_candidate,non_list1,non_list1,,,29,26,24,22,667810646,607220518,0,0,0.000000000000,0.000000000000
900390,False,False,control_candidate,control_candidate,non_list1,non_list1,,,29,26,24,22,24471509,22605467,0,0,0.000000000000,0.000000000000
900410,False,False,control_candidate,control_candidate,non_list1,non_list1,,,29,26,24,22,1506400174,1341199277,0,0,0.000000000000,0.000000000000
900490,False,False,control_candidate,control_candidate,non_list1,non_list1,,,29,26,24,22,1045094146,926503005,0,0,0.000000000000,0.000000000000
900510,False,False,control_candidate,control_candidate,non_list1,non_list1,,,29,26,24,22,215213918,198219578,0,0,0.000000000000,0.000000000000
900580,False,False,control_candidate,control_candidate,non_list1,non_list1,,,29,26,24,22,153156510,143611010,0,0,0.000000000000,0.000000000000
900590,True,False,control_candidate,excluded,non_list1,non_list1,,insufficient_positive_pre_months,24,21,24,22,5358099,4679519,0,0,0.000000000000,0.000000000000
900630,False,False,excluded,excluded,non_list1,non_list1,direct_policy_scope_overlap,direct_policy_scope_overlap,29,26,24,22,8446434,7740809,0,0,0.000000000000,0.000000000000
900640,False,False,control_candidate,control_candidate,non_list1,non_list1,,,29,26,24,22,235719897,218154585,0,0,0.000000000000,0.000000000000
900651,False,False,control_candidate,control_candidate,non_list1,non_list1,,,29,26,24,22,3017605,2828136,0,0,0.000000000000,0.000000000000
900652,False,False,control_candidate,control_candidate,non_list1,non_list1,,,27,25,24,22,1692378,1545638,0,0,0.000000000000,0.000000000000
900653,False,False,control_candidate,control_candidate,non_list1,non_list1,,,29,26,24,22,21372102,19416806,0,0,0.000000000000,0.000000000000
900659,False,False,control_candidate,control_candidate,non_list1,non_list1,,,29,26,24,22,5719362,5050411,0,0,0.000000000000,0.000000000000
900661,False,False,control_candidate,control_candidate,non_list1,non_list1,,,29,26,24,22,61300615,53608101,0,0,0.000000000000,0.000000000000
900669,False,False,control_candidate,control_candidate,non_list1,non_list1,,,29,26,24,22,31085791,26153244,0,0,0.000000000000,0.000000000000
900691,False,False,excluded,excluded,non_list1,non_list1,insufficient_positive_pre_months,insufficient_positive_pre_months,17,14,24,22,20726438,17547900,0,0,0.000000000000,0.000000000000
900699,False,False,control_candidate,control_candidate,non_list1,non_list1,,,29,26,24,22,42846504,38821747,0,0,0.000000000000,0.000000000000
900710,False,False,excluded,excluded,non_list1,non_list1,direct_policy_scope_overlap,direct_policy_scope_overlap,29,26,24,22,3134283,2172085,0,0,0.000000000000,0.000000000000
900720,False,False,excluded,excluded,non_list1,non_list1,direct_policy_scope_overlap,direct_policy_scope_overlap,29,26,24,22,21554408,20579407,0,0,0.000000000000,0.000000000000
900791,False,False,control_candidate,control_candidate,non_list1,non_list1,,,29,26,24,22,26668211,24901879,0,0,0.000000000000,0.000000000000
900792,False,False,excluded,excluded,non_list1,non_list1,direct_policy_scope_overlap,direct_policy_scope_overlap,29,26,24,22,4009665,3693732,0,0,0.000000000000,0.000000000000
900850,False,False,excluded,excluded,non_list1,non_list1,direct_policy_scope_overlap,direct_policy_scope_overlap,29,26,24,22,60715965,58736865,0,0,0.000000000000,0.000000000000
900890,False,False,excluded,excluded,non_list1,non_list1,direct_policy_scope_overlap,direct_policy_scope_overlap,29,26,24,22,7156105,6402118,0,0,0.000000000000,0.000000000000
901010,False,False,excluded,excluded,non_list1,non_list1,direct_policy_scope_overlap,direct_policy_scope_overlap,29,26,24,22,1663029,1505260,0,0,0.000000000000,0.000000000000
901050,False,False,excluded,excluded,non_list1,non_list1,direct_policy_scope_overlap,direct_policy_scope_overlap,28,25,24,22,7712689,6353411,0,0,0.000000000000,0.000000000000
901060,False,False,excluded,excluded,non_list1,non_list1,direct_policy_scope_overlap,direct_policy_scope_overlap,29,26,24,22,62900074,57691090,0,0,0.000000000000,0.000000000000
901090,False,False,excluded,excluded,non_list1,non_list1,direct_policy_scope_overlap,direct_policy_scope_overlap,29,26,24,22,17815474,16024698,0,0,0.000000000000,0.000000000000
901110,False,False,treated_candidate,treated_candidate,pure_list1,pure_list1,,,29,26,24,22,21397624,18646409,21397624,18646409,1.000000000000,1.000000000000
901120,False,False,excluded,excluded,mixed_list1,mixed_list1,mixed_list1_pre_value_share,mixed_list1_pre_value_share,29,26,24,22,10510932,9405719,5601452,4838721,0.532916776552,0.514444562930
901180,False,False,excluded,excluded,non_list1,non_list1,direct_policy_scope_overlap,direct_policy_scope_overlap,29,26,24,22,80856478,73172533,0,0,0.000000000000,0.000000000000
901190,False,False,treated_candidate,treated_candidate,pure_list1,pure_list1,,,29,26,24,22,37941603,33727039,37941603,33727039,1.000000000000,1.000000000000
901210,False,False,treated_candidate,treated_candidate,pure_list1,pure_list1,,,29,26,24,22,6551267,6045266,6551267,6045266,1.000000000000,1.000000000000
901290,False,False,treated_candidate,treated_candidate,pure_list1,pure_list1,,,29,26,24,22,5346048,4895671,5346048,4895671,1.000000000000,1.000000000000
901310,False,False,excluded,excluded,mixed_list1,mixed_list1,mixed_list1_pre_value_share,mixed_list1_pre_value_share,29,26,24,22,198980144,181526154,150927,136100,0.000758502818,0.000749754220
901320,False,False,treated_candidate,treated_candidate,pure_list1,pure_list1,,,29,26,24,22,99190724,89009643,99190724,89009643,1.000000000000,1.000000000000
901380,False,False,excluded,excluded,mixed_list1,mixed_list1,mixed_list1_pre_value_share,mixed_list1_pre_value_share,29,26,24,22,1395553496,1221427564,617836528,544430111,0.442717910686,0.445732622258
901390,False,False,excluded,excluded,non_list1,non_list1,direct_policy_scope_overlap,direct_policy_scope_overlap,29,26,24,22,93967134,81015554,0,0,0.000000000000,0.000000000000
901410,False,False,excluded,excluded,mixed_list1,mixed_list1,mixed_list1_pre_value_share,mixed_list1_pre_value_share,29,26,24,22,10186268,9437295,2519180,2347477,0.247311380380,0.248744687964
901420,False,False,treated_candidate,treated_candidate,pure_list1,pure_list1,,,29,26,24,22,12650972,10852296,12650972,10852296,1.000000000000,1.000000000000
901480,False,False,treated_candidate,treated_candidate,pure_list1,pure_list1,,,29,26,24,22,129184479,99708679,129184479,99708679,1.000000000000,1.000000000000
901490,False,False,treated_candidate,treated_candidate,pure_list1,pure_list1,,,29,26,24,22,15801366,13974940,15801366,13974940,1.000000000000,1.000000000000
901510,False,False,excluded,excluded,mixed_list1,mixed_list1,mixed_list1_pre_value_share,mixed_list1_pre_value_share,29,26,24,22,203305923,182275844,11279590,9547371,0.055480872537,0.052378695885
901520,False,False,treated_candidate,treated_candidate,pure_list1,pure_list1,,,29,26,24,22,25880636,23313000,25880636,23313000,1.000000000000,1.000000000000
901530,False,False,excluded,excluded,non_list1,non_list1,direct_policy_scope_overlap,direct_policy_scope_overlap,29,26,24,22,43336506,38531340,0,0,0.000000000000,0.000000000000
901540,False,False,excluded,excluded,pure_list1,pure_list1,insufficient_positive_pre_months,insufficient_positive_pre_months,21,19,24,22,1010780,895002,1010780,895002,1.000000000000,1.000000000000
901580,False,False,treated_candidate,treated_candidate,pure_list1,pure_list1,,,29,26,24,22,126438841,117991890,126438841,117991890,1.000000000000,1.000000000000
901590,False,False,excluded,excluded,non_list1,non_list1,insufficient_positive_pre_months|direct_policy_scope_overlap,insufficient_positive_pre_months|direct_policy_scope_overlap,17,14,24,22,14662210,11253678,0,0,0.000000000000,0.000000000000
901600,False,False,excluded,excluded,non_list1,non_list1,direct_policy_scope_overlap,direct_policy_scope_overlap,29,26,24,22,44344514,39541739,0,0,0.000000000000,0.000000000000
901710,False,False,excluded,excluded,non_list1,non_list1,direct_policy_scope_overlap,direct_policy_scope_overlap,29,26,24,22,11022412,9702847,0,0,0.000000000000,0.000000000000
901720,False,False,excluded,excluded,non_list1,non_list1,direct_policy_scope_overlap,direct_policy_scope_overlap,29,26,24,22,87580895,80096711,0,0,0.000000000000,0.000000000000
901730,False,False,excluded,excluded,non_list1,non_list1,direct_policy_scope_overlap,direct_policy_scope_overlap,29,26,24,22,69392230,62268118,0,0,0.000000000000,0.000000000000
901780,False,False,excluded,excluded,non_list1,non_list1,direct_policy_scope_overlap,direct_policy_scope_overlap,29,26,24,22,214795415,191858582,0,0,0.000000000000,0.000000000000
901790,False,False,excluded,excluded,non_list1,non_list1,direct_policy_scope_overlap,direct_policy_scope_overlap,29,26,24,22,14398036,12801817,0,0,0.000000000000,0.000000000000
901811,False,False,treated_candidate,treated_candidate,pure_list1,pure_list1,,,29,26,24,22,43857958,39652436,43857958,39652436,1.000000000000,1.000000000000
901812,False,False,treated_candidate,treated_candidate,pure_list1,pure_list1,,,29,26,24,22,199885032,169526319,199885032,169526319,1.000000000000,1.000000000000
901813,False,False,treated_candidate,treated_candidate,pure_list1,pure_list1,,,29,26,24,22,138274031,112489433,138274031,112489433,1.000000000000,1.000000000000
901814,False,False,excluded,excluded,pure_list1,pure_list1,insufficient_positive_pre_months,insufficient_positive_pre_months,16,14,24,22,1187503,1019422,1187503,1019422,1.000000000000,1.000000000000
901819,False,False,treated_candidate,treated_candidate,pure_list1,pure_list1,,,29,26,24,22,1073373184,965559733,1073373184,965559733,1.000000000000,1.000000000000
901820,False,False,treated_candidate,treated_candidate,pure_list1,pure_list1,,,29,26,24,22,16974018,15598470,16974018,15598470,1.000000000000,1.000000000000
901831,False,False,control_candidate,control_candidate,non_list1,non_list1,,,29,26,24,22,207573660,185599141,0,0,0.000000000000,0.000000000000
901832,False,False,control_candidate,control_candidate,non_list1,non_list1,,,29,26,24,22,35191252,30994619,0,0,0.000000000000,0.000000000000
901839,False,False,control_candidate,control_candidate,non_list1,non_list1,,,29,26,24,22,561048924,513743354,0,0,0.000000000000,0.000000000000
901841,False,False,control_candidate,control_candidate,non_list1,non_list1,,,26,23,24,22,769683,737599,0,0,0.000000000000,0.000000000000
901849,False,False,control_candidate,control_candidate,non_list1,non_list1,,,29,26,24,22,158157356,140949360,0,0,0.000000000000,0.000000000000
901850,False,False,control_candidate,control_candidate,non_list1,non_list1,,,29,26,24,22,34715383,30600510,0,0,0.000000000000,0.000000000000
901890,False,False,excluded,excluded,mixed_list1,mixed_list1,mixed_list1_pre_value_share,mixed_list1_pre_value_share,29,26,24,22,1382044402,1219971935,400404450,355029294,0.289718947829,0.291014312555
901910,False,False,control_candidate,control_candidate,non_list1,non_list1,,,29,26,24,22,1431527901,1288659941,0,0,0.000000000000,0.000000000000
901920,False,False,control_candidate,control_candidate,non_list1,non_list1,,,29,26,24,22,868634924,768000783,0,0,0.000000000000,0.000000000000
902000,False,False,control_candidate,control_candidate,non_list1,non_list1,,,29,26,24,22,19200532,17088990,0,0,0.000000000000,0.000000000000
902110,False,False,control_candidate,control_candidate,non_list1,non_list1,,,29,26,24,22,688386003,612767435,0,0,0.000000000000,0.000000000000
902121,False,False,control_candidate,control_candidate,non_list1,non_list1,,,29,26,24,22,112758231,98666216,0,0,0.000000000000,0.000000000000
902129,False,False,control_candidate,control_candidate,non_list1,non_list1,,,29,26,24,22,14738448,13425481,0,0,0.000000000000,0.000000000000
902131,False,False,control_candidate,control_candidate,non_list1,non_list1,,,29,26,24,22,208744286,189879851,0,0,0.000000000000,0.000000000000
902139,False,False,control_candidate,control_candidate,non_list1,non_list1,,,29,26,24,22,13483448,9794627,0,0,0.000000000000,0.000000000000
902140,False,False,control_candidate,control_candidate,non_list1,non_list1,,,29,26,24,22,652921462,569616136,0,0,0.000000000000,0.000000000000
902150,False,False,excluded,excluded,pure_list1,pure_list1,insufficient_positive_pre_months,insufficient_positive_pre_months,8,8,24,22,355041,355041,355041,355041,1.000000000000,1.000000000000
902190,False,False,control_candidate,control_candidate,non_list1,non_list1,,,29,26,24,22,797636037,700191818,0,0,0.000000000000,0.000000000000
902212,False,False,treated_candidate,treated_candidate,pure_list1,pure_list1,,,29,26,24,22,366020164,327206113,366020164,327206113,1.000000000000,1.000000000000
902213,False,False,excluded,excluded,pure_list1,pure_list1,insufficient_positive_pre_months,insufficient_positive_pre_months,9,8,24,22,247202,239952,247202,239952,1.000000000000,1.000000000000
902214,False,False,treated_candidate,treated_candidate,pure_list1,pure_list1,,,29,26,24,22,94358052,84390226,94358052,84390226,1.000000000000,1.000000000000
902219,False,False,treated_candidate,treated_candidate,pure_list1,pure_list1,,,29,26,24,22,47384170,40805247,47384170,40805247,1.000000000000,1.000000000000
902221,False,False,treated_candidate,treated_candidate,pure_list1,pure_list1,,,27,25,24,22,6907073,6722533,6907073,6722533,1.000000000000,1.000000000000
902229,False,False,excluded,excluded,mixed_list1,mixed_list1,mixed_list1_pre_value_share,mixed_list1_pre_value_share,29,26,24,22,307886235,270486956,491930,431020,0.001597765486,0.001593496435
902230,False,False,treated_candidate,treated_candidate,pure_list1,pure_list1,,,29,26,24,22,20138089,16916894,20138089,16916894,1.000000000000,1.000000000000
902290,False,False,excluded,excluded,mixed_list1,mixed_list1,mixed_list1_pre_value_share,mixed_list1_pre_value_share,29,26,24,22,508971543,456066344,507805374,455356729,0.997708773671,0.998444053131
902300,False,False,control_candidate,control_candidate,non_list1,non_list1,,,29,26,24,22,258757646,231435017,0,0,0.000000000000,0.000000000000
902410,False,False,treated_candidate,treated_candidate,pure_list1,pure_list1,,,29,26,24,22,11887245,11103507,11887245,11103507,1.000000000000,1.000000000000
902480,False,False,treated_candidate,treated_candidate,pure_list1,pure_list1,,,29,26,24,22,15141872,13449992,15141872,13449992,1.000000000000,1.000000000000
902490,False,False,treated_candidate,treated_candidate,pure_list1,pure_list1,,,29,26,24,22,9905971,9002381,9905971,9002381,1.000000000000,1.000000000000
902511,False,False,control_candidate,control_candidate,non_list1,non_list1,,,29,26,24,22,28596332,25124810,0,0,0.000000000000,0.000000000000
902519,False,False,excluded,excluded,non_list1,non_list1,direct_policy_scope_overlap,direct_policy_scope_overlap,29,26,24,22,617423166,546504679,0,0,0.000000000000,0.000000000000
902580,False,False,excluded,excluded,non_list1,non_list1,direct_policy_scope_overlap,direct_policy_scope_overlap,29,26,24,22,173785850,156929644,0,0,0.000000000000,0.000000000000
902590,False,False,excluded,excluded,non_list1,non_list1,direct_policy_scope_overlap,direct_policy_scope_overlap,29,26,24,22,27601478,23399930,0,0,0.000000000000,0.000000000000
902610,False,False,excluded,excluded,mixed_list1,mixed_list1,mixed_list1_pre_value_share,mixed_list1_pre_value_share,29,26,24,22,177848341,149895259,102152338,87870461,0.574378919846,0.586212409827
902620,False,False,excluded,excluded,mixed_list1,mixed_list1,mixed_list1_pre_value_share,mixed_list1_pre_value_share,29,26,24,22,571061688,500463451,298892473,259265937,0.523397873261,0.518051690852
902680,False,False,excluded,excluded,mixed_list1,mixed_list1,mixed_list1_pre_value_share,mixed_list1_pre_value_share,29,26,24,22,73951716,63731463,43165163,36579383,0.583693865873,0.573961137531
902690,False,False,treated_candidate,treated_candidate,pure_list1,pure_list1,,,29,26,24,22,263071273,232338281,263071273,232338281,1.000000000000,1.000000000000
902710,False,False,excluded,excluded,non_list1,non_list1,direct_policy_scope_overlap,direct_policy_scope_overlap,29,26,24,22,85436855,75632603,0,0,0.000000000000,0.000000000000
902720,False,False,treated_candidate,treated_candidate,pure_list1,pure_list1,,,29,26,24,22,126792281,116290884,126792281,116290884,1.000000000000,1.000000000000
902730,False,False,treated_candidate,treated_candidate,pure_list1,pure_list1,,,29,26,24,22,126976283,116970419,126976283,116970419,1.000000000000,1.000000000000
902750,False,False,treated_candidate,treated_candidate,pure_list1,pure_list1,,,29,26,24,22,346152640,301717541,346152640,301717541,1.000000000000,1.000000000000
902780,False,False,treated_candidate,treated_candidate,pure_list1,pure_list1,,,29,26,24,22,341611889,301390892,341611889,301390892,1.000000000000,1.000000000000
902790,False,False,excluded,excluded,mixed_list1,mixed_list1,mixed_list1_pre_value_share,mixed_list1_pre_value_share,29,26,24,22,449198069,400419361,394012253,349756905,0.877145918898,0.873476507546
902810,False,False,excluded,excluded,non_list1,non_list1,direct_policy_scope_overlap,direct_policy_scope_overlap,28,25,24,22,2056407,1836728,0,0,0.000000000000,0.000000000000
902820,False,False,excluded,excluded,non_list1,non_list1,direct_policy_scope_overlap,direct_policy_scope_overlap,29,26,24,22,15199272,13700502,0,0,0.000000000000,0.000000000000
902830,False,False,excluded,excluded,non_list1,non_list1,direct_policy_scope_overlap,direct_policy_scope_overlap,29,26,24,22,26226674,18866539,0,0,0.000000000000,0.000000000000
902890,False,False,treated_candidate,treated_candidate,pure_list1,pure_list1,,,29,26,24,22,153237049,133159617,153237049,133159617,1.000000000000,1.000000000000
902910,False,False,excluded,excluded,non_list1,non_list1,direct_policy_scope_overlap,direct_policy_scope_overlap,29,26,24,22,109852580,104186561,0,0,0.000000000000,0.000000000000
902920,False,False,excluded,excluded,non_list1,non_list1,direct_policy_scope_overlap,direct_policy_scope_overlap,29,26,24,22,215185006,196992536,0,0,0.000000000000,0.000000000000
902990,False,False,excluded,excluded,non_list1,non_list1,direct_policy_scope_overlap,direct_policy_scope_overlap,29,26,24,22,85500601,74441174,0,0,0.000000000000,0.000000000000
903010,False,False,treated_candidate,treated_candidate,pure_list1,pure_list1,,,29,26,24,22,19718714,17211047,19718714,17211047,1.000000000000,1.000000000000
903020,False,False,excluded,excluded,mixed_list1,mixed_list1,mixed_list1_pre_value_share,mixed_list1_pre_value_share,29,26,24,22,102643229,90534171,1560777,1313285,0.015205844703,0.014505959302
903031,False,False,excluded,excluded,non_list1,non_list1,direct_policy_scope_overlap,direct_policy_scope_overlap,29,26,24,22,191177595,170463173,0,0,0.000000000000,0.000000000000
903032,False,False,excluded,excluded,non_list1,non_list1,direct_policy_scope_overlap,direct_policy_scope_overlap,29,26,24,22,38546351,33503015,0,0,0.000000000000,0.000000000000
903033,False,False,excluded,excluded,mixed_list1,mixed_list1,mixed_list1_pre_value_share,mixed_list1_pre_value_share,29,26,24,22,229593233,204272365,178937134,153616266,0.779365888367,0.752016877075
903039,False,False,treated_candidate,treated_candidate,pure_list1,pure_list1,,,29,26,24,22,45862874,41415094,45862874,41415094,1.000000000000,1.000000000000
903040,False,False,treated_candidate,treated_candidate,pure_list1,pure_list1,,,29,26,24,22,203624079,184268095,203624079,184268095,1.000000000000,1.000000000000
903082,False,False,treated_candidate,treated_candidate,pure_list1,pure_list1,,,29,26,24,22,101752173,91744457,101752173,91744457,1.000000000000,1.000000000000
903084,False,False,excluded,excluded,non_list1,non_list1,direct_policy_scope_overlap,direct_policy_scope_overlap,29,26,24,22,14089703,12256979,0,0,0.000000000000,0.000000000000
903089,False,False,excluded,excluded,non_list1,non_list1,direct_policy_scope_overlap,direct_policy_scope_overlap,29,26,24,22,30983519,28349312,0,0,0.000000000000,0.000000000000
903090,False,False,excluded,excluded,mixed_list1,mixed_list1,mixed_list1_pre_value_share,mixed_list1_pre_value_share,29,26,24,22,258466082,222614562,244789391,208937871,0.947085161449,0.938563358672
903110,False,False,treated_candidate,treated_candidate,pure_list1,pure_list1,,,29,26,24,22,18325534,17087483,18325534,17087483,1.000000000000,1.000000000000
903120,False,False,treated_candidate,treated_candidate,pure_list1,pure_list1,,,29,26,24,22,9076706,7163182,9076706,7163182,1.000000000000,1.000000000000
903141,False,False,treated_candidate,treated_candidate,pure_list1,pure_list1,,,29,26,24,22,5598901,4346876,5598901,4346876,1.000000000000,1.000000000000
903149,False,False,treated_candidate,treated_candidate,pure_list1,pure_list1,,,29,26,24,22,293183387,258135701,293183387,258135701,1.000000000000,1.000000000000
903180,False,False,treated_candidate,treated_candidate,pure_list1,pure_list1,,,29,26,24,22,813494212,731870240,813494212,731870240,1.000000000000,1.000000000000
903190,False,False,excluded,excluded,mixed_list1,mixed_list1,mixed_list1_pre_value_share,mixed_list1_pre_value_share,29,26,24,22,157244563,139558384,130159131,112626176,0.827749643719,0.807018344380
903210,False,False,treated_candidate,treated_candidate,pure_list1,pure_list1,,,29,26,24,22,905119512,799899307,905119512,799899307,1.000000000000,1.000000000000
903220,False,False,treated_candidate,treated_candidate,pure_list1,pure_list1,,,29,26,24,22,1320517,1113377,1320517,1113377,1.000000000000,1.000000000000
903281,False,False,treated_candidate,treated_candidate,pure_list1,pure_list1,,,29,26,24,22,15595302,13403380,15595302,13403380,1.000000000000,1.000000000000
903289,False,False,treated_candidate,treated_candidate,pure_list1,pure_list1,,,29,26,24,22,817829876,729975262,817829876,729975262,1.000000000000,1.000000000000
903290,False,False,excluded,excluded,mixed_list1,mixed_list1,mixed_list1_pre_value_share,mixed_list1_pre_value_share,29,26,24,22,154904353,137895469,122052907,105044023,0.787924319983,0.761765587816
903300,False,False,excluded,excluded,pure_list1,pure_list1,insufficient_positive_pre_months,insufficient_positive_pre_months,23,20,24,22,23239870,20020586,23239870,20020586,1.000000000000,1.000000000000
910111,False,False,control_candidate,control_candidate,non_list1,non_list1,,,28,25,24,22,3988712,3646480,0,0,0.000000000000,0.000000000000
910119,False,False,control_candidate,control_candidate,non_list1,non_list1,,,27,24,24,22,1968378,1551544,0,0,0.000000000000,0.000000000000
910121,False,False,control_candidate,control_candidate,non_list1,non_list1,,,29,26,24,22,10139278,8025829,0,0,0.000000000000,0.000000000000
910129,False,False,excluded,excluded,non_list1,non_list1,insufficient_positive_pre_months,insufficient_positive_pre_months,13,11,24,22,309286,298700,0,0,0.000000000000,0.000000000000
910191,False,False,excluded,excluded,non_list1,non_list1,insufficient_positive_pre_months,insufficient_positive_pre_months,22,20,24,22,1725239,1378591,0,0,0.000000000000,0.000000000000
910199,False,False,excluded,excluded,non_list1,non_list1,insufficient_positive_pre_months,insufficient_positive_pre_months,4,3,24,22,50395,27415,0,0,0.000000000000,0.000000000000
910211,False,False,control_candidate,control_candidate,non_list1,non_list1,,,29,26,24,22,366921517,345501677,0,0,0.000000000000,0.000000000000
910212,False,False,control_candidate,control_candidate,non_list1,non_list1,,,29,26,24,22,340190472,315978483,0,0,0.000000000000,0.000000000000
910219,False,False,control_candidate,control_candidate,non_list1,non_list1,,,29,26,24,22,77716738,71768730,0,0,0.000000000000,0.000000000000
910221,False,False,control_candidate,control_candidate,non_list1,non_list1,,,29,26,24,22,46309845,43623499,0,0,0.000000000000,0.000000000000
910229,False,False,control_candidate,control_candidate,non_list1,non_list1,,,29,26,24,22,4022310,3795063,0,0,0.000000000000,0.000000000000
910291,False,False,control_candidate,control_candidate,non_list1,non_list1,,,29,26,24,22,9398964,8723062,0,0,0.000000000000,0.000000000000
910299,False,False,excluded,excluded,non_list1,non_list1,insufficient_positive_pre_months,insufficient_positive_pre_months,23,21,24,22,1736898,1710189,0,0,0.000000000000,0.000000000000
910310,False,False,control_candidate,control_candidate,non_list1,non_list1,,,29,26,24,22,8845318,7861895,0,0,0.000000000000,0.000000000000
910390,False,False,excluded,excluded,non_list1,non_list1,insufficient_positive_pre_months,insufficient_positive_pre_months,11,10,24,22,112352,103259,0,0,0.000000000000,0.000000000000
910400,False,False,excluded,excluded,non_list1,non_list1,direct_policy_scope_overlap,direct_policy_scope_overlap,27,26,24,22,1713261,1709746,0,0,0.000000000000,0.000000000000
910511,False,False,control_candidate,control_candidate,non_list1,non_list1,,,29,26,24,22,134757642,121446269,0,0,0.000000000000,0.000000000000
910519,False,False,control_candidate,control_candidate,non_list1,non_list1,,,29,26,24,22,6220158,5918565,0,0,0.000000000000,0.000000000000
910521,False,False,control_candidate,control_candidate,non_list1,non_list1,,,29,26,24,22,202775701,184513497,0,0,0.000000000000,0.000000000000
910529,False,False,control_candidate,control_candidate,non_list1,non_list1,,,29,26,24,22,24691133,22024089,0,0,0.000000000000,0.000000000000
910591,False,False,control_candidate,control_candidate,non_list1,non_list1,,,29,26,24,22,60687979,55067494,0,0,0.000000000000,0.000000000000
910599,False,False,control_candidate,control_candidate,non_list1,non_list1,,,29,26,24,22,6836182,6358664,0,0,0.000000000000,0.000000000000
910610,False,False,excluded,excluded,non_list1,non_list1,direct_policy_scope_overlap,direct_policy_scope_overlap,29,26,24,22,12326649,11381973,0,0,0.000000000000,0.000000000000
910690,False,False,excluded,excluded,non_list1,non_list1,direct_policy_scope_overlap,direct_policy_scope_overlap,29,26,24,22,52997200,48818986,0,0,0.000000000000,0.000000000000
910700,False,False,excluded,excluded,non_list1,non_list1,direct_policy_scope_overlap,direct_policy_scope_overlap,29,26,24,22,76516205,72508132,0,0,0.000000000000,0.000000000000
910811,False,False,control_candidate,control_candidate,non_list1,non_list1,,,27,25,24,22,661215,653754,0,0,0.000000000000,0.000000000000
910812,False,False,excluded,excluded,non_list1,non_list1,insufficient_positive_pre_months,insufficient_positive_pre_months,3,3,24,22,40860,40860,0,0,0.000000000000,0.000000000000
910819,False,False,excluded,excluded,non_list1,non_list1,insufficient_positive_pre_months,insufficient_positive_pre_months,6,6,24,22,20339,20339,0,0,0.000000000000,0.000000000000
910820,False,False,control_candidate,control_candidate,non_list1,non_list1,,,26,23,24,22,576643,551211,0,0,0.000000000000,0.000000000000
910890,False,False,excluded,excluded,non_list1,non_list1,insufficient_positive_pre_months,insufficient_positive_pre_months,15,13,24,22,295854,267628,0,0,0.000000000000,0.000000000000
910910,False,False,control_candidate,control_candidate,non_list1,non_list1,,,29,26,24,22,3167599,2986137,0,0,0.000000000000,0.000000000000
910990,False,False,control_candidate,control_candidate,non_list1,non_list1,,,27,25,24,22,1141609,1063556,0,0,0.000000000000,0.000000000000
911011,False,False,excluded,excluded,non_list1,non_list1,insufficient_positive_pre_months,insufficient_positive_pre_months,0,0,24,22,0,0,0,0,0.000000000000,0.000000000000
911012,False,False,excluded,excluded,non_list1,non_list1,insufficient_positive_pre_months,insufficient_positive_pre_months,10,10,24,22,225248,225248,0,0,0.000000000000,0.000000000000
911019,False,False,excluded,excluded,non_list1,non_list1,insufficient_positive_pre_months,insufficient_positive_pre_months,6,6,24,22,26648,26648,0,0,0.000000000000,0.000000000000
911090,False,False,control_candidate,control_candidate,non_list1,non_list1,,,28,25,24,22,868433,768000,0,0,0.000000000000,0.000000000000
911110,False,False,excluded,excluded,non_list1,non_list1,insufficient_positive_pre_months,insufficient_positive_pre_months,8,7,24,22,61408,53495,0,0,0.000000000000,0.000000000000
911120,False,False,control_candidate,control_candidate,non_list1,non_list1,,,29,26,24,22,24349971,23203288,0,0,0.000000000000,0.000000000000
911180,False,False,control_candidate,control_candidate,non_list1,non_list1,,,28,25,24,22,2313650,2160733,0,0,0.000000000000,0.000000000000
911190,False,False,control_candidate,control_candidate,non_list1,non_list1,,,29,26,24,22,2278471,1776124,0,0,0.000000000000,0.000000000000
911220,False,False,control_candidate,control_candidate,non_list1,non_list1,,,28,25,24,22,968739,821981,0,0,0.000000000000,0.000000000000
911290,True,False,control_candidate,excluded,non_list1,non_list1,,insufficient_positive_pre_months,24,21,24,22,453603,398109,0,0,0.000000000000,0.000000000000
911310,False,False,excluded,excluded,non_list1,non_list1,insufficient_positive_pre_months,insufficient_positive_pre_months,21,18,24,22,653188,508940,0,0,0.000000000000,0.000000000000
911320,False,False,control_candidate,control_candidate,non_list1,non_list1,,,29,26,24,22,46184493,41803559,0,0,0.000000000000,0.000000000000
911390,False,False,control_candidate,control_candidate,non_list1,non_list1,,,29,26,24,22,171588367,155931077,0,0,0.000000000000,0.000000000000
911410,False,False,excluded,excluded,non_list1,non_list1,insufficient_positive_pre_months,insufficient_positive_pre_months,23,21,24,22,160486,143865,0,0,0.000000000000,0.000000000000
911430,False,False,control_candidate,control_candidate,non_list1,non_list1,,,29,26,24,22,4691725,4278817,0,0,0.000000000000,0.000000000000
911440,False,False,control_candidate,control_candidate,non_list1,non_list1,,,26,23,24,22,335130,314464,0,0,0.000000000000,0.000000000000
911490,False,False,control_candidate,control_candidate,non_list1,non_list1,,,29,26,24,22,16913375,15991201,0,0,0.000000000000,0.000000000000
920110,False,False,control_candidate,control_candidate,non_list1,non_list1,,,29,26,24,22,13178229,11744380,0,0,0.000000000000,0.000000000000
920120,False,False,control_candidate,control_candidate,non_list1,non_list1,,,29,26,24,22,18032034,16543960,0,0,0.000000000000,0.000000000000
920190,False,False,excluded,excluded,non_list1,non_list1,insufficient_positive_pre_months,insufficient_positive_pre_months,19,16,24,22,252685,201260,0,0,0.000000000000,0.000000000000
920210,False,False,control_candidate,control_candidate,non_list1,non_list1,,,29,26,24,22,80161426,72317150,0,0,0.000000000000,0.000000000000
920290,False,False,control_candidate,control_candidate,non_list1,non_list1,,,29,26,24,22,188383035,172854119,0,0,0.000000000000,0.000000000000
920510,False,False,control_candidate,control_candidate,non_list1,non_list1,,,29,26,24,22,79149620,69606120,0,0,0.000000000000,0.000000000000
920590,False,False,control_candidate,control_candidate,non_list1,non_list1,,,29,26,24,22,90538073,80014366,0,0,0.000000000000,0.000000000000
920600,False,False,control_candidate,control_candidate,non_list1,non_list1,,,29,26,24,22,110201610,101810272,0,0,0.000000000000,0.000000000000
920710,False,False,control_candidate,control_candidate,non_list1,non_list1,,,29,26,24,22,316250228,293205994,0,0,0.000000000000,0.000000000000
920790,False,False,control_candidate,control_candidate,non_list1,non_list1,,,29,26,24,22,244389695,226459758,0,0,0.000000000000,0.000000000000
920810,False,False,control_candidate,control_candidate,non_list1,non_list1,,,29,26,24,22,58111931,54286343,0,0,0.000000000000,0.000000000000
920890,False,False,control_candidate,control_candidate,non_list1,non_list1,,,29,26,24,22,15379389,14029097,0,0,0.000000000000,0.000000000000
920930,False,False,control_candidate,control_candidate,non_list1,non_list1,,,29,26,24,22,4109306,3789841,0,0,0.000000000000,0.000000000000
920991,False,False,control_candidate,control_candidate,non_list1,non_list1,,,29,26,24,22,2482438,1973395,0,0,0.000000000000,0.000000000000
920992,False,False,control_candidate,control_candidate,non_list1,non_list1,,,29,26,24,22,34293283,30994149,0,0,0.000000000000,0.000000000000
920994,False,False,control_candidate,control_candidate,non_list1,non_list1,,,29,26,24,22,44300343,39605959,0,0,0.000000000000,0.000000000000
920999,False,False,control_candidate,control_candidate,non_list1,non_list1,,,29,26,24,22,63425030,57437899,0,0,0.000000000000,0.000000000000
930110,False,False,excluded,excluded,non_list1,non_list1,insufficient_positive_pre_months,insufficient_positive_pre_months,0,0,24,22,0,0,0,0,0.000000000000,0.000000000000
930120,False,False,excluded,excluded,non_list1,non_list1,insufficient_positive_pre_months,insufficient_positive_pre_months,0,0,24,22,0,0,0,0,0.000000000000,0.000000000000
930190,False,False,excluded,excluded,non_list1,non_list1,insufficient_positive_pre_months,insufficient_positive_pre_months,1,1,24,22,2496,2496,0,0,0.000000000000,0.000000000000
930200,False,False,excluded,excluded,non_list1,non_list1,insufficient_positive_pre_months,insufficient_positive_pre_months,0,0,24,22,0,0,0,0,0.000000000000,0.000000000000
930310,False,False,excluded,excluded,non_list1,non_list1,insufficient_positive_pre_months,insufficient_positive_pre_months,1,0,24,22,6600,0,0,0,0.000000000000,0.000000000000
930320,False,False,control_candidate,control_candidate,non_list1,non_list1,,,29,26,24,22,37370485,34145512,0,0,0.000000000000,0.000000000000
930330,False,False,excluded,excluded,non_list1,non_list1,insufficient_positive_pre_months,insufficient_positive_pre_months,0,0,24,22,0,0,0,0,0.000000000000,0.000000000000
930390,False,False,excluded,excluded,non_list1,non_list1,insufficient_positive_pre_months,insufficient_positive_pre_months,0,0,24,22,0,0,0,0,0.000000000000,0.000000000000
930400,False,False,control_candidate,control_candidate,non_list1,non_list1,,,29,26,24,22,149875790,137144523,0,0,0.000000000000,0.000000000000
930510,False,False,control_candidate,control_candidate,non_list1,non_list1,,,28,25,24,22,1284888,1137166,0,0,0.000000000000,0.000000000000
930520,False,False,control_candidate,control_candidate,non_list1,non_list1,,,29,26,24,22,61041846,54344042,0,0,0.000000000000,0.000000000000
930591,False,False,excluded,excluded,non_list1,non_list1,insufficient_positive_pre_months,insufficient_positive_pre_months,7,7,24,22,88824,88824,0,0,0.000000000000,0.000000000000
930599,False,False,control_candidate,control_candidate,non_list1,non_list1,,,29,26,24,22,44856493,40443321,0,0,0.000000000000,0.000000000000
930621,False,False,excluded,excluded,non_list1,non_list1,insufficient_positive_pre_months,insufficient_positive_pre_months,2,2,24,22,24614,24614,0,0,0.000000000000,0.000000000000
930629,False,False,control_candidate,control_candidate,non_list1,non_list1,,,29,26,24,22,21400955,19837278,0,0,0.000000000000,0.000000000000
930630,False,False,excluded,excluded,non_list1,non_list1,insufficient_positive_pre_months,insufficient_positive_pre_months,13,13,24,22,1209756,1209756,0,0,0.000000000000,0.000000000000
930690,False,False,control_candidate,control_candidate,non_list1,non_list1,,,29,26,24,22,12099634,11344390,0,0,0.000000000000,0.000000000000
930700,False,False,control_candidate,control_candidate,non_list1,non_list1,,,29,26,24,22,29619800,27863848,0,0,0.000000000000,0.000000000000
940110,False,False,control_candidate,control_candidate,non_list1,non_list1,,,29,26,24,22,39199145,33790236,0,0,0.000000000000,0.000000000000
940120,False,False,excluded,excluded,non_list1,non_list1,direct_policy_scope_overlap,direct_policy_scope_overlap,29,26,24,22,101557923,88538148,0,0,0.000000000000,0.000000000000
940130,False,False,excluded,excluded,non_list1,non_list1,direct_policy_scope_overlap,direct_policy_scope_overlap,29,26,24,22,1649500469,1480324440,0,0,0.000000000000,0.000000000000
940140,False,False,excluded,excluded,non_list1,non_list1,direct_policy_scope_overlap,direct_policy_scope_overlap,29,26,24,22,481769132,437529943,0,0,0.000000000000,0.000000000000
940152,False,False,excluded,excluded,non_list1,non_list1,insufficient_positive_pre_months|direct_policy_scope_overlap,insufficient_positive_pre_months|direct_policy_scope_overlap,17,14,24,22,5323486,4435151,0,0,0.000000000000,0.000000000000
940153,False,False,excluded,excluded,non_list1,non_list1,insufficient_positive_pre_months|direct_policy_scope_overlap,insufficient_positive_pre_months|direct_policy_scope_overlap,17,14,24,22,46444596,32070437,0,0,0.000000000000,0.000000000000
940159,False,False,excluded,excluded,non_list1,non_list1,direct_policy_scope_overlap,direct_policy_scope_overlap,29,26,24,22,21567296,20060530,0,0,0.000000000000,0.000000000000
940161,False,False,excluded,excluded,non_list1,non_list1,direct_policy_scope_overlap,direct_policy_scope_overlap,29,26,24,22,8801622001,7907945216,0,0,0.000000000000,0.000000000000
940169,False,False,excluded,excluded,non_list1,non_list1,direct_policy_scope_overlap,direct_policy_scope_overlap,29,26,24,22,362127513,327787602,0,0,0.000000000000,0.000000000000
940171,False,False,excluded,excluded,non_list1,non_list1,direct_policy_scope_overlap,direct_policy_scope_overlap,29,26,24,22,2036148484,1830520865,0,0,0.000000000000,0.000000000000
940179,False,False,excluded,excluded,non_list1,non_list1,direct_policy_scope_overlap,direct_policy_scope_overlap,29,26,24,22,5092959432,4361596997,0,0,0.000000000000,0.000000000000
940180,False,False,excluded,excluded,non_list1,non_list1,direct_policy_scope_overlap,direct_policy_scope_overlap,29,26,24,22,2225339395,2039111047,0,0,0.000000000000,0.000000000000
940190,False,False,excluded,excluded,non_list1,non_list1,direct_policy_scope_overlap,direct_policy_scope_overlap,29,26,24,22,3217706812,2889721128,0,0,0.000000000000,0.000000000000
940210,False,False,control_candidate,control_candidate,non_list1,non_list1,,,29,26,24,22,95626295,85664959,0,0,0.000000000000,0.000000000000
940290,False,False,control_candidate,control_candidate,non_list1,non_list1,,,29,26,24,22,618037845,557298959,0,0,0.000000000000,0.000000000000
940310,False,False,excluded,excluded,non_list1,non_list1,direct_policy_scope_overlap,direct_policy_scope_overlap,29,26,24,22,406775675,360544824,0,0,0.000000000000,0.000000000000
940320,False,False,excluded,excluded,non_list1,non_list1,direct_policy_scope_overlap,direct_policy_scope_overlap,29,26,24,22,8350206723,7412865880,0,0,0.000000000000,0.000000000000
940330,False,False,excluded,excluded,non_list1,non_list1,direct_policy_scope_overlap,direct_policy_scope_overlap,29,26,24,22,739112439,679497752,0,0,0.000000000000,0.000000000000
940340,False,False,excluded,excluded,non_list1,non_list1,direct_policy_scope_overlap,direct_policy_scope_overlap,29,26,24,22,2665735656,2380683586,0,0,0.000000000000,0.000000000000
940350,False,False,excluded,excluded,non_list1,non_list1,direct_policy_scope_overlap,direct_policy_scope_overlap,29,26,24,22,1000532432,923142923,0,0,0.000000000000,0.000000000000
940360,False,False,excluded,excluded,non_list1,non_list1,direct_policy_scope_overlap,direct_policy_scope_overlap,29,26,24,22,6358214001,5803351814,0,0,0.000000000000,0.000000000000
940370,False,False,excluded,excluded,non_list1,non_list1,direct_policy_scope_overlap,direct_policy_scope_overlap,29,26,24,22,1946733095,1763110755,0,0,0.000000000000,0.000000000000
940382,False,False,excluded,excluded,non_list1,non_list1,insufficient_positive_pre_months|direct_policy_scope_overlap,insufficient_positive_pre_months|direct_policy_scope_overlap,17,14,24,22,40373052,33171222,0,0,0.000000000000,0.000000000000
940383,False,False,excluded,excluded,non_list1,non_list1,insufficient_positive_pre_months|direct_policy_scope_overlap,insufficient_positive_pre_months|direct_policy_scope_overlap,17,14,24,22,16629794,9984941,0,0,0.000000000000,0.000000000000
940389,False,False,excluded,excluded,non_list1,non_list1,direct_policy_scope_overlap,direct_policy_scope_overlap,29,26,24,22,1557557812,1380547206,0,0,0.000000000000,0.000000000000
940390,False,False,excluded,excluded,non_list1,non_list1,direct_policy_scope_overlap,direct_policy_scope_overlap,29,26,24,22,3257984250,2870889182,0,0,0.000000000000,0.000000000000
940410,False,False,excluded,excluded,non_list1,non_list1,direct_policy_scope_overlap,direct_policy_scope_overlap,29,26,24,22,55810425,50313159,0,0,0.000000000000,0.000000000000
940421,False,False,excluded,excluded,non_list1,non_list1,direct_policy_scope_overlap,direct_policy_scope_overlap,29,26,24,22,1231270265,1101368524,0,0,0.000000000000,0.000000000000
940429,False,False,excluded,excluded,non_list1,non_list1,direct_policy_scope_overlap,direct_policy_scope_overlap,29,26,24,22,379426123,332974405,0,0,0.000000000000,0.000000000000
940430,False,False,control_candidate,control_candidate,non_list1,non_list1,,,29,26,24,22,287858288,257621146,0,0,0.000000000000,0.000000000000
940490,False,False,control_candidate,control_candidate,non_list1,non_list1,,,29,26,24,22,4559782908,4112166984,0,0,0.000000000000,0.000000000000
940510,False,False,excluded,excluded,non_list1,non_list1,direct_policy_scope_overlap,direct_policy_scope_overlap,29,26,24,22,5044643590,4546388389,0,0,0.000000000000,0.000000000000
940520,False,False,excluded,excluded,non_list1,non_list1,direct_policy_scope_overlap,direct_policy_scope_overlap,29,26,24,22,1781440944,1616364121,0,0,0.000000000000,0.000000000000
940530,False,False,excluded,excluded,non_list1,non_list1,direct_policy_scope_overlap,direct_policy_scope_overlap,29,26,24,22,866961853,862786974,0,0,0.000000000000,0.000000000000
940540,False,False,excluded,excluded,non_list1,non_list1,direct_policy_scope_overlap,direct_policy_scope_overlap,29,26,24,22,7278700227,6646415231,0,0,0.000000000000,0.000000000000
940550,False,False,excluded,excluded,non_list1,non_list1,direct_policy_scope_overlap,direct_policy_scope_overlap,29,26,24,22,507334663,460678644,0,0,0.000000000000,0.000000000000
940560,False,False,excluded,excluded,non_list1,non_list1,direct_policy_scope_overlap,direct_policy_scope_overlap,29,26,24,22,233019519,209325553,0,0,0.000000000000,0.000000000000
940591,False,False,excluded,excluded,non_list1,non_list1,direct_policy_scope_overlap,direct_policy_scope_overlap,29,26,24,22,104898570,97654721,0,0,0.000000000000,0.000000000000
940592,False,False,excluded,excluded,non_list1,non_list1,direct_policy_scope_overlap,direct_policy_scope_overlap,29,26,24,22,100338498,91120246,0,0,0.000000000000,0.000000000000
940599,False,False,excluded,excluded,non_list1,non_list1,direct_policy_scope_overlap,direct_policy_scope_overlap,29,26,24,22,853847981,771594513,0,0,0.000000000000,0.000000000000
940610,False,False,excluded,excluded,non_list1,non_list1,insufficient_positive_pre_months|direct_policy_scope_overlap,insufficient_positive_pre_months|direct_policy_scope_overlap,17,14,24,22,41572394,34995053,0,0,0.000000000000,0.000000000000
940690,False,False,excluded,excluded,non_list1,non_list1,insufficient_positive_pre_months|direct_policy_scope_overlap,insufficient_positive_pre_months|direct_policy_scope_overlap,17,14,24,22,39460371,30840504,0,0,0.000000000000,0.000000000000
950300,False,False,control_candidate,control_candidate,non_list1,non_list1,,,29,26,24,22,27468513292,25859635887,0,0,0.000000000000,0.000000000000
950420,False,False,control_candidate,control_candidate,non_list1,non_list1,,,29,26,24,22,102332164,95084321,0,0,0.000000000000,0.000000000000
950430,False,False,control_candidate,control_candidate,non_list1,non_list1,,,29,26,24,22,723358379,650260109,0,0,0.000000000000,0.000000000000
950440,False,False,control_candidate,control_candidate,non_list1,non_list1,,,29,26,24,22,212762018,199929528,0,0,0.000000000000,0.000000000000
950450,False,False,control_candidate,control_candidate,non_list1,non_list1,,,29,26,24,22,9682128705,8809916849,0,0,0.000000000000,0.000000000000
950490,False,False,control_candidate,control_candidate,non_list1,non_list1,,,29,26,24,22,1750800709,1621418671,0,0,0.000000000000,0.000000000000
950510,False,False,control_candidate,control_candidate,non_list1,non_list1,,,29,26,24,22,4123959176,4050743734,0,0,0.000000000000,0.000000000000
950590,False,False,control_candidate,control_candidate,non_list1,non_list1,,,29,26,24,22,1965668390,1869103375,0,0,0.000000000000,0.000000000000
950611,False,False,control_candidate,control_candidate,non_list1,non_list1,,,29,26,24,22,49568475,46183298,0,0,0.000000000000,0.000000000000
950612,False,False,control_candidate,control_candidate,non_list1,non_list1,,,28,25,24,22,32065283,30863143,0,0,0.000000000000,0.000000000000
950619,False,False,control_candidate,control_candidate,non_list1,non_list1,,,29,26,24,22,13332270,12689685,0,0,0.000000000000,0.000000000000
950621,False,False,control_candidate,control_candidate,non_list1,non_list1,,,29,26,24,22,9474586,8498102,0,0,0.000000000000,0.000000000000
950629,False,False,control_candidate,control_candidate,non_list1,non_list1,,,29,26,24,22,711487854,604551897,0,0,0.000000000000,0.000000000000
950631,False,False,control_candidate,control_candidate,non_list1,non_list1,,,29,26,24,22,673675482,583745149,0,0,0.000000000000,0.000000000000
950632,False,False,control_candidate,control_candidate,non_list1,non_list1,,,29,26,24,22,69798246,58392175,0,0,0.000000000000,0.000000000000
950639,False,False,control_candidate,control_candidate,non_list1,non_list1,,,29,26,24,22,531972088,475375545,0,0,0.000000000000,0.000000000000
950640,False,False,control_candidate,control_candidate,non_list1,non_list1,,,29,26,24,22,82542919,77900160,0,0,0.000000000000,0.000000000000
950651,False,False,control_candidate,control_candidate,non_list1,non_list1,,,29,26,24,22,91957538,82685642,0,0,0.000000000000,0.000000000000
950659,False,False,control_candidate,control_candidate,non_list1,non_list1,,,29,26,24,22,37333413,32723081,0,0,0.000000000000,0.000000000000
950661,False,False,control_candidate,control_candidate,non_list1,non_list1,,,29,26,24,22,92823068,84038796,0,0,0.000000000000,0.000000000000
950662,False,False,control_candidate,control_candidate,non_list1,non_list1,,,29,26,24,22,362166113,330382172,0,0,0.000000000000,0.000000000000
950669,False,False,control_candidate,control_candidate,non_list1,non_list1,,,29,26,24,22,240866860,219422538,0,0,0.000000000000,0.000000000000
950670,False,False,control_candidate,control_candidate,non_list1,non_list1,,,29,26,24,22,194212383,182752230,0,0,0.000000000000,0.000000000000
950691,False,False,control_candidate,control_candidate,non_list1,non_list1,,,29,26,24,22,3538138159,3241532322,0,0,0.000000000000,0.000000000000
950699,False,False,control_candidate,control_candidate,non_list1,non_list1,,,29,26,24,22,2743863687,2387205293,0,0,0.000000000000,0.000000000000
950710,False,False,control_candidate,control_candidate,non_list1,non_list1,,,29,26,24,22,404636458,357898599,0,0,0.000000000000,0.000000000000
950720,False,False,control_candidate,control_candidate,non_list1,non_list1,,,29,26,24,22,41440901,36224692,0,0,0.000000000000,0.000000000000
950730,False,False,control_candidate,control_candidate,non_list1,non_list1,,,29,26,24,22,432817022,382782834,0,0,0.000000000000,0.000000000000
950790,False,False,control_candidate,control_candidate,non_list1,non_list1,,,29,26,24,22,323624295,291661906,0,0,0.000000000000,0.000000000000
950810,False,False,control_candidate,control_candidate,non_list1,non_list1,,,26,23,24,22,1210757,1180260,0,0,0.000000000000,0.000000000000
950890,False,False,control_candidate,control_candidate,non_list1,non_list1,,,29,26,24,22,78176250,67967930,0,0,0.000000000000,0.000000000000
960110,False,False,excluded,excluded,non_list1,non_list1,insufficient_positive_pre_months,insufficient_positive_pre_months,11,9,24,22,181422,165593,0,0,0.000000000000,0.000000000000
960190,False,False,control_candidate,control_candidate,non_list1,non_list1,,,29,26,24,22,10415627,9383281,0,0,0.000000000000,0.000000000000
960200,False,False,control_candidate,control_candidate,non_list1,non_list1,,,29,26,24,22,98739181,91834712,0,0,0.000000000000,0.000000000000
960310,False,False,control_candidate,control_candidate,non_list1,non_list1,,,28,25,24,22,1256055,1201586,0,0,0.000000000000,0.000000000000
960321,False,False,control_candidate,control_candidate,non_list1,non_list1,,,29,26,24,22,345031471,309700268,0,0,0.000000000000,0.000000000000
960329,False,False,control_candidate,control_candidate,non_list1,non_list1,,,29,26,24,22,300382683,270339741,0,0,0.000000000000,0.000000000000
960330,False,False,control_candidate,control_candidate,non_list1,non_list1,,,29,26,24,22,857236863,785096229,0,0,0.000000000000,0.000000000000
960340,False,False,control_candidate,control_candidate,non_list1,non_list1,,,29,26,24,22,266887791,234498683,0,0,0.000000000000,0.000000000000
960350,False,False,control_candidate,control_candidate,non_list1,non_list1,,,29,26,24,22,64010497,57354005,0,0,0.000000000000,0.000000000000
960390,False,False,control_candidate,control_candidate,non_list1,non_list1,,,29,26,24,22,1186976598,1066285702,0,0,0.000000000000,0.000000000000
960400,False,False,control_candidate,control_candidate,non_list1,non_list1,,,28,25,24,22,2287015,2106905,0,0,0.000000000000,0.000000000000
960500,False,False,control_candidate,control_candidate,non_list1,non_list1,,,29,26,24,22,46606679,42977171,0,0,0.000000000000,0.000000000000
960610,False,False,excluded,excluded,non_list1,non_list1,direct_policy_scope_overlap,direct_policy_scope_overlap,29,26,24,22,11242809,10296158,0,0,0.000000000000,0.000000000000
960621,False,False,excluded,excluded,non_list1,non_list1,direct_policy_scope_overlap,direct_policy_scope_overlap,29,26,24,22,6488772,5780030,0,0,0.000000000000,0.000000000000
960622,False,False,excluded,excluded,non_list1,non_list1,direct_policy_scope_overlap,direct_policy_scope_overlap,29,26,24,22,11677106,10454872,0,0,0.000000000000,0.000000000000
960629,False,False,excluded,excluded,non_list1,non_list1,direct_policy_scope_overlap,direct_policy_scope_overlap,29,26,24,22,2774156,2511350,0,0,0.000000000000,0.000000000000
960630,False,False,excluded,excluded,non_list1,non_list1,direct_policy_scope_overlap,direct_policy_scope_overlap,29,26,24,22,645799,606539,0,0,0.000000000000,0.000000000000
960711,False,False,excluded,excluded,non_list1,non_list1,direct_policy_scope_overlap,direct_policy_scope_overlap,29,26,24,22,5164827,4245064,0,0,0.000000000000,0.000000000000
960719,False,False,excluded,excluded,non_list1,non_list1,direct_policy_scope_overlap,direct_policy_scope_overlap,29,26,24,22,11922710,10687305,0,0,0.000000000000,0.000000000000
960720,False,False,excluded,excluded,non_list1,non_list1,direct_policy_scope_overlap,direct_policy_scope_overlap,29,26,24,22,8040584,7396114,0,0,0.000000000000,0.000000000000
960810,False,False,control_candidate,control_candidate,non_list1,non_list1,,,29,26,24,22,627637112,569892399,0,0,0.000000000000,0.000000000000
960820,False,False,control_candidate,control_candidate,non_list1,non_list1,,,29,26,24,22,346767855,309741126,0,0,0.000000000000,0.000000000000
960830,False,False,control_candidate,control_candidate,non_list1,non_list1,,,29,26,24,22,18122721,16584891,0,0,0.000000000000,0.000000000000
960840,False,False,control_candidate,control_candidate,non_list1,non_list1,,,29,26,24,22,57619259,50933403,0,0,0.000000000000,0.000000000000
960850,False,False,control_candidate,control_candidate,non_list1,non_list1,,,27,24,24,22,2668283,2581035,0,0,0.000000000000,0.000000000000
960860,False,False,control_candidate,control_candidate,non_list1,non_list1,,,29,26,24,22,3918440,3727919,0,0,0.000000000000,0.000000000000
960891,False,False,control_candidate,control_candidate,non_list1,non_list1,,,28,25,24,22,3533506,3100176,0,0,0.000000000000,0.000000000000
960899,False,False,control_candidate,control_candidate,non_list1,non_list1,,,29,26,24,22,18058014,16505358,0,0,0.000000000000,0.000000000000
960910,False,False,control_candidate,control_candidate,non_list1,non_list1,,,29,26,24,22,188641635,169522878,0,0,0.000000000000,0.000000000000
960920,False,False,control_candidate,control_candidate,non_list1,non_list1,,,29,26,24,22,10886744,10180611,0,0,0.000000000000,0.000000000000
960990,False,False,control_candidate,control_candidate,non_list1,non_list1,,,29,26,24,22,164293702,150755644,0,0,0.000000000000,0.000000000000
961000,False,False,control_candidate,control_candidate,non_list1,non_list1,,,29,26,24,22,267709338,238525736,0,0,0.000000000000,0.000000000000
961100,False,False,control_candidate,control_candidate,non_list1,non_list1,,,29,26,24,22,68999014,64442799,0,0,0.000000000000,0.000000000000
961210,False,False,control_candidate,control_candidate,non_list1,non_list1,,,29,26,24,22,46557482,42285427,0,0,0.000000000000,0.000000000000
961220,False,False,control_candidate,control_candidate,non_list1,non_list1,,,29,26,24,22,8334149,7660028,0,0,0.000000000000,0.000000000000
961310,False,False,control_candidate,control_candidate,non_list1,non_list1,,,29,26,24,22,32130777,28615895,0,0,0.000000000000,0.000000000000
961320,False,False,control_candidate,control_candidate,non_list1,non_list1,,,29,26,24,22,37768024,33072914,0,0,0.000000000000,0.000000000000
961380,False,False,control_candidate,control_candidate,non_list1,non_list1,,,29,26,24,22,141086130,126837702,0,0,0.000000000000,0.000000000000
961390,False,False,control_candidate,control_candidate,non_list1,non_list1,,,29,26,24,22,10805263,9984325,0,0,0.000000000000,0.000000000000
961400,False,False,control_candidate,control_candidate,non_list1,non_list1,,,29,26,24,22,37113483,32130721,0,0,0.000000000000,0.000000000000
961511,False,False,control_candidate,control_candidate,non_list1,non_list1,,,29,26,24,22,196390474,174368721,0,0,0.000000000000,0.000000000000
961519,False,False,control_candidate,control_candidate,non_list1,non_list1,,,29,26,24,22,184900755,167428241,0,0,0.000000000000,0.000000000000
961590,False,False,control_candidate,control_candidate,non_list1,non_list1,,,29,26,24,22,138243990,126738173,0,0,0.000000000000,0.000000000000
961610,False,False,control_candidate,control_candidate,non_list1,non_list1,,,29,26,24,22,165856922,149707767,0,0,0.000000000000,0.000000000000
961620,False,False,control_candidate,control_candidate,non_list1,non_list1,,,29,26,24,22,150053325,138989792,0,0,0.000000000000,0.000000000000
961700,False,False,control_candidate,control_candidate,non_list1,non_list1,,,29,26,24,22,1056152264,956743787,0,0,0.000000000000,0.000000000000
961800,False,False,control_candidate,control_candidate,non_list1,non_list1,,,29,26,24,22,110358403,101273113,0,0,0.000000000000,0.000000000000
961900,False,False,control_candidate,control_candidate,non_list1,non_list1,,,29,26,24,22,227796224,200513131,0,0,0.000000000000,0.000000000000
962000,False,False,excluded,excluded,non_list1,non_list1,insufficient_positive_pre_months|direct_policy_scope_overlap,insufficient_positive_pre_months|direct_policy_scope_overlap,17,14,24,22,18654019,13952132,0,0,0.000000000000,0.000000000000
970110,False,False,control_candidate,control_candidate,non_list1,non_list1,,,29,26,24,22,230358856,202196923,0,0,0.000000000000,0.000000000000
970190,False,False,control_candidate,control_candidate,non_list1,non_list1,,,29,26,24,22,14755575,13558742,0,0,0.000000000000,0.000000000000
970200,False,False,control_candidate,control_candidate,non_list1,non_list1,,,26,23,24,22,2418948,2266457,0,0,0.000000000000,0.000000000000
970300,False,False,control_candidate,control_candidate,non_list1,non_list1,,,29,26,24,22,62317957,58811442,0,0,0.000000000000,0.000000000000
970400,False,False,excluded,excluded,non_list1,non_list1,insufficient_positive_pre_months,insufficient_positive_pre_months,19,18,24,22,912149,898126,0,0,0.000000000000,0.000000000000
970500,False,False,control_candidate,control_candidate,non_list1,non_list1,,,29,26,24,22,108110854,94187524,0,0,0.000000000000,0.000000000000
970600,False,False,control_candidate,control_candidate,non_list1,non_list1,,,29,26,24,22,292954721,280857588,0,0,0.000000000000,0.000000000000
980100,False,False,control_candidate,control_candidate,non_list1,non_list1,,,29,26,24,22,5374259663,4798979234,0,0,0.000000000000,0.000000000000
980200,False,False,control_candidate,control_candidate,non_list1,non_list1,,,29,26,24,22,70840706,63060580,0,0,0.000000000000,0.000000000000
980800,False,False,excluded,excluded,non_list1,non_list1,insufficient_positive_pre_months,insufficient_positive_pre_months,7,7,24,22,89864,89864,0,0,0.000000000000,0.000000000000
981000,False,False,control_candidate,control_candidate,non_list1,non_list1,,,29,26,24,22,25331802,23088017,0,0,0.000000000000,0.000000000000
981200,False,False,excluded,excluded,non_list1,non_list1,insufficient_positive_pre_months,insufficient_positive_pre_months,16,14,24,22,1852811,1471059,0,0,0.000000000000,0.000000000000
981700,False,False,control_candidate,control_candidate,non_list1,non_list1,,,29,26,24,22,864178142,754331333,0,0,0.000000000000,0.000000000000
981800,False,False,control_candidate,control_candidate,non_list1,non_list1,,,28,25,24,22,57255004,57222904,0,0,0.000000000000,0.000000000000
999900,False,False,excluded,excluded,non_list1,non_list1,insufficient_positive_pre_months,insufficient_positive_pre_months,1,1,24,22,3657,3657,0,0,0.000000000000,0.000000000000
999995,False,False,control_candidate,control_candidate,non_list1,non_list1,,,29,26,24,22,7736308198,6904028001,0,0,0.000000000000,0.000000000000
