policy_id,raw_hts,canonical_hts8,source_annex,source_page,amended,amendment_source_page,source_url,amendment_source_url,exclusion_status
us_301_list1_2018,2845.90.00,2845.90.00,Annex A,5,False,,https://ustr.gov/sites/default/files/2018-13248.pdf,,not_yet_modelled
us_301_list1_2018,8411.99.10,8411.99.10,Annex A,5,False,,https://ustr.gov/sites/default/files/2018-13248.pdf,,not_yet_modelled
us_301_list1_2018,8419.89.60,8419.89.60,Annex A,5,False,,https://ustr.gov/sites/default/files/2018-13248.pdf,,not_yet_modelled
us_301_list1_2018,8427.10.80,8427.10.80,Annex A,5,False,,https://ustr.gov/sites/default/files/2018-13248.pdf,,not_yet_modelled
us_301_list1_2018,4011.30.00,4011.30.00,Annex A,5,False,,https://ustr.gov/sites/default/files/2018-13248.pdf,,not_yet_modelled
us_301_list1_2018,8411.99.90,8411.99.90,Annex A,5,False,,https://ustr.gov/sites/default/files/2018-13248.pdf,,not_yet_modelled
us_301_list1_2018,8419.90.10,8419.90.10,Annex A,5,False,,https://ustr.gov/sites/default/files/2018-13248.pdf,,not_yet_modelled
us_301_list1_2018,8427.20.40,8427.20.40,Annex A,5,False,,https://ustr.gov/sites/default/files/2018-13248.pdf,,not_yet_modelled
us_301_list1_2018,4012.13.00,4012.13.00,Annex A,5,False,,https://ustr.gov/sites/default/files/2018-13248.pdf,,not_yet_modelled
us_301_list1_2018,8412.10.00,8412.10.00,Annex A,5,False,,https://ustr.gov/sites/default/files/2018-13248.pdf,,not_yet_modelled
us_301_list1_2018,8419.90.20,8419.90.20,Annex A,5,False,,https://ustr.gov/sites/default/files/2018-13248.pdf,,not_yet_modelled
us_301_list1_2018,8427.20.80,8427.20.80,Annex A,5,False,,https://ustr.gov/sites/default/files/2018-13248.pdf,,not_yet_modelled
us_301_list1_2018,8401.10.00,8401.10.00,Annex A,5,False,,https://ustr.gov/sites/default/files/2018-13248.pdf,,not_yet_modelled
us_301_list1_2018,8412.21.00,8412.21.00,Annex A,5,False,,https://ustr.gov/sites/default/files/2018-13248.pdf,,not_yet_modelled
us_301_list1_2018,8419.90.30,8419.90.30,Annex A,5,False,,https://ustr.gov/sites/default/files/2018-13248.pdf,,not_yet_modelled
us_301_list1_2018,8428.20.00,8428.20.00,Annex A,5,False,,https://ustr.gov/sites/default/files/2018-13248.pdf,,not_yet_modelled
us_301_list1_2018,8401.20.00,8401.20.00,Annex A,5,False,,https://ustr.gov/sites/default/files/2018-13248.pdf,,not_yet_modelled
us_301_list1_2018,8412.29.40,8412.29.40,Annex A,5,False,,https://ustr.gov/sites/default/files/2018-13248.pdf,,not_yet_modelled
us_301_list1_2018,8419.90.50,8419.90.50,Annex A,5,False,,https://ustr.gov/sites/default/files/2018-13248.pdf,,not_yet_modelled
us_301_list1_2018,8428.31.00,8428.31.00,Annex A,5,False,,https://ustr.gov/sites/default/files/2018-13248.pdf,,not_yet_modelled
us_301_list1_2018,8401.30.00,8401.30.00,Annex A,5,False,,https://ustr.gov/sites/default/files/2018-13248.pdf,,not_yet_modelled
us_301_list1_2018,8412.29.80,8412.29.80,Annex A,5,False,,https://ustr.gov/sites/default/files/2018-13248.pdf,,not_yet_modelled
us_301_list1_2018,8419.90.85,8419.90.85,Annex A,5,False,,https://ustr.gov/sites/default/files/2018-13248.pdf,,not_yet_modelled
us_301_list1_2018,8428.32.00,8428.32.00,Annex A,5,False,,https://ustr.gov/sites/default/files/2018-13248.pdf,,not_yet_modelled
us_301_list1_2018,8401.40.00,8401.40.00,Annex A,5,False,,https://ustr.gov/sites/default/files/2018-13248.pdf,,not_yet_modelled
us_301_list1_2018,8412.31.00,8412.31.00,Annex A,5,False,,https://ustr.gov/sites/default/files/2018-13248.pdf,,not_yet_modelled
us_301_list1_2018,8419.90.95,8419.90.95,Annex A,5,False,,https://ustr.gov/sites/default/files/2018-13248.pdf,,not_yet_modelled
us_301_list1_2018,8428.33.00,8428.33.00,Annex A,5,False,,https://ustr.gov/sites/default/files/2018-13248.pdf,,not_yet_modelled
us_301_list1_2018,8402.11.00,8402.11.00,Annex A,5,False,,https://ustr.gov/sites/default/files/2018-13248.pdf,,not_yet_modelled
us_301_list1_2018,8412.39.00,8412.39.00,Annex A,5,False,,https://ustr.gov/sites/default/files/2018-13248.pdf,,not_yet_modelled
us_301_list1_2018,8420.10.90,8420.10.90,Annex A,5,False,,https://ustr.gov/sites/default/files/2018-13248.pdf,,not_yet_modelled
us_301_list1_2018,8428.39.00,8428.39.00,Annex A,5,False,,https://ustr.gov/sites/default/files/2018-13248.pdf,,not_yet_modelled
us_301_list1_2018,8402.12.00,8402.12.00,Annex A,5,False,,https://ustr.gov/sites/default/files/2018-13248.pdf,,not_yet_modelled
us_301_list1_2018,8412.80.10,8412.80.10,Annex A,5,False,,https://ustr.gov/sites/default/files/2018-13248.pdf,,not_yet_modelled
us_301_list1_2018,8420.91.10,8420.91.10,Annex A,5,False,,https://ustr.gov/sites/default/files/2018-13248.pdf,,not_yet_modelled
us_301_list1_2018,8428.90.02,8428.90.02,Annex A,5,False,,https://ustr.gov/sites/default/files/2018-13248.pdf,,not_yet_modelled
us_301_list1_2018,8402.19.00,8402.19.00,Annex A,5,False,,https://ustr.gov/sites/default/files/2018-13248.pdf,,not_yet_modelled
us_301_list1_2018,8412.80.90,8412.80.90,Annex A,5,False,,https://ustr.gov/sites/default/files/2018-13248.pdf,,not_yet_modelled
us_301_list1_2018,8420.91.20,8420.91.20,Annex A,5,False,,https://ustr.gov/sites/default/files/2018-13248.pdf,,not_yet_modelled
us_301_list1_2018,8429.11.00,8429.11.00,Annex A,5,False,,https://ustr.gov/sites/default/files/2018-13248.pdf,,not_yet_modelled
us_301_list1_2018,8402.20.00,8402.20.00,Annex A,5,False,,https://ustr.gov/sites/default/files/2018-13248.pdf,,not_yet_modelled
us_301_list1_2018,8412.90.10,8412.90.10,Annex A,5,False,,https://ustr.gov/sites/default/files/2018-13248.pdf,,not_yet_modelled
us_301_list1_2018,8420.91.90,8420.91.90,Annex A,5,False,,https://ustr.gov/sites/default/files/2018-13248.pdf,,not_yet_modelled
us_301_list1_2018,8429.19.00,8429.19.00,Annex A,5,False,,https://ustr.gov/sites/default/files/2018-13248.pdf,,not_yet_modelled
us_301_list1_2018,8402.90.00,8402.90.00,Annex A,5,False,,https://ustr.gov/sites/default/files/2018-13248.pdf,,not_yet_modelled
us_301_list1_2018,8413.19.00,8413.19.00,Annex A,5,False,,https://ustr.gov/sites/default/files/2018-13248.pdf,,not_yet_modelled
us_301_list1_2018,8420.99.20,8420.99.20,Annex A,5,False,,https://ustr.gov/sites/default/files/2018-13248.pdf,,not_yet_modelled
us_301_list1_2018,8429.20.00,8429.20.00,Annex A,5,False,,https://ustr.gov/sites/default/files/2018-13248.pdf,,not_yet_modelled
us_301_list1_2018,8404.20.00,8404.20.00,Annex A,5,False,,https://ustr.gov/sites/default/files/2018-13248.pdf,,not_yet_modelled
us_301_list1_2018,8413.40.00,8413.40.00,Annex A,5,False,,https://ustr.gov/sites/default/files/2018-13248.pdf,,not_yet_modelled
us_301_list1_2018,8420.99.90,8420.99.90,Annex A,5,False,,https://ustr.gov/sites/default/files/2018-13248.pdf,,not_yet_modelled
us_301_list1_2018,8429.30.00,8429.30.00,Annex A,5,False,,https://ustr.gov/sites/default/files/2018-13248.pdf,,not_yet_modelled
us_301_list1_2018,8404.90.00,8404.90.00,Annex A,5,False,,https://ustr.gov/sites/default/files/2018-13248.pdf,,not_yet_modelled
us_301_list1_2018,8413.50.00,8413.50.00,Annex A,5,False,,https://ustr.gov/sites/default/files/2018-13248.pdf,,not_yet_modelled
us_301_list1_2018,8421.19.00,8421.19.00,Annex A,5,False,,https://ustr.gov/sites/default/files/2018-13248.pdf,,not_yet_modelled
us_301_list1_2018,8429.40.00,8429.40.00,Annex A,5,False,,https://ustr.gov/sites/default/files/2018-13248.pdf,,not_yet_modelled
us_301_list1_2018,8405.10.00,8405.10.00,Annex A,5,False,,https://ustr.gov/sites/default/files/2018-13248.pdf,,not_yet_modelled
us_301_list1_2018,8413.60.00,8413.60.00,Annex A,5,False,,https://ustr.gov/sites/default/files/2018-13248.pdf,,not_yet_modelled
us_301_list1_2018,8421.21.00,8421.21.00,Annex A,5,False,,https://ustr.gov/sites/default/files/2018-13248.pdf,,not_yet_modelled
us_301_list1_2018,8429.51.10,8429.51.10,Annex A,5,False,,https://ustr.gov/sites/default/files/2018-13248.pdf,,not_yet_modelled
us_301_list1_2018,8405.90.00,8405.90.00,Annex A,5,False,,https://ustr.gov/sites/default/files/2018-13248.pdf,,not_yet_modelled
us_301_list1_2018,8413.70.10,8413.70.10,Annex A,5,False,,https://ustr.gov/sites/default/files/2018-13248.pdf,,not_yet_modelled
us_301_list1_2018,8421.22.00,8421.22.00,Annex A,5,False,,https://ustr.gov/sites/default/files/2018-13248.pdf,,not_yet_modelled
us_301_list1_2018,8429.51.50,8429.51.50,Annex A,5,False,,https://ustr.gov/sites/default/files/2018-13248.pdf,,not_yet_modelled
us_301_list1_2018,8406.10.10,8406.10.10,Annex A,5,False,,https://ustr.gov/sites/default/files/2018-13248.pdf,,not_yet_modelled
us_301_list1_2018,8413.70.20,8413.70.20,Annex A,5,False,,https://ustr.gov/sites/default/files/2018-13248.pdf,,not_yet_modelled
us_301_list1_2018,8421.29.00,8421.29.00,Annex A,5,False,,https://ustr.gov/sites/default/files/2018-13248.pdf,,not_yet_modelled
us_301_list1_2018,8429.52.10,8429.52.10,Annex A,5,False,,https://ustr.gov/sites/default/files/2018-13248.pdf,,not_yet_modelled
us_301_list1_2018,8406.10.90,8406.10.90,Annex A,5,False,,https://ustr.gov/sites/default/files/2018-13248.pdf,,not_yet_modelled
us_301_list1_2018,8413.81.00,8413.81.00,Annex A,5,False,,https://ustr.gov/sites/default/files/2018-13248.pdf,,not_yet_modelled
us_301_list1_2018,8421.39.40,8421.39.40,Annex A,5,False,,https://ustr.gov/sites/default/files/2018-13248.pdf,,not_yet_modelled
us_301_list1_2018,8429.52.50,8429.52.50,Annex A,5,False,,https://ustr.gov/sites/default/files/2018-13248.pdf,,not_yet_modelled
us_301_list1_2018,8406.81.90,8406.81.90,Annex A,5,False,,https://ustr.gov/sites/default/files/2018-13248.pdf,,not_yet_modelled
us_301_list1_2018,8413.82.00,8413.82.00,Annex A,5,False,,https://ustr.gov/sites/default/files/2018-13248.pdf,,not_yet_modelled
us_301_list1_2018,8421.39.80,8421.39.80,Annex A,5,False,,https://ustr.gov/sites/default/files/2018-13248.pdf,,not_yet_modelled
us_301_list1_2018,8429.59.10,8429.59.10,Annex A,5,False,,https://ustr.gov/sites/default/files/2018-13248.pdf,,not_yet_modelled
us_301_list1_2018,8406.82.90,8406.82.90,Annex A,5,False,,https://ustr.gov/sites/default/files/2018-13248.pdf,,not_yet_modelled
us_301_list1_2018,8413.91.10,8413.91.10,Annex A,5,False,,https://ustr.gov/sites/default/files/2018-13248.pdf,,not_yet_modelled
us_301_list1_2018,8421.91.60,8421.91.60,Annex A,5,False,,https://ustr.gov/sites/default/files/2018-13248.pdf,,not_yet_modelled
us_301_list1_2018,8429.59.50,8429.59.50,Annex A,5,False,,https://ustr.gov/sites/default/files/2018-13248.pdf,,not_yet_modelled
us_301_list1_2018,8407.10.00,8407.10.00,Annex A,5,False,,https://ustr.gov/sites/default/files/2018-13248.pdf,,not_yet_modelled
us_301_list1_2018,8413.91.20,8413.91.20,Annex A,5,False,,https://ustr.gov/sites/default/files/2018-13248.pdf,,not_yet_modelled
us_301_list1_2018,8421.99.00,8421.99.00,Annex A,5,False,,https://ustr.gov/sites/default/files/2018-13248.pdf,,not_yet_modelled
us_301_list1_2018,8430.10.00,8430.10.00,Annex A,5,False,,https://ustr.gov/sites/default/files/2018-13248.pdf,,not_yet_modelled
us_301_list1_2018,8407.21.00,8407.21.00,Annex A,5,False,,https://ustr.gov/sites/default/files/2018-13248.pdf,,not_yet_modelled
us_301_list1_2018,8413.91.90,8413.91.90,Annex A,5,False,,https://ustr.gov/sites/default/files/2018-13248.pdf,,not_yet_modelled
us_301_list1_2018,8422.19.00,8422.19.00,Annex A,5,False,,https://ustr.gov/sites/default/files/2018-13248.pdf,,not_yet_modelled
us_301_list1_2018,8430.31.00,8430.31.00,Annex A,5,False,,https://ustr.gov/sites/default/files/2018-13248.pdf,,not_yet_modelled
us_301_list1_2018,8407.29.00,8407.29.00,Annex A,5,False,,https://ustr.gov/sites/default/files/2018-13248.pdf,,not_yet_modelled
us_301_list1_2018,8414.30.40,8414.30.40,Annex A,5,False,,https://ustr.gov/sites/default/files/2018-13248.pdf,,not_yet_modelled
us_301_list1_2018,8422.20.00,8422.20.00,Annex A,5,False,,https://ustr.gov/sites/default/files/2018-13248.pdf,,not_yet_modelled
us_301_list1_2018,8430.39.00,8430.39.00,Annex A,5,False,,https://ustr.gov/sites/default/files/2018-13248.pdf,,not_yet_modelled
us_301_list1_2018,8408.10.00,8408.10.00,Annex A,5,False,,https://ustr.gov/sites/default/files/2018-13248.pdf,,not_yet_modelled
us_301_list1_2018,8414.30.80,8414.30.80,Annex A,5,False,,https://ustr.gov/sites/default/files/2018-13248.pdf,,not_yet_modelled
us_301_list1_2018,8422.30.11,8422.30.11,Annex A,5,False,,https://ustr.gov/sites/default/files/2018-13248.pdf,,not_yet_modelled
us_301_list1_2018,8430.41.00,8430.41.00,Annex A,5,False,,https://ustr.gov/sites/default/files/2018-13248.pdf,,not_yet_modelled
us_301_list1_2018,8408.90.10,8408.90.10,Annex A,5,False,,https://ustr.gov/sites/default/files/2018-13248.pdf,,not_yet_modelled
us_301_list1_2018,8414.59.30,8414.59.30,Annex A,5,False,,https://ustr.gov/sites/default/files/2018-13248.pdf,,not_yet_modelled
us_301_list1_2018,8422.30.91,8422.30.91,Annex A,5,False,,https://ustr.gov/sites/default/files/2018-13248.pdf,,not_yet_modelled
us_301_list1_2018,8430.49.80,8430.49.80,Annex A,5,False,,https://ustr.gov/sites/default/files/2018-13248.pdf,,not_yet_modelled
us_301_list1_2018,8408.90.90,8408.90.90,Annex A,5,False,,https://ustr.gov/sites/default/files/2018-13248.pdf,,not_yet_modelled
us_301_list1_2018,8414.80.05,8414.80.05,Annex A,5,False,,https://ustr.gov/sites/default/files/2018-13248.pdf,,not_yet_modelled
us_301_list1_2018,8422.40.11,8422.40.11,Annex A,5,False,,https://ustr.gov/sites/default/files/2018-13248.pdf,,not_yet_modelled
us_301_list1_2018,8430.50.50,8430.50.50,Annex A,5,False,,https://ustr.gov/sites/default/files/2018-13248.pdf,,not_yet_modelled
us_301_list1_2018,8409.10.00,8409.10.00,Annex A,5,False,,https://ustr.gov/sites/default/files/2018-13248.pdf,,not_yet_modelled
us_301_list1_2018,8414.80.20,8414.80.20,Annex A,5,False,,https://ustr.gov/sites/default/files/2018-13248.pdf,,not_yet_modelled
us_301_list1_2018,8422.40.91,8422.40.91,Annex A,5,False,,https://ustr.gov/sites/default/files/2018-13248.pdf,,not_yet_modelled
us_301_list1_2018,8430.61.00,8430.61.00,Annex A,5,False,,https://ustr.gov/sites/default/files/2018-13248.pdf,,not_yet_modelled
us_301_list1_2018,8410.11.00,8410.11.00,Annex A,5,False,,https://ustr.gov/sites/default/files/2018-13248.pdf,,not_yet_modelled
us_301_list1_2018,8414.90.30,8414.90.30,Annex A,5,False,,https://ustr.gov/sites/default/files/2018-13248.pdf,,not_yet_modelled
us_301_list1_2018,8422.90.06,8422.90.06,Annex A,5,False,,https://ustr.gov/sites/default/files/2018-13248.pdf,,not_yet_modelled
us_301_list1_2018,8430.69.01,8430.69.01,Annex A,5,False,,https://ustr.gov/sites/default/files/2018-13248.pdf,,not_yet_modelled
us_301_list1_2018,8410.12.00,8410.12.00,Annex A,5,False,,https://ustr.gov/sites/default/files/2018-13248.pdf,,not_yet_modelled
us_301_list1_2018,8414.90.41,8414.90.41,Annex A,5,False,,https://ustr.gov/sites/default/files/2018-13248.pdf,,not_yet_modelled
us_301_list1_2018,8422.90.91,8422.90.91,Annex A,5,False,,https://ustr.gov/sites/default/files/2018-13248.pdf,,not_yet_modelled
us_301_list1_2018,8431.10.00,8431.10.00,Annex A,5,False,,https://ustr.gov/sites/default/files/2018-13248.pdf,,not_yet_modelled
us_301_list1_2018,8410.13.00,8410.13.00,Annex A,5,False,,https://ustr.gov/sites/default/files/2018-13248.pdf,,not_yet_modelled
us_301_list1_2018,8414.90.90,8414.90.90,Annex A,5,False,,https://ustr.gov/sites/default/files/2018-13248.pdf,,not_yet_modelled
us_301_list1_2018,8423.20.10,8423.20.10,Annex A,5,False,,https://ustr.gov/sites/default/files/2018-13248.pdf,,not_yet_modelled
us_301_list1_2018,8431.20.00,8431.20.00,Annex A,5,False,,https://ustr.gov/sites/default/files/2018-13248.pdf,,not_yet_modelled
us_301_list1_2018,8410.90.00,8410.90.00,Annex A,5,False,,https://ustr.gov/sites/default/files/2018-13248.pdf,,not_yet_modelled
us_301_list1_2018,8416.90.00,8416.90.00,Annex A,5,False,,https://ustr.gov/sites/default/files/2018-13248.pdf,,not_yet_modelled
us_301_list1_2018,8423.20.90,8423.20.90,Annex A,5,False,,https://ustr.gov/sites/default/files/2018-13248.pdf,,not_yet_modelled
us_301_list1_2018,8431.31.00,8431.31.00,Annex A,5,False,,https://ustr.gov/sites/default/files/2018-13248.pdf,,not_yet_modelled
us_301_list1_2018,8411.11.40,8411.11.40,Annex A,5,False,,https://ustr.gov/sites/default/files/2018-13248.pdf,,not_yet_modelled
us_301_list1_2018,8417.10.00,8417.10.00,Annex A,5,False,,https://ustr.gov/sites/default/files/2018-13248.pdf,,not_yet_modelled
us_301_list1_2018,8423.30.00,8423.30.00,Annex A,5,False,,https://ustr.gov/sites/default/files/2018-13248.pdf,,not_yet_modelled
us_301_list1_2018,8431.39.00,8431.39.00,Annex A,5,False,,https://ustr.gov/sites/default/files/2018-13248.pdf,,not_yet_modelled
us_301_list1_2018,8411.11.80,8411.11.80,Annex A,5,False,,https://ustr.gov/sites/default/files/2018-13248.pdf,,not_yet_modelled
us_301_list1_2018,8417.80.00,8417.80.00,Annex A,5,False,,https://ustr.gov/sites/default/files/2018-13248.pdf,,not_yet_modelled
us_301_list1_2018,8423.82.00,8423.82.00,Annex A,5,False,,https://ustr.gov/sites/default/files/2018-13248.pdf,,not_yet_modelled
us_301_list1_2018,8431.41.00,8431.41.00,Annex A,5,False,,https://ustr.gov/sites/default/files/2018-13248.pdf,,not_yet_modelled
us_301_list1_2018,8411.12.40,8411.12.40,Annex A,5,False,,https://ustr.gov/sites/default/files/2018-13248.pdf,,not_yet_modelled
us_301_list1_2018,8417.90.00,8417.90.00,Annex A,5,False,,https://ustr.gov/sites/default/files/2018-13248.pdf,,not_yet_modelled
us_301_list1_2018,8423.89.10,8423.89.10,Annex A,5,False,,https://ustr.gov/sites/default/files/2018-13248.pdf,,not_yet_modelled
us_301_list1_2018,8431.42.00,8431.42.00,Annex A,5,False,,https://ustr.gov/sites/default/files/2018-13248.pdf,,not_yet_modelled
us_301_list1_2018,8411.12.80,8411.12.80,Annex A,5,False,,https://ustr.gov/sites/default/files/2018-13248.pdf,,not_yet_modelled
us_301_list1_2018,8418.69.01,8418.69.01,Annex A,5,False,,https://ustr.gov/sites/default/files/2018-13248.pdf,,not_yet_modelled
us_301_list1_2018,8423.89.90,8423.89.90,Annex A,5,False,,https://ustr.gov/sites/default/files/2018-13248.pdf,,not_yet_modelled
us_301_list1_2018,8431.43.40,8431.43.40,Annex A,5,False,,https://ustr.gov/sites/default/files/2018-13248.pdf,,not_yet_modelled
us_301_list1_2018,8411.21.40,8411.21.40,Annex A,5,False,,https://ustr.gov/sites/default/files/2018-13248.pdf,,not_yet_modelled
us_301_list1_2018,8419.11.00,8419.11.00,Annex A,5,False,,https://ustr.gov/sites/default/files/2018-13248.pdf,,not_yet_modelled
us_301_list1_2018,8423.90.10,8423.90.10,Annex A,5,False,,https://ustr.gov/sites/default/files/2018-13248.pdf,,not_yet_modelled
us_301_list1_2018,8431.43.80,8431.43.80,Annex A,5,False,,https://ustr.gov/sites/default/files/2018-13248.pdf,,not_yet_modelled
us_301_list1_2018,8411.21.80,8411.21.80,Annex A,5,False,,https://ustr.gov/sites/default/files/2018-13248.pdf,,not_yet_modelled
us_301_list1_2018,8419.19.00,8419.19.00,Annex A,5,False,,https://ustr.gov/sites/default/files/2018-13248.pdf,,not_yet_modelled
us_301_list1_2018,8423.90.90,8423.90.90,Annex A,5,False,,https://ustr.gov/sites/default/files/2018-13248.pdf,,not_yet_modelled
us_301_list1_2018,8431.49.10,8431.49.10,Annex A,5,False,,https://ustr.gov/sites/default/files/2018-13248.pdf,,not_yet_modelled
us_301_list1_2018,8411.22.40,8411.22.40,Annex A,5,False,,https://ustr.gov/sites/default/files/2018-13248.pdf,,not_yet_modelled
us_301_list1_2018,8419.31.00,8419.31.00,Annex A,5,False,,https://ustr.gov/sites/default/files/2018-13248.pdf,,not_yet_modelled
us_301_list1_2018,8424.89.10,8424.89.10,Annex A,5,False,,https://ustr.gov/sites/default/files/2018-13248.pdf,,not_yet_modelled
us_301_list1_2018,8431.49.90,8431.49.90,Annex A,5,False,,https://ustr.gov/sites/default/files/2018-13248.pdf,,not_yet_modelled
us_301_list1_2018,8411.22.80,8411.22.80,Annex A,5,False,,https://ustr.gov/sites/default/files/2018-13248.pdf,,not_yet_modelled
us_301_list1_2018,8419.32.10,8419.32.10,Annex A,5,False,,https://ustr.gov/sites/default/files/2018-13248.pdf,,not_yet_modelled
us_301_list1_2018,8424.90.20,8424.90.20,Annex A,5,False,,https://ustr.gov/sites/default/files/2018-13248.pdf,,not_yet_modelled
us_301_list1_2018,8432.10.00,8432.10.00,Annex A,5,False,,https://ustr.gov/sites/default/files/2018-13248.pdf,,not_yet_modelled
us_301_list1_2018,8411.81.40,8411.81.40,Annex A,5,False,,https://ustr.gov/sites/default/files/2018-13248.pdf,,not_yet_modelled
us_301_list1_2018,8419.32.50,8419.32.50,Annex A,5,False,,https://ustr.gov/sites/default/files/2018-13248.pdf,,not_yet_modelled
us_301_list1_2018,8425.11.00,8425.11.00,Annex A,5,False,,https://ustr.gov/sites/default/files/2018-13248.pdf,,not_yet_modelled
us_301_list1_2018,8432.21.00,8432.21.00,Annex A,5,False,,https://ustr.gov/sites/default/files/2018-13248.pdf,,not_yet_modelled
us_301_list1_2018,8411.81.80,8411.81.80,Annex A,5,False,,https://ustr.gov/sites/default/files/2018-13248.pdf,,not_yet_modelled
us_301_list1_2018,8419.39.01,8419.39.01,Annex A,5,False,,https://ustr.gov/sites/default/files/2018-13248.pdf,,not_yet_modelled
us_301_list1_2018,8425.39.01,8425.39.01,Annex A,5,False,,https://ustr.gov/sites/default/files/2018-13248.pdf,,not_yet_modelled
us_301_list1_2018,8432.80.00,8432.80.00,Annex A,5,False,,https://ustr.gov/sites/default/files/2018-13248.pdf,,not_yet_modelled
us_301_list1_2018,8411.82.40,8411.82.40,Annex A,5,False,,https://ustr.gov/sites/default/files/2018-13248.pdf,,not_yet_modelled
us_301_list1_2018,8419.40.00,8419.40.00,Annex A,5,False,,https://ustr.gov/sites/default/files/2018-13248.pdf,,not_yet_modelled
us_301_list1_2018,8426.41.00,8426.41.00,Annex A,5,False,,https://ustr.gov/sites/default/files/2018-13248.pdf,,not_yet_modelled
us_301_list1_2018,8432.90.00,8432.90.00,Annex A,5,False,,https://ustr.gov/sites/default/files/2018-13248.pdf,,not_yet_modelled
us_301_list1_2018,8411.82.80,8411.82.80,Annex A,5,False,,https://ustr.gov/sites/default/files/2018-13248.pdf,,not_yet_modelled
us_301_list1_2018,8419.50.10,8419.50.10,Annex A,5,False,,https://ustr.gov/sites/default/files/2018-13248.pdf,,not_yet_modelled
us_301_list1_2018,8426.49.00,8426.49.00,Annex A,5,False,,https://ustr.gov/sites/default/files/2018-13248.pdf,,not_yet_modelled
us_301_list1_2018,8433.20.00,8433.20.00,Annex A,5,False,,https://ustr.gov/sites/default/files/2018-13248.pdf,,not_yet_modelled
us_301_list1_2018,8411.91.10,8411.91.10,Annex A,5,False,,https://ustr.gov/sites/default/files/2018-13248.pdf,,not_yet_modelled
us_301_list1_2018,8419.50.50,8419.50.50,Annex A,5,False,,https://ustr.gov/sites/default/files/2018-13248.pdf,,not_yet_modelled
us_301_list1_2018,8426.99.00,8426.99.00,Annex A,5,False,,https://ustr.gov/sites/default/files/2018-13248.pdf,,not_yet_modelled
us_301_list1_2018,8433.30.00,8433.30.00,Annex A,5,False,,https://ustr.gov/sites/default/files/2018-13248.pdf,,not_yet_modelled
us_301_list1_2018,8411.91.90,8411.91.90,Annex A,5,False,,https://ustr.gov/sites/default/files/2018-13248.pdf,,not_yet_modelled
us_301_list1_2018,8419.60.50,8419.60.50,Annex A,5,False,,https://ustr.gov/sites/default/files/2018-13248.pdf,,not_yet_modelled
us_301_list1_2018,8427.10.40,8427.10.40,Annex A,5,False,,https://ustr.gov/sites/default/files/2018-13248.pdf,,not_yet_modelled
us_301_list1_2018,8433.40.00,8433.40.00,Annex A,5,False,,https://ustr.gov/sites/default/files/2018-13248.pdf,,not_yet_modelled
us_301_list1_2018,8433.51.00,8433.51.00,Annex A,6,False,,https://ustr.gov/sites/default/files/2018-13248.pdf,,not_yet_modelled
us_301_list1_2018,8454.90.00,8454.90.00,Annex A,6,False,,https://ustr.gov/sites/default/files/2018-13248.pdf,,not_yet_modelled
us_301_list1_2018,8460.40.40,8460.40.40,Annex A,6,False,,https://ustr.gov/sites/default/files/2018-13248.pdf,,not_yet_modelled
us_301_list1_2018,8466.93.96,8466.93.96,Annex A,6,False,,https://ustr.gov/sites/default/files/2018-13248.pdf,,not_yet_modelled
us_301_list1_2018,8433.52.00,8433.52.00,Annex A,6,False,,https://ustr.gov/sites/default/files/2018-13248.pdf,,not_yet_modelled
us_301_list1_2018,8455.10.00,8455.10.00,Annex A,6,False,,https://ustr.gov/sites/default/files/2018-13248.pdf,,not_yet_modelled
us_301_list1_2018,8460.40.80,8460.40.80,Annex A,6,False,,https://ustr.gov/sites/default/files/2018-13248.pdf,,not_yet_modelled
us_301_list1_2018,8466.93.98,8466.93.98,Annex A,6,False,,https://ustr.gov/sites/default/files/2018-13248.pdf,,not_yet_modelled
us_301_list1_2018,8433.53.00,8433.53.00,Annex A,6,False,,https://ustr.gov/sites/default/files/2018-13248.pdf,,not_yet_modelled
us_301_list1_2018,8455.21.00,8455.21.00,Annex A,6,False,,https://ustr.gov/sites/default/files/2018-13248.pdf,,not_yet_modelled
us_301_list1_2018,8460.90.40,8460.90.40,Annex A,6,False,,https://ustr.gov/sites/default/files/2018-13248.pdf,,not_yet_modelled
us_301_list1_2018,8466.94.20,8466.94.20,Annex A,6,False,,https://ustr.gov/sites/default/files/2018-13248.pdf,,not_yet_modelled
us_301_list1_2018,8433.59.00,8433.59.00,Annex A,6,False,,https://ustr.gov/sites/default/files/2018-13248.pdf,,not_yet_modelled
us_301_list1_2018,8455.22.00,8455.22.00,Annex A,6,False,,https://ustr.gov/sites/default/files/2018-13248.pdf,,not_yet_modelled
us_301_list1_2018,8460.90.80,8460.90.80,Annex A,6,False,,https://ustr.gov/sites/default/files/2018-13248.pdf,,not_yet_modelled
us_301_list1_2018,8466.94.40,8466.94.40,Annex A,6,False,,https://ustr.gov/sites/default/files/2018-13248.pdf,,not_yet_modelled
us_301_list1_2018,8433.60.00,8433.60.00,Annex A,6,False,,https://ustr.gov/sites/default/files/2018-13248.pdf,,not_yet_modelled
us_301_list1_2018,8455.30.00,8455.30.00,Annex A,6,False,,https://ustr.gov/sites/default/files/2018-13248.pdf,,not_yet_modelled
us_301_list1_2018,8461.20.40,8461.20.40,Annex A,6,False,,https://ustr.gov/sites/default/files/2018-13248.pdf,,not_yet_modelled
us_301_list1_2018,8466.94.65,8466.94.65,Annex A,6,False,,https://ustr.gov/sites/default/files/2018-13248.pdf,,not_yet_modelled
us_301_list1_2018,8433.90.50,8433.90.50,Annex A,6,False,,https://ustr.gov/sites/default/files/2018-13248.pdf,,not_yet_modelled
us_301_list1_2018,8455.90.80,8455.90.80,Annex A,6,False,,https://ustr.gov/sites/default/files/2018-13248.pdf,,not_yet_modelled
us_301_list1_2018,8461.20.80,8461.20.80,Annex A,6,False,,https://ustr.gov/sites/default/files/2018-13248.pdf,,not_yet_modelled
us_301_list1_2018,8466.94.85,8466.94.85,Annex A,6,False,,https://ustr.gov/sites/default/files/2018-13248.pdf,,not_yet_modelled
us_301_list1_2018,8434.20.00,8434.20.00,Annex A,6,False,,https://ustr.gov/sites/default/files/2018-13248.pdf,,not_yet_modelled
us_301_list1_2018,8456.11.10,8456.11.10,Annex A,6,False,,https://ustr.gov/sites/default/files/2018-13248.pdf,,not_yet_modelled
us_301_list1_2018,8461.30.40,8461.30.40,Annex A,6,False,,https://ustr.gov/sites/default/files/2018-13248.pdf,,not_yet_modelled
us_301_list1_2018,8467.11.10,8467.11.10,Annex A,6,False,,https://ustr.gov/sites/default/files/2018-13248.pdf,,not_yet_modelled
us_301_list1_2018,8434.90.00,8434.90.00,Annex A,6,False,,https://ustr.gov/sites/default/files/2018-13248.pdf,,not_yet_modelled
us_301_list1_2018,8456.11.70,8456.11.70,Annex A,6,False,,https://ustr.gov/sites/default/files/2018-13248.pdf,,not_yet_modelled
us_301_list1_2018,8461.30.80,8461.30.80,Annex A,6,False,,https://ustr.gov/sites/default/files/2018-13248.pdf,,not_yet_modelled
us_301_list1_2018,8467.11.50,8467.11.50,Annex A,6,False,,https://ustr.gov/sites/default/files/2018-13248.pdf,,not_yet_modelled
us_301_list1_2018,8436.10.00,8436.10.00,Annex A,6,False,,https://ustr.gov/sites/default/files/2018-13248.pdf,,not_yet_modelled
us_301_list1_2018,8456.11.90,8456.11.90,Annex A,6,False,,https://ustr.gov/sites/default/files/2018-13248.pdf,,not_yet_modelled
us_301_list1_2018,8461.40.10,8461.40.10,Annex A,6,False,,https://ustr.gov/sites/default/files/2018-13248.pdf,,not_yet_modelled
us_301_list1_2018,8468.20.50,8468.20.50,Annex A,6,False,,https://ustr.gov/sites/default/files/2018-13248.pdf,,not_yet_modelled
us_301_list1_2018,8436.21.00,8436.21.00,Annex A,6,False,,https://ustr.gov/sites/default/files/2018-13248.pdf,,not_yet_modelled
us_301_list1_2018,8456.12.10,8456.12.10,Annex A,6,False,,https://ustr.gov/sites/default/files/2018-13248.pdf,,not_yet_modelled
us_301_list1_2018,8461.40.50,8461.40.50,Annex A,6,False,,https://ustr.gov/sites/default/files/2018-13248.pdf,,not_yet_modelled
us_301_list1_2018,8468.80.50,8468.80.50,Annex A,6,False,,https://ustr.gov/sites/default/files/2018-13248.pdf,,not_yet_modelled
us_301_list1_2018,8436.29.00,8436.29.00,Annex A,6,False,,https://ustr.gov/sites/default/files/2018-13248.pdf,,not_yet_modelled
us_301_list1_2018,8456.12.70,8456.12.70,Annex A,6,False,,https://ustr.gov/sites/default/files/2018-13248.pdf,,not_yet_modelled
us_301_list1_2018,8461.50.40,8461.50.40,Annex A,6,False,,https://ustr.gov/sites/default/files/2018-13248.pdf,,not_yet_modelled
us_301_list1_2018,8471.70.30,8471.70.30,Annex A,6,False,,https://ustr.gov/sites/default/files/2018-13248.pdf,,not_yet_modelled
us_301_list1_2018,8436.80.00,8436.80.00,Annex A,6,False,,https://ustr.gov/sites/default/files/2018-13248.pdf,,not_yet_modelled
us_301_list1_2018,8456.12.90,8456.12.90,Annex A,6,False,,https://ustr.gov/sites/default/files/2018-13248.pdf,,not_yet_modelled
us_301_list1_2018,8461.90.30,8461.90.30,Annex A,6,False,,https://ustr.gov/sites/default/files/2018-13248.pdf,,not_yet_modelled
us_301_list1_2018,8471.70.40,8471.70.40,Annex A,6,False,,https://ustr.gov/sites/default/files/2018-13248.pdf,,not_yet_modelled
us_301_list1_2018,8436.91.00,8436.91.00,Annex A,6,False,,https://ustr.gov/sites/default/files/2018-13248.pdf,,not_yet_modelled
us_301_list1_2018,8456.20.10,8456.20.10,Annex A,6,False,,https://ustr.gov/sites/default/files/2018-13248.pdf,,not_yet_modelled
us_301_list1_2018,8461.90.60,8461.90.60,Annex A,6,False,,https://ustr.gov/sites/default/files/2018-13248.pdf,,not_yet_modelled
us_301_list1_2018,8471.70.60,8471.70.60,Annex A,6,False,,https://ustr.gov/sites/default/files/2018-13248.pdf,,not_yet_modelled
us_301_list1_2018,8436.99.00,8436.99.00,Annex A,6,False,,https://ustr.gov/sites/default/files/2018-13248.pdf,,not_yet_modelled
us_301_list1_2018,8456.20.50,8456.20.50,Annex A,6,False,,https://ustr.gov/sites/default/files/2018-13248.pdf,,not_yet_modelled
us_301_list1_2018,8462.10.00,8462.10.00,Annex A,6,False,,https://ustr.gov/sites/default/files/2018-13248.pdf,,not_yet_modelled
us_301_list1_2018,8471.70.90,8471.70.90,Annex A,6,False,,https://ustr.gov/sites/default/files/2018-13248.pdf,,not_yet_modelled
us_301_list1_2018,8437.10.00,8437.10.00,Annex A,6,False,,https://ustr.gov/sites/default/files/2018-13248.pdf,,not_yet_modelled
us_301_list1_2018,8456.30.10,8456.30.10,Annex A,6,False,,https://ustr.gov/sites/default/files/2018-13248.pdf,,not_yet_modelled
us_301_list1_2018,8462.21.00,8462.21.00,Annex A,6,False,,https://ustr.gov/sites/default/files/2018-13248.pdf,,not_yet_modelled
us_301_list1_2018,8473.30.20,8473.30.20,Annex A,6,False,,https://ustr.gov/sites/default/files/2018-13248.pdf,,not_yet_modelled
us_301_list1_2018,8437.80.00,8437.80.00,Annex A,6,False,,https://ustr.gov/sites/default/files/2018-13248.pdf,,not_yet_modelled
us_301_list1_2018,8456.30.50,8456.30.50,Annex A,6,False,,https://ustr.gov/sites/default/files/2018-13248.pdf,,not_yet_modelled
us_301_list1_2018,8462.29.00,8462.29.00,Annex A,6,False,,https://ustr.gov/sites/default/files/2018-13248.pdf,,not_yet_modelled
us_301_list1_2018,8473.40.10,8473.40.10,Annex A,6,False,,https://ustr.gov/sites/default/files/2018-13248.pdf,,not_yet_modelled
us_301_list1_2018,8437.90.00,8437.90.00,Annex A,6,False,,https://ustr.gov/sites/default/files/2018-13248.pdf,,not_yet_modelled
us_301_list1_2018,8456.40.10,8456.40.10,Annex A,6,False,,https://ustr.gov/sites/default/files/2018-13248.pdf,,not_yet_modelled
us_301_list1_2018,8462.31.00,8462.31.00,Annex A,6,False,,https://ustr.gov/sites/default/files/2018-13248.pdf,,not_yet_modelled
us_301_list1_2018,8473.40.86,8473.40.86,Annex A,6,False,,https://ustr.gov/sites/default/files/2018-13248.pdf,,not_yet_modelled
us_301_list1_2018,8438.50.00,8438.50.00,Annex A,6,False,,https://ustr.gov/sites/default/files/2018-13248.pdf,,not_yet_modelled
us_301_list1_2018,8456.40.90,8456.40.90,Annex A,6,False,,https://ustr.gov/sites/default/files/2018-13248.pdf,,not_yet_modelled
us_301_list1_2018,8462.39.00,8462.39.00,Annex A,6,False,,https://ustr.gov/sites/default/files/2018-13248.pdf,,not_yet_modelled
us_301_list1_2018,8473.50.30,8473.50.30,Annex A,6,False,,https://ustr.gov/sites/default/files/2018-13248.pdf,,not_yet_modelled
us_301_list1_2018,8438.60.00,8438.60.00,Annex A,6,False,,https://ustr.gov/sites/default/files/2018-13248.pdf,,not_yet_modelled
us_301_list1_2018,8456.50.00,8456.50.00,Annex A,6,False,,https://ustr.gov/sites/default/files/2018-13248.pdf,,not_yet_modelled
us_301_list1_2018,8462.41.00,8462.41.00,Annex A,6,False,,https://ustr.gov/sites/default/files/2018-13248.pdf,,not_yet_modelled
us_301_list1_2018,8474.10.00,8474.10.00,Annex A,6,False,,https://ustr.gov/sites/default/files/2018-13248.pdf,,not_yet_modelled
us_301_list1_2018,8438.80.00,8438.80.00,Annex A,6,False,,https://ustr.gov/sites/default/files/2018-13248.pdf,,not_yet_modelled
us_301_list1_2018,8456.90.31,8456.90.31,Annex A,6,False,,https://ustr.gov/sites/default/files/2018-13248.pdf,,not_yet_modelled
us_301_list1_2018,8462.49.00,8462.49.00,Annex A,6,False,,https://ustr.gov/sites/default/files/2018-13248.pdf,,not_yet_modelled
us_301_list1_2018,8474.20.00,8474.20.00,Annex A,6,False,,https://ustr.gov/sites/default/files/2018-13248.pdf,,not_yet_modelled
us_301_list1_2018,8438.90.90,8438.90.90,Annex A,6,False,,https://ustr.gov/sites/default/files/2018-13248.pdf,,not_yet_modelled
us_301_list1_2018,8456.90.71,8456.90.71,Annex A,6,False,,https://ustr.gov/sites/default/files/2018-13248.pdf,,not_yet_modelled
us_301_list1_2018,8462.91.40,8462.91.40,Annex A,6,False,,https://ustr.gov/sites/default/files/2018-13248.pdf,,not_yet_modelled
us_301_list1_2018,8474.31.00,8474.31.00,Annex A,6,False,,https://ustr.gov/sites/default/files/2018-13248.pdf,,not_yet_modelled
us_301_list1_2018,8439.10.00,8439.10.00,Annex A,6,False,,https://ustr.gov/sites/default/files/2018-13248.pdf,,not_yet_modelled
us_301_list1_2018,8457.10.00,8457.10.00,Annex A,6,False,,https://ustr.gov/sites/default/files/2018-13248.pdf,,not_yet_modelled
us_301_list1_2018,8462.91.80,8462.91.80,Annex A,6,False,,https://ustr.gov/sites/default/files/2018-13248.pdf,,not_yet_modelled
us_301_list1_2018,8474.32.00,8474.32.00,Annex A,6,False,,https://ustr.gov/sites/default/files/2018-13248.pdf,,not_yet_modelled
us_301_list1_2018,8439.20.00,8439.20.00,Annex A,6,False,,https://ustr.gov/sites/default/files/2018-13248.pdf,,not_yet_modelled
us_301_list1_2018,8457.20.00,8457.20.00,Annex A,6,False,,https://ustr.gov/sites/default/files/2018-13248.pdf,,not_yet_modelled
us_301_list1_2018,8462.99.40,8462.99.40,Annex A,6,False,,https://ustr.gov/sites/default/files/2018-13248.pdf,,not_yet_modelled
us_301_list1_2018,8474.39.00,8474.39.00,Annex A,6,False,,https://ustr.gov/sites/default/files/2018-13248.pdf,,not_yet_modelled
us_301_list1_2018,8439.30.00,8439.30.00,Annex A,6,False,,https://ustr.gov/sites/default/files/2018-13248.pdf,,not_yet_modelled
us_301_list1_2018,8457.30.00,8457.30.00,Annex A,6,False,,https://ustr.gov/sites/default/files/2018-13248.pdf,,not_yet_modelled
us_301_list1_2018,8462.99.80,8462.99.80,Annex A,6,False,,https://ustr.gov/sites/default/files/2018-13248.pdf,,not_yet_modelled
us_301_list1_2018,8474.80.00,8474.80.00,Annex A,6,False,,https://ustr.gov/sites/default/files/2018-13248.pdf,,not_yet_modelled
us_301_list1_2018,8439.91.10,8439.91.10,Annex A,6,False,,https://ustr.gov/sites/default/files/2018-13248.pdf,,not_yet_modelled
us_301_list1_2018,8458.11.00,8458.11.00,Annex A,6,False,,https://ustr.gov/sites/default/files/2018-13248.pdf,,not_yet_modelled
us_301_list1_2018,8463.10.00,8463.10.00,Annex A,6,False,,https://ustr.gov/sites/default/files/2018-13248.pdf,,not_yet_modelled
us_301_list1_2018,8474.90.00,8474.90.00,Annex A,6,False,,https://ustr.gov/sites/default/files/2018-13248.pdf,,not_yet_modelled
us_301_list1_2018,8439.91.90,8439.91.90,Annex A,6,False,,https://ustr.gov/sites/default/files/2018-13248.pdf,,not_yet_modelled
us_301_list1_2018,8458.19.00,8458.19.00,Annex A,6,False,,https://ustr.gov/sites/default/files/2018-13248.pdf,,not_yet_modelled
us_301_list1_2018,8463.20.00,8463.20.00,Annex A,6,False,,https://ustr.gov/sites/default/files/2018-13248.pdf,,not_yet_modelled
us_301_list1_2018,8475.10.00,8475.10.00,Annex A,6,False,,https://ustr.gov/sites/default/files/2018-13248.pdf,,not_yet_modelled
us_301_list1_2018,8439.99.10,8439.99.10,Annex A,6,False,,https://ustr.gov/sites/default/files/2018-13248.pdf,,not_yet_modelled
us_301_list1_2018,8458.91.10,8458.91.10,Annex A,6,False,,https://ustr.gov/sites/default/files/2018-13248.pdf,,not_yet_modelled
us_301_list1_2018,8463.30.00,8463.30.00,Annex A,6,False,,https://ustr.gov/sites/default/files/2018-13248.pdf,,not_yet_modelled
us_301_list1_2018,8475.21.00,8475.21.00,Annex A,6,False,,https://ustr.gov/sites/default/files/2018-13248.pdf,,not_yet_modelled
us_301_list1_2018,8439.99.50,8439.99.50,Annex A,6,False,,https://ustr.gov/sites/default/files/2018-13248.pdf,,not_yet_modelled
us_301_list1_2018,8458.91.50,8458.91.50,Annex A,6,False,,https://ustr.gov/sites/default/files/2018-13248.pdf,,not_yet_modelled
us_301_list1_2018,8463.90.00,8463.90.00,Annex A,6,False,,https://ustr.gov/sites/default/files/2018-13248.pdf,,not_yet_modelled
us_301_list1_2018,8475.90.10,8475.90.10,Annex A,6,False,,https://ustr.gov/sites/default/files/2018-13248.pdf,,not_yet_modelled
us_301_list1_2018,8441.20.00,8441.20.00,Annex A,6,False,,https://ustr.gov/sites/default/files/2018-13248.pdf,,not_yet_modelled
us_301_list1_2018,8458.99.10,8458.99.10,Annex A,6,False,,https://ustr.gov/sites/default/files/2018-13248.pdf,,not_yet_modelled
us_301_list1_2018,8464.20.01,8464.20.01,Annex A,6,False,,https://ustr.gov/sites/default/files/2018-13248.pdf,,not_yet_modelled
us_301_list1_2018,8475.90.90,8475.90.90,Annex A,6,False,,https://ustr.gov/sites/default/files/2018-13248.pdf,,not_yet_modelled
us_301_list1_2018,8441.30.00,8441.30.00,Annex A,6,False,,https://ustr.gov/sites/default/files/2018-13248.pdf,,not_yet_modelled
us_301_list1_2018,8458.99.50,8458.99.50,Annex A,6,False,,https://ustr.gov/sites/default/files/2018-13248.pdf,,not_yet_modelled
us_301_list1_2018,8464.90.01,8464.90.01,Annex A,6,False,,https://ustr.gov/sites/default/files/2018-13248.pdf,,not_yet_modelled
us_301_list1_2018,8477.10.30,8477.10.30,Annex A,6,False,,https://ustr.gov/sites/default/files/2018-13248.pdf,,not_yet_modelled
us_301_list1_2018,8441.40.00,8441.40.00,Annex A,6,False,,https://ustr.gov/sites/default/files/2018-13248.pdf,,not_yet_modelled
us_301_list1_2018,8459.10.00,8459.10.00,Annex A,6,False,,https://ustr.gov/sites/default/files/2018-13248.pdf,,not_yet_modelled
us_301_list1_2018,8465.10.00,8465.10.00,Annex A,6,False,,https://ustr.gov/sites/default/files/2018-13248.pdf,,not_yet_modelled
us_301_list1_2018,8477.10.40,8477.10.40,Annex A,6,False,,https://ustr.gov/sites/default/files/2018-13248.pdf,,not_yet_modelled
us_301_list1_2018,8441.80.00,8441.80.00,Annex A,6,False,,https://ustr.gov/sites/default/files/2018-13248.pdf,,not_yet_modelled
us_301_list1_2018,8459.21.00,8459.21.00,Annex A,6,False,,https://ustr.gov/sites/default/files/2018-13248.pdf,,not_yet_modelled
us_301_list1_2018,8465.92.00,8465.92.00,Annex A,6,False,,https://ustr.gov/sites/default/files/2018-13248.pdf,,not_yet_modelled
us_301_list1_2018,8477.10.90,8477.10.90,Annex A,6,False,,https://ustr.gov/sites/default/files/2018-13248.pdf,,not_yet_modelled
us_301_list1_2018,8441.90.00,8441.90.00,Annex A,6,False,,https://ustr.gov/sites/default/files/2018-13248.pdf,,not_yet_modelled
us_301_list1_2018,8459.31.00,8459.31.00,Annex A,6,False,,https://ustr.gov/sites/default/files/2018-13248.pdf,,not_yet_modelled
us_301_list1_2018,8465.93.00,8465.93.00,Annex A,6,False,,https://ustr.gov/sites/default/files/2018-13248.pdf,,not_yet_modelled
us_301_list1_2018,8477.20.00,8477.20.00,Annex A,6,False,,https://ustr.gov/sites/default/files/2018-13248.pdf,,not_yet_modelled
us_301_list1_2018,8442.30.01,8442.30.01,Annex A,6,False,,https://ustr.gov/sites/default/files/2018-13248.pdf,,not_yet_modelled
us_301_list1_2018,8459.39.00,8459.39.00,Annex A,6,False,,https://ustr.gov/sites/default/files/2018-13248.pdf,,not_yet_modelled
us_301_list1_2018,8465.94.00,8465.94.00,Annex A,6,False,,https://ustr.gov/sites/default/files/2018-13248.pdf,,not_yet_modelled
us_301_list1_2018,8477.30.00,8477.30.00,Annex A,6,False,,https://ustr.gov/sites/default/files/2018-13248.pdf,,not_yet_modelled
us_301_list1_2018,8442.40.00,8442.40.00,Annex A,6,False,,https://ustr.gov/sites/default/files/2018-13248.pdf,,not_yet_modelled
us_301_list1_2018,8459.41.00,8459.41.00,Annex A,6,False,,https://ustr.gov/sites/default/files/2018-13248.pdf,,not_yet_modelled
us_301_list1_2018,8465.99.02,8465.99.02,Annex A,6,False,,https://ustr.gov/sites/default/files/2018-13248.pdf,,not_yet_modelled
us_301_list1_2018,8477.40.01,8477.40.01,Annex A,6,False,,https://ustr.gov/sites/default/files/2018-13248.pdf,,not_yet_modelled
us_301_list1_2018,8443.11.10,8443.11.10,Annex A,6,False,,https://ustr.gov/sites/default/files/2018-13248.pdf,,not_yet_modelled
us_301_list1_2018,8459.49.00,8459.49.00,Annex A,6,False,,https://ustr.gov/sites/default/files/2018-13248.pdf,,not_yet_modelled
us_301_list1_2018,8466.10.01,8466.10.01,Annex A,6,False,,https://ustr.gov/sites/default/files/2018-13248.pdf,,not_yet_modelled
us_301_list1_2018,8477.51.00,8477.51.00,Annex A,6,False,,https://ustr.gov/sites/default/files/2018-13248.pdf,,not_yet_modelled
us_301_list1_2018,8443.11.50,8443.11.50,Annex A,6,False,,https://ustr.gov/sites/default/files/2018-13248.pdf,,not_yet_modelled
us_301_list1_2018,8459.51.00,8459.51.00,Annex A,6,False,,https://ustr.gov/sites/default/files/2018-13248.pdf,,not_yet_modelled
us_301_list1_2018,8466.20.10,8466.20.10,Annex A,6,False,,https://ustr.gov/sites/default/files/2018-13248.pdf,,not_yet_modelled
us_301_list1_2018,8477.80.00,8477.80.00,Annex A,6,False,,https://ustr.gov/sites/default/files/2018-13248.pdf,,not_yet_modelled
us_301_list1_2018,8443.12.00,8443.12.00,Annex A,6,False,,https://ustr.gov/sites/default/files/2018-13248.pdf,,not_yet_modelled
us_301_list1_2018,8459.61.00,8459.61.00,Annex A,6,False,,https://ustr.gov/sites/default/files/2018-13248.pdf,,not_yet_modelled
us_301_list1_2018,8466.20.80,8466.20.80,Annex A,6,False,,https://ustr.gov/sites/default/files/2018-13248.pdf,,not_yet_modelled
us_301_list1_2018,8477.90.25,8477.90.25,Annex A,6,False,,https://ustr.gov/sites/default/files/2018-13248.pdf,,not_yet_modelled
us_301_list1_2018,8443.13.00,8443.13.00,Annex A,6,False,,https://ustr.gov/sites/default/files/2018-13248.pdf,,not_yet_modelled
us_301_list1_2018,8459.69.00,8459.69.00,Annex A,6,False,,https://ustr.gov/sites/default/files/2018-13248.pdf,,not_yet_modelled
us_301_list1_2018,8466.30.10,8466.30.10,Annex A,6,False,,https://ustr.gov/sites/default/files/2018-13248.pdf,,not_yet_modelled
us_301_list1_2018,8477.90.45,8477.90.45,Annex A,6,False,,https://ustr.gov/sites/default/files/2018-13248.pdf,,not_yet_modelled
us_301_list1_2018,8443.14.00,8443.14.00,Annex A,6,False,,https://ustr.gov/sites/default/files/2018-13248.pdf,,not_yet_modelled
us_301_list1_2018,8459.70.40,8459.70.40,Annex A,6,False,,https://ustr.gov/sites/default/files/2018-13248.pdf,,not_yet_modelled
us_301_list1_2018,8466.30.60,8466.30.60,Annex A,6,False,,https://ustr.gov/sites/default/files/2018-13248.pdf,,not_yet_modelled
us_301_list1_2018,8477.90.65,8477.90.65,Annex A,6,False,,https://ustr.gov/sites/default/files/2018-13248.pdf,,not_yet_modelled
us_301_list1_2018,8443.17.00,8443.17.00,Annex A,6,False,,https://ustr.gov/sites/default/files/2018-13248.pdf,,not_yet_modelled
us_301_list1_2018,8459.70.80,8459.70.80,Annex A,6,False,,https://ustr.gov/sites/default/files/2018-13248.pdf,,not_yet_modelled
us_301_list1_2018,8466.91.50,8466.91.50,Annex A,6,False,,https://ustr.gov/sites/default/files/2018-13248.pdf,,not_yet_modelled
us_301_list1_2018,8477.90.85,8477.90.85,Annex A,6,False,,https://ustr.gov/sites/default/files/2018-13248.pdf,,not_yet_modelled
us_301_list1_2018,8443.19.30,8443.19.30,Annex A,6,False,,https://ustr.gov/sites/default/files/2018-13248.pdf,,not_yet_modelled
us_301_list1_2018,8460.12.00,8460.12.00,Annex A,6,False,,https://ustr.gov/sites/default/files/2018-13248.pdf,,not_yet_modelled
us_301_list1_2018,8466.92.10,8466.92.10,Annex A,6,False,,https://ustr.gov/sites/default/files/2018-13248.pdf,,not_yet_modelled
us_301_list1_2018,8479.10.00,8479.10.00,Annex A,6,False,,https://ustr.gov/sites/default/files/2018-13248.pdf,,not_yet_modelled
us_301_list1_2018,8443.91.10,8443.91.10,Annex A,6,False,,https://ustr.gov/sites/default/files/2018-13248.pdf,,not_yet_modelled
us_301_list1_2018,8460.19.01,8460.19.01,Annex A,6,False,,https://ustr.gov/sites/default/files/2018-13248.pdf,,not_yet_modelled
us_301_list1_2018,8466.92.50,8466.92.50,Annex A,6,False,,https://ustr.gov/sites/default/files/2018-13248.pdf,,not_yet_modelled
us_301_list1_2018,8479.20.00,8479.20.00,Annex A,6,False,,https://ustr.gov/sites/default/files/2018-13248.pdf,,not_yet_modelled
us_301_list1_2018,8443.99.20,8443.99.20,Annex A,6,False,,https://ustr.gov/sites/default/files/2018-13248.pdf,,not_yet_modelled
us_301_list1_2018,8460.22.00,8460.22.00,Annex A,6,False,,https://ustr.gov/sites/default/files/2018-13248.pdf,,not_yet_modelled
us_301_list1_2018,8466.93.11,8466.93.11,Annex A,6,False,,https://ustr.gov/sites/default/files/2018-13248.pdf,,not_yet_modelled
us_301_list1_2018,8479.30.00,8479.30.00,Annex A,6,False,,https://ustr.gov/sites/default/files/2018-13248.pdf,,not_yet_modelled
us_301_list1_2018,8443.99.45,8443.99.45,Annex A,6,False,,https://ustr.gov/sites/default/files/2018-13248.pdf,,not_yet_modelled
us_301_list1_2018,8460.23.00,8460.23.00,Annex A,6,False,,https://ustr.gov/sites/default/files/2018-13248.pdf,,not_yet_modelled
us_301_list1_2018,8466.93.30,8466.93.30,Annex A,6,False,,https://ustr.gov/sites/default/files/2018-13248.pdf,,not_yet_modelled
us_301_list1_2018,8479.40.00,8479.40.00,Annex A,6,False,,https://ustr.gov/sites/default/files/2018-13248.pdf,,not_yet_modelled
us_301_list1_2018,8444.00.00,8444.00.00,Annex A,6,False,,https://ustr.gov/sites/default/files/2018-13248.pdf,,not_yet_modelled
us_301_list1_2018,8460.24.00,8460.24.00,Annex A,6,False,,https://ustr.gov/sites/default/files/2018-13248.pdf,,not_yet_modelled
us_301_list1_2018,8466.93.53,8466.93.53,Annex A,6,False,,https://ustr.gov/sites/default/files/2018-13248.pdf,,not_yet_modelled
us_301_list1_2018,8479.50.00,8479.50.00,Annex A,6,False,,https://ustr.gov/sites/default/files/2018-13248.pdf,,not_yet_modelled
us_301_list1_2018,8454.10.00,8454.10.00,Annex A,6,False,,https://ustr.gov/sites/default/files/2018-13248.pdf,,not_yet_modelled
us_301_list1_2018,8460.29.01,8460.29.01,Annex A,6,False,,https://ustr.gov/sites/default/files/2018-13248.pdf,,not_yet_modelled
us_301_list1_2018,8466.93.60,8466.93.60,Annex A,6,False,,https://ustr.gov/sites/default/files/2018-13248.pdf,,not_yet_modelled
us_301_list1_2018,8479.81.00,8479.81.00,Annex A,6,False,,https://ustr.gov/sites/default/files/2018-13248.pdf,,not_yet_modelled
us_301_list1_2018,8454.30.00,8454.30.00,Annex A,6,False,,https://ustr.gov/sites/default/files/2018-13248.pdf,,not_yet_modelled
us_301_list1_2018,8460.31.00,8460.31.00,Annex A,6,False,,https://ustr.gov/sites/default/files/2018-13248.pdf,,not_yet_modelled
us_301_list1_2018,8466.93.75,8466.93.75,Annex A,6,False,,https://ustr.gov/sites/default/files/2018-13248.pdf,,not_yet_modelled
us_301_list1_2018,8479.82.00,8479.82.00,Annex A,6,False,,https://ustr.gov/sites/default/files/2018-13248.pdf,,not_yet_modelled
us_301_list1_2018,8479.89.83,8479.89.83,Annex A,7,False,,https://ustr.gov/sites/default/files/2018-13248.pdf,,not_yet_modelled
us_301_list1_2018,8501.10.40,8501.10.40,Annex A,7,False,,https://ustr.gov/sites/default/files/2018-13248.pdf,,not_yet_modelled
us_301_list1_2018,8505.90.30,8505.90.30,Annex A,7,False,,https://ustr.gov/sites/default/files/2018-13248.pdf,,not_yet_modelled
us_301_list1_2018,8529.90.68,8529.90.68,Annex A,7,False,,https://ustr.gov/sites/default/files/2018-13248.pdf,,not_yet_modelled
us_301_list1_2018,8479.89.92,8479.89.92,Annex A,7,False,,https://ustr.gov/sites/default/files/2018-13248.pdf,,not_yet_modelled
us_301_list1_2018,8501.20.20,8501.20.20,Annex A,7,False,,https://ustr.gov/sites/default/files/2018-13248.pdf,,not_yet_modelled
us_301_list1_2018,8505.90.40,8505.90.40,Annex A,7,False,,https://ustr.gov/sites/default/files/2018-13248.pdf,,not_yet_modelled
us_301_list1_2018,8529.90.73,8529.90.73,Annex A,7,False,,https://ustr.gov/sites/default/files/2018-13248.pdf,,not_yet_modelled
us_301_list1_2018,8479.90.94,8479.90.94,Annex A,7,False,,https://ustr.gov/sites/default/files/2018-13248.pdf,,not_yet_modelled
us_301_list1_2018,8501.20.50,8501.20.50,Annex A,7,False,,https://ustr.gov/sites/default/files/2018-13248.pdf,,not_yet_modelled
us_301_list1_2018,8505.90.70,8505.90.70,Annex A,7,False,,https://ustr.gov/sites/default/files/2018-13248.pdf,,not_yet_modelled
us_301_list1_2018,8529.90.78,8529.90.78,Annex A,7,False,,https://ustr.gov/sites/default/files/2018-13248.pdf,,not_yet_modelled
us_301_list1_2018,8480.20.00,8480.20.00,Annex A,7,False,,https://ustr.gov/sites/default/files/2018-13248.pdf,,not_yet_modelled
us_301_list1_2018,8501.20.60,8501.20.60,Annex A,7,False,,https://ustr.gov/sites/default/files/2018-13248.pdf,,not_yet_modelled
us_301_list1_2018,8505.90.75,8505.90.75,Annex A,7,False,,https://ustr.gov/sites/default/files/2018-13248.pdf,,not_yet_modelled
us_301_list1_2018,8529.90.81,8529.90.81,Annex A,7,False,,https://ustr.gov/sites/default/files/2018-13248.pdf,,not_yet_modelled
us_301_list1_2018,8480.30.00,8480.30.00,Annex A,7,False,,https://ustr.gov/sites/default/files/2018-13248.pdf,,not_yet_modelled
us_301_list1_2018,8501.31.20,8501.31.20,Annex A,7,False,,https://ustr.gov/sites/default/files/2018-13248.pdf,,not_yet_modelled
us_301_list1_2018,8506.40.10,8506.40.10,Annex A,7,False,,https://ustr.gov/sites/default/files/2018-13248.pdf,,not_yet_modelled
us_301_list1_2018,8529.90.83,8529.90.83,Annex A,7,False,,https://ustr.gov/sites/default/files/2018-13248.pdf,,not_yet_modelled
us_301_list1_2018,8480.41.00,8480.41.00,Annex A,7,False,,https://ustr.gov/sites/default/files/2018-13248.pdf,,not_yet_modelled
us_301_list1_2018,8501.31.50,8501.31.50,Annex A,7,False,,https://ustr.gov/sites/default/files/2018-13248.pdf,,not_yet_modelled
us_301_list1_2018,8506.40.50,8506.40.50,Annex A,7,False,,https://ustr.gov/sites/default/files/2018-13248.pdf,,not_yet_modelled
us_301_list1_2018,8529.90.89,8529.90.89,Annex A,7,False,,https://ustr.gov/sites/default/files/2018-13248.pdf,,not_yet_modelled
us_301_list1_2018,8480.49.00,8480.49.00,Annex A,7,False,,https://ustr.gov/sites/default/files/2018-13248.pdf,,not_yet_modelled
us_301_list1_2018,8501.31.60,8501.31.60,Annex A,7,False,,https://ustr.gov/sites/default/files/2018-13248.pdf,,not_yet_modelled
us_301_list1_2018,8506.50.00,8506.50.00,Annex A,7,False,,https://ustr.gov/sites/default/files/2018-13248.pdf,,not_yet_modelled
us_301_list1_2018,8529.90.93,8529.90.93,Annex A,7,False,,https://ustr.gov/sites/default/files/2018-13248.pdf,,not_yet_modelled
us_301_list1_2018,8480.50.00,8480.50.00,Annex A,7,False,,https://ustr.gov/sites/default/files/2018-13248.pdf,,not_yet_modelled
us_301_list1_2018,8501.32.45,8501.32.45,Annex A,7,False,,https://ustr.gov/sites/default/files/2018-13248.pdf,,not_yet_modelled
us_301_list1_2018,8506.60.00,8506.60.00,Annex A,7,False,,https://ustr.gov/sites/default/files/2018-13248.pdf,,not_yet_modelled
us_301_list1_2018,8529.90.95,8529.90.95,Annex A,7,False,,https://ustr.gov/sites/default/files/2018-13248.pdf,,not_yet_modelled
us_301_list1_2018,8480.71.10,8480.71.10,Annex A,7,False,,https://ustr.gov/sites/default/files/2018-13248.pdf,,not_yet_modelled
us_301_list1_2018,8501.32.55,8501.32.55,Annex A,7,False,,https://ustr.gov/sites/default/files/2018-13248.pdf,,not_yet_modelled
us_301_list1_2018,8506.90.00,8506.90.00,Annex A,7,False,,https://ustr.gov/sites/default/files/2018-13248.pdf,,not_yet_modelled
us_301_list1_2018,8529.90.97,8529.90.97,Annex A,7,False,,https://ustr.gov/sites/default/files/2018-13248.pdf,,not_yet_modelled
us_301_list1_2018,8480.71.40,8480.71.40,Annex A,7,False,,https://ustr.gov/sites/default/files/2018-13248.pdf,,not_yet_modelled
us_301_list1_2018,8501.33.40,8501.33.40,Annex A,7,False,,https://ustr.gov/sites/default/files/2018-13248.pdf,,not_yet_modelled
us_301_list1_2018,8507.90.80,8507.90.80,Annex A,7,False,,https://ustr.gov/sites/default/files/2018-13248.pdf,,not_yet_modelled
us_301_list1_2018,8529.90.99,8529.90.99,Annex A,7,False,,https://ustr.gov/sites/default/files/2018-13248.pdf,,not_yet_modelled
us_301_list1_2018,8480.71.80,8480.71.80,Annex A,7,False,,https://ustr.gov/sites/default/files/2018-13248.pdf,,not_yet_modelled
us_301_list1_2018,8501.33.60,8501.33.60,Annex A,7,False,,https://ustr.gov/sites/default/files/2018-13248.pdf,,not_yet_modelled
us_301_list1_2018,8514.10.00,8514.10.00,Annex A,7,False,,https://ustr.gov/sites/default/files/2018-13248.pdf,,not_yet_modelled
us_301_list1_2018,8530.10.00,8530.10.00,Annex A,7,False,,https://ustr.gov/sites/default/files/2018-13248.pdf,,not_yet_modelled
us_301_list1_2018,8481.10.00,8481.10.00,Annex A,7,False,,https://ustr.gov/sites/default/files/2018-13248.pdf,,not_yet_modelled
us_301_list1_2018,8501.34.30,8501.34.30,Annex A,7,False,,https://ustr.gov/sites/default/files/2018-13248.pdf,,not_yet_modelled
us_301_list1_2018,8514.20.60,8514.20.60,Annex A,7,False,,https://ustr.gov/sites/default/files/2018-13248.pdf,,not_yet_modelled
us_301_list1_2018,8530.80.00,8530.80.00,Annex A,7,False,,https://ustr.gov/sites/default/files/2018-13248.pdf,,not_yet_modelled
us_301_list1_2018,8481.20.00,8481.20.00,Annex A,7,False,,https://ustr.gov/sites/default/files/2018-13248.pdf,,not_yet_modelled
us_301_list1_2018,8501.34.60,8501.34.60,Annex A,7,False,,https://ustr.gov/sites/default/files/2018-13248.pdf,,not_yet_modelled
us_301_list1_2018,8514.20.80,8514.20.80,Annex A,7,False,,https://ustr.gov/sites/default/files/2018-13248.pdf,,not_yet_modelled
us_301_list1_2018,8530.90.00,8530.90.00,Annex A,7,False,,https://ustr.gov/sites/default/files/2018-13248.pdf,,not_yet_modelled
us_301_list1_2018,8481.30.20,8481.30.20,Annex A,7,False,,https://ustr.gov/sites/default/files/2018-13248.pdf,,not_yet_modelled
us_301_list1_2018,8501.51.20,8501.51.20,Annex A,7,False,,https://ustr.gov/sites/default/files/2018-13248.pdf,,not_yet_modelled
us_301_list1_2018,8514.30.10,8514.30.10,Annex A,7,False,,https://ustr.gov/sites/default/files/2018-13248.pdf,,not_yet_modelled
us_301_list1_2018,8532.10.00,8532.10.00,Annex A,7,False,,https://ustr.gov/sites/default/files/2018-13248.pdf,,not_yet_modelled
us_301_list1_2018,8481.30.90,8481.30.90,Annex A,7,False,,https://ustr.gov/sites/default/files/2018-13248.pdf,,not_yet_modelled
us_301_list1_2018,8501.51.40,8501.51.40,Annex A,7,False,,https://ustr.gov/sites/default/files/2018-13248.pdf,,not_yet_modelled
us_301_list1_2018,8514.30.90,8514.30.90,Annex A,7,False,,https://ustr.gov/sites/default/files/2018-13248.pdf,,not_yet_modelled
us_301_list1_2018,8532.21.00,8532.21.00,Annex A,7,False,,https://ustr.gov/sites/default/files/2018-13248.pdf,,not_yet_modelled
us_301_list1_2018,8481.40.00,8481.40.00,Annex A,7,False,,https://ustr.gov/sites/default/files/2018-13248.pdf,,not_yet_modelled
us_301_list1_2018,8501.51.50,8501.51.50,Annex A,7,False,,https://ustr.gov/sites/default/files/2018-13248.pdf,,not_yet_modelled
us_301_list1_2018,8514.40.00,8514.40.00,Annex A,7,False,,https://ustr.gov/sites/default/files/2018-13248.pdf,,not_yet_modelled
us_301_list1_2018,8532.22.00,8532.22.00,Annex A,7,False,,https://ustr.gov/sites/default/files/2018-13248.pdf,,not_yet_modelled
us_301_list1_2018,8481.90.90,8481.90.90,Annex A,7,False,,https://ustr.gov/sites/default/files/2018-13248.pdf,,not_yet_modelled
us_301_list1_2018,8501.51.60,8501.51.60,Annex A,7,False,,https://ustr.gov/sites/default/files/2018-13248.pdf,,not_yet_modelled
us_301_list1_2018,8514.90.80,8514.90.80,Annex A,7,False,,https://ustr.gov/sites/default/files/2018-13248.pdf,,not_yet_modelled
us_301_list1_2018,8532.23.00,8532.23.00,Annex A,7,False,,https://ustr.gov/sites/default/files/2018-13248.pdf,,not_yet_modelled
us_301_list1_2018,8482.10.50,8482.10.50,Annex A,7,False,,https://ustr.gov/sites/default/files/2018-13248.pdf,,not_yet_modelled
us_301_list1_2018,8501.52.80,8501.52.80,Annex A,7,False,,https://ustr.gov/sites/default/files/2018-13248.pdf,,not_yet_modelled
us_301_list1_2018,8515.11.00,8515.11.00,Annex A,7,False,,https://ustr.gov/sites/default/files/2018-13248.pdf,,not_yet_modelled
us_301_list1_2018,8532.24.00,8532.24.00,Annex A,7,False,,https://ustr.gov/sites/default/files/2018-13248.pdf,,not_yet_modelled
us_301_list1_2018,8482.20.00,8482.20.00,Annex A,7,False,,https://ustr.gov/sites/default/files/2018-13248.pdf,,not_yet_modelled
us_301_list1_2018,8501.53.40,8501.53.40,Annex A,7,False,,https://ustr.gov/sites/default/files/2018-13248.pdf,,not_yet_modelled
us_301_list1_2018,8515.19.00,8515.19.00,Annex A,7,False,,https://ustr.gov/sites/default/files/2018-13248.pdf,,not_yet_modelled
us_301_list1_2018,8532.25.00,8532.25.00,Annex A,7,False,,https://ustr.gov/sites/default/files/2018-13248.pdf,,not_yet_modelled
us_301_list1_2018,8482.30.00,8482.30.00,Annex A,7,False,,https://ustr.gov/sites/default/files/2018-13248.pdf,,not_yet_modelled
us_301_list1_2018,8501.53.80,8501.53.80,Annex A,7,False,,https://ustr.gov/sites/default/files/2018-13248.pdf,,not_yet_modelled
us_301_list1_2018,8515.21.00,8515.21.00,Annex A,7,False,,https://ustr.gov/sites/default/files/2018-13248.pdf,,not_yet_modelled
us_301_list1_2018,8532.29.00,8532.29.00,Annex A,7,False,,https://ustr.gov/sites/default/files/2018-13248.pdf,,not_yet_modelled
us_301_list1_2018,8482.40.00,8482.40.00,Annex A,7,False,,https://ustr.gov/sites/default/files/2018-13248.pdf,,not_yet_modelled
us_301_list1_2018,8501.62.00,8501.62.00,Annex A,7,False,,https://ustr.gov/sites/default/files/2018-13248.pdf,,not_yet_modelled
us_301_list1_2018,8515.29.00,8515.29.00,Annex A,7,False,,https://ustr.gov/sites/default/files/2018-13248.pdf,,not_yet_modelled
us_301_list1_2018,8532.30.00,8532.30.00,Annex A,7,False,,https://ustr.gov/sites/default/files/2018-13248.pdf,,not_yet_modelled
us_301_list1_2018,8482.50.00,8482.50.00,Annex A,7,False,,https://ustr.gov/sites/default/files/2018-13248.pdf,,not_yet_modelled
us_301_list1_2018,8501.63.00,8501.63.00,Annex A,7,False,,https://ustr.gov/sites/default/files/2018-13248.pdf,,not_yet_modelled
us_301_list1_2018,8515.31.00,8515.31.00,Annex A,7,False,,https://ustr.gov/sites/default/files/2018-13248.pdf,,not_yet_modelled
us_301_list1_2018,8532.90.00,8532.90.00,Annex A,7,False,,https://ustr.gov/sites/default/files/2018-13248.pdf,,not_yet_modelled
us_301_list1_2018,8482.80.00,8482.80.00,Annex A,7,False,,https://ustr.gov/sites/default/files/2018-13248.pdf,,not_yet_modelled
us_301_list1_2018,8501.64.00,8501.64.00,Annex A,7,False,,https://ustr.gov/sites/default/files/2018-13248.pdf,,not_yet_modelled
us_301_list1_2018,8515.39.00,8515.39.00,Annex A,7,False,,https://ustr.gov/sites/default/files/2018-13248.pdf,,not_yet_modelled
us_301_list1_2018,8533.10.00,8533.10.00,Annex A,7,False,,https://ustr.gov/sites/default/files/2018-13248.pdf,,not_yet_modelled
us_301_list1_2018,8482.91.00,8482.91.00,Annex A,7,False,,https://ustr.gov/sites/default/files/2018-13248.pdf,,not_yet_modelled
us_301_list1_2018,8502.11.00,8502.11.00,Annex A,7,False,,https://ustr.gov/sites/default/files/2018-13248.pdf,,not_yet_modelled
us_301_list1_2018,8515.80.00,8515.80.00,Annex A,7,False,,https://ustr.gov/sites/default/files/2018-13248.pdf,,not_yet_modelled
us_301_list1_2018,8533.21.00,8533.21.00,Annex A,7,False,,https://ustr.gov/sites/default/files/2018-13248.pdf,,not_yet_modelled
us_301_list1_2018,8482.99.05,8482.99.05,Annex A,7,False,,https://ustr.gov/sites/default/files/2018-13248.pdf,,not_yet_modelled
us_301_list1_2018,8502.12.00,8502.12.00,Annex A,7,False,,https://ustr.gov/sites/default/files/2018-13248.pdf,,not_yet_modelled
us_301_list1_2018,8515.90.20,8515.90.20,Annex A,7,False,,https://ustr.gov/sites/default/files/2018-13248.pdf,,not_yet_modelled
us_301_list1_2018,8533.29.00,8533.29.00,Annex A,7,False,,https://ustr.gov/sites/default/files/2018-13248.pdf,,not_yet_modelled
us_301_list1_2018,8482.99.15,8482.99.15,Annex A,7,False,,https://ustr.gov/sites/default/files/2018-13248.pdf,,not_yet_modelled
us_301_list1_2018,8502.13.00,8502.13.00,Annex A,7,False,,https://ustr.gov/sites/default/files/2018-13248.pdf,,not_yet_modelled
us_301_list1_2018,8515.90.40,8515.90.40,Annex A,7,False,,https://ustr.gov/sites/default/files/2018-13248.pdf,,not_yet_modelled
us_301_list1_2018,8533.31.00,8533.31.00,Annex A,7,False,,https://ustr.gov/sites/default/files/2018-13248.pdf,,not_yet_modelled
us_301_list1_2018,8482.99.25,8482.99.25,Annex A,7,False,,https://ustr.gov/sites/default/files/2018-13248.pdf,,not_yet_modelled
us_301_list1_2018,8502.31.00,8502.31.00,Annex A,7,False,,https://ustr.gov/sites/default/files/2018-13248.pdf,,not_yet_modelled
us_301_list1_2018,8525.50.70,8525.50.70,Annex A,7,False,,https://ustr.gov/sites/default/files/2018-13248.pdf,,not_yet_modelled
us_301_list1_2018,8533.40.40,8533.40.40,Annex A,7,False,,https://ustr.gov/sites/default/files/2018-13248.pdf,,not_yet_modelled
us_301_list1_2018,8482.99.35,8482.99.35,Annex A,7,False,,https://ustr.gov/sites/default/files/2018-13248.pdf,,not_yet_modelled
us_301_list1_2018,8502.39.00,8502.39.00,Annex A,7,False,,https://ustr.gov/sites/default/files/2018-13248.pdf,,not_yet_modelled
us_301_list1_2018,8525.60.10,8525.60.10,Annex A,7,False,,https://ustr.gov/sites/default/files/2018-13248.pdf,,not_yet_modelled
us_301_list1_2018,8533.40.80,8533.40.80,Annex A,7,False,,https://ustr.gov/sites/default/files/2018-13248.pdf,,not_yet_modelled
us_301_list1_2018,8482.99.45,8482.99.45,Annex A,7,False,,https://ustr.gov/sites/default/files/2018-13248.pdf,,not_yet_modelled
us_301_list1_2018,8502.40.00,8502.40.00,Annex A,7,False,,https://ustr.gov/sites/default/files/2018-13248.pdf,,not_yet_modelled
us_301_list1_2018,8525.60.20,8525.60.20,Annex A,7,False,,https://ustr.gov/sites/default/files/2018-13248.pdf,,not_yet_modelled
us_301_list1_2018,8533.90.80,8533.90.80,Annex A,7,False,,https://ustr.gov/sites/default/files/2018-13248.pdf,,not_yet_modelled
us_301_list1_2018,8482.99.65,8482.99.65,Annex A,7,False,,https://ustr.gov/sites/default/files/2018-13248.pdf,,not_yet_modelled
us_301_list1_2018,8503.00.20,8503.00.20,Annex A,7,False,,https://ustr.gov/sites/default/files/2018-13248.pdf,,not_yet_modelled
us_301_list1_2018,8525.80.10,8525.80.10,Annex A,7,False,,https://ustr.gov/sites/default/files/2018-13248.pdf,,not_yet_modelled
us_301_list1_2018,8535.10.00,8535.10.00,Annex A,7,False,,https://ustr.gov/sites/default/files/2018-13248.pdf,,not_yet_modelled
us_301_list1_2018,8483.30.40,8483.30.40,Annex A,7,False,,https://ustr.gov/sites/default/files/2018-13248.pdf,,not_yet_modelled
us_301_list1_2018,8503.00.35,8503.00.35,Annex A,7,False,,https://ustr.gov/sites/default/files/2018-13248.pdf,,not_yet_modelled
us_301_list1_2018,8525.80.20,8525.80.20,Annex A,7,False,,https://ustr.gov/sites/default/files/2018-13248.pdf,,not_yet_modelled
us_301_list1_2018,8535.21.00,8535.21.00,Annex A,7,False,,https://ustr.gov/sites/default/files/2018-13248.pdf,,not_yet_modelled
us_301_list1_2018,8483.40.10,8483.40.10,Annex A,7,False,,https://ustr.gov/sites/default/files/2018-13248.pdf,,not_yet_modelled
us_301_list1_2018,8503.00.45,8503.00.45,Annex A,7,False,,https://ustr.gov/sites/default/files/2018-13248.pdf,,not_yet_modelled
us_301_list1_2018,8526.10.00,8526.10.00,Annex A,7,False,,https://ustr.gov/sites/default/files/2018-13248.pdf,,not_yet_modelled
us_301_list1_2018,8535.29.00,8535.29.00,Annex A,7,False,,https://ustr.gov/sites/default/files/2018-13248.pdf,,not_yet_modelled
us_301_list1_2018,8483.40.30,8483.40.30,Annex A,7,False,,https://ustr.gov/sites/default/files/2018-13248.pdf,,not_yet_modelled
us_301_list1_2018,8503.00.65,8503.00.65,Annex A,7,False,,https://ustr.gov/sites/default/files/2018-13248.pdf,,not_yet_modelled
us_301_list1_2018,8526.91.00,8526.91.00,Annex A,7,False,,https://ustr.gov/sites/default/files/2018-13248.pdf,,not_yet_modelled
us_301_list1_2018,8535.30.00,8535.30.00,Annex A,7,False,,https://ustr.gov/sites/default/files/2018-13248.pdf,,not_yet_modelled
us_301_list1_2018,8483.40.80,8483.40.80,Annex A,7,False,,https://ustr.gov/sites/default/files/2018-13248.pdf,,not_yet_modelled
us_301_list1_2018,8503.00.75,8503.00.75,Annex A,7,False,,https://ustr.gov/sites/default/files/2018-13248.pdf,,not_yet_modelled
us_301_list1_2018,8526.92.50,8526.92.50,Annex A,7,False,,https://ustr.gov/sites/default/files/2018-13248.pdf,,not_yet_modelled
us_301_list1_2018,8535.90.40,8535.90.40,Annex A,7,False,,https://ustr.gov/sites/default/files/2018-13248.pdf,,not_yet_modelled
us_301_list1_2018,8483.40.90,8483.40.90,Annex A,7,False,,https://ustr.gov/sites/default/files/2018-13248.pdf,,not_yet_modelled
us_301_list1_2018,8503.00.90,8503.00.90,Annex A,7,False,,https://ustr.gov/sites/default/files/2018-13248.pdf,,not_yet_modelled
us_301_list1_2018,8527.99.15,8527.99.15,Annex A,7,False,,https://ustr.gov/sites/default/files/2018-13248.pdf,,not_yet_modelled
us_301_list1_2018,8535.90.80,8535.90.80,Annex A,7,False,,https://ustr.gov/sites/default/files/2018-13248.pdf,,not_yet_modelled
us_301_list1_2018,8483.50.60,8483.50.60,Annex A,7,False,,https://ustr.gov/sites/default/files/2018-13248.pdf,,not_yet_modelled
us_301_list1_2018,8504.21.00,8504.21.00,Annex A,7,False,,https://ustr.gov/sites/default/files/2018-13248.pdf,,not_yet_modelled
us_301_list1_2018,8527.99.40,8527.99.40,Annex A,7,False,,https://ustr.gov/sites/default/files/2018-13248.pdf,,not_yet_modelled
us_301_list1_2018,8536.10.00,8536.10.00,Annex A,7,False,,https://ustr.gov/sites/default/files/2018-13248.pdf,,not_yet_modelled
us_301_list1_2018,8483.50.90,8483.50.90,Annex A,7,False,,https://ustr.gov/sites/default/files/2018-13248.pdf,,not_yet_modelled
us_301_list1_2018,8504.22.00,8504.22.00,Annex A,7,False,,https://ustr.gov/sites/default/files/2018-13248.pdf,,not_yet_modelled
us_301_list1_2018,8529.10.40,8529.10.40,Annex A,7,False,,https://ustr.gov/sites/default/files/2018-13248.pdf,,not_yet_modelled
us_301_list1_2018,8536.20.00,8536.20.00,Annex A,7,False,,https://ustr.gov/sites/default/files/2018-13248.pdf,,not_yet_modelled
us_301_list1_2018,8483.60.40,8483.60.40,Annex A,7,False,,https://ustr.gov/sites/default/files/2018-13248.pdf,,not_yet_modelled
us_301_list1_2018,8504.23.00,8504.23.00,Annex A,7,False,,https://ustr.gov/sites/default/files/2018-13248.pdf,,not_yet_modelled
us_301_list1_2018,8529.90.05,8529.90.05,Annex A,7,False,,https://ustr.gov/sites/default/files/2018-13248.pdf,,not_yet_modelled
us_301_list1_2018,8536.30.40,8536.30.40,Annex A,7,False,,https://ustr.gov/sites/default/files/2018-13248.pdf,,not_yet_modelled
us_301_list1_2018,8483.90.10,8483.90.10,Annex A,7,False,,https://ustr.gov/sites/default/files/2018-13248.pdf,,not_yet_modelled
us_301_list1_2018,8504.32.00,8504.32.00,Annex A,7,False,,https://ustr.gov/sites/default/files/2018-13248.pdf,,not_yet_modelled
us_301_list1_2018,8529.90.06,8529.90.06,Annex A,7,False,,https://ustr.gov/sites/default/files/2018-13248.pdf,,not_yet_modelled
us_301_list1_2018,8536.41.00,8536.41.00,Annex A,7,False,,https://ustr.gov/sites/default/files/2018-13248.pdf,,not_yet_modelled
us_301_list1_2018,8483.90.20,8483.90.20,Annex A,7,False,,https://ustr.gov/sites/default/files/2018-13248.pdf,,not_yet_modelled
us_301_list1_2018,8504.33.00,8504.33.00,Annex A,7,False,,https://ustr.gov/sites/default/files/2018-13248.pdf,,not_yet_modelled
us_301_list1_2018,8529.90.09,8529.90.09,Annex A,7,False,,https://ustr.gov/sites/default/files/2018-13248.pdf,,not_yet_modelled
us_301_list1_2018,8536.49.00,8536.49.00,Annex A,7,False,,https://ustr.gov/sites/default/files/2018-13248.pdf,,not_yet_modelled
us_301_list1_2018,8483.90.30,8483.90.30,Annex A,7,False,,https://ustr.gov/sites/default/files/2018-13248.pdf,,not_yet_modelled
us_301_list1_2018,8504.34.00,8504.34.00,Annex A,7,False,,https://ustr.gov/sites/default/files/2018-13248.pdf,,not_yet_modelled
us_301_list1_2018,8529.90.16,8529.90.16,Annex A,7,False,,https://ustr.gov/sites/default/files/2018-13248.pdf,,not_yet_modelled
us_301_list1_2018,8536.50.40,8536.50.40,Annex A,7,False,,https://ustr.gov/sites/default/files/2018-13248.pdf,,not_yet_modelled
us_301_list1_2018,8483.90.70,8483.90.70,Annex A,7,False,,https://ustr.gov/sites/default/files/2018-13248.pdf,,not_yet_modelled
us_301_list1_2018,8504.40.40,8504.40.40,Annex A,7,False,,https://ustr.gov/sites/default/files/2018-13248.pdf,,not_yet_modelled
us_301_list1_2018,8529.90.19,8529.90.19,Annex A,7,False,,https://ustr.gov/sites/default/files/2018-13248.pdf,,not_yet_modelled
us_301_list1_2018,8536.50.90,8536.50.90,Annex A,7,False,,https://ustr.gov/sites/default/files/2018-13248.pdf,,not_yet_modelled
us_301_list1_2018,8483.90.80,8483.90.80,Annex A,7,False,,https://ustr.gov/sites/default/files/2018-13248.pdf,,not_yet_modelled
us_301_list1_2018,8504.90.41,8504.90.41,Annex A,7,False,,https://ustr.gov/sites/default/files/2018-13248.pdf,,not_yet_modelled
us_301_list1_2018,8529.90.22,8529.90.22,Annex A,7,False,,https://ustr.gov/sites/default/files/2018-13248.pdf,,not_yet_modelled
us_301_list1_2018,8536.69.40,8536.69.40,Annex A,7,False,,https://ustr.gov/sites/default/files/2018-13248.pdf,,not_yet_modelled
us_301_list1_2018,8484.10.00,8484.10.00,Annex A,7,False,,https://ustr.gov/sites/default/files/2018-13248.pdf,,not_yet_modelled
us_301_list1_2018,8504.90.65,8504.90.65,Annex A,7,False,,https://ustr.gov/sites/default/files/2018-13248.pdf,,not_yet_modelled
us_301_list1_2018,8529.90.24,8529.90.24,Annex A,7,False,,https://ustr.gov/sites/default/files/2018-13248.pdf,,not_yet_modelled
us_301_list1_2018,8536.90.40,8536.90.40,Annex A,7,False,,https://ustr.gov/sites/default/files/2018-13248.pdf,,not_yet_modelled
us_301_list1_2018,8484.20.00,8484.20.00,Annex A,7,False,,https://ustr.gov/sites/default/files/2018-13248.pdf,,not_yet_modelled
us_301_list1_2018,8504.90.75,8504.90.75,Annex A,7,False,,https://ustr.gov/sites/default/files/2018-13248.pdf,,not_yet_modelled
us_301_list1_2018,8529.90.29,8529.90.29,Annex A,7,False,,https://ustr.gov/sites/default/files/2018-13248.pdf,,not_yet_modelled
us_301_list1_2018,8536.90.85,8536.90.85,Annex A,7,False,,https://ustr.gov/sites/default/files/2018-13248.pdf,,not_yet_modelled
us_301_list1_2018,8484.90.00,8484.90.00,Annex A,7,False,,https://ustr.gov/sites/default/files/2018-13248.pdf,,not_yet_modelled
us_301_list1_2018,8504.90.96,8504.90.96,Annex A,7,False,,https://ustr.gov/sites/default/files/2018-13248.pdf,,not_yet_modelled
us_301_list1_2018,8529.90.33,8529.90.33,Annex A,7,False,,https://ustr.gov/sites/default/files/2018-13248.pdf,,not_yet_modelled
us_301_list1_2018,8537.10.60,8537.10.60,Annex A,7,False,,https://ustr.gov/sites/default/files/2018-13248.pdf,,not_yet_modelled
us_301_list1_2018,8487.10.00,8487.10.00,Annex A,7,False,,https://ustr.gov/sites/default/files/2018-13248.pdf,,not_yet_modelled
us_301_list1_2018,8505.19.10,8505.19.10,Annex A,7,False,,https://ustr.gov/sites/default/files/2018-13248.pdf,,not_yet_modelled
us_301_list1_2018,8529.90.46,8529.90.46,Annex A,7,False,,https://ustr.gov/sites/default/files/2018-13248.pdf,,not_yet_modelled
us_301_list1_2018,8537.10.80,8537.10.80,Annex A,7,False,,https://ustr.gov/sites/default/files/2018-13248.pdf,,not_yet_modelled
us_301_list1_2018,8487.90.00,8487.90.00,Annex A,7,False,,https://ustr.gov/sites/default/files/2018-13248.pdf,,not_yet_modelled
us_301_list1_2018,8505.20.00,8505.20.00,Annex A,7,False,,https://ustr.gov/sites/default/files/2018-13248.pdf,,not_yet_modelled
us_301_list1_2018,8529.90.63,8529.90.63,Annex A,7,False,,https://ustr.gov/sites/default/files/2018-13248.pdf,,not_yet_modelled
us_301_list1_2018,8537.20.00,8537.20.00,Annex A,7,False,,https://ustr.gov/sites/default/files/2018-13248.pdf,,not_yet_modelled
us_301_list1_2018,8538.10.00,8538.10.00,Annex A,8,False,,https://ustr.gov/sites/default/files/2018-13248.pdf,,not_yet_modelled
us_301_list1_2018,8607.19.12,8607.19.12,Annex A,8,False,,https://ustr.gov/sites/default/files/2018-13248.pdf,,not_yet_modelled
us_301_list1_2018,8709.11.00,8709.11.00,Annex A,8,False,,https://ustr.gov/sites/default/files/2018-13248.pdf,,not_yet_modelled
us_301_list1_2018,9014.80.20,9014.80.20,Annex A,8,False,,https://ustr.gov/sites/default/files/2018-13248.pdf,,not_yet_modelled
us_301_list1_2018,8538.90.40,8538.90.40,Annex A,8,False,,https://ustr.gov/sites/default/files/2018-13248.pdf,,not_yet_modelled
us_301_list1_2018,8607.19.15,8607.19.15,Annex A,8,False,,https://ustr.gov/sites/default/files/2018-13248.pdf,,not_yet_modelled
us_301_list1_2018,8709.19.00,8709.19.00,Annex A,8,False,,https://ustr.gov/sites/default/files/2018-13248.pdf,,not_yet_modelled
us_301_list1_2018,9014.80.40,9014.80.40,Annex A,8,False,,https://ustr.gov/sites/default/files/2018-13248.pdf,,not_yet_modelled
us_301_list1_2018,8538.90.60,8538.90.60,Annex A,8,False,,https://ustr.gov/sites/default/files/2018-13248.pdf,,not_yet_modelled
us_301_list1_2018,8607.19.90,8607.19.90,Annex A,8,False,,https://ustr.gov/sites/default/files/2018-13248.pdf,,not_yet_modelled
us_301_list1_2018,8709.90.00,8709.90.00,Annex A,8,False,,https://ustr.gov/sites/default/files/2018-13248.pdf,,not_yet_modelled
us_301_list1_2018,9014.80.50,9014.80.50,Annex A,8,False,,https://ustr.gov/sites/default/files/2018-13248.pdf,,not_yet_modelled
us_301_list1_2018,8538.90.81,8538.90.81,Annex A,8,False,,https://ustr.gov/sites/default/files/2018-13248.pdf,,not_yet_modelled
us_301_list1_2018,8607.21.10,8607.21.10,Annex A,8,False,,https://ustr.gov/sites/default/files/2018-13248.pdf,,not_yet_modelled
us_301_list1_2018,8711.50.00,8711.50.00,Annex A,8,False,,https://ustr.gov/sites/default/files/2018-13248.pdf,,not_yet_modelled
us_301_list1_2018,9014.90.10,9014.90.10,Annex A,8,False,,https://ustr.gov/sites/default/files/2018-13248.pdf,,not_yet_modelled
us_301_list1_2018,8539.41.00,8539.41.00,Annex A,8,False,,https://ustr.gov/sites/default/files/2018-13248.pdf,,not_yet_modelled
us_301_list1_2018,8607.21.50,8607.21.50,Annex A,8,False,,https://ustr.gov/sites/default/files/2018-13248.pdf,,not_yet_modelled
us_301_list1_2018,8802.11.00,8802.11.00,Annex A,8,False,,https://ustr.gov/sites/default/files/2018-13248.pdf,,not_yet_modelled
us_301_list1_2018,9014.90.20,9014.90.20,Annex A,8,False,,https://ustr.gov/sites/default/files/2018-13248.pdf,,not_yet_modelled
us_301_list1_2018,8539.90.00,8539.90.00,Annex A,8,False,,https://ustr.gov/sites/default/files/2018-13248.pdf,,not_yet_modelled
us_301_list1_2018,8607.29.10,8607.29.10,Annex A,8,False,,https://ustr.gov/sites/default/files/2018-13248.pdf,,not_yet_modelled
us_301_list1_2018,8802.12.00,8802.12.00,Annex A,8,False,,https://ustr.gov/sites/default/files/2018-13248.pdf,,not_yet_modelled
us_301_list1_2018,9014.90.40,9014.90.40,Annex A,8,False,,https://ustr.gov/sites/default/files/2018-13248.pdf,,not_yet_modelled
us_301_list1_2018,8540.79.10,8540.79.10,Annex A,8,False,,https://ustr.gov/sites/default/files/2018-13248.pdf,,not_yet_modelled
us_301_list1_2018,8607.29.50,8607.29.50,Annex A,8,False,,https://ustr.gov/sites/default/files/2018-13248.pdf,,not_yet_modelled
us_301_list1_2018,8802.20.00,8802.20.00,Annex A,8,False,,https://ustr.gov/sites/default/files/2018-13248.pdf,,not_yet_modelled
us_301_list1_2018,9014.90.60,9014.90.60,Annex A,8,False,,https://ustr.gov/sites/default/files/2018-13248.pdf,,not_yet_modelled
us_301_list1_2018,8540.79.20,8540.79.20,Annex A,8,False,,https://ustr.gov/sites/default/files/2018-13248.pdf,,not_yet_modelled
us_301_list1_2018,8607.91.00,8607.91.00,Annex A,8,False,,https://ustr.gov/sites/default/files/2018-13248.pdf,,not_yet_modelled
us_301_list1_2018,8802.30.00,8802.30.00,Annex A,8,False,,https://ustr.gov/sites/default/files/2018-13248.pdf,,not_yet_modelled
us_301_list1_2018,9015.10.80,9015.10.80,Annex A,8,False,,https://ustr.gov/sites/default/files/2018-13248.pdf,,not_yet_modelled
us_301_list1_2018,8540.89.00,8540.89.00,Annex A,8,False,,https://ustr.gov/sites/default/files/2018-13248.pdf,,not_yet_modelled
us_301_list1_2018,8607.99.10,8607.99.10,Annex A,8,False,,https://ustr.gov/sites/default/files/2018-13248.pdf,,not_yet_modelled
us_301_list1_2018,8802.40.00,8802.40.00,Annex A,8,False,,https://ustr.gov/sites/default/files/2018-13248.pdf,,not_yet_modelled
us_301_list1_2018,9015.20.40,9015.20.40,Annex A,8,False,,https://ustr.gov/sites/default/files/2018-13248.pdf,,not_yet_modelled
us_301_list1_2018,8541.21.00,8541.21.00,Annex A,8,False,,https://ustr.gov/sites/default/files/2018-13248.pdf,,not_yet_modelled
us_301_list1_2018,8607.99.50,8607.99.50,Annex A,8,False,,https://ustr.gov/sites/default/files/2018-13248.pdf,,not_yet_modelled
us_301_list1_2018,8802.60.30,8802.60.30,Annex A,8,False,,https://ustr.gov/sites/default/files/2018-13248.pdf,,not_yet_modelled
us_301_list1_2018,9015.20.80,9015.20.80,Annex A,8,False,,https://ustr.gov/sites/default/files/2018-13248.pdf,,not_yet_modelled
us_301_list1_2018,8541.29.00,8541.29.00,Annex A,8,False,,https://ustr.gov/sites/default/files/2018-13248.pdf,,not_yet_modelled
us_301_list1_2018,8608.00.00,8608.00.00,Annex A,8,False,,https://ustr.gov/sites/default/files/2018-13248.pdf,,not_yet_modelled
us_301_list1_2018,8802.60.90,8802.60.90,Annex A,8,False,,https://ustr.gov/sites/default/files/2018-13248.pdf,,not_yet_modelled
us_301_list1_2018,9015.40.40,9015.40.40,Annex A,8,False,,https://ustr.gov/sites/default/files/2018-13248.pdf,,not_yet_modelled
us_301_list1_2018,8541.30.00,8541.30.00,Annex A,8,False,,https://ustr.gov/sites/default/files/2018-13248.pdf,,not_yet_modelled
us_301_list1_2018,8701.10.01,8701.10.01,Annex A,8,False,,https://ustr.gov/sites/default/files/2018-13248.pdf,,not_yet_modelled
us_301_list1_2018,8803.10.00,8803.10.00,Annex A,8,False,,https://ustr.gov/sites/default/files/2018-13248.pdf,,not_yet_modelled
us_301_list1_2018,9015.40.80,9015.40.80,Annex A,8,False,,https://ustr.gov/sites/default/files/2018-13248.pdf,,not_yet_modelled
us_301_list1_2018,8541.40.20,8541.40.20,Annex A,8,False,,https://ustr.gov/sites/default/files/2018-13248.pdf,,not_yet_modelled
us_301_list1_2018,8701.30.10,8701.30.10,Annex A,8,False,,https://ustr.gov/sites/default/files/2018-13248.pdf,,not_yet_modelled
us_301_list1_2018,8803.20.00,8803.20.00,Annex A,8,False,,https://ustr.gov/sites/default/files/2018-13248.pdf,,not_yet_modelled
us_301_list1_2018,9015.80.20,9015.80.20,Annex A,8,False,,https://ustr.gov/sites/default/files/2018-13248.pdf,,not_yet_modelled
us_301_list1_2018,8541.40.70,8541.40.70,Annex A,8,False,,https://ustr.gov/sites/default/files/2018-13248.pdf,,not_yet_modelled
us_301_list1_2018,8702.10.31,8702.10.31,Annex A,8,False,,https://ustr.gov/sites/default/files/2018-13248.pdf,,not_yet_modelled
us_301_list1_2018,8803.30.00,8803.30.00,Annex A,8,False,,https://ustr.gov/sites/default/files/2018-13248.pdf,,not_yet_modelled
us_301_list1_2018,9015.80.60,9015.80.60,Annex A,8,False,,https://ustr.gov/sites/default/files/2018-13248.pdf,,not_yet_modelled
us_301_list1_2018,8541.40.80,8541.40.80,Annex A,8,False,,https://ustr.gov/sites/default/files/2018-13248.pdf,,not_yet_modelled
us_301_list1_2018,8702.10.61,8702.10.61,Annex A,8,False,,https://ustr.gov/sites/default/files/2018-13248.pdf,,not_yet_modelled
us_301_list1_2018,8803.90.30,8803.90.30,Annex A,8,False,,https://ustr.gov/sites/default/files/2018-13248.pdf,,not_yet_modelled
us_301_list1_2018,9015.80.80,9015.80.80,Annex A,8,False,,https://ustr.gov/sites/default/files/2018-13248.pdf,,not_yet_modelled
us_301_list1_2018,8541.40.95,8541.40.95,Annex A,8,False,,https://ustr.gov/sites/default/files/2018-13248.pdf,,not_yet_modelled
us_301_list1_2018,8702.20.31,8702.20.31,Annex A,8,False,,https://ustr.gov/sites/default/files/2018-13248.pdf,,not_yet_modelled
us_301_list1_2018,8803.90.90,8803.90.90,Annex A,8,False,,https://ustr.gov/sites/default/files/2018-13248.pdf,,not_yet_modelled
us_301_list1_2018,9018.11.30,9018.11.30,Annex A,8,False,,https://ustr.gov/sites/default/files/2018-13248.pdf,,not_yet_modelled
us_301_list1_2018,8541.50.00,8541.50.00,Annex A,8,False,,https://ustr.gov/sites/default/files/2018-13248.pdf,,not_yet_modelled
us_301_list1_2018,8702.20.61,8702.20.61,Annex A,8,False,,https://ustr.gov/sites/default/files/2018-13248.pdf,,not_yet_modelled
us_301_list1_2018,8805.10.00,8805.10.00,Annex A,8,False,,https://ustr.gov/sites/default/files/2018-13248.pdf,,not_yet_modelled
us_301_list1_2018,9018.11.60,9018.11.60,Annex A,8,False,,https://ustr.gov/sites/default/files/2018-13248.pdf,,not_yet_modelled
us_301_list1_2018,8541.60.00,8541.60.00,Annex A,8,False,,https://ustr.gov/sites/default/files/2018-13248.pdf,,not_yet_modelled
us_301_list1_2018,8702.30.31,8702.30.31,Annex A,8,False,,https://ustr.gov/sites/default/files/2018-13248.pdf,,not_yet_modelled
us_301_list1_2018,8805.21.00,8805.21.00,Annex A,8,False,,https://ustr.gov/sites/default/files/2018-13248.pdf,,not_yet_modelled
us_301_list1_2018,9018.11.90,9018.11.90,Annex A,8,False,,https://ustr.gov/sites/default/files/2018-13248.pdf,,not_yet_modelled
us_301_list1_2018,8541.90.00,8541.90.00,Annex A,8,False,,https://ustr.gov/sites/default/files/2018-13248.pdf,,not_yet_modelled
us_301_list1_2018,8702.30.61,8702.30.61,Annex A,8,False,,https://ustr.gov/sites/default/files/2018-13248.pdf,,not_yet_modelled
us_301_list1_2018,8805.29.00,8805.29.00,Annex A,8,False,,https://ustr.gov/sites/default/files/2018-13248.pdf,,not_yet_modelled
us_301_list1_2018,9018.12.00,9018.12.00,Annex A,8,False,,https://ustr.gov/sites/default/files/2018-13248.pdf,,not_yet_modelled
us_301_list1_2018,8543.10.00,8543.10.00,Annex A,8,False,,https://ustr.gov/sites/default/files/2018-13248.pdf,,not_yet_modelled
us_301_list1_2018,8702.40.31,8702.40.31,Annex A,8,False,,https://ustr.gov/sites/default/files/2018-13248.pdf,,not_yet_modelled
us_301_list1_2018,8901.10.00,8901.10.00,Annex A,8,False,,https://ustr.gov/sites/default/files/2018-13248.pdf,,not_yet_modelled
us_301_list1_2018,9018.13.00,9018.13.00,Annex A,8,False,,https://ustr.gov/sites/default/files/2018-13248.pdf,,not_yet_modelled
us_301_list1_2018,8543.20.00,8543.20.00,Annex A,8,False,,https://ustr.gov/sites/default/files/2018-13248.pdf,,not_yet_modelled
us_301_list1_2018,8702.40.61,8702.40.61,Annex A,8,False,,https://ustr.gov/sites/default/files/2018-13248.pdf,,not_yet_modelled
us_301_list1_2018,8901.20.00,8901.20.00,Annex A,8,False,,https://ustr.gov/sites/default/files/2018-13248.pdf,,not_yet_modelled
us_301_list1_2018,9018.14.00,9018.14.00,Annex A,8,False,,https://ustr.gov/sites/default/files/2018-13248.pdf,,not_yet_modelled
us_301_list1_2018,8543.30.20,8543.30.20,Annex A,8,False,,https://ustr.gov/sites/default/files/2018-13248.pdf,,not_yet_modelled
us_301_list1_2018,8702.90.31,8702.90.31,Annex A,8,False,,https://ustr.gov/sites/default/files/2018-13248.pdf,,not_yet_modelled
us_301_list1_2018,8901.90.00,8901.90.00,Annex A,8,False,,https://ustr.gov/sites/default/files/2018-13248.pdf,,not_yet_modelled
us_301_list1_2018,9018.19.40,9018.19.40,Annex A,8,False,,https://ustr.gov/sites/default/files/2018-13248.pdf,,not_yet_modelled
us_301_list1_2018,8543.30.90,8543.30.90,Annex A,8,False,,https://ustr.gov/sites/default/files/2018-13248.pdf,,not_yet_modelled
us_301_list1_2018,8702.90.61,8702.90.61,Annex A,8,False,,https://ustr.gov/sites/default/files/2018-13248.pdf,,not_yet_modelled
us_301_list1_2018,8902.00.00,8902.00.00,Annex A,8,False,,https://ustr.gov/sites/default/files/2018-13248.pdf,,not_yet_modelled
us_301_list1_2018,9018.19.55,9018.19.55,Annex A,8,False,,https://ustr.gov/sites/default/files/2018-13248.pdf,,not_yet_modelled
us_301_list1_2018,8543.70.20,8543.70.20,Annex A,8,False,,https://ustr.gov/sites/default/files/2018-13248.pdf,,not_yet_modelled
us_301_list1_2018,8703.21.01,8703.21.01,Annex A,8,False,,https://ustr.gov/sites/default/files/2018-13248.pdf,,not_yet_modelled
us_301_list1_2018,8904.00.00,8904.00.00,Annex A,8,False,,https://ustr.gov/sites/default/files/2018-13248.pdf,,not_yet_modelled
us_301_list1_2018,9018.19.75,9018.19.75,Annex A,8,False,,https://ustr.gov/sites/default/files/2018-13248.pdf,,not_yet_modelled
us_301_list1_2018,8543.70.42,8543.70.42,Annex A,8,False,,https://ustr.gov/sites/default/files/2018-13248.pdf,,not_yet_modelled
us_301_list1_2018,8703.22.01,8703.22.01,Annex A,8,False,,https://ustr.gov/sites/default/files/2018-13248.pdf,,not_yet_modelled
us_301_list1_2018,8905.10.00,8905.10.00,Annex A,8,False,,https://ustr.gov/sites/default/files/2018-13248.pdf,,not_yet_modelled
us_301_list1_2018,9018.19.95,9018.19.95,Annex A,8,False,,https://ustr.gov/sites/default/files/2018-13248.pdf,,not_yet_modelled
us_301_list1_2018,8543.70.60,8543.70.60,Annex A,8,False,,https://ustr.gov/sites/default/files/2018-13248.pdf,,not_yet_modelled
us_301_list1_2018,8703.23.01,8703.23.01,Annex A,8,False,,https://ustr.gov/sites/default/files/2018-13248.pdf,,not_yet_modelled
us_301_list1_2018,8905.20.00,8905.20.00,Annex A,8,False,,https://ustr.gov/sites/default/files/2018-13248.pdf,,not_yet_modelled
us_301_list1_2018,9018.20.00,9018.20.00,Annex A,8,False,,https://ustr.gov/sites/default/files/2018-13248.pdf,,not_yet_modelled
us_301_list1_2018,8543.70.80,8543.70.80,Annex A,8,False,,https://ustr.gov/sites/default/files/2018-13248.pdf,,not_yet_modelled
us_301_list1_2018,8703.24.01,8703.24.01,Annex A,8,False,,https://ustr.gov/sites/default/files/2018-13248.pdf,,not_yet_modelled
us_301_list1_2018,8905.90.50,8905.90.50,Annex A,8,False,,https://ustr.gov/sites/default/files/2018-13248.pdf,,not_yet_modelled
us_301_list1_2018,9018.90.20,9018.90.20,Annex A,8,False,,https://ustr.gov/sites/default/files/2018-13248.pdf,,not_yet_modelled
us_301_list1_2018,8543.70.95,8543.70.95,Annex A,8,False,,https://ustr.gov/sites/default/files/2018-13248.pdf,,not_yet_modelled
us_301_list1_2018,8703.31.01,8703.31.01,Annex A,8,False,,https://ustr.gov/sites/default/files/2018-13248.pdf,,not_yet_modelled
us_301_list1_2018,8906.90.00,8906.90.00,Annex A,8,False,,https://ustr.gov/sites/default/files/2018-13248.pdf,,not_yet_modelled
us_301_list1_2018,9018.90.30,9018.90.30,Annex A,8,False,,https://ustr.gov/sites/default/files/2018-13248.pdf,,not_yet_modelled
us_301_list1_2018,8543.70.97,8543.70.97,Annex A,8,False,,https://ustr.gov/sites/default/files/2018-13248.pdf,,not_yet_modelled
us_301_list1_2018,8703.32.01,8703.32.01,Annex A,8,False,,https://ustr.gov/sites/default/files/2018-13248.pdf,,not_yet_modelled
us_301_list1_2018,8908.00.00,8908.00.00,Annex A,8,False,,https://ustr.gov/sites/default/files/2018-13248.pdf,,not_yet_modelled
us_301_list1_2018,9018.90.60,9018.90.60,Annex A,8,False,,https://ustr.gov/sites/default/files/2018-13248.pdf,,not_yet_modelled
us_301_list1_2018,8543.90.12,8543.90.12,Annex A,8,False,,https://ustr.gov/sites/default/files/2018-13248.pdf,,not_yet_modelled
us_301_list1_2018,8703.33.01,8703.33.01,Annex A,8,False,,https://ustr.gov/sites/default/files/2018-13248.pdf,,not_yet_modelled
us_301_list1_2018,9002.90.20,9002.90.20,Annex A,8,False,,https://ustr.gov/sites/default/files/2018-13248.pdf,,not_yet_modelled
us_301_list1_2018,9018.90.75,9018.90.75,Annex A,8,False,,https://ustr.gov/sites/default/files/2018-13248.pdf,,not_yet_modelled
us_301_list1_2018,8543.90.15,8543.90.15,Annex A,8,False,,https://ustr.gov/sites/default/files/2018-13248.pdf,,not_yet_modelled
us_301_list1_2018,8703.40.00,8703.40.00,Annex A,8,False,,https://ustr.gov/sites/default/files/2018-13248.pdf,,not_yet_modelled
us_301_list1_2018,9002.90.40,9002.90.40,Annex A,8,False,,https://ustr.gov/sites/default/files/2018-13248.pdf,,not_yet_modelled
us_301_list1_2018,9021.50.00,9021.50.00,Annex A,8,False,,https://ustr.gov/sites/default/files/2018-13248.pdf,,not_yet_modelled
us_301_list1_2018,8543.90.35,8543.90.35,Annex A,8,False,,https://ustr.gov/sites/default/files/2018-13248.pdf,,not_yet_modelled
us_301_list1_2018,8703.50.00,8703.50.00,Annex A,8,False,,https://ustr.gov/sites/default/files/2018-13248.pdf,,not_yet_modelled
us_301_list1_2018,9002.90.70,9002.90.70,Annex A,8,False,,https://ustr.gov/sites/default/files/2018-13248.pdf,,not_yet_modelled
us_301_list1_2018,9022.12.00,9022.12.00,Annex A,8,False,,https://ustr.gov/sites/default/files/2018-13248.pdf,,not_yet_modelled
us_301_list1_2018,8543.90.65,8543.90.65,Annex A,8,False,,https://ustr.gov/sites/default/files/2018-13248.pdf,,not_yet_modelled
us_301_list1_2018,8703.60.00,8703.60.00,Annex A,8,False,,https://ustr.gov/sites/default/files/2018-13248.pdf,,not_yet_modelled
us_301_list1_2018,9002.90.95,9002.90.95,Annex A,8,False,,https://ustr.gov/sites/default/files/2018-13248.pdf,,not_yet_modelled
us_301_list1_2018,9022.13.00,9022.13.00,Annex A,8,False,,https://ustr.gov/sites/default/files/2018-13248.pdf,,not_yet_modelled
us_301_list1_2018,8543.90.68,8543.90.68,Annex A,8,False,,https://ustr.gov/sites/default/files/2018-13248.pdf,,not_yet_modelled
us_301_list1_2018,8703.70.00,8703.70.00,Annex A,8,False,,https://ustr.gov/sites/default/files/2018-13248.pdf,,not_yet_modelled
us_301_list1_2018,9011.10.40,9011.10.40,Annex A,8,False,,https://ustr.gov/sites/default/files/2018-13248.pdf,,not_yet_modelled
us_301_list1_2018,9022.14.00,9022.14.00,Annex A,8,False,,https://ustr.gov/sites/default/files/2018-13248.pdf,,not_yet_modelled
us_301_list1_2018,8544.11.00,8544.11.00,Annex A,8,False,,https://ustr.gov/sites/default/files/2018-13248.pdf,,not_yet_modelled
us_301_list1_2018,8703.80.00,8703.80.00,Annex A,8,False,,https://ustr.gov/sites/default/files/2018-13248.pdf,,not_yet_modelled
us_301_list1_2018,9011.10.80,9011.10.80,Annex A,8,False,,https://ustr.gov/sites/default/files/2018-13248.pdf,,not_yet_modelled
us_301_list1_2018,9022.19.00,9022.19.00,Annex A,8,False,,https://ustr.gov/sites/default/files/2018-13248.pdf,,not_yet_modelled
us_301_list1_2018,8544.19.00,8544.19.00,Annex A,8,False,,https://ustr.gov/sites/default/files/2018-13248.pdf,,not_yet_modelled
us_301_list1_2018,8703.90.01,8703.90.01,Annex A,8,False,,https://ustr.gov/sites/default/files/2018-13248.pdf,,not_yet_modelled
us_301_list1_2018,9011.20.40,9011.20.40,Annex A,8,False,,https://ustr.gov/sites/default/files/2018-13248.pdf,,not_yet_modelled
us_301_list1_2018,9022.21.00,9022.21.00,Annex A,8,False,,https://ustr.gov/sites/default/files/2018-13248.pdf,,not_yet_modelled
us_301_list1_2018,8544.30.00,8544.30.00,Annex A,8,False,,https://ustr.gov/sites/default/files/2018-13248.pdf,,not_yet_modelled
us_301_list1_2018,8704.10.10,8704.10.10,Annex A,8,False,,https://ustr.gov/sites/default/files/2018-13248.pdf,,not_yet_modelled
us_301_list1_2018,9011.90.00,9011.90.00,Annex A,8,False,,https://ustr.gov/sites/default/files/2018-13248.pdf,,not_yet_modelled
us_301_list1_2018,9022.29.80,9022.29.80,Annex A,8,False,,https://ustr.gov/sites/default/files/2018-13248.pdf,,not_yet_modelled
us_301_list1_2018,8544.49.30,8544.49.30,Annex A,8,False,,https://ustr.gov/sites/default/files/2018-13248.pdf,,not_yet_modelled
us_301_list1_2018,8704.10.50,8704.10.50,Annex A,8,False,,https://ustr.gov/sites/default/files/2018-13248.pdf,,not_yet_modelled
us_301_list1_2018,9012.10.00,9012.10.00,Annex A,8,False,,https://ustr.gov/sites/default/files/2018-13248.pdf,,not_yet_modelled
us_301_list1_2018,9022.30.00,9022.30.00,Annex A,8,False,,https://ustr.gov/sites/default/files/2018-13248.pdf,,not_yet_modelled
us_301_list1_2018,8544.49.90,8544.49.90,Annex A,8,False,,https://ustr.gov/sites/default/files/2018-13248.pdf,,not_yet_modelled
us_301_list1_2018,8704.21.00,8704.21.00,Annex A,8,False,,https://ustr.gov/sites/default/files/2018-13248.pdf,,not_yet_modelled
us_301_list1_2018,9012.90.00,9012.90.00,Annex A,8,False,,https://ustr.gov/sites/default/files/2018-13248.pdf,,not_yet_modelled
us_301_list1_2018,9022.90.05,9022.90.05,Annex A,8,False,,https://ustr.gov/sites/default/files/2018-13248.pdf,,not_yet_modelled
us_301_list1_2018,8544.60.20,8544.60.20,Annex A,8,False,,https://ustr.gov/sites/default/files/2018-13248.pdf,,not_yet_modelled
us_301_list1_2018,8704.22.10,8704.22.10,Annex A,8,False,,https://ustr.gov/sites/default/files/2018-13248.pdf,,not_yet_modelled
us_301_list1_2018,9013.10.45,9013.10.45,Annex A,8,False,,https://ustr.gov/sites/default/files/2018-13248.pdf,,not_yet_modelled
us_301_list1_2018,9022.90.15,9022.90.15,Annex A,8,False,,https://ustr.gov/sites/default/files/2018-13248.pdf,,not_yet_modelled
us_301_list1_2018,8544.60.40,8544.60.40,Annex A,8,False,,https://ustr.gov/sites/default/files/2018-13248.pdf,,not_yet_modelled
us_301_list1_2018,8704.22.50,8704.22.50,Annex A,8,False,,https://ustr.gov/sites/default/files/2018-13248.pdf,,not_yet_modelled
us_301_list1_2018,9013.20.00,9013.20.00,Annex A,8,False,,https://ustr.gov/sites/default/files/2018-13248.pdf,,not_yet_modelled
us_301_list1_2018,9022.90.25,9022.90.25,Annex A,8,False,,https://ustr.gov/sites/default/files/2018-13248.pdf,,not_yet_modelled
us_301_list1_2018,8544.70.00,8544.70.00,Annex A,8,False,,https://ustr.gov/sites/default/files/2018-13248.pdf,,not_yet_modelled
us_301_list1_2018,8704.23.00,8704.23.00,Annex A,8,False,,https://ustr.gov/sites/default/files/2018-13248.pdf,,not_yet_modelled
us_301_list1_2018,9013.80.70,9013.80.70,Annex A,8,False,,https://ustr.gov/sites/default/files/2018-13248.pdf,,not_yet_modelled
us_301_list1_2018,9022.90.40,9022.90.40,Annex A,8,False,,https://ustr.gov/sites/default/files/2018-13248.pdf,,not_yet_modelled
us_301_list1_2018,8601.10.00,8601.10.00,Annex A,8,False,,https://ustr.gov/sites/default/files/2018-13248.pdf,,not_yet_modelled
us_301_list1_2018,8704.31.00,8704.31.00,Annex A,8,False,,https://ustr.gov/sites/default/files/2018-13248.pdf,,not_yet_modelled
us_301_list1_2018,9014.10.70,9014.10.70,Annex A,8,False,,https://ustr.gov/sites/default/files/2018-13248.pdf,,not_yet_modelled
us_301_list1_2018,9022.90.60,9022.90.60,Annex A,8,False,,https://ustr.gov/sites/default/files/2018-13248.pdf,,not_yet_modelled
us_301_list1_2018,8603.10.00,8603.10.00,Annex A,8,False,,https://ustr.gov/sites/default/files/2018-13248.pdf,,not_yet_modelled
us_301_list1_2018,8704.32.00,8704.32.00,Annex A,8,False,,https://ustr.gov/sites/default/files/2018-13248.pdf,,not_yet_modelled
us_301_list1_2018,9014.20.20,9014.20.20,Annex A,8,False,,https://ustr.gov/sites/default/files/2018-13248.pdf,,not_yet_modelled
us_301_list1_2018,9022.90.95,9022.90.95,Annex A,8,False,,https://ustr.gov/sites/default/files/2018-13248.pdf,,not_yet_modelled
us_301_list1_2018,8603.90.00,8603.90.00,Annex A,8,False,,https://ustr.gov/sites/default/files/2018-13248.pdf,,not_yet_modelled
us_301_list1_2018,8705.30.00,8705.30.00,Annex A,8,False,,https://ustr.gov/sites/default/files/2018-13248.pdf,,not_yet_modelled
us_301_list1_2018,9014.20.40,9014.20.40,Annex A,8,False,,https://ustr.gov/sites/default/files/2018-13248.pdf,,not_yet_modelled
us_301_list1_2018,9024.10.00,9024.10.00,Annex A,8,False,,https://ustr.gov/sites/default/files/2018-13248.pdf,,not_yet_modelled
us_301_list1_2018,8604.00.00,8604.00.00,Annex A,8,False,,https://ustr.gov/sites/default/files/2018-13248.pdf,,not_yet_modelled
us_301_list1_2018,8705.40.00,8705.40.00,Annex A,8,False,,https://ustr.gov/sites/default/files/2018-13248.pdf,,not_yet_modelled
us_301_list1_2018,9014.20.60,9014.20.60,Annex A,8,False,,https://ustr.gov/sites/default/files/2018-13248.pdf,,not_yet_modelled
us_301_list1_2018,9024.80.00,9024.80.00,Annex A,8,False,,https://ustr.gov/sites/default/files/2018-13248.pdf,,not_yet_modelled
us_301_list1_2018,8607.12.00,8607.12.00,Annex A,8,False,,https://ustr.gov/sites/default/files/2018-13248.pdf,,not_yet_modelled
us_301_list1_2018,8706.00.25,8706.00.25,Annex A,8,False,,https://ustr.gov/sites/default/files/2018-13248.pdf,,not_yet_modelled
us_301_list1_2018,9014.20.80,9014.20.80,Annex A,8,False,,https://ustr.gov/sites/default/files/2018-13248.pdf,,not_yet_modelled
us_301_list1_2018,9024.90.00,9024.90.00,Annex A,8,False,,https://ustr.gov/sites/default/files/2018-13248.pdf,,not_yet_modelled
us_301_list1_2018,8607.19.06,8607.19.06,Annex A,8,False,,https://ustr.gov/sites/default/files/2018-13248.pdf,,not_yet_modelled
us_301_list1_2018,8706.00.30,8706.00.30,Annex A,8,False,,https://ustr.gov/sites/default/files/2018-13248.pdf,,not_yet_modelled
us_301_list1_2018,9014.80.10,9014.80.10,Annex A,8,False,,https://ustr.gov/sites/default/files/2018-13248.pdf,,not_yet_modelled
us_301_list1_2018,9026.10.20,9026.10.20,Annex A,8,False,,https://ustr.gov/sites/default/files/2018-13248.pdf,,not_yet_modelled
us_301_list1_2018,9026.20.40,9026.20.40,Annex A,9,False,,https://ustr.gov/sites/default/files/2018-13248.pdf,,not_yet_modelled
us_301_list1_2018,9027.90.54,9027.90.54,Annex A,9,False,,https://ustr.gov/sites/default/files/2018-13248.pdf,,not_yet_modelled
us_301_list1_2018,9030.90.66,9030.90.66,Annex A,9,False,,https://ustr.gov/sites/default/files/2018-13248.pdf,,not_yet_modelled
us_301_list1_2018,9031.90.70,9031.90.70,Annex A,9,False,,https://ustr.gov/sites/default/files/2018-13248.pdf,,not_yet_modelled
us_301_list1_2018,9026.80.20,9026.80.20,Annex A,9,False,,https://ustr.gov/sites/default/files/2018-13248.pdf,,not_yet_modelled
us_301_list1_2018,9027.90.56,9027.90.56,Annex A,9,False,,https://ustr.gov/sites/default/files/2018-13248.pdf,,not_yet_modelled
us_301_list1_2018,9030.90.68,9030.90.68,Annex A,9,False,,https://ustr.gov/sites/default/files/2018-13248.pdf,,not_yet_modelled
us_301_list1_2018,9031.90.91,9031.90.91,Annex A,9,False,,https://ustr.gov/sites/default/files/2018-13248.pdf,,not_yet_modelled
us_301_list1_2018,9026.90.20,9026.90.20,Annex A,9,False,,https://ustr.gov/sites/default/files/2018-13248.pdf,,not_yet_modelled
us_301_list1_2018,9027.90.59,9027.90.59,Annex A,9,False,,https://ustr.gov/sites/default/files/2018-13248.pdf,,not_yet_modelled
us_301_list1_2018,9030.90.84,9030.90.84,Annex A,9,False,,https://ustr.gov/sites/default/files/2018-13248.pdf,,not_yet_modelled
us_301_list1_2018,9032.10.00,9032.10.00,Annex A,9,False,,https://ustr.gov/sites/default/files/2018-13248.pdf,,not_yet_modelled
us_301_list1_2018,9026.90.40,9026.90.40,Annex A,9,False,,https://ustr.gov/sites/default/files/2018-13248.pdf,,not_yet_modelled
us_301_list1_2018,9027.90.64,9027.90.64,Annex A,9,False,,https://ustr.gov/sites/default/files/2018-13248.pdf,,not_yet_modelled
us_301_list1_2018,9030.90.89,9030.90.89,Annex A,9,False,,https://ustr.gov/sites/default/files/2018-13248.pdf,,not_yet_modelled
us_301_list1_2018,9032.20.00,9032.20.00,Annex A,9,False,,https://ustr.gov/sites/default/files/2018-13248.pdf,,not_yet_modelled
us_301_list1_2018,9026.90.60,9026.90.60,Annex A,9,False,,https://ustr.gov/sites/default/files/2018-13248.pdf,,not_yet_modelled
us_301_list1_2018,9027.90.84,9027.90.84,Annex A,9,False,,https://ustr.gov/sites/default/files/2018-13248.pdf,,not_yet_modelled
us_301_list1_2018,9031.10.00,9031.10.00,Annex A,9,False,,https://ustr.gov/sites/default/files/2018-13248.pdf,,not_yet_modelled
us_301_list1_2018,9032.81.00,9032.81.00,Annex A,9,False,,https://ustr.gov/sites/default/files/2018-13248.pdf,,not_yet_modelled
us_301_list1_2018,9027.20.50,9027.20.50,Annex A,9,False,,https://ustr.gov/sites/default/files/2018-13248.pdf,,not_yet_modelled
us_301_list1_2018,9027.90.88,9027.90.88,Annex A,9,False,,https://ustr.gov/sites/default/files/2018-13248.pdf,,not_yet_modelled
us_301_list1_2018,9031.20.00,9031.20.00,Annex A,9,False,,https://ustr.gov/sites/default/files/2018-13248.pdf,,not_yet_modelled
us_301_list1_2018,9032.89.20,9032.89.20,Annex A,9,False,,https://ustr.gov/sites/default/files/2018-13248.pdf,,not_yet_modelled
us_301_list1_2018,9027.20.80,9027.20.80,Annex A,9,False,,https://ustr.gov/sites/default/files/2018-13248.pdf,,not_yet_modelled
us_301_list1_2018,9028.90.00,9028.90.00,Annex A,9,False,,https://ustr.gov/sites/default/files/2018-13248.pdf,,not_yet_modelled
us_301_list1_2018,9031.41.00,9031.41.00,Annex A,9,False,,https://ustr.gov/sites/default/files/2018-13248.pdf,,not_yet_modelled
us_301_list1_2018,9032.89.40,9032.89.40,Annex A,9,False,,https://ustr.gov/sites/default/files/2018-13248.pdf,,not_yet_modelled
us_301_list1_2018,9027.30.40,9027.30.40,Annex A,9,False,,https://ustr.gov/sites/default/files/2018-13248.pdf,,not_yet_modelled
us_301_list1_2018,9030.10.00,9030.10.00,Annex A,9,False,,https://ustr.gov/sites/default/files/2018-13248.pdf,,not_yet_modelled
us_301_list1_2018,9031.49.10,9031.49.10,Annex A,9,False,,https://ustr.gov/sites/default/files/2018-13248.pdf,,not_yet_modelled
us_301_list1_2018,9032.89.60,9032.89.60,Annex A,9,False,,https://ustr.gov/sites/default/files/2018-13248.pdf,,not_yet_modelled
us_301_list1_2018,9027.30.80,9027.30.80,Annex A,9,False,,https://ustr.gov/sites/default/files/2018-13248.pdf,,not_yet_modelled
us_301_list1_2018,9030.20.05,9030.20.05,Annex A,9,False,,https://ustr.gov/sites/default/files/2018-13248.pdf,,not_yet_modelled
us_301_list1_2018,9031.49.40,9031.49.40,Annex A,9,False,,https://ustr.gov/sites/default/files/2018-13248.pdf,,not_yet_modelled
us_301_list1_2018,9032.90.21,9032.90.21,Annex A,9,False,,https://ustr.gov/sites/default/files/2018-13248.pdf,,not_yet_modelled
us_301_list1_2018,9027.50.10,9027.50.10,Annex A,9,False,,https://ustr.gov/sites/default/files/2018-13248.pdf,,not_yet_modelled
us_301_list1_2018,9030.33.34,9030.33.34,Annex A,9,False,,https://ustr.gov/sites/default/files/2018-13248.pdf,,not_yet_modelled
us_301_list1_2018,9031.49.70,9031.49.70,Annex A,9,False,,https://ustr.gov/sites/default/files/2018-13248.pdf,,not_yet_modelled
us_301_list1_2018,9032.90.41,9032.90.41,Annex A,9,False,,https://ustr.gov/sites/default/files/2018-13248.pdf,,not_yet_modelled
us_301_list1_2018,9027.50.40,9027.50.40,Annex A,9,False,,https://ustr.gov/sites/default/files/2018-13248.pdf,,not_yet_modelled
us_301_list1_2018,9030.33.38,9030.33.38,Annex A,9,False,,https://ustr.gov/sites/default/files/2018-13248.pdf,,not_yet_modelled
us_301_list1_2018,9031.49.90,9031.49.90,Annex A,9,False,,https://ustr.gov/sites/default/files/2018-13248.pdf,,not_yet_modelled
us_301_list1_2018,9032.90.61,9032.90.61,Annex A,9,False,,https://ustr.gov/sites/default/files/2018-13248.pdf,,not_yet_modelled
us_301_list1_2018,9027.50.80,9027.50.80,Annex A,9,False,,https://ustr.gov/sites/default/files/2018-13248.pdf,,not_yet_modelled
us_301_list1_2018,9030.39.01,9030.39.01,Annex A,9,False,,https://ustr.gov/sites/default/files/2018-13248.pdf,,not_yet_modelled
us_301_list1_2018,9031.80.40,9031.80.40,Annex A,9,False,,https://ustr.gov/sites/default/files/2018-13248.pdf,,not_yet_modelled
us_301_list1_2018,9033.00.20,9033.00.20,Annex A,9,False,,https://ustr.gov/sites/default/files/2018-13248.pdf,,not_yet_modelled
us_301_list1_2018,9027.80.25,9027.80.25,Annex A,9,False,,https://ustr.gov/sites/default/files/2018-13248.pdf,,not_yet_modelled
us_301_list1_2018,9030.40.00,9030.40.00,Annex A,9,False,,https://ustr.gov/sites/default/files/2018-13248.pdf,,not_yet_modelled
us_301_list1_2018,9031.80.80,9031.80.80,Annex A,9,False,,https://ustr.gov/sites/default/files/2018-13248.pdf,,not_yet_modelled
us_301_list1_2018,9033.00.30,9033.00.30,Annex A,9,False,,https://ustr.gov/sites/default/files/2018-13248.pdf,,not_yet_modelled
us_301_list1_2018,9027.80.45,9027.80.45,Annex A,9,False,,https://ustr.gov/sites/default/files/2018-13248.pdf,,not_yet_modelled
us_301_list1_2018,9030.82.00,9030.82.00,Annex A,9,False,,https://ustr.gov/sites/default/files/2018-13248.pdf,,not_yet_modelled
us_301_list1_2018,9031.90.21,9031.90.21,Annex A,9,False,,https://ustr.gov/sites/default/files/2018-13248.pdf,,not_yet_modelled
us_301_list1_2018,9033.00,9033.00.90,Annex A,9,True,16,https://ustr.gov/sites/default/files/2018-13248.pdf,https://ustr.gov/sites/default/files/enforcement/301Investigations/2018-17709.pdf,not_yet_modelled
us_301_list1_2018,9027.80.80,9027.80.80,Annex A,9,False,,https://ustr.gov/sites/default/files/2018-13248.pdf,,not_yet_modelled
us_301_list1_2018,9030.90.25,9030.90.25,Annex A,9,False,,https://ustr.gov/sites/default/files/2018-13248.pdf,,not_yet_modelled
us_301_list1_2018,9031.90.54,9031.90.54,Annex A,9,False,,https://ustr.gov/sites/default/files/2018-13248.pdf,,not_yet_modelled
us_301_list1_2018,9027.90.45,9027.90.45,Annex A,9,False,,https://ustr.gov/sites/default/files/2018-13248.pdf,,not_yet_modelled
us_301_list1_2018,9030.90.46,9030.90.46,Annex A,9,False,,https://ustr.gov/sites/default/files/2018-13248.pdf,,not_yet_modelled
us_301_list1_2018,9031.90.59,9031.90.59,Annex A,9,False,,https://ustr.gov/sites/default/files/2018-13248.pdf,,not_yet_modelled
