hs6_2017,assignment_status,primary_role,exclusion_reasons,pre_china_value_usd,list1_pre_china_value_usd,list1_pre_value_share,positive_pre_months,minimum_positive_pre_months,list1_scope_overlap,concurrent_policy_ids,explicit_list1_exclusion,naics3_candidates,selection_window,post_policy_activity_used
010121,non_list1,excluded,insufficient_positive_pre_months,0,0,0.000000000000,0,24,0,,0,112,2016-01_to_2018-05,0
010129,non_list1,excluded,insufficient_positive_pre_months,1429976,0,0.000000000000,6,24,0,,0,112,2016-01_to_2018-05,0
010130,non_list1,excluded,insufficient_positive_pre_months,0,0,0.000000000000,0,24,0,,0,112,2016-01_to_2018-05,0
010190,non_list1,excluded,insufficient_positive_pre_months,0,0,0.000000000000,0,24,0,,0,112,2016-01_to_2018-05,0
010221,non_list1,excluded,insufficient_positive_pre_months,0,0,0.000000000000,0,24,0,,0,112,2016-01_to_2018-05,0
010229,non_list1,excluded,insufficient_positive_pre_months,0,0,0.000000000000,0,24,0,,0,112,2016-01_to_2018-05,0
010231,non_list1,excluded,insufficient_positive_pre_months,0,0,0.000000000000,0,24,0,,0,112,2016-01_to_2018-05,0
010239,non_list1,excluded,insufficient_positive_pre_months,0,0,0.000000000000,0,24,0,,0,112,2016-01_to_2018-05,0
010290,non_list1,excluded,insufficient_positive_pre_months,0,0,0.000000000000,0,24,0,,0,112,2016-01_to_2018-05,0
010310,non_list1,excluded,insufficient_positive_pre_months,0,0,0.000000000000,0,24,0,,0,112,2016-01_to_2018-05,0
010391,non_list1,excluded,insufficient_positive_pre_months,0,0,0.000000000000,0,24,0,,0,112,2016-01_to_2018-05,0
010392,non_list1,excluded,insufficient_positive_pre_months,0,0,0.000000000000,0,24,0,,0,112,2016-01_to_2018-05,0
010410,non_list1,excluded,insufficient_positive_pre_months,0,0,0.000000000000,0,24,0,,0,112,2016-01_to_2018-05,0
010420,non_list1,excluded,insufficient_positive_pre_months,0,0,0.000000000000,0,24,0,,0,112,2016-01_to_2018-05,0
010511,non_list1,excluded,insufficient_positive_pre_months,0,0,0.000000000000,0,24,0,,0,112,2016-01_to_2018-05,0
010512,non_list1,excluded,insufficient_positive_pre_months,0,0,0.000000000000,0,24,0,,0,112,2016-01_to_2018-05,0
010513,non_list1,excluded,insufficient_positive_pre_months,0,0,0.000000000000,0,24,0,,0,112,2016-01_to_2018-05,0
010514,non_list1,excluded,insufficient_positive_pre_months,0,0,0.000000000000,0,24,0,,0,112,2016-01_to_2018-05,0
010594,non_list1,excluded,insufficient_positive_pre_months,0,0,0.000000000000,0,24,0,,0,112,2016-01_to_2018-05,0
010599,non_list1,excluded,insufficient_positive_pre_months,0,0,0.000000000000,0,24,0,,0,112,2016-01_to_2018-05,0
010611,non_list1,control_candidate,,94360433,0,0.000000000000,29,24,0,,0,112,2016-01_to_2018-05,0
010613,non_list1,excluded,insufficient_positive_pre_months,0,0,0.000000000000,0,24,0,,0,112,2016-01_to_2018-05,0
010614,non_list1,excluded,insufficient_positive_pre_months,0,0,0.000000000000,0,24,0,,0,112,2016-01_to_2018-05,0
010619,non_list1,excluded,insufficient_positive_pre_months,214903,0,0.000000000000,21,24,0,,0,112,2016-01_to_2018-05,0
010620,non_list1,excluded,insufficient_positive_pre_months,23358,0,0.000000000000,3,24,0,,0,112,2016-01_to_2018-05,0
010631,non_list1,excluded,insufficient_positive_pre_months,0,0,0.000000000000,0,24,0,,0,112,2016-01_to_2018-05,0
010632,non_list1,excluded,insufficient_positive_pre_months,0,0,0.000000000000,0,24,0,,0,112,2016-01_to_2018-05,0
010633,non_list1,excluded,insufficient_positive_pre_months,0,0,0.000000000000,0,24,0,,0,112,2016-01_to_2018-05,0
010639,non_list1,excluded,insufficient_positive_pre_months,0,0,0.000000000000,0,24,0,,0,112,2016-01_to_2018-05,0
010641,non_list1,excluded,insufficient_positive_pre_months,0,0,0.000000000000,0,24,0,,0,112,2016-01_to_2018-05,0
010649,non_list1,excluded,insufficient_positive_pre_months,9244,0,0.000000000000,1,24,0,,0,112,2016-01_to_2018-05,0
010690,non_list1,excluded,insufficient_positive_pre_months,35135,0,0.000000000000,6,24,0,,0,112,2016-01_to_2018-05,0
020110,non_list1,excluded,insufficient_positive_pre_months,0,0,0.000000000000,0,24,0,,0,311,2016-01_to_2018-05,0
020120,non_list1,excluded,insufficient_positive_pre_months,0,0,0.000000000000,0,24,0,,0,311,2016-01_to_2018-05,0
020130,non_list1,excluded,insufficient_positive_pre_months,0,0,0.000000000000,0,24,0,,0,311,2016-01_to_2018-05,0
020210,non_list1,excluded,insufficient_positive_pre_months,0,0,0.000000000000,0,24,0,,0,311,2016-01_to_2018-05,0
020220,non_list1,excluded,insufficient_positive_pre_months,0,0,0.000000000000,0,24,0,,0,311,2016-01_to_2018-05,0
020230,non_list1,excluded,insufficient_positive_pre_months,0,0,0.000000000000,0,24,0,,0,311,2016-01_to_2018-05,0
020311,non_list1,excluded,insufficient_positive_pre_months,0,0,0.000000000000,0,24,0,,0,311,2016-01_to_2018-05,0
020312,non_list1,excluded,insufficient_positive_pre_months,0,0,0.000000000000,0,24,0,,0,311,2016-01_to_2018-05,0
020319,non_list1,excluded,insufficient_positive_pre_months,0,0,0.000000000000,0,24,0,,0,311,2016-01_to_2018-05,0
020321,non_list1,excluded,insufficient_positive_pre_months,0,0,0.000000000000,0,24,0,,0,311,2016-01_to_2018-05,0
020322,non_list1,excluded,insufficient_positive_pre_months,0,0,0.000000000000,0,24,0,,0,311,2016-01_to_2018-05,0
020329,non_list1,excluded,insufficient_positive_pre_months|direct_policy_scope_overlap,0,0,0.000000000000,0,24,0,us_301_list3_2018,0,311,2016-01_to_2018-05,0
020410,non_list1,excluded,insufficient_positive_pre_months,0,0,0.000000000000,0,24,0,,0,311,2016-01_to_2018-05,0
020422,non_list1,excluded,insufficient_positive_pre_months,0,0,0.000000000000,0,24,0,,0,311,2016-01_to_2018-05,0
020423,non_list1,excluded,insufficient_positive_pre_months,0,0,0.000000000000,0,24,0,,0,311,2016-01_to_2018-05,0
020430,non_list1,excluded,insufficient_positive_pre_months,0,0,0.000000000000,0,24,0,,0,311,2016-01_to_2018-05,0
020441,non_list1,excluded,insufficient_positive_pre_months,0,0,0.000000000000,0,24,0,,0,311,2016-01_to_2018-05,0
020442,non_list1,excluded,insufficient_positive_pre_months,0,0,0.000000000000,0,24,0,,0,311,2016-01_to_2018-05,0
020443,non_list1,excluded,insufficient_positive_pre_months,81634,0,0.000000000000,1,24,0,,0,311,2016-01_to_2018-05,0
020450,non_list1,excluded,insufficient_positive_pre_months,0,0,0.000000000000,0,24,0,,0,311,2016-01_to_2018-05,0
020500,non_list1,excluded,insufficient_positive_pre_months,0,0,0.000000000000,0,24,0,,0,311,2016-01_to_2018-05,0
020610,non_list1,excluded,insufficient_positive_pre_months|direct_policy_scope_overlap,10518,0,0.000000000000,1,24,0,us_301_list3_2018,0,311,2016-01_to_2018-05,0
020621,non_list1,excluded,insufficient_positive_pre_months,0,0,0.000000000000,0,24,0,,0,311,2016-01_to_2018-05,0
020622,non_list1,excluded,insufficient_positive_pre_months,0,0,0.000000000000,0,24,0,,0,311,2016-01_to_2018-05,0
020629,non_list1,excluded,insufficient_positive_pre_months,0,0,0.000000000000,0,24,0,,0,311,2016-01_to_2018-05,0
020630,non_list1,excluded,insufficient_positive_pre_months,0,0,0.000000000000,0,24,0,,0,311,2016-01_to_2018-05,0
020641,non_list1,excluded,insufficient_positive_pre_months,0,0,0.000000000000,0,24,0,,0,311,2016-01_to_2018-05,0
020649,non_list1,excluded,insufficient_positive_pre_months,0,0,0.000000000000,0,24,0,,0,311,2016-01_to_2018-05,0
020680,non_list1,excluded,insufficient_positive_pre_months,0,0,0.000000000000,0,24,0,,0,311,2016-01_to_2018-05,0
020690,non_list1,excluded,insufficient_positive_pre_months,0,0,0.000000000000,0,24,0,,0,311,2016-01_to_2018-05,0
020711,non_list1,excluded,insufficient_positive_pre_months,0,0,0.000000000000,0,24,0,,0,311,2016-01_to_2018-05,0
020712,non_list1,excluded,insufficient_positive_pre_months,0,0,0.000000000000,0,24,0,,0,311,2016-01_to_2018-05,0
020713,non_list1,excluded,insufficient_positive_pre_months,0,0,0.000000000000,0,24,0,,0,311,2016-01_to_2018-05,0
020714,non_list1,excluded,insufficient_positive_pre_months,0,0,0.000000000000,0,24,0,,0,311,2016-01_to_2018-05,0
020724,non_list1,excluded,insufficient_positive_pre_months,0,0,0.000000000000,0,24,0,,0,311,2016-01_to_2018-05,0
020725,non_list1,excluded,insufficient_positive_pre_months,0,0,0.000000000000,0,24,0,,0,311,2016-01_to_2018-05,0
020726,non_list1,excluded,insufficient_positive_pre_months,0,0,0.000000000000,0,24,0,,0,311,2016-01_to_2018-05,0
020727,non_list1,excluded,insufficient_positive_pre_months,0,0,0.000000000000,0,24,0,,0,311,2016-01_to_2018-05,0
020741,non_list1,excluded,insufficient_positive_pre_months,0,0,0.000000000000,0,24,0,,0,311,2016-01_to_2018-05,0
020742,non_list1,excluded,insufficient_positive_pre_months,0,0,0.000000000000,0,24,0,,0,311,2016-01_to_2018-05,0
020743,non_list1,excluded,insufficient_positive_pre_months,0,0,0.000000000000,0,24,0,,0,311,2016-01_to_2018-05,0
020744,non_list1,excluded,insufficient_positive_pre_months,0,0,0.000000000000,0,24,0,,0,311,2016-01_to_2018-05,0
020745,non_list1,excluded,insufficient_positive_pre_months,0,0,0.000000000000,0,24,0,,0,311,2016-01_to_2018-05,0
020760,non_list1,excluded,insufficient_positive_pre_months,0,0,0.000000000000,0,24,0,,0,311,2016-01_to_2018-05,0
020810,non_list1,excluded,direct_policy_scope_overlap,7567917,0,0.000000000000,26,24,0,us_301_list3_2018,0,311,2016-01_to_2018-05,0
020850,non_list1,excluded,insufficient_positive_pre_months,0,0,0.000000000000,0,24,0,,0,311,2016-01_to_2018-05,0
020890,non_list1,excluded,direct_policy_scope_overlap,30544379,0,0.000000000000,28,24,0,us_301_list3_2018,0,311,2016-01_to_2018-05,0
020910,non_list1,excluded,insufficient_positive_pre_months,0,0,0.000000000000,0,24,0,,0,311,2016-01_to_2018-05,0
020990,non_list1,excluded,insufficient_positive_pre_months,0,0,0.000000000000,0,24,0,,0,311,2016-01_to_2018-05,0
021011,non_list1,excluded,insufficient_positive_pre_months,0,0,0.000000000000,0,24,0,,0,311,2016-01_to_2018-05,0
021012,non_list1,excluded,insufficient_positive_pre_months,0,0,0.000000000000,0,24,0,,0,311,2016-01_to_2018-05,0
021019,non_list1,excluded,insufficient_positive_pre_months|direct_policy_scope_overlap,10027,0,0.000000000000,1,24,0,us_301_list3_2018,0,311,2016-01_to_2018-05,0
021020,non_list1,excluded,insufficient_positive_pre_months,0,0,0.000000000000,0,24,0,,0,311,2016-01_to_2018-05,0
021093,non_list1,excluded,insufficient_positive_pre_months,0,0,0.000000000000,0,24,0,,0,311,2016-01_to_2018-05,0
021099,non_list1,excluded,insufficient_positive_pre_months,0,0,0.000000000000,0,24,0,,0,311,2016-01_to_2018-05,0
030111,non_list1,excluded,direct_policy_scope_overlap,3919190,0,0.000000000000,29,24,0,us_301_list3_2018,0,112,2016-01_to_2018-05,0
030119,non_list1,excluded,insufficient_positive_pre_months|direct_policy_scope_overlap,73847,0,0.000000000000,9,24,0,us_301_list3_2018,0,112,2016-01_to_2018-05,0
030191,non_list1,excluded,insufficient_positive_pre_months|direct_policy_scope_overlap,0,0,0.000000000000,0,24,0,us_301_list3_2018,0,112,2016-01_to_2018-05,0
030192,non_list1,excluded,insufficient_positive_pre_months|direct_policy_scope_overlap,0,0,0.000000000000,0,24,0,us_301_list3_2018,0,112,2016-01_to_2018-05,0
030193,non_list1,excluded,insufficient_positive_pre_months|direct_policy_scope_overlap,0,0,0.000000000000,0,24,0,us_301_list3_2018,0,112,2016-01_to_2018-05,0
030194,non_list1,excluded,insufficient_positive_pre_months|direct_policy_scope_overlap,0,0,0.000000000000,0,24,0,us_301_list3_2018,0,112,2016-01_to_2018-05,0
030195,non_list1,excluded,insufficient_positive_pre_months|direct_policy_scope_overlap,0,0,0.000000000000,0,24,0,us_301_list3_2018,0,112,2016-01_to_2018-05,0
030199,non_list1,excluded,insufficient_positive_pre_months|direct_policy_scope_overlap,0,0,0.000000000000,0,24,0,us_301_list3_2018,0,112,2016-01_to_2018-05,0
030211,non_list1,excluded,insufficient_positive_pre_months|direct_policy_scope_overlap,0,0,0.000000000000,0,24,0,us_301_list3_2018,0,112|114,2016-01_to_2018-05,0
030213,non_list1,excluded,insufficient_positive_pre_months|direct_policy_scope_overlap,501572,0,0.000000000000,5,24,0,us_301_list3_2018,0,112|114,2016-01_to_2018-05,0
030214,non_list1,excluded,insufficient_positive_pre_months|direct_policy_scope_overlap,0,0,0.000000000000,0,24,0,us_301_list3_2018,0,112|114,2016-01_to_2018-05,0
030219,non_list1,excluded,insufficient_positive_pre_months|direct_policy_scope_overlap,0,0,0.000000000000,0,24,0,us_301_list3_2018,0,114,2016-01_to_2018-05,0
030221,non_list1,excluded,insufficient_positive_pre_months|direct_policy_scope_overlap,0,0,0.000000000000,0,24,0,us_301_list3_2018,0,114,2016-01_to_2018-05,0
030222,non_list1,excluded,insufficient_positive_pre_months|direct_policy_scope_overlap,0,0,0.000000000000,0,24,0,us_301_list3_2018,0,114,2016-01_to_2018-05,0
030223,non_list1,excluded,insufficient_positive_pre_months|direct_policy_scope_overlap,34960,0,0.000000000000,1,24,0,us_301_list3_2018,0,114,2016-01_to_2018-05,0
030224,non_list1,excluded,insufficient_positive_pre_months|direct_policy_scope_overlap,0,0,0.000000000000,0,24,0,us_301_list3_2018,0,114,2016-01_to_2018-05,0
030229,non_list1,excluded,insufficient_positive_pre_months|direct_policy_scope_overlap,93470,0,0.000000000000,10,24,0,us_301_list3_2018,0,114,2016-01_to_2018-05,0
030231,non_list1,excluded,insufficient_positive_pre_months|direct_policy_scope_overlap,0,0,0.000000000000,0,24,0,us_301_list3_2018,0,114,2016-01_to_2018-05,0
030232,non_list1,excluded,insufficient_positive_pre_months|direct_policy_scope_overlap,4416,0,0.000000000000,1,24,0,us_301_list3_2018,0,114,2016-01_to_2018-05,0
030233,non_list1,excluded,insufficient_positive_pre_months|direct_policy_scope_overlap,0,0,0.000000000000,0,24,0,us_301_list3_2018,0,114,2016-01_to_2018-05,0
030234,non_list1,excluded,insufficient_positive_pre_months|direct_policy_scope_overlap,6939,0,0.000000000000,1,24,0,us_301_list3_2018,0,114,2016-01_to_2018-05,0
030235,non_list1,excluded,insufficient_positive_pre_months|direct_policy_scope_overlap,10061,0,0.000000000000,1,24,0,us_301_list3_2018,0,114,2016-01_to_2018-05,0
030236,non_list1,excluded,insufficient_positive_pre_months|direct_policy_scope_overlap,0,0,0.000000000000,0,24,0,us_301_list3_2018,0,114,2016-01_to_2018-05,0
030239,non_list1,excluded,insufficient_positive_pre_months|direct_policy_scope_overlap,0,0,0.000000000000,0,24,0,us_301_list3_2018,0,114,2016-01_to_2018-05,0
030241,non_list1,excluded,insufficient_positive_pre_months|direct_policy_scope_overlap,0,0,0.000000000000,0,24,0,us_301_list3_2018,0,114,2016-01_to_2018-05,0
030242,non_list1,excluded,insufficient_positive_pre_months|direct_policy_scope_overlap,0,0,0.000000000000,0,24,0,us_301_list3_2018,0,114,2016-01_to_2018-05,0
030243,non_list1,excluded,insufficient_positive_pre_months|direct_policy_scope_overlap,198458,0,0.000000000000,7,24,0,us_301_list3_2018,0,114,2016-01_to_2018-05,0
030244,non_list1,excluded,insufficient_positive_pre_months|direct_policy_scope_overlap,0,0,0.000000000000,0,24,0,us_301_list3_2018,0,114,2016-01_to_2018-05,0
030245,non_list1,excluded,insufficient_positive_pre_months|direct_policy_scope_overlap,781872,0,0.000000000000,8,24,0,us_301_list3_2018,0,114,2016-01_to_2018-05,0
030246,non_list1,excluded,insufficient_positive_pre_months|direct_policy_scope_overlap,0,0,0.000000000000,0,24,0,us_301_list3_2018,0,114,2016-01_to_2018-05,0
030247,non_list1,excluded,insufficient_positive_pre_months|direct_policy_scope_overlap,0,0,0.000000000000,0,24,0,us_301_list3_2018,0,114,2016-01_to_2018-05,0
030249,non_list1,excluded,insufficient_positive_pre_months|direct_policy_scope_overlap,0,0,0.000000000000,0,24,0,us_301_list3_2018,0,114,2016-01_to_2018-05,0
030251,non_list1,excluded,insufficient_positive_pre_months|direct_policy_scope_overlap,0,0,0.000000000000,0,24,0,us_301_list3_2018,0,114,2016-01_to_2018-05,0
030252,non_list1,excluded,insufficient_positive_pre_months|direct_policy_scope_overlap,0,0,0.000000000000,0,24,0,us_301_list3_2018,0,114,2016-01_to_2018-05,0
030254,non_list1,excluded,insufficient_positive_pre_months|direct_policy_scope_overlap,0,0,0.000000000000,0,24,0,us_301_list3_2018,0,114,2016-01_to_2018-05,0
030255,non_list1,excluded,insufficient_positive_pre_months|direct_policy_scope_overlap,0,0,0.000000000000,0,24,0,us_301_list3_2018,0,114,2016-01_to_2018-05,0
030259,non_list1,excluded,insufficient_positive_pre_months|direct_policy_scope_overlap,2847,0,0.000000000000,1,24,0,us_301_list3_2018,0,114,2016-01_to_2018-05,0
030271,non_list1,excluded,insufficient_positive_pre_months|direct_policy_scope_overlap,17290,0,0.000000000000,1,24,0,us_301_list3_2018,0,114,2016-01_to_2018-05,0
030272,non_list1,excluded,insufficient_positive_pre_months|direct_policy_scope_overlap,0,0,0.000000000000,0,24,0,us_301_list3_2018,0,114,2016-01_to_2018-05,0
030273,non_list1,excluded,insufficient_positive_pre_months|direct_policy_scope_overlap,0,0,0.000000000000,0,24,0,us_301_list3_2018,0,114,2016-01_to_2018-05,0
030274,non_list1,excluded,insufficient_positive_pre_months|direct_policy_scope_overlap,40450,0,0.000000000000,3,24,0,us_301_list3_2018,0,114,2016-01_to_2018-05,0
030279,non_list1,excluded,insufficient_positive_pre_months|direct_policy_scope_overlap,0,0,0.000000000000,0,24,0,us_301_list3_2018,0,114,2016-01_to_2018-05,0
030281,non_list1,excluded,insufficient_positive_pre_months|direct_policy_scope_overlap,0,0,0.000000000000,0,24,0,us_301_list3_2018,0,114,2016-01_to_2018-05,0
030282,non_list1,excluded,insufficient_positive_pre_months|direct_policy_scope_overlap,0,0,0.000000000000,0,24,0,us_301_list3_2018,0,114,2016-01_to_2018-05,0
030283,non_list1,excluded,insufficient_positive_pre_months|direct_policy_scope_overlap,0,0,0.000000000000,0,24,0,us_301_list3_2018,0,114,2016-01_to_2018-05,0
030284,non_list1,excluded,insufficient_positive_pre_months|direct_policy_scope_overlap,132000,0,0.000000000000,1,24,0,us_301_list3_2018,0,114,2016-01_to_2018-05,0
030285,non_list1,excluded,insufficient_positive_pre_months|direct_policy_scope_overlap,0,0,0.000000000000,0,24,0,us_301_list3_2018,0,114,2016-01_to_2018-05,0
030289,non_list1,excluded,insufficient_positive_pre_months|direct_policy_scope_overlap,988966,0,0.000000000000,17,24,0,us_301_list3_2018,0,114,2016-01_to_2018-05,0
030291,non_list1,excluded,insufficient_positive_pre_months|direct_policy_scope_overlap,0,0,0.000000000000,0,24,0,us_301_list3_2018,0,114,2016-01_to_2018-05,0
030292,non_list1,excluded,insufficient_positive_pre_months|direct_policy_scope_overlap,0,0,0.000000000000,0,24,0,us_301_list3_2018,0,114,2016-01_to_2018-05,0
030299,non_list1,excluded,insufficient_positive_pre_months|direct_policy_scope_overlap,0,0,0.000000000000,0,24,0,us_301_list3_2018,0,114,2016-01_to_2018-05,0
030311,non_list1,excluded,insufficient_positive_pre_months|direct_policy_scope_overlap,0,0,0.000000000000,0,24,0,us_301_list3_2018,0,114,2016-01_to_2018-05,0
030312,non_list1,excluded,insufficient_positive_pre_months|direct_policy_scope_overlap,25669290,0,0.000000000000,17,24,0,us_301_list3_2018,0,114,2016-01_to_2018-05,0
030313,non_list1,excluded,insufficient_positive_pre_months|direct_policy_scope_overlap,0,0,0.000000000000,0,24,0,us_301_list3_2018,0,114,2016-01_to_2018-05,0
030314,non_list1,excluded,insufficient_positive_pre_months|direct_policy_scope_overlap,0,0,0.000000000000,0,24,0,us_301_list3_2018,0,114,2016-01_to_2018-05,0
030319,non_list1,excluded,insufficient_positive_pre_months|direct_policy_scope_overlap,0,0,0.000000000000,0,24,0,us_301_list3_2018,0,114,2016-01_to_2018-05,0
030323,non_list1,excluded,insufficient_positive_pre_months|direct_policy_scope_overlap,43702688,0,0.000000000000,17,24,0,us_301_list3_2018,0,114,2016-01_to_2018-05,0
030324,non_list1,excluded,insufficient_positive_pre_months|direct_policy_scope_overlap,90231,0,0.000000000000,4,24,0,us_301_list3_2018,0,114,2016-01_to_2018-05,0
030325,non_list1,excluded,insufficient_positive_pre_months|direct_policy_scope_overlap,97755,0,0.000000000000,2,24,0,us_301_list3_2018,0,114,2016-01_to_2018-05,0
030326,non_list1,excluded,insufficient_positive_pre_months|direct_policy_scope_overlap,723723,0,0.000000000000,9,24,0,us_301_list3_2018,0,114,2016-01_to_2018-05,0
030329,non_list1,excluded,insufficient_positive_pre_months|direct_policy_scope_overlap,719834,0,0.000000000000,5,24,0,us_301_list3_2018,0,114,2016-01_to_2018-05,0
030331,non_list1,excluded,insufficient_positive_pre_months|direct_policy_scope_overlap,601894,0,0.000000000000,6,24,0,us_301_list3_2018,0,114,2016-01_to_2018-05,0
030332,non_list1,excluded,insufficient_positive_pre_months|direct_policy_scope_overlap,0,0,0.000000000000,0,24,0,us_301_list3_2018,0,114,2016-01_to_2018-05,0
030333,non_list1,excluded,insufficient_positive_pre_months|direct_policy_scope_overlap,86454,0,0.000000000000,3,24,0,us_301_list3_2018,0,114,2016-01_to_2018-05,0
030334,non_list1,excluded,insufficient_positive_pre_months|direct_policy_scope_overlap,0,0,0.000000000000,0,24,0,us_301_list3_2018,0,114,2016-01_to_2018-05,0
030339,non_list1,excluded,insufficient_positive_pre_months|direct_policy_scope_overlap,673265,0,0.000000000000,14,24,0,us_301_list3_2018,0,114,2016-01_to_2018-05,0
030341,non_list1,excluded,insufficient_positive_pre_months|direct_policy_scope_overlap,667643,0,0.000000000000,7,24,0,us_301_list3_2018,0,114,2016-01_to_2018-05,0
030342,non_list1,excluded,insufficient_positive_pre_months|direct_policy_scope_overlap,97601,0,0.000000000000,3,24,0,us_301_list3_2018,0,114,2016-01_to_2018-05,0
030343,non_list1,excluded,insufficient_positive_pre_months|direct_policy_scope_overlap,0,0,0.000000000000,0,24,0,us_301_list3_2018,0,114,2016-01_to_2018-05,0
030344,non_list1,excluded,insufficient_positive_pre_months|direct_policy_scope_overlap,72868,0,0.000000000000,1,24,0,us_301_list3_2018,0,114,2016-01_to_2018-05,0
030345,non_list1,excluded,insufficient_positive_pre_months|direct_policy_scope_overlap,0,0,0.000000000000,0,24,0,us_301_list3_2018,0,114,2016-01_to_2018-05,0
030346,non_list1,excluded,insufficient_positive_pre_months|direct_policy_scope_overlap,0,0,0.000000000000,0,24,0,us_301_list3_2018,0,114,2016-01_to_2018-05,0
030349,non_list1,excluded,insufficient_positive_pre_months|direct_policy_scope_overlap,0,0,0.000000000000,0,24,0,us_301_list3_2018,0,114,2016-01_to_2018-05,0
030351,non_list1,excluded,insufficient_positive_pre_months|direct_policy_scope_overlap,0,0,0.000000000000,0,24,0,us_301_list3_2018,0,114,2016-01_to_2018-05,0
030353,non_list1,excluded,insufficient_positive_pre_months|direct_policy_scope_overlap,185839,0,0.000000000000,3,24,0,us_301_list3_2018,0,114,2016-01_to_2018-05,0
030354,non_list1,excluded,insufficient_positive_pre_months|direct_policy_scope_overlap,522855,0,0.000000000000,13,24,0,us_301_list3_2018,0,114,2016-01_to_2018-05,0
030355,non_list1,excluded,insufficient_positive_pre_months|direct_policy_scope_overlap,1427372,0,0.000000000000,15,24,0,us_301_list3_2018,0,114,2016-01_to_2018-05,0
030356,non_list1,excluded,insufficient_positive_pre_months|direct_policy_scope_overlap,0,0,0.000000000000,0,24,0,us_301_list3_2018,0,114,2016-01_to_2018-05,0
030357,non_list1,excluded,insufficient_positive_pre_months|direct_policy_scope_overlap,0,0,0.000000000000,0,24,0,us_301_list3_2018,0,114,2016-01_to_2018-05,0
030359,non_list1,excluded,insufficient_positive_pre_months|direct_policy_scope_overlap,1174367,0,0.000000000000,13,24,0,us_301_list3_2018,0,114,2016-01_to_2018-05,0
030363,non_list1,excluded,insufficient_positive_pre_months|direct_policy_scope_overlap,20926544,0,0.000000000000,17,24,0,us_301_list3_2018,0,114,2016-01_to_2018-05,0
030364,non_list1,excluded,insufficient_positive_pre_months|direct_policy_scope_overlap,191711,0,0.000000000000,4,24,0,us_301_list3_2018,0,114,2016-01_to_2018-05,0
030365,non_list1,excluded,insufficient_positive_pre_months|direct_policy_scope_overlap,0,0,0.000000000000,0,24,0,us_301_list3_2018,0,114,2016-01_to_2018-05,0
030366,non_list1,excluded,insufficient_positive_pre_months|direct_policy_scope_overlap,0,0,0.000000000000,0,24,0,us_301_list3_2018,0,114,2016-01_to_2018-05,0
030367,non_list1,excluded,insufficient_positive_pre_months|direct_policy_scope_overlap,1869783,0,0.000000000000,13,24,0,us_301_list3_2018,0,114,2016-01_to_2018-05,0
030368,non_list1,excluded,insufficient_positive_pre_months|direct_policy_scope_overlap,0,0,0.000000000000,0,24,0,us_301_list3_2018,0,114,2016-01_to_2018-05,0
030369,non_list1,excluded,insufficient_positive_pre_months,2517710,0,0.000000000000,16,24,0,,0,114,2016-01_to_2018-05,0
030381,non_list1,excluded,insufficient_positive_pre_months|direct_policy_scope_overlap,0,0,0.000000000000,0,24,0,us_301_list3_2018,0,114,2016-01_to_2018-05,0
030382,non_list1,excluded,insufficient_positive_pre_months|direct_policy_scope_overlap,0,0,0.000000000000,0,24,0,us_301_list3_2018,0,114,2016-01_to_2018-05,0
030383,non_list1,excluded,insufficient_positive_pre_months|direct_policy_scope_overlap,0,0,0.000000000000,0,24,0,us_301_list3_2018,0,114,2016-01_to_2018-05,0
030384,non_list1,excluded,insufficient_positive_pre_months|direct_policy_scope_overlap,0,0,0.000000000000,0,24,0,us_301_list3_2018,0,114,2016-01_to_2018-05,0
030389,non_list1,excluded,insufficient_positive_pre_months|direct_policy_scope_overlap,103644311,0,0.000000000000,17,24,0,us_301_list3_2018,0,114,2016-01_to_2018-05,0
030391,non_list1,excluded,insufficient_positive_pre_months|direct_policy_scope_overlap,1845318,0,0.000000000000,14,24,0,us_301_list3_2018,0,114,2016-01_to_2018-05,0
030392,non_list1,excluded,insufficient_positive_pre_months|direct_policy_scope_overlap,0,0,0.000000000000,0,24,0,us_301_list3_2018,0,114,2016-01_to_2018-05,0
030399,non_list1,excluded,insufficient_positive_pre_months|direct_policy_scope_overlap,12900,0,0.000000000000,1,24,0,us_301_list3_2018,0,114,2016-01_to_2018-05,0
030431,non_list1,excluded,insufficient_positive_pre_months|direct_policy_scope_overlap,0,0,0.000000000000,0,24,0,us_301_list3_2018,0,114,2016-01_to_2018-05,0
030432,non_list1,excluded,insufficient_positive_pre_months|direct_policy_scope_overlap,5117159,0,0.000000000000,16,24,0,us_301_list3_2018,0,114,2016-01_to_2018-05,0
030433,non_list1,excluded,insufficient_positive_pre_months|direct_policy_scope_overlap,522629,0,0.000000000000,8,24,0,us_301_list3_2018,0,114,2016-01_to_2018-05,0
030439,non_list1,excluded,insufficient_positive_pre_months|direct_policy_scope_overlap,482533,0,0.000000000000,5,24,0,us_301_list3_2018,0,114,2016-01_to_2018-05,0
030441,non_list1,excluded,direct_policy_scope_overlap,11575963,0,0.000000000000,29,24,0,us_301_list3_2018,0,112|114,2016-01_to_2018-05,0
030442,non_list1,excluded,insufficient_positive_pre_months|direct_policy_scope_overlap,0,0,0.000000000000,0,24,0,us_301_list3_2018,0,114,2016-01_to_2018-05,0
030443,non_list1,excluded,direct_policy_scope_overlap,5480869,0,0.000000000000,28,24,0,us_301_list3_2018,0,114,2016-01_to_2018-05,0
030444,non_list1,excluded,insufficient_positive_pre_months|direct_policy_scope_overlap,2862395,0,0.000000000000,23,24,0,us_301_list3_2018,0,114,2016-01_to_2018-05,0
030445,non_list1,excluded,insufficient_positive_pre_months|direct_policy_scope_overlap,0,0,0.000000000000,0,24,0,us_301_list3_2018,0,114,2016-01_to_2018-05,0
030446,non_list1,excluded,insufficient_positive_pre_months|direct_policy_scope_overlap,0,0,0.000000000000,0,24,0,us_301_list3_2018,0,114,2016-01_to_2018-05,0
030447,non_list1,excluded,insufficient_positive_pre_months|direct_policy_scope_overlap,0,0,0.000000000000,0,24,0,us_301_list3_2018,0,114,2016-01_to_2018-05,0
030448,non_list1,excluded,insufficient_positive_pre_months|direct_policy_scope_overlap,0,0,0.000000000000,0,24,0,us_301_list3_2018,0,114,2016-01_to_2018-05,0
030449,non_list1,excluded,insufficient_positive_pre_months|direct_policy_scope_overlap,156107,0,0.000000000000,3,24,0,us_301_list3_2018,0,114,2016-01_to_2018-05,0
030451,non_list1,excluded,insufficient_positive_pre_months|direct_policy_scope_overlap,16380,0,0.000000000000,1,24,0,us_301_list3_2018,0,114,2016-01_to_2018-05,0
030452,non_list1,excluded,insufficient_positive_pre_months|direct_policy_scope_overlap,296110,0,0.000000000000,3,24,0,us_301_list3_2018,0,112|114,2016-01_to_2018-05,0
030453,non_list1,excluded,insufficient_positive_pre_months|direct_policy_scope_overlap,875686,0,0.000000000000,10,24,0,us_301_list3_2018,0,114,2016-01_to_2018-05,0
030454,non_list1,excluded,insufficient_positive_pre_months|direct_policy_scope_overlap,0,0,0.000000000000,0,24,0,us_301_list3_2018,0,114,2016-01_to_2018-05,0
030455,non_list1,excluded,insufficient_positive_pre_months|direct_policy_scope_overlap,0,0,0.000000000000,0,24,0,us_301_list3_2018,0,114,2016-01_to_2018-05,0
030459,non_list1,excluded,insufficient_positive_pre_months|direct_policy_scope_overlap,4063020,0,0.000000000000,15,24,0,us_301_list3_2018,0,114,2016-01_to_2018-05,0
030461,non_list1,excluded,direct_policy_scope_overlap,946960852,0,0.000000000000,29,24,0,us_301_list3_2018,0,114,2016-01_to_2018-05,0
030462,non_list1,excluded,direct_policy_scope_overlap,82368488,0,0.000000000000,28,24,0,us_301_list3_2018,0,114,2016-01_to_2018-05,0
030463,non_list1,excluded,insufficient_positive_pre_months|direct_policy_scope_overlap,146080,0,0.000000000000,2,24,0,us_301_list3_2018,0,114,2016-01_to_2018-05,0
030469,non_list1,excluded,insufficient_positive_pre_months|direct_policy_scope_overlap,7035431,0,0.000000000000,15,24,0,us_301_list3_2018,0,114,2016-01_to_2018-05,0
030471,non_list1,control_candidate,,657809566,0,0.000000000000,29,24,0,,0,114,2016-01_to_2018-05,0
030472,non_list1,excluded,direct_policy_scope_overlap,151221629,0,0.000000000000,29,24,0,us_301_list3_2018,0,114,2016-01_to_2018-05,0
030473,non_list1,excluded,direct_policy_scope_overlap,4909848,0,0.000000000000,28,24,0,us_301_list3_2018,0,114,2016-01_to_2018-05,0
030474,non_list1,excluded,direct_policy_scope_overlap,6516227,0,0.000000000000,26,24,0,us_301_list3_2018,0,114,2016-01_to_2018-05,0
030475,non_list1,control_candidate,,118422168,0,0.000000000000,29,24,0,,0,114,2016-01_to_2018-05,0
030479,non_list1,excluded,direct_policy_scope_overlap,110914495,0,0.000000000000,29,24,0,us_301_list3_2018,0,114,2016-01_to_2018-05,0
030481,non_list1,excluded,direct_policy_scope_overlap,520547167,0,0.000000000000,29,24,0,us_301_list3_2018,0,114,2016-01_to_2018-05,0
030482,non_list1,excluded,insufficient_positive_pre_months|direct_policy_scope_overlap,116541,0,0.000000000000,2,24,0,us_301_list3_2018,0,114,2016-01_to_2018-05,0
030483,non_list1,excluded,direct_policy_scope_overlap,222263423,0,0.000000000000,29,24,0,us_301_list3_2018,0,114,2016-01_to_2018-05,0
030484,non_list1,excluded,insufficient_positive_pre_months|direct_policy_scope_overlap,0,0,0.000000000000,0,24,0,us_301_list3_2018,0,114,2016-01_to_2018-05,0
030485,non_list1,excluded,insufficient_positive_pre_months|direct_policy_scope_overlap,0,0,0.000000000000,0,24,0,us_301_list3_2018,0,114,2016-01_to_2018-05,0
030486,non_list1,excluded,insufficient_positive_pre_months|direct_policy_scope_overlap,0,0,0.000000000000,0,24,0,us_301_list3_2018,0,114,2016-01_to_2018-05,0
030487,non_list1,excluded,direct_policy_scope_overlap,32746134,0,0.000000000000,29,24,0,us_301_list3_2018,0,114,2016-01_to_2018-05,0
030488,non_list1,excluded,insufficient_positive_pre_months|direct_policy_scope_overlap,16179,0,0.000000000000,2,24,0,us_301_list3_2018,0,114,2016-01_to_2018-05,0
030489,non_list1,excluded,insufficient_positive_pre_months|direct_policy_scope_overlap,46767911,0,0.000000000000,17,24,0,us_301_list3_2018,0,114,2016-01_to_2018-05,0
030491,non_list1,excluded,insufficient_positive_pre_months|direct_policy_scope_overlap,0,0,0.000000000000,0,24,0,us_301_list3_2018,0,114,2016-01_to_2018-05,0
030492,non_list1,excluded,insufficient_positive_pre_months|direct_policy_scope_overlap,0,0,0.000000000000,0,24,0,us_301_list3_2018,0,114,2016-01_to_2018-05,0
030493,non_list1,excluded,insufficient_positive_pre_months|direct_policy_scope_overlap,389792,0,0.000000000000,7,24,0,us_301_list3_2018,0,114,2016-01_to_2018-05,0
030494,non_list1,excluded,direct_policy_scope_overlap,3532106,0,0.000000000000,28,24,0,us_301_list3_2018,0,114,2016-01_to_2018-05,0
030495,non_list1,excluded,direct_policy_scope_overlap,4668848,0,0.000000000000,25,24,0,us_301_list3_2018,0,114,2016-01_to_2018-05,0
030496,non_list1,excluded,insufficient_positive_pre_months|direct_policy_scope_overlap,0,0,0.000000000000,0,24,0,us_301_list3_2018,0,114,2016-01_to_2018-05,0
030499,non_list1,excluded,insufficient_positive_pre_months|direct_policy_scope_overlap,2415923,0,0.000000000000,13,24,0,us_301_list3_2018,0,114,2016-01_to_2018-05,0
030510,non_list1,excluded,insufficient_positive_pre_months|direct_policy_scope_overlap,985849,0,0.000000000000,20,24,0,us_301_list3_2018,0,311,2016-01_to_2018-05,0
030520,non_list1,excluded,insufficient_positive_pre_months|direct_policy_scope_overlap,724644,0,0.000000000000,5,24,0,us_301_list3_2018,0,311,2016-01_to_2018-05,0
030531,non_list1,excluded,insufficient_positive_pre_months|direct_policy_scope_overlap,3790985,0,0.000000000000,16,24,0,us_301_list3_2018,0,311,2016-01_to_2018-05,0
030532,non_list1,excluded,direct_policy_scope_overlap,67707135,0,0.000000000000,29,24,0,us_301_list3_2018,0,311,2016-01_to_2018-05,0
030539,non_list1,excluded,insufficient_positive_pre_months|direct_policy_scope_overlap,5591075,0,0.000000000000,15,24,0,us_301_list3_2018,0,311,2016-01_to_2018-05,0
030541,non_list1,excluded,insufficient_positive_pre_months|direct_policy_scope_overlap,2290555,0,0.000000000000,12,24,0,us_301_list3_2018,0,311,2016-01_to_2018-05,0
030542,non_list1,excluded,insufficient_positive_pre_months|direct_policy_scope_overlap,0,0,0.000000000000,0,24,0,us_301_list3_2018,0,311,2016-01_to_2018-05,0
030543,non_list1,excluded,insufficient_positive_pre_months|direct_policy_scope_overlap,0,0,0.000000000000,0,24,0,us_301_list3_2018,0,311,2016-01_to_2018-05,0
030544,non_list1,excluded,insufficient_positive_pre_months|direct_policy_scope_overlap,0,0,0.000000000000,0,24,0,us_301_list3_2018,0,311,2016-01_to_2018-05,0
030549,non_list1,excluded,insufficient_positive_pre_months|direct_policy_scope_overlap,547290,0,0.000000000000,13,24,0,us_301_list3_2018,0,311,2016-01_to_2018-05,0
030551,non_list1,excluded,direct_policy_scope_overlap,5328862,0,0.000000000000,28,24,0,us_301_list3_2018,0,311,2016-01_to_2018-05,0
030552,non_list1,excluded,insufficient_positive_pre_months|direct_policy_scope_overlap,5022,0,0.000000000000,1,24,0,us_301_list3_2018,0,311,2016-01_to_2018-05,0
030553,non_list1,excluded,insufficient_positive_pre_months|direct_policy_scope_overlap,0,0,0.000000000000,0,24,0,us_301_list3_2018,0,311,2016-01_to_2018-05,0
030554,non_list1,excluded,insufficient_positive_pre_months|direct_policy_scope_overlap,45455,0,0.000000000000,1,24,0,us_301_list3_2018,0,311,2016-01_to_2018-05,0
030559,non_list1,excluded,insufficient_positive_pre_months|direct_policy_scope_overlap,3729413,0,0.000000000000,17,24,0,us_301_list3_2018,0,311,2016-01_to_2018-05,0
030561,non_list1,excluded,insufficient_positive_pre_months|direct_policy_scope_overlap,207614,0,0.000000000000,2,24,0,us_301_list3_2018,0,311,2016-01_to_2018-05,0
030562,non_list1,excluded,insufficient_positive_pre_months|direct_policy_scope_overlap,0,0,0.000000000000,0,24,0,us_301_list3_2018,0,311,2016-01_to_2018-05,0
030563,non_list1,excluded,insufficient_positive_pre_months|direct_policy_scope_overlap,141044,0,0.000000000000,2,24,0,us_301_list3_2018,0,311,2016-01_to_2018-05,0
030564,non_list1,excluded,insufficient_positive_pre_months|direct_policy_scope_overlap,383356,0,0.000000000000,9,24,0,us_301_list3_2018,0,311,2016-01_to_2018-05,0
030569,non_list1,excluded,insufficient_positive_pre_months|direct_policy_scope_overlap,13726868,0,0.000000000000,17,24,0,us_301_list3_2018,0,311,2016-01_to_2018-05,0
030571,non_list1,excluded,insufficient_positive_pre_months|direct_policy_scope_overlap,14279,0,0.000000000000,1,24,0,us_301_list3_2018,0,311,2016-01_to_2018-05,0
030572,non_list1,excluded,insufficient_positive_pre_months|direct_policy_scope_overlap,886780,0,0.000000000000,17,24,0,us_301_list3_2018,0,311,2016-01_to_2018-05,0
030579,non_list1,excluded,insufficient_positive_pre_months|direct_policy_scope_overlap,187956,0,0.000000000000,8,24,0,us_301_list3_2018,0,311,2016-01_to_2018-05,0
030611,non_list1,excluded,direct_policy_scope_overlap,17316237,0,0.000000000000,26,24,0,us_301_list3_2018,0,114,2016-01_to_2018-05,0
030612,non_list1,excluded,insufficient_positive_pre_months|direct_policy_scope_overlap,0,0,0.000000000000,0,24,0,us_301_list3_2018,0,114,2016-01_to_2018-05,0
030614,non_list1,excluded,direct_policy_scope_overlap,74136950,0,0.000000000000,29,24,0,us_301_list3_2018,0,114,2016-01_to_2018-05,0
030615,non_list1,excluded,insufficient_positive_pre_months|direct_policy_scope_overlap,0,0,0.000000000000,0,24,0,us_301_list3_2018,0,114,2016-01_to_2018-05,0
030616,non_list1,excluded,insufficient_positive_pre_months|direct_policy_scope_overlap,715386,0,0.000000000000,12,24,0,us_301_list3_2018,0,114,2016-01_to_2018-05,0
030617,non_list1,excluded,direct_policy_scope_overlap,194643546,0,0.000000000000,29,24,0,us_301_list3_2018,0,114,2016-01_to_2018-05,0
030619,non_list1,excluded,direct_policy_scope_overlap,25449485,0,0.000000000000,25,24,0,us_301_list3_2018,0,114,2016-01_to_2018-05,0
030631,non_list1,excluded,insufficient_positive_pre_months|direct_policy_scope_overlap,0,0,0.000000000000,0,24,0,us_301_list3_2018,0,114,2016-01_to_2018-05,0
030632,non_list1,excluded,insufficient_positive_pre_months|direct_policy_scope_overlap,0,0,0.000000000000,0,24,0,us_301_list3_2018,0,114,2016-01_to_2018-05,0
030633,non_list1,excluded,insufficient_positive_pre_months|direct_policy_scope_overlap,27264,0,0.000000000000,1,24,0,us_301_list3_2018,0,114,2016-01_to_2018-05,0
030634,non_list1,excluded,insufficient_positive_pre_months|direct_policy_scope_overlap,0,0,0.000000000000,0,24,0,us_301_list3_2018,0,114,2016-01_to_2018-05,0
030635,non_list1,excluded,insufficient_positive_pre_months|direct_policy_scope_overlap,1840507,0,0.000000000000,10,24,0,us_301_list3_2018,0,114,2016-01_to_2018-05,0
030636,non_list1,excluded,insufficient_positive_pre_months|direct_policy_scope_overlap,3568440,0,0.000000000000,15,24,0,us_301_list3_2018,0,114,2016-01_to_2018-05,0
030639,non_list1,excluded,insufficient_positive_pre_months|direct_policy_scope_overlap,0,0,0.000000000000,0,24,0,us_301_list3_2018,0,114,2016-01_to_2018-05,0
030691,non_list1,excluded,insufficient_positive_pre_months|direct_policy_scope_overlap,0,0,0.000000000000,0,24,0,us_301_list3_2018,0,114,2016-01_to_2018-05,0
030692,non_list1,excluded,insufficient_positive_pre_months|direct_policy_scope_overlap,0,0,0.000000000000,0,24,0,us_301_list3_2018,0,114,2016-01_to_2018-05,0
030693,non_list1,excluded,insufficient_positive_pre_months|direct_policy_scope_overlap,50376,0,0.000000000000,5,24,0,us_301_list3_2018,0,114,2016-01_to_2018-05,0
030695,non_list1,excluded,insufficient_positive_pre_months|direct_policy_scope_overlap,1607610,0,0.000000000000,13,24,0,us_301_list3_2018,0,114,2016-01_to_2018-05,0
030699,non_list1,excluded,insufficient_positive_pre_months|direct_policy_scope_overlap,9962,0,0.000000000000,1,24,0,us_301_list3_2018,0,114,2016-01_to_2018-05,0
030711,non_list1,excluded,insufficient_positive_pre_months|direct_policy_scope_overlap,31980,0,0.000000000000,1,24,0,us_301_list3_2018,0,112|114,2016-01_to_2018-05,0
030712,non_list1,excluded,insufficient_positive_pre_months|direct_policy_scope_overlap,0,0,0.000000000000,0,24,0,us_301_list3_2018,0,112|114,2016-01_to_2018-05,0
030719,non_list1,excluded,insufficient_positive_pre_months|direct_policy_scope_overlap,216000,0,0.000000000000,1,24,0,us_301_list3_2018,0,112|114,2016-01_to_2018-05,0
030721,non_list1,excluded,insufficient_positive_pre_months|direct_policy_scope_overlap,42000,0,0.000000000000,1,24,0,us_301_list3_2018,0,114,2016-01_to_2018-05,0
030722,non_list1,excluded,insufficient_positive_pre_months|direct_policy_scope_overlap,59538068,0,0.000000000000,17,24,0,us_301_list3_2018,0,114,2016-01_to_2018-05,0
030729,non_list1,excluded,insufficient_positive_pre_months|direct_policy_scope_overlap,33617359,0,0.000000000000,17,24,0,us_301_list3_2018,0,114,2016-01_to_2018-05,0
030731,non_list1,excluded,insufficient_positive_pre_months|direct_policy_scope_overlap,26145,0,0.000000000000,2,24,0,us_301_list3_2018,0,112|114,2016-01_to_2018-05,0
030732,non_list1,excluded,insufficient_positive_pre_months|direct_policy_scope_overlap,224279,0,0.000000000000,4,24,0,us_301_list3_2018,0,114,2016-01_to_2018-05,0
030739,non_list1,excluded,insufficient_positive_pre_months|direct_policy_scope_overlap,176584,0,0.000000000000,8,24,0,us_301_list3_2018,0,114,2016-01_to_2018-05,0
030742,non_list1,excluded,insufficient_positive_pre_months|direct_policy_scope_overlap,316068,0,0.000000000000,7,24,0,us_301_list3_2018,0,114,2016-01_to_2018-05,0
030743,non_list1,excluded,insufficient_positive_pre_months|direct_policy_scope_overlap,178918411,0,0.000000000000,17,24,0,us_301_list3_2018,0,114,2016-01_to_2018-05,0
030749,non_list1,excluded,insufficient_positive_pre_months|direct_policy_scope_overlap,113377633,0,0.000000000000,17,24,0,us_301_list3_2018,0,114,2016-01_to_2018-05,0
030751,non_list1,excluded,insufficient_positive_pre_months|direct_policy_scope_overlap,23440,0,0.000000000000,1,24,0,us_301_list3_2018,0,114,2016-01_to_2018-05,0
030752,non_list1,excluded,insufficient_positive_pre_months|direct_policy_scope_overlap,12441688,0,0.000000000000,17,24,0,us_301_list3_2018,0,114,2016-01_to_2018-05,0
030759,non_list1,excluded,insufficient_positive_pre_months|direct_policy_scope_overlap,3036071,0,0.000000000000,16,24,0,us_301_list3_2018,0,114,2016-01_to_2018-05,0
030760,non_list1,excluded,insufficient_positive_pre_months|direct_policy_scope_overlap,118561,0,0.000000000000,10,24,0,us_301_list3_2018,0,114,2016-01_to_2018-05,0
030771,non_list1,excluded,insufficient_positive_pre_months|direct_policy_scope_overlap,0,0,0.000000000000,0,24,0,us_301_list3_2018,0,114,2016-01_to_2018-05,0
030772,non_list1,excluded,insufficient_positive_pre_months|direct_policy_scope_overlap,929548,0,0.000000000000,14,24,0,us_301_list3_2018,0,114,2016-01_to_2018-05,0
030779,non_list1,excluded,insufficient_positive_pre_months|direct_policy_scope_overlap,819938,0,0.000000000000,17,24,0,us_301_list3_2018,0,114,2016-01_to_2018-05,0
030781,non_list1,excluded,insufficient_positive_pre_months|direct_policy_scope_overlap,9700,0,0.000000000000,1,24,0,us_301_list3_2018,0,114,2016-01_to_2018-05,0
030782,non_list1,excluded,insufficient_positive_pre_months|direct_policy_scope_overlap,0,0,0.000000000000,0,24,0,us_301_list3_2018,0,114,2016-01_to_2018-05,0
030783,non_list1,excluded,insufficient_positive_pre_months|direct_policy_scope_overlap,326505,0,0.000000000000,7,24,0,us_301_list3_2018,0,114,2016-01_to_2018-05,0
030784,non_list1,excluded,insufficient_positive_pre_months|direct_policy_scope_overlap,51800,0,0.000000000000,1,24,0,us_301_list3_2018,0,114,2016-01_to_2018-05,0
030787,non_list1,excluded,insufficient_positive_pre_months|direct_policy_scope_overlap,1352800,0,0.000000000000,12,24,0,us_301_list3_2018,0,114,2016-01_to_2018-05,0
030788,non_list1,excluded,insufficient_positive_pre_months|direct_policy_scope_overlap,2850,0,0.000000000000,1,24,0,us_301_list3_2018,0,114,2016-01_to_2018-05,0
030791,non_list1,excluded,insufficient_positive_pre_months|direct_policy_scope_overlap,0,0,0.000000000000,0,24,0,us_301_list3_2018,0,114,2016-01_to_2018-05,0
030792,non_list1,excluded,insufficient_positive_pre_months|direct_policy_scope_overlap,213230,0,0.000000000000,15,24,0,us_301_list3_2018,0,114,2016-01_to_2018-05,0
030799,non_list1,excluded,insufficient_positive_pre_months|direct_policy_scope_overlap,1859111,0,0.000000000000,17,24,0,us_301_list3_2018,0,114,2016-01_to_2018-05,0
030811,non_list1,excluded,insufficient_positive_pre_months|direct_policy_scope_overlap,0,0,0.000000000000,0,24,0,us_301_list3_2018,0,114,2016-01_to_2018-05,0
030812,non_list1,excluded,insufficient_positive_pre_months|direct_policy_scope_overlap,65640,0,0.000000000000,4,24,0,us_301_list3_2018,0,114,2016-01_to_2018-05,0
030819,non_list1,excluded,insufficient_positive_pre_months|direct_policy_scope_overlap,2595552,0,0.000000000000,10,24,0,us_301_list3_2018,0,114,2016-01_to_2018-05,0
030821,non_list1,excluded,insufficient_positive_pre_months|direct_policy_scope_overlap,309091,0,0.000000000000,15,24,0,us_301_list3_2018,0,114,2016-01_to_2018-05,0
030822,non_list1,excluded,insufficient_positive_pre_months|direct_policy_scope_overlap,17280,0,0.000000000000,1,24,0,us_301_list3_2018,0,114,2016-01_to_2018-05,0
030829,non_list1,excluded,insufficient_positive_pre_months|direct_policy_scope_overlap,0,0,0.000000000000,0,24,0,us_301_list3_2018,0,114,2016-01_to_2018-05,0
030830,non_list1,excluded,direct_policy_scope_overlap,3038024,0,0.000000000000,28,24,0,us_301_list3_2018,0,114,2016-01_to_2018-05,0
030890,non_list1,excluded,insufficient_positive_pre_months|direct_policy_scope_overlap,276629,0,0.000000000000,11,24,0,us_301_list3_2018,0,114,2016-01_to_2018-05,0
040110,non_list1,excluded,insufficient_positive_pre_months,0,0,0.000000000000,0,24,0,,0,311,2016-01_to_2018-05,0
040120,non_list1,excluded,insufficient_positive_pre_months,0,0,0.000000000000,0,24,0,,0,311,2016-01_to_2018-05,0
040140,non_list1,excluded,insufficient_positive_pre_months,0,0,0.000000000000,0,24,0,,0,311,2016-01_to_2018-05,0
040150,non_list1,excluded,insufficient_positive_pre_months,0,0,0.000000000000,0,24,0,,0,311,2016-01_to_2018-05,0
040210,non_list1,excluded,insufficient_positive_pre_months,0,0,0.000000000000,0,24,0,,0,311,2016-01_to_2018-05,0
040221,non_list1,excluded,insufficient_positive_pre_months,0,0,0.000000000000,0,24,0,,0,311,2016-01_to_2018-05,0
040229,non_list1,excluded,insufficient_positive_pre_months,0,0,0.000000000000,0,24,0,,0,311,2016-01_to_2018-05,0
040291,non_list1,excluded,insufficient_positive_pre_months,0,0,0.000000000000,0,24,0,,0,311,2016-01_to_2018-05,0
040299,non_list1,excluded,insufficient_positive_pre_months,0,0,0.000000000000,0,24,0,,0,311,2016-01_to_2018-05,0
040310,non_list1,excluded,insufficient_positive_pre_months,0,0,0.000000000000,0,24,0,,0,311,2016-01_to_2018-05,0
040390,non_list1,excluded,insufficient_positive_pre_months,0,0,0.000000000000,0,24,0,,0,311,2016-01_to_2018-05,0
040410,non_list1,excluded,insufficient_positive_pre_months|direct_policy_scope_overlap,7000,0,0.000000000000,1,24,0,us_301_list3_2018,0,311,2016-01_to_2018-05,0
040490,non_list1,excluded,insufficient_positive_pre_months,0,0,0.000000000000,0,24,0,,0,311,2016-01_to_2018-05,0
040510,non_list1,excluded,insufficient_positive_pre_months|direct_policy_scope_overlap,92943,0,0.000000000000,1,24,0,us_301_list3_2018,0,311,2016-01_to_2018-05,0
040520,non_list1,excluded,insufficient_positive_pre_months,0,0,0.000000000000,0,24,0,,0,311,2016-01_to_2018-05,0
040590,non_list1,excluded,insufficient_positive_pre_months,0,0,0.000000000000,0,24,0,,0,311,2016-01_to_2018-05,0
040610,non_list1,excluded,insufficient_positive_pre_months,0,0,0.000000000000,0,24,0,,0,311,2016-01_to_2018-05,0
040620,non_list1,excluded,insufficient_positive_pre_months,0,0,0.000000000000,0,24,0,,0,311,2016-01_to_2018-05,0
040630,non_list1,excluded,insufficient_positive_pre_months,0,0,0.000000000000,0,24,0,,0,311,2016-01_to_2018-05,0
040640,non_list1,excluded,insufficient_positive_pre_months,0,0,0.000000000000,0,24,0,,0,311,2016-01_to_2018-05,0
040690,non_list1,excluded,insufficient_positive_pre_months,0,0,0.000000000000,0,24,0,,0,311,2016-01_to_2018-05,0
040711,non_list1,excluded,insufficient_positive_pre_months,0,0,0.000000000000,0,24,0,,0,112,2016-01_to_2018-05,0
040719,non_list1,excluded,insufficient_positive_pre_months|direct_policy_scope_overlap,0,0,0.000000000000,0,24,0,us_301_list3_2018,0,112,2016-01_to_2018-05,0
040721,non_list1,excluded,insufficient_positive_pre_months|direct_policy_scope_overlap,0,0,0.000000000000,0,24,0,us_301_list3_2018,0,112,2016-01_to_2018-05,0
040729,non_list1,excluded,insufficient_positive_pre_months|direct_policy_scope_overlap,371658,0,0.000000000000,10,24,0,us_301_list3_2018,0,112,2016-01_to_2018-05,0
040790,non_list1,excluded,direct_policy_scope_overlap,13580990,0,0.000000000000,29,24,0,us_301_list3_2018,0,311,2016-01_to_2018-05,0
040811,non_list1,excluded,insufficient_positive_pre_months|direct_policy_scope_overlap,31458,0,0.000000000000,2,24,0,us_301_list3_2018,0,311,2016-01_to_2018-05,0
040819,non_list1,excluded,direct_policy_scope_overlap,4007564,0,0.000000000000,27,24,0,us_301_list3_2018,0,311,2016-01_to_2018-05,0
040891,non_list1,excluded,insufficient_positive_pre_months,0,0,0.000000000000,0,24,0,,0,311,2016-01_to_2018-05,0
040899,non_list1,excluded,insufficient_positive_pre_months|direct_policy_scope_overlap,583483,0,0.000000000000,10,24,0,us_301_list3_2018,0,311,2016-01_to_2018-05,0
040900,non_list1,excluded,insufficient_positive_pre_months|direct_policy_scope_overlap,336244,0,0.000000000000,5,24,0,us_301_list3_2018,0,112,2016-01_to_2018-05,0
041000,non_list1,excluded,direct_policy_scope_overlap,9993063,0,0.000000000000,29,24,0,us_301_list3_2018,0,114,2016-01_to_2018-05,0
050100,non_list1,excluded,insufficient_positive_pre_months,595438,0,0.000000000000,22,24,0,,0,990,2016-01_to_2018-05,0
050210,non_list1,control_candidate,,16361626,0,0.000000000000,29,24,0,,0,311,2016-01_to_2018-05,0
050290,non_list1,excluded,insufficient_positive_pre_months,747555,0,0.000000000000,19,24,0,,0,112,2016-01_to_2018-05,0
050400,non_list1,control_candidate,,356768164,0,0.000000000000,29,24,0,,0,311,2016-01_to_2018-05,0
050510,non_list1,control_candidate,,252588971,0,0.000000000000,29,24,0,,0,339,2016-01_to_2018-05,0
050590,non_list1,excluded,direct_policy_scope_overlap,609350,0,0.000000000000,25,24,0,us_301_list3_2018,0,311,2016-01_to_2018-05,0
050610,non_list1,excluded,insufficient_positive_pre_months|direct_policy_scope_overlap,457610,0,0.000000000000,3,24,0,us_301_list3_2018,0,311,2016-01_to_2018-05,0
050690,non_list1,excluded,insufficient_positive_pre_months|direct_policy_scope_overlap,360491,0,0.000000000000,17,24,0,us_301_list3_2018,0,311,2016-01_to_2018-05,0
050710,non_list1,excluded,insufficient_positive_pre_months,0,0,0.000000000000,0,24,0,,0,990,2016-01_to_2018-05,0
050790,non_list1,excluded,insufficient_positive_pre_months|direct_policy_scope_overlap,398469,0,0.000000000000,14,24,0,us_301_list3_2018,0,990,2016-01_to_2018-05,0
050800,non_list1,excluded,direct_policy_scope_overlap,6257011,0,0.000000000000,29,24,0,us_301_list3_2018,0,114,2016-01_to_2018-05,0
051000,non_list1,excluded,insufficient_positive_pre_months|direct_policy_scope_overlap,109087,0,0.000000000000,7,24,0,us_301_list3_2018,0,114|311,2016-01_to_2018-05,0
051110,non_list1,excluded,insufficient_positive_pre_months|direct_policy_scope_overlap,172948,0,0.000000000000,1,24,0,us_301_list3_2018,0,112,2016-01_to_2018-05,0
051191,non_list1,excluded,direct_policy_scope_overlap,13951819,0,0.000000000000,29,24,0,us_301_list3_2018,0,311,2016-01_to_2018-05,0
051199,non_list1,excluded,direct_policy_scope_overlap,378458403,0,0.000000000000,29,24,0,us_301_list3_2018,0,112|114|311|990,2016-01_to_2018-05,0
060110,non_list1,excluded,insufficient_positive_pre_months,540913,0,0.000000000000,15,24,0,,0,111,2016-01_to_2018-05,0
060120,non_list1,excluded,insufficient_positive_pre_months,0,0,0.000000000000,0,24,0,,0,111,2016-01_to_2018-05,0
060210,non_list1,control_candidate,,9068497,0,0.000000000000,29,24,0,,0,111,2016-01_to_2018-05,0
060220,non_list1,excluded,insufficient_positive_pre_months,230058,0,0.000000000000,15,24,0,,0,111,2016-01_to_2018-05,0
060230,non_list1,excluded,insufficient_positive_pre_months,0,0,0.000000000000,0,24,0,,0,111,2016-01_to_2018-05,0
060240,non_list1,excluded,insufficient_positive_pre_months,66389,0,0.000000000000,1,24,0,,0,111,2016-01_to_2018-05,0
060290,non_list1,control_candidate,,63047234,0,0.000000000000,29,24,0,,0,111,2016-01_to_2018-05,0
060311,non_list1,excluded,insufficient_positive_pre_months,69803,0,0.000000000000,7,24,0,,0,111,2016-01_to_2018-05,0
060312,non_list1,excluded,insufficient_positive_pre_months,0,0,0.000000000000,0,24,0,,0,111,2016-01_to_2018-05,0
060313,non_list1,excluded,insufficient_positive_pre_months,0,0,0.000000000000,0,24,0,,0,111,2016-01_to_2018-05,0
060314,non_list1,excluded,insufficient_positive_pre_months,9706,0,0.000000000000,2,24,0,,0,111,2016-01_to_2018-05,0
060315,non_list1,excluded,insufficient_positive_pre_months,0,0,0.000000000000,0,24,0,,0,111,2016-01_to_2018-05,0
060319,non_list1,excluded,insufficient_positive_pre_months,237254,0,0.000000000000,8,24,0,,0,111,2016-01_to_2018-05,0
060390,non_list1,control_candidate,,3371649,0,0.000000000000,29,24,0,,0,339,2016-01_to_2018-05,0
060420,non_list1,control_candidate,,2612963,0,0.000000000000,28,24,0,,0,111|113,2016-01_to_2018-05,0
060490,non_list1,control_candidate,,44254662,0,0.000000000000,29,24,0,,0,113|339,2016-01_to_2018-05,0
070110,non_list1,excluded,insufficient_positive_pre_months,0,0,0.000000000000,0,24,0,,0,111,2016-01_to_2018-05,0
070190,non_list1,excluded,insufficient_positive_pre_months,0,0,0.000000000000,0,24,0,,0,111,2016-01_to_2018-05,0
070200,non_list1,excluded,insufficient_positive_pre_months,0,0,0.000000000000,0,24,0,,0,111,2016-01_to_2018-05,0
070310,non_list1,excluded,direct_policy_scope_overlap,6619244,0,0.000000000000,29,24,0,us_301_list3_2018,0,111,2016-01_to_2018-05,0
070320,non_list1,excluded,direct_policy_scope_overlap,319137968,0,0.000000000000,29,24,0,us_301_list3_2018,0,111,2016-01_to_2018-05,0
070390,non_list1,excluded,insufficient_positive_pre_months|direct_policy_scope_overlap,0,0,0.000000000000,0,24,0,us_301_list3_2018,0,111,2016-01_to_2018-05,0
070410,non_list1,excluded,insufficient_positive_pre_months|direct_policy_scope_overlap,498083,0,0.000000000000,15,24,0,us_301_list3_2018,0,111,2016-01_to_2018-05,0
070420,non_list1,excluded,insufficient_positive_pre_months,0,0,0.000000000000,0,24,0,,0,111,2016-01_to_2018-05,0
070490,non_list1,excluded,insufficient_positive_pre_months|direct_policy_scope_overlap,4954,0,0.000000000000,1,24,0,us_301_list3_2018,0,111,2016-01_to_2018-05,0
070511,non_list1,excluded,insufficient_positive_pre_months,0,0,0.000000000000,0,24,0,,0,111,2016-01_to_2018-05,0
070519,non_list1,excluded,insufficient_positive_pre_months,0,0,0.000000000000,0,24,0,,0,111,2016-01_to_2018-05,0
070521,non_list1,excluded,insufficient_positive_pre_months,0,0,0.000000000000,0,24,0,,0,111,2016-01_to_2018-05,0
070529,non_list1,excluded,insufficient_positive_pre_months,0,0,0.000000000000,0,24,0,,0,111,2016-01_to_2018-05,0
070610,non_list1,excluded,insufficient_positive_pre_months|direct_policy_scope_overlap,3100,0,0.000000000000,1,24,0,us_301_list3_2018,0,111,2016-01_to_2018-05,0
070690,non_list1,excluded,direct_policy_scope_overlap,1545004,0,0.000000000000,29,24,0,us_301_list3_2018,0,111,2016-01_to_2018-05,0
070700,non_list1,excluded,insufficient_positive_pre_months|direct_policy_scope_overlap,0,0,0.000000000000,0,24,0,us_301_list3_2018,0,111,2016-01_to_2018-05,0
070810,non_list1,excluded,insufficient_positive_pre_months|direct_policy_scope_overlap,14175,0,0.000000000000,1,24,0,us_301_list3_2018,0,111,2016-01_to_2018-05,0
070820,non_list1,excluded,insufficient_positive_pre_months|direct_policy_scope_overlap,114670,0,0.000000000000,7,24,0,us_301_list3_2018,0,111,2016-01_to_2018-05,0
070890,non_list1,excluded,insufficient_positive_pre_months|direct_policy_scope_overlap,203409,0,0.000000000000,6,24,0,us_301_list3_2018,0,111,2016-01_to_2018-05,0
070920,non_list1,excluded,insufficient_positive_pre_months,0,0,0.000000000000,0,24,0,,0,111,2016-01_to_2018-05,0
070930,non_list1,excluded,insufficient_positive_pre_months,0,0,0.000000000000,0,24,0,,0,111,2016-01_to_2018-05,0
070940,non_list1,excluded,insufficient_positive_pre_months|direct_policy_scope_overlap,6871,0,0.000000000000,2,24,0,us_301_list3_2018,0,111,2016-01_to_2018-05,0
070951,non_list1,excluded,direct_policy_scope_overlap,9074038,0,0.000000000000,29,24,0,us_301_list3_2018,0,111,2016-01_to_2018-05,0
070959,non_list1,excluded,direct_policy_scope_overlap,13515402,0,0.000000000000,29,24,0,us_301_list3_2018,0,111,2016-01_to_2018-05,0
070960,non_list1,excluded,insufficient_positive_pre_months|direct_policy_scope_overlap,393728,0,0.000000000000,10,24,0,us_301_list3_2018,0,111,2016-01_to_2018-05,0
070970,non_list1,excluded,insufficient_positive_pre_months,0,0,0.000000000000,0,24,0,,0,111,2016-01_to_2018-05,0
070991,non_list1,excluded,insufficient_positive_pre_months,0,0,0.000000000000,0,24,0,,0,111,2016-01_to_2018-05,0
070992,non_list1,excluded,insufficient_positive_pre_months,0,0,0.000000000000,0,24,0,,0,111,2016-01_to_2018-05,0
070993,non_list1,excluded,insufficient_positive_pre_months|direct_policy_scope_overlap,0,0,0.000000000000,0,24,0,us_301_list3_2018,0,111,2016-01_to_2018-05,0
070999,non_list1,excluded,direct_policy_scope_overlap,3682280,0,0.000000000000,29,24,0,us_301_list3_2018,0,111,2016-01_to_2018-05,0
071010,non_list1,excluded,insufficient_positive_pre_months|direct_policy_scope_overlap,257625,0,0.000000000000,16,24,0,us_301_list3_2018,0,311,2016-01_to_2018-05,0
071021,non_list1,excluded,direct_policy_scope_overlap,7632449,0,0.000000000000,29,24,0,us_301_list3_2018,0,311,2016-01_to_2018-05,0
071022,non_list1,excluded,direct_policy_scope_overlap,12387093,0,0.000000000000,29,24,0,us_301_list3_2018,0,311,2016-01_to_2018-05,0
071029,non_list1,excluded,direct_policy_scope_overlap,16491920,0,0.000000000000,29,24,0,us_301_list3_2018,0,311,2016-01_to_2018-05,0
071030,non_list1,excluded,direct_policy_scope_overlap,36027811,0,0.000000000000,29,24,0,us_301_list3_2018,0,311,2016-01_to_2018-05,0
071040,non_list1,excluded,direct_policy_scope_overlap,3929514,0,0.000000000000,29,24,0,us_301_list3_2018,0,311,2016-01_to_2018-05,0
071080,non_list1,excluded,direct_policy_scope_overlap,80043295,0,0.000000000000,29,24,0,us_301_list3_2018,0,311,2016-01_to_2018-05,0
071090,non_list1,excluded,direct_policy_scope_overlap,23114588,0,0.000000000000,29,24,0,us_301_list3_2018,0,311,2016-01_to_2018-05,0
071120,non_list1,excluded,insufficient_positive_pre_months,0,0,0.000000000000,0,24,0,,0,111|311,2016-01_to_2018-05,0
071140,non_list1,excluded,insufficient_positive_pre_months|direct_policy_scope_overlap,25830,0,0.000000000000,1,24,0,us_301_list3_2018,0,311,2016-01_to_2018-05,0
071151,non_list1,excluded,insufficient_positive_pre_months|direct_policy_scope_overlap,5250,0,0.000000000000,1,24,0,us_301_list3_2018,0,311,2016-01_to_2018-05,0
071159,non_list1,excluded,insufficient_positive_pre_months|direct_policy_scope_overlap,58799,0,0.000000000000,6,24,0,us_301_list3_2018,0,311,2016-01_to_2018-05,0
071190,non_list1,excluded,direct_policy_scope_overlap,1043018,0,0.000000000000,29,24,0,us_301_list3_2018,0,311,2016-01_to_2018-05,0
071220,non_list1,excluded,direct_policy_scope_overlap,16851972,0,0.000000000000,29,24,0,us_301_list3_2018,0,311,2016-01_to_2018-05,0
071231,non_list1,excluded,direct_policy_scope_overlap,18409208,0,0.000000000000,29,24,0,us_301_list3_2018,0,311,2016-01_to_2018-05,0
071232,non_list1,excluded,direct_policy_scope_overlap,2926341,0,0.000000000000,29,24,0,us_301_list3_2018,0,311,2016-01_to_2018-05,0
071233,non_list1,excluded,direct_policy_scope_overlap,606346,0,0.000000000000,26,24,0,us_301_list3_2018,0,311,2016-01_to_2018-05,0
071239,non_list1,excluded,direct_policy_scope_overlap,34296814,0,0.000000000000,29,24,0,us_301_list3_2018,0,311,2016-01_to_2018-05,0
071290,non_list1,excluded,direct_policy_scope_overlap,337443209,0,0.000000000000,29,24,0,us_301_list3_2018,0,111|311,2016-01_to_2018-05,0
071310,non_list1,excluded,direct_policy_scope_overlap,3339145,0,0.000000000000,29,24,0,us_301_list3_2018,0,111,2016-01_to_2018-05,0
071320,non_list1,excluded,insufficient_positive_pre_months|direct_policy_scope_overlap,214561,0,0.000000000000,5,24,0,us_301_list3_2018,0,111,2016-01_to_2018-05,0
071331,non_list1,excluded,direct_policy_scope_overlap,46976825,0,0.000000000000,29,24,0,us_301_list3_2018,0,111,2016-01_to_2018-05,0
071332,non_list1,excluded,direct_policy_scope_overlap,7362173,0,0.000000000000,29,24,0,us_301_list3_2018,0,111,2016-01_to_2018-05,0
071333,non_list1,excluded,direct_policy_scope_overlap,20251722,0,0.000000000000,29,24,0,us_301_list3_2018,0,111,2016-01_to_2018-05,0
071334,non_list1,excluded,insufficient_positive_pre_months|direct_policy_scope_overlap,102605,0,0.000000000000,12,24,0,us_301_list3_2018,0,111,2016-01_to_2018-05,0
071335,non_list1,excluded,insufficient_positive_pre_months|direct_policy_scope_overlap,249716,0,0.000000000000,15,24,0,us_301_list3_2018,0,111,2016-01_to_2018-05,0
071339,non_list1,excluded,direct_policy_scope_overlap,11072386,0,0.000000000000,29,24,0,us_301_list3_2018,0,111,2016-01_to_2018-05,0
071340,non_list1,excluded,insufficient_positive_pre_months|direct_policy_scope_overlap,77048,0,0.000000000000,10,24,0,us_301_list3_2018,0,111,2016-01_to_2018-05,0
071350,non_list1,excluded,insufficient_positive_pre_months|direct_policy_scope_overlap,739446,0,0.000000000000,22,24,0,us_301_list3_2018,0,111,2016-01_to_2018-05,0
071360,non_list1,excluded,insufficient_positive_pre_months|direct_policy_scope_overlap,0,0,0.000000000000,0,24,0,us_301_list3_2018,0,111,2016-01_to_2018-05,0
071390,non_list1,excluded,insufficient_positive_pre_months|direct_policy_scope_overlap,4290,0,0.000000000000,2,24,0,us_301_list3_2018,0,111,2016-01_to_2018-05,0
071410,non_list1,excluded,insufficient_positive_pre_months|direct_policy_scope_overlap,8161,0,0.000000000000,2,24,0,us_301_list3_2018,0,111,2016-01_to_2018-05,0
071420,non_list1,excluded,direct_policy_scope_overlap,3265515,0,0.000000000000,29,24,0,us_301_list3_2018,0,111|311,2016-01_to_2018-05,0
071430,non_list1,excluded,direct_policy_scope_overlap,6295913,0,0.000000000000,29,24,0,us_301_list3_2018,0,111|311,2016-01_to_2018-05,0
071440,non_list1,excluded,direct_policy_scope_overlap,3749742,0,0.000000000000,29,24,0,us_301_list3_2018,0,111|311,2016-01_to_2018-05,0
071450,non_list1,excluded,insufficient_positive_pre_months|direct_policy_scope_overlap,0,0,0.000000000000,0,24,0,us_301_list3_2018,0,111|311,2016-01_to_2018-05,0
071490,non_list1,excluded,direct_policy_scope_overlap,19825141,0,0.000000000000,29,24,0,us_301_list3_2018,0,111|311,2016-01_to_2018-05,0
080111,non_list1,excluded,insufficient_positive_pre_months|direct_policy_scope_overlap,101394,0,0.000000000000,6,24,0,us_301_list3_2018,0,311,2016-01_to_2018-05,0
080112,non_list1,excluded,insufficient_positive_pre_months,0,0,0.000000000000,0,24,0,,0,111,2016-01_to_2018-05,0
080119,non_list1,excluded,insufficient_positive_pre_months|direct_policy_scope_overlap,106677,0,0.000000000000,7,24,0,us_301_list3_2018,0,111,2016-01_to_2018-05,0
080121,non_list1,excluded,insufficient_positive_pre_months,0,0,0.000000000000,0,24,0,,0,111,2016-01_to_2018-05,0
080122,non_list1,excluded,insufficient_positive_pre_months,0,0,0.000000000000,0,24,0,,0,111,2016-01_to_2018-05,0
080131,non_list1,excluded,insufficient_positive_pre_months|direct_policy_scope_overlap,0,0,0.000000000000,0,24,0,us_301_list3_2018,0,111,2016-01_to_2018-05,0
080132,non_list1,excluded,direct_policy_scope_overlap,5628607,0,0.000000000000,29,24,0,us_301_list3_2018,0,111,2016-01_to_2018-05,0
080211,non_list1,excluded,insufficient_positive_pre_months|direct_policy_scope_overlap,30003,0,0.000000000000,6,24,0,us_301_list3_2018,0,111,2016-01_to_2018-05,0
080212,non_list1,excluded,direct_policy_scope_overlap,531264,0,0.000000000000,26,24,0,us_301_list3_2018,0,111,2016-01_to_2018-05,0
080221,non_list1,excluded,insufficient_positive_pre_months,0,0,0.000000000000,0,24,0,,0,111,2016-01_to_2018-05,0
080222,non_list1,excluded,insufficient_positive_pre_months|direct_policy_scope_overlap,0,0,0.000000000000,0,24,0,us_301_list3_2018,0,111,2016-01_to_2018-05,0
080231,non_list1,excluded,insufficient_positive_pre_months|direct_policy_scope_overlap,33925,0,0.000000000000,5,24,0,us_301_list3_2018,0,111,2016-01_to_2018-05,0
080232,non_list1,excluded,insufficient_positive_pre_months|direct_policy_scope_overlap,3188885,0,0.000000000000,21,24,0,us_301_list3_2018,0,111,2016-01_to_2018-05,0
080241,non_list1,excluded,direct_policy_scope_overlap,7182612,0,0.000000000000,26,24,0,us_301_list3_2018,0,111,2016-01_to_2018-05,0
080242,non_list1,excluded,direct_policy_scope_overlap,2777441,0,0.000000000000,25,24,0,us_301_list3_2018,0,111,2016-01_to_2018-05,0
080251,non_list1,excluded,insufficient_positive_pre_months|direct_policy_scope_overlap,0,0,0.000000000000,0,24,0,us_301_list3_2018,0,111,2016-01_to_2018-05,0
080252,non_list1,excluded,insufficient_positive_pre_months|direct_policy_scope_overlap,44373,0,0.000000000000,5,24,0,us_301_list3_2018,0,111,2016-01_to_2018-05,0
080261,non_list1,excluded,insufficient_positive_pre_months,0,0,0.000000000000,0,24,0,,0,111,2016-01_to_2018-05,0
080262,non_list1,excluded,insufficient_positive_pre_months|direct_policy_scope_overlap,5745727,0,0.000000000000,19,24,0,us_301_list3_2018,0,111,2016-01_to_2018-05,0
080270,non_list1,excluded,insufficient_positive_pre_months,0,0,0.000000000000,0,24,0,,0,111,2016-01_to_2018-05,0
080280,non_list1,excluded,insufficient_positive_pre_months|direct_policy_scope_overlap,3695,0,0.000000000000,1,24,0,us_301_list3_2018,0,111,2016-01_to_2018-05,0
080290,non_list1,excluded,direct_policy_scope_overlap,172160048,0,0.000000000000,29,24,0,us_301_list3_2018,0,111,2016-01_to_2018-05,0
080310,non_list1,excluded,insufficient_positive_pre_months|direct_policy_scope_overlap,23345,0,0.000000000000,1,24,0,us_301_list3_2018,0,111|311,2016-01_to_2018-05,0
080390,non_list1,excluded,direct_policy_scope_overlap,3323621,0,0.000000000000,29,24,0,us_301_list3_2018,0,111|311,2016-01_to_2018-05,0
080410,non_list1,excluded,direct_policy_scope_overlap,7042326,0,0.000000000000,29,24,0,us_301_list3_2018,0,111,2016-01_to_2018-05,0
080420,non_list1,excluded,insufficient_positive_pre_months|direct_policy_scope_overlap,14533,0,0.000000000000,3,24,0,us_301_list3_2018,0,111,2016-01_to_2018-05,0
080430,non_list1,excluded,direct_policy_scope_overlap,1364721,0,0.000000000000,29,24,0,us_301_list3_2018,0,111,2016-01_to_2018-05,0
080440,non_list1,excluded,insufficient_positive_pre_months,0,0,0.000000000000,0,24,0,,0,111,2016-01_to_2018-05,0
080450,non_list1,excluded,direct_policy_scope_overlap,1318259,0,0.000000000000,29,24,0,us_301_list3_2018,0,111|311,2016-01_to_2018-05,0
080510,non_list1,excluded,insufficient_positive_pre_months|direct_policy_scope_overlap,5825,0,0.000000000000,2,24,0,us_301_list3_2018,0,111,2016-01_to_2018-05,0
080521,non_list1,excluded,insufficient_positive_pre_months|direct_policy_scope_overlap,536768,0,0.000000000000,16,24,0,us_301_list3_2018,0,111,2016-01_to_2018-05,0
080522,non_list1,excluded,insufficient_positive_pre_months|direct_policy_scope_overlap,0,0,0.000000000000,0,24,0,us_301_list3_2018,0,111,2016-01_to_2018-05,0
080529,non_list1,excluded,insufficient_positive_pre_months|direct_policy_scope_overlap,0,0,0.000000000000,0,24,0,us_301_list3_2018,0,111,2016-01_to_2018-05,0
080540,non_list1,excluded,insufficient_positive_pre_months,0,0,0.000000000000,0,24,0,,0,111,2016-01_to_2018-05,0
080550,non_list1,excluded,insufficient_positive_pre_months,0,0,0.000000000000,0,24,0,,0,111,2016-01_to_2018-05,0
080590,non_list1,excluded,insufficient_positive_pre_months,213005,0,0.000000000000,1,24,0,,0,111,2016-01_to_2018-05,0
080610,non_list1,excluded,insufficient_positive_pre_months,0,0,0.000000000000,0,24,0,,0,111,2016-01_to_2018-05,0
080620,non_list1,excluded,direct_policy_scope_overlap,2487272,0,0.000000000000,28,24,0,us_301_list3_2018,0,311,2016-01_to_2018-05,0
080711,non_list1,excluded,insufficient_positive_pre_months,0,0,0.000000000000,0,24,0,,0,111,2016-01_to_2018-05,0
080719,non_list1,excluded,insufficient_positive_pre_months,0,0,0.000000000000,0,24,0,,0,111,2016-01_to_2018-05,0
080720,non_list1,excluded,insufficient_positive_pre_months,0,0,0.000000000000,0,24,0,,0,111,2016-01_to_2018-05,0
080810,non_list1,excluded,direct_policy_scope_overlap,12741009,0,0.000000000000,28,24,0,us_301_list3_2018,0,111,2016-01_to_2018-05,0
080830,non_list1,excluded,direct_policy_scope_overlap,39016589,0,0.000000000000,29,24,0,us_301_list3_2018,0,111,2016-01_to_2018-05,0
080840,non_list1,excluded,insufficient_positive_pre_months|direct_policy_scope_overlap,52945,0,0.000000000000,2,24,0,us_301_list3_2018,0,111,2016-01_to_2018-05,0
080910,non_list1,excluded,insufficient_positive_pre_months,0,0,0.000000000000,0,24,0,,0,111,2016-01_to_2018-05,0
080921,non_list1,excluded,insufficient_positive_pre_months,0,0,0.000000000000,0,24,0,,0,111,2016-01_to_2018-05,0
080929,non_list1,excluded,insufficient_positive_pre_months|direct_policy_scope_overlap,10850,0,0.000000000000,1,24,0,us_301_list3_2018,0,111,2016-01_to_2018-05,0
080930,non_list1,excluded,insufficient_positive_pre_months|direct_policy_scope_overlap,56598,0,0.000000000000,3,24,0,us_301_list3_2018,0,111,2016-01_to_2018-05,0
080940,non_list1,excluded,insufficient_positive_pre_months,0,0,0.000000000000,0,24,0,,0,111,2016-01_to_2018-05,0
081010,non_list1,excluded,insufficient_positive_pre_months|direct_policy_scope_overlap,33896,0,0.000000000000,1,24,0,us_301_list3_2018,0,111,2016-01_to_2018-05,0
081020,non_list1,excluded,insufficient_positive_pre_months|direct_policy_scope_overlap,0,0,0.000000000000,0,24,0,us_301_list3_2018,0,111,2016-01_to_2018-05,0
081040,non_list1,excluded,insufficient_positive_pre_months|direct_policy_scope_overlap,6287,0,0.000000000000,1,24,0,us_301_list3_2018,0,111,2016-01_to_2018-05,0
081050,non_list1,excluded,insufficient_positive_pre_months,0,0,0.000000000000,0,24,0,,0,111,2016-01_to_2018-05,0
081060,non_list1,excluded,insufficient_positive_pre_months,0,0,0.000000000000,0,24,0,,0,111,2016-01_to_2018-05,0
081070,non_list1,excluded,insufficient_positive_pre_months|direct_policy_scope_overlap,5430,0,0.000000000000,1,24,0,us_301_list3_2018,0,111,2016-01_to_2018-05,0
081090,non_list1,excluded,insufficient_positive_pre_months|direct_policy_scope_overlap,9335934,0,0.000000000000,20,24,0,us_301_list3_2018,0,111,2016-01_to_2018-05,0
081110,non_list1,excluded,direct_policy_scope_overlap,6743513,0,0.000000000000,29,24,0,us_301_list3_2018,0,311,2016-01_to_2018-05,0
081120,non_list1,excluded,direct_policy_scope_overlap,3542414,0,0.000000000000,29,24,0,us_301_list3_2018,0,311,2016-01_to_2018-05,0
081190,non_list1,excluded,direct_policy_scope_overlap,14191019,0,0.000000000000,29,24,0,us_301_list3_2018,0,311,2016-01_to_2018-05,0
081210,non_list1,excluded,insufficient_positive_pre_months,0,0,0.000000000000,0,24,0,,0,311,2016-01_to_2018-05,0
081290,non_list1,excluded,insufficient_positive_pre_months|direct_policy_scope_overlap,643238,0,0.000000000000,12,24,0,us_301_list3_2018,0,311,2016-01_to_2018-05,0
081310,non_list1,excluded,insufficient_positive_pre_months|direct_policy_scope_overlap,271400,0,0.000000000000,8,24,0,us_301_list3_2018,0,311,2016-01_to_2018-05,0
081320,non_list1,excluded,direct_policy_scope_overlap,441677,0,0.000000000000,25,24,0,us_301_list3_2018,0,311,2016-01_to_2018-05,0
081330,non_list1,excluded,direct_policy_scope_overlap,23076138,0,0.000000000000,29,24,0,us_301_list3_2018,0,311,2016-01_to_2018-05,0
081340,non_list1,excluded,direct_policy_scope_overlap,71663773,0,0.000000000000,29,24,0,us_301_list3_2018,0,311,2016-01_to_2018-05,0
081350,non_list1,excluded,direct_policy_scope_overlap,2167860,0,0.000000000000,29,24,0,us_301_list3_2018,0,111|311,2016-01_to_2018-05,0
081400,non_list1,excluded,direct_policy_scope_overlap,651684,0,0.000000000000,29,24,0,us_301_list3_2018,0,311,2016-01_to_2018-05,0
090111,non_list1,control_candidate,,57404094,0,0.000000000000,29,24,0,,0,111,2016-01_to_2018-05,0
090112,non_list1,control_candidate,,14460093,0,0.000000000000,25,24,0,,0,311,2016-01_to_2018-05,0
090121,non_list1,control_candidate,,3399151,0,0.000000000000,28,24,0,,0,311,2016-01_to_2018-05,0
090122,non_list1,excluded,insufficient_positive_pre_months,21923,0,0.000000000000,2,24,0,,0,311,2016-01_to_2018-05,0
090190,non_list1,excluded,insufficient_positive_pre_months,0,0,0.000000000000,0,24,0,,0,311|910,2016-01_to_2018-05,0
090210,non_list1,control_candidate,,45488760,0,0.000000000000,29,24,0,,0,311,2016-01_to_2018-05,0
090220,non_list1,control_candidate,,72181928,0,0.000000000000,29,24,0,,0,311,2016-01_to_2018-05,0
090230,non_list1,control_candidate,,58201052,0,0.000000000000,29,24,0,,0,311,2016-01_to_2018-05,0
090240,non_list1,control_candidate,,48415124,0,0.000000000000,29,24,0,,0,311,2016-01_to_2018-05,0
090300,non_list1,excluded,insufficient_positive_pre_months,0,0,0.000000000000,0,24,0,,0,311,2016-01_to_2018-05,0
090411,non_list1,control_candidate,,9257675,0,0.000000000000,29,24,0,,0,311,2016-01_to_2018-05,0
090412,non_list1,control_candidate,,9962761,0,0.000000000000,29,24,0,,0,311,2016-01_to_2018-05,0
090421,non_list1,control_candidate,,115063516,0,0.000000000000,29,24,0,,0,311,2016-01_to_2018-05,0
090422,non_list1,control_candidate,,65786777,0,0.000000000000,29,24,0,,0,311,2016-01_to_2018-05,0
090510,non_list1,excluded,insufficient_positive_pre_months,3380,0,0.000000000000,1,24,0,,0,111,2016-01_to_2018-05,0
090520,non_list1,excluded,insufficient_positive_pre_months,0,0,0.000000000000,0,24,0,,0,111,2016-01_to_2018-05,0
090611,non_list1,control_candidate,,910624,0,0.000000000000,29,24,0,,0,111,2016-01_to_2018-05,0
090619,non_list1,excluded,insufficient_positive_pre_months,697194,0,0.000000000000,19,24,0,,0,111,2016-01_to_2018-05,0
090620,non_list1,excluded,insufficient_positive_pre_months,929353,0,0.000000000000,23,24,0,,0,311,2016-01_to_2018-05,0
090710,non_list1,control_candidate,,676498,0,0.000000000000,28,24,0,,0,311,2016-01_to_2018-05,0
090720,non_list1,excluded,insufficient_positive_pre_months,186127,0,0.000000000000,11,24,0,,0,311,2016-01_to_2018-05,0
090811,non_list1,excluded,insufficient_positive_pre_months,374567,0,0.000000000000,5,24,0,,0,311,2016-01_to_2018-05,0
090812,non_list1,excluded,insufficient_positive_pre_months,34010,0,0.000000000000,3,24,0,,0,311,2016-01_to_2018-05,0
090821,non_list1,excluded,insufficient_positive_pre_months,0,0,0.000000000000,0,24,0,,0,311,2016-01_to_2018-05,0
090822,non_list1,excluded,insufficient_positive_pre_months,0,0,0.000000000000,0,24,0,,0,311,2016-01_to_2018-05,0
090831,non_list1,control_candidate,,492382,0,0.000000000000,26,24,0,,0,311,2016-01_to_2018-05,0
090832,non_list1,excluded,insufficient_positive_pre_months,6220,0,0.000000000000,2,24,0,,0,311,2016-01_to_2018-05,0
090921,non_list1,excluded,insufficient_positive_pre_months,107475,0,0.000000000000,13,24,0,,0,311,2016-01_to_2018-05,0
090922,non_list1,excluded,insufficient_positive_pre_months,62409,0,0.000000000000,6,24,0,,0,311,2016-01_to_2018-05,0
090931,non_list1,excluded,insufficient_positive_pre_months,37969,0,0.000000000000,9,24,0,,0,311,2016-01_to_2018-05,0
090932,non_list1,excluded,insufficient_positive_pre_months,96408,0,0.000000000000,15,24,0,,0,311,2016-01_to_2018-05,0
090961,non_list1,control_candidate,,3771946,0,0.000000000000,29,24,0,,0,311,2016-01_to_2018-05,0
090962,non_list1,excluded,insufficient_positive_pre_months,160661,0,0.000000000000,15,24,0,,0,311,2016-01_to_2018-05,0
091011,non_list1,control_candidate,,141008130,0,0.000000000000,29,24,0,,0,311,2016-01_to_2018-05,0
091012,non_list1,control_candidate,,8568375,0,0.000000000000,29,24,0,,0,311,2016-01_to_2018-05,0
091020,non_list1,excluded,insufficient_positive_pre_months,41012,0,0.000000000000,1,24,0,,0,311,2016-01_to_2018-05,0
091030,non_list1,control_candidate,,6750372,0,0.000000000000,29,24,0,,0,311,2016-01_to_2018-05,0
091091,non_list1,control_candidate,,1470678,0,0.000000000000,29,24,0,,0,311,2016-01_to_2018-05,0
091099,non_list1,control_candidate,,3565529,0,0.000000000000,29,24,0,,0,111|311,2016-01_to_2018-05,0
100111,non_list1,excluded,insufficient_positive_pre_months|direct_policy_scope_overlap,3300,0,0.000000000000,1,24,0,us_301_list3_2018,0,111,2016-01_to_2018-05,0
100119,non_list1,excluded,insufficient_positive_pre_months,0,0,0.000000000000,0,24,0,,0,111,2016-01_to_2018-05,0
100191,non_list1,excluded,insufficient_positive_pre_months,0,0,0.000000000000,0,24,0,,0,111,2016-01_to_2018-05,0
100199,non_list1,excluded,insufficient_positive_pre_months|direct_policy_scope_overlap,58253,0,0.000000000000,3,24,0,us_301_list3_2018,0,111,2016-01_to_2018-05,0
100210,non_list1,excluded,insufficient_positive_pre_months,0,0,0.000000000000,0,24,0,,0,111,2016-01_to_2018-05,0
100290,non_list1,excluded,insufficient_positive_pre_months,0,0,0.000000000000,0,24,0,,0,111,2016-01_to_2018-05,0
100310,non_list1,excluded,insufficient_positive_pre_months|direct_policy_scope_overlap,5343,0,0.000000000000,2,24,0,us_301_list3_2018,0,111,2016-01_to_2018-05,0
100390,non_list1,excluded,direct_policy_scope_overlap,242776,0,0.000000000000,26,24,0,us_301_list3_2018,0,111,2016-01_to_2018-05,0
100410,non_list1,excluded,insufficient_positive_pre_months|direct_policy_scope_overlap,0,0,0.000000000000,0,24,0,us_301_list3_2018,0,111,2016-01_to_2018-05,0
100490,non_list1,excluded,insufficient_positive_pre_months|direct_policy_scope_overlap,22840,0,0.000000000000,8,24,0,us_301_list3_2018,0,111,2016-01_to_2018-05,0
100510,non_list1,excluded,insufficient_positive_pre_months,0,0,0.000000000000,0,24,0,,0,111,2016-01_to_2018-05,0
100590,non_list1,excluded,insufficient_positive_pre_months|direct_policy_scope_overlap,444034,0,0.000000000000,22,24,0,us_301_list3_2018,0,111|311,2016-01_to_2018-05,0
100610,non_list1,excluded,insufficient_positive_pre_months,0,0,0.000000000000,0,24,0,,0,111,2016-01_to_2018-05,0
100620,non_list1,excluded,direct_policy_scope_overlap,1923478,0,0.000000000000,24,24,0,us_301_list3_2018,0,311,2016-01_to_2018-05,0
100630,non_list1,excluded,direct_policy_scope_overlap,15024109,0,0.000000000000,29,24,0,us_301_list3_2018,0,311,2016-01_to_2018-05,0
100640,non_list1,excluded,insufficient_positive_pre_months|direct_policy_scope_overlap,138388,0,0.000000000000,15,24,0,us_301_list3_2018,0,311,2016-01_to_2018-05,0
100710,non_list1,excluded,insufficient_positive_pre_months|direct_policy_scope_overlap,9600,0,0.000000000000,1,24,0,us_301_list3_2018,0,111,2016-01_to_2018-05,0
100790,non_list1,excluded,insufficient_positive_pre_months|direct_policy_scope_overlap,380243,0,0.000000000000,14,24,0,us_301_list3_2018,0,111,2016-01_to_2018-05,0
100810,non_list1,excluded,direct_policy_scope_overlap,2359287,0,0.000000000000,28,24,0,us_301_list3_2018,0,111,2016-01_to_2018-05,0
100821,non_list1,excluded,insufficient_positive_pre_months|direct_policy_scope_overlap,57304,0,0.000000000000,10,24,0,us_301_list3_2018,0,111,2016-01_to_2018-05,0
100829,non_list1,excluded,direct_policy_scope_overlap,1421207,0,0.000000000000,29,24,0,us_301_list3_2018,0,111,2016-01_to_2018-05,0
100830,non_list1,excluded,insufficient_positive_pre_months|direct_policy_scope_overlap,8020,0,0.000000000000,1,24,0,us_301_list3_2018,0,111,2016-01_to_2018-05,0
100840,non_list1,excluded,insufficient_positive_pre_months,0,0,0.000000000000,0,24,0,,0,111,2016-01_to_2018-05,0
100850,non_list1,excluded,insufficient_positive_pre_months|direct_policy_scope_overlap,57760,0,0.000000000000,1,24,0,us_301_list3_2018,0,111,2016-01_to_2018-05,0
100860,non_list1,excluded,insufficient_positive_pre_months,0,0,0.000000000000,0,24,0,,0,111,2016-01_to_2018-05,0
100890,non_list1,excluded,direct_policy_scope_overlap,419668,0,0.000000000000,27,24,0,us_301_list3_2018,0,111,2016-01_to_2018-05,0
110100,non_list1,excluded,direct_policy_scope_overlap,3443338,0,0.000000000000,29,24,0,us_301_list3_2018,0,311,2016-01_to_2018-05,0
110220,non_list1,excluded,insufficient_positive_pre_months|direct_policy_scope_overlap,172611,0,0.000000000000,16,24,0,us_301_list3_2018,0,311,2016-01_to_2018-05,0
110290,non_list1,excluded,insufficient_positive_pre_months|direct_policy_scope_overlap,404446,0,0.000000000000,23,24,0,us_301_list3_2018,0,311,2016-01_to_2018-05,0
110311,non_list1,excluded,insufficient_positive_pre_months|direct_policy_scope_overlap,48325,0,0.000000000000,4,24,0,us_301_list3_2018,0,311,2016-01_to_2018-05,0
110313,non_list1,excluded,insufficient_positive_pre_months|direct_policy_scope_overlap,112205,0,0.000000000000,14,24,0,us_301_list3_2018,0,311,2016-01_to_2018-05,0
110319,non_list1,excluded,insufficient_positive_pre_months|direct_policy_scope_overlap,412986,0,0.000000000000,14,24,0,us_301_list3_2018,0,311,2016-01_to_2018-05,0
110320,non_list1,excluded,insufficient_positive_pre_months|direct_policy_scope_overlap,222800,0,0.000000000000,5,24,0,us_301_list3_2018,0,311,2016-01_to_2018-05,0
110412,non_list1,excluded,insufficient_positive_pre_months|direct_policy_scope_overlap,32030,0,0.000000000000,5,24,0,us_301_list3_2018,0,311,2016-01_to_2018-05,0
110419,non_list1,excluded,direct_policy_scope_overlap,241412,0,0.000000000000,25,24,0,us_301_list3_2018,0,311,2016-01_to_2018-05,0
110422,non_list1,excluded,insufficient_positive_pre_months|direct_policy_scope_overlap,6794,0,0.000000000000,2,24,0,us_301_list3_2018,0,311,2016-01_to_2018-05,0
110423,non_list1,excluded,insufficient_positive_pre_months|direct_policy_scope_overlap,100909,0,0.000000000000,9,24,0,us_301_list3_2018,0,311,2016-01_to_2018-05,0
110429,non_list1,excluded,direct_policy_scope_overlap,2533311,0,0.000000000000,29,24,0,us_301_list3_2018,0,311,2016-01_to_2018-05,0
110430,non_list1,excluded,insufficient_positive_pre_months|direct_policy_scope_overlap,9312,0,0.000000000000,2,24,0,us_301_list3_2018,0,311,2016-01_to_2018-05,0
110510,non_list1,excluded,insufficient_positive_pre_months|direct_policy_scope_overlap,976157,0,0.000000000000,21,24,0,us_301_list3_2018,0,311,2016-01_to_2018-05,0
110520,non_list1,excluded,insufficient_positive_pre_months|direct_policy_scope_overlap,3720,0,0.000000000000,1,24,0,us_301_list3_2018,0,311,2016-01_to_2018-05,0
110610,non_list1,excluded,insufficient_positive_pre_months|direct_policy_scope_overlap,40991,0,0.000000000000,5,24,0,us_301_list3_2018,0,311,2016-01_to_2018-05,0
110620,non_list1,excluded,direct_policy_scope_overlap,90246984,0,0.000000000000,29,24,0,us_301_list3_2018,0,311,2016-01_to_2018-05,0
110630,non_list1,excluded,direct_policy_scope_overlap,2005234,0,0.000000000000,25,24,0,us_301_list3_2018,0,311,2016-01_to_2018-05,0
110710,non_list1,excluded,insufficient_positive_pre_months|direct_policy_scope_overlap,4513,0,0.000000000000,2,24,0,us_301_list3_2018,0,311,2016-01_to_2018-05,0
110720,non_list1,excluded,insufficient_positive_pre_months|direct_policy_scope_overlap,31944,0,0.000000000000,5,24,0,us_301_list3_2018,0,311,2016-01_to_2018-05,0
110811,non_list1,excluded,direct_policy_scope_overlap,1567241,0,0.000000000000,29,24,0,us_301_list3_2018,0,311,2016-01_to_2018-05,0
110812,non_list1,excluded,direct_policy_scope_overlap,2199401,0,0.000000000000,29,24,0,us_301_list3_2018,0,311,2016-01_to_2018-05,0
110813,non_list1,excluded,direct_policy_scope_overlap,1157765,0,0.000000000000,29,24,0,us_301_list3_2018,0,311,2016-01_to_2018-05,0
110814,non_list1,excluded,insufficient_positive_pre_months|direct_policy_scope_overlap,93219,0,0.000000000000,5,24,0,us_301_list3_2018,0,311,2016-01_to_2018-05,0
110819,non_list1,excluded,direct_policy_scope_overlap,6260348,0,0.000000000000,29,24,0,us_301_list3_2018,0,311,2016-01_to_2018-05,0
110820,non_list1,excluded,direct_policy_scope_overlap,3948960,0,0.000000000000,27,24,0,us_301_list3_2018,0,311,2016-01_to_2018-05,0
110900,non_list1,excluded,direct_policy_scope_overlap,6332511,0,0.000000000000,24,24,0,us_301_list3_2018,0,311,2016-01_to_2018-05,0
120110,non_list1,excluded,insufficient_positive_pre_months|direct_policy_scope_overlap,594750,0,0.000000000000,9,24,0,us_301_list3_2018,0,111,2016-01_to_2018-05,0
120190,non_list1,excluded,direct_policy_scope_overlap,28791210,0,0.000000000000,29,24,0,us_301_list3_2018,0,111,2016-01_to_2018-05,0
120230,non_list1,excluded,insufficient_positive_pre_months|direct_policy_scope_overlap,0,0,0.000000000000,0,24,0,us_301_list3_2018,0,111,2016-01_to_2018-05,0
120241,non_list1,excluded,insufficient_positive_pre_months,0,0,0.000000000000,0,24,0,,0,111,2016-01_to_2018-05,0
120242,non_list1,excluded,insufficient_positive_pre_months,0,0,0.000000000000,0,24,0,,0,111,2016-01_to_2018-05,0
120400,non_list1,excluded,insufficient_positive_pre_months|direct_policy_scope_overlap,272383,0,0.000000000000,6,24,0,us_301_list3_2018,0,111,2016-01_to_2018-05,0
120510,non_list1,excluded,insufficient_positive_pre_months|direct_policy_scope_overlap,747523,0,0.000000000000,3,24,0,us_301_list3_2018,0,111,2016-01_to_2018-05,0
120590,non_list1,excluded,insufficient_positive_pre_months|direct_policy_scope_overlap,0,0,0.000000000000,0,24,0,us_301_list3_2018,0,111,2016-01_to_2018-05,0
120600,non_list1,excluded,direct_policy_scope_overlap,15490966,0,0.000000000000,29,24,0,us_301_list3_2018,0,111,2016-01_to_2018-05,0
120721,non_list1,excluded,insufficient_positive_pre_months,0,0,0.000000000000,0,24,0,,0,111,2016-01_to_2018-05,0
120729,non_list1,excluded,insufficient_positive_pre_months,0,0,0.000000000000,0,24,0,,0,111,2016-01_to_2018-05,0
120740,non_list1,excluded,direct_policy_scope_overlap,2659397,0,0.000000000000,29,24,0,us_301_list3_2018,0,111,2016-01_to_2018-05,0
120750,non_list1,excluded,insufficient_positive_pre_months|direct_policy_scope_overlap,18780,0,0.000000000000,1,24,0,us_301_list3_2018,0,111,2016-01_to_2018-05,0
120770,non_list1,excluded,direct_policy_scope_overlap,9971139,0,0.000000000000,25,24,0,us_301_list3_2018,0,111,2016-01_to_2018-05,0
120791,non_list1,excluded,insufficient_positive_pre_months|direct_policy_scope_overlap,0,0,0.000000000000,0,24,0,us_301_list3_2018,0,111,2016-01_to_2018-05,0
120799,non_list1,excluded,direct_policy_scope_overlap,36333347,0,0.000000000000,29,24,0,us_301_list3_2018,0,111,2016-01_to_2018-05,0
120810,non_list1,excluded,insufficient_positive_pre_months|direct_policy_scope_overlap,3609580,0,0.000000000000,16,24,0,us_301_list3_2018,0,311,2016-01_to_2018-05,0
120890,non_list1,excluded,insufficient_positive_pre_months|direct_policy_scope_overlap,221136,0,0.000000000000,15,24,0,us_301_list3_2018,0,311,2016-01_to_2018-05,0
120910,non_list1,excluded,insufficient_positive_pre_months|direct_policy_scope_overlap,3296,0,0.000000000000,1,24,0,us_301_list3_2018,0,111,2016-01_to_2018-05,0
120921,non_list1,excluded,insufficient_positive_pre_months|direct_policy_scope_overlap,220934,0,0.000000000000,1,24,0,us_301_list3_2018,0,111,2016-01_to_2018-05,0
120922,non_list1,excluded,insufficient_positive_pre_months,0,0,0.000000000000,0,24,0,,0,111,2016-01_to_2018-05,0
120923,non_list1,excluded,insufficient_positive_pre_months,0,0,0.000000000000,0,24,0,,0,111,2016-01_to_2018-05,0
120924,non_list1,excluded,insufficient_positive_pre_months,0,0,0.000000000000,0,24,0,,0,111,2016-01_to_2018-05,0
120925,non_list1,excluded,insufficient_positive_pre_months|direct_policy_scope_overlap,19404,0,0.000000000000,1,24,0,us_301_list3_2018,0,111,2016-01_to_2018-05,0
120929,non_list1,excluded,insufficient_positive_pre_months|direct_policy_scope_overlap,2655885,0,0.000000000000,23,24,0,us_301_list3_2018,0,111,2016-01_to_2018-05,0
120930,non_list1,excluded,direct_policy_scope_overlap,9982332,0,0.000000000000,29,24,0,us_301_list3_2018,0,111,2016-01_to_2018-05,0
120991,non_list1,excluded,direct_policy_scope_overlap,155716713,0,0.000000000000,29,24,0,us_301_list3_2018,0,111,2016-01_to_2018-05,0
120999,non_list1,excluded,direct_policy_scope_overlap,4174823,0,0.000000000000,29,24,0,us_301_list3_2018,0,111,2016-01_to_2018-05,0
121010,non_list1,excluded,insufficient_positive_pre_months|direct_policy_scope_overlap,0,0,0.000000000000,0,24,0,us_301_list3_2018,0,111,2016-01_to_2018-05,0
121020,non_list1,excluded,insufficient_positive_pre_months,0,0,0.000000000000,0,24,0,,0,111,2016-01_to_2018-05,0
121120,non_list1,excluded,insufficient_positive_pre_months|direct_policy_scope_overlap,46566084,0,0.000000000000,17,24,0,us_301_list3_2018,0,111|113|311,2016-01_to_2018-05,0
121130,non_list1,excluded,insufficient_positive_pre_months|direct_policy_scope_overlap,0,0,0.000000000000,0,24,0,us_301_list3_2018,0,111,2016-01_to_2018-05,0
121150,non_list1,excluded,insufficient_positive_pre_months|direct_policy_scope_overlap,72106,0,0.000000000000,3,24,0,us_301_list3_2018,0,111,2016-01_to_2018-05,0
121190,non_list1,excluded,insufficient_positive_pre_months|direct_policy_scope_overlap,94735186,0,0.000000000000,17,24,0,us_301_list3_2018,0,111|311,2016-01_to_2018-05,0
121221,non_list1,excluded,direct_policy_scope_overlap,31375403,0,0.000000000000,29,24,0,us_301_list3_2018,0,114,2016-01_to_2018-05,0
121229,non_list1,excluded,direct_policy_scope_overlap,7776286,0,0.000000000000,29,24,0,us_301_list3_2018,0,114,2016-01_to_2018-05,0
121291,non_list1,excluded,insufficient_positive_pre_months,0,0,0.000000000000,0,24,0,,0,111,2016-01_to_2018-05,0
121292,non_list1,excluded,insufficient_positive_pre_months|direct_policy_scope_overlap,0,0,0.000000000000,0,24,0,us_301_list3_2018,0,111,2016-01_to_2018-05,0
121293,non_list1,excluded,insufficient_positive_pre_months,0,0,0.000000000000,0,24,0,,0,111,2016-01_to_2018-05,0
121294,non_list1,excluded,insufficient_positive_pre_months,0,0,0.000000000000,0,24,0,,0,111,2016-01_to_2018-05,0
121299,non_list1,excluded,direct_policy_scope_overlap,113999957,0,0.000000000000,29,24,0,us_301_list3_2018,0,111,2016-01_to_2018-05,0
121300,non_list1,excluded,insufficient_positive_pre_months|direct_policy_scope_overlap,7410,0,0.000000000000,1,24,0,us_301_list3_2018,0,111,2016-01_to_2018-05,0
121410,non_list1,excluded,insufficient_positive_pre_months|direct_policy_scope_overlap,592286,0,0.000000000000,13,24,0,us_301_list3_2018,0,311,2016-01_to_2018-05,0
121490,non_list1,excluded,insufficient_positive_pre_months|direct_policy_scope_overlap,782315,0,0.000000000000,20,24,0,us_301_list3_2018,0,111,2016-01_to_2018-05,0
130120,non_list1,excluded,insufficient_positive_pre_months,147222,0,0.000000000000,9,24,0,,0,113,2016-01_to_2018-05,0
130190,non_list1,control_candidate,,5974903,0,0.000000000000,26,24,0,,0,113,2016-01_to_2018-05,0
130211,non_list1,excluded,insufficient_positive_pre_months,0,0,0.000000000000,0,24,0,,0,113,2016-01_to_2018-05,0
130212,non_list1,control_candidate,,26291042,0,0.000000000000,29,24,0,,0,113,2016-01_to_2018-05,0
130213,non_list1,excluded,insufficient_positive_pre_months,1258117,0,0.000000000000,8,24,0,,0,311,2016-01_to_2018-05,0
130214,non_list1,excluded,insufficient_positive_pre_months,7500,0,0.000000000000,1,24,0,,0,113,2016-01_to_2018-05,0
130219,non_list1,excluded,insufficient_positive_pre_months,294421022,0,0.000000000000,17,24,0,,0,113|325,2016-01_to_2018-05,0
130220,non_list1,control_candidate,,11030848,0,0.000000000000,28,24,0,,0,311,2016-01_to_2018-05,0
130231,non_list1,control_candidate,,11608870,0,0.000000000000,29,24,0,,0,325,2016-01_to_2018-05,0
130232,non_list1,control_candidate,,9171614,0,0.000000000000,29,24,0,,0,311,2016-01_to_2018-05,0
130239,non_list1,control_candidate,,13625173,0,0.000000000000,29,24,0,,0,311,2016-01_to_2018-05,0
140110,non_list1,excluded,direct_policy_scope_overlap,32889827,0,0.000000000000,29,24,0,us_301_list3_2018,0,113,2016-01_to_2018-05,0
140120,non_list1,control_candidate,,5009578,0,0.000000000000,29,24,0,,0,113,2016-01_to_2018-05,0
140190,non_list1,excluded,insufficient_positive_pre_months|direct_policy_scope_overlap,460412,0,0.000000000000,18,24,0,us_301_list3_2018,0,113,2016-01_to_2018-05,0
140420,non_list1,excluded,insufficient_positive_pre_months|direct_policy_scope_overlap,8836,0,0.000000000000,2,24,0,us_301_list3_2018,0,311,2016-01_to_2018-05,0
140490,non_list1,excluded,insufficient_positive_pre_months|direct_policy_scope_overlap,14333900,0,0.000000000000,17,24,0,us_301_list3_2018,0,111|113,2016-01_to_2018-05,0
150110,non_list1,excluded,insufficient_positive_pre_months,0,0,0.000000000000,0,24,0,,0,311,2016-01_to_2018-05,0
150120,non_list1,excluded,insufficient_positive_pre_months,0,0,0.000000000000,0,24,0,,0,311,2016-01_to_2018-05,0
150190,non_list1,excluded,insufficient_positive_pre_months,0,0,0.000000000000,0,24,0,,0,311,2016-01_to_2018-05,0
150210,non_list1,excluded,insufficient_positive_pre_months,0,0,0.000000000000,0,24,0,,0,311,2016-01_to_2018-05,0
150290,non_list1,excluded,insufficient_positive_pre_months,0,0,0.000000000000,0,24,0,,0,311,2016-01_to_2018-05,0
150300,non_list1,excluded,insufficient_positive_pre_months,0,0,0.000000000000,0,24,0,,0,311,2016-01_to_2018-05,0
150410,non_list1,excluded,direct_policy_scope_overlap,7313002,0,0.000000000000,29,24,0,us_301_list3_2018,0,114,2016-01_to_2018-05,0
150420,non_list1,excluded,direct_policy_scope_overlap,14313231,0,0.000000000000,29,24,0,us_301_list3_2018,0,114,2016-01_to_2018-05,0
150430,non_list1,excluded,insufficient_positive_pre_months,36177,0,0.000000000000,1,24,0,,0,114,2016-01_to_2018-05,0
150500,non_list1,excluded,direct_policy_scope_overlap,11799834,0,0.000000000000,29,24,0,us_301_list3_2018,0,313|325,2016-01_to_2018-05,0
150600,non_list1,excluded,insufficient_positive_pre_months|direct_policy_scope_overlap,205550,0,0.000000000000,7,24,0,us_301_list3_2018,0,311,2016-01_to_2018-05,0
150710,non_list1,excluded,insufficient_positive_pre_months,3000,0,0.000000000000,1,24,0,,0,311,2016-01_to_2018-05,0
150790,non_list1,excluded,insufficient_positive_pre_months,72311,0,0.000000000000,5,24,0,,0,311,2016-01_to_2018-05,0
150810,non_list1,excluded,insufficient_positive_pre_months,1061027,0,0.000000000000,20,24,0,,0,311,2016-01_to_2018-05,0
150890,non_list1,control_candidate,,748743,0,0.000000000000,24,24,0,,0,311,2016-01_to_2018-05,0
150910,non_list1,excluded,insufficient_positive_pre_months,182283,0,0.000000000000,2,24,0,,0,311,2016-01_to_2018-05,0
150990,non_list1,excluded,insufficient_positive_pre_months,497223,0,0.000000000000,2,24,0,,0,311,2016-01_to_2018-05,0
151000,non_list1,excluded,insufficient_positive_pre_months,24502,0,0.000000000000,1,24,0,,0,311,2016-01_to_2018-05,0
151110,non_list1,excluded,insufficient_positive_pre_months,0,0,0.000000000000,0,24,0,,0,311,2016-01_to_2018-05,0
151190,non_list1,excluded,insufficient_positive_pre_months,25392,0,0.000000000000,1,24,0,,0,311,2016-01_to_2018-05,0
151211,non_list1,excluded,insufficient_positive_pre_months,0,0,0.000000000000,0,24,0,,0,311,2016-01_to_2018-05,0
151219,non_list1,excluded,insufficient_positive_pre_months,318243,0,0.000000000000,16,24,0,,0,311,2016-01_to_2018-05,0
151221,non_list1,excluded,insufficient_positive_pre_months,0,0,0.000000000000,0,24,0,,0,311,2016-01_to_2018-05,0
151229,non_list1,excluded,insufficient_positive_pre_months,0,0,0.000000000000,0,24,0,,0,311,2016-01_to_2018-05,0
151311,non_list1,excluded,insufficient_positive_pre_months,545712,0,0.000000000000,11,24,0,,0,311,2016-01_to_2018-05,0
151319,non_list1,excluded,insufficient_positive_pre_months,823346,0,0.000000000000,18,24,0,,0,311,2016-01_to_2018-05,0
151321,non_list1,excluded,insufficient_positive_pre_months,0,0,0.000000000000,0,24,0,,0,311,2016-01_to_2018-05,0
151329,non_list1,excluded,insufficient_positive_pre_months,0,0,0.000000000000,0,24,0,,0,311,2016-01_to_2018-05,0
151411,non_list1,excluded,insufficient_positive_pre_months,0,0,0.000000000000,0,24,0,,0,311,2016-01_to_2018-05,0
151419,non_list1,excluded,insufficient_positive_pre_months,21106,0,0.000000000000,2,24,0,,0,311,2016-01_to_2018-05,0
151491,non_list1,excluded,insufficient_positive_pre_months,79916,0,0.000000000000,4,24,0,,0,311,2016-01_to_2018-05,0
151499,non_list1,excluded,insufficient_positive_pre_months,65206,0,0.000000000000,7,24,0,,0,311,2016-01_to_2018-05,0
151511,non_list1,excluded,insufficient_positive_pre_months,456694,0,0.000000000000,7,24,0,,0,311,2016-01_to_2018-05,0
151519,non_list1,control_candidate,,4500851,0,0.000000000000,29,24,0,,0,311,2016-01_to_2018-05,0
151521,non_list1,excluded,insufficient_positive_pre_months,3660,0,0.000000000000,1,24,0,,0,311,2016-01_to_2018-05,0
151529,non_list1,excluded,insufficient_positive_pre_months,3062,0,0.000000000000,1,24,0,,0,311,2016-01_to_2018-05,0
151530,non_list1,excluded,insufficient_positive_pre_months,51083,0,0.000000000000,2,24,0,,0,311,2016-01_to_2018-05,0
151550,non_list1,control_candidate,,6684578,0,0.000000000000,29,24,0,,0,311,2016-01_to_2018-05,0
151590,non_list1,control_candidate,,32886990,0,0.000000000000,29,24,0,,0,311,2016-01_to_2018-05,0
151610,non_list1,excluded,insufficient_positive_pre_months,55455,0,0.000000000000,4,24,0,,0,311,2016-01_to_2018-05,0
151620,non_list1,control_candidate,,6650003,0,0.000000000000,26,24,0,,0,311,2016-01_to_2018-05,0
151710,non_list1,excluded,insufficient_positive_pre_months,0,0,0.000000000000,0,24,0,,0,311,2016-01_to_2018-05,0
151790,non_list1,control_candidate,,1756840,0,0.000000000000,29,24,0,,0,311,2016-01_to_2018-05,0
151800,non_list1,control_candidate,,5607363,0,0.000000000000,29,24,0,,0,311,2016-01_to_2018-05,0
152000,non_list1,excluded,insufficient_positive_pre_months,55963,0,0.000000000000,6,24,0,,0,325,2016-01_to_2018-05,0
152110,non_list1,excluded,insufficient_positive_pre_months,1718749,0,0.000000000000,23,24,0,,0,325,2016-01_to_2018-05,0
152190,non_list1,control_candidate,,30042244,0,0.000000000000,29,24,0,,0,325,2016-01_to_2018-05,0
152200,non_list1,excluded,insufficient_positive_pre_months,12175,0,0.000000000000,1,24,0,,0,325,2016-01_to_2018-05,0
160100,non_list1,excluded,insufficient_positive_pre_months,0,0,0.000000000000,0,24,0,,0,311,2016-01_to_2018-05,0
160210,non_list1,excluded,insufficient_positive_pre_months,0,0,0.000000000000,0,24,0,,0,311,2016-01_to_2018-05,0
160220,non_list1,excluded,insufficient_positive_pre_months,51678,0,0.000000000000,1,24,0,,0,311,2016-01_to_2018-05,0
160231,non_list1,excluded,insufficient_positive_pre_months,0,0,0.000000000000,0,24,0,,0,311,2016-01_to_2018-05,0
160232,non_list1,excluded,insufficient_positive_pre_months|direct_policy_scope_overlap,2526,0,0.000000000000,1,24,0,us_301_list3_2018,0,311,2016-01_to_2018-05,0
160239,non_list1,excluded,insufficient_positive_pre_months,0,0,0.000000000000,0,24,0,,0,311,2016-01_to_2018-05,0
160241,non_list1,excluded,insufficient_positive_pre_months,0,0,0.000000000000,0,24,0,,0,311,2016-01_to_2018-05,0
160242,non_list1,excluded,insufficient_positive_pre_months,0,0,0.000000000000,0,24,0,,0,311,2016-01_to_2018-05,0
160249,non_list1,excluded,insufficient_positive_pre_months,0,0,0.000000000000,0,24,0,,0,311,2016-01_to_2018-05,0
160250,non_list1,excluded,insufficient_positive_pre_months,0,0,0.000000000000,0,24,0,,0,311,2016-01_to_2018-05,0
160290,non_list1,excluded,insufficient_positive_pre_months,29934,0,0.000000000000,4,24,0,,0,311,2016-01_to_2018-05,0
160300,non_list1,excluded,insufficient_positive_pre_months|direct_policy_scope_overlap,1991244,0,0.000000000000,21,24,0,us_301_list3_2018,0,311,2016-01_to_2018-05,0
160411,non_list1,excluded,direct_policy_scope_overlap,19255955,0,0.000000000000,29,24,0,us_301_list3_2018,0,311,2016-01_to_2018-05,0
160412,non_list1,excluded,insufficient_positive_pre_months|direct_policy_scope_overlap,824679,0,0.000000000000,22,24,0,us_301_list3_2018,0,311,2016-01_to_2018-05,0
160413,non_list1,excluded,direct_policy_scope_overlap,18889248,0,0.000000000000,29,24,0,us_301_list3_2018,0,311,2016-01_to_2018-05,0
160414,non_list1,excluded,direct_policy_scope_overlap,246100783,0,0.000000000000,29,24,0,us_301_list3_2018,0,311,2016-01_to_2018-05,0
160415,non_list1,excluded,direct_policy_scope_overlap,28869934,0,0.000000000000,29,24,0,us_301_list3_2018,0,311,2016-01_to_2018-05,0
160416,non_list1,excluded,insufficient_positive_pre_months|direct_policy_scope_overlap,296259,0,0.000000000000,10,24,0,us_301_list3_2018,0,311,2016-01_to_2018-05,0
160417,non_list1,excluded,direct_policy_scope_overlap,122044837,0,0.000000000000,29,24,0,us_301_list3_2018,0,114|311,2016-01_to_2018-05,0
160418,non_list1,excluded,insufficient_positive_pre_months|direct_policy_scope_overlap,0,0,0.000000000000,0,24,0,us_301_list3_2018,0,311,2016-01_to_2018-05,0
160419,non_list1,excluded,insufficient_positive_pre_months|direct_policy_scope_overlap,54664932,0,0.000000000000,17,24,0,us_301_list3_2018,0,114|311,2016-01_to_2018-05,0
160420,non_list1,excluded,direct_policy_scope_overlap,50229712,0,0.000000000000,29,24,0,us_301_list3_2018,0,114|311,2016-01_to_2018-05,0
160431,non_list1,excluded,direct_policy_scope_overlap,15398579,0,0.000000000000,29,24,0,us_301_list3_2018,0,311,2016-01_to_2018-05,0
160432,non_list1,excluded,direct_policy_scope_overlap,4728541,0,0.000000000000,29,24,0,us_301_list3_2018,0,311,2016-01_to_2018-05,0
160510,non_list1,excluded,direct_policy_scope_overlap,215176084,0,0.000000000000,29,24,0,us_301_list3_2018,0,114|311,2016-01_to_2018-05,0
160521,non_list1,excluded,direct_policy_scope_overlap,475349532,0,0.000000000000,29,24,0,us_301_list3_2018,0,114|311,2016-01_to_2018-05,0
160529,non_list1,excluded,insufficient_positive_pre_months|direct_policy_scope_overlap,932506,0,0.000000000000,23,24,0,us_301_list3_2018,0,114|311,2016-01_to_2018-05,0
160530,non_list1,excluded,insufficient_positive_pre_months|direct_policy_scope_overlap,13429,0,0.000000000000,2,24,0,us_301_list3_2018,0,114|311,2016-01_to_2018-05,0
160540,non_list1,excluded,direct_policy_scope_overlap,144750552,0,0.000000000000,29,24,0,us_301_list3_2018,0,311,2016-01_to_2018-05,0
160551,non_list1,excluded,direct_policy_scope_overlap,61565004,0,0.000000000000,29,24,0,us_301_list3_2018,0,311,2016-01_to_2018-05,0
160552,non_list1,excluded,direct_policy_scope_overlap,3172424,0,0.000000000000,29,24,0,us_301_list3_2018,0,311,2016-01_to_2018-05,0
160553,non_list1,excluded,direct_policy_scope_overlap,2035866,0,0.000000000000,29,24,0,us_301_list3_2018,0,311,2016-01_to_2018-05,0
160554,non_list1,excluded,insufficient_positive_pre_months|direct_policy_scope_overlap,30970159,0,0.000000000000,17,24,0,us_301_list3_2018,0,311,2016-01_to_2018-05,0
160555,non_list1,excluded,direct_policy_scope_overlap,21562386,0,0.000000000000,29,24,0,us_301_list3_2018,0,311,2016-01_to_2018-05,0
160556,non_list1,excluded,direct_policy_scope_overlap,69302263,0,0.000000000000,29,24,0,us_301_list3_2018,0,311,2016-01_to_2018-05,0
160557,non_list1,excluded,direct_policy_scope_overlap,3968094,0,0.000000000000,27,24,0,us_301_list3_2018,0,311,2016-01_to_2018-05,0
160558,non_list1,excluded,insufficient_positive_pre_months|direct_policy_scope_overlap,6340,0,0.000000000000,1,24,0,us_301_list3_2018,0,311,2016-01_to_2018-05,0
160559,non_list1,excluded,insufficient_positive_pre_months|direct_policy_scope_overlap,3482761,0,0.000000000000,17,24,0,us_301_list3_2018,0,311,2016-01_to_2018-05,0
160561,non_list1,excluded,insufficient_positive_pre_months|direct_policy_scope_overlap,225609,0,0.000000000000,2,24,0,us_301_list3_2018,0,311,2016-01_to_2018-05,0
160562,non_list1,excluded,insufficient_positive_pre_months|direct_policy_scope_overlap,30552,0,0.000000000000,1,24,0,us_301_list3_2018,0,311,2016-01_to_2018-05,0
160563,non_list1,excluded,direct_policy_scope_overlap,8394896,0,0.000000000000,29,24,0,us_301_list3_2018,0,311,2016-01_to_2018-05,0
160569,non_list1,excluded,direct_policy_scope_overlap,15303214,0,0.000000000000,29,24,0,us_301_list3_2018,0,311,2016-01_to_2018-05,0
170112,non_list1,excluded,insufficient_positive_pre_months,0,0,0.000000000000,0,24,0,,0,311,2016-01_to_2018-05,0
170113,non_list1,excluded,insufficient_positive_pre_months,0,0,0.000000000000,0,24,0,,0,311,2016-01_to_2018-05,0
170114,non_list1,excluded,insufficient_positive_pre_months,5600,0,0.000000000000,1,24,0,,0,311,2016-01_to_2018-05,0
170191,non_list1,control_candidate,,4149921,0,0.000000000000,26,24,0,,0,311,2016-01_to_2018-05,0
170199,non_list1,excluded,direct_policy_scope_overlap,7849829,0,0.000000000000,26,24,0,us_301_list3_2018,0,311,2016-01_to_2018-05,0
170211,non_list1,excluded,insufficient_positive_pre_months,0,0,0.000000000000,0,24,0,,0,311,2016-01_to_2018-05,0
170219,non_list1,excluded,insufficient_positive_pre_months,58173,0,0.000000000000,7,24,0,,0,311,2016-01_to_2018-05,0
170220,non_list1,excluded,insufficient_positive_pre_months,38628,0,0.000000000000,2,24,0,,0,111,2016-01_to_2018-05,0
170230,non_list1,control_candidate,,12053061,0,0.000000000000,29,24,0,,0,311,2016-01_to_2018-05,0
170240,non_list1,excluded,insufficient_positive_pre_months,2940,0,0.000000000000,1,24,0,,0,311,2016-01_to_2018-05,0
170250,non_list1,excluded,insufficient_positive_pre_months,257483,0,0.000000000000,14,24,0,,0,311,2016-01_to_2018-05,0
170260,non_list1,control_candidate,,652401,0,0.000000000000,27,24,0,,0,311,2016-01_to_2018-05,0
170290,non_list1,excluded,direct_policy_scope_overlap,24861447,0,0.000000000000,29,24,0,us_301_list3_2018,0,311,2016-01_to_2018-05,0
170310,non_list1,excluded,insufficient_positive_pre_months,0,0,0.000000000000,0,24,0,,0,311,2016-01_to_2018-05,0
170390,non_list1,excluded,insufficient_positive_pre_months,0,0,0.000000000000,0,24,0,,0,311,2016-01_to_2018-05,0
170410,non_list1,control_candidate,,27156160,0,0.000000000000,29,24,0,,0,311,2016-01_to_2018-05,0
170490,non_list1,excluded,direct_policy_scope_overlap,289531281,0,0.000000000000,29,24,0,us_301_list3_2018,0,311,2016-01_to_2018-05,0
180100,non_list1,excluded,insufficient_positive_pre_months,0,0,0.000000000000,0,24,0,,0,111,2016-01_to_2018-05,0
180200,non_list1,excluded,insufficient_positive_pre_months,0,0,0.000000000000,0,24,0,,0,111,2016-01_to_2018-05,0
180310,non_list1,excluded,insufficient_positive_pre_months,17350,0,0.000000000000,3,24,0,,0,311,2016-01_to_2018-05,0
180320,non_list1,excluded,insufficient_positive_pre_months,0,0,0.000000000000,0,24,0,,0,311,2016-01_to_2018-05,0
180400,non_list1,excluded,insufficient_positive_pre_months,54789362,0,0.000000000000,22,24,0,,0,311,2016-01_to_2018-05,0
180500,non_list1,excluded,insufficient_positive_pre_months,359202,0,0.000000000000,6,24,0,,0,311,2016-01_to_2018-05,0
180610,non_list1,excluded,insufficient_positive_pre_months,97566,0,0.000000000000,1,24,0,,0,311,2016-01_to_2018-05,0
180620,non_list1,excluded,insufficient_positive_pre_months,41790,0,0.000000000000,3,24,0,,0,311,2016-01_to_2018-05,0
180631,non_list1,excluded,insufficient_positive_pre_months,174351,0,0.000000000000,5,24,0,,0,311,2016-01_to_2018-05,0
180632,non_list1,excluded,insufficient_positive_pre_months,3799391,0,0.000000000000,21,24,0,,0,311,2016-01_to_2018-05,0
180690,non_list1,control_candidate,,13321910,0,0.000000000000,29,24,0,,0,311,2016-01_to_2018-05,0
190110,non_list1,excluded,insufficient_positive_pre_months,0,0,0.000000000000,0,24,0,,0,311,2016-01_to_2018-05,0
190120,non_list1,excluded,insufficient_positive_pre_months,104116,0,0.000000000000,6,24,0,,0,311,2016-01_to_2018-05,0
190190,non_list1,excluded,direct_policy_scope_overlap,73261094,0,0.000000000000,29,24,0,us_301_list3_2018,0,311,2016-01_to_2018-05,0
190211,non_list1,excluded,insufficient_positive_pre_months,632243,0,0.000000000000,22,24,0,,0,311,2016-01_to_2018-05,0
190219,non_list1,excluded,direct_policy_scope_overlap,156121226,0,0.000000000000,29,24,0,us_301_list3_2018,0,311,2016-01_to_2018-05,0
190220,non_list1,excluded,direct_policy_scope_overlap,5048180,0,0.000000000000,29,24,0,us_301_list3_2018,0,311,2016-01_to_2018-05,0
190230,non_list1,excluded,direct_policy_scope_overlap,96963495,0,0.000000000000,29,24,0,us_301_list3_2018,0,311,2016-01_to_2018-05,0
190240,non_list1,excluded,insufficient_positive_pre_months,72268,0,0.000000000000,1,24,0,,0,311,2016-01_to_2018-05,0
190300,non_list1,control_candidate,,3105779,0,0.000000000000,28,24,0,,0,311,2016-01_to_2018-05,0
190410,non_list1,control_candidate,,7511192,0,0.000000000000,29,24,0,,0,311,2016-01_to_2018-05,0
190420,non_list1,excluded,insufficient_positive_pre_months,65129,0,0.000000000000,10,24,0,,0,311,2016-01_to_2018-05,0
190430,non_list1,excluded,insufficient_positive_pre_months,0,0,0.000000000000,0,24,0,,0,311,2016-01_to_2018-05,0
190490,non_list1,control_candidate,,7470835,0,0.000000000000,29,24,0,,0,311,2016-01_to_2018-05,0
190510,non_list1,excluded,insufficient_positive_pre_months,214469,0,0.000000000000,8,24,0,,0,311,2016-01_to_2018-05,0
190520,non_list1,excluded,insufficient_positive_pre_months,993534,0,0.000000000000,6,24,0,,0,311,2016-01_to_2018-05,0
190531,non_list1,control_candidate,,21560003,0,0.000000000000,29,24,0,,0,311,2016-01_to_2018-05,0
190532,non_list1,control_candidate,,1147197,0,0.000000000000,27,24,0,,0,311,2016-01_to_2018-05,0
190540,non_list1,control_candidate,,12008607,0,0.000000000000,29,24,0,,0,311,2016-01_to_2018-05,0
190590,non_list1,excluded,direct_policy_scope_overlap,101463989,0,0.000000000000,29,24,0,us_301_list3_2018,0,311,2016-01_to_2018-05,0
200110,non_list1,excluded,direct_policy_scope_overlap,555459,0,0.000000000000,28,24,0,us_301_list3_2018,0,311,2016-01_to_2018-05,0
200190,non_list1,excluded,direct_policy_scope_overlap,22317747,0,0.000000000000,29,24,0,us_301_list3_2018,0,311,2016-01_to_2018-05,0
200210,non_list1,excluded,insufficient_positive_pre_months|direct_policy_scope_overlap,0,0,0.000000000000,0,24,0,us_301_list3_2018,0,311,2016-01_to_2018-05,0
200290,non_list1,excluded,direct_policy_scope_overlap,2488765,0,0.000000000000,29,24,0,us_301_list3_2018,0,311,2016-01_to_2018-05,0
200310,non_list1,excluded,direct_policy_scope_overlap,7382615,0,0.000000000000,27,24,0,us_301_list3_2018,0,311,2016-01_to_2018-05,0
200390,non_list1,excluded,direct_policy_scope_overlap,5760003,0,0.000000000000,29,24,0,us_301_list3_2018,0,311,2016-01_to_2018-05,0
200410,non_list1,excluded,insufficient_positive_pre_months|direct_policy_scope_overlap,23012,0,0.000000000000,4,24,0,us_301_list3_2018,0,311,2016-01_to_2018-05,0
200490,non_list1,excluded,direct_policy_scope_overlap,26827441,0,0.000000000000,29,24,0,us_301_list3_2018,0,311,2016-01_to_2018-05,0
200510,non_list1,excluded,insufficient_positive_pre_months,0,0,0.000000000000,0,24,0,,0,311,2016-01_to_2018-05,0
200520,non_list1,excluded,direct_policy_scope_overlap,3399228,0,0.000000000000,29,24,0,us_301_list3_2018,0,311,2016-01_to_2018-05,0
200540,non_list1,excluded,direct_policy_scope_overlap,8500571,0,0.000000000000,29,24,0,us_301_list3_2018,0,311,2016-01_to_2018-05,0
200551,non_list1,excluded,direct_policy_scope_overlap,3707853,0,0.000000000000,29,24,0,us_301_list3_2018,0,311,2016-01_to_2018-05,0
200559,non_list1,excluded,direct_policy_scope_overlap,4247453,0,0.000000000000,29,24,0,us_301_list3_2018,0,311,2016-01_to_2018-05,0
200560,non_list1,excluded,insufficient_positive_pre_months|direct_policy_scope_overlap,1482737,0,0.000000000000,23,24,0,us_301_list3_2018,0,311,2016-01_to_2018-05,0
200570,non_list1,excluded,insufficient_positive_pre_months|direct_policy_scope_overlap,631243,0,0.000000000000,17,24,0,us_301_list3_2018,0,311,2016-01_to_2018-05,0
200580,non_list1,excluded,direct_policy_scope_overlap,1072897,0,0.000000000000,28,24,0,us_301_list3_2018,0,311,2016-01_to_2018-05,0
200591,non_list1,excluded,direct_policy_scope_overlap,39794422,0,0.000000000000,29,24,0,us_301_list3_2018,0,311,2016-01_to_2018-05,0
200599,non_list1,excluded,direct_policy_scope_overlap,389055268,0,0.000000000000,29,24,0,us_301_list3_2018,0,311,2016-01_to_2018-05,0
200600,non_list1,excluded,direct_policy_scope_overlap,8636587,0,0.000000000000,29,24,0,us_301_list3_2018,0,311,2016-01_to_2018-05,0
200710,non_list1,excluded,insufficient_positive_pre_months|direct_policy_scope_overlap,11832,0,0.000000000000,2,24,0,us_301_list3_2018,0,311,2016-01_to_2018-05,0
200791,non_list1,excluded,insufficient_positive_pre_months|direct_policy_scope_overlap,41240,0,0.000000000000,9,24,0,us_301_list3_2018,0,311,2016-01_to_2018-05,0
200799,non_list1,excluded,direct_policy_scope_overlap,11287870,0,0.000000000000,29,24,0,us_301_list3_2018,0,311,2016-01_to_2018-05,0
200811,non_list1,excluded,direct_policy_scope_overlap,20471129,0,0.000000000000,29,24,0,us_301_list3_2018,0,311,2016-01_to_2018-05,0
200819,non_list1,excluded,direct_policy_scope_overlap,38688050,0,0.000000000000,29,24,0,us_301_list3_2018,0,311,2016-01_to_2018-05,0
200820,non_list1,excluded,direct_policy_scope_overlap,28522498,0,0.000000000000,29,24,0,us_301_list3_2018,0,311,2016-01_to_2018-05,0
200830,non_list1,excluded,direct_policy_scope_overlap,576676679,0,0.000000000000,29,24,0,us_301_list3_2018,0,311,2016-01_to_2018-05,0
200840,non_list1,excluded,direct_policy_scope_overlap,65009718,0,0.000000000000,29,24,0,us_301_list3_2018,0,311,2016-01_to_2018-05,0
200850,non_list1,excluded,direct_policy_scope_overlap,2969620,0,0.000000000000,29,24,0,us_301_list3_2018,0,311,2016-01_to_2018-05,0
200860,non_list1,excluded,insufficient_positive_pre_months|direct_policy_scope_overlap,796724,0,0.000000000000,19,24,0,us_301_list3_2018,0,311,2016-01_to_2018-05,0
200870,non_list1,excluded,direct_policy_scope_overlap,148271367,0,0.000000000000,29,24,0,us_301_list3_2018,0,311,2016-01_to_2018-05,0
200880,non_list1,excluded,direct_policy_scope_overlap,2100309,0,0.000000000000,28,24,0,us_301_list3_2018,0,311,2016-01_to_2018-05,0
200891,non_list1,excluded,insufficient_positive_pre_months,0,0,0.000000000000,0,24,0,,0,311,2016-01_to_2018-05,0
200893,non_list1,excluded,insufficient_positive_pre_months|direct_policy_scope_overlap,0,0,0.000000000000,0,24,0,us_301_list3_2018,0,311,2016-01_to_2018-05,0
200897,non_list1,excluded,direct_policy_scope_overlap,65418183,0,0.000000000000,29,24,0,us_301_list3_2018,0,311,2016-01_to_2018-05,0
200899,non_list1,excluded,insufficient_positive_pre_months|direct_policy_scope_overlap,264714051,0,0.000000000000,17,24,0,us_301_list3_2018,0,311,2016-01_to_2018-05,0
200911,non_list1,excluded,insufficient_positive_pre_months|direct_policy_scope_overlap,0,0,0.000000000000,0,24,0,us_301_list3_2018,0,311,2016-01_to_2018-05,0
200912,non_list1,excluded,insufficient_positive_pre_months,0,0,0.000000000000,0,24,0,,0,311,2016-01_to_2018-05,0
200919,non_list1,excluded,insufficient_positive_pre_months,0,0,0.000000000000,0,24,0,,0,311,2016-01_to_2018-05,0
200921,non_list1,excluded,insufficient_positive_pre_months,0,0,0.000000000000,0,24,0,,0,311,2016-01_to_2018-05,0
200929,non_list1,excluded,insufficient_positive_pre_months|direct_policy_scope_overlap,32000,0,0.000000000000,6,24,0,us_301_list3_2018,0,311,2016-01_to_2018-05,0
200931,non_list1,excluded,insufficient_positive_pre_months|direct_policy_scope_overlap,933092,0,0.000000000000,15,24,0,us_301_list3_2018,0,311,2016-01_to_2018-05,0
200939,non_list1,excluded,insufficient_positive_pre_months|direct_policy_scope_overlap,451484,0,0.000000000000,4,24,0,us_301_list3_2018,0,311,2016-01_to_2018-05,0
200941,non_list1,excluded,insufficient_positive_pre_months|direct_policy_scope_overlap,439656,0,0.000000000000,3,24,0,us_301_list3_2018,0,311,2016-01_to_2018-05,0
200949,non_list1,excluded,insufficient_positive_pre_months|direct_policy_scope_overlap,1406788,0,0.000000000000,21,24,0,us_301_list3_2018,0,311,2016-01_to_2018-05,0
200950,non_list1,excluded,insufficient_positive_pre_months|direct_policy_scope_overlap,23706,0,0.000000000000,1,24,0,us_301_list3_2018,0,311,2016-01_to_2018-05,0
200961,non_list1,excluded,insufficient_positive_pre_months,0,0,0.000000000000,0,24,0,,0,311,2016-01_to_2018-05,0
200969,non_list1,excluded,insufficient_positive_pre_months|direct_policy_scope_overlap,0,0,0.000000000000,0,24,0,us_301_list3_2018,0,311,2016-01_to_2018-05,0
200971,non_list1,excluded,direct_policy_scope_overlap,2169323,0,0.000000000000,27,24,0,us_301_list3_2018,0,311,2016-01_to_2018-05,0
200979,non_list1,excluded,direct_policy_scope_overlap,717889052,0,0.000000000000,29,24,0,us_301_list3_2018,0,311,2016-01_to_2018-05,0
200981,non_list1,excluded,insufficient_positive_pre_months,0,0,0.000000000000,0,24,0,,0,311,2016-01_to_2018-05,0
200989,non_list1,excluded,direct_policy_scope_overlap,86329221,0,0.000000000000,29,24,0,us_301_list3_2018,0,311,2016-01_to_2018-05,0
200990,non_list1,excluded,direct_policy_scope_overlap,823855,0,0.000000000000,25,24,0,us_301_list3_2018,0,311,2016-01_to_2018-05,0
210111,non_list1,control_candidate,,3744480,0,0.000000000000,28,24,0,,0,311,2016-01_to_2018-05,0
210112,non_list1,excluded,insufficient_positive_pre_months,419961,0,0.000000000000,7,24,0,,0,311,2016-01_to_2018-05,0
210120,non_list1,control_candidate,,93025978,0,0.000000000000,29,24,0,,0,311,2016-01_to_2018-05,0
210130,non_list1,excluded,insufficient_positive_pre_months,10312,0,0.000000000000,4,24,0,,0,311,2016-01_to_2018-05,0
210210,non_list1,control_candidate,,7164108,0,0.000000000000,29,24,0,,0,311,2016-01_to_2018-05,0
210220,non_list1,control_candidate,,25428079,0,0.000000000000,29,24,0,,0,311,2016-01_to_2018-05,0
210230,non_list1,excluded,insufficient_positive_pre_months,6707,0,0.000000000000,3,24,0,,0,311,2016-01_to_2018-05,0
210310,non_list1,excluded,direct_policy_scope_overlap,84292579,0,0.000000000000,29,24,0,us_301_list3_2018,0,311,2016-01_to_2018-05,0
210320,non_list1,excluded,insufficient_positive_pre_months,156060,0,0.000000000000,17,24,0,,0,311,2016-01_to_2018-05,0
210330,non_list1,control_candidate,,1673498,0,0.000000000000,24,24,0,,0,311,2016-01_to_2018-05,0
210390,non_list1,excluded,direct_policy_scope_overlap,136510521,0,0.000000000000,29,24,0,us_301_list3_2018,0,311,2016-01_to_2018-05,0
210410,non_list1,control_candidate,,19262971,0,0.000000000000,29,24,0,,0,311,2016-01_to_2018-05,0
210420,non_list1,excluded,insufficient_positive_pre_months,34300,0,0.000000000000,1,24,0,,0,311,2016-01_to_2018-05,0
210500,non_list1,excluded,insufficient_positive_pre_months,17600,0,0.000000000000,1,24,0,,0,311,2016-01_to_2018-05,0
210610,non_list1,excluded,direct_policy_scope_overlap,110876220,0,0.000000000000,29,24,0,us_301_list3_2018,0,311,2016-01_to_2018-05,0
210690,non_list1,control_candidate,,315296058,0,0.000000000000,29,24,0,,0,311|312|325,2016-01_to_2018-05,0
220110,non_list1,excluded,insufficient_positive_pre_months|direct_policy_scope_overlap,55119,0,0.000000000000,4,24,0,us_301_list3_2018,0,312,2016-01_to_2018-05,0
220190,non_list1,excluded,insufficient_positive_pre_months|direct_policy_scope_overlap,3300,0,0.000000000000,1,24,0,us_301_list3_2018,0,312,2016-01_to_2018-05,0
220210,non_list1,excluded,direct_policy_scope_overlap,15846108,0,0.000000000000,29,24,0,us_301_list3_2018,0,312,2016-01_to_2018-05,0
220291,non_list1,excluded,insufficient_positive_pre_months,0,0,0.000000000000,0,24,0,,0,312,2016-01_to_2018-05,0
220299,non_list1,excluded,insufficient_positive_pre_months|direct_policy_scope_overlap,29264698,0,0.000000000000,17,24,0,us_301_list3_2018,0,311|312,2016-01_to_2018-05,0
220300,non_list1,excluded,direct_policy_scope_overlap,14439821,0,0.000000000000,29,24,0,us_301_list3_2018,0,312,2016-01_to_2018-05,0
220410,non_list1,excluded,insufficient_positive_pre_months|direct_policy_scope_overlap,0,0,0.000000000000,0,24,0,us_301_list3_2018,0,312,2016-01_to_2018-05,0
220421,non_list1,excluded,insufficient_positive_pre_months|direct_policy_scope_overlap,1483842,0,0.000000000000,13,24,0,us_301_list3_2018,0,312,2016-01_to_2018-05,0
220422,non_list1,excluded,insufficient_positive_pre_months,0,0,0.000000000000,0,24,0,,0,312,2016-01_to_2018-05,0
220429,non_list1,excluded,insufficient_positive_pre_months,0,0,0.000000000000,0,24,0,,0,312,2016-01_to_2018-05,0
220430,non_list1,excluded,insufficient_positive_pre_months,0,0,0.000000000000,0,24,0,,0,312,2016-01_to_2018-05,0
220510,non_list1,excluded,insufficient_positive_pre_months,0,0,0.000000000000,0,24,0,,0,312,2016-01_to_2018-05,0
220590,non_list1,excluded,insufficient_positive_pre_months,0,0,0.000000000000,0,24,0,,0,312,2016-01_to_2018-05,0
220600,non_list1,excluded,direct_policy_scope_overlap,2706510,0,0.000000000000,29,24,0,us_301_list3_2018,0,312,2016-01_to_2018-05,0
220710,non_list1,excluded,insufficient_positive_pre_months|direct_policy_scope_overlap,54792,0,0.000000000000,2,24,0,us_301_list3_2018,0,312|325,2016-01_to_2018-05,0
220720,non_list1,excluded,insufficient_positive_pre_months,0,0,0.000000000000,0,24,0,,0,325,2016-01_to_2018-05,0
220820,non_list1,excluded,insufficient_positive_pre_months,287763,0,0.000000000000,7,24,0,,0,312,2016-01_to_2018-05,0
220830,non_list1,excluded,insufficient_positive_pre_months,1129043,0,0.000000000000,2,24,0,,0,312,2016-01_to_2018-05,0
220840,non_list1,excluded,insufficient_positive_pre_months,0,0,0.000000000000,0,24,0,,0,312,2016-01_to_2018-05,0
220850,non_list1,excluded,insufficient_positive_pre_months,262041,0,0.000000000000,5,24,0,,0,312,2016-01_to_2018-05,0
220860,non_list1,excluded,insufficient_positive_pre_months,1283879,0,0.000000000000,20,24,0,,0,312,2016-01_to_2018-05,0
220870,non_list1,excluded,insufficient_positive_pre_months,1615468,0,0.000000000000,17,24,0,,0,312,2016-01_to_2018-05,0
220890,non_list1,control_candidate,,62623037,0,0.000000000000,28,24,0,,0,312,2016-01_to_2018-05,0
220900,non_list1,excluded,direct_policy_scope_overlap,6702007,0,0.000000000000,29,24,0,us_301_list3_2018,0,311,2016-01_to_2018-05,0
230110,non_list1,excluded,insufficient_positive_pre_months|direct_policy_scope_overlap,2756425,0,0.000000000000,10,24,0,us_301_list3_2018,0,311,2016-01_to_2018-05,0
230120,non_list1,excluded,insufficient_positive_pre_months|direct_policy_scope_overlap,67069,0,0.000000000000,3,24,0,us_301_list3_2018,0,114,2016-01_to_2018-05,0
230210,non_list1,excluded,insufficient_positive_pre_months,0,0,0.000000000000,0,24,0,,0,311,2016-01_to_2018-05,0
230230,non_list1,excluded,insufficient_positive_pre_months|direct_policy_scope_overlap,2205,0,0.000000000000,1,24,0,us_301_list3_2018,0,311,2016-01_to_2018-05,0
230240,non_list1,excluded,direct_policy_scope_overlap,33176577,0,0.000000000000,27,24,0,us_301_list3_2018,0,311,2016-01_to_2018-05,0
230250,non_list1,excluded,insufficient_positive_pre_months|direct_policy_scope_overlap,6259468,0,0.000000000000,22,24,0,us_301_list3_2018,0,311,2016-01_to_2018-05,0
230310,non_list1,excluded,insufficient_positive_pre_months|direct_policy_scope_overlap,26862,0,0.000000000000,1,24,0,us_301_list3_2018,0,311,2016-01_to_2018-05,0
230320,non_list1,excluded,insufficient_positive_pre_months|direct_policy_scope_overlap,76178,0,0.000000000000,2,24,0,us_301_list3_2018,0,311,2016-01_to_2018-05,0
230330,non_list1,excluded,direct_policy_scope_overlap,5788625,0,0.000000000000,24,24,0,us_301_list3_2018,0,312,2016-01_to_2018-05,0
230400,non_list1,excluded,direct_policy_scope_overlap,90485388,0,0.000000000000,29,24,0,us_301_list3_2018,0,311,2016-01_to_2018-05,0
230500,non_list1,excluded,insufficient_positive_pre_months|direct_policy_scope_overlap,98790,0,0.000000000000,1,24,0,us_301_list3_2018,0,311,2016-01_to_2018-05,0
230620,non_list1,excluded,insufficient_positive_pre_months|direct_policy_scope_overlap,1859503,0,0.000000000000,21,24,0,us_301_list3_2018,0,311,2016-01_to_2018-05,0
230630,non_list1,excluded,insufficient_positive_pre_months|direct_policy_scope_overlap,1035928,0,0.000000000000,9,24,0,us_301_list3_2018,0,311,2016-01_to_2018-05,0
230641,non_list1,excluded,direct_policy_scope_overlap,5771172,0,0.000000000000,25,24,0,us_301_list3_2018,0,311,2016-01_to_2018-05,0
230649,non_list1,excluded,insufficient_positive_pre_months|direct_policy_scope_overlap,2133962,0,0.000000000000,21,24,0,us_301_list3_2018,0,311,2016-01_to_2018-05,0
230650,non_list1,excluded,insufficient_positive_pre_months,0,0,0.000000000000,0,24,0,,0,311,2016-01_to_2018-05,0
230660,non_list1,excluded,insufficient_positive_pre_months,0,0,0.000000000000,0,24,0,,0,311,2016-01_to_2018-05,0
230690,non_list1,excluded,insufficient_positive_pre_months|direct_policy_scope_overlap,211350,0,0.000000000000,8,24,0,us_301_list3_2018,0,311,2016-01_to_2018-05,0
230700,non_list1,excluded,insufficient_positive_pre_months,0,0,0.000000000000,0,24,0,,0,312,2016-01_to_2018-05,0
230800,non_list1,excluded,direct_policy_scope_overlap,18550799,0,0.000000000000,28,24,0,us_301_list3_2018,0,113|311,2016-01_to_2018-05,0
230910,non_list1,excluded,direct_policy_scope_overlap,328599349,0,0.000000000000,29,24,0,us_301_list3_2018,0,311,2016-01_to_2018-05,0
230990,non_list1,excluded,direct_policy_scope_overlap,146058793,0,0.000000000000,29,24,0,us_301_list3_2018,0,311,2016-01_to_2018-05,0
240110,non_list1,excluded,insufficient_positive_pre_months|direct_policy_scope_overlap,0,0,0.000000000000,0,24,0,us_301_list3_2018,0,111,2016-01_to_2018-05,0
240120,non_list1,excluded,insufficient_positive_pre_months|direct_policy_scope_overlap,5783150,0,0.000000000000,15,24,0,us_301_list3_2018,0,111,2016-01_to_2018-05,0
240130,non_list1,excluded,insufficient_positive_pre_months|direct_policy_scope_overlap,0,0,0.000000000000,0,24,0,us_301_list3_2018,0,111,2016-01_to_2018-05,0
240210,non_list1,excluded,insufficient_positive_pre_months|direct_policy_scope_overlap,101228,0,0.000000000000,1,24,0,us_301_list3_2018,0,312,2016-01_to_2018-05,0
240220,non_list1,excluded,direct_policy_scope_overlap,1588528,0,0.000000000000,29,24,0,us_301_list3_2018,0,312,2016-01_to_2018-05,0
240290,non_list1,excluded,insufficient_positive_pre_months|direct_policy_scope_overlap,3837,0,0.000000000000,1,24,0,us_301_list3_2018,0,312,2016-01_to_2018-05,0
240311,non_list1,excluded,insufficient_positive_pre_months|direct_policy_scope_overlap,88690,0,0.000000000000,2,24,0,us_301_list3_2018,0,312,2016-01_to_2018-05,0
240319,non_list1,excluded,insufficient_positive_pre_months|direct_policy_scope_overlap,2233,0,0.000000000000,1,24,0,us_301_list3_2018,0,312,2016-01_to_2018-05,0
240391,non_list1,excluded,insufficient_positive_pre_months|direct_policy_scope_overlap,7324,0,0.000000000000,1,24,0,us_301_list3_2018,0,312,2016-01_to_2018-05,0
240399,non_list1,excluded,insufficient_positive_pre_months|direct_policy_scope_overlap,301916,0,0.000000000000,2,24,0,us_301_list3_2018,0,312,2016-01_to_2018-05,0
250100,non_list1,excluded,direct_policy_scope_overlap,18638345,0,0.000000000000,29,24,0,us_301_list3_2018,0,212,2016-01_to_2018-05,0
250200,non_list1,excluded,insufficient_positive_pre_months|direct_policy_scope_overlap,9430,0,0.000000000000,2,24,0,us_301_list3_2018,0,212,2016-01_to_2018-05,0
250300,non_list1,excluded,direct_policy_scope_overlap,2570059,0,0.000000000000,27,24,0,us_301_list3_2018,0,212|325,2016-01_to_2018-05,0
250410,non_list1,control_candidate,,50556193,0,0.000000000000,29,24,0,,0,327,2016-01_to_2018-05,0
250490,non_list1,control_candidate,,6449509,0,0.000000000000,29,24,0,,0,212,2016-01_to_2018-05,0
250510,non_list1,excluded,direct_policy_scope_overlap,3605574,0,0.000000000000,29,24,0,us_301_list3_2018,0,212,2016-01_to_2018-05,0
250590,non_list1,excluded,direct_policy_scope_overlap,3370897,0,0.000000000000,28,24,0,us_301_list3_2018,0,212,2016-01_to_2018-05,0
250610,non_list1,excluded,direct_policy_scope_overlap,25017672,0,0.000000000000,29,24,0,us_301_list3_2018,0,212,2016-01_to_2018-05,0
250620,non_list1,excluded,direct_policy_scope_overlap,16174023,0,0.000000000000,29,24,0,us_301_list3_2018,0,212,2016-01_to_2018-05,0
250700,non_list1,excluded,direct_policy_scope_overlap,373150,0,0.000000000000,25,24,0,us_301_list3_2018,0,212,2016-01_to_2018-05,0
250810,non_list1,excluded,direct_policy_scope_overlap,5281374,0,0.000000000000,29,24,0,us_301_list3_2018,0,212,2016-01_to_2018-05,0
250830,non_list1,excluded,insufficient_positive_pre_months,27143148,0,0.000000000000,16,24,0,,0,212,2016-01_to_2018-05,0
250840,non_list1,excluded,direct_policy_scope_overlap,892916,0,0.000000000000,29,24,0,us_301_list3_2018,0,212,2016-01_to_2018-05,0
250850,non_list1,excluded,insufficient_positive_pre_months|direct_policy_scope_overlap,65972,0,0.000000000000,1,24,0,us_301_list3_2018,0,212,2016-01_to_2018-05,0
250860,non_list1,excluded,insufficient_positive_pre_months|direct_policy_scope_overlap,338382,0,0.000000000000,12,24,0,us_301_list3_2018,0,212,2016-01_to_2018-05,0
250870,non_list1,excluded,insufficient_positive_pre_months|direct_policy_scope_overlap,0,0,0.000000000000,0,24,0,us_301_list3_2018,0,212,2016-01_to_2018-05,0
250900,non_list1,excluded,direct_policy_scope_overlap,3393409,0,0.000000000000,29,24,0,us_301_list3_2018,0,212,2016-01_to_2018-05,0
251010,non_list1,excluded,insufficient_positive_pre_months|direct_policy_scope_overlap,3080,0,0.000000000000,1,24,0,us_301_list3_2018,0,212,2016-01_to_2018-05,0
251020,non_list1,excluded,insufficient_positive_pre_months|direct_policy_scope_overlap,4401545,0,0.000000000000,14,24,0,us_301_list3_2018,0,212,2016-01_to_2018-05,0
251110,non_list1,control_candidate,,277646943,0,0.000000000000,29,24,0,,0,212|325,2016-01_to_2018-05,0
251120,non_list1,excluded,insufficient_positive_pre_months|direct_policy_scope_overlap,0,0,0.000000000000,0,24,0,us_301_list3_2018,0,212,2016-01_to_2018-05,0
251200,non_list1,excluded,insufficient_positive_pre_months|direct_policy_scope_overlap,17901,0,0.000000000000,2,24,0,us_301_list3_2018,0,212,2016-01_to_2018-05,0
251310,non_list1,excluded,direct_policy_scope_overlap,796541,0,0.000000000000,25,24,0,us_301_list3_2018,0,212|327,2016-01_to_2018-05,0
251320,non_list1,excluded,direct_policy_scope_overlap,14798029,0,0.000000000000,29,24,0,us_301_list3_2018,0,212|327,2016-01_to_2018-05,0
251400,non_list1,excluded,direct_policy_scope_overlap,5296737,0,0.000000000000,29,24,0,us_301_list3_2018,0,212,2016-01_to_2018-05,0
251511,non_list1,excluded,insufficient_positive_pre_months|direct_policy_scope_overlap,99657,0,0.000000000000,5,24,0,us_301_list3_2018,0,212,2016-01_to_2018-05,0
251512,non_list1,excluded,direct_policy_scope_overlap,1728053,0,0.000000000000,28,24,0,us_301_list3_2018,0,212,2016-01_to_2018-05,0
251520,non_list1,excluded,direct_policy_scope_overlap,2361233,0,0.000000000000,29,24,0,us_301_list3_2018,0,212,2016-01_to_2018-05,0
251611,non_list1,excluded,direct_policy_scope_overlap,782805,0,0.000000000000,26,24,0,us_301_list3_2018,0,212,2016-01_to_2018-05,0
251612,non_list1,excluded,direct_policy_scope_overlap,2830429,0,0.000000000000,28,24,0,us_301_list3_2018,0,212,2016-01_to_2018-05,0
251620,non_list1,excluded,direct_policy_scope_overlap,4284107,0,0.000000000000,29,24,0,us_301_list3_2018,0,212,2016-01_to_2018-05,0
251690,non_list1,excluded,direct_policy_scope_overlap,1417234,0,0.000000000000,29,24,0,us_301_list3_2018,0,212,2016-01_to_2018-05,0
251710,non_list1,excluded,direct_policy_scope_overlap,3701958,0,0.000000000000,29,24,0,us_301_list3_2018,0,212,2016-01_to_2018-05,0
251720,non_list1,excluded,insufficient_positive_pre_months|direct_policy_scope_overlap,0,0,0.000000000000,0,24,0,us_301_list3_2018,0,324,2016-01_to_2018-05,0
251730,non_list1,excluded,insufficient_positive_pre_months|direct_policy_scope_overlap,0,0,0.000000000000,0,24,0,us_301_list3_2018,0,324,2016-01_to_2018-05,0
251741,non_list1,excluded,insufficient_positive_pre_months|direct_policy_scope_overlap,27394,0,0.000000000000,5,24,0,us_301_list3_2018,0,212,2016-01_to_2018-05,0
251749,non_list1,excluded,direct_policy_scope_overlap,1186543,0,0.000000000000,28,24,0,us_301_list3_2018,0,212,2016-01_to_2018-05,0
251810,non_list1,excluded,insufficient_positive_pre_months|direct_policy_scope_overlap,1198412,0,0.000000000000,17,24,0,us_301_list3_2018,0,212,2016-01_to_2018-05,0
251820,non_list1,excluded,insufficient_positive_pre_months|direct_policy_scope_overlap,0,0,0.000000000000,0,24,0,us_301_list3_2018,0,327,2016-01_to_2018-05,0
251830,non_list1,excluded,insufficient_positive_pre_months|direct_policy_scope_overlap,0,0,0.000000000000,0,24,0,us_301_list3_2018,0,327,2016-01_to_2018-05,0
251910,non_list1,control_candidate,,4137714,0,0.000000000000,28,24,0,,0,212,2016-01_to_2018-05,0
251990,non_list1,control_candidate,,243585257,0,0.000000000000,29,24,0,,0,327,2016-01_to_2018-05,0
252010,non_list1,excluded,insufficient_positive_pre_months|direct_policy_scope_overlap,24003,0,0.000000000000,7,24,0,us_301_list3_2018,0,212,2016-01_to_2018-05,0
252020,non_list1,excluded,direct_policy_scope_overlap,5830073,0,0.000000000000,29,24,0,us_301_list3_2018,0,327,2016-01_to_2018-05,0
252100,non_list1,excluded,direct_policy_scope_overlap,2006663,0,0.000000000000,28,24,0,us_301_list3_2018,0,212,2016-01_to_2018-05,0
252210,non_list1,excluded,insufficient_positive_pre_months|direct_policy_scope_overlap,283297,0,0.000000000000,20,24,0,us_301_list3_2018,0,327,2016-01_to_2018-05,0
252220,non_list1,excluded,insufficient_positive_pre_months|direct_policy_scope_overlap,47170,0,0.000000000000,7,24,0,us_301_list3_2018,0,327,2016-01_to_2018-05,0
252230,non_list1,excluded,insufficient_positive_pre_months|direct_policy_scope_overlap,0,0,0.000000000000,0,24,0,us_301_list3_2018,0,327,2016-01_to_2018-05,0
252310,non_list1,excluded,insufficient_positive_pre_months|direct_policy_scope_overlap,1746819,0,0.000000000000,22,24,0,us_301_list3_2018,0,327,2016-01_to_2018-05,0
252321,non_list1,excluded,direct_policy_scope_overlap,10148461,0,0.000000000000,28,24,0,us_301_list3_2018,0,327,2016-01_to_2018-05,0
252329,non_list1,excluded,direct_policy_scope_overlap,206275526,0,0.000000000000,29,24,0,us_301_list3_2018,0,327,2016-01_to_2018-05,0
252330,non_list1,excluded,direct_policy_scope_overlap,4757126,0,0.000000000000,29,24,0,us_301_list3_2018,0,327,2016-01_to_2018-05,0
252390,non_list1,excluded,direct_policy_scope_overlap,760541,0,0.000000000000,27,24,0,us_301_list3_2018,0,327,2016-01_to_2018-05,0
252490,non_list1,excluded,insufficient_positive_pre_months|direct_policy_scope_overlap,2176,0,0.000000000000,1,24,0,us_301_list3_2018,0,212,2016-01_to_2018-05,0
252510,non_list1,excluded,insufficient_positive_pre_months|direct_policy_scope_overlap,23109,0,0.000000000000,3,24,0,us_301_list3_2018,0,212|327,2016-01_to_2018-05,0
252520,non_list1,excluded,direct_policy_scope_overlap,4961356,0,0.000000000000,29,24,0,us_301_list3_2018,0,327,2016-01_to_2018-05,0
252530,non_list1,excluded,insufficient_positive_pre_months|direct_policy_scope_overlap,0,0,0.000000000000,0,24,0,us_301_list3_2018,0,910,2016-01_to_2018-05,0
252610,non_list1,excluded,insufficient_positive_pre_months,17195846,0,0.000000000000,13,24,0,,0,212,2016-01_to_2018-05,0
252620,non_list1,control_candidate,,24907084,0,0.000000000000,25,24,0,,0,327,2016-01_to_2018-05,0
252800,non_list1,excluded,insufficient_positive_pre_months|direct_policy_scope_overlap,103856,0,0.000000000000,3,24,0,us_301_list3_2018,0,212,2016-01_to_2018-05,0
252910,non_list1,excluded,insufficient_positive_pre_months|direct_policy_scope_overlap,0,0,0.000000000000,0,24,0,us_301_list3_2018,0,212,2016-01_to_2018-05,0
252921,non_list1,excluded,insufficient_positive_pre_months,380190,0,0.000000000000,13,24,0,,0,212,2016-01_to_2018-05,0
252922,non_list1,excluded,insufficient_positive_pre_months,18780360,0,0.000000000000,15,24,0,,0,212,2016-01_to_2018-05,0
252930,non_list1,excluded,insufficient_positive_pre_months|direct_policy_scope_overlap,0,0,0.000000000000,0,24,0,us_301_list3_2018,0,212,2016-01_to_2018-05,0
253010,non_list1,excluded,direct_policy_scope_overlap,10232188,0,0.000000000000,29,24,0,us_301_list3_2018,0,212,2016-01_to_2018-05,0
253020,non_list1,excluded,direct_policy_scope_overlap,5354880,0,0.000000000000,29,24,0,us_301_list3_2018,0,212,2016-01_to_2018-05,0
253090,non_list1,excluded,direct_policy_scope_overlap,10066918,0,0.000000000000,29,24,0,us_301_list3_2018,0,212,2016-01_to_2018-05,0
260111,non_list1,excluded,insufficient_positive_pre_months|direct_policy_scope_overlap,66900,0,0.000000000000,1,24,0,us_301_list3_2018,0,212,2016-01_to_2018-05,0
260112,non_list1,excluded,insufficient_positive_pre_months|direct_policy_scope_overlap,0,0,0.000000000000,0,24,0,us_301_list3_2018,0,212,2016-01_to_2018-05,0
260120,non_list1,excluded,insufficient_positive_pre_months|direct_policy_scope_overlap,0,0,0.000000000000,0,24,0,us_301_list3_2018,0,331,2016-01_to_2018-05,0
260200,non_list1,excluded,insufficient_positive_pre_months,13836,0,0.000000000000,3,24,0,,0,212,2016-01_to_2018-05,0
260300,non_list1,excluded,insufficient_positive_pre_months,41680,0,0.000000000000,3,24,0,,0,212,2016-01_to_2018-05,0
260400,non_list1,excluded,insufficient_positive_pre_months|direct_policy_scope_overlap,134190,0,0.000000000000,10,24,0,us_301_list3_2018,0,212,2016-01_to_2018-05,0
260500,non_list1,excluded,insufficient_positive_pre_months,181200,0,0.000000000000,2,24,0,,0,212,2016-01_to_2018-05,0
260600,non_list1,control_candidate,,58846046,0,0.000000000000,24,24,0,,0,212,2016-01_to_2018-05,0
260700,non_list1,excluded,insufficient_positive_pre_months|direct_policy_scope_overlap,0,0,0.000000000000,0,24,0,us_301_list3_2018,0,212,2016-01_to_2018-05,0
260800,non_list1,excluded,insufficient_positive_pre_months,8341,0,0.000000000000,1,24,0,,0,212,2016-01_to_2018-05,0
261000,non_list1,excluded,insufficient_positive_pre_months,213600,0,0.000000000000,2,24,0,,0,212,2016-01_to_2018-05,0
261100,non_list1,excluded,insufficient_positive_pre_months,46538,0,0.000000000000,6,24,0,,0,212,2016-01_to_2018-05,0
261210,non_list1,excluded,insufficient_positive_pre_months|direct_policy_scope_overlap,0,0,0.000000000000,0,24,0,us_301_list3_2018,0,212,2016-01_to_2018-05,0
261220,non_list1,excluded,insufficient_positive_pre_months,0,0,0.000000000000,0,24,0,,0,212,2016-01_to_2018-05,0
261310,non_list1,excluded,insufficient_positive_pre_months,1188450,0,0.000000000000,2,24,0,,0,212,2016-01_to_2018-05,0
261390,non_list1,excluded,insufficient_positive_pre_months,3100249,0,0.000000000000,7,24,0,,0,212,2016-01_to_2018-05,0
261400,non_list1,excluded,insufficient_positive_pre_months|direct_policy_scope_overlap,207351,0,0.000000000000,6,24,0,us_301_list3_2018,0,212,2016-01_to_2018-05,0
261510,non_list1,excluded,direct_policy_scope_overlap,3003926,0,0.000000000000,27,24,0,us_301_list3_2018,0,212,2016-01_to_2018-05,0
261590,non_list1,excluded,insufficient_positive_pre_months|direct_policy_scope_overlap,973452,0,0.000000000000,14,24,0,us_301_list3_2018,0,212,2016-01_to_2018-05,0
261610,non_list1,excluded,insufficient_positive_pre_months|direct_policy_scope_overlap,8475,0,0.000000000000,1,24,0,us_301_list3_2018,0,212,2016-01_to_2018-05,0
261690,non_list1,excluded,insufficient_positive_pre_months|direct_policy_scope_overlap,0,0,0.000000000000,0,24,0,us_301_list3_2018,0,212,2016-01_to_2018-05,0
261710,non_list1,excluded,insufficient_positive_pre_months,161795,0,0.000000000000,5,24,0,,0,212,2016-01_to_2018-05,0
261790,non_list1,excluded,insufficient_positive_pre_months|direct_policy_scope_overlap,54213,0,0.000000000000,2,24,0,us_301_list3_2018,0,212,2016-01_to_2018-05,0
261800,non_list1,excluded,insufficient_positive_pre_months|direct_policy_scope_overlap,10551444,0,0.000000000000,17,24,0,us_301_list3_2018,0,331,2016-01_to_2018-05,0
261900,non_list1,excluded,insufficient_positive_pre_months|direct_policy_scope_overlap,51580,0,0.000000000000,4,24,0,us_301_list3_2018,0,331,2016-01_to_2018-05,0
262011,non_list1,excluded,insufficient_positive_pre_months|direct_policy_scope_overlap,0,0,0.000000000000,0,24,0,us_301_list3_2018,0,331,2016-01_to_2018-05,0
262019,non_list1,excluded,insufficient_positive_pre_months|direct_policy_scope_overlap,386555,0,0.000000000000,6,24,0,us_301_list3_2018,0,331,2016-01_to_2018-05,0
262029,non_list1,excluded,insufficient_positive_pre_months|direct_policy_scope_overlap,0,0,0.000000000000,0,24,0,us_301_list3_2018,0,331,2016-01_to_2018-05,0
262030,non_list1,excluded,insufficient_positive_pre_months|direct_policy_scope_overlap,33402,0,0.000000000000,1,24,0,us_301_list3_2018,0,331,2016-01_to_2018-05,0
262040,non_list1,excluded,insufficient_positive_pre_months,14442,0,0.000000000000,2,24,0,,0,331,2016-01_to_2018-05,0
262060,non_list1,excluded,insufficient_positive_pre_months|direct_policy_scope_overlap,0,0,0.000000000000,0,24,0,us_301_list3_2018,0,325|910,2016-01_to_2018-05,0
262091,non_list1,excluded,insufficient_positive_pre_months|direct_policy_scope_overlap,0,0,0.000000000000,0,24,0,us_301_list3_2018,0,910,2016-01_to_2018-05,0
262099,non_list1,excluded,insufficient_positive_pre_months|direct_policy_scope_overlap,182426,0,0.000000000000,4,24,0,us_301_list3_2018,0,331|910,2016-01_to_2018-05,0
262110,non_list1,excluded,insufficient_positive_pre_months,0,0,0.000000000000,0,24,0,,0,910,2016-01_to_2018-05,0
262190,non_list1,excluded,direct_policy_scope_overlap,26959481,0,0.000000000000,29,24,0,us_301_list3_2018,0,910,2016-01_to_2018-05,0
270111,non_list1,excluded,insufficient_positive_pre_months|direct_policy_scope_overlap,1651774,0,0.000000000000,11,24,0,us_301_list3_2018,0,212,2016-01_to_2018-05,0
270112,non_list1,excluded,insufficient_positive_pre_months|direct_policy_scope_overlap,5268,0,0.000000000000,1,24,0,us_301_list3_2018,0,212,2016-01_to_2018-05,0
270119,non_list1,excluded,insufficient_positive_pre_months|direct_policy_scope_overlap,442620,0,0.000000000000,8,24,0,us_301_list3_2018,0,212,2016-01_to_2018-05,0
270120,non_list1,excluded,insufficient_positive_pre_months|direct_policy_scope_overlap,266341,0,0.000000000000,14,24,0,us_301_list3_2018,0,324,2016-01_to_2018-05,0
270210,non_list1,excluded,insufficient_positive_pre_months|direct_policy_scope_overlap,443035,0,0.000000000000,18,24,0,us_301_list3_2018,0,212,2016-01_to_2018-05,0
270220,non_list1,excluded,insufficient_positive_pre_months|direct_policy_scope_overlap,25900,0,0.000000000000,1,24,0,us_301_list3_2018,0,212,2016-01_to_2018-05,0
270300,non_list1,excluded,insufficient_positive_pre_months|direct_policy_scope_overlap,133245,0,0.000000000000,12,24,0,us_301_list3_2018,0,212,2016-01_to_2018-05,0
270400,non_list1,excluded,insufficient_positive_pre_months,739552,0,0.000000000000,10,24,0,,0,331,2016-01_to_2018-05,0
270500,non_list1,excluded,insufficient_positive_pre_months|direct_policy_scope_overlap,0,0,0.000000000000,0,24,0,us_301_list3_2018,0,331,2016-01_to_2018-05,0
270600,non_list1,excluded,insufficient_positive_pre_months|direct_policy_scope_overlap,0,0,0.000000000000,0,24,0,us_301_list3_2018,0,331,2016-01_to_2018-05,0
270710,non_list1,excluded,insufficient_positive_pre_months|direct_policy_scope_overlap,0,0,0.000000000000,0,24,0,us_301_list3_2018,0,325,2016-01_to_2018-05,0
270720,non_list1,excluded,insufficient_positive_pre_months|direct_policy_scope_overlap,0,0,0.000000000000,0,24,0,us_301_list3_2018,0,325,2016-01_to_2018-05,0
270730,non_list1,excluded,insufficient_positive_pre_months|direct_policy_scope_overlap,0,0,0.000000000000,0,24,0,us_301_list3_2018,0,325,2016-01_to_2018-05,0
270740,non_list1,excluded,insufficient_positive_pre_months|direct_policy_scope_overlap,7600,0,0.000000000000,1,24,0,us_301_list3_2018,0,325,2016-01_to_2018-05,0
270750,non_list1,excluded,direct_policy_scope_overlap,3169809,0,0.000000000000,28,24,0,us_301_list3_2018,0,325,2016-01_to_2018-05,0
270791,non_list1,excluded,insufficient_positive_pre_months|direct_policy_scope_overlap,0,0,0.000000000000,0,24,0,us_301_list3_2018,0,325,2016-01_to_2018-05,0
270799,non_list1,excluded,insufficient_positive_pre_months|direct_policy_scope_overlap,2179256,0,0.000000000000,16,24,0,us_301_list3_2018,0,324|325,2016-01_to_2018-05,0
270810,non_list1,excluded,direct_policy_scope_overlap,1512109,0,0.000000000000,27,24,0,us_301_list3_2018,0,325,2016-01_to_2018-05,0
270820,non_list1,excluded,insufficient_positive_pre_months|direct_policy_scope_overlap,102376,0,0.000000000000,6,24,0,us_301_list3_2018,0,325,2016-01_to_2018-05,0
270900,non_list1,excluded,insufficient_positive_pre_months|direct_policy_scope_overlap,151819,0,0.000000000000,4,24,0,us_301_list3_2018,0,211,2016-01_to_2018-05,0
271012,non_list1,excluded,insufficient_positive_pre_months|direct_policy_scope_overlap,78278902,0,0.000000000000,14,24,0,us_301_list3_2018,0,324,2016-01_to_2018-05,0
271019,non_list1,excluded,direct_policy_scope_overlap,532289677,0,0.000000000000,29,24,0,us_301_list2_2018|us_301_list3_2018,0,324,2016-01_to_2018-05,0
271020,non_list1,excluded,insufficient_positive_pre_months|direct_policy_scope_overlap,0,0,0.000000000000,0,24,0,us_301_list3_2018,0,324,2016-01_to_2018-05,0
271091,non_list1,excluded,insufficient_positive_pre_months,0,0,0.000000000000,0,24,0,,0,324,2016-01_to_2018-05,0
271099,non_list1,excluded,insufficient_positive_pre_months,0,0,0.000000000000,0,24,0,,0,324,2016-01_to_2018-05,0
271111,non_list1,excluded,insufficient_positive_pre_months|direct_policy_scope_overlap,19239,0,0.000000000000,2,24,0,us_301_list3_2018,0,211,2016-01_to_2018-05,0
271112,non_list1,excluded,insufficient_positive_pre_months|direct_policy_scope_overlap,80634,0,0.000000000000,7,24,0,us_301_list3_2018,0,211,2016-01_to_2018-05,0
271113,non_list1,excluded,direct_policy_scope_overlap,2432715,0,0.000000000000,27,24,0,us_301_list3_2018,0,211,2016-01_to_2018-05,0
271114,non_list1,excluded,insufficient_positive_pre_months|direct_policy_scope_overlap,116976,0,0.000000000000,6,24,0,us_301_list3_2018,0,325,2016-01_to_2018-05,0
271119,non_list1,excluded,insufficient_positive_pre_months|direct_policy_scope_overlap,0,0,0.000000000000,0,24,0,us_301_list3_2018,0,211,2016-01_to_2018-05,0
271121,non_list1,excluded,insufficient_positive_pre_months|direct_policy_scope_overlap,0,0,0.000000000000,0,24,0,us_301_list3_2018,0,211,2016-01_to_2018-05,0
271129,non_list1,excluded,insufficient_positive_pre_months|direct_policy_scope_overlap,472084,0,0.000000000000,17,24,0,us_301_list3_2018,0,211,2016-01_to_2018-05,0
271210,non_list1,excluded,insufficient_positive_pre_months|direct_policy_scope_overlap,208058,0,0.000000000000,10,24,0,us_301_list3_2018,0,324,2016-01_to_2018-05,0
271220,non_list1,control_candidate,,344750527,0,0.000000000000,29,24,0,,0,324,2016-01_to_2018-05,0
271290,non_list1,excluded,direct_policy_scope_overlap,28761630,0,0.000000000000,29,24,0,us_301_list3_2018,0,324,2016-01_to_2018-05,0
271311,non_list1,excluded,insufficient_positive_pre_months|direct_policy_scope_overlap,36821616,0,0.000000000000,20,24,0,us_301_list3_2018,0,324,2016-01_to_2018-05,0
271312,non_list1,excluded,insufficient_positive_pre_months|direct_policy_scope_overlap,4513761,0,0.000000000000,22,24,0,us_301_list3_2018,0,324,2016-01_to_2018-05,0
271320,non_list1,excluded,insufficient_positive_pre_months|direct_policy_scope_overlap,9697,0,0.000000000000,2,24,0,us_301_list3_2018,0,324,2016-01_to_2018-05,0
271390,non_list1,excluded,insufficient_positive_pre_months|direct_policy_scope_overlap,0,0,0.000000000000,0,24,0,us_301_list3_2018,0,324,2016-01_to_2018-05,0
271410,non_list1,excluded,insufficient_positive_pre_months|direct_policy_scope_overlap,0,0,0.000000000000,0,24,0,us_301_list3_2018,0,211,2016-01_to_2018-05,0
271490,non_list1,excluded,insufficient_positive_pre_months|direct_policy_scope_overlap,1885316,0,0.000000000000,23,24,0,us_301_list3_2018,0,212,2016-01_to_2018-05,0
271500,non_list1,excluded,insufficient_positive_pre_months|direct_policy_scope_overlap,6129683,0,0.000000000000,17,24,0,us_301_list3_2018,0,324,2016-01_to_2018-05,0
271600,non_list1,excluded,insufficient_positive_pre_months,0,0,0.000000000000,0,24,0,,0,990,2016-01_to_2018-05,0
280110,non_list1,excluded,insufficient_positive_pre_months|direct_policy_scope_overlap,175530,0,0.000000000000,12,24,0,us_301_list3_2018,0,325,2016-01_to_2018-05,0
280120,non_list1,excluded,insufficient_positive_pre_months|direct_policy_scope_overlap,9500,0,0.000000000000,1,24,0,us_301_list3_2018,0,325,2016-01_to_2018-05,0
280130,non_list1,excluded,insufficient_positive_pre_months|direct_policy_scope_overlap,0,0,0.000000000000,0,24,0,us_301_list3_2018,0,325,2016-01_to_2018-05,0
280200,non_list1,excluded,insufficient_positive_pre_months|direct_policy_scope_overlap,454521,0,0.000000000000,23,24,0,us_301_list3_2018,0,325,2016-01_to_2018-05,0
280300,non_list1,excluded,direct_policy_scope_overlap,12124504,0,0.000000000000,29,24,0,us_301_list3_2018,0,325,2016-01_to_2018-05,0
280410,non_list1,excluded,insufficient_positive_pre_months|direct_policy_scope_overlap,0,0,0.000000000000,0,24,0,us_301_list3_2018,0,325,2016-01_to_2018-05,0
280421,non_list1,excluded,insufficient_positive_pre_months|direct_policy_scope_overlap,6360,0,0.000000000000,2,24,0,us_301_list3_2018,0,325,2016-01_to_2018-05,0
280429,non_list1,excluded,direct_policy_scope_overlap,13681560,0,0.000000000000,29,24,0,us_301_list3_2018,0,325,2016-01_to_2018-05,0
280430,non_list1,excluded,insufficient_positive_pre_months|direct_policy_scope_overlap,22330,0,0.000000000000,4,24,0,us_301_list3_2018,0,325,2016-01_to_2018-05,0
280440,non_list1,excluded,insufficient_positive_pre_months|direct_policy_scope_overlap,30195,0,0.000000000000,4,24,0,us_301_list3_2018,0,325,2016-01_to_2018-05,0
280450,non_list1,excluded,direct_policy_scope_overlap,5910130,0,0.000000000000,24,24,0,us_301_list3_2018,0,325|331,2016-01_to_2018-05,0
280461,non_list1,excluded,direct_policy_scope_overlap,24129557,0,0.000000000000,29,24,0,us_301_list3_2018,0,331,2016-01_to_2018-05,0
280469,non_list1,excluded,insufficient_positive_pre_months,885631,0,0.000000000000,20,24,0,,0,331,2016-01_to_2018-05,0
280470,non_list1,excluded,insufficient_positive_pre_months,3753094,0,0.000000000000,22,24,0,,0,325,2016-01_to_2018-05,0
280480,non_list1,excluded,direct_policy_scope_overlap,2998030,0,0.000000000000,27,24,0,us_301_list3_2018,0,325,2016-01_to_2018-05,0
280490,non_list1,excluded,direct_policy_scope_overlap,5981930,0,0.000000000000,26,24,0,us_301_list3_2018,0,331,2016-01_to_2018-05,0
280511,non_list1,excluded,direct_policy_scope_overlap,20560985,0,0.000000000000,25,24,0,us_301_list3_2018,0,325,2016-01_to_2018-05,0
280512,non_list1,excluded,direct_policy_scope_overlap,21823580,0,0.000000000000,29,24,0,us_301_list3_2018,0,325,2016-01_to_2018-05,0
280519,non_list1,excluded,direct_policy_scope_overlap,10525655,0,0.000000000000,26,24,0,us_301_list3_2018,0,325,2016-01_to_2018-05,0
280530,non_list1,control_candidate,,8403352,0,0.000000000000,29,24,0,,0,325,2016-01_to_2018-05,0
280540,non_list1,excluded,insufficient_positive_pre_months|direct_policy_scope_overlap,38025,0,0.000000000000,1,24,0,us_301_list3_2018,0,325,2016-01_to_2018-05,0
280610,non_list1,excluded,insufficient_positive_pre_months|direct_policy_scope_overlap,221902,0,0.000000000000,4,24,0,us_301_list3_2018,0,325,2016-01_to_2018-05,0
280620,non_list1,excluded,insufficient_positive_pre_months|direct_policy_scope_overlap,2332,0,0.000000000000,1,24,0,us_301_list3_2018,0,325,2016-01_to_2018-05,0
280700,non_list1,excluded,insufficient_positive_pre_months|direct_policy_scope_overlap,55380,0,0.000000000000,6,24,0,us_301_list3_2018,0,325,2016-01_to_2018-05,0
280800,non_list1,excluded,insufficient_positive_pre_months|direct_policy_scope_overlap,24000,0,0.000000000000,1,24,0,us_301_list3_2018,0,325,2016-01_to_2018-05,0
280910,non_list1,excluded,direct_policy_scope_overlap,12599212,0,0.000000000000,29,24,0,us_301_list3_2018,0,325,2016-01_to_2018-05,0
280920,non_list1,excluded,direct_policy_scope_overlap,95830340,0,0.000000000000,29,24,0,us_301_list3_2018,0,325,2016-01_to_2018-05,0
281000,non_list1,excluded,insufficient_positive_pre_months|direct_policy_scope_overlap,507253,0,0.000000000000,20,24,0,us_301_list3_2018,0,325,2016-01_to_2018-05,0
281111,non_list1,excluded,direct_policy_scope_overlap,11992187,0,0.000000000000,29,24,0,us_301_list3_2018,0,325,2016-01_to_2018-05,0
281119,non_list1,excluded,insufficient_positive_pre_months|direct_policy_scope_overlap,45859494,0,0.000000000000,17,24,0,us_301_list3_2018,0,325,2016-01_to_2018-05,0
281121,non_list1,excluded,direct_policy_scope_overlap,867704,0,0.000000000000,24,24,0,us_301_list3_2018,0,325,2016-01_to_2018-05,0
281122,non_list1,excluded,direct_policy_scope_overlap,186719964,0,0.000000000000,29,24,0,us_301_list3_2018,0,325,2016-01_to_2018-05,0
281129,non_list1,excluded,direct_policy_scope_overlap,6723881,0,0.000000000000,29,24,0,us_301_list3_2018,0,325,2016-01_to_2018-05,0
281211,non_list1,excluded,insufficient_positive_pre_months|direct_policy_scope_overlap,1265547,0,0.000000000000,15,24,0,us_301_list3_2018,0,325,2016-01_to_2018-05,0
281212,non_list1,excluded,insufficient_positive_pre_months|direct_policy_scope_overlap,199287,0,0.000000000000,5,24,0,us_301_list3_2018,0,325,2016-01_to_2018-05,0
281213,non_list1,excluded,insufficient_positive_pre_months|direct_policy_scope_overlap,0,0,0.000000000000,0,24,0,us_301_list3_2018,0,325,2016-01_to_2018-05,0
281214,non_list1,excluded,insufficient_positive_pre_months|direct_policy_scope_overlap,0,0,0.000000000000,0,24,0,us_301_list3_2018,0,325,2016-01_to_2018-05,0
281215,non_list1,excluded,insufficient_positive_pre_months|direct_policy_scope_overlap,0,0,0.000000000000,0,24,0,us_301_list3_2018,0,325,2016-01_to_2018-05,0
281217,non_list1,excluded,insufficient_positive_pre_months|direct_policy_scope_overlap,11520,0,0.000000000000,1,24,0,us_301_list3_2018,0,325,2016-01_to_2018-05,0
281219,non_list1,excluded,insufficient_positive_pre_months|direct_policy_scope_overlap,78546,0,0.000000000000,3,24,0,us_301_list3_2018,0,325,2016-01_to_2018-05,0
281290,non_list1,excluded,direct_policy_scope_overlap,19557092,0,0.000000000000,29,24,0,us_301_list3_2018,0,325,2016-01_to_2018-05,0
281310,non_list1,excluded,insufficient_positive_pre_months|direct_policy_scope_overlap,134366,0,0.000000000000,1,24,0,us_301_list3_2018,0,325,2016-01_to_2018-05,0
281390,non_list1,excluded,insufficient_positive_pre_months|direct_policy_scope_overlap,196184,0,0.000000000000,7,24,0,us_301_list3_2018,0,325,2016-01_to_2018-05,0
281410,non_list1,excluded,insufficient_positive_pre_months|direct_policy_scope_overlap,10625,0,0.000000000000,1,24,0,us_301_list3_2018,0,325,2016-01_to_2018-05,0
281420,non_list1,excluded,insufficient_positive_pre_months|direct_policy_scope_overlap,0,0,0.000000000000,0,24,0,us_301_list3_2018,0,325,2016-01_to_2018-05,0
281511,non_list1,excluded,direct_policy_scope_overlap,8586562,0,0.000000000000,29,24,0,us_301_list3_2018,0,325,2016-01_to_2018-05,0
281512,non_list1,excluded,direct_policy_scope_overlap,86083107,0,0.000000000000,27,24,0,us_301_list3_2018,0,325,2016-01_to_2018-05,0
281520,non_list1,excluded,direct_policy_scope_overlap,6054695,0,0.000000000000,29,24,0,us_301_list3_2018,0,325,2016-01_to_2018-05,0
281530,non_list1,excluded,insufficient_positive_pre_months|direct_policy_scope_overlap,95450,0,0.000000000000,5,24,0,us_301_list3_2018,0,325,2016-01_to_2018-05,0
281610,non_list1,excluded,insufficient_positive_pre_months|direct_policy_scope_overlap,74572,0,0.000000000000,4,24,0,us_301_list3_2018,0,325,2016-01_to_2018-05,0
281640,non_list1,excluded,direct_policy_scope_overlap,11882472,0,0.000000000000,29,24,0,us_301_list3_2018,0,325,2016-01_to_2018-05,0
281700,non_list1,excluded,direct_policy_scope_overlap,2363807,0,0.000000000000,27,24,0,us_301_list3_2018,0,325,2016-01_to_2018-05,0
281810,non_list1,control_candidate,,114504923,0,0.000000000000,29,24,0,,0,327,2016-01_to_2018-05,0
281820,non_list1,control_candidate,,48211239,0,0.000000000000,29,24,0,,0,331,2016-01_to_2018-05,0
281830,non_list1,excluded,direct_policy_scope_overlap,49375374,0,0.000000000000,29,24,0,us_301_list3_2018,0,325,2016-01_to_2018-05,0
281910,non_list1,excluded,direct_policy_scope_overlap,11497076,0,0.000000000000,29,24,0,us_301_list3_2018,0,325,2016-01_to_2018-05,0
281990,non_list1,excluded,direct_policy_scope_overlap,11529350,0,0.000000000000,29,24,0,us_301_list3_2018,0,325,2016-01_to_2018-05,0
282010,non_list1,excluded,insufficient_positive_pre_months|direct_policy_scope_overlap,358570,0,0.000000000000,12,24,0,us_301_list3_2018,0,325,2016-01_to_2018-05,0
282090,non_list1,excluded,insufficient_positive_pre_months|direct_policy_scope_overlap,561687,0,0.000000000000,13,24,0,us_301_list3_2018,0,325,2016-01_to_2018-05,0
282110,non_list1,excluded,direct_policy_scope_overlap,227962246,0,0.000000000000,29,24,0,us_301_list3_2018,0,325,2016-01_to_2018-05,0
282120,non_list1,excluded,insufficient_positive_pre_months|direct_policy_scope_overlap,26832,0,0.000000000000,2,24,0,us_301_list3_2018,0,325,2016-01_to_2018-05,0
282200,non_list1,excluded,direct_policy_scope_overlap,33905418,0,0.000000000000,29,24,0,us_301_list3_2018,0,325,2016-01_to_2018-05,0
282300,non_list1,excluded,direct_policy_scope_overlap,101293260,0,0.000000000000,29,24,0,us_301_list3_2018,0,325,2016-01_to_2018-05,0
282410,non_list1,excluded,insufficient_positive_pre_months|direct_policy_scope_overlap,445329,0,0.000000000000,7,24,0,us_301_list3_2018,0,325,2016-01_to_2018-05,0
282490,non_list1,excluded,insufficient_positive_pre_months|direct_policy_scope_overlap,76410,0,0.000000000000,3,24,0,us_301_list3_2018,0,325,2016-01_to_2018-05,0
282510,non_list1,excluded,insufficient_positive_pre_months|direct_policy_scope_overlap,1462683,0,0.000000000000,22,24,0,us_301_list3_2018,0,325,2016-01_to_2018-05,0
282520,non_list1,excluded,insufficient_positive_pre_months|direct_policy_scope_overlap,11505907,0,0.000000000000,22,24,0,us_301_list3_2018,0,325,2016-01_to_2018-05,0
282530,non_list1,excluded,direct_policy_scope_overlap,16279518,0,0.000000000000,29,24,0,us_301_list3_2018,0,325,2016-01_to_2018-05,0
282540,non_list1,excluded,insufficient_positive_pre_months|direct_policy_scope_overlap,993492,0,0.000000000000,17,24,0,us_301_list3_2018,0,325,2016-01_to_2018-05,0
282550,non_list1,excluded,insufficient_positive_pre_months|direct_policy_scope_overlap,1702381,0,0.000000000000,14,24,0,us_301_list3_2018,0,325,2016-01_to_2018-05,0
282560,non_list1,excluded,direct_policy_scope_overlap,28841363,0,0.000000000000,29,24,0,us_301_list3_2018,0,325,2016-01_to_2018-05,0
282570,non_list1,excluded,insufficient_positive_pre_months,20752762,0,0.000000000000,22,24,0,,0,325,2016-01_to_2018-05,0
282580,non_list1,control_candidate,,174944366,0,0.000000000000,29,24,0,,0,325,2016-01_to_2018-05,0
282590,non_list1,excluded,direct_policy_scope_overlap,49375720,0,0.000000000000,29,24,0,us_301_list3_2018,0,325,2016-01_to_2018-05,0
282612,non_list1,excluded,direct_policy_scope_overlap,21703498,0,0.000000000000,27,24,0,us_301_list3_2018,0,325,2016-01_to_2018-05,0
282619,non_list1,excluded,direct_policy_scope_overlap,45357570,0,0.000000000000,29,24,0,us_301_list3_2018,0,325,2016-01_to_2018-05,0
282630,non_list1,excluded,insufficient_positive_pre_months|direct_policy_scope_overlap,339847,0,0.000000000000,15,24,0,us_301_list3_2018,0,325,2016-01_to_2018-05,0
282690,non_list1,excluded,direct_policy_scope_overlap,50769377,0,0.000000000000,29,24,0,us_301_list3_2018,0,325,2016-01_to_2018-05,0
282710,non_list1,excluded,direct_policy_scope_overlap,5059517,0,0.000000000000,29,24,0,us_301_list3_2018,0,325,2016-01_to_2018-05,0
282720,non_list1,excluded,direct_policy_scope_overlap,37289244,0,0.000000000000,29,24,0,us_301_list3_2018,0,325,2016-01_to_2018-05,0
282731,non_list1,excluded,direct_policy_scope_overlap,2106053,0,0.000000000000,28,24,0,us_301_list3_2018,0,325,2016-01_to_2018-05,0
282732,non_list1,excluded,insufficient_positive_pre_months|direct_policy_scope_overlap,274393,0,0.000000000000,12,24,0,us_301_list3_2018,0,325,2016-01_to_2018-05,0
282735,non_list1,excluded,insufficient_positive_pre_months|direct_policy_scope_overlap,53418,0,0.000000000000,4,24,0,us_301_list3_2018,0,325,2016-01_to_2018-05,0
282739,non_list1,excluded,direct_policy_scope_overlap,36948245,0,0.000000000000,29,24,0,us_301_list3_2018,0,325,2016-01_to_2018-05,0
282741,non_list1,excluded,insufficient_positive_pre_months|direct_policy_scope_overlap,4632411,0,0.000000000000,22,24,0,us_301_list3_2018,0,325,2016-01_to_2018-05,0
282749,non_list1,excluded,direct_policy_scope_overlap,58394422,0,0.000000000000,29,24,0,us_301_list3_2018,0,325,2016-01_to_2018-05,0
282751,non_list1,excluded,direct_policy_scope_overlap,19294509,0,0.000000000000,29,24,0,us_301_list3_2018,0,325,2016-01_to_2018-05,0
282759,non_list1,excluded,direct_policy_scope_overlap,12733994,0,0.000000000000,25,24,0,us_301_list3_2018,0,325,2016-01_to_2018-05,0
282760,non_list1,excluded,insufficient_positive_pre_months|direct_policy_scope_overlap,465468,0,0.000000000000,14,24,0,us_301_list3_2018,0,325,2016-01_to_2018-05,0
282810,non_list1,excluded,insufficient_positive_pre_months|direct_policy_scope_overlap,0,0,0.000000000000,0,24,0,us_301_list3_2018,0,325,2016-01_to_2018-05,0
282890,non_list1,excluded,direct_policy_scope_overlap,14114140,0,0.000000000000,29,24,0,us_301_list3_2018,0,325,2016-01_to_2018-05,0
282911,non_list1,excluded,insufficient_positive_pre_months|direct_policy_scope_overlap,611808,0,0.000000000000,16,24,0,us_301_list3_2018,0,325,2016-01_to_2018-05,0
282919,non_list1,excluded,insufficient_positive_pre_months|direct_policy_scope_overlap,172214,0,0.000000000000,6,24,0,us_301_list3_2018,0,325,2016-01_to_2018-05,0
282990,non_list1,excluded,direct_policy_scope_overlap,8063122,0,0.000000000000,29,24,0,us_301_list3_2018,0,325,2016-01_to_2018-05,0
283010,non_list1,excluded,direct_policy_scope_overlap,9914850,0,0.000000000000,29,24,0,us_301_list3_2018,0,325,2016-01_to_2018-05,0
283090,non_list1,excluded,direct_policy_scope_overlap,14522025,0,0.000000000000,29,24,0,us_301_list3_2018,0,325,2016-01_to_2018-05,0
283110,non_list1,excluded,direct_policy_scope_overlap,7592541,0,0.000000000000,25,24,0,us_301_list3_2018,0,325,2016-01_to_2018-05,0
283190,non_list1,excluded,insufficient_positive_pre_months|direct_policy_scope_overlap,4850,0,0.000000000000,1,24,0,us_301_list3_2018,0,325,2016-01_to_2018-05,0
283210,non_list1,excluded,direct_policy_scope_overlap,9492246,0,0.000000000000,29,24,0,us_301_list3_2018,0,325,2016-01_to_2018-05,0
283220,non_list1,excluded,insufficient_positive_pre_months|direct_policy_scope_overlap,189909,0,0.000000000000,13,24,0,us_301_list3_2018,0,325,2016-01_to_2018-05,0
283230,non_list1,excluded,direct_policy_scope_overlap,9969452,0,0.000000000000,29,24,0,us_301_list3_2018,0,325,2016-01_to_2018-05,0
283311,non_list1,excluded,direct_policy_scope_overlap,1786575,0,0.000000000000,29,24,0,us_301_list3_2018,0,325,2016-01_to_2018-05,0
283319,non_list1,excluded,direct_policy_scope_overlap,2479147,0,0.000000000000,26,24,0,us_301_list3_2018,0,325,2016-01_to_2018-05,0
283321,non_list1,excluded,direct_policy_scope_overlap,12206315,0,0.000000000000,29,24,0,us_301_list3_2018,0,325,2016-01_to_2018-05,0
283322,non_list1,excluded,insufficient_positive_pre_months|direct_policy_scope_overlap,913310,0,0.000000000000,20,24,0,us_301_list3_2018,0,325,2016-01_to_2018-05,0
283324,non_list1,excluded,insufficient_positive_pre_months|direct_policy_scope_overlap,89313,0,0.000000000000,6,24,0,us_301_list3_2018,0,325,2016-01_to_2018-05,0
283325,non_list1,excluded,insufficient_positive_pre_months|direct_policy_scope_overlap,434391,0,0.000000000000,15,24,0,us_301_list3_2018,0,325,2016-01_to_2018-05,0
283327,non_list1,excluded,direct_policy_scope_overlap,6558318,0,0.000000000000,29,24,0,us_301_list3_2018,0,325,2016-01_to_2018-05,0
283329,non_list1,excluded,direct_policy_scope_overlap,131374526,0,0.000000000000,29,24,0,us_301_list3_2018,0,325,2016-01_to_2018-05,0
283330,non_list1,excluded,insufficient_positive_pre_months|direct_policy_scope_overlap,2271,0,0.000000000000,1,24,0,us_301_list3_2018,0,325,2016-01_to_2018-05,0
283340,non_list1,excluded,insufficient_positive_pre_months|direct_policy_scope_overlap,409012,0,0.000000000000,10,24,0,us_301_list3_2018,0,325,2016-01_to_2018-05,0
283410,non_list1,excluded,direct_policy_scope_overlap,11205477,0,0.000000000000,29,24,0,us_301_list3_2018,0,325,2016-01_to_2018-05,0
283421,non_list1,excluded,direct_policy_scope_overlap,1774263,0,0.000000000000,24,24,0,us_301_list3_2018,0,325,2016-01_to_2018-05,0
283429,non_list1,excluded,direct_policy_scope_overlap,11615523,0,0.000000000000,29,24,0,us_301_list3_2018,0,325,2016-01_to_2018-05,0
283510,non_list1,excluded,direct_policy_scope_overlap,41242155,0,0.000000000000,29,24,0,us_301_list3_2018,0,325,2016-01_to_2018-05,0
283522,non_list1,excluded,direct_policy_scope_overlap,15043713,0,0.000000000000,29,24,0,us_301_list3_2018,0,325,2016-01_to_2018-05,0
283524,non_list1,excluded,direct_policy_scope_overlap,16020817,0,0.000000000000,29,24,0,us_301_list3_2018,0,325,2016-01_to_2018-05,0
283525,non_list1,excluded,direct_policy_scope_overlap,33925861,0,0.000000000000,29,24,0,us_301_list3_2018,0,325,2016-01_to_2018-05,0
283526,non_list1,excluded,direct_policy_scope_overlap,24721773,0,0.000000000000,29,24,0,us_301_list3_2018,0,325,2016-01_to_2018-05,0
283529,non_list1,excluded,direct_policy_scope_overlap,21555120,0,0.000000000000,29,24,0,us_301_list3_2018,0,325,2016-01_to_2018-05,0
283531,non_list1,excluded,direct_policy_scope_overlap,20371516,0,0.000000000000,29,24,0,us_301_list3_2018,0,325,2016-01_to_2018-05,0
283539,non_list1,excluded,direct_policy_scope_overlap,12906357,0,0.000000000000,29,24,0,us_301_list3_2018,0,325,2016-01_to_2018-05,0
283620,non_list1,excluded,direct_policy_scope_overlap,1600733,0,0.000000000000,28,24,0,us_301_list3_2018,0,325,2016-01_to_2018-05,0
283630,non_list1,excluded,direct_policy_scope_overlap,1671456,0,0.000000000000,29,24,0,us_301_list3_2018,0,325,2016-01_to_2018-05,0
283640,non_list1,excluded,direct_policy_scope_overlap,8614235,0,0.000000000000,29,24,0,us_301_list3_2018,0,325,2016-01_to_2018-05,0
283650,non_list1,excluded,direct_policy_scope_overlap,4632261,0,0.000000000000,29,24,0,us_301_list3_2018,0,325,2016-01_to_2018-05,0
283660,non_list1,excluded,insufficient_positive_pre_months|direct_policy_scope_overlap,22810,0,0.000000000000,2,24,0,us_301_list3_2018,0,325,2016-01_to_2018-05,0
283691,non_list1,excluded,insufficient_positive_pre_months|direct_policy_scope_overlap,1191123,0,0.000000000000,16,24,0,us_301_list3_2018,0,325,2016-01_to_2018-05,0
283692,non_list1,excluded,insufficient_positive_pre_months|direct_policy_scope_overlap,733280,0,0.000000000000,19,24,0,us_301_list3_2018,0,325,2016-01_to_2018-05,0
283699,non_list1,excluded,direct_policy_scope_overlap,107559650,0,0.000000000000,29,24,0,us_301_list3_2018,0,325,2016-01_to_2018-05,0
283711,non_list1,excluded,insufficient_positive_pre_months|direct_policy_scope_overlap,2318552,0,0.000000000000,17,24,0,us_301_list3_2018,0,325,2016-01_to_2018-05,0
283719,non_list1,excluded,insufficient_positive_pre_months,102888,0,0.000000000000,3,24,0,,0,325,2016-01_to_2018-05,0
283720,non_list1,excluded,direct_policy_scope_overlap,5443215,0,0.000000000000,29,24,0,us_301_list3_2018,0,325,2016-01_to_2018-05,0
283911,non_list1,excluded,direct_policy_scope_overlap,2870954,0,0.000000000000,29,24,0,us_301_list3_2018,0,325,2016-01_to_2018-05,0
283919,non_list1,excluded,insufficient_positive_pre_months|direct_policy_scope_overlap,2101521,0,0.000000000000,23,24,0,us_301_list3_2018,0,325,2016-01_to_2018-05,0
283990,non_list1,excluded,direct_policy_scope_overlap,1513323,0,0.000000000000,24,24,0,us_301_list3_2018,0,325,2016-01_to_2018-05,0
284011,non_list1,excluded,insufficient_positive_pre_months|direct_policy_scope_overlap,0,0,0.000000000000,0,24,0,us_301_list3_2018,0,325,2016-01_to_2018-05,0
284019,non_list1,excluded,insufficient_positive_pre_months|direct_policy_scope_overlap,253833,0,0.000000000000,12,24,0,us_301_list3_2018,0,325,2016-01_to_2018-05,0
284020,non_list1,excluded,direct_policy_scope_overlap,12488517,0,0.000000000000,29,24,0,us_301_list3_2018,0,325,2016-01_to_2018-05,0
284030,non_list1,excluded,direct_policy_scope_overlap,4722266,0,0.000000000000,29,24,0,us_301_list3_2018,0,325,2016-01_to_2018-05,0
284130,non_list1,excluded,insufficient_positive_pre_months|direct_policy_scope_overlap,19575,0,0.000000000000,1,24,0,us_301_list3_2018,0,325,2016-01_to_2018-05,0
284150,non_list1,excluded,insufficient_positive_pre_months|direct_policy_scope_overlap,146742,0,0.000000000000,5,24,0,us_301_list3_2018,0,325,2016-01_to_2018-05,0
284161,non_list1,excluded,insufficient_positive_pre_months|direct_policy_scope_overlap,71303,0,0.000000000000,2,24,0,us_301_list3_2018,0,325,2016-01_to_2018-05,0
284169,non_list1,excluded,direct_policy_scope_overlap,6337853,0,0.000000000000,28,24,0,us_301_list3_2018,0,325,2016-01_to_2018-05,0
284170,non_list1,control_candidate,,38119471,0,0.000000000000,29,24,0,,0,325,2016-01_to_2018-05,0
284180,non_list1,control_candidate,,58197759,0,0.000000000000,29,24,0,,0,325,2016-01_to_2018-05,0
284190,non_list1,excluded,direct_policy_scope_overlap,18433384,0,0.000000000000,29,24,0,us_301_list3_2018,0,325,2016-01_to_2018-05,0
284210,non_list1,excluded,direct_policy_scope_overlap,6274833,0,0.000000000000,29,24,0,us_301_list3_2018,0,325,2016-01_to_2018-05,0
284290,non_list1,excluded,direct_policy_scope_overlap,29226312,0,0.000000000000,29,24,0,us_301_list3_2018,0,325,2016-01_to_2018-05,0
284310,non_list1,excluded,insufficient_positive_pre_months|direct_policy_scope_overlap,0,0,0.000000000000,0,24,0,us_301_list3_2018,0,325,2016-01_to_2018-05,0
284321,non_list1,excluded,insufficient_positive_pre_months|direct_policy_scope_overlap,5140,0,0.000000000000,2,24,0,us_301_list3_2018,0,325,2016-01_to_2018-05,0
284329,non_list1,excluded,insufficient_positive_pre_months|direct_policy_scope_overlap,6200,0,0.000000000000,2,24,0,us_301_list3_2018,0,325,2016-01_to_2018-05,0
284330,non_list1,excluded,insufficient_positive_pre_months|direct_policy_scope_overlap,41757,0,0.000000000000,6,24,0,us_301_list3_2018,0,325,2016-01_to_2018-05,0
284390,non_list1,excluded,direct_policy_scope_overlap,1110091,0,0.000000000000,24,24,0,us_301_list3_2018,0,325,2016-01_to_2018-05,0
284410,non_list1,excluded,insufficient_positive_pre_months|direct_policy_scope_overlap,4188,0,0.000000000000,1,24,0,us_301_list3_2018,0,325,2016-01_to_2018-05,0
284420,non_list1,excluded,insufficient_positive_pre_months,97865641,0,0.000000000000,3,24,0,,0,325,2016-01_to_2018-05,0
284430,non_list1,excluded,insufficient_positive_pre_months,0,0,0.000000000000,0,24,0,,0,325,2016-01_to_2018-05,0
284440,non_list1,control_candidate,,6075072,0,0.000000000000,28,24,0,,0,325,2016-01_to_2018-05,0
284450,non_list1,excluded,insufficient_positive_pre_months,0,0,0.000000000000,0,24,0,,0,325,2016-01_to_2018-05,0
284510,non_list1,excluded,insufficient_positive_pre_months|direct_policy_scope_overlap,23625,0,0.000000000000,3,24,0,us_301_list3_2018,0,325,2016-01_to_2018-05,0
284590,pure_list1,treated_candidate,,10054378,10054378,1.000000000000,29,24,1,,0,325,2016-01_to_2018-05,0
284610,non_list1,control_candidate,,19926203,0,0.000000000000,29,24,0,,0,325,2016-01_to_2018-05,0
284690,non_list1,control_candidate,,140858925,0,0.000000000000,29,24,0,,0,325,2016-01_to_2018-05,0
284700,non_list1,excluded,insufficient_positive_pre_months|direct_policy_scope_overlap,162442,0,0.000000000000,18,24,0,us_301_list3_2018,0,325,2016-01_to_2018-05,0
284910,non_list1,excluded,insufficient_positive_pre_months|direct_policy_scope_overlap,2015227,0,0.000000000000,22,24,0,us_301_list3_2018,0,325,2016-01_to_2018-05,0
284920,non_list1,control_candidate,,130275837,0,0.000000000000,29,24,0,,0,327,2016-01_to_2018-05,0
284990,non_list1,excluded,direct_policy_scope_overlap,76652102,0,0.000000000000,29,24,0,us_301_list3_2018,0,327,2016-01_to_2018-05,0
285000,non_list1,excluded,direct_policy_scope_overlap,26757657,0,0.000000000000,29,24,0,us_301_list3_2018,0,325,2016-01_to_2018-05,0
285210,non_list1,excluded,insufficient_positive_pre_months|direct_policy_scope_overlap,14143,0,0.000000000000,2,24,0,us_301_list3_2018,0,325,2016-01_to_2018-05,0
285290,non_list1,excluded,insufficient_positive_pre_months|direct_policy_scope_overlap,464001,0,0.000000000000,8,24,0,us_301_list3_2018,0,325,2016-01_to_2018-05,0
285310,non_list1,excluded,insufficient_positive_pre_months|direct_policy_scope_overlap,75002,0,0.000000000000,3,24,0,us_301_list3_2018,0,325,2016-01_to_2018-05,0
285390,non_list1,excluded,insufficient_positive_pre_months|direct_policy_scope_overlap,5490091,0,0.000000000000,17,24,0,us_301_list3_2018,0,325,2016-01_to_2018-05,0
290110,non_list1,excluded,direct_policy_scope_overlap,9433958,0,0.000000000000,29,24,0,us_301_list3_2018,0,325,2016-01_to_2018-05,0
290121,non_list1,excluded,insufficient_positive_pre_months|direct_policy_scope_overlap,0,0,0.000000000000,0,24,0,us_301_list3_2018,0,325,2016-01_to_2018-05,0
290122,non_list1,excluded,insufficient_positive_pre_months|direct_policy_scope_overlap,95884,0,0.000000000000,5,24,0,us_301_list3_2018,0,325,2016-01_to_2018-05,0
290123,non_list1,excluded,insufficient_positive_pre_months|direct_policy_scope_overlap,76440,0,0.000000000000,3,24,0,us_301_list3_2018,0,325,2016-01_to_2018-05,0
290124,non_list1,excluded,direct_policy_scope_overlap,85767445,0,0.000000000000,29,24,0,us_301_list3_2018,0,325,2016-01_to_2018-05,0
290129,non_list1,excluded,direct_policy_scope_overlap,4859576,0,0.000000000000,28,24,0,us_301_list3_2018,0,325,2016-01_to_2018-05,0
290211,non_list1,excluded,insufficient_positive_pre_months|direct_policy_scope_overlap,641461,0,0.000000000000,16,24,0,us_301_list3_2018,0,325,2016-01_to_2018-05,0
290219,non_list1,excluded,direct_policy_scope_overlap,47620405,0,0.000000000000,29,24,0,us_301_list3_2018,0,325,2016-01_to_2018-05,0
290220,non_list1,excluded,insufficient_positive_pre_months|direct_policy_scope_overlap,604298,0,0.000000000000,8,24,0,us_301_list3_2018,0,324,2016-01_to_2018-05,0
290230,non_list1,excluded,insufficient_positive_pre_months|direct_policy_scope_overlap,395053,0,0.000000000000,7,24,0,us_301_list3_2018,0,324,2016-01_to_2018-05,0
290241,non_list1,excluded,insufficient_positive_pre_months|direct_policy_scope_overlap,0,0,0.000000000000,0,24,0,us_301_list3_2018,0,325,2016-01_to_2018-05,0
290242,non_list1,excluded,insufficient_positive_pre_months|direct_policy_scope_overlap,542100,0,0.000000000000,6,24,0,us_301_list3_2018,0,325,2016-01_to_2018-05,0
290243,non_list1,excluded,insufficient_positive_pre_months|direct_policy_scope_overlap,0,0,0.000000000000,0,24,0,us_301_list3_2018,0,325,2016-01_to_2018-05,0
290244,non_list1,excluded,insufficient_positive_pre_months|direct_policy_scope_overlap,0,0,0.000000000000,0,24,0,us_301_list3_2018,0,324,2016-01_to_2018-05,0
290250,non_list1,excluded,insufficient_positive_pre_months|direct_policy_scope_overlap,70423,0,0.000000000000,3,24,0,us_301_list3_2018,0,325,2016-01_to_2018-05,0
290260,non_list1,excluded,insufficient_positive_pre_months|direct_policy_scope_overlap,3346,0,0.000000000000,1,24,0,us_301_list3_2018,0,325,2016-01_to_2018-05,0
290270,non_list1,excluded,insufficient_positive_pre_months|direct_policy_scope_overlap,0,0,0.000000000000,0,24,0,us_301_list3_2018,0,325,2016-01_to_2018-05,0
290290,non_list1,excluded,direct_policy_scope_overlap,18501907,0,0.000000000000,29,24,0,us_301_list3_2018,0,325,2016-01_to_2018-05,0
290311,non_list1,excluded,direct_policy_scope_overlap,3207669,0,0.000000000000,29,24,0,us_301_list3_2018,0,325,2016-01_to_2018-05,0
290312,non_list1,excluded,direct_policy_scope_overlap,3088271,0,0.000000000000,29,24,0,us_301_list3_2018,0,325,2016-01_to_2018-05,0
290313,non_list1,excluded,insufficient_positive_pre_months|direct_policy_scope_overlap,86927,0,0.000000000000,4,24,0,us_301_list3_2018,0,325,2016-01_to_2018-05,0
290314,non_list1,excluded,insufficient_positive_pre_months|direct_policy_scope_overlap,0,0,0.000000000000,0,24,0,us_301_list3_2018,0,325,2016-01_to_2018-05,0
290315,non_list1,excluded,insufficient_positive_pre_months|direct_policy_scope_overlap,0,0,0.000000000000,0,24,0,us_301_list3_2018,0,325,2016-01_to_2018-05,0
290319,non_list1,excluded,direct_policy_scope_overlap,2688029,0,0.000000000000,29,24,0,us_301_list3_2018,0,325,2016-01_to_2018-05,0
290321,non_list1,excluded,insufficient_positive_pre_months,2604075,0,0.000000000000,23,24,0,,0,325,2016-01_to_2018-05,0
290322,non_list1,excluded,direct_policy_scope_overlap,4180962,0,0.000000000000,28,24,0,us_301_list3_2018,0,325,2016-01_to_2018-05,0
290323,non_list1,excluded,insufficient_positive_pre_months|direct_policy_scope_overlap,84797,0,0.000000000000,8,24,0,us_301_list3_2018,0,325,2016-01_to_2018-05,0
290329,non_list1,excluded,direct_policy_scope_overlap,5136373,0,0.000000000000,26,24,0,us_301_list3_2018,0,325,2016-01_to_2018-05,0
290331,non_list1,excluded,insufficient_positive_pre_months|direct_policy_scope_overlap,135800,0,0.000000000000,3,24,0,us_301_list3_2018,0,325,2016-01_to_2018-05,0
290339,non_list1,excluded,direct_policy_scope_overlap,769763948,0,0.000000000000,29,24,0,us_301_list3_2018,0,325,2016-01_to_2018-05,0
290371,non_list1,excluded,direct_policy_scope_overlap,16125466,0,0.000000000000,28,24,0,us_301_list3_2018,0,325,2016-01_to_2018-05,0
290372,non_list1,excluded,insufficient_positive_pre_months|direct_policy_scope_overlap,3339806,0,0.000000000000,12,24,0,us_301_list3_2018,0,325,2016-01_to_2018-05,0
290374,non_list1,excluded,direct_policy_scope_overlap,31224391,0,0.000000000000,28,24,0,us_301_list3_2018,0,325,2016-01_to_2018-05,0
290375,non_list1,excluded,insufficient_positive_pre_months|direct_policy_scope_overlap,25497,0,0.000000000000,1,24,0,us_301_list3_2018,0,325,2016-01_to_2018-05,0
290376,non_list1,excluded,insufficient_positive_pre_months|direct_policy_scope_overlap,0,0,0.000000000000,0,24,0,us_301_list3_2018,0,325,2016-01_to_2018-05,0
290377,non_list1,control_candidate,,20173986,0,0.000000000000,26,24,0,,0,325,2016-01_to_2018-05,0
290378,non_list1,excluded,insufficient_positive_pre_months|direct_policy_scope_overlap,18500,0,0.000000000000,1,24,0,us_301_list3_2018,0,325,2016-01_to_2018-05,0
290379,non_list1,excluded,direct_policy_scope_overlap,67646541,0,0.000000000000,26,24,0,us_301_list3_2018,0,325,2016-01_to_2018-05,0
290381,non_list1,excluded,insufficient_positive_pre_months|direct_policy_scope_overlap,0,0,0.000000000000,0,24,0,us_301_list3_2018,0,325,2016-01_to_2018-05,0
290382,non_list1,excluded,insufficient_positive_pre_months|direct_policy_scope_overlap,0,0,0.000000000000,0,24,0,us_301_list3_2018,0,325,2016-01_to_2018-05,0
290383,non_list1,excluded,insufficient_positive_pre_months|direct_policy_scope_overlap,0,0,0.000000000000,0,24,0,us_301_list3_2018,0,325,2016-01_to_2018-05,0
290389,non_list1,excluded,insufficient_positive_pre_months|direct_policy_scope_overlap,21029110,0,0.000000000000,17,24,0,us_301_list3_2018,0,325,2016-01_to_2018-05,0
290391,non_list1,excluded,direct_policy_scope_overlap,14278999,0,0.000000000000,29,24,0,us_301_list3_2018,0,325,2016-01_to_2018-05,0
290392,non_list1,excluded,insufficient_positive_pre_months|direct_policy_scope_overlap,0,0,0.000000000000,0,24,0,us_301_list3_2018,0,325,2016-01_to_2018-05,0
290393,non_list1,excluded,insufficient_positive_pre_months,25245,0,0.000000000000,1,24,0,,0,325,2016-01_to_2018-05,0
290399,non_list1,excluded,insufficient_positive_pre_months|direct_policy_scope_overlap,123727724,0,0.000000000000,17,24,0,us_301_list3_2018,0,325,2016-01_to_2018-05,0
290410,non_list1,excluded,direct_policy_scope_overlap,9900703,0,0.000000000000,29,24,0,us_301_list3_2018,0,325,2016-01_to_2018-05,0
290420,non_list1,excluded,direct_policy_scope_overlap,9322435,0,0.000000000000,29,24,0,us_301_list3_2018,0,325,2016-01_to_2018-05,0
290435,non_list1,excluded,insufficient_positive_pre_months|direct_policy_scope_overlap,0,0,0.000000000000,0,24,0,us_301_list3_2018,0,325,2016-01_to_2018-05,0
290436,non_list1,excluded,insufficient_positive_pre_months|direct_policy_scope_overlap,4625,0,0.000000000000,1,24,0,us_301_list3_2018,0,325,2016-01_to_2018-05,0
290491,non_list1,excluded,insufficient_positive_pre_months|direct_policy_scope_overlap,0,0,0.000000000000,0,24,0,us_301_list3_2018,0,325,2016-01_to_2018-05,0
290499,non_list1,excluded,insufficient_positive_pre_months|direct_policy_scope_overlap,3502488,0,0.000000000000,17,24,0,us_301_list3_2018,0,325,2016-01_to_2018-05,0
290511,non_list1,excluded,insufficient_positive_pre_months|direct_policy_scope_overlap,86261,0,0.000000000000,6,24,0,us_301_list3_2018,0,325,2016-01_to_2018-05,0
290512,non_list1,excluded,direct_policy_scope_overlap,3286483,0,0.000000000000,28,24,0,us_301_list3_2018,0,325,2016-01_to_2018-05,0
290513,non_list1,excluded,insufficient_positive_pre_months|direct_policy_scope_overlap,360484,0,0.000000000000,14,24,0,us_301_list3_2018,0,325,2016-01_to_2018-05,0
290514,non_list1,excluded,direct_policy_scope_overlap,2354003,0,0.000000000000,27,24,0,us_301_list3_2018,0,325,2016-01_to_2018-05,0
290516,non_list1,excluded,direct_policy_scope_overlap,3025474,0,0.000000000000,29,24,0,us_301_list3_2018,0,325,2016-01_to_2018-05,0
290517,non_list1,excluded,insufficient_positive_pre_months|direct_policy_scope_overlap,3040498,0,0.000000000000,10,24,0,us_301_list3_2018,0,325,2016-01_to_2018-05,0
290519,non_list1,excluded,direct_policy_scope_overlap,8717560,0,0.000000000000,29,24,0,us_301_list3_2018,0,325,2016-01_to_2018-05,0
290522,non_list1,excluded,direct_policy_scope_overlap,19395079,0,0.000000000000,29,24,0,us_301_list3_2018,0,325,2016-01_to_2018-05,0
290529,non_list1,excluded,direct_policy_scope_overlap,11925849,0,0.000000000000,29,24,0,us_301_list3_2018,0,325,2016-01_to_2018-05,0
290531,non_list1,excluded,insufficient_positive_pre_months|direct_policy_scope_overlap,321113,0,0.000000000000,11,24,0,us_301_list3_2018,0,325,2016-01_to_2018-05,0
290532,non_list1,excluded,direct_policy_scope_overlap,3862209,0,0.000000000000,29,24,0,us_301_list3_2018,0,325,2016-01_to_2018-05,0
290539,non_list1,excluded,direct_policy_scope_overlap,11181168,0,0.000000000000,29,24,0,us_301_list3_2018,0,325,2016-01_to_2018-05,0
290541,non_list1,excluded,direct_policy_scope_overlap,3198298,0,0.000000000000,26,24,0,us_301_list3_2018,0,325,2016-01_to_2018-05,0
290542,non_list1,excluded,direct_policy_scope_overlap,26582315,0,0.000000000000,29,24,0,us_301_list3_2018,0,325,2016-01_to_2018-05,0
290543,non_list1,control_candidate,,5905829,0,0.000000000000,29,24,0,,0,325,2016-01_to_2018-05,0
290544,non_list1,control_candidate,,2928549,0,0.000000000000,29,24,0,,0,325,2016-01_to_2018-05,0
290545,non_list1,excluded,insufficient_positive_pre_months,1895436,0,0.000000000000,16,24,0,,0,325,2016-01_to_2018-05,0
290549,non_list1,excluded,direct_policy_scope_overlap,100591519,0,0.000000000000,29,24,0,us_301_list3_2018,0,325,2016-01_to_2018-05,0
290559,non_list1,excluded,direct_policy_scope_overlap,27035824,0,0.000000000000,29,24,0,us_301_list3_2018,0,325,2016-01_to_2018-05,0
290611,non_list1,excluded,direct_policy_scope_overlap,11417093,0,0.000000000000,28,24,0,us_301_list3_2018,0,325,2016-01_to_2018-05,0
290612,non_list1,excluded,insufficient_positive_pre_months|direct_policy_scope_overlap,65232,0,0.000000000000,14,24,0,us_301_list3_2018,0,325,2016-01_to_2018-05,0
290613,non_list1,excluded,direct_policy_scope_overlap,28738510,0,0.000000000000,29,24,0,us_301_list3_2018,0,325,2016-01_to_2018-05,0
290619,non_list1,excluded,direct_policy_scope_overlap,27047910,0,0.000000000000,29,24,0,us_301_list3_2018,0,325,2016-01_to_2018-05,0
290621,non_list1,excluded,direct_policy_scope_overlap,18813645,0,0.000000000000,29,24,0,us_301_list3_2018,0,325,2016-01_to_2018-05,0
290629,non_list1,excluded,direct_policy_scope_overlap,10519581,0,0.000000000000,29,24,0,us_301_list3_2018,0,325,2016-01_to_2018-05,0
290711,non_list1,excluded,insufficient_positive_pre_months|direct_policy_scope_overlap,150300,0,0.000000000000,10,24,0,us_301_list3_2018,0,325,2016-01_to_2018-05,0
290712,non_list1,excluded,insufficient_positive_pre_months|direct_policy_scope_overlap,213852,0,0.000000000000,17,24,0,us_301_list3_2018,0,325,2016-01_to_2018-05,0
290713,non_list1,excluded,insufficient_positive_pre_months|direct_policy_scope_overlap,462601,0,0.000000000000,12,24,0,us_301_list3_2018,0,325,2016-01_to_2018-05,0
290715,non_list1,excluded,direct_policy_scope_overlap,7242130,0,0.000000000000,29,24,0,us_301_list3_2018,0,325,2016-01_to_2018-05,0
290719,non_list1,excluded,direct_policy_scope_overlap,11922711,0,0.000000000000,29,24,0,us_301_list3_2018,0,325,2016-01_to_2018-05,0
290721,non_list1,excluded,direct_policy_scope_overlap,26883351,0,0.000000000000,28,24,0,us_301_list3_2018,0,325,2016-01_to_2018-05,0
290722,non_list1,excluded,insufficient_positive_pre_months|direct_policy_scope_overlap,720407,0,0.000000000000,19,24,0,us_301_list3_2018,0,325,2016-01_to_2018-05,0
290723,non_list1,excluded,insufficient_positive_pre_months|direct_policy_scope_overlap,1965933,0,0.000000000000,5,24,0,us_301_list3_2018,0,325,2016-01_to_2018-05,0
290729,non_list1,excluded,direct_policy_scope_overlap,23924015,0,0.000000000000,29,24,0,us_301_list3_2018,0,325,2016-01_to_2018-05,0
290811,non_list1,excluded,insufficient_positive_pre_months|direct_policy_scope_overlap,4000,0,0.000000000000,1,24,0,us_301_list3_2018,0,325,2016-01_to_2018-05,0
290819,non_list1,excluded,direct_policy_scope_overlap,16516062,0,0.000000000000,29,24,0,us_301_list3_2018,0,325,2016-01_to_2018-05,0
290891,non_list1,excluded,insufficient_positive_pre_months|direct_policy_scope_overlap,0,0,0.000000000000,0,24,0,us_301_list3_2018,0,325,2016-01_to_2018-05,0
290899,non_list1,excluded,direct_policy_scope_overlap,11130137,0,0.000000000000,28,24,0,us_301_list3_2018,0,325,2016-01_to_2018-05,0
290911,non_list1,excluded,insufficient_positive_pre_months|direct_policy_scope_overlap,92415,0,0.000000000000,4,24,0,us_301_list3_2018,0,325,2016-01_to_2018-05,0
290919,non_list1,excluded,direct_policy_scope_overlap,60568151,0,0.000000000000,29,24,0,us_301_list3_2018,0,325,2016-01_to_2018-05,0
290920,non_list1,excluded,direct_policy_scope_overlap,11651456,0,0.000000000000,29,24,0,us_301_list3_2018,0,325,2016-01_to_2018-05,0
290930,non_list1,excluded,direct_policy_scope_overlap,73538981,0,0.000000000000,29,24,0,us_301_list3_2018,0,325,2016-01_to_2018-05,0
290941,non_list1,excluded,insufficient_positive_pre_months|direct_policy_scope_overlap,466194,0,0.000000000000,14,24,0,us_301_list3_2018,0,325,2016-01_to_2018-05,0
290943,non_list1,excluded,insufficient_positive_pre_months|direct_policy_scope_overlap,1783688,0,0.000000000000,22,24,0,us_301_list3_2018,0,325,2016-01_to_2018-05,0
290944,non_list1,excluded,direct_policy_scope_overlap,955309,0,0.000000000000,25,24,0,us_301_list3_2018,0,325,2016-01_to_2018-05,0
290949,non_list1,excluded,direct_policy_scope_overlap,44094130,0,0.000000000000,29,24,0,us_301_list3_2018,0,325,2016-01_to_2018-05,0
290950,non_list1,excluded,direct_policy_scope_overlap,4343231,0,0.000000000000,29,24,0,us_301_list3_2018,0,325,2016-01_to_2018-05,0
290960,non_list1,excluded,direct_policy_scope_overlap,66884437,0,0.000000000000,29,24,0,us_301_list3_2018,0,325,2016-01_to_2018-05,0
291010,non_list1,excluded,insufficient_positive_pre_months|direct_policy_scope_overlap,9700,0,0.000000000000,1,24,0,us_301_list3_2018,0,325,2016-01_to_2018-05,0
291020,non_list1,excluded,insufficient_positive_pre_months|direct_policy_scope_overlap,13351,0,0.000000000000,3,24,0,us_301_list3_2018,0,325,2016-01_to_2018-05,0
291030,non_list1,excluded,insufficient_positive_pre_months|direct_policy_scope_overlap,743964,0,0.000000000000,15,24,0,us_301_list3_2018,0,325,2016-01_to_2018-05,0
291050,non_list1,excluded,insufficient_positive_pre_months|direct_policy_scope_overlap,25163,0,0.000000000000,2,24,0,us_301_list3_2018,0,325,2016-01_to_2018-05,0
291090,non_list1,excluded,insufficient_positive_pre_months|direct_policy_scope_overlap,23375149,0,0.000000000000,17,24,0,us_301_list3_2018,0,325,2016-01_to_2018-05,0
291100,non_list1,excluded,direct_policy_scope_overlap,4448862,0,0.000000000000,28,24,0,us_301_list3_2018,0,325,2016-01_to_2018-05,0
291211,non_list1,excluded,insufficient_positive_pre_months|direct_policy_scope_overlap,0,0,0.000000000000,0,24,0,us_301_list3_2018,0,325,2016-01_to_2018-05,0
291212,non_list1,excluded,insufficient_positive_pre_months|direct_policy_scope_overlap,1247982,0,0.000000000000,12,24,0,us_301_list3_2018,0,325,2016-01_to_2018-05,0
291219,non_list1,excluded,direct_policy_scope_overlap,63172685,0,0.000000000000,29,24,0,us_301_list3_2018,0,325,2016-01_to_2018-05,0
291221,non_list1,excluded,direct_policy_scope_overlap,37282418,0,0.000000000000,29,24,0,us_301_list3_2018,0,325,2016-01_to_2018-05,0
291229,non_list1,excluded,direct_policy_scope_overlap,27683859,0,0.000000000000,29,24,0,us_301_list3_2018,0,325,2016-01_to_2018-05,0
291241,non_list1,control_candidate,,77086761,0,0.000000000000,29,24,0,,0,325,2016-01_to_2018-05,0
291242,non_list1,excluded,direct_policy_scope_overlap,7984878,0,0.000000000000,28,24,0,us_301_list3_2018,0,325,2016-01_to_2018-05,0
291249,non_list1,excluded,direct_policy_scope_overlap,10762038,0,0.000000000000,29,24,0,us_301_list3_2018,0,325,2016-01_to_2018-05,0
291250,non_list1,excluded,insufficient_positive_pre_months|direct_policy_scope_overlap,86270,0,0.000000000000,5,24,0,us_301_list3_2018,0,325,2016-01_to_2018-05,0
291260,non_list1,excluded,insufficient_positive_pre_months|direct_policy_scope_overlap,62731,0,0.000000000000,5,24,0,us_301_list3_2018,0,325,2016-01_to_2018-05,0
291300,non_list1,excluded,direct_policy_scope_overlap,5273824,0,0.000000000000,29,24,0,us_301_list3_2018,0,325,2016-01_to_2018-05,0
291411,non_list1,excluded,insufficient_positive_pre_months|direct_policy_scope_overlap,754361,0,0.000000000000,22,24,0,us_301_list3_2018,0,325,2016-01_to_2018-05,0
291412,non_list1,excluded,direct_policy_scope_overlap,25043393,0,0.000000000000,29,24,0,us_301_list3_2018,0,325,2016-01_to_2018-05,0
291413,non_list1,excluded,insufficient_positive_pre_months|direct_policy_scope_overlap,8900,0,0.000000000000,1,24,0,us_301_list3_2018,0,325,2016-01_to_2018-05,0
291419,non_list1,excluded,direct_policy_scope_overlap,24415897,0,0.000000000000,29,24,0,us_301_list3_2018,0,325,2016-01_to_2018-05,0
291422,non_list1,excluded,direct_policy_scope_overlap,2149308,0,0.000000000000,24,24,0,us_301_list3_2018,0,325,2016-01_to_2018-05,0
291423,non_list1,excluded,direct_policy_scope_overlap,6184030,0,0.000000000000,29,24,0,us_301_list3_2018,0,325,2016-01_to_2018-05,0
291429,non_list1,excluded,direct_policy_scope_overlap,37211627,0,0.000000000000,29,24,0,us_301_list3_2018,0,325,2016-01_to_2018-05,0
291431,non_list1,excluded,insufficient_positive_pre_months|direct_policy_scope_overlap,0,0,0.000000000000,0,24,0,us_301_list3_2018,0,325,2016-01_to_2018-05,0
291439,non_list1,excluded,direct_policy_scope_overlap,47667403,0,0.000000000000,29,24,0,us_301_list3_2018,0,325,2016-01_to_2018-05,0
291440,non_list1,excluded,direct_policy_scope_overlap,21417929,0,0.000000000000,29,24,0,us_301_list3_2018,0,325,2016-01_to_2018-05,0
291450,non_list1,excluded,direct_policy_scope_overlap,144384403,0,0.000000000000,29,24,0,us_301_list3_2018,0,325,2016-01_to_2018-05,0
291461,non_list1,excluded,direct_policy_scope_overlap,5826671,0,0.000000000000,26,24,0,us_301_list3_2018,0,325,2016-01_to_2018-05,0
291462,non_list1,excluded,insufficient_positive_pre_months,21298857,0,0.000000000000,13,24,0,,0,325,2016-01_to_2018-05,0
291469,non_list1,excluded,insufficient_positive_pre_months|direct_policy_scope_overlap,144794790,0,0.000000000000,17,24,0,us_301_list3_2018,0,325,2016-01_to_2018-05,0
291471,non_list1,excluded,insufficient_positive_pre_months|direct_policy_scope_overlap,74515,0,0.000000000000,6,24,0,us_301_list3_2018,0,325,2016-01_to_2018-05,0
291479,non_list1,excluded,insufficient_positive_pre_months|direct_policy_scope_overlap,27510045,0,0.000000000000,17,24,0,us_301_list3_2018,0,325,2016-01_to_2018-05,0
291511,non_list1,excluded,direct_policy_scope_overlap,1817811,0,0.000000000000,27,24,0,us_301_list3_2018,0,325,2016-01_to_2018-05,0
291512,non_list1,excluded,direct_policy_scope_overlap,21527742,0,0.000000000000,29,24,0,us_301_list3_2018,0,325,2016-01_to_2018-05,0
291513,non_list1,excluded,direct_policy_scope_overlap,7332690,0,0.000000000000,29,24,0,us_301_list3_2018,0,325,2016-01_to_2018-05,0
291521,non_list1,excluded,direct_policy_scope_overlap,7009091,0,0.000000000000,29,24,0,us_301_list3_2018,0,325,2016-01_to_2018-05,0
291524,non_list1,excluded,insufficient_positive_pre_months|direct_policy_scope_overlap,19250,0,0.000000000000,2,24,0,us_301_list3_2018,0,325,2016-01_to_2018-05,0
291529,non_list1,excluded,direct_policy_scope_overlap,17600116,0,0.000000000000,29,24,0,us_301_list3_2018,0,325,2016-01_to_2018-05,0
291531,non_list1,excluded,direct_policy_scope_overlap,3983508,0,0.000000000000,29,24,0,us_301_list3_2018,0,325,2016-01_to_2018-05,0
291532,non_list1,excluded,direct_policy_scope_overlap,10217782,0,0.000000000000,29,24,0,us_301_list3_2018,0,325,2016-01_to_2018-05,0
291533,non_list1,excluded,direct_policy_scope_overlap,8431586,0,0.000000000000,29,24,0,us_301_list3_2018,0,325,2016-01_to_2018-05,0
291539,non_list1,excluded,direct_policy_scope_overlap,61847216,0,0.000000000000,29,24,0,us_301_list3_2018,0,325,2016-01_to_2018-05,0
291540,non_list1,excluded,direct_policy_scope_overlap,19339797,0,0.000000000000,29,24,0,us_301_list3_2018,0,325,2016-01_to_2018-05,0
291550,non_list1,excluded,direct_policy_scope_overlap,7355654,0,0.000000000000,29,24,0,us_301_list3_2018,0,325,2016-01_to_2018-05,0
291560,non_list1,excluded,direct_policy_scope_overlap,26912031,0,0.000000000000,29,24,0,us_301_list3_2018,0,325,2016-01_to_2018-05,0
291570,non_list1,excluded,direct_policy_scope_overlap,2025657,0,0.000000000000,28,24,0,us_301_list3_2018,0,325,2016-01_to_2018-05,0
291590,non_list1,excluded,direct_policy_scope_overlap,36415663,0,0.000000000000,29,24,0,us_301_list3_2018,0,325,2016-01_to_2018-05,0
291611,non_list1,excluded,direct_policy_scope_overlap,20544176,0,0.000000000000,27,24,0,us_301_list3_2018,0,325,2016-01_to_2018-05,0
291612,non_list1,excluded,direct_policy_scope_overlap,60727734,0,0.000000000000,29,24,0,us_301_list3_2018,0,325,2016-01_to_2018-05,0
291613,non_list1,excluded,insufficient_positive_pre_months|direct_policy_scope_overlap,3004895,0,0.000000000000,14,24,0,us_301_list3_2018,0,325,2016-01_to_2018-05,0
291614,non_list1,excluded,direct_policy_scope_overlap,60100268,0,0.000000000000,29,24,0,us_301_list3_2018,0,325,2016-01_to_2018-05,0
291615,non_list1,excluded,direct_policy_scope_overlap,6413572,0,0.000000000000,29,24,0,us_301_list3_2018,0,325,2016-01_to_2018-05,0
291616,non_list1,excluded,insufficient_positive_pre_months|direct_policy_scope_overlap,0,0,0.000000000000,0,24,0,us_301_list3_2018,0,325,2016-01_to_2018-05,0
291619,non_list1,excluded,direct_policy_scope_overlap,182051503,0,0.000000000000,29,24,0,us_301_list3_2018,0,325,2016-01_to_2018-05,0
291620,non_list1,excluded,direct_policy_scope_overlap,178814273,0,0.000000000000,29,24,0,us_301_list3_2018,0,325,2016-01_to_2018-05,0
291631,non_list1,excluded,direct_policy_scope_overlap,43457208,0,0.000000000000,29,24,0,us_301_list3_2018,0,325,2016-01_to_2018-05,0
291632,non_list1,excluded,direct_policy_scope_overlap,4687491,0,0.000000000000,28,24,0,us_301_list3_2018,0,325,2016-01_to_2018-05,0
291634,non_list1,excluded,direct_policy_scope_overlap,1132281,0,0.000000000000,26,24,0,us_301_list3_2018,0,325,2016-01_to_2018-05,0
291639,non_list1,excluded,direct_policy_scope_overlap,115118243,0,0.000000000000,29,24,0,us_301_list3_2018,0,325,2016-01_to_2018-05,0
291711,non_list1,excluded,direct_policy_scope_overlap,11333616,0,0.000000000000,29,24,0,us_301_list3_2018,0,325,2016-01_to_2018-05,0
291712,non_list1,excluded,direct_policy_scope_overlap,13474537,0,0.000000000000,29,24,0,us_301_list3_2018,0,325,2016-01_to_2018-05,0
291713,non_list1,excluded,direct_policy_scope_overlap,88520690,0,0.000000000000,29,24,0,us_301_list3_2018,0,325,2016-01_to_2018-05,0
291714,non_list1,excluded,direct_policy_scope_overlap,1558867,0,0.000000000000,26,24,0,us_301_list3_2018,0,325,2016-01_to_2018-05,0
291719,non_list1,excluded,direct_policy_scope_overlap,181301047,0,0.000000000000,29,24,0,us_301_list3_2018,0,325,2016-01_to_2018-05,0
291720,non_list1,excluded,direct_policy_scope_overlap,24117444,0,0.000000000000,29,24,0,us_301_list3_2018,0,325,2016-01_to_2018-05,0
291732,non_list1,excluded,insufficient_positive_pre_months|direct_policy_scope_overlap,717629,0,0.000000000000,19,24,0,us_301_list3_2018,0,325,2016-01_to_2018-05,0
291733,non_list1,excluded,insufficient_positive_pre_months|direct_policy_scope_overlap,3016883,0,0.000000000000,21,24,0,us_301_list3_2018,0,325,2016-01_to_2018-05,0
291734,non_list1,excluded,direct_policy_scope_overlap,5551163,0,0.000000000000,28,24,0,us_301_list3_2018,0,325,2016-01_to_2018-05,0
291735,non_list1,excluded,insufficient_positive_pre_months|direct_policy_scope_overlap,86270,0,0.000000000000,4,24,0,us_301_list3_2018,0,325,2016-01_to_2018-05,0
291736,non_list1,excluded,insufficient_positive_pre_months|direct_policy_scope_overlap,379177,0,0.000000000000,8,24,0,us_301_list3_2018,0,325,2016-01_to_2018-05,0
291737,non_list1,excluded,insufficient_positive_pre_months|direct_policy_scope_overlap,8150,0,0.000000000000,2,24,0,us_301_list3_2018,0,325,2016-01_to_2018-05,0
291739,non_list1,excluded,direct_policy_scope_overlap,82943252,0,0.000000000000,29,24,0,us_301_list3_2018,0,325,2016-01_to_2018-05,0
291800,non_list1,excluded,insufficient_positive_pre_months,0,0,0.000000000000,0,24,0,,0,325,2016-01_to_2018-05,0
291811,non_list1,excluded,direct_policy_scope_overlap,14206333,0,0.000000000000,29,24,0,us_301_list3_2018,0,325,2016-01_to_2018-05,0
291812,non_list1,excluded,direct_policy_scope_overlap,18571620,0,0.000000000000,29,24,0,us_301_list3_2018,0,325,2016-01_to_2018-05,0
291813,non_list1,excluded,insufficient_positive_pre_months|direct_policy_scope_overlap,628899,0,0.000000000000,18,24,0,us_301_list3_2018,0,325,2016-01_to_2018-05,0
291814,non_list1,excluded,insufficient_positive_pre_months|direct_policy_scope_overlap,1463218,0,0.000000000000,20,24,0,us_301_list3_2018,0,325,2016-01_to_2018-05,0
291815,non_list1,excluded,direct_policy_scope_overlap,13369684,0,0.000000000000,29,24,0,us_301_list3_2018,0,325,2016-01_to_2018-05,0
291816,non_list1,excluded,direct_policy_scope_overlap,16162784,0,0.000000000000,29,24,0,us_301_list3_2018,0,325,2016-01_to_2018-05,0
291819,non_list1,excluded,insufficient_positive_pre_months|direct_policy_scope_overlap,46333669,0,0.000000000000,17,24,0,us_301_list3_2018,0,325,2016-01_to_2018-05,0
291821,non_list1,excluded,direct_policy_scope_overlap,6153460,0,0.000000000000,29,24,0,us_301_list3_2018,0,325,2016-01_to_2018-05,0
291822,non_list1,control_candidate,,7094763,0,0.000000000000,29,24,0,,0,325,2016-01_to_2018-05,0
291823,non_list1,excluded,direct_policy_scope_overlap,47687760,0,0.000000000000,29,24,0,us_301_list3_2018,0,325,2016-01_to_2018-05,0
291829,non_list1,excluded,direct_policy_scope_overlap,67414736,0,0.000000000000,29,24,0,us_301_list3_2018,0,325,2016-01_to_2018-05,0
291830,non_list1,excluded,direct_policy_scope_overlap,36328860,0,0.000000000000,29,24,0,us_301_list3_2018,0,325,2016-01_to_2018-05,0
291891,non_list1,excluded,insufficient_positive_pre_months|direct_policy_scope_overlap,2844,0,0.000000000000,1,24,0,us_301_list3_2018,0,325,2016-01_to_2018-05,0
291899,non_list1,excluded,direct_policy_scope_overlap,664171081,0,0.000000000000,29,24,0,us_301_list3_2018,0,325,2016-01_to_2018-05,0
291910,non_list1,excluded,insufficient_positive_pre_months|direct_policy_scope_overlap,477985,0,0.000000000000,14,24,0,us_301_list3_2018,0,325,2016-01_to_2018-05,0
291990,non_list1,excluded,direct_policy_scope_overlap,147727860,0,0.000000000000,29,24,0,us_301_list3_2018,0,325,2016-01_to_2018-05,0
292011,non_list1,excluded,insufficient_positive_pre_months|direct_policy_scope_overlap,0,0,0.000000000000,0,24,0,us_301_list3_2018,0,325,2016-01_to_2018-05,0
292019,non_list1,excluded,direct_policy_scope_overlap,21815234,0,0.000000000000,27,24,0,us_301_list3_2018,0,325,2016-01_to_2018-05,0
292021,non_list1,excluded,insufficient_positive_pre_months|direct_policy_scope_overlap,856005,0,0.000000000000,11,24,0,us_301_list3_2018,0,325,2016-01_to_2018-05,0
292022,non_list1,excluded,insufficient_positive_pre_months,514570,0,0.000000000000,6,24,0,,0,325,2016-01_to_2018-05,0
292023,non_list1,excluded,insufficient_positive_pre_months|direct_policy_scope_overlap,835932,0,0.000000000000,9,24,0,us_301_list3_2018,0,325,2016-01_to_2018-05,0
292024,non_list1,excluded,insufficient_positive_pre_months|direct_policy_scope_overlap,37848,0,0.000000000000,3,24,0,us_301_list3_2018,0,325,2016-01_to_2018-05,0
292029,non_list1,excluded,insufficient_positive_pre_months|direct_policy_scope_overlap,2286587,0,0.000000000000,13,24,0,us_301_list3_2018,0,325,2016-01_to_2018-05,0
292090,non_list1,excluded,insufficient_positive_pre_months|direct_policy_scope_overlap,57678984,0,0.000000000000,17,24,0,us_301_list3_2018,0,325,2016-01_to_2018-05,0
292111,non_list1,excluded,insufficient_positive_pre_months|direct_policy_scope_overlap,2406049,0,0.000000000000,23,24,0,us_301_list3_2018,0,325,2016-01_to_2018-05,0
292112,non_list1,excluded,insufficient_positive_pre_months,111977,0,0.000000000000,4,24,0,,0,325,2016-01_to_2018-05,0
292114,non_list1,excluded,insufficient_positive_pre_months|direct_policy_scope_overlap,41580,0,0.000000000000,1,24,0,us_301_list3_2018,0,325,2016-01_to_2018-05,0
292119,non_list1,excluded,insufficient_positive_pre_months|direct_policy_scope_overlap,108869455,0,0.000000000000,17,24,0,us_301_list3_2018,0,325,2016-01_to_2018-05,0
292121,non_list1,excluded,direct_policy_scope_overlap,4580920,0,0.000000000000,25,24,0,us_301_list3_2018,0,325,2016-01_to_2018-05,0
292122,non_list1,excluded,insufficient_positive_pre_months|direct_policy_scope_overlap,31400,0,0.000000000000,5,24,0,us_301_list3_2018,0,325,2016-01_to_2018-05,0
292129,non_list1,excluded,direct_policy_scope_overlap,23820280,0,0.000000000000,29,24,0,us_301_list3_2018,0,325,2016-01_to_2018-05,0
292130,non_list1,excluded,direct_policy_scope_overlap,45193600,0,0.000000000000,29,24,0,us_301_list3_2018,0,325,2016-01_to_2018-05,0
292141,non_list1,excluded,insufficient_positive_pre_months|direct_policy_scope_overlap,67860697,0,0.000000000000,18,24,0,us_301_list3_2018,0,325,2016-01_to_2018-05,0
292142,non_list1,excluded,direct_policy_scope_overlap,43497226,0,0.000000000000,29,24,0,us_301_list3_2018,0,325,2016-01_to_2018-05,0
292143,non_list1,excluded,direct_policy_scope_overlap,11096154,0,0.000000000000,27,24,0,us_301_list3_2018,0,325,2016-01_to_2018-05,0
292144,non_list1,excluded,direct_policy_scope_overlap,6748262,0,0.000000000000,29,24,0,us_301_list3_2018,0,325,2016-01_to_2018-05,0
292145,non_list1,excluded,direct_policy_scope_overlap,13444345,0,0.000000000000,29,24,0,us_301_list3_2018,0,325,2016-01_to_2018-05,0
292146,non_list1,excluded,insufficient_positive_pre_months,0,0,0.000000000000,0,24,0,,0,325,2016-01_to_2018-05,0
292149,non_list1,excluded,direct_policy_scope_overlap,13662238,0,0.000000000000,29,24,0,us_301_list3_2018,0,325,2016-01_to_2018-05,0
292151,non_list1,excluded,direct_policy_scope_overlap,164275000,0,0.000000000000,29,24,0,us_301_list3_2018,0,325,2016-01_to_2018-05,0
292159,non_list1,excluded,direct_policy_scope_overlap,77088978,0,0.000000000000,29,24,0,us_301_list3_2018,0,325,2016-01_to_2018-05,0
292211,non_list1,excluded,insufficient_positive_pre_months|direct_policy_scope_overlap,121222,0,0.000000000000,13,24,0,us_301_list3_2018,0,325,2016-01_to_2018-05,0
292212,non_list1,excluded,insufficient_positive_pre_months|direct_policy_scope_overlap,2538,0,0.000000000000,1,24,0,us_301_list3_2018,0,325,2016-01_to_2018-05,0
292215,non_list1,excluded,insufficient_positive_pre_months|direct_policy_scope_overlap,2900,0,0.000000000000,1,24,0,us_301_list3_2018,0,325,2016-01_to_2018-05,0
292216,non_list1,excluded,insufficient_positive_pre_months|direct_policy_scope_overlap,0,0,0.000000000000,0,24,0,us_301_list3_2018,0,325,2016-01_to_2018-05,0
292217,non_list1,excluded,insufficient_positive_pre_months|direct_policy_scope_overlap,7857,0,0.000000000000,1,24,0,us_301_list3_2018,0,325,2016-01_to_2018-05,0
292218,non_list1,excluded,insufficient_positive_pre_months|direct_policy_scope_overlap,0,0,0.000000000000,0,24,0,us_301_list3_2018,0,325,2016-01_to_2018-05,0
292219,non_list1,excluded,insufficient_positive_pre_months,31092134,0,0.000000000000,17,24,0,,0,325,2016-01_to_2018-05,0
292221,non_list1,excluded,direct_policy_scope_overlap,4726780,0,0.000000000000,27,24,0,us_301_list3_2018,0,325,2016-01_to_2018-05,0
292229,non_list1,excluded,direct_policy_scope_overlap,40526787,0,0.000000000000,29,24,0,us_301_list3_2018,0,325,2016-01_to_2018-05,0
292231,non_list1,excluded,insufficient_positive_pre_months,0,0,0.000000000000,0,24,0,,0,325,2016-01_to_2018-05,0
292239,non_list1,excluded,direct_policy_scope_overlap,27935197,0,0.000000000000,29,24,0,us_301_list3_2018,0,325,2016-01_to_2018-05,0
292241,non_list1,control_candidate,,20206404,0,0.000000000000,29,24,0,,0,325,2016-01_to_2018-05,0
292242,non_list1,excluded,direct_policy_scope_overlap,7836081,0,0.000000000000,29,24,0,us_301_list3_2018,0,325,2016-01_to_2018-05,0
292243,non_list1,excluded,insufficient_positive_pre_months|direct_policy_scope_overlap,4000,0,0.000000000000,1,24,0,us_301_list3_2018,0,325,2016-01_to_2018-05,0
292244,non_list1,excluded,insufficient_positive_pre_months,0,0,0.000000000000,0,24,0,,0,325,2016-01_to_2018-05,0
292249,non_list1,excluded,direct_policy_scope_overlap,410641670,0,0.000000000000,29,24,0,us_301_list3_2018,0,325,2016-01_to_2018-05,0
292250,non_list1,control_candidate,,156351505,0,0.000000000000,29,24,0,,0,325,2016-01_to_2018-05,0
292310,non_list1,excluded,direct_policy_scope_overlap,18799827,0,0.000000000000,29,24,0,us_301_list3_2018,0,325,2016-01_to_2018-05,0
292320,non_list1,excluded,direct_policy_scope_overlap,9317794,0,0.000000000000,29,24,0,us_301_list3_2018,0,325,2016-01_to_2018-05,0
292330,non_list1,excluded,insufficient_positive_pre_months|direct_policy_scope_overlap,2950,0,0.000000000000,1,24,0,us_301_list3_2018,0,325,2016-01_to_2018-05,0
292390,non_list1,excluded,insufficient_positive_pre_months|direct_policy_scope_overlap,43393286,0,0.000000000000,17,24,0,us_301_list3_2018,0,325,2016-01_to_2018-05,0
292411,non_list1,excluded,insufficient_positive_pre_months,0,0,0.000000000000,0,24,0,,0,325,2016-01_to_2018-05,0
292419,non_list1,excluded,direct_policy_scope_overlap,149273702,0,0.000000000000,29,24,0,us_301_list3_2018,0,325,2016-01_to_2018-05,0
292421,non_list1,excluded,direct_policy_scope_overlap,12266852,0,0.000000000000,29,24,0,us_301_list3_2018,0,325,2016-01_to_2018-05,0
292423,non_list1,excluded,insufficient_positive_pre_months|direct_policy_scope_overlap,13000,0,0.000000000000,1,24,0,us_301_list3_2018,0,325,2016-01_to_2018-05,0
292424,non_list1,excluded,insufficient_positive_pre_months,3525,0,0.000000000000,1,24,0,,0,325,2016-01_to_2018-05,0
292425,non_list1,excluded,insufficient_positive_pre_months|direct_policy_scope_overlap,1038882,0,0.000000000000,2,24,0,us_301_list3_2018,0,325,2016-01_to_2018-05,0
292429,non_list1,excluded,insufficient_positive_pre_months|direct_policy_scope_overlap,294951094,0,0.000000000000,17,24,0,us_301_list3_2018,0,325,2016-01_to_2018-05,0
292511,non_list1,excluded,direct_policy_scope_overlap,22479126,0,0.000000000000,29,24,0,us_301_list3_2018,0,325,2016-01_to_2018-05,0
292519,non_list1,excluded,direct_policy_scope_overlap,23863626,0,0.000000000000,29,24,0,us_301_list3_2018,0,325,2016-01_to_2018-05,0
292521,non_list1,excluded,insufficient_positive_pre_months|direct_policy_scope_overlap,0,0,0.000000000000,0,24,0,us_301_list3_2018,0,325,2016-01_to_2018-05,0
292529,non_list1,excluded,direct_policy_scope_overlap,112591825,0,0.000000000000,29,24,0,us_301_list3_2018,0,325,2016-01_to_2018-05,0
292610,non_list1,excluded,insufficient_positive_pre_months|direct_policy_scope_overlap,0,0,0.000000000000,0,24,0,us_301_list3_2018,0,325,2016-01_to_2018-05,0
292620,non_list1,excluded,direct_policy_scope_overlap,32793788,0,0.000000000000,29,24,0,us_301_list3_2018,0,325,2016-01_to_2018-05,0
292630,non_list1,excluded,insufficient_positive_pre_months|direct_policy_scope_overlap,0,0,0.000000000000,0,24,0,us_301_list3_2018,0,325,2016-01_to_2018-05,0
292640,non_list1,excluded,insufficient_positive_pre_months,5674,0,0.000000000000,2,24,0,,0,325,2016-01_to_2018-05,0
292690,non_list1,excluded,insufficient_positive_pre_months|direct_policy_scope_overlap,195630443,0,0.000000000000,17,24,0,us_301_list3_2018,0,325,2016-01_to_2018-05,0
292700,non_list1,excluded,direct_policy_scope_overlap,34469011,0,0.000000000000,29,24,0,us_301_list3_2018,0,325,2016-01_to_2018-05,0
292800,non_list1,excluded,direct_policy_scope_overlap,59980005,0,0.000000000000,29,24,0,us_301_list3_2018,0,325,2016-01_to_2018-05,0
292910,non_list1,excluded,direct_policy_scope_overlap,92023145,0,0.000000000000,29,24,0,us_301_list3_2018,0,325,2016-01_to_2018-05,0
292990,non_list1,excluded,direct_policy_scope_overlap,87819170,0,0.000000000000,29,24,0,us_301_list3_2018,0,325,2016-01_to_2018-05,0
293020,non_list1,excluded,direct_policy_scope_overlap,22625144,0,0.000000000000,29,24,0,us_301_list3_2018,0,325,2016-01_to_2018-05,0
293030,non_list1,excluded,direct_policy_scope_overlap,10626152,0,0.000000000000,29,24,0,us_301_list3_2018,0,325,2016-01_to_2018-05,0
293040,non_list1,excluded,direct_policy_scope_overlap,22478767,0,0.000000000000,29,24,0,us_301_list3_2018,0,325,2016-01_to_2018-05,0
293060,non_list1,excluded,insufficient_positive_pre_months|direct_policy_scope_overlap,0,0,0.000000000000,0,24,0,us_301_list3_2018,0,325,2016-01_to_2018-05,0
293070,non_list1,excluded,insufficient_positive_pre_months,168256,0,0.000000000000,2,24,0,,0,325,2016-01_to_2018-05,0
293080,non_list1,excluded,insufficient_positive_pre_months,3861518,0,0.000000000000,9,24,0,,0,325,2016-01_to_2018-05,0
293090,non_list1,excluded,insufficient_positive_pre_months|direct_policy_scope_overlap,325164206,0,0.000000000000,17,24,0,us_301_list3_2018,0,325,2016-01_to_2018-05,0
293110,non_list1,excluded,direct_policy_scope_overlap,5629996,0,0.000000000000,26,24,0,us_301_list3_2018,0,325,2016-01_to_2018-05,0
293120,non_list1,excluded,insufficient_positive_pre_months|direct_policy_scope_overlap,465650,0,0.000000000000,14,24,0,us_301_list3_2018,0,325,2016-01_to_2018-05,0
293131,non_list1,excluded,insufficient_positive_pre_months|direct_policy_scope_overlap,0,0,0.000000000000,0,24,0,us_301_list3_2018,0,325,2016-01_to_2018-05,0
293132,non_list1,excluded,insufficient_positive_pre_months|direct_policy_scope_overlap,0,0,0.000000000000,0,24,0,us_301_list3_2018,0,325,2016-01_to_2018-05,0
293133,non_list1,excluded,insufficient_positive_pre_months,6198,0,0.000000000000,1,24,0,,0,325,2016-01_to_2018-05,0
293134,non_list1,excluded,insufficient_positive_pre_months|direct_policy_scope_overlap,0,0,0.000000000000,0,24,0,us_301_list3_2018,0,325,2016-01_to_2018-05,0
293135,non_list1,excluded,insufficient_positive_pre_months|direct_policy_scope_overlap,3050,0,0.000000000000,1,24,0,us_301_list3_2018,0,325,2016-01_to_2018-05,0
293138,non_list1,excluded,insufficient_positive_pre_months|direct_policy_scope_overlap,0,0,0.000000000000,0,24,0,us_301_list3_2018,0,325,2016-01_to_2018-05,0
293139,non_list1,excluded,insufficient_positive_pre_months,251218872,0,0.000000000000,16,24,0,,0,325,2016-01_to_2018-05,0
293190,non_list1,excluded,insufficient_positive_pre_months|direct_policy_scope_overlap,673258413,0,0.000000000000,17,24,0,us_301_list3_2018,0,325,2016-01_to_2018-05,0
293211,non_list1,excluded,direct_policy_scope_overlap,2771020,0,0.000000000000,25,24,0,us_301_list3_2018,0,325,2016-01_to_2018-05,0
293212,non_list1,excluded,direct_policy_scope_overlap,18024034,0,0.000000000000,28,24,0,us_301_list3_2018,0,325,2016-01_to_2018-05,0
293213,non_list1,excluded,insufficient_positive_pre_months|direct_policy_scope_overlap,172843,0,0.000000000000,11,24,0,us_301_list3_2018,0,325,2016-01_to_2018-05,0
293214,non_list1,excluded,insufficient_positive_pre_months,76473070,0,0.000000000000,17,24,0,,0,325,2016-01_to_2018-05,0
293219,non_list1,excluded,insufficient_positive_pre_months|direct_policy_scope_overlap,73358455,0,0.000000000000,17,24,0,us_301_list3_2018,0,325,2016-01_to_2018-05,0
293220,non_list1,control_candidate,,221089127,0,0.000000000000,29,24,0,,0,325,2016-01_to_2018-05,0
293291,non_list1,excluded,insufficient_positive_pre_months,53967,0,0.000000000000,4,24,0,,0,325,2016-01_to_2018-05,0
293293,non_list1,excluded,direct_policy_scope_overlap,14720949,0,0.000000000000,27,24,0,us_301_list3_2018,0,325,2016-01_to_2018-05,0
293294,non_list1,excluded,insufficient_positive_pre_months|direct_policy_scope_overlap,0,0,0.000000000000,0,24,0,us_301_list3_2018,0,325,2016-01_to_2018-05,0
293295,non_list1,excluded,insufficient_positive_pre_months|direct_policy_scope_overlap,638667,0,0.000000000000,7,24,0,us_301_list3_2018,0,325,2016-01_to_2018-05,0
293299,non_list1,excluded,direct_policy_scope_overlap,288184139,0,0.000000000000,29,24,0,us_301_list3_2018,0,325,2016-01_to_2018-05,0
293311,non_list1,excluded,insufficient_positive_pre_months,133075,0,0.000000000000,10,24,0,,0,325,2016-01_to_2018-05,0
293319,non_list1,excluded,direct_policy_scope_overlap,63611065,0,0.000000000000,29,24,0,us_301_list3_2018,0,325,2016-01_to_2018-05,0
293321,non_list1,excluded,direct_policy_scope_overlap,56273786,0,0.000000000000,29,24,0,us_301_list3_2018,0,325,2016-01_to_2018-05,0
293329,non_list1,excluded,direct_policy_scope_overlap,44455708,0,0.000000000000,29,24,0,us_301_list3_2018,0,325,2016-01_to_2018-05,0
293331,non_list1,excluded,direct_policy_scope_overlap,5312741,0,0.000000000000,28,24,0,us_301_list3_2018,0,325,2016-01_to_2018-05,0
293332,non_list1,excluded,insufficient_positive_pre_months|direct_policy_scope_overlap,918585,0,0.000000000000,19,24,0,us_301_list3_2018,0,325,2016-01_to_2018-05,0
293333,non_list1,excluded,insufficient_positive_pre_months,44687,0,0.000000000000,6,24,0,,0,325,2016-01_to_2018-05,0
293339,non_list1,control_candidate,,733006717,0,0.000000000000,29,24,0,,0,325,2016-01_to_2018-05,0
293341,non_list1,excluded,insufficient_positive_pre_months,0,0,0.000000000000,0,24,0,,0,325,2016-01_to_2018-05,0
293349,non_list1,control_candidate,,69600172,0,0.000000000000,29,24,0,,0,325,2016-01_to_2018-05,0
293352,non_list1,excluded,insufficient_positive_pre_months,1111745,0,0.000000000000,20,24,0,,0,325,2016-01_to_2018-05,0
293353,non_list1,excluded,insufficient_positive_pre_months,11099,0,0.000000000000,3,24,0,,0,325,2016-01_to_2018-05,0
293354,non_list1,excluded,insufficient_positive_pre_months,210007,0,0.000000000000,10,24,0,,0,325,2016-01_to_2018-05,0
293355,non_list1,excluded,insufficient_positive_pre_months,0,0,0.000000000000,0,24,0,,0,325,2016-01_to_2018-05,0
293359,non_list1,control_candidate,,307337287,0,0.000000000000,29,24,0,,0,325,2016-01_to_2018-05,0
293361,non_list1,excluded,insufficient_positive_pre_months|direct_policy_scope_overlap,205878,0,0.000000000000,8,24,0,us_301_list3_2018,0,325,2016-01_to_2018-05,0
293369,non_list1,excluded,direct_policy_scope_overlap,360374813,0,0.000000000000,29,24,0,us_301_list3_2018,0,325,2016-01_to_2018-05,0
293371,non_list1,excluded,insufficient_positive_pre_months|direct_policy_scope_overlap,382365,0,0.000000000000,4,24,0,us_301_list3_2018,0,325,2016-01_to_2018-05,0
293372,non_list1,excluded,insufficient_positive_pre_months,0,0,0.000000000000,0,24,0,,0,325,2016-01_to_2018-05,0
293379,non_list1,excluded,direct_policy_scope_overlap,88583817,0,0.000000000000,29,24,0,us_301_list3_2018,0,325,2016-01_to_2018-05,0
293391,non_list1,excluded,insufficient_positive_pre_months,223244,0,0.000000000000,7,24,0,,0,325,2016-01_to_2018-05,0
293392,non_list1,excluded,insufficient_positive_pre_months|direct_policy_scope_overlap,90876,0,0.000000000000,3,24,0,us_301_list3_2018,0,325,2016-01_to_2018-05,0
293399,non_list1,excluded,insufficient_positive_pre_months,300720430,0,0.000000000000,17,24,0,,0,325,2016-01_to_2018-05,0
293410,non_list1,excluded,direct_policy_scope_overlap,41685439,0,0.000000000000,29,24,0,us_301_list3_2018,0,325,2016-01_to_2018-05,0
293420,non_list1,excluded,direct_policy_scope_overlap,145098125,0,0.000000000000,29,24,0,us_301_list3_2018,0,325,2016-01_to_2018-05,0
293430,non_list1,excluded,insufficient_positive_pre_months,167452,0,0.000000000000,9,24,0,,0,325,2016-01_to_2018-05,0
293491,non_list1,excluded,insufficient_positive_pre_months,263904,0,0.000000000000,2,24,0,,0,325,2016-01_to_2018-05,0
293499,non_list1,control_candidate,,600954484,0,0.000000000000,29,24,0,,0,325,2016-01_to_2018-05,0
293510,non_list1,excluded,insufficient_positive_pre_months,45520,0,0.000000000000,3,24,0,,0,325,2016-01_to_2018-05,0
293550,non_list1,excluded,insufficient_positive_pre_months,136332,0,0.000000000000,2,24,0,,0,325,2016-01_to_2018-05,0
293590,non_list1,excluded,insufficient_positive_pre_months,359058055,0,0.000000000000,17,24,0,,0,325,2016-01_to_2018-05,0
293621,non_list1,control_candidate,,159843754,0,0.000000000000,29,24,0,,0,325,2016-01_to_2018-05,0
293622,non_list1,control_candidate,,180920965,0,0.000000000000,29,24,0,,0,325,2016-01_to_2018-05,0
293623,non_list1,control_candidate,,59226965,0,0.000000000000,29,24,0,,0,325,2016-01_to_2018-05,0
293624,non_list1,control_candidate,,260943075,0,0.000000000000,29,24,0,,0,325,2016-01_to_2018-05,0
293625,non_list1,control_candidate,,107393301,0,0.000000000000,29,24,0,,0,325,2016-01_to_2018-05,0
293626,non_list1,control_candidate,,178750821,0,0.000000000000,29,24,0,,0,325,2016-01_to_2018-05,0
293627,non_list1,control_candidate,,396803051,0,0.000000000000,29,24,0,,0,325,2016-01_to_2018-05,0
293628,non_list1,control_candidate,,352244017,0,0.000000000000,29,24,0,,0,325,2016-01_to_2018-05,0
293629,non_list1,control_candidate,,266068159,0,0.000000000000,29,24,0,,0,325,2016-01_to_2018-05,0
293690,non_list1,control_candidate,,99690200,0,0.000000000000,29,24,0,,0,325,2016-01_to_2018-05,0
293711,non_list1,excluded,insufficient_positive_pre_months,413962,0,0.000000000000,3,24,0,,0,325,2016-01_to_2018-05,0
293712,non_list1,excluded,insufficient_positive_pre_months,266268,0,0.000000000000,1,24,0,,0,325,2016-01_to_2018-05,0
293719,non_list1,control_candidate,,26108405,0,0.000000000000,29,24,0,,0,325,2016-01_to_2018-05,0
293721,non_list1,control_candidate,,23454068,0,0.000000000000,29,24,0,,0,325,2016-01_to_2018-05,0
293722,non_list1,excluded,insufficient_positive_pre_months,3097632,0,0.000000000000,23,24,0,,0,325,2016-01_to_2018-05,0
293723,non_list1,control_candidate,,28267155,0,0.000000000000,29,24,0,,0,325,2016-01_to_2018-05,0
293729,non_list1,control_candidate,,37333396,0,0.000000000000,29,24,0,,0,325,2016-01_to_2018-05,0
293750,non_list1,excluded,insufficient_positive_pre_months,898136,0,0.000000000000,14,24,0,,0,325,2016-01_to_2018-05,0
293790,non_list1,control_candidate,,86578334,0,0.000000000000,29,24,0,,0,325,2016-01_to_2018-05,0
293810,non_list1,control_candidate,,3885704,0,0.000000000000,28,24,0,,0,325,2016-01_to_2018-05,0
293890,non_list1,control_candidate,,273544397,0,0.000000000000,29,24,0,,0,325,2016-01_to_2018-05,0
293911,non_list1,excluded,insufficient_positive_pre_months,0,0,0.000000000000,0,24,0,,0,325,2016-01_to_2018-05,0
293919,non_list1,excluded,insufficient_positive_pre_months,1132601,0,0.000000000000,21,24,0,,0,325,2016-01_to_2018-05,0
293920,non_list1,excluded,insufficient_positive_pre_months,624996,0,0.000000000000,8,24,0,,0,325,2016-01_to_2018-05,0
293930,non_list1,control_candidate,,99013592,0,0.000000000000,29,24,0,,0,325,2016-01_to_2018-05,0
293941,non_list1,excluded,insufficient_positive_pre_months,98352,0,0.000000000000,1,24,0,,0,325,2016-01_to_2018-05,0
293942,non_list1,excluded,insufficient_positive_pre_months,37204,0,0.000000000000,5,24,0,,0,325,2016-01_to_2018-05,0
293943,non_list1,excluded,insufficient_positive_pre_months,0,0,0.000000000000,0,24,0,,0,325,2016-01_to_2018-05,0
293944,non_list1,excluded,insufficient_positive_pre_months,0,0,0.000000000000,0,24,0,,0,325,2016-01_to_2018-05,0
293949,non_list1,excluded,insufficient_positive_pre_months,28800,0,0.000000000000,4,24,0,,0,325,2016-01_to_2018-05,0
293951,non_list1,excluded,insufficient_positive_pre_months,6200,0,0.000000000000,1,24,0,,0,325,2016-01_to_2018-05,0
293959,non_list1,excluded,insufficient_positive_pre_months,305295,0,0.000000000000,19,24,0,,0,325,2016-01_to_2018-05,0
293961,non_list1,excluded,insufficient_positive_pre_months,0,0,0.000000000000,0,24,0,,0,325,2016-01_to_2018-05,0
293962,non_list1,excluded,insufficient_positive_pre_months,0,0,0.000000000000,0,24,0,,0,325,2016-01_to_2018-05,0
293963,non_list1,excluded,insufficient_positive_pre_months,0,0,0.000000000000,0,24,0,,0,325,2016-01_to_2018-05,0
293969,non_list1,excluded,insufficient_positive_pre_months,0,0,0.000000000000,0,24,0,,0,325,2016-01_to_2018-05,0
293971,non_list1,excluded,insufficient_positive_pre_months,656894,0,0.000000000000,9,24,0,,0,325,2016-01_to_2018-05,0
293979,non_list1,excluded,insufficient_positive_pre_months,9954818,0,0.000000000000,17,24,0,,0,325,2016-01_to_2018-05,0
293980,non_list1,excluded,insufficient_positive_pre_months|direct_policy_scope_overlap,570500,0,0.000000000000,17,24,0,us_301_list3_2018,0,325,2016-01_to_2018-05,0
294000,non_list1,excluded,direct_policy_scope_overlap,54605589,0,0.000000000000,29,24,0,us_301_list3_2018,0,325,2016-01_to_2018-05,0
294110,non_list1,control_candidate,,72967233,0,0.000000000000,29,24,0,,0,325,2016-01_to_2018-05,0
294120,non_list1,control_candidate,,21266086,0,0.000000000000,28,24,0,,0,325,2016-01_to_2018-05,0
294130,non_list1,control_candidate,,100923489,0,0.000000000000,29,24,0,,0,325,2016-01_to_2018-05,0
294140,non_list1,control_candidate,,4380407,0,0.000000000000,27,24,0,,0,325,2016-01_to_2018-05,0
294150,non_list1,control_candidate,,4230760,0,0.000000000000,26,24,0,,0,325,2016-01_to_2018-05,0
294190,non_list1,control_candidate,,274351207,0,0.000000000000,29,24,0,,0,325,2016-01_to_2018-05,0
294200,non_list1,excluded,direct_policy_scope_overlap,42060009,0,0.000000000000,29,24,0,us_301_list3_2018,0,325,2016-01_to_2018-05,0
300120,non_list1,excluded,insufficient_positive_pre_months,4152613,0,0.000000000000,16,24,0,,0,325,2016-01_to_2018-05,0
300190,non_list1,control_candidate,,397342040,0,0.000000000000,29,24,0,,0,325,2016-01_to_2018-05,0
300211,non_list1,excluded,insufficient_positive_pre_months,4267212,0,0.000000000000,15,24,0,,0,325,2016-01_to_2018-05,0
300212,non_list1,excluded,insufficient_positive_pre_months,78368472,0,0.000000000000,17,24,0,,0,325,2016-01_to_2018-05,0
300213,non_list1,excluded,insufficient_positive_pre_months,8323706,0,0.000000000000,13,24,0,,0,325,2016-01_to_2018-05,0
300214,non_list1,excluded,insufficient_positive_pre_months,2513620,0,0.000000000000,12,24,0,,0,325,2016-01_to_2018-05,0
300215,non_list1,excluded,insufficient_positive_pre_months,66692846,0,0.000000000000,17,24,0,,0,325,2016-01_to_2018-05,0
300219,non_list1,excluded,insufficient_positive_pre_months,8330941,0,0.000000000000,17,24,0,,0,325,2016-01_to_2018-05,0
300220,non_list1,excluded,insufficient_positive_pre_months,9520,0,0.000000000000,3,24,0,,0,325,2016-01_to_2018-05,0
300230,non_list1,excluded,insufficient_positive_pre_months,0,0,0.000000000000,0,24,0,,0,325,2016-01_to_2018-05,0
300290,non_list1,control_candidate,,19468074,0,0.000000000000,29,24,0,,0,325,2016-01_to_2018-05,0
300310,non_list1,excluded,insufficient_positive_pre_months,10252356,0,0.000000000000,20,24,0,,0,325,2016-01_to_2018-05,0
300320,non_list1,excluded,insufficient_positive_pre_months,1792512,0,0.000000000000,22,24,0,,0,325,2016-01_to_2018-05,0
300331,non_list1,excluded,insufficient_positive_pre_months,0,0,0.000000000000,0,24,0,,0,325,2016-01_to_2018-05,0
300339,non_list1,excluded,insufficient_positive_pre_months,0,0,0.000000000000,0,24,0,,0,325,2016-01_to_2018-05,0
300341,non_list1,excluded,insufficient_positive_pre_months,0,0,0.000000000000,0,24,0,,0,325,2016-01_to_2018-05,0
300342,non_list1,excluded,insufficient_positive_pre_months,0,0,0.000000000000,0,24,0,,0,325,2016-01_to_2018-05,0
300349,non_list1,excluded,insufficient_positive_pre_months,0,0,0.000000000000,0,24,0,,0,325,2016-01_to_2018-05,0
300360,non_list1,excluded,insufficient_positive_pre_months,0,0,0.000000000000,0,24,0,,0,325,2016-01_to_2018-05,0
300390,non_list1,excluded,insufficient_positive_pre_months,73755437,0,0.000000000000,17,24,0,,0,325,2016-01_to_2018-05,0
300410,non_list1,excluded,insufficient_positive_pre_months,14270388,0,0.000000000000,22,24,0,,0,325,2016-01_to_2018-05,0
300420,non_list1,control_candidate,,60804349,0,0.000000000000,29,24,0,,0,325,2016-01_to_2018-05,0
300431,non_list1,excluded,insufficient_positive_pre_months,72060,0,0.000000000000,3,24,0,,0,325,2016-01_to_2018-05,0
300432,non_list1,excluded,insufficient_positive_pre_months,29514680,0,0.000000000000,16,24,0,,0,325,2016-01_to_2018-05,0
300439,non_list1,excluded,insufficient_positive_pre_months,12279729,0,0.000000000000,5,24,0,,0,325,2016-01_to_2018-05,0
300441,non_list1,excluded,insufficient_positive_pre_months,0,0,0.000000000000,0,24,0,,0,325,2016-01_to_2018-05,0
300442,non_list1,excluded,insufficient_positive_pre_months,0,0,0.000000000000,0,24,0,,0,325,2016-01_to_2018-05,0
300449,non_list1,excluded,insufficient_positive_pre_months,18595602,0,0.000000000000,17,24,0,,0,325,2016-01_to_2018-05,0
300450,non_list1,control_candidate,,1726761,0,0.000000000000,27,24,0,,0,325,2016-01_to_2018-05,0
300460,non_list1,excluded,insufficient_positive_pre_months,0,0,0.000000000000,0,24,0,,0,325,2016-01_to_2018-05,0
300490,non_list1,excluded,insufficient_positive_pre_months,527104842,0,0.000000000000,17,24,0,,0,325,2016-01_to_2018-05,0
300510,non_list1,control_candidate,,306266702,0,0.000000000000,29,24,0,,0,339,2016-01_to_2018-05,0
300590,non_list1,control_candidate,,662299441,0,0.000000000000,29,24,0,,0,339,2016-01_to_2018-05,0
300610,non_list1,excluded,insufficient_positive_pre_months,1446772,0,0.000000000000,22,24,0,,0,339,2016-01_to_2018-05,0
300620,non_list1,excluded,insufficient_positive_pre_months,325303,0,0.000000000000,16,24,0,,0,325,2016-01_to_2018-05,0
300630,non_list1,control_candidate,,576806658,0,0.000000000000,29,24,0,,0,325,2016-01_to_2018-05,0
300640,non_list1,control_candidate,,9491099,0,0.000000000000,29,24,0,,0,339,2016-01_to_2018-05,0
300650,non_list1,control_candidate,,60153949,0,0.000000000000,29,24,0,,0,339,2016-01_to_2018-05,0
300660,non_list1,control_candidate,,103080778,0,0.000000000000,29,24,0,,0,325,2016-01_to_2018-05,0
300670,non_list1,control_candidate,,9983902,0,0.000000000000,29,24,0,,0,325,2016-01_to_2018-05,0
300691,non_list1,excluded,insufficient_positive_pre_months,742462,0,0.000000000000,18,24,0,,0,339,2016-01_to_2018-05,0
300692,non_list1,excluded,insufficient_positive_pre_months,329160,0,0.000000000000,18,24,0,,0,325,2016-01_to_2018-05,0
310100,non_list1,excluded,direct_policy_scope_overlap,5131879,0,0.000000000000,28,24,0,us_301_list3_2018,0,325,2016-01_to_2018-05,0
310210,non_list1,excluded,direct_policy_scope_overlap,226096451,0,0.000000000000,29,24,0,us_301_list3_2018,0,325,2016-01_to_2018-05,0
310221,non_list1,excluded,insufficient_positive_pre_months|direct_policy_scope_overlap,26391672,0,0.000000000000,15,24,0,us_301_list3_2018,0,325,2016-01_to_2018-05,0
310229,non_list1,excluded,insufficient_positive_pre_months|direct_policy_scope_overlap,2300230,0,0.000000000000,16,24,0,us_301_list3_2018,0,325,2016-01_to_2018-05,0
310230,non_list1,excluded,direct_policy_scope_overlap,9688362,0,0.000000000000,29,24,0,us_301_list3_2018,0,325,2016-01_to_2018-05,0
310240,non_list1,excluded,insufficient_positive_pre_months|direct_policy_scope_overlap,326008,0,0.000000000000,5,24,0,us_301_list3_2018,0,325,2016-01_to_2018-05,0
310250,non_list1,excluded,direct_policy_scope_overlap,2656634,0,0.000000000000,28,24,0,us_301_list3_2018,0,325,2016-01_to_2018-05,0
310260,non_list1,excluded,direct_policy_scope_overlap,1870779,0,0.000000000000,28,24,0,us_301_list3_2018,0,325,2016-01_to_2018-05,0
310280,non_list1,excluded,insufficient_positive_pre_months|direct_policy_scope_overlap,53940040,0,0.000000000000,10,24,0,us_301_list3_2018,0,325,2016-01_to_2018-05,0
310290,non_list1,excluded,direct_policy_scope_overlap,4303108,0,0.000000000000,29,24,0,us_301_list3_2018,0,325,2016-01_to_2018-05,0
310311,non_list1,excluded,insufficient_positive_pre_months|direct_policy_scope_overlap,0,0,0.000000000000,0,24,0,us_301_list3_2018,0,325,2016-01_to_2018-05,0
310319,non_list1,excluded,insufficient_positive_pre_months|direct_policy_scope_overlap,0,0,0.000000000000,0,24,0,us_301_list3_2018,0,325,2016-01_to_2018-05,0
310390,non_list1,excluded,insufficient_positive_pre_months|direct_policy_scope_overlap,707932,0,0.000000000000,20,24,0,us_301_list3_2018,0,325,2016-01_to_2018-05,0
310420,non_list1,excluded,direct_policy_scope_overlap,557129,0,0.000000000000,26,24,0,us_301_list3_2018,0,325,2016-01_to_2018-05,0
310430,non_list1,excluded,insufficient_positive_pre_months|direct_policy_scope_overlap,597345,0,0.000000000000,13,24,0,us_301_list3_2018,0,325,2016-01_to_2018-05,0
310490,non_list1,excluded,direct_policy_scope_overlap,986369,0,0.000000000000,26,24,0,us_301_list3_2018,0,325,2016-01_to_2018-05,0
310510,non_list1,excluded,direct_policy_scope_overlap,9765118,0,0.000000000000,29,24,0,us_301_list3_2018,0,325,2016-01_to_2018-05,0
310520,non_list1,excluded,direct_policy_scope_overlap,2493751,0,0.000000000000,24,24,0,us_301_list3_2018,0,325,2016-01_to_2018-05,0
310530,non_list1,excluded,direct_policy_scope_overlap,44074356,0,0.000000000000,29,24,0,us_301_list3_2018,0,325,2016-01_to_2018-05,0
310540,non_list1,excluded,direct_policy_scope_overlap,21851080,0,0.000000000000,29,24,0,us_301_list3_2018,0,325,2016-01_to_2018-05,0
310551,non_list1,excluded,insufficient_positive_pre_months|direct_policy_scope_overlap,6728563,0,0.000000000000,20,24,0,us_301_list3_2018,0,325,2016-01_to_2018-05,0
310559,non_list1,excluded,insufficient_positive_pre_months|direct_policy_scope_overlap,0,0,0.000000000000,0,24,0,us_301_list3_2018,0,325,2016-01_to_2018-05,0
310560,non_list1,excluded,insufficient_positive_pre_months|direct_policy_scope_overlap,764397,0,0.000000000000,19,24,0,us_301_list3_2018,0,325,2016-01_to_2018-05,0
310590,non_list1,excluded,direct_policy_scope_overlap,14592598,0,0.000000000000,29,24,0,us_301_list3_2018,0,325,2016-01_to_2018-05,0
320110,non_list1,excluded,insufficient_positive_pre_months|direct_policy_scope_overlap,385680,0,0.000000000000,4,24,0,us_301_list3_2018,0,325,2016-01_to_2018-05,0
320120,non_list1,excluded,insufficient_positive_pre_months|direct_policy_scope_overlap,45902,0,0.000000000000,1,24,0,us_301_list3_2018,0,325,2016-01_to_2018-05,0
320190,non_list1,excluded,insufficient_positive_pre_months|direct_policy_scope_overlap,1751596,0,0.000000000000,20,24,0,us_301_list3_2018,0,325,2016-01_to_2018-05,0
320210,non_list1,excluded,insufficient_positive_pre_months|direct_policy_scope_overlap,297073,0,0.000000000000,17,24,0,us_301_list3_2018,0,325,2016-01_to_2018-05,0
320290,non_list1,excluded,insufficient_positive_pre_months|direct_policy_scope_overlap,186392,0,0.000000000000,14,24,0,us_301_list3_2018,0,325,2016-01_to_2018-05,0
320300,non_list1,excluded,direct_policy_scope_overlap,43336764,0,0.000000000000,29,24,0,us_301_list3_2018,0,325,2016-01_to_2018-05,0
320411,non_list1,excluded,direct_policy_scope_overlap,39346905,0,0.000000000000,29,24,0,us_301_list3_2018,0,325,2016-01_to_2018-05,0
320412,non_list1,excluded,direct_policy_scope_overlap,24625761,0,0.000000000000,29,24,0,us_301_list3_2018,0,325,2016-01_to_2018-05,0
320413,non_list1,excluded,direct_policy_scope_overlap,13271377,0,0.000000000000,29,24,0,us_301_list3_2018,0,325,2016-01_to_2018-05,0
320414,non_list1,excluded,direct_policy_scope_overlap,3747410,0,0.000000000000,29,24,0,us_301_list3_2018,0,325,2016-01_to_2018-05,0
320415,non_list1,excluded,direct_policy_scope_overlap,21243626,0,0.000000000000,29,24,0,us_301_list3_2018,0,325,2016-01_to_2018-05,0
320416,non_list1,excluded,direct_policy_scope_overlap,7918945,0,0.000000000000,29,24,0,us_301_list3_2018,0,325,2016-01_to_2018-05,0
320417,non_list1,excluded,direct_policy_scope_overlap,304100174,0,0.000000000000,29,24,0,us_301_list3_2018,0,325,2016-01_to_2018-05,0
320419,non_list1,excluded,direct_policy_scope_overlap,81026630,0,0.000000000000,29,24,0,us_301_list3_2018,0,325,2016-01_to_2018-05,0
320420,non_list1,excluded,direct_policy_scope_overlap,18046611,0,0.000000000000,29,24,0,us_301_list3_2018,0,325,2016-01_to_2018-05,0
320490,non_list1,excluded,direct_policy_scope_overlap,4647497,0,0.000000000000,29,24,0,us_301_list3_2018,0,325,2016-01_to_2018-05,0
320500,non_list1,excluded,insufficient_positive_pre_months|direct_policy_scope_overlap,411256,0,0.000000000000,11,24,0,us_301_list3_2018,0,325,2016-01_to_2018-05,0
320611,non_list1,excluded,direct_policy_scope_overlap,205108723,0,0.000000000000,29,24,0,us_301_list3_2018,0,325,2016-01_to_2018-05,0
320619,non_list1,excluded,direct_policy_scope_overlap,16559055,0,0.000000000000,29,24,0,us_301_list3_2018,0,325,2016-01_to_2018-05,0
320620,non_list1,excluded,insufficient_positive_pre_months|direct_policy_scope_overlap,1494109,0,0.000000000000,20,24,0,us_301_list3_2018,0,325,2016-01_to_2018-05,0
320641,non_list1,excluded,direct_policy_scope_overlap,1138524,0,0.000000000000,25,24,0,us_301_list3_2018,0,325,2016-01_to_2018-05,0
320642,non_list1,excluded,insufficient_positive_pre_months|direct_policy_scope_overlap,1946751,0,0.000000000000,22,24,0,us_301_list3_2018,0,325,2016-01_to_2018-05,0
320649,non_list1,excluded,direct_policy_scope_overlap,75234909,0,0.000000000000,29,24,0,us_301_list3_2018,0,325,2016-01_to_2018-05,0
320650,non_list1,excluded,direct_policy_scope_overlap,22864729,0,0.000000000000,29,24,0,us_301_list3_2018,0,325,2016-01_to_2018-05,0
320710,non_list1,excluded,direct_policy_scope_overlap,15994776,0,0.000000000000,29,24,0,us_301_list3_2018,0,325,2016-01_to_2018-05,0
320720,non_list1,excluded,direct_policy_scope_overlap,850723,0,0.000000000000,24,24,0,us_301_list3_2018,0,325,2016-01_to_2018-05,0
320730,non_list1,excluded,insufficient_positive_pre_months|direct_policy_scope_overlap,2176856,0,0.000000000000,11,24,0,us_301_list3_2018,0,325,2016-01_to_2018-05,0
320740,non_list1,excluded,direct_policy_scope_overlap,1221217,0,0.000000000000,29,24,0,us_301_list3_2018,0,325,2016-01_to_2018-05,0
320810,non_list1,excluded,insufficient_positive_pre_months|direct_policy_scope_overlap,1144347,0,0.000000000000,13,24,0,us_301_list3_2018,0,325,2016-01_to_2018-05,0
320820,non_list1,excluded,direct_policy_scope_overlap,36208228,0,0.000000000000,29,24,0,us_301_list3_2018,0,325,2016-01_to_2018-05,0
320890,non_list1,excluded,direct_policy_scope_overlap,3786969,0,0.000000000000,29,24,0,us_301_list3_2018,0,325,2016-01_to_2018-05,0
320910,non_list1,excluded,direct_policy_scope_overlap,2441462,0,0.000000000000,29,24,0,us_301_list3_2018,0,325,2016-01_to_2018-05,0
320990,non_list1,excluded,direct_policy_scope_overlap,681474,0,0.000000000000,27,24,0,us_301_list3_2018,0,325,2016-01_to_2018-05,0
321000,non_list1,excluded,direct_policy_scope_overlap,1037962,0,0.000000000000,29,24,0,us_301_list3_2018,0,325,2016-01_to_2018-05,0
321100,non_list1,excluded,insufficient_positive_pre_months|direct_policy_scope_overlap,68152,0,0.000000000000,2,24,0,us_301_list3_2018,0,325,2016-01_to_2018-05,0
321210,non_list1,excluded,direct_policy_scope_overlap,13156631,0,0.000000000000,29,24,0,us_301_list3_2018,0,332,2016-01_to_2018-05,0
321290,non_list1,excluded,direct_policy_scope_overlap,70639530,0,0.000000000000,29,24,0,us_301_list3_2018,0,325,2016-01_to_2018-05,0
321310,non_list1,excluded,direct_policy_scope_overlap,101559816,0,0.000000000000,29,24,0,us_301_list3_2018,0,339,2016-01_to_2018-05,0
321390,non_list1,excluded,direct_policy_scope_overlap,75256256,0,0.000000000000,29,24,0,us_301_list3_2018,0,339,2016-01_to_2018-05,0
321410,non_list1,excluded,direct_policy_scope_overlap,6910631,0,0.000000000000,29,24,0,us_301_list3_2018,0,325,2016-01_to_2018-05,0
321490,non_list1,excluded,direct_policy_scope_overlap,1890828,0,0.000000000000,29,24,0,us_301_list3_2018,0,325,2016-01_to_2018-05,0
321511,non_list1,excluded,direct_policy_scope_overlap,2406212,0,0.000000000000,29,24,0,us_301_list3_2018,0,325,2016-01_to_2018-05,0
321519,non_list1,excluded,direct_policy_scope_overlap,12066103,0,0.000000000000,29,24,0,us_301_list3_2018,0,325,2016-01_to_2018-05,0
321590,non_list1,excluded,direct_policy_scope_overlap,9629467,0,0.000000000000,29,24,0,us_301_list3_2018,0,325,2016-01_to_2018-05,0
330112,non_list1,control_candidate,,512604,0,0.000000000000,26,24,0,,0,325,2016-01_to_2018-05,0
330113,non_list1,excluded,insufficient_positive_pre_months|direct_policy_scope_overlap,4748880,0,0.000000000000,22,24,0,us_301_list3_2018,0,325,2016-01_to_2018-05,0
330119,non_list1,excluded,insufficient_positive_pre_months,646060,0,0.000000000000,22,24,0,,0,325,2016-01_to_2018-05,0
330124,non_list1,control_candidate,,621499,0,0.000000000000,26,24,0,,0,325,2016-01_to_2018-05,0
330125,non_list1,control_candidate,,15671790,0,0.000000000000,29,24,0,,0,325,2016-01_to_2018-05,0
330129,non_list1,control_candidate,,179129049,0,0.000000000000,29,24,0,,0,325,2016-01_to_2018-05,0
330130,non_list1,excluded,insufficient_positive_pre_months,54603,0,0.000000000000,8,24,0,,0,325,2016-01_to_2018-05,0
330190,non_list1,control_candidate,,10441175,0,0.000000000000,29,24,0,,0,325,2016-01_to_2018-05,0
330210,non_list1,control_candidate,,22225427,0,0.000000000000,29,24,0,,0,325,2016-01_to_2018-05,0
330290,non_list1,excluded,direct_policy_scope_overlap,157176503,0,0.000000000000,29,24,0,us_301_list3_2018,0,325,2016-01_to_2018-05,0
330300,non_list1,excluded,direct_policy_scope_overlap,123197408,0,0.000000000000,29,24,0,us_301_list3_2018,0,325,2016-01_to_2018-05,0
330410,non_list1,excluded,direct_policy_scope_overlap,592317840,0,0.000000000000,29,24,0,us_301_list3_2018,0,325,2016-01_to_2018-05,0
330420,non_list1,excluded,direct_policy_scope_overlap,633658281,0,0.000000000000,29,24,0,us_301_list3_2018,0,325,2016-01_to_2018-05,0
330430,non_list1,excluded,direct_policy_scope_overlap,157582596,0,0.000000000000,29,24,0,us_301_list3_2018,0,325,2016-01_to_2018-05,0
330491,non_list1,excluded,direct_policy_scope_overlap,379711052,0,0.000000000000,29,24,0,us_301_list3_2018,0,325,2016-01_to_2018-05,0
330499,non_list1,excluded,direct_policy_scope_overlap,586184572,0,0.000000000000,29,24,0,us_301_list3_2018,0,325,2016-01_to_2018-05,0
330510,non_list1,excluded,direct_policy_scope_overlap,55860357,0,0.000000000000,29,24,0,us_301_list3_2018,0,325,2016-01_to_2018-05,0
330520,non_list1,excluded,insufficient_positive_pre_months|direct_policy_scope_overlap,340471,0,0.000000000000,13,24,0,us_301_list3_2018,0,325,2016-01_to_2018-05,0
330530,non_list1,excluded,direct_policy_scope_overlap,12006945,0,0.000000000000,29,24,0,us_301_list3_2018,0,325,2016-01_to_2018-05,0
330590,non_list1,excluded,direct_policy_scope_overlap,78052324,0,0.000000000000,29,24,0,us_301_list3_2018,0,325,2016-01_to_2018-05,0
330610,non_list1,control_candidate,,7953993,0,0.000000000000,29,24,0,,0,325,2016-01_to_2018-05,0
330620,non_list1,control_candidate,,146761865,0,0.000000000000,29,24,0,,0,325,2016-01_to_2018-05,0
330690,non_list1,excluded,direct_policy_scope_overlap,10041992,0,0.000000000000,29,24,0,us_301_list3_2018,0,325,2016-01_to_2018-05,0
330710,non_list1,excluded,direct_policy_scope_overlap,19299541,0,0.000000000000,29,24,0,us_301_list3_2018,0,325,2016-01_to_2018-05,0
330720,non_list1,excluded,direct_policy_scope_overlap,10668748,0,0.000000000000,29,24,0,us_301_list3_2018,0,325,2016-01_to_2018-05,0
330730,non_list1,excluded,direct_policy_scope_overlap,93719377,0,0.000000000000,29,24,0,us_301_list3_2018,0,325,2016-01_to_2018-05,0
330741,non_list1,excluded,direct_policy_scope_overlap,10806458,0,0.000000000000,29,24,0,us_301_list3_2018,0,325,2016-01_to_2018-05,0
330749,non_list1,excluded,direct_policy_scope_overlap,216263720,0,0.000000000000,29,24,0,us_301_list3_2018,0,325,2016-01_to_2018-05,0
330790,non_list1,excluded,direct_policy_scope_overlap,99513796,0,0.000000000000,29,24,0,us_301_list3_2018,0,325,2016-01_to_2018-05,0
340111,non_list1,excluded,direct_policy_scope_overlap,101995764,0,0.000000000000,29,24,0,us_301_list3_2018,0,325,2016-01_to_2018-05,0
340119,non_list1,control_candidate,,152161461,0,0.000000000000,29,24,0,,0,325,2016-01_to_2018-05,0
340120,non_list1,excluded,direct_policy_scope_overlap,33583821,0,0.000000000000,29,24,0,us_301_list3_2018,0,325,2016-01_to_2018-05,0
340130,non_list1,excluded,direct_policy_scope_overlap,127738384,0,0.000000000000,29,24,0,us_301_list3_2018,0,325,2016-01_to_2018-05,0
340211,non_list1,excluded,direct_policy_scope_overlap,18789084,0,0.000000000000,29,24,0,us_301_list3_2018,0,325,2016-01_to_2018-05,0
340212,non_list1,excluded,direct_policy_scope_overlap,16591906,0,0.000000000000,29,24,0,us_301_list3_2018,0,325,2016-01_to_2018-05,0
340213,non_list1,excluded,direct_policy_scope_overlap,24785384,0,0.000000000000,29,24,0,us_301_list3_2018,0,325,2016-01_to_2018-05,0
340219,non_list1,excluded,direct_policy_scope_overlap,2759411,0,0.000000000000,29,24,0,us_301_list3_2018,0,325,2016-01_to_2018-05,0
340220,non_list1,excluded,direct_policy_scope_overlap,128683210,0,0.000000000000,29,24,0,us_301_list3_2018,0,325,2016-01_to_2018-05,0
340290,non_list1,excluded,direct_policy_scope_overlap,29742640,0,0.000000000000,29,24,0,us_301_list3_2018,0,325,2016-01_to_2018-05,0
340311,non_list1,excluded,insufficient_positive_pre_months|direct_policy_scope_overlap,178971,0,0.000000000000,7,24,0,us_301_list3_2018,0,325,2016-01_to_2018-05,0
340319,non_list1,excluded,direct_policy_scope_overlap,2145467,0,0.000000000000,29,24,0,us_301_list2_2018,0,325,2016-01_to_2018-05,0
340391,non_list1,excluded,direct_policy_scope_overlap,1428746,0,0.000000000000,25,24,0,us_301_list3_2018,0,325,2016-01_to_2018-05,0
340399,non_list1,excluded,direct_policy_scope_overlap,8783654,0,0.000000000000,29,24,0,us_301_list2_2018,0,325,2016-01_to_2018-05,0
340420,non_list1,excluded,direct_policy_scope_overlap,1493799,0,0.000000000000,28,24,0,us_301_list3_2018,0,325,2016-01_to_2018-05,0
340490,non_list1,excluded,direct_policy_scope_overlap,24604103,0,0.000000000000,29,24,0,us_301_list3_2018,0,325,2016-01_to_2018-05,0
340510,non_list1,excluded,direct_policy_scope_overlap,9394057,0,0.000000000000,29,24,0,us_301_list3_2018,0,325,2016-01_to_2018-05,0
340520,non_list1,excluded,direct_policy_scope_overlap,5827399,0,0.000000000000,29,24,0,us_301_list3_2018,0,325,2016-01_to_2018-05,0
340530,non_list1,excluded,insufficient_positive_pre_months|direct_policy_scope_overlap,550859,0,0.000000000000,20,24,0,us_301_list3_2018,0,325,2016-01_to_2018-05,0
340540,non_list1,excluded,insufficient_positive_pre_months|direct_policy_scope_overlap,333775,0,0.000000000000,23,24,0,us_301_list3_2018,0,325,2016-01_to_2018-05,0
340590,non_list1,excluded,direct_policy_scope_overlap,3446012,0,0.000000000000,29,24,0,us_301_list3_2018,0,325,2016-01_to_2018-05,0
340600,non_list1,control_candidate,,87386333,0,0.000000000000,29,24,0,,0,339,2016-01_to_2018-05,0
340700,non_list1,control_candidate,,326159809,0,0.000000000000,29,24,0,,0,339,2016-01_to_2018-05,0
350110,non_list1,excluded,insufficient_positive_pre_months,517000,0,0.000000000000,5,24,0,,0,311,2016-01_to_2018-05,0
350190,non_list1,excluded,insufficient_positive_pre_months,0,0,0.000000000000,0,24,0,,0,325,2016-01_to_2018-05,0
350211,non_list1,excluded,insufficient_positive_pre_months|direct_policy_scope_overlap,102477,0,0.000000000000,2,24,0,us_301_list3_2018,0,311,2016-01_to_2018-05,0
350219,non_list1,excluded,insufficient_positive_pre_months,0,0,0.000000000000,0,24,0,,0,311,2016-01_to_2018-05,0
350220,non_list1,excluded,insufficient_positive_pre_months,0,0,0.000000000000,0,24,0,,0,311,2016-01_to_2018-05,0
350290,non_list1,excluded,direct_policy_scope_overlap,666676,0,0.000000000000,29,24,0,us_301_list3_2018,0,325,2016-01_to_2018-05,0
350300,non_list1,control_candidate,,39302595,0,0.000000000000,29,24,0,,0,325,2016-01_to_2018-05,0
350400,non_list1,control_candidate,,142707422,0,0.000000000000,29,24,0,,0,311|325,2016-01_to_2018-05,0
350510,non_list1,control_candidate,,50785528,0,0.000000000000,29,24,0,,0,311,2016-01_to_2018-05,0
350520,non_list1,excluded,insufficient_positive_pre_months,303035,0,0.000000000000,22,24,0,,0,325,2016-01_to_2018-05,0
350610,non_list1,excluded,direct_policy_scope_overlap,192946626,0,0.000000000000,29,24,0,us_301_list3_2018,0,325,2016-01_to_2018-05,0
350691,non_list1,excluded,direct_policy_scope_overlap,22034225,0,0.000000000000,29,24,0,us_301_list3_2018,0,325,2016-01_to_2018-05,0
350699,non_list1,excluded,direct_policy_scope_overlap,19835387,0,0.000000000000,29,24,0,us_301_list3_2018,0,325,2016-01_to_2018-05,0
350710,non_list1,excluded,insufficient_positive_pre_months|direct_policy_scope_overlap,5000,0,0.000000000000,1,24,0,us_301_list3_2018,0,325,2016-01_to_2018-05,0
350790,non_list1,excluded,direct_policy_scope_overlap,318284439,0,0.000000000000,29,24,0,us_301_list3_2018,0,325,2016-01_to_2018-05,0
360100,non_list1,excluded,insufficient_positive_pre_months,2308525,0,0.000000000000,8,24,0,,0,325,2016-01_to_2018-05,0
360200,non_list1,control_candidate,,33201072,0,0.000000000000,29,24,0,,0,325,2016-01_to_2018-05,0
360300,non_list1,control_candidate,,2096193,0,0.000000000000,28,24,0,,0,325,2016-01_to_2018-05,0
360410,non_list1,control_candidate,,732633959,0,0.000000000000,29,24,0,,0,325,2016-01_to_2018-05,0
360490,non_list1,control_candidate,,23000592,0,0.000000000000,29,24,0,,0,325,2016-01_to_2018-05,0
360500,non_list1,control_candidate,,4095538,0,0.000000000000,29,24,0,,0,325,2016-01_to_2018-05,0
360610,non_list1,excluded,direct_policy_scope_overlap,7879195,0,0.000000000000,29,24,0,us_301_list3_2018,0,325,2016-01_to_2018-05,0
360690,non_list1,control_candidate,,6039625,0,0.000000000000,29,24,0,,0,325,2016-01_to_2018-05,0
370110,non_list1,excluded,insufficient_positive_pre_months|direct_policy_scope_overlap,105127,0,0.000000000000,3,24,0,us_301_list3_2018,0,325,2016-01_to_2018-05,0
370120,non_list1,excluded,insufficient_positive_pre_months|direct_policy_scope_overlap,1083210,0,0.000000000000,23,24,0,us_301_list3_2018,0,325,2016-01_to_2018-05,0
370130,non_list1,excluded,direct_policy_scope_overlap,3432683,0,0.000000000000,29,24,0,us_301_list3_2018,0,325,2016-01_to_2018-05,0
370191,non_list1,excluded,insufficient_positive_pre_months|direct_policy_scope_overlap,217627,0,0.000000000000,5,24,0,us_301_list3_2018,0,325,2016-01_to_2018-05,0
370199,non_list1,excluded,direct_policy_scope_overlap,4227932,0,0.000000000000,28,24,0,us_301_list3_2018,0,325,2016-01_to_2018-05,0
370210,non_list1,excluded,insufficient_positive_pre_months|direct_policy_scope_overlap,0,0,0.000000000000,0,24,0,us_301_list3_2018,0,325,2016-01_to_2018-05,0
370231,non_list1,excluded,insufficient_positive_pre_months|direct_policy_scope_overlap,63960,0,0.000000000000,6,24,0,us_301_list3_2018,0,325,2016-01_to_2018-05,0
370232,non_list1,excluded,insufficient_positive_pre_months|direct_policy_scope_overlap,9250,0,0.000000000000,1,24,0,us_301_list3_2018,0,325,2016-01_to_2018-05,0
370239,non_list1,excluded,direct_policy_scope_overlap,469458,0,0.000000000000,27,24,0,us_301_list3_2018,0,325,2016-01_to_2018-05,0
370241,non_list1,excluded,insufficient_positive_pre_months|direct_policy_scope_overlap,63233,0,0.000000000000,1,24,0,us_301_list3_2018,0,325,2016-01_to_2018-05,0
370242,non_list1,excluded,direct_policy_scope_overlap,8330915,0,0.000000000000,29,24,0,us_301_list3_2018,0,325,2016-01_to_2018-05,0
370243,non_list1,excluded,insufficient_positive_pre_months|direct_policy_scope_overlap,0,0,0.000000000000,0,24,0,us_301_list3_2018,0,325,2016-01_to_2018-05,0
370244,non_list1,excluded,direct_policy_scope_overlap,10395664,0,0.000000000000,29,24,0,us_301_list3_2018,0,325,2016-01_to_2018-05,0
370252,non_list1,excluded,insufficient_positive_pre_months|direct_policy_scope_overlap,0,0,0.000000000000,0,24,0,us_301_list3_2018,0,325,2016-01_to_2018-05,0
370253,non_list1,excluded,insufficient_positive_pre_months|direct_policy_scope_overlap,2509,0,0.000000000000,1,24,0,us_301_list3_2018,0,325,2016-01_to_2018-05,0
370254,non_list1,excluded,insufficient_positive_pre_months|direct_policy_scope_overlap,33585,0,0.000000000000,8,24,0,us_301_list3_2018,0,325,2016-01_to_2018-05,0
370255,non_list1,excluded,insufficient_positive_pre_months|direct_policy_scope_overlap,0,0,0.000000000000,0,24,0,us_301_list3_2018,0,325,2016-01_to_2018-05,0
370256,non_list1,excluded,insufficient_positive_pre_months|direct_policy_scope_overlap,117133,0,0.000000000000,13,24,0,us_301_list3_2018,0,325,2016-01_to_2018-05,0
370296,non_list1,excluded,insufficient_positive_pre_months|direct_policy_scope_overlap,24189,0,0.000000000000,2,24,0,us_301_list3_2018,0,325,2016-01_to_2018-05,0
370297,non_list1,excluded,insufficient_positive_pre_months|direct_policy_scope_overlap,22550,0,0.000000000000,1,24,0,us_301_list3_2018,0,325,2016-01_to_2018-05,0
370298,non_list1,excluded,insufficient_positive_pre_months|direct_policy_scope_overlap,1042567,0,0.000000000000,18,24,0,us_301_list3_2018,0,325,2016-01_to_2018-05,0
370310,non_list1,excluded,insufficient_positive_pre_months|direct_policy_scope_overlap,385132,0,0.000000000000,15,24,0,us_301_list3_2018,0,325,2016-01_to_2018-05,0
370320,non_list1,excluded,insufficient_positive_pre_months|direct_policy_scope_overlap,19780,0,0.000000000000,1,24,0,us_301_list3_2018,0,325,2016-01_to_2018-05,0
370390,non_list1,excluded,insufficient_positive_pre_months|direct_policy_scope_overlap,54310,0,0.000000000000,7,24,0,us_301_list3_2018,0,325,2016-01_to_2018-05,0
370400,non_list1,excluded,direct_policy_scope_overlap,17820521,0,0.000000000000,29,24,0,us_301_list3_2018,0,990,2016-01_to_2018-05,0
370500,non_list1,excluded,insufficient_positive_pre_months|direct_policy_scope_overlap,192705,0,0.000000000000,5,24,0,us_301_list3_2018,0,990,2016-01_to_2018-05,0
370610,non_list1,excluded,insufficient_positive_pre_months|direct_policy_scope_overlap,16175,0,0.000000000000,2,24,0,us_301_list3_2018,0,990,2016-01_to_2018-05,0
370690,non_list1,excluded,insufficient_positive_pre_months|direct_policy_scope_overlap,0,0,0.000000000000,0,24,0,us_301_list3_2018,0,990,2016-01_to_2018-05,0
370710,non_list1,excluded,insufficient_positive_pre_months|direct_policy_scope_overlap,1324371,0,0.000000000000,23,24,0,us_301_list3_2018,0,325,2016-01_to_2018-05,0
370790,non_list1,excluded,direct_policy_scope_overlap,32162515,0,0.000000000000,29,24,0,us_301_list3_2018,0,325,2016-01_to_2018-05,0
380110,non_list1,excluded,direct_policy_scope_overlap,112475273,0,0.000000000000,29,24,0,us_301_list3_2018,0,327,2016-01_to_2018-05,0
380120,non_list1,excluded,insufficient_positive_pre_months|direct_policy_scope_overlap,810381,0,0.000000000000,20,24,0,us_301_list3_2018,0,335,2016-01_to_2018-05,0
380130,non_list1,excluded,insufficient_positive_pre_months|direct_policy_scope_overlap,2018488,0,0.000000000000,17,24,0,us_301_list3_2018,0,335,2016-01_to_2018-05,0
380190,non_list1,excluded,direct_policy_scope_overlap,3842469,0,0.000000000000,29,24,0,us_301_list3_2018,0,335,2016-01_to_2018-05,0
380210,non_list1,excluded,direct_policy_scope_overlap,48327598,0,0.000000000000,29,24,0,us_301_list3_2018,0,325,2016-01_to_2018-05,0
380290,non_list1,excluded,direct_policy_scope_overlap,1023396,0,0.000000000000,27,24,0,us_301_list3_2018,0,325|327,2016-01_to_2018-05,0
380300,non_list1,excluded,insufficient_positive_pre_months|direct_policy_scope_overlap,4655,0,0.000000000000,1,24,0,us_301_list3_2018,0,325,2016-01_to_2018-05,0
380400,non_list1,excluded,insufficient_positive_pre_months|direct_policy_scope_overlap,597180,0,0.000000000000,20,24,0,us_301_list3_2018,0,322,2016-01_to_2018-05,0
380510,non_list1,excluded,insufficient_positive_pre_months|direct_policy_scope_overlap,18890,0,0.000000000000,1,24,0,us_301_list3_2018,0,325,2016-01_to_2018-05,0
380590,non_list1,excluded,insufficient_positive_pre_months|direct_policy_scope_overlap,177555,0,0.000000000000,6,24,0,us_301_list3_2018,0,325,2016-01_to_2018-05,0
380610,non_list1,excluded,direct_policy_scope_overlap,24728251,0,0.000000000000,29,24,0,us_301_list3_2018,0,325,2016-01_to_2018-05,0
380620,non_list1,excluded,insufficient_positive_pre_months|direct_policy_scope_overlap,134643,0,0.000000000000,6,24,0,us_301_list3_2018,0,325,2016-01_to_2018-05,0
380630,non_list1,excluded,direct_policy_scope_overlap,9003197,0,0.000000000000,29,24,0,us_301_list3_2018,0,325,2016-01_to_2018-05,0
380690,non_list1,excluded,direct_policy_scope_overlap,13809511,0,0.000000000000,29,24,0,us_301_list3_2018,0,325,2016-01_to_2018-05,0
380700,non_list1,excluded,insufficient_positive_pre_months|direct_policy_scope_overlap,26162,0,0.000000000000,4,24,0,us_301_list3_2018,0,325,2016-01_to_2018-05,0
380852,non_list1,excluded,insufficient_positive_pre_months,0,0,0.000000000000,0,24,0,,0,325,2016-01_to_2018-05,0
380859,non_list1,excluded,insufficient_positive_pre_months|direct_policy_scope_overlap,11803164,0,0.000000000000,17,24,0,us_301_list3_2018,0,325,2016-01_to_2018-05,0
380861,non_list1,excluded,insufficient_positive_pre_months|direct_policy_scope_overlap,2587,0,0.000000000000,1,24,0,us_301_list3_2018,0,325,2016-01_to_2018-05,0
380862,non_list1,excluded,insufficient_positive_pre_months|direct_policy_scope_overlap,514000,0,0.000000000000,2,24,0,us_301_list3_2018,0,325,2016-01_to_2018-05,0
380869,non_list1,excluded,insufficient_positive_pre_months|direct_policy_scope_overlap,18683,0,0.000000000000,2,24,0,us_301_list3_2018,0,325,2016-01_to_2018-05,0
380891,non_list1,excluded,insufficient_positive_pre_months|direct_policy_scope_overlap,205656256,0,0.000000000000,17,24,0,us_301_list3_2018,0,325,2016-01_to_2018-05,0
380892,non_list1,excluded,insufficient_positive_pre_months|direct_policy_scope_overlap,18471985,0,0.000000000000,17,24,0,us_301_list3_2018,0,325,2016-01_to_2018-05,0
380893,non_list1,excluded,insufficient_positive_pre_months|direct_policy_scope_overlap,266345913,0,0.000000000000,17,24,0,us_301_list3_2018,0,325,2016-01_to_2018-05,0
380894,non_list1,excluded,insufficient_positive_pre_months|direct_policy_scope_overlap,6195072,0,0.000000000000,17,24,0,us_301_list3_2018,0,325,2016-01_to_2018-05,0
380899,non_list1,excluded,insufficient_positive_pre_months|direct_policy_scope_overlap,32860450,0,0.000000000000,17,24,0,us_301_list3_2018,0,325,2016-01_to_2018-05,0
380910,non_list1,excluded,insufficient_positive_pre_months,4650,0,0.000000000000,1,24,0,,0,325,2016-01_to_2018-05,0
380991,non_list1,excluded,direct_policy_scope_overlap,7632427,0,0.000000000000,29,24,0,us_301_list3_2018,0,325,2016-01_to_2018-05,0
380992,non_list1,excluded,direct_policy_scope_overlap,2663536,0,0.000000000000,28,24,0,us_301_list3_2018,0,325,2016-01_to_2018-05,0
380993,non_list1,excluded,insufficient_positive_pre_months|direct_policy_scope_overlap,1777632,0,0.000000000000,22,24,0,us_301_list3_2018,0,325,2016-01_to_2018-05,0
381010,non_list1,excluded,direct_policy_scope_overlap,804971,0,0.000000000000,28,24,0,us_301_list3_2018,0,325,2016-01_to_2018-05,0
381090,non_list1,excluded,direct_policy_scope_overlap,8493497,0,0.000000000000,29,24,0,us_301_list3_2018,0,325,2016-01_to_2018-05,0
381111,non_list1,excluded,insufficient_positive_pre_months|direct_policy_scope_overlap,0,0,0.000000000000,0,24,0,us_301_list3_2018,0,325,2016-01_to_2018-05,0
381119,non_list1,excluded,insufficient_positive_pre_months|direct_policy_scope_overlap,11484,0,0.000000000000,2,24,0,us_301_list3_2018,0,325,2016-01_to_2018-05,0
381121,non_list1,excluded,direct_policy_scope_overlap,6389733,0,0.000000000000,28,24,0,us_301_list2_2018,0,325,2016-01_to_2018-05,0
381129,non_list1,excluded,insufficient_positive_pre_months|direct_policy_scope_overlap,5894249,0,0.000000000000,23,24,0,us_301_list2_2018,0,325,2016-01_to_2018-05,0
381190,non_list1,excluded,direct_policy_scope_overlap,5123611,0,0.000000000000,27,24,0,us_301_list3_2018,0,325,2016-01_to_2018-05,0
381210,non_list1,excluded,direct_policy_scope_overlap,17896476,0,0.000000000000,29,24,0,us_301_list3_2018,0,325,2016-01_to_2018-05,0
381220,non_list1,excluded,direct_policy_scope_overlap,3383744,0,0.000000000000,28,24,0,us_301_list3_2018,0,325,2016-01_to_2018-05,0
381231,non_list1,excluded,insufficient_positive_pre_months|direct_policy_scope_overlap,8375255,0,0.000000000000,17,24,0,us_301_list3_2018,0,325,2016-01_to_2018-05,0
381239,non_list1,excluded,insufficient_positive_pre_months|direct_policy_scope_overlap,34158180,0,0.000000000000,17,24,0,us_301_list3_2018,0,325,2016-01_to_2018-05,0
381300,non_list1,excluded,insufficient_positive_pre_months|direct_policy_scope_overlap,582903,0,0.000000000000,10,24,0,us_301_list3_2018,0,325,2016-01_to_2018-05,0
381400,non_list1,excluded,direct_policy_scope_overlap,2782762,0,0.000000000000,28,24,0,us_301_list3_2018,0,325,2016-01_to_2018-05,0
381511,non_list1,excluded,insufficient_positive_pre_months|direct_policy_scope_overlap,393473,0,0.000000000000,5,24,0,us_301_list3_2018,0,325,2016-01_to_2018-05,0
381512,non_list1,excluded,direct_policy_scope_overlap,73797317,0,0.000000000000,25,24,0,us_301_list3_2018,0,325,2016-01_to_2018-05,0
381519,non_list1,excluded,direct_policy_scope_overlap,162759229,0,0.000000000000,29,24,0,us_301_list3_2018,0,325,2016-01_to_2018-05,0
381590,non_list1,excluded,direct_policy_scope_overlap,37689827,0,0.000000000000,29,24,0,us_301_list3_2018,0,325,2016-01_to_2018-05,0
381600,non_list1,excluded,direct_policy_scope_overlap,3432774,0,0.000000000000,28,24,0,us_301_list3_2018,0,327,2016-01_to_2018-05,0
381700,non_list1,excluded,direct_policy_scope_overlap,962040,0,0.000000000000,24,24,0,us_301_list3_2018,0,325,2016-01_to_2018-05,0
381800,non_list1,excluded,direct_policy_scope_overlap,300489860,0,0.000000000000,29,24,0,us_301_list3_2018,0,334,2016-01_to_2018-05,0
381900,non_list1,excluded,insufficient_positive_pre_months|direct_policy_scope_overlap,36892,0,0.000000000000,4,24,0,us_301_list3_2018,0,324,2016-01_to_2018-05,0
382000,non_list1,control_candidate,,603345,0,0.000000000000,27,24,0,,0,325,2016-01_to_2018-05,0
382100,non_list1,excluded,insufficient_positive_pre_months,469659,0,0.000000000000,19,24,0,,0,325,2016-01_to_2018-05,0
382200,non_list1,control_candidate,,384877688,0,0.000000000000,29,24,0,,0,325,2016-01_to_2018-05,0
382311,non_list1,excluded,insufficient_positive_pre_months,93911,0,0.000000000000,12,24,0,,0,325,2016-01_to_2018-05,0
382312,non_list1,excluded,insufficient_positive_pre_months,397024,0,0.000000000000,10,24,0,,0,325,2016-01_to_2018-05,0
382313,non_list1,excluded,insufficient_positive_pre_months,2426236,0,0.000000000000,20,24,0,,0,325,2016-01_to_2018-05,0
382319,non_list1,control_candidate,,30638508,0,0.000000000000,29,24,0,,0,325,2016-01_to_2018-05,0
382370,non_list1,control_candidate,,2025579,0,0.000000000000,28,24,0,,0,325,2016-01_to_2018-05,0
382410,non_list1,excluded,direct_policy_scope_overlap,541770,0,0.000000000000,27,24,0,us_301_list3_2018,0,325,2016-01_to_2018-05,0
382430,non_list1,excluded,direct_policy_scope_overlap,68426644,0,0.000000000000,29,24,0,us_301_list3_2018,0,327,2016-01_to_2018-05,0
382440,non_list1,excluded,direct_policy_scope_overlap,8245343,0,0.000000000000,29,24,0,us_301_list3_2018,0,325,2016-01_to_2018-05,0
382450,non_list1,excluded,insufficient_positive_pre_months|direct_policy_scope_overlap,1886407,0,0.000000000000,13,24,0,us_301_list3_2018,0,327,2016-01_to_2018-05,0
382460,non_list1,excluded,insufficient_positive_pre_months,292625,0,0.000000000000,9,24,0,,0,325,2016-01_to_2018-05,0
382471,non_list1,excluded,insufficient_positive_pre_months|direct_policy_scope_overlap,63738,0,0.000000000000,1,24,0,us_301_list3_2018,0,325,2016-01_to_2018-05,0
382473,non_list1,excluded,insufficient_positive_pre_months|direct_policy_scope_overlap,0,0,0.000000000000,0,24,0,us_301_list3_2018,0,325,2016-01_to_2018-05,0
382474,non_list1,excluded,insufficient_positive_pre_months|direct_policy_scope_overlap,0,0,0.000000000000,0,24,0,us_301_list3_2018,0,325,2016-01_to_2018-05,0
382475,non_list1,excluded,insufficient_positive_pre_months|direct_policy_scope_overlap,0,0,0.000000000000,0,24,0,us_301_list3_2018,0,325,2016-01_to_2018-05,0
382478,non_list1,excluded,direct_policy_scope_overlap,77987971,0,0.000000000000,29,24,0,us_301_list3_2018,0,325,2016-01_to_2018-05,0
382479,non_list1,excluded,direct_policy_scope_overlap,7139487,0,0.000000000000,28,24,0,us_301_list3_2018,0,325,2016-01_to_2018-05,0
382481,non_list1,excluded,insufficient_positive_pre_months|direct_policy_scope_overlap,120724,0,0.000000000000,8,24,0,us_301_list3_2018,0,325,2016-01_to_2018-05,0
382482,non_list1,excluded,insufficient_positive_pre_months|direct_policy_scope_overlap,0,0,0.000000000000,0,24,0,us_301_list3_2018,0,325,2016-01_to_2018-05,0
382483,non_list1,excluded,insufficient_positive_pre_months|direct_policy_scope_overlap,0,0,0.000000000000,0,24,0,us_301_list3_2018,0,325,2016-01_to_2018-05,0
382484,non_list1,excluded,insufficient_positive_pre_months|direct_policy_scope_overlap,0,0,0.000000000000,0,24,0,us_301_list3_2018,0,325,2016-01_to_2018-05,0
382485,non_list1,excluded,insufficient_positive_pre_months|direct_policy_scope_overlap,0,0,0.000000000000,0,24,0,us_301_list3_2018,0,325,2016-01_to_2018-05,0
382486,non_list1,excluded,insufficient_positive_pre_months|direct_policy_scope_overlap,0,0,0.000000000000,0,24,0,us_301_list3_2018,0,325,2016-01_to_2018-05,0
382487,non_list1,excluded,insufficient_positive_pre_months|direct_policy_scope_overlap,156300,0,0.000000000000,8,24,0,us_301_list3_2018,0,325,2016-01_to_2018-05,0
382488,non_list1,excluded,insufficient_positive_pre_months|direct_policy_scope_overlap,134490,0,0.000000000000,5,24,0,us_301_list3_2018,0,325,2016-01_to_2018-05,0
382491,non_list1,excluded,insufficient_positive_pre_months|direct_policy_scope_overlap,4158816,0,0.000000000000,17,24,0,us_301_list3_2018,0,325,2016-01_to_2018-05,0
382499,non_list1,excluded,insufficient_positive_pre_months|direct_policy_scope_overlap,454810035,0,0.000000000000,17,24,0,us_301_list3_2018,0,325|327,2016-01_to_2018-05,0
382510,non_list1,excluded,insufficient_positive_pre_months,9972,0,0.000000000000,2,24,0,,0,325,2016-01_to_2018-05,0
382520,non_list1,excluded,insufficient_positive_pre_months,0,0,0.000000000000,0,24,0,,0,325,2016-01_to_2018-05,0
382530,non_list1,excluded,insufficient_positive_pre_months,34255,0,0.000000000000,2,24,0,,0,325,2016-01_to_2018-05,0
382541,non_list1,excluded,insufficient_positive_pre_months|direct_policy_scope_overlap,0,0,0.000000000000,0,24,0,us_301_list3_2018,0,325,2016-01_to_2018-05,0
382549,non_list1,excluded,insufficient_positive_pre_months|direct_policy_scope_overlap,22929,0,0.000000000000,3,24,0,us_301_list3_2018,0,325,2016-01_to_2018-05,0
382550,non_list1,excluded,insufficient_positive_pre_months|direct_policy_scope_overlap,0,0,0.000000000000,0,24,0,us_301_list3_2018,0,325,2016-01_to_2018-05,0
382561,non_list1,excluded,insufficient_positive_pre_months|direct_policy_scope_overlap,269716,0,0.000000000000,15,24,0,us_301_list3_2018,0,325,2016-01_to_2018-05,0
382569,non_list1,excluded,insufficient_positive_pre_months|direct_policy_scope_overlap,0,0,0.000000000000,0,24,0,us_301_list3_2018,0,325,2016-01_to_2018-05,0
382590,non_list1,excluded,direct_policy_scope_overlap,18412353,0,0.000000000000,28,24,0,us_301_list3_2018,0,325,2016-01_to_2018-05,0
382600,non_list1,excluded,insufficient_positive_pre_months|direct_policy_scope_overlap,41562,0,0.000000000000,4,24,0,us_301_list3_2018,0,325,2016-01_to_2018-05,0
390110,non_list1,excluded,direct_policy_scope_overlap,2954300,0,0.000000000000,29,24,0,us_301_list2_2018,0,325,2016-01_to_2018-05,0
390120,non_list1,excluded,direct_policy_scope_overlap,4396815,0,0.000000000000,29,24,0,us_301_list2_2018,0,325,2016-01_to_2018-05,0
390130,non_list1,excluded,direct_policy_scope_overlap,4417344,0,0.000000000000,28,24,0,us_301_list2_2018,0,325,2016-01_to_2018-05,0
390140,non_list1,excluded,insufficient_positive_pre_months|direct_policy_scope_overlap,52111,0,0.000000000000,3,24,0,us_301_list3_2018,0,325,2016-01_to_2018-05,0
390190,non_list1,excluded,insufficient_positive_pre_months|direct_policy_scope_overlap,56391500,0,0.000000000000,17,24,0,us_301_list2_2018,0,325,2016-01_to_2018-05,0
390210,non_list1,excluded,direct_policy_scope_overlap,13797941,0,0.000000000000,29,24,0,us_301_list2_2018,0,325,2016-01_to_2018-05,0
390220,non_list1,excluded,direct_policy_scope_overlap,7966352,0,0.000000000000,29,24,0,us_301_list2_2018,0,325,2016-01_to_2018-05,0
390230,non_list1,excluded,direct_policy_scope_overlap,1687164,0,0.000000000000,24,24,0,us_301_list2_2018,0,325,2016-01_to_2018-05,0
390290,non_list1,excluded,direct_policy_scope_overlap,2283421,0,0.000000000000,28,24,0,us_301_list2_2018,0,325,2016-01_to_2018-05,0
390311,non_list1,excluded,direct_policy_scope_overlap,26436351,0,0.000000000000,27,24,0,us_301_list2_2018,0,325,2016-01_to_2018-05,0
390319,non_list1,excluded,direct_policy_scope_overlap,11022665,0,0.000000000000,29,24,0,us_301_list2_2018,0,325,2016-01_to_2018-05,0
390320,non_list1,excluded,direct_policy_scope_overlap,5569941,0,0.000000000000,27,24,0,us_301_list2_2018,0,325,2016-01_to_2018-05,0
390330,non_list1,excluded,direct_policy_scope_overlap,10004841,0,0.000000000000,29,24,0,us_301_list2_2018,0,325,2016-01_to_2018-05,0
390390,non_list1,excluded,direct_policy_scope_overlap,22284335,0,0.000000000000,29,24,0,us_301_list2_2018,0,325,2016-01_to_2018-05,0
390410,non_list1,excluded,insufficient_positive_pre_months|direct_policy_scope_overlap,162325,0,0.000000000000,23,24,0,us_301_list2_2018,0,325,2016-01_to_2018-05,0
390421,non_list1,excluded,direct_policy_scope_overlap,6053810,0,0.000000000000,27,24,0,us_301_list2_2018,0,325,2016-01_to_2018-05,0
390422,non_list1,excluded,direct_policy_scope_overlap,9807613,0,0.000000000000,29,24,0,us_301_list2_2018,0,325,2016-01_to_2018-05,0
390430,non_list1,excluded,direct_policy_scope_overlap,7018968,0,0.000000000000,29,24,0,us_301_list2_2018,0,325,2016-01_to_2018-05,0
390440,non_list1,excluded,insufficient_positive_pre_months|direct_policy_scope_overlap,30973,0,0.000000000000,8,24,0,us_301_list2_2018,0,325,2016-01_to_2018-05,0
390450,non_list1,excluded,insufficient_positive_pre_months|direct_policy_scope_overlap,428374,0,0.000000000000,17,24,0,us_301_list2_2018,0,325,2016-01_to_2018-05,0
390461,non_list1,excluded,direct_policy_scope_overlap,61180934,0,0.000000000000,29,24,0,us_301_list2_2018,0,325,2016-01_to_2018-05,0
390469,non_list1,excluded,direct_policy_scope_overlap,82324112,0,0.000000000000,29,24,0,us_301_list2_2018,0,325,2016-01_to_2018-05,0
390490,non_list1,excluded,insufficient_positive_pre_months|direct_policy_scope_overlap,255506,0,0.000000000000,22,24,0,us_301_list2_2018,0,325,2016-01_to_2018-05,0
390512,non_list1,excluded,insufficient_positive_pre_months|direct_policy_scope_overlap,744279,0,0.000000000000,14,24,0,us_301_list2_2018,0,325,2016-01_to_2018-05,0
390519,non_list1,excluded,direct_policy_scope_overlap,10936032,0,0.000000000000,29,24,0,us_301_list2_2018,0,325,2016-01_to_2018-05,0
390521,non_list1,excluded,insufficient_positive_pre_months|direct_policy_scope_overlap,74710,0,0.000000000000,4,24,0,us_301_list2_2018,0,325,2016-01_to_2018-05,0
390529,non_list1,excluded,insufficient_positive_pre_months|direct_policy_scope_overlap,753919,0,0.000000000000,23,24,0,us_301_list2_2018,0,325,2016-01_to_2018-05,0
390530,non_list1,excluded,direct_policy_scope_overlap,21953215,0,0.000000000000,29,24,0,us_301_list2_2018,0,325,2016-01_to_2018-05,0
390591,non_list1,excluded,insufficient_positive_pre_months|direct_policy_scope_overlap,3449504,0,0.000000000000,19,24,0,us_301_list2_2018,0,325,2016-01_to_2018-05,0
390599,non_list1,excluded,direct_policy_scope_overlap,6258132,0,0.000000000000,29,24,0,us_301_list2_2018|us_301_list3_2018,0,325,2016-01_to_2018-05,0
390610,non_list1,excluded,direct_policy_scope_overlap,22026562,0,0.000000000000,29,24,0,us_301_list2_2018,0,325,2016-01_to_2018-05,0
390690,non_list1,excluded,direct_policy_scope_overlap,131366047,0,0.000000000000,29,24,0,us_301_list2_2018,0,325,2016-01_to_2018-05,0
390710,non_list1,excluded,direct_policy_scope_overlap,5472145,0,0.000000000000,29,24,0,us_301_list2_2018,0,325,2016-01_to_2018-05,0
390720,non_list1,excluded,direct_policy_scope_overlap,99745161,0,0.000000000000,29,24,0,us_301_list2_2018,0,325,2016-01_to_2018-05,0
390730,non_list1,excluded,direct_policy_scope_overlap,30832562,0,0.000000000000,29,24,0,us_301_list2_2018,0,325,2016-01_to_2018-05,0
390740,non_list1,excluded,direct_policy_scope_overlap,67227156,0,0.000000000000,29,24,0,us_301_list2_2018,0,325,2016-01_to_2018-05,0
390750,non_list1,excluded,insufficient_positive_pre_months|direct_policy_scope_overlap,569100,0,0.000000000000,13,24,0,us_301_list2_2018,0,325,2016-01_to_2018-05,0
390761,non_list1,excluded,insufficient_positive_pre_months|direct_policy_scope_overlap,11607631,0,0.000000000000,12,24,0,us_301_list2_2018,0,325,2016-01_to_2018-05,0
390769,non_list1,excluded,insufficient_positive_pre_months|direct_policy_scope_overlap,4963846,0,0.000000000000,17,24,0,us_301_list2_2018,0,325,2016-01_to_2018-05,0
390770,non_list1,excluded,direct_policy_scope_overlap,1278622,0,0.000000000000,25,24,0,us_301_list2_2018,0,325,2016-01_to_2018-05,0
390791,non_list1,excluded,direct_policy_scope_overlap,2072549,0,0.000000000000,29,24,0,us_301_list2_2018,0,325,2016-01_to_2018-05,0
390799,non_list1,excluded,direct_policy_scope_overlap,101133601,0,0.000000000000,29,24,0,us_301_list2_2018,0,325,2016-01_to_2018-05,0
390810,non_list1,excluded,direct_policy_scope_overlap,19653045,0,0.000000000000,29,24,0,us_301_list2_2018,0,325,2016-01_to_2018-05,0
390890,non_list1,excluded,direct_policy_scope_overlap,19644985,0,0.000000000000,29,24,0,us_301_list2_2018,0,325,2016-01_to_2018-05,0
390910,non_list1,excluded,direct_policy_scope_overlap,1288435,0,0.000000000000,26,24,0,us_301_list2_2018,0,325,2016-01_to_2018-05,0
390920,non_list1,excluded,insufficient_positive_pre_months|direct_policy_scope_overlap,1337837,0,0.000000000000,23,24,0,us_301_list2_2018,0,325,2016-01_to_2018-05,0
390931,non_list1,excluded,insufficient_positive_pre_months|direct_policy_scope_overlap,395162702,0,0.000000000000,17,24,0,us_301_list3_2018,0,325,2016-01_to_2018-05,0
390939,non_list1,excluded,insufficient_positive_pre_months|direct_policy_scope_overlap,1495772,0,0.000000000000,10,24,0,us_301_list3_2018,0,325,2016-01_to_2018-05,0
390940,non_list1,excluded,direct_policy_scope_overlap,14074503,0,0.000000000000,29,24,0,us_301_list2_2018,0,325,2016-01_to_2018-05,0
390950,non_list1,excluded,direct_policy_scope_overlap,69146227,0,0.000000000000,29,24,0,us_301_list2_2018,0,325,2016-01_to_2018-05,0
391000,non_list1,excluded,direct_policy_scope_overlap,157249706,0,0.000000000000,29,24,0,us_301_list2_2018,0,325,2016-01_to_2018-05,0
391110,non_list1,excluded,direct_policy_scope_overlap,64163929,0,0.000000000000,29,24,0,us_301_list2_2018,0,325,2016-01_to_2018-05,0
391190,non_list1,excluded,direct_policy_scope_overlap,107472886,0,0.000000000000,29,24,0,us_301_list2_2018,0,325,2016-01_to_2018-05,0
391211,non_list1,excluded,direct_policy_scope_overlap,6393784,0,0.000000000000,26,24,0,us_301_list3_2018,0,325,2016-01_to_2018-05,0
391212,non_list1,excluded,insufficient_positive_pre_months|direct_policy_scope_overlap,426482,0,0.000000000000,22,24,0,us_301_list2_2018,0,325,2016-01_to_2018-05,0
391220,non_list1,excluded,direct_policy_scope_overlap,18103589,0,0.000000000000,29,24,0,us_301_list2_2018,0,325,2016-01_to_2018-05,0
391231,non_list1,excluded,direct_policy_scope_overlap,38391773,0,0.000000000000,29,24,0,us_301_list3_2018,0,325,2016-01_to_2018-05,0
391239,non_list1,excluded,direct_policy_scope_overlap,32512547,0,0.000000000000,29,24,0,us_301_list2_2018,0,325,2016-01_to_2018-05,0
391290,non_list1,excluded,direct_policy_scope_overlap,13828445,0,0.000000000000,29,24,0,us_301_list2_2018,0,325,2016-01_to_2018-05,0
391310,non_list1,control_candidate,,44511753,0,0.000000000000,29,24,0,,0,325,2016-01_to_2018-05,0
391390,non_list1,excluded,direct_policy_scope_overlap,183646095,0,0.000000000000,29,24,0,us_301_list2_2018|us_301_list3_2018,0,325,2016-01_to_2018-05,0
391400,non_list1,excluded,direct_policy_scope_overlap,122913863,0,0.000000000000,29,24,0,us_301_list2_2018,0,325,2016-01_to_2018-05,0
391510,non_list1,excluded,direct_policy_scope_overlap,4799693,0,0.000000000000,29,24,0,us_301_list3_2018,0,910,2016-01_to_2018-05,0
391520,non_list1,excluded,insufficient_positive_pre_months|direct_policy_scope_overlap,587239,0,0.000000000000,13,24,0,us_301_list3_2018,0,910,2016-01_to_2018-05,0
391530,non_list1,excluded,insufficient_positive_pre_months|direct_policy_scope_overlap,390523,0,0.000000000000,9,24,0,us_301_list3_2018,0,910,2016-01_to_2018-05,0
391590,non_list1,excluded,direct_policy_scope_overlap,17689927,0,0.000000000000,29,24,0,us_301_list3_2018,0,910,2016-01_to_2018-05,0
391610,non_list1,excluded,direct_policy_scope_overlap,15657181,0,0.000000000000,29,24,0,us_301_list2_2018,0,326,2016-01_to_2018-05,0
391620,non_list1,excluded,direct_policy_scope_overlap,68058770,0,0.000000000000,29,24,0,us_301_list2_2018,0,326,2016-01_to_2018-05,0
391690,non_list1,excluded,direct_policy_scope_overlap,48270284,0,0.000000000000,29,24,0,us_301_list2_2018|us_301_list3_2018,0,326|339,2016-01_to_2018-05,0
391710,non_list1,excluded,direct_policy_scope_overlap,2158781,0,0.000000000000,29,24,0,us_301_list3_2018,0,311|326,2016-01_to_2018-05,0
391721,non_list1,excluded,direct_policy_scope_overlap,36914140,0,0.000000000000,29,24,0,us_301_list2_2018,0,326,2016-01_to_2018-05,0
391722,non_list1,excluded,direct_policy_scope_overlap,13352262,0,0.000000000000,29,24,0,us_301_list2_2018,0,326,2016-01_to_2018-05,0
391723,non_list1,excluded,direct_policy_scope_overlap,26775111,0,0.000000000000,29,24,0,us_301_list2_2018,0,326,2016-01_to_2018-05,0
391729,non_list1,excluded,direct_policy_scope_overlap,30950736,0,0.000000000000,29,24,0,us_301_list2_2018,0,326,2016-01_to_2018-05,0
391731,non_list1,excluded,direct_policy_scope_overlap,46000702,0,0.000000000000,29,24,0,us_301_list2_2018,0,326,2016-01_to_2018-05,0
391732,non_list1,excluded,direct_policy_scope_overlap,214970652,0,0.000000000000,29,24,0,us_301_list2_2018,0,326,2016-01_to_2018-05,0
391733,non_list1,excluded,direct_policy_scope_overlap,159486417,0,0.000000000000,29,24,0,us_301_list3_2018,0,326,2016-01_to_2018-05,0
391739,non_list1,excluded,direct_policy_scope_overlap,539860890,0,0.000000000000,29,24,0,us_301_list3_2018,0,326,2016-01_to_2018-05,0
391740,non_list1,excluded,direct_policy_scope_overlap,225175883,0,0.000000000000,29,24,0,us_301_list2_2018,0,326,2016-01_to_2018-05,0
391810,non_list1,excluded,direct_policy_scope_overlap,4013036523,0,0.000000000000,29,24,0,us_301_list3_2018,0,322|326,2016-01_to_2018-05,0
391890,non_list1,excluded,direct_policy_scope_overlap,109531958,0,0.000000000000,29,24,0,us_301_list3_2018,0,322|326,2016-01_to_2018-05,0
391910,non_list1,excluded,direct_policy_scope_overlap,213659170,0,0.000000000000,29,24,0,us_301_list2_2018,0,322,2016-01_to_2018-05,0
391990,non_list1,excluded,direct_policy_scope_overlap,400042960,0,0.000000000000,29,24,0,us_301_list2_2018,0,322,2016-01_to_2018-05,0
392010,non_list1,excluded,direct_policy_scope_overlap,349865954,0,0.000000000000,29,24,0,us_301_list2_2018,0,326,2016-01_to_2018-05,0
392020,non_list1,excluded,direct_policy_scope_overlap,142465008,0,0.000000000000,29,24,0,us_301_list2_2018,0,326,2016-01_to_2018-05,0
392030,non_list1,excluded,direct_policy_scope_overlap,18834647,0,0.000000000000,29,24,0,us_301_list2_2018,0,326,2016-01_to_2018-05,0
392043,non_list1,excluded,direct_policy_scope_overlap,125424068,0,0.000000000000,29,24,0,us_301_list2_2018,0,326,2016-01_to_2018-05,0
392049,non_list1,excluded,direct_policy_scope_overlap,90074954,0,0.000000000000,29,24,0,us_301_list2_2018,0,326,2016-01_to_2018-05,0
392051,non_list1,excluded,direct_policy_scope_overlap,52260913,0,0.000000000000,29,24,0,us_301_list2_2018,0,326,2016-01_to_2018-05,0
392059,non_list1,excluded,direct_policy_scope_overlap,5312488,0,0.000000000000,29,24,0,us_301_list2_2018,0,326,2016-01_to_2018-05,0
392061,non_list1,excluded,direct_policy_scope_overlap,37083522,0,0.000000000000,29,24,0,us_301_list2_2018,0,326,2016-01_to_2018-05,0
392062,non_list1,excluded,direct_policy_scope_overlap,79015468,0,0.000000000000,29,24,0,us_301_list2_2018,0,326,2016-01_to_2018-05,0
392063,non_list1,excluded,direct_policy_scope_overlap,11363235,0,0.000000000000,29,24,0,us_301_list2_2018,0,326,2016-01_to_2018-05,0
392069,non_list1,excluded,direct_policy_scope_overlap,8344258,0,0.000000000000,29,24,0,us_301_list2_2018,0,326,2016-01_to_2018-05,0
392071,non_list1,excluded,direct_policy_scope_overlap,999197,0,0.000000000000,29,24,0,us_301_list2_2018,0,326,2016-01_to_2018-05,0
392073,non_list1,excluded,direct_policy_scope_overlap,893076,0,0.000000000000,29,24,0,us_301_list2_2018,0,326,2016-01_to_2018-05,0
392079,non_list1,excluded,direct_policy_scope_overlap,4146057,0,0.000000000000,29,24,0,us_301_list2_2018,0,326,2016-01_to_2018-05,0
392091,non_list1,excluded,direct_policy_scope_overlap,43348623,0,0.000000000000,29,24,0,us_301_list2_2018,0,326,2016-01_to_2018-05,0
392092,non_list1,excluded,direct_policy_scope_overlap,9220285,0,0.000000000000,29,24,0,us_301_list2_2018,0,326,2016-01_to_2018-05,0
392093,non_list1,excluded,insufficient_positive_pre_months|direct_policy_scope_overlap,10792,0,0.000000000000,2,24,0,us_301_list2_2018,0,326,2016-01_to_2018-05,0
392094,non_list1,excluded,direct_policy_scope_overlap,1748183,0,0.000000000000,26,24,0,us_301_list2_2018,0,326,2016-01_to_2018-05,0
392099,non_list1,excluded,direct_policy_scope_overlap,74019238,0,0.000000000000,29,24,0,us_301_list2_2018,0,326,2016-01_to_2018-05,0
392111,non_list1,excluded,direct_policy_scope_overlap,11723888,0,0.000000000000,29,24,0,us_301_list2_2018,0,326,2016-01_to_2018-05,0
392112,non_list1,excluded,direct_policy_scope_overlap,122722946,0,0.000000000000,29,24,0,us_301_list2_2018,0,326,2016-01_to_2018-05,0
392113,non_list1,excluded,direct_policy_scope_overlap,178827447,0,0.000000000000,29,24,0,us_301_list2_2018,0,326,2016-01_to_2018-05,0
392114,non_list1,excluded,direct_policy_scope_overlap,2666446,0,0.000000000000,29,24,0,us_301_list2_2018,0,326,2016-01_to_2018-05,0
392119,non_list1,excluded,direct_policy_scope_overlap,79975516,0,0.000000000000,29,24,0,us_301_list2_2018,0,326,2016-01_to_2018-05,0
392190,non_list1,excluded,direct_policy_scope_overlap,511004812,0,0.000000000000,29,24,0,us_301_list2_2018,0,326,2016-01_to_2018-05,0
392210,non_list1,control_candidate,,133965273,0,0.000000000000,29,24,0,,0,326,2016-01_to_2018-05,0
392220,non_list1,control_candidate,,149675967,0,0.000000000000,29,24,0,,0,326,2016-01_to_2018-05,0
392290,non_list1,excluded,direct_policy_scope_overlap,94936612,0,0.000000000000,29,24,0,us_301_list3_2018,0,326,2016-01_to_2018-05,0
392310,non_list1,excluded,direct_policy_scope_overlap,708726820,0,0.000000000000,29,24,0,us_301_list3_2018,0,326,2016-01_to_2018-05,0
392321,non_list1,excluded,direct_policy_scope_overlap,1924569807,0,0.000000000000,29,24,0,us_301_list3_2018,0,326,2016-01_to_2018-05,0
392329,non_list1,excluded,direct_policy_scope_overlap,571748636,0,0.000000000000,29,24,0,us_301_list3_2018,0,326,2016-01_to_2018-05,0
392330,non_list1,excluded,direct_policy_scope_overlap,757342185,0,0.000000000000,29,24,0,us_301_list3_2018,0,326,2016-01_to_2018-05,0
392340,non_list1,excluded,direct_policy_scope_overlap,9661341,0,0.000000000000,29,24,0,us_301_list3_2018,0,326,2016-01_to_2018-05,0
392350,non_list1,excluded,direct_policy_scope_overlap,670987625,0,0.000000000000,29,24,0,us_301_list3_2018,0,326,2016-01_to_2018-05,0
392390,non_list1,excluded,direct_policy_scope_overlap,1197735997,0,0.000000000000,29,24,0,us_301_list3_2018,0,326,2016-01_to_2018-05,0
392410,non_list1,control_candidate,,4990609211,0,0.000000000000,29,24,0,,0,326,2016-01_to_2018-05,0
392490,non_list1,control_candidate,,4120020909,0,0.000000000000,29,24,0,,0,314|326,2016-01_to_2018-05,0
392510,non_list1,excluded,direct_policy_scope_overlap,1719365,0,0.000000000000,29,24,0,us_301_list3_2018,0,326,2016-01_to_2018-05,0
392520,non_list1,control_candidate,,176737624,0,0.000000000000,29,24,0,,0,326,2016-01_to_2018-05,0
392530,non_list1,control_candidate,,946660674,0,0.000000000000,29,24,0,,0,326|337,2016-01_to_2018-05,0
392590,non_list1,excluded,direct_policy_scope_overlap,380428470,0,0.000000000000,29,24,0,us_301_list3_2018,0,326,2016-01_to_2018-05,0
392610,non_list1,control_candidate,,705077500,0,0.000000000000,29,24,0,,0,326,2016-01_to_2018-05,0
392620,non_list1,excluded,direct_policy_scope_overlap,2509161925,0,0.000000000000,29,24,0,us_301_list3_2018,0,315|326|339,2016-01_to_2018-05,0
392630,non_list1,control_candidate,,376641479,0,0.000000000000,29,24,0,,0,326,2016-01_to_2018-05,0
392640,non_list1,control_candidate,,697789737,0,0.000000000000,29,24,0,,0,326,2016-01_to_2018-05,0
392690,non_list1,excluded,insufficient_positive_pre_months|direct_policy_scope_overlap,3903862240,0,0.000000000000,17,24,0,us_301_list3_2018,0,316|323|326|339,2016-01_to_2018-05,0
400110,non_list1,excluded,insufficient_positive_pre_months|direct_policy_scope_overlap,54463,0,0.000000000000,10,24,0,us_301_list3_2018,0,113,2016-01_to_2018-05,0
400121,non_list1,excluded,insufficient_positive_pre_months|direct_policy_scope_overlap,13437,0,0.000000000000,3,24,0,us_301_list3_2018,0,113,2016-01_to_2018-05,0
400122,non_list1,excluded,direct_policy_scope_overlap,440367,0,0.000000000000,24,24,0,us_301_list3_2018,0,113,2016-01_to_2018-05,0
400129,non_list1,excluded,direct_policy_scope_overlap,302379,0,0.000000000000,25,24,0,us_301_list3_2018,0,113,2016-01_to_2018-05,0
400130,non_list1,excluded,insufficient_positive_pre_months|direct_policy_scope_overlap,11415,0,0.000000000000,3,24,0,us_301_list3_2018,0,113,2016-01_to_2018-05,0
400211,non_list1,excluded,insufficient_positive_pre_months|direct_policy_scope_overlap,189186,0,0.000000000000,11,24,0,us_301_list3_2018,0,325,2016-01_to_2018-05,0
400219,non_list1,excluded,direct_policy_scope_overlap,52283304,0,0.000000000000,29,24,0,us_301_list3_2018,0,325,2016-01_to_2018-05,0
400220,non_list1,excluded,insufficient_positive_pre_months|direct_policy_scope_overlap,597651,0,0.000000000000,21,24,0,us_301_list3_2018,0,325,2016-01_to_2018-05,0
400231,non_list1,excluded,direct_policy_scope_overlap,1332867,0,0.000000000000,26,24,0,us_301_list3_2018,0,325,2016-01_to_2018-05,0
400239,non_list1,excluded,direct_policy_scope_overlap,725960,0,0.000000000000,25,24,0,us_301_list3_2018,0,325,2016-01_to_2018-05,0
400241,non_list1,excluded,insufficient_positive_pre_months|direct_policy_scope_overlap,1885294,0,0.000000000000,22,24,0,us_301_list3_2018,0,325,2016-01_to_2018-05,0
400249,non_list1,excluded,direct_policy_scope_overlap,2577198,0,0.000000000000,29,24,0,us_301_list3_2018,0,325,2016-01_to_2018-05,0
400251,non_list1,excluded,insufficient_positive_pre_months|direct_policy_scope_overlap,99249,0,0.000000000000,5,24,0,us_301_list3_2018,0,325,2016-01_to_2018-05,0
400259,non_list1,excluded,direct_policy_scope_overlap,3650534,0,0.000000000000,29,24,0,us_301_list3_2018,0,325,2016-01_to_2018-05,0
400260,non_list1,excluded,insufficient_positive_pre_months|direct_policy_scope_overlap,30070,0,0.000000000000,8,24,0,us_301_list3_2018,0,325,2016-01_to_2018-05,0
400270,non_list1,excluded,direct_policy_scope_overlap,5154023,0,0.000000000000,29,24,0,us_301_list3_2018,0,325,2016-01_to_2018-05,0
400280,non_list1,excluded,insufficient_positive_pre_months|direct_policy_scope_overlap,74718,0,0.000000000000,5,24,0,us_301_list3_2018,0,325,2016-01_to_2018-05,0
400291,non_list1,excluded,direct_policy_scope_overlap,3261079,0,0.000000000000,29,24,0,us_301_list3_2018,0,325,2016-01_to_2018-05,0
400299,non_list1,excluded,direct_policy_scope_overlap,31189956,0,0.000000000000,29,24,0,us_301_list3_2018,0,325,2016-01_to_2018-05,0
400300,non_list1,excluded,direct_policy_scope_overlap,17134499,0,0.000000000000,29,24,0,us_301_list3_2018,0,326,2016-01_to_2018-05,0
400400,non_list1,excluded,direct_policy_scope_overlap,5181032,0,0.000000000000,29,24,0,us_301_list3_2018,0,910,2016-01_to_2018-05,0
400510,non_list1,excluded,direct_policy_scope_overlap,9730575,0,0.000000000000,28,24,0,us_301_list3_2018,0,326,2016-01_to_2018-05,0
400520,non_list1,excluded,direct_policy_scope_overlap,1711596,0,0.000000000000,29,24,0,us_301_list3_2018,0,326,2016-01_to_2018-05,0
400591,non_list1,excluded,direct_policy_scope_overlap,1728768,0,0.000000000000,28,24,0,us_301_list3_2018,0,326,2016-01_to_2018-05,0
400599,non_list1,excluded,direct_policy_scope_overlap,11638992,0,0.000000000000,29,24,0,us_301_list3_2018,0,326,2016-01_to_2018-05,0
400610,non_list1,excluded,insufficient_positive_pre_months,4857,0,0.000000000000,2,24,0,,0,326,2016-01_to_2018-05,0
400690,non_list1,excluded,direct_policy_scope_overlap,12772711,0,0.000000000000,29,24,0,us_301_list3_2018,0,326,2016-01_to_2018-05,0
400700,non_list1,excluded,direct_policy_scope_overlap,1797113,0,0.000000000000,29,24,0,us_301_list3_2018,0,326,2016-01_to_2018-05,0
400811,non_list1,excluded,direct_policy_scope_overlap,10849452,0,0.000000000000,29,24,0,us_301_list3_2018,0,326,2016-01_to_2018-05,0
400819,non_list1,excluded,direct_policy_scope_overlap,17913268,0,0.000000000000,29,24,0,us_301_list3_2018,0,326,2016-01_to_2018-05,0
400821,non_list1,excluded,direct_policy_scope_overlap,71139387,0,0.000000000000,29,24,0,us_301_list3_2018,0,326,2016-01_to_2018-05,0
400829,non_list1,excluded,direct_policy_scope_overlap,8372134,0,0.000000000000,29,24,0,us_301_list3_2018,0,326,2016-01_to_2018-05,0
400911,non_list1,excluded,direct_policy_scope_overlap,126601424,0,0.000000000000,29,24,0,us_301_list3_2018,0,326,2016-01_to_2018-05,0
400912,non_list1,control_candidate,,31288778,0,0.000000000000,29,24,0,,0,326|336,2016-01_to_2018-05,0
400921,non_list1,excluded,direct_policy_scope_overlap,57783358,0,0.000000000000,29,24,0,us_301_list3_2018,0,326,2016-01_to_2018-05,0
400922,non_list1,excluded,direct_policy_scope_overlap,57124078,0,0.000000000000,29,24,0,us_301_list3_2018,0,326|336,2016-01_to_2018-05,0
400931,non_list1,excluded,direct_policy_scope_overlap,75278516,0,0.000000000000,29,24,0,us_301_list3_2018,0,326,2016-01_to_2018-05,0
400932,non_list1,excluded,direct_policy_scope_overlap,137226347,0,0.000000000000,29,24,0,us_301_list3_2018,0,326|336,2016-01_to_2018-05,0
400941,non_list1,excluded,direct_policy_scope_overlap,16978361,0,0.000000000000,29,24,0,us_301_list3_2018,0,326,2016-01_to_2018-05,0
400942,non_list1,control_candidate,,28957813,0,0.000000000000,29,24,0,,0,326|336,2016-01_to_2018-05,0
401011,non_list1,control_candidate,,3580267,0,0.000000000000,29,24,0,,0,326,2016-01_to_2018-05,0
401012,non_list1,excluded,direct_policy_scope_overlap,122455753,0,0.000000000000,29,24,0,us_301_list3_2018,0,326,2016-01_to_2018-05,0
401019,non_list1,excluded,direct_policy_scope_overlap,48762873,0,0.000000000000,29,24,0,us_301_list3_2018,0,326,2016-01_to_2018-05,0
401031,non_list1,excluded,direct_policy_scope_overlap,3804665,0,0.000000000000,29,24,0,us_301_list3_2018,0,326,2016-01_to_2018-05,0
401032,non_list1,excluded,direct_policy_scope_overlap,7474551,0,0.000000000000,29,24,0,us_301_list3_2018,0,326,2016-01_to_2018-05,0
401033,non_list1,excluded,direct_policy_scope_overlap,1083008,0,0.000000000000,28,24,0,us_301_list3_2018,0,326,2016-01_to_2018-05,0
401034,non_list1,excluded,direct_policy_scope_overlap,83040,0,0.000000000000,29,24,0,us_301_list3_2018,0,326,2016-01_to_2018-05,0
401035,non_list1,excluded,direct_policy_scope_overlap,2318462,0,0.000000000000,29,24,0,us_301_list3_2018,0,326,2016-01_to_2018-05,0
401036,non_list1,excluded,direct_policy_scope_overlap,226569,0,0.000000000000,24,24,0,us_301_list3_2018,0,326,2016-01_to_2018-05,0
401039,non_list1,excluded,direct_policy_scope_overlap,24923290,0,0.000000000000,29,24,0,us_301_list3_2018,0,326,2016-01_to_2018-05,0
401110,non_list1,excluded,direct_policy_scope_overlap,813086901,0,0.000000000000,29,24,0,us_301_list3_2018,0,326,2016-01_to_2018-05,0
401120,non_list1,excluded,direct_policy_scope_overlap,2127548322,0,0.000000000000,29,24,0,us_301_list3_2018,0,326,2016-01_to_2018-05,0
401130,pure_list1,excluded,insufficient_positive_pre_months,234633,234633,1.000000000000,12,24,1,,0,326,2016-01_to_2018-05,0
401140,non_list1,excluded,direct_policy_scope_overlap,18531679,0,0.000000000000,29,24,0,us_301_list3_2018,0,326,2016-01_to_2018-05,0
401150,non_list1,excluded,direct_policy_scope_overlap,33653541,0,0.000000000000,29,24,0,us_301_list3_2018,0,326,2016-01_to_2018-05,0
401170,non_list1,excluded,insufficient_positive_pre_months|direct_policy_scope_overlap,12070371,0,0.000000000000,17,24,0,us_301_list3_2018,0,326,2016-01_to_2018-05,0
401180,non_list1,excluded,insufficient_positive_pre_months|direct_policy_scope_overlap,65641530,0,0.000000000000,17,24,0,us_301_list3_2018,0,326,2016-01_to_2018-05,0
401190,non_list1,excluded,insufficient_positive_pre_months|direct_policy_scope_overlap,985626121,0,0.000000000000,17,24,0,us_301_list3_2018,0,326,2016-01_to_2018-05,0
401211,non_list1,excluded,insufficient_positive_pre_months|direct_policy_scope_overlap,172329,0,0.000000000000,17,24,0,us_301_list3_2018,0,326,2016-01_to_2018-05,0
401212,non_list1,excluded,direct_policy_scope_overlap,3044043,0,0.000000000000,29,24,0,us_301_list3_2018,0,326,2016-01_to_2018-05,0
401213,pure_list1,excluded,insufficient_positive_pre_months,112314,112314,1.000000000000,6,24,1,,0,326,2016-01_to_2018-05,0
401219,non_list1,excluded,direct_policy_scope_overlap,413739,0,0.000000000000,26,24,0,us_301_list3_2018,0,326,2016-01_to_2018-05,0
401220,non_list1,excluded,direct_policy_scope_overlap,6140268,0,0.000000000000,29,24,0,us_301_list3_2018,0,930,2016-01_to_2018-05,0
401290,non_list1,excluded,direct_policy_scope_overlap,162210630,0,0.000000000000,29,24,0,us_301_list3_2018,0,326,2016-01_to_2018-05,0
401310,non_list1,excluded,direct_policy_scope_overlap,16049332,0,0.000000000000,29,24,0,us_301_list3_2018,0,326,2016-01_to_2018-05,0
401320,non_list1,excluded,direct_policy_scope_overlap,41200902,0,0.000000000000,29,24,0,us_301_list3_2018,0,326,2016-01_to_2018-05,0
401390,non_list1,excluded,direct_policy_scope_overlap,50040237,0,0.000000000000,29,24,0,us_301_list3_2018,0,326,2016-01_to_2018-05,0
401410,non_list1,control_candidate,,4844178,0,0.000000000000,29,24,0,,0,326,2016-01_to_2018-05,0
401490,non_list1,control_candidate,,7278758,0,0.000000000000,29,24,0,,0,326,2016-01_to_2018-05,0
401511,non_list1,control_candidate,,2031123,0,0.000000000000,26,24,0,,0,339,2016-01_to_2018-05,0
401519,non_list1,excluded,direct_policy_scope_overlap,579247154,0,0.000000000000,29,24,0,us_301_list3_2018,0,339,2016-01_to_2018-05,0
401590,non_list1,excluded,direct_policy_scope_overlap,6481419,0,0.000000000000,29,24,0,us_301_list3_2018,0,315,2016-01_to_2018-05,0
401610,non_list1,excluded,direct_policy_scope_overlap,42611272,0,0.000000000000,29,24,0,us_301_list3_2018,0,326,2016-01_to_2018-05,0
401691,non_list1,excluded,direct_policy_scope_overlap,132085982,0,0.000000000000,29,24,0,us_301_list3_2018,0,326,2016-01_to_2018-05,0
401692,non_list1,control_candidate,,21594392,0,0.000000000000,29,24,0,,0,326,2016-01_to_2018-05,0
401693,non_list1,excluded,direct_policy_scope_overlap,651873125,0,0.000000000000,29,24,0,us_301_list3_2018,0,339,2016-01_to_2018-05,0
401694,non_list1,excluded,direct_policy_scope_overlap,12853200,0,0.000000000000,29,24,0,us_301_list3_2018,0,326,2016-01_to_2018-05,0
401695,non_list1,control_candidate,,9326866,0,0.000000000000,29,24,0,,0,326,2016-01_to_2018-05,0
401699,non_list1,excluded,direct_policy_scope_overlap,936604175,0,0.000000000000,29,24,0,us_301_list3_2018,0,326,2016-01_to_2018-05,0
401700,non_list1,excluded,direct_policy_scope_overlap,10513329,0,0.000000000000,29,24,0,us_301_list3_2018,0,326,2016-01_to_2018-05,0
410120,non_list1,excluded,insufficient_positive_pre_months,4025,0,0.000000000000,1,24,0,,0,311|316,2016-01_to_2018-05,0
410150,non_list1,excluded,insufficient_positive_pre_months,15436,0,0.000000000000,3,24,0,,0,311|316,2016-01_to_2018-05,0
410190,non_list1,excluded,insufficient_positive_pre_months,0,0,0.000000000000,0,24,0,,0,311|316,2016-01_to_2018-05,0
410210,non_list1,excluded,insufficient_positive_pre_months,6433,0,0.000000000000,2,24,0,,0,311|316,2016-01_to_2018-05,0
410221,non_list1,excluded,insufficient_positive_pre_months,0,0,0.000000000000,0,24,0,,0,311,2016-01_to_2018-05,0
410229,non_list1,excluded,insufficient_positive_pre_months,10223,0,0.000000000000,4,24,0,,0,311|316,2016-01_to_2018-05,0
410320,non_list1,excluded,insufficient_positive_pre_months,0,0,0.000000000000,0,24,0,,0,311|316,2016-01_to_2018-05,0
410330,non_list1,excluded,insufficient_positive_pre_months,0,0,0.000000000000,0,24,0,,0,311|316,2016-01_to_2018-05,0
410390,non_list1,excluded,insufficient_positive_pre_months,7446,0,0.000000000000,3,24,0,,0,311|316,2016-01_to_2018-05,0
410411,non_list1,excluded,insufficient_positive_pre_months|direct_policy_scope_overlap,121528,0,0.000000000000,9,24,0,us_301_list3_2018,0,316,2016-01_to_2018-05,0
410419,non_list1,excluded,insufficient_positive_pre_months|direct_policy_scope_overlap,1628,0,0.000000000000,2,24,0,us_301_list3_2018,0,316,2016-01_to_2018-05,0
410441,non_list1,excluded,direct_policy_scope_overlap,782332,0,0.000000000000,25,24,0,us_301_list3_2018,0,316,2016-01_to_2018-05,0
410449,non_list1,excluded,insufficient_positive_pre_months|direct_policy_scope_overlap,504309,0,0.000000000000,21,24,0,us_301_list3_2018,0,316,2016-01_to_2018-05,0
410510,non_list1,excluded,insufficient_positive_pre_months|direct_policy_scope_overlap,44624,0,0.000000000000,3,24,0,us_301_list3_2018,0,316,2016-01_to_2018-05,0
410530,non_list1,excluded,insufficient_positive_pre_months|direct_policy_scope_overlap,64083,0,0.000000000000,9,24,0,us_301_list3_2018,0,316,2016-01_to_2018-05,0
410621,non_list1,excluded,insufficient_positive_pre_months|direct_policy_scope_overlap,6807,0,0.000000000000,2,24,0,us_301_list3_2018,0,316,2016-01_to_2018-05,0
410622,non_list1,excluded,insufficient_positive_pre_months|direct_policy_scope_overlap,7710,0,0.000000000000,3,24,0,us_301_list3_2018,0,316,2016-01_to_2018-05,0
410631,non_list1,excluded,insufficient_positive_pre_months|direct_policy_scope_overlap,24254,0,0.000000000000,4,24,0,us_301_list3_2018,0,316,2016-01_to_2018-05,0
410632,non_list1,excluded,insufficient_positive_pre_months|direct_policy_scope_overlap,324548,0,0.000000000000,12,24,0,us_301_list3_2018,0,316,2016-01_to_2018-05,0
410640,non_list1,excluded,insufficient_positive_pre_months|direct_policy_scope_overlap,8016,0,0.000000000000,2,24,0,us_301_list3_2018,0,316,2016-01_to_2018-05,0
410691,non_list1,excluded,insufficient_positive_pre_months|direct_policy_scope_overlap,16199,0,0.000000000000,4,24,0,us_301_list3_2018,0,316,2016-01_to_2018-05,0
410692,non_list1,excluded,insufficient_positive_pre_months|direct_policy_scope_overlap,1283,0,0.000000000000,2,24,0,us_301_list3_2018,0,316,2016-01_to_2018-05,0
410711,non_list1,excluded,direct_policy_scope_overlap,31533538,0,0.000000000000,29,24,0,us_301_list3_2018,0,316,2016-01_to_2018-05,0
410712,non_list1,excluded,direct_policy_scope_overlap,19817453,0,0.000000000000,29,24,0,us_301_list3_2018,0,316,2016-01_to_2018-05,0
410719,non_list1,excluded,direct_policy_scope_overlap,620573,0,0.000000000000,27,24,0,us_301_list3_2018,0,316,2016-01_to_2018-05,0
410791,non_list1,excluded,direct_policy_scope_overlap,451987,0,0.000000000000,25,24,0,us_301_list3_2018,0,316,2016-01_to_2018-05,0
410792,non_list1,excluded,direct_policy_scope_overlap,1549878,0,0.000000000000,28,24,0,us_301_list3_2018,0,316,2016-01_to_2018-05,0
410799,non_list1,excluded,direct_policy_scope_overlap,930316,0,0.000000000000,29,24,0,us_301_list3_2018,0,316,2016-01_to_2018-05,0
411200,non_list1,excluded,direct_policy_scope_overlap,364834,0,0.000000000000,26,24,0,us_301_list3_2018,0,316,2016-01_to_2018-05,0
411310,non_list1,excluded,insufficient_positive_pre_months|direct_policy_scope_overlap,38026,0,0.000000000000,11,24,0,us_301_list3_2018,0,316,2016-01_to_2018-05,0
411320,non_list1,excluded,insufficient_positive_pre_months|direct_policy_scope_overlap,118375,0,0.000000000000,7,24,0,us_301_list3_2018,0,316,2016-01_to_2018-05,0
411330,non_list1,excluded,insufficient_positive_pre_months|direct_policy_scope_overlap,37636,0,0.000000000000,10,24,0,us_301_list3_2018,0,316,2016-01_to_2018-05,0
411390,non_list1,excluded,insufficient_positive_pre_months|direct_policy_scope_overlap,161421,0,0.000000000000,17,24,0,us_301_list3_2018,0,316,2016-01_to_2018-05,0
411410,non_list1,excluded,direct_policy_scope_overlap,2113655,0,0.000000000000,28,24,0,us_301_list3_2018,0,316,2016-01_to_2018-05,0
411420,non_list1,excluded,insufficient_positive_pre_months|direct_policy_scope_overlap,206776,0,0.000000000000,18,24,0,us_301_list3_2018,0,316,2016-01_to_2018-05,0
411510,non_list1,excluded,direct_policy_scope_overlap,576554,0,0.000000000000,28,24,0,us_301_list3_2018,0,316,2016-01_to_2018-05,0
411520,non_list1,excluded,insufficient_positive_pre_months,18036,0,0.000000000000,4,24,0,,0,910,2016-01_to_2018-05,0
420100,non_list1,excluded,direct_policy_scope_overlap,736932357,0,0.000000000000,29,24,0,us_301_list3_2018,0,316,2016-01_to_2018-05,0
420211,non_list1,excluded,direct_policy_scope_overlap,78045489,0,0.000000000000,29,24,0,us_301_list3_2018,0,316,2016-01_to_2018-05,0
420212,non_list1,excluded,direct_policy_scope_overlap,2119896601,0,0.000000000000,29,24,0,us_301_list3_2018,0,316,2016-01_to_2018-05,0
420219,non_list1,excluded,direct_policy_scope_overlap,36326417,0,0.000000000000,29,24,0,us_301_list3_2018,0,316,2016-01_to_2018-05,0
420221,non_list1,excluded,direct_policy_scope_overlap,1292905004,0,0.000000000000,29,24,0,us_301_list3_2018,0,316,2016-01_to_2018-05,0
420222,non_list1,excluded,direct_policy_scope_overlap,2019117682,0,0.000000000000,29,24,0,us_301_list3_2018,0,316,2016-01_to_2018-05,0
420229,non_list1,excluded,direct_policy_scope_overlap,17305983,0,0.000000000000,29,24,0,us_301_list3_2018,0,316,2016-01_to_2018-05,0
420231,non_list1,excluded,direct_policy_scope_overlap,402023656,0,0.000000000000,29,24,0,us_301_list3_2018,0,316,2016-01_to_2018-05,0
420232,non_list1,excluded,direct_policy_scope_overlap,871738880,0,0.000000000000,29,24,0,us_301_list3_2018,0,316,2016-01_to_2018-05,0
420239,non_list1,excluded,direct_policy_scope_overlap,26355247,0,0.000000000000,29,24,0,us_301_list3_2018,0,316,2016-01_to_2018-05,0
420291,non_list1,excluded,direct_policy_scope_overlap,786436284,0,0.000000000000,29,24,0,us_301_list3_2018,0,316|339,2016-01_to_2018-05,0
420292,non_list1,excluded,direct_policy_scope_overlap,7109020583,0,0.000000000000,29,24,0,us_301_list3_2018,0,314|316|326,2016-01_to_2018-05,0
420299,non_list1,excluded,direct_policy_scope_overlap,276020535,0,0.000000000000,29,24,0,us_301_list3_2018,0,316,2016-01_to_2018-05,0
420310,non_list1,excluded,direct_policy_scope_overlap,321861512,0,0.000000000000,29,24,0,us_301_list3_2018,0,315,2016-01_to_2018-05,0
420321,non_list1,excluded,direct_policy_scope_overlap,106776810,0,0.000000000000,29,24,0,us_301_list3_2018,0,339,2016-01_to_2018-05,0
420329,non_list1,excluded,direct_policy_scope_overlap,538154808,0,0.000000000000,29,24,0,us_301_list3_2018,0,315,2016-01_to_2018-05,0
420330,non_list1,excluded,direct_policy_scope_overlap,526093488,0,0.000000000000,29,24,0,us_301_list3_2018,0,315,2016-01_to_2018-05,0
420340,non_list1,excluded,direct_policy_scope_overlap,7877781,0,0.000000000000,29,24,0,us_301_list3_2018,0,315,2016-01_to_2018-05,0
420500,non_list1,excluded,direct_policy_scope_overlap,156948084,0,0.000000000000,29,24,0,us_301_list3_2018,0,316,2016-01_to_2018-05,0
420600,non_list1,excluded,insufficient_positive_pre_months,65858,0,0.000000000000,12,24,0,,0,339,2016-01_to_2018-05,0
430110,non_list1,excluded,insufficient_positive_pre_months,7995,0,0.000000000000,5,24,0,,0,112,2016-01_to_2018-05,0
430130,non_list1,excluded,insufficient_positive_pre_months,18187,0,0.000000000000,8,24,0,,0,112,2016-01_to_2018-05,0
430160,non_list1,excluded,insufficient_positive_pre_months,3765,0,0.000000000000,3,24,0,,0,112,2016-01_to_2018-05,0
430180,non_list1,excluded,insufficient_positive_pre_months,58317,0,0.000000000000,6,24,0,,0,112,2016-01_to_2018-05,0
430190,non_list1,excluded,insufficient_positive_pre_months,470,0,0.000000000000,1,24,0,,0,112,2016-01_to_2018-05,0
430211,non_list1,excluded,insufficient_positive_pre_months|direct_policy_scope_overlap,172641,0,0.000000000000,19,24,0,us_301_list3_2018,0,316,2016-01_to_2018-05,0
430219,non_list1,excluded,direct_policy_scope_overlap,5581397,0,0.000000000000,29,24,0,us_301_list3_2018,0,316,2016-01_to_2018-05,0
430220,non_list1,excluded,insufficient_positive_pre_months|direct_policy_scope_overlap,176381,0,0.000000000000,14,24,0,us_301_list3_2018,0,316,2016-01_to_2018-05,0
430230,non_list1,excluded,direct_policy_scope_overlap,384048,0,0.000000000000,29,24,0,us_301_list3_2018,0,316,2016-01_to_2018-05,0
430310,non_list1,excluded,direct_policy_scope_overlap,88806910,0,0.000000000000,29,24,0,us_301_list3_2018,0,315,2016-01_to_2018-05,0
430390,non_list1,excluded,direct_policy_scope_overlap,64395944,0,0.000000000000,29,24,0,us_301_list3_2018,0,315,2016-01_to_2018-05,0
430400,non_list1,excluded,direct_policy_scope_overlap,6990896,0,0.000000000000,29,24,0,us_301_list3_2018,0,315,2016-01_to_2018-05,0
440110,non_list1,excluded,insufficient_positive_pre_months|direct_policy_scope_overlap,6550,0,0.000000000000,1,24,0,us_301_list3_2018,0,113,2016-01_to_2018-05,0
440121,non_list1,excluded,insufficient_positive_pre_months|direct_policy_scope_overlap,0,0,0.000000000000,0,24,0,us_301_list3_2018,0,321,2016-01_to_2018-05,0
440122,non_list1,excluded,insufficient_positive_pre_months|direct_policy_scope_overlap,417664,0,0.000000000000,14,24,0,us_301_list3_2018,0,321,2016-01_to_2018-05,0
440131,non_list1,excluded,insufficient_positive_pre_months|direct_policy_scope_overlap,91582,0,0.000000000000,7,24,0,us_301_list3_2018,0,321,2016-01_to_2018-05,0
440139,non_list1,excluded,insufficient_positive_pre_months|direct_policy_scope_overlap,855410,0,0.000000000000,16,24,0,us_301_list3_2018,0,321,2016-01_to_2018-05,0
440210,non_list1,excluded,direct_policy_scope_overlap,3965941,0,0.000000000000,29,24,0,us_301_list3_2018,0,325,2016-01_to_2018-05,0
440290,non_list1,excluded,direct_policy_scope_overlap,3723723,0,0.000000000000,29,24,0,us_301_list3_2018,0,325,2016-01_to_2018-05,0
440310,non_list1,excluded,insufficient_positive_pre_months|direct_policy_scope_overlap,21193,0,0.000000000000,6,24,0,us_301_list3_2018,0,321,2016-01_to_2018-05,0
440320,non_list1,excluded,insufficient_positive_pre_months|direct_policy_scope_overlap,366106,0,0.000000000000,10,24,0,us_301_list3_2018,0,113,2016-01_to_2018-05,0
440349,non_list1,excluded,insufficient_positive_pre_months|direct_policy_scope_overlap,32251,0,0.000000000000,2,24,0,us_301_list3_2018,0,113,2016-01_to_2018-05,0
440391,non_list1,excluded,insufficient_positive_pre_months|direct_policy_scope_overlap,15214,0,0.000000000000,2,24,0,us_301_list3_2018,0,113,2016-01_to_2018-05,0
440392,non_list1,excluded,insufficient_positive_pre_months|direct_policy_scope_overlap,0,0,0.000000000000,0,24,0,us_301_list3_2018,0,113,2016-01_to_2018-05,0
440399,non_list1,excluded,insufficient_positive_pre_months|direct_policy_scope_overlap,2283641,0,0.000000000000,17,24,0,us_301_list3_2018,0,113,2016-01_to_2018-05,0
440410,non_list1,excluded,direct_policy_scope_overlap,7900306,0,0.000000000000,25,24,0,us_301_list3_2018,0,113,2016-01_to_2018-05,0
440420,non_list1,excluded,insufficient_positive_pre_months|direct_policy_scope_overlap,274841,0,0.000000000000,14,24,0,us_301_list3_2018,0,113,2016-01_to_2018-05,0
440500,non_list1,excluded,insufficient_positive_pre_months|direct_policy_scope_overlap,289987,0,0.000000000000,17,24,0,us_301_list3_2018,0,321,2016-01_to_2018-05,0
440610,non_list1,excluded,insufficient_positive_pre_months|direct_policy_scope_overlap,0,0,0.000000000000,0,24,0,us_301_list3_2018,0,321,2016-01_to_2018-05,0
440690,non_list1,excluded,insufficient_positive_pre_months|direct_policy_scope_overlap,0,0,0.000000000000,0,24,0,us_301_list3_2018,0,321,2016-01_to_2018-05,0
440710,non_list1,excluded,insufficient_positive_pre_months|direct_policy_scope_overlap,83749074,0,0.000000000000,17,24,0,us_301_list3_2018,0,321,2016-01_to_2018-05,0
440721,non_list1,excluded,insufficient_positive_pre_months|direct_policy_scope_overlap,0,0,0.000000000000,0,24,0,us_301_list3_2018,0,321,2016-01_to_2018-05,0
440722,non_list1,excluded,insufficient_positive_pre_months|direct_policy_scope_overlap,238386,0,0.000000000000,7,24,0,us_301_list3_2018,0,321,2016-01_to_2018-05,0
440725,non_list1,excluded,insufficient_positive_pre_months|direct_policy_scope_overlap,0,0,0.000000000000,0,24,0,us_301_list3_2018,0,321,2016-01_to_2018-05,0
440727,non_list1,excluded,insufficient_positive_pre_months|direct_policy_scope_overlap,2339,0,0.000000000000,1,24,0,us_301_list3_2018,0,321,2016-01_to_2018-05,0
440728,non_list1,excluded,insufficient_positive_pre_months|direct_policy_scope_overlap,8634,0,0.000000000000,1,24,0,us_301_list3_2018,0,321,2016-01_to_2018-05,0
440729,non_list1,excluded,insufficient_positive_pre_months|direct_policy_scope_overlap,4209932,0,0.000000000000,17,24,0,us_301_list3_2018,0,321,2016-01_to_2018-05,0
440791,non_list1,excluded,insufficient_positive_pre_months|direct_policy_scope_overlap,2540183,0,0.000000000000,15,24,0,us_301_list3_2018,0,321,2016-01_to_2018-05,0
440792,non_list1,excluded,insufficient_positive_pre_months|direct_policy_scope_overlap,5141,0,0.000000000000,1,24,0,us_301_list3_2018,0,321,2016-01_to_2018-05,0
440793,non_list1,excluded,insufficient_positive_pre_months|direct_policy_scope_overlap,2270,0,0.000000000000,1,24,0,us_301_list3_2018,0,321,2016-01_to_2018-05,0
440794,non_list1,excluded,insufficient_positive_pre_months|direct_policy_scope_overlap,0,0,0.000000000000,0,24,0,us_301_list3_2018,0,321,2016-01_to_2018-05,0
440795,non_list1,excluded,insufficient_positive_pre_months|direct_policy_scope_overlap,5436,0,0.000000000000,2,24,0,us_301_list3_2018,0,321,2016-01_to_2018-05,0
440799,non_list1,excluded,insufficient_positive_pre_months|direct_policy_scope_overlap,24875083,0,0.000000000000,17,24,0,us_301_list3_2018,0,321,2016-01_to_2018-05,0
440810,non_list1,excluded,insufficient_positive_pre_months|direct_policy_scope_overlap,505941,0,0.000000000000,18,24,0,us_301_list3_2018,0,321,2016-01_to_2018-05,0
440831,non_list1,excluded,insufficient_positive_pre_months|direct_policy_scope_overlap,0,0,0.000000000000,0,24,0,us_301_list3_2018,0,321,2016-01_to_2018-05,0
440839,non_list1,excluded,insufficient_positive_pre_months|direct_policy_scope_overlap,7155041,0,0.000000000000,17,24,0,us_301_list3_2018,0,321,2016-01_to_2018-05,0
440890,non_list1,excluded,insufficient_positive_pre_months|direct_policy_scope_overlap,10239730,0,0.000000000000,17,24,0,us_301_list3_2018,0,321,2016-01_to_2018-05,0
440910,non_list1,excluded,direct_policy_scope_overlap,351854920,0,0.000000000000,29,24,0,us_301_list3_2018,0,321,2016-01_to_2018-05,0
440921,non_list1,excluded,direct_policy_scope_overlap,3795728,0,0.000000000000,28,24,0,us_301_list3_2018,0,321,2016-01_to_2018-05,0
440922,non_list1,excluded,insufficient_positive_pre_months|direct_policy_scope_overlap,2293792,0,0.000000000000,17,24,0,us_301_list3_2018,0,321,2016-01_to_2018-05,0
440929,non_list1,excluded,insufficient_positive_pre_months|direct_policy_scope_overlap,130851620,0,0.000000000000,17,24,0,us_301_list3_2018,0,321,2016-01_to_2018-05,0
441011,non_list1,excluded,direct_policy_scope_overlap,8396413,0,0.000000000000,29,24,0,us_301_list3_2018,0,321,2016-01_to_2018-05,0
441012,non_list1,excluded,direct_policy_scope_overlap,3022849,0,0.000000000000,25,24,0,us_301_list3_2018,0,321,2016-01_to_2018-05,0
441019,non_list1,excluded,insufficient_positive_pre_months|direct_policy_scope_overlap,953576,0,0.000000000000,23,24,0,us_301_list3_2018,0,321,2016-01_to_2018-05,0
441090,non_list1,excluded,direct_policy_scope_overlap,2141337,0,0.000000000000,25,24,0,us_301_list3_2018,0,321,2016-01_to_2018-05,0
441112,non_list1,excluded,direct_policy_scope_overlap,7799634,0,0.000000000000,29,24,0,us_301_list3_2018,0,321,2016-01_to_2018-05,0
441113,non_list1,excluded,direct_policy_scope_overlap,138593838,0,0.000000000000,29,24,0,us_301_list3_2018,0,321,2016-01_to_2018-05,0
441114,non_list1,excluded,direct_policy_scope_overlap,449315121,0,0.000000000000,29,24,0,us_301_list3_2018,0,321,2016-01_to_2018-05,0
441192,non_list1,excluded,direct_policy_scope_overlap,18294856,0,0.000000000000,29,24,0,us_301_list3_2018,0,321,2016-01_to_2018-05,0
441193,non_list1,excluded,direct_policy_scope_overlap,17439365,0,0.000000000000,29,24,0,us_301_list3_2018,0,321,2016-01_to_2018-05,0
441194,non_list1,excluded,insufficient_positive_pre_months|direct_policy_scope_overlap,822969,0,0.000000000000,20,24,0,us_301_list3_2018,0,321,2016-01_to_2018-05,0
441210,non_list1,excluded,direct_policy_scope_overlap,154731918,0,0.000000000000,29,24,0,us_301_list3_2018,0,321,2016-01_to_2018-05,0
441231,non_list1,excluded,insufficient_positive_pre_months|direct_policy_scope_overlap,21499558,0,0.000000000000,17,24,0,us_301_list3_2018,0,321,2016-01_to_2018-05,0
441232,non_list1,excluded,insufficient_positive_pre_months|direct_policy_scope_overlap,927808737,0,0.000000000000,17,24,0,us_301_list3_2018,0,321,2016-01_to_2018-05,0
441239,non_list1,excluded,direct_policy_scope_overlap,259071491,0,0.000000000000,29,24,0,us_301_list3_2018,0,321,2016-01_to_2018-05,0
441294,non_list1,excluded,direct_policy_scope_overlap,44793751,0,0.000000000000,29,24,0,us_301_list3_2018,0,321,2016-01_to_2018-05,0
441299,non_list1,excluded,direct_policy_scope_overlap,446932492,0,0.000000000000,29,24,0,us_301_list3_2018,0,321,2016-01_to_2018-05,0
441300,non_list1,excluded,direct_policy_scope_overlap,1712346,0,0.000000000000,29,24,0,us_301_list3_2018,0,321,2016-01_to_2018-05,0
441400,non_list1,control_candidate,,497016188,0,0.000000000000,29,24,0,,0,339,2016-01_to_2018-05,0
441510,non_list1,excluded,direct_policy_scope_overlap,18027607,0,0.000000000000,29,24,0,us_301_list3_2018,0,321,2016-01_to_2018-05,0
441520,non_list1,excluded,direct_policy_scope_overlap,3090353,0,0.000000000000,29,24,0,us_301_list3_2018,0,321,2016-01_to_2018-05,0
441600,non_list1,excluded,direct_policy_scope_overlap,3014236,0,0.000000000000,28,24,0,us_301_list3_2018,0,321,2016-01_to_2018-05,0
441700,non_list1,excluded,direct_policy_scope_overlap,29032956,0,0.000000000000,29,24,0,us_301_list3_2018,0,321,2016-01_to_2018-05,0
441810,non_list1,excluded,direct_policy_scope_overlap,4261532,0,0.000000000000,29,24,0,us_301_list3_2018,0,321,2016-01_to_2018-05,0
441820,non_list1,excluded,direct_policy_scope_overlap,264334694,0,0.000000000000,29,24,0,us_301_list3_2018,0,321,2016-01_to_2018-05,0
441840,non_list1,excluded,direct_policy_scope_overlap,10734589,0,0.000000000000,27,24,0,us_301_list3_2018,0,321,2016-01_to_2018-05,0
441850,non_list1,excluded,insufficient_positive_pre_months|direct_policy_scope_overlap,185271,0,0.000000000000,18,24,0,us_301_list3_2018,0,321,2016-01_to_2018-05,0
441860,non_list1,excluded,insufficient_positive_pre_months|direct_policy_scope_overlap,116406,0,0.000000000000,8,24,0,us_301_list3_2018,0,321,2016-01_to_2018-05,0
441873,non_list1,excluded,insufficient_positive_pre_months|direct_policy_scope_overlap,29226539,0,0.000000000000,17,24,0,us_301_list3_2018,0,321,2016-01_to_2018-05,0
441874,non_list1,excluded,insufficient_positive_pre_months|direct_policy_scope_overlap,255422,0,0.000000000000,7,24,0,us_301_list3_2018,0,321,2016-01_to_2018-05,0
441875,non_list1,excluded,insufficient_positive_pre_months|direct_policy_scope_overlap,31758196,0,0.000000000000,17,24,0,us_301_list3_2018,0,321,2016-01_to_2018-05,0
441879,non_list1,excluded,insufficient_positive_pre_months|direct_policy_scope_overlap,8690191,0,0.000000000000,17,24,0,us_301_list3_2018,0,321,2016-01_to_2018-05,0
441891,non_list1,excluded,insufficient_positive_pre_months|direct_policy_scope_overlap,217006279,0,0.000000000000,17,24,0,us_301_list3_2018,0,321,2016-01_to_2018-05,0
441899,non_list1,excluded,insufficient_positive_pre_months|direct_policy_scope_overlap,298525264,0,0.000000000000,17,24,0,us_301_list3_2018,0,321,2016-01_to_2018-05,0
441911,non_list1,excluded,insufficient_positive_pre_months,42108584,0,0.000000000000,17,24,0,,0,321,2016-01_to_2018-05,0
441912,non_list1,excluded,insufficient_positive_pre_months,22915313,0,0.000000000000,17,24,0,,0,321,2016-01_to_2018-05,0
441919,non_list1,excluded,insufficient_positive_pre_months,62852926,0,0.000000000000,17,24,0,,0,321,2016-01_to_2018-05,0
441990,non_list1,excluded,insufficient_positive_pre_months,107901637,0,0.000000000000,17,24,0,,0,321,2016-01_to_2018-05,0
442010,non_list1,control_candidate,,526015550,0,0.000000000000,29,24,0,,0,321,2016-01_to_2018-05,0
442090,non_list1,excluded,direct_policy_scope_overlap,724480211,0,0.000000000000,29,24,0,us_301_list3_2018,0,321,2016-01_to_2018-05,0
442110,non_list1,control_candidate,,96461861,0,0.000000000000,29,24,0,,0,321,2016-01_to_2018-05,0
442191,non_list1,excluded,insufficient_positive_pre_months|direct_policy_scope_overlap,298459351,0,0.000000000000,17,24,0,us_301_list3_2018,0,321|337|339,2016-01_to_2018-05,0
442199,non_list1,excluded,insufficient_positive_pre_months|direct_policy_scope_overlap,691317728,0,0.000000000000,17,24,0,us_301_list3_2018,0,321|337|339,2016-01_to_2018-05,0
450110,non_list1,excluded,insufficient_positive_pre_months|direct_policy_scope_overlap,282510,0,0.000000000000,8,24,0,us_301_list3_2018,0,321,2016-01_to_2018-05,0
450190,non_list1,excluded,insufficient_positive_pre_months|direct_policy_scope_overlap,22848,0,0.000000000000,2,24,0,us_301_list3_2018,0,321,2016-01_to_2018-05,0
450200,non_list1,excluded,direct_policy_scope_overlap,498098,0,0.000000000000,24,24,0,us_301_list3_2018,0,321,2016-01_to_2018-05,0
450310,non_list1,excluded,direct_policy_scope_overlap,1697604,0,0.000000000000,29,24,0,us_301_list3_2018,0,321,2016-01_to_2018-05,0
450390,non_list1,excluded,direct_policy_scope_overlap,2379597,0,0.000000000000,29,24,0,us_301_list3_2018,0,321,2016-01_to_2018-05,0
450410,non_list1,excluded,direct_policy_scope_overlap,14376897,0,0.000000000000,29,24,0,us_301_list3_2018,0,321,2016-01_to_2018-05,0
450490,non_list1,excluded,direct_policy_scope_overlap,37799626,0,0.000000000000,29,24,0,us_301_list3_2018,0,321,2016-01_to_2018-05,0
460121,non_list1,excluded,direct_policy_scope_overlap,5455918,0,0.000000000000,29,24,0,us_301_list3_2018,0,321,2016-01_to_2018-05,0
460122,non_list1,excluded,insufficient_positive_pre_months|direct_policy_scope_overlap,161886,0,0.000000000000,9,24,0,us_301_list3_2018,0,321,2016-01_to_2018-05,0
460129,non_list1,excluded,direct_policy_scope_overlap,3763417,0,0.000000000000,29,24,0,us_301_list3_2018,0,321,2016-01_to_2018-05,0
460192,non_list1,excluded,direct_policy_scope_overlap,7217914,0,0.000000000000,29,24,0,us_301_list3_2018,0,321,2016-01_to_2018-05,0
460193,non_list1,excluded,direct_policy_scope_overlap,1330672,0,0.000000000000,29,24,0,us_301_list3_2018,0,321,2016-01_to_2018-05,0
460194,non_list1,excluded,direct_policy_scope_overlap,15134273,0,0.000000000000,29,24,0,us_301_list3_2018,0,321,2016-01_to_2018-05,0
460199,non_list1,excluded,direct_policy_scope_overlap,7430389,0,0.000000000000,29,24,0,us_301_list3_2018,0,321,2016-01_to_2018-05,0
460211,non_list1,excluded,direct_policy_scope_overlap,80744681,0,0.000000000000,29,24,0,us_301_list3_2018,0,316|321|339,2016-01_to_2018-05,0
460212,non_list1,excluded,direct_policy_scope_overlap,22726703,0,0.000000000000,29,24,0,us_301_list3_2018,0,316|321|339,2016-01_to_2018-05,0
460219,non_list1,excluded,direct_policy_scope_overlap,300588652,0,0.000000000000,29,24,0,us_301_list3_2018,0,316|321|339,2016-01_to_2018-05,0
460290,non_list1,excluded,direct_policy_scope_overlap,294425314,0,0.000000000000,29,24,0,us_301_list3_2018,0,321,2016-01_to_2018-05,0
470100,non_list1,excluded,insufficient_positive_pre_months|direct_policy_scope_overlap,0,0,0.000000000000,0,24,0,us_301_list3_2018,0,322,2016-01_to_2018-05,0
470200,non_list1,excluded,insufficient_positive_pre_months|direct_policy_scope_overlap,112264,0,0.000000000000,2,24,0,us_301_list3_2018,0,322,2016-01_to_2018-05,0
470311,non_list1,excluded,insufficient_positive_pre_months|direct_policy_scope_overlap,0,0,0.000000000000,0,24,0,us_301_list3_2018,0,322,2016-01_to_2018-05,0
470319,non_list1,excluded,insufficient_positive_pre_months|direct_policy_scope_overlap,0,0,0.000000000000,0,24,0,us_301_list3_2018,0,322,2016-01_to_2018-05,0
470321,non_list1,excluded,insufficient_positive_pre_months|direct_policy_scope_overlap,0,0,0.000000000000,0,24,0,us_301_list3_2018,0,322,2016-01_to_2018-05,0
470329,non_list1,excluded,insufficient_positive_pre_months|direct_policy_scope_overlap,13303,0,0.000000000000,1,24,0,us_301_list3_2018,0,322,2016-01_to_2018-05,0
470411,non_list1,excluded,insufficient_positive_pre_months|direct_policy_scope_overlap,14604,0,0.000000000000,1,24,0,us_301_list3_2018,0,322,2016-01_to_2018-05,0
470421,non_list1,excluded,insufficient_positive_pre_months|direct_policy_scope_overlap,0,0,0.000000000000,0,24,0,us_301_list3_2018,0,322,2016-01_to_2018-05,0
470429,non_list1,excluded,insufficient_positive_pre_months|direct_policy_scope_overlap,0,0,0.000000000000,0,24,0,us_301_list3_2018,0,322,2016-01_to_2018-05,0
470500,non_list1,excluded,insufficient_positive_pre_months|direct_policy_scope_overlap,233629,0,0.000000000000,9,24,0,us_301_list3_2018,0,322,2016-01_to_2018-05,0
470610,non_list1,excluded,direct_policy_scope_overlap,8778728,0,0.000000000000,24,24,0,us_301_list3_2018,0,322,2016-01_to_2018-05,0
470620,non_list1,excluded,direct_policy_scope_overlap,335118,0,0.000000000000,25,24,0,us_301_list3_2018,0,322,2016-01_to_2018-05,0
470630,non_list1,excluded,insufficient_positive_pre_months|direct_policy_scope_overlap,523777,0,0.000000000000,13,24,0,us_301_list3_2018,0,322,2016-01_to_2018-05,0
470691,non_list1,excluded,insufficient_positive_pre_months|direct_policy_scope_overlap,9223,0,0.000000000000,2,24,0,us_301_list3_2018,0,322,2016-01_to_2018-05,0
470692,non_list1,excluded,insufficient_positive_pre_months|direct_policy_scope_overlap,186705,0,0.000000000000,6,24,0,us_301_list3_2018,0,322,2016-01_to_2018-05,0
470693,non_list1,excluded,insufficient_positive_pre_months|direct_policy_scope_overlap,97368,0,0.000000000000,4,24,0,us_301_list3_2018,0,322,2016-01_to_2018-05,0
470710,non_list1,excluded,insufficient_positive_pre_months|direct_policy_scope_overlap,250373,0,0.000000000000,15,24,0,us_301_list3_2018,0,910,2016-01_to_2018-05,0
470720,non_list1,excluded,insufficient_positive_pre_months|direct_policy_scope_overlap,18986,0,0.000000000000,4,24,0,us_301_list3_2018,0,910,2016-01_to_2018-05,0
470730,non_list1,excluded,insufficient_positive_pre_months|direct_policy_scope_overlap,168999,0,0.000000000000,11,24,0,us_301_list3_2018,0,910,2016-01_to_2018-05,0
470790,non_list1,excluded,insufficient_positive_pre_months|direct_policy_scope_overlap,82723,0,0.000000000000,5,24,0,us_301_list3_2018,0,910,2016-01_to_2018-05,0
480100,non_list1,excluded,insufficient_positive_pre_months|direct_policy_scope_overlap,67284,0,0.000000000000,6,24,0,us_301_list3_2018,0,322,2016-01_to_2018-05,0
480210,non_list1,excluded,insufficient_positive_pre_months|direct_policy_scope_overlap,761991,0,0.000000000000,21,24,0,us_301_list3_2018,0,322,2016-01_to_2018-05,0
480220,non_list1,excluded,direct_policy_scope_overlap,1469974,0,0.000000000000,26,24,0,us_301_list3_2018,0,322,2016-01_to_2018-05,0
480240,non_list1,excluded,insufficient_positive_pre_months|direct_policy_scope_overlap,127117,0,0.000000000000,11,24,0,us_301_list3_2018,0,322,2016-01_to_2018-05,0
480254,non_list1,excluded,direct_policy_scope_overlap,864341,0,0.000000000000,29,24,0,us_301_list3_2018,0,322,2016-01_to_2018-05,0
480255,non_list1,excluded,direct_policy_scope_overlap,4022815,0,0.000000000000,29,24,0,us_301_list3_2018,0,322,2016-01_to_2018-05,0
480256,non_list1,excluded,direct_policy_scope_overlap,605344,0,0.000000000000,26,24,0,us_301_list3_2018,0,322,2016-01_to_2018-05,0
480257,non_list1,excluded,insufficient_positive_pre_months|direct_policy_scope_overlap,1175022,0,0.000000000000,17,24,0,us_301_list3_2018,0,322,2016-01_to_2018-05,0
480258,non_list1,excluded,direct_policy_scope_overlap,1871384,0,0.000000000000,28,24,0,us_301_list3_2018,0,322,2016-01_to_2018-05,0
480261,non_list1,excluded,insufficient_positive_pre_months|direct_policy_scope_overlap,609286,0,0.000000000000,17,24,0,us_301_list3_2018,0,322,2016-01_to_2018-05,0
480262,non_list1,excluded,insufficient_positive_pre_months|direct_policy_scope_overlap,373787,0,0.000000000000,15,24,0,us_301_list3_2018,0,322,2016-01_to_2018-05,0
480269,non_list1,excluded,direct_policy_scope_overlap,2692835,0,0.000000000000,29,24,0,us_301_list3_2018,0,322,2016-01_to_2018-05,0
480300,non_list1,excluded,direct_policy_scope_overlap,47187237,0,0.000000000000,29,24,0,us_301_list3_2018,0,322,2016-01_to_2018-05,0
480411,non_list1,excluded,insufficient_positive_pre_months|direct_policy_scope_overlap,53510,0,0.000000000000,7,24,0,us_301_list3_2018,0,322,2016-01_to_2018-05,0
480419,non_list1,excluded,insufficient_positive_pre_months|direct_policy_scope_overlap,45404,0,0.000000000000,3,24,0,us_301_list3_2018,0,322,2016-01_to_2018-05,0
480421,non_list1,excluded,insufficient_positive_pre_months|direct_policy_scope_overlap,106950,0,0.000000000000,11,24,0,us_301_list3_2018,0,322,2016-01_to_2018-05,0
480429,non_list1,excluded,insufficient_positive_pre_months|direct_policy_scope_overlap,47343,0,0.000000000000,5,24,0,us_301_list3_2018,0,322,2016-01_to_2018-05,0
480431,non_list1,excluded,direct_policy_scope_overlap,2774888,0,0.000000000000,29,24,0,us_301_list3_2018,0,322,2016-01_to_2018-05,0
480439,non_list1,excluded,direct_policy_scope_overlap,5344606,0,0.000000000000,29,24,0,us_301_list3_2018,0,322,2016-01_to_2018-05,0
480441,non_list1,excluded,insufficient_positive_pre_months|direct_policy_scope_overlap,91528,0,0.000000000000,11,24,0,us_301_list3_2018,0,322,2016-01_to_2018-05,0
480442,non_list1,excluded,insufficient_positive_pre_months|direct_policy_scope_overlap,148669,0,0.000000000000,15,24,0,us_301_list3_2018,0,322,2016-01_to_2018-05,0
480449,non_list1,excluded,insufficient_positive_pre_months|direct_policy_scope_overlap,820061,0,0.000000000000,23,24,0,us_301_list3_2018,0,322,2016-01_to_2018-05,0
480451,non_list1,excluded,insufficient_positive_pre_months|direct_policy_scope_overlap,155939,0,0.000000000000,10,24,0,us_301_list3_2018,0,322,2016-01_to_2018-05,0
480452,non_list1,excluded,insufficient_positive_pre_months|direct_policy_scope_overlap,283456,0,0.000000000000,18,24,0,us_301_list3_2018,0,322,2016-01_to_2018-05,0
480459,non_list1,excluded,insufficient_positive_pre_months|direct_policy_scope_overlap,211256,0,0.000000000000,13,24,0,us_301_list3_2018,0,322,2016-01_to_2018-05,0
480511,non_list1,excluded,insufficient_positive_pre_months|direct_policy_scope_overlap,24625,0,0.000000000000,7,24,0,us_301_list3_2018,0,322,2016-01_to_2018-05,0
480512,non_list1,excluded,insufficient_positive_pre_months|direct_policy_scope_overlap,0,0,0.000000000000,0,24,0,us_301_list3_2018,0,322,2016-01_to_2018-05,0
480519,non_list1,excluded,insufficient_positive_pre_months|direct_policy_scope_overlap,165115,0,0.000000000000,10,24,0,us_301_list3_2018,0,322,2016-01_to_2018-05,0
480524,non_list1,excluded,insufficient_positive_pre_months|direct_policy_scope_overlap,7200,0,0.000000000000,2,24,0,us_301_list3_2018,0,322,2016-01_to_2018-05,0
480525,non_list1,excluded,insufficient_positive_pre_months|direct_policy_scope_overlap,26034,0,0.000000000000,1,24,0,us_301_list3_2018,0,322,2016-01_to_2018-05,0
480530,non_list1,excluded,insufficient_positive_pre_months|direct_policy_scope_overlap,291193,0,0.000000000000,14,24,0,us_301_list3_2018,0,322,2016-01_to_2018-05,0
480540,non_list1,excluded,direct_policy_scope_overlap,3147053,0,0.000000000000,28,24,0,us_301_list3_2018,0,322,2016-01_to_2018-05,0
480550,non_list1,excluded,insufficient_positive_pre_months|direct_policy_scope_overlap,44777,0,0.000000000000,7,24,0,us_301_list3_2018,0,322,2016-01_to_2018-05,0
480591,non_list1,excluded,direct_policy_scope_overlap,1364841,0,0.000000000000,26,24,0,us_301_list3_2018,0,322,2016-01_to_2018-05,0
480592,non_list1,excluded,insufficient_positive_pre_months|direct_policy_scope_overlap,1125378,0,0.000000000000,21,24,0,us_301_list3_2018,0,322,2016-01_to_2018-05,0
480593,non_list1,excluded,direct_policy_scope_overlap,2345536,0,0.000000000000,28,24,0,us_301_list3_2018,0,322,2016-01_to_2018-05,0
480610,non_list1,excluded,direct_policy_scope_overlap,3153271,0,0.000000000000,29,24,0,us_301_list3_2018,0,322,2016-01_to_2018-05,0
480620,non_list1,excluded,direct_policy_scope_overlap,1523743,0,0.000000000000,29,24,0,us_301_list3_2018,0,322,2016-01_to_2018-05,0
480630,non_list1,excluded,insufficient_positive_pre_months|direct_policy_scope_overlap,413678,0,0.000000000000,13,24,0,us_301_list3_2018,0,322,2016-01_to_2018-05,0
480640,non_list1,excluded,direct_policy_scope_overlap,10082641,0,0.000000000000,28,24,0,us_301_list3_2018,0,322,2016-01_to_2018-05,0
480700,non_list1,excluded,direct_policy_scope_overlap,1610023,0,0.000000000000,29,24,0,us_301_list3_2018,0,322,2016-01_to_2018-05,0
480810,non_list1,excluded,direct_policy_scope_overlap,12489328,0,0.000000000000,29,24,0,us_301_list3_2018,0,322,2016-01_to_2018-05,0
480840,non_list1,excluded,direct_policy_scope_overlap,934146,0,0.000000000000,28,24,0,us_301_list3_2018,0,322,2016-01_to_2018-05,0
480890,non_list1,excluded,direct_policy_scope_overlap,2156425,0,0.000000000000,29,24,0,us_301_list3_2018,0,322,2016-01_to_2018-05,0
480920,non_list1,excluded,insufficient_positive_pre_months|direct_policy_scope_overlap,207830,0,0.000000000000,17,24,0,us_301_list3_2018,0,322,2016-01_to_2018-05,0
480990,non_list1,excluded,direct_policy_scope_overlap,2806515,0,0.000000000000,29,24,0,us_301_list3_2018,0,339,2016-01_to_2018-05,0
481013,non_list1,excluded,direct_policy_scope_overlap,12768747,0,0.000000000000,29,24,0,us_301_list3_2018,0,322,2016-01_to_2018-05,0
481014,non_list1,excluded,direct_policy_scope_overlap,7713975,0,0.000000000000,29,24,0,us_301_list3_2018,0,322,2016-01_to_2018-05,0
481019,non_list1,excluded,direct_policy_scope_overlap,1581293,0,0.000000000000,26,24,0,us_301_list3_2018,0,322,2016-01_to_2018-05,0
481022,non_list1,excluded,direct_policy_scope_overlap,725434,0,0.000000000000,27,24,0,us_301_list3_2018,0,322,2016-01_to_2018-05,0
481029,non_list1,excluded,direct_policy_scope_overlap,2863066,0,0.000000000000,29,24,0,us_301_list3_2018,0,322,2016-01_to_2018-05,0
481031,non_list1,excluded,direct_policy_scope_overlap,2578467,0,0.000000000000,28,24,0,us_301_list3_2018,0,322,2016-01_to_2018-05,0
481032,non_list1,excluded,direct_policy_scope_overlap,8274916,0,0.000000000000,29,24,0,us_301_list3_2018,0,322,2016-01_to_2018-05,0
481039,non_list1,excluded,direct_policy_scope_overlap,4155730,0,0.000000000000,29,24,0,us_301_list3_2018,0,322,2016-01_to_2018-05,0
481092,non_list1,excluded,direct_policy_scope_overlap,204179061,0,0.000000000000,29,24,0,us_301_list3_2018,0,322,2016-01_to_2018-05,0
481099,non_list1,excluded,direct_policy_scope_overlap,32875581,0,0.000000000000,29,24,0,us_301_list3_2018,0,322,2016-01_to_2018-05,0
481110,non_list1,excluded,insufficient_positive_pre_months|direct_policy_scope_overlap,441847,0,0.000000000000,18,24,0,us_301_list3_2018,0,322,2016-01_to_2018-05,0
481141,non_list1,excluded,direct_policy_scope_overlap,86957776,0,0.000000000000,29,24,0,us_301_list3_2018,0,322,2016-01_to_2018-05,0
481149,non_list1,excluded,direct_policy_scope_overlap,2347007,0,0.000000000000,29,24,0,us_301_list3_2018,0,322,2016-01_to_2018-05,0
481151,non_list1,excluded,direct_policy_scope_overlap,10159497,0,0.000000000000,29,24,0,us_301_list3_2018,0,322,2016-01_to_2018-05,0
481159,non_list1,excluded,direct_policy_scope_overlap,32447408,0,0.000000000000,29,24,0,us_301_list3_2018,0,322,2016-01_to_2018-05,0
481160,non_list1,excluded,direct_policy_scope_overlap,3691912,0,0.000000000000,29,24,0,us_301_list3_2018,0,322,2016-01_to_2018-05,0
481190,non_list1,excluded,direct_policy_scope_overlap,282010677,0,0.000000000000,29,24,0,us_301_list3_2018,0,322,2016-01_to_2018-05,0
481200,non_list1,excluded,direct_policy_scope_overlap,1681658,0,0.000000000000,27,24,0,us_301_list3_2018,0,322,2016-01_to_2018-05,0
481310,non_list1,excluded,direct_policy_scope_overlap,2760001,0,0.000000000000,26,24,0,us_301_list3_2018,0,322,2016-01_to_2018-05,0
481320,non_list1,excluded,insufficient_positive_pre_months|direct_policy_scope_overlap,22616,0,0.000000000000,5,24,0,us_301_list3_2018,0,322,2016-01_to_2018-05,0
481390,non_list1,excluded,insufficient_positive_pre_months|direct_policy_scope_overlap,280903,0,0.000000000000,18,24,0,us_301_list3_2018,0,322,2016-01_to_2018-05,0
481420,non_list1,control_candidate,,15775554,0,0.000000000000,29,24,0,,0,322,2016-01_to_2018-05,0
481490,non_list1,control_candidate,,11440141,0,0.000000000000,29,24,0,,0,322,2016-01_to_2018-05,0
481620,non_list1,excluded,direct_policy_scope_overlap,839908,0,0.000000000000,25,24,0,us_301_list3_2018,0,339,2016-01_to_2018-05,0
481690,non_list1,excluded,direct_policy_scope_overlap,3651283,0,0.000000000000,29,24,0,us_301_list3_2018,0,339,2016-01_to_2018-05,0
481710,non_list1,excluded,direct_policy_scope_overlap,35370146,0,0.000000000000,29,24,0,us_301_list3_2018,0,322,2016-01_to_2018-05,0
481720,non_list1,excluded,direct_policy_scope_overlap,35442712,0,0.000000000000,29,24,0,us_301_list3_2018,0,322,2016-01_to_2018-05,0
481730,non_list1,excluded,direct_policy_scope_overlap,24916359,0,0.000000000000,29,24,0,us_301_list3_2018,0,322,2016-01_to_2018-05,0
481810,non_list1,excluded,direct_policy_scope_overlap,174076040,0,0.000000000000,29,24,0,us_301_list3_2018,0,322,2016-01_to_2018-05,0
481820,non_list1,excluded,direct_policy_scope_overlap,222952972,0,0.000000000000,29,24,0,us_301_list3_2018,0,322,2016-01_to_2018-05,0
481830,non_list1,excluded,direct_policy_scope_overlap,256682811,0,0.000000000000,29,24,0,us_301_list3_2018,0,322,2016-01_to_2018-05,0
481850,non_list1,excluded,direct_policy_scope_overlap,10845086,0,0.000000000000,29,24,0,us_301_list3_2018,0,315,2016-01_to_2018-05,0
481890,non_list1,control_candidate,,646879328,0,0.000000000000,29,24,0,,0,322,2016-01_to_2018-05,0
481910,non_list1,excluded,direct_policy_scope_overlap,438317962,0,0.000000000000,29,24,0,us_301_list3_2018,0,322,2016-01_to_2018-05,0
481920,non_list1,excluded,direct_policy_scope_overlap,499667225,0,0.000000000000,29,24,0,us_301_list3_2018,0,322,2016-01_to_2018-05,0
481930,non_list1,excluded,direct_policy_scope_overlap,122423242,0,0.000000000000,29,24,0,us_301_list3_2018,0,322,2016-01_to_2018-05,0
481940,non_list1,excluded,direct_policy_scope_overlap,874552313,0,0.000000000000,29,24,0,us_301_list3_2018,0,322,2016-01_to_2018-05,0
481950,non_list1,excluded,direct_policy_scope_overlap,559639770,0,0.000000000000,29,24,0,us_301_list3_2018,0,322,2016-01_to_2018-05,0
481960,non_list1,excluded,direct_policy_scope_overlap,42374060,0,0.000000000000,29,24,0,us_301_list3_2018,0,322,2016-01_to_2018-05,0
482010,non_list1,excluded,direct_policy_scope_overlap,972374443,0,0.000000000000,29,24,0,us_301_list3_2018,0,322|323,2016-01_to_2018-05,0
482020,non_list1,excluded,direct_policy_scope_overlap,15177551,0,0.000000000000,29,24,0,us_301_list3_2018,0,322,2016-01_to_2018-05,0
482030,non_list1,excluded,direct_policy_scope_overlap,325571659,0,0.000000000000,29,24,0,us_301_list3_2018,0,323,2016-01_to_2018-05,0
482040,non_list1,excluded,direct_policy_scope_overlap,3526337,0,0.000000000000,29,24,0,us_301_list3_2018,0,323,2016-01_to_2018-05,0
482050,non_list1,excluded,direct_policy_scope_overlap,26206209,0,0.000000000000,29,24,0,us_301_list3_2018,0,323,2016-01_to_2018-05,0
482090,non_list1,excluded,direct_policy_scope_overlap,17422119,0,0.000000000000,29,24,0,us_301_list3_2018,0,323,2016-01_to_2018-05,0
482110,non_list1,excluded,direct_policy_scope_overlap,137559254,0,0.000000000000,29,24,0,us_301_list3_2018,0,323,2016-01_to_2018-05,0
482190,non_list1,excluded,direct_policy_scope_overlap,71587825,0,0.000000000000,29,24,0,us_301_list3_2018,0,322,2016-01_to_2018-05,0
482210,non_list1,excluded,insufficient_positive_pre_months|direct_policy_scope_overlap,209811,0,0.000000000000,14,24,0,us_301_list3_2018,0,322,2016-01_to_2018-05,0
482290,non_list1,excluded,insufficient_positive_pre_months|direct_policy_scope_overlap,665074,0,0.000000000000,23,24,0,us_301_list3_2018,0,322,2016-01_to_2018-05,0
482320,non_list1,excluded,direct_policy_scope_overlap,40894669,0,0.000000000000,29,24,0,us_301_list3_2018,0,322,2016-01_to_2018-05,0
482340,non_list1,excluded,direct_policy_scope_overlap,1750208,0,0.000000000000,28,24,0,us_301_list3_2018,0,323,2016-01_to_2018-05,0
482361,non_list1,excluded,direct_policy_scope_overlap,5348540,0,0.000000000000,29,24,0,us_301_list3_2018,0,322,2016-01_to_2018-05,0
482369,non_list1,excluded,direct_policy_scope_overlap,506572757,0,0.000000000000,29,24,0,us_301_list3_2018,0,322,2016-01_to_2018-05,0
482370,non_list1,excluded,direct_policy_scope_overlap,190070946,0,0.000000000000,29,24,0,us_301_list3_2018,0,322,2016-01_to_2018-05,0
482390,non_list1,excluded,direct_policy_scope_overlap,467246245,0,0.000000000000,29,24,0,us_301_list3_2018,0,322|327|339,2016-01_to_2018-05,0
490110,non_list1,control_candidate,,117218708,0,0.000000000000,29,24,0,,0,323,2016-01_to_2018-05,0
490191,non_list1,control_candidate,,1686468,0,0.000000000000,27,24,0,,0,323,2016-01_to_2018-05,0
490199,non_list1,control_candidate,,1856419459,0,0.000000000000,29,24,0,,0,323,2016-01_to_2018-05,0
490210,non_list1,excluded,insufficient_positive_pre_months,39061,0,0.000000000000,3,24,0,,0,323,2016-01_to_2018-05,0
490290,non_list1,control_candidate,,5608790,0,0.000000000000,29,24,0,,0,323,2016-01_to_2018-05,0
490300,non_list1,control_candidate,,577773161,0,0.000000000000,29,24,0,,0,323,2016-01_to_2018-05,0
490400,non_list1,excluded,insufficient_positive_pre_months,356328,0,0.000000000000,13,24,0,,0,323,2016-01_to_2018-05,0
490510,non_list1,control_candidate,,6851479,0,0.000000000000,29,24,0,,0,323,2016-01_to_2018-05,0
490591,non_list1,control_candidate,,5024934,0,0.000000000000,25,24,0,,0,323,2016-01_to_2018-05,0
490599,non_list1,control_candidate,,15441155,0,0.000000000000,29,24,0,,0,323,2016-01_to_2018-05,0
490600,non_list1,excluded,insufficient_positive_pre_months,604532,0,0.000000000000,23,24,0,,0,990,2016-01_to_2018-05,0
490700,non_list1,control_candidate,,4897397,0,0.000000000000,29,24,0,,0,323,2016-01_to_2018-05,0
490810,non_list1,control_candidate,,6464205,0,0.000000000000,29,24,0,,0,323,2016-01_to_2018-05,0
490890,non_list1,control_candidate,,34116914,0,0.000000000000,29,24,0,,0,323,2016-01_to_2018-05,0
490900,non_list1,control_candidate,,941314759,0,0.000000000000,29,24,0,,0,323,2016-01_to_2018-05,0
491000,non_list1,control_candidate,,200683534,0,0.000000000000,29,24,0,,0,323,2016-01_to_2018-05,0
491110,non_list1,control_candidate,,85501791,0,0.000000000000,29,24,0,,0,323,2016-01_to_2018-05,0
491191,non_list1,control_candidate,,643564411,0,0.000000000000,29,24,0,,0,323|930,2016-01_to_2018-05,0
491199,non_list1,control_candidate,,605243487,0,0.000000000000,29,24,0,,0,323,2016-01_to_2018-05,0
500100,non_list1,excluded,insufficient_positive_pre_months|direct_policy_scope_overlap,17300,0,0.000000000000,3,24,0,us_301_list3_2018,0,112,2016-01_to_2018-05,0
500200,non_list1,excluded,insufficient_positive_pre_months|direct_policy_scope_overlap,18190,0,0.000000000000,5,24,0,us_301_list3_2018,0,112,2016-01_to_2018-05,0
500300,non_list1,excluded,insufficient_positive_pre_months|direct_policy_scope_overlap,461564,0,0.000000000000,20,24,0,us_301_list3_2018,0,112|314,2016-01_to_2018-05,0
500400,non_list1,excluded,direct_policy_scope_overlap,4378199,0,0.000000000000,27,24,0,us_301_list3_2018,0,313,2016-01_to_2018-05,0
500500,non_list1,excluded,direct_policy_scope_overlap,1306868,0,0.000000000000,29,24,0,us_301_list3_2018,0,313,2016-01_to_2018-05,0
500600,non_list1,excluded,direct_policy_scope_overlap,640183,0,0.000000000000,29,24,0,us_301_list3_2018,0,313,2016-01_to_2018-05,0
500710,non_list1,excluded,direct_policy_scope_overlap,2201358,0,0.000000000000,29,24,0,us_301_list3_2018,0,313,2016-01_to_2018-05,0
500720,non_list1,excluded,direct_policy_scope_overlap,49661040,0,0.000000000000,29,24,0,us_301_list3_2018,0,313,2016-01_to_2018-05,0
500790,non_list1,excluded,direct_policy_scope_overlap,3189542,0,0.000000000000,29,24,0,us_301_list3_2018,0,313,2016-01_to_2018-05,0
510111,non_list1,excluded,insufficient_positive_pre_months|direct_policy_scope_overlap,6660,0,0.000000000000,2,24,0,us_301_list3_2018,0,112,2016-01_to_2018-05,0
510119,non_list1,excluded,insufficient_positive_pre_months|direct_policy_scope_overlap,0,0,0.000000000000,0,24,0,us_301_list3_2018,0,311,2016-01_to_2018-05,0
510121,non_list1,excluded,insufficient_positive_pre_months|direct_policy_scope_overlap,27863,0,0.000000000000,2,24,0,us_301_list3_2018,0,313,2016-01_to_2018-05,0
510129,non_list1,excluded,insufficient_positive_pre_months|direct_policy_scope_overlap,1845,0,0.000000000000,1,24,0,us_301_list3_2018,0,313,2016-01_to_2018-05,0
510130,non_list1,excluded,insufficient_positive_pre_months|direct_policy_scope_overlap,539431,0,0.000000000000,5,24,0,us_301_list3_2018,0,313,2016-01_to_2018-05,0
510211,non_list1,excluded,insufficient_positive_pre_months|direct_policy_scope_overlap,5914,0,0.000000000000,1,24,0,us_301_list3_2018,0,112,2016-01_to_2018-05,0
510219,non_list1,excluded,insufficient_positive_pre_months|direct_policy_scope_overlap,80403,0,0.000000000000,6,24,0,us_301_list3_2018,0,112,2016-01_to_2018-05,0
510220,non_list1,excluded,insufficient_positive_pre_months|direct_policy_scope_overlap,9398,0,0.000000000000,3,24,0,us_301_list3_2018,0,112,2016-01_to_2018-05,0
510310,non_list1,excluded,insufficient_positive_pre_months|direct_policy_scope_overlap,1152914,0,0.000000000000,17,24,0,us_301_list3_2018,0,314,2016-01_to_2018-05,0
510320,non_list1,excluded,insufficient_positive_pre_months|direct_policy_scope_overlap,14691,0,0.000000000000,1,24,0,us_301_list3_2018,0,314,2016-01_to_2018-05,0
510330,non_list1,excluded,insufficient_positive_pre_months|direct_policy_scope_overlap,0,0,0.000000000000,0,24,0,us_301_list3_2018,0,314,2016-01_to_2018-05,0
510400,non_list1,excluded,insufficient_positive_pre_months|direct_policy_scope_overlap,21231,0,0.000000000000,4,24,0,us_301_list3_2018,0,314,2016-01_to_2018-05,0
510510,non_list1,excluded,insufficient_positive_pre_months|direct_policy_scope_overlap,53793,0,0.000000000000,4,24,0,us_301_list3_2018,0,313,2016-01_to_2018-05,0
510521,non_list1,excluded,insufficient_positive_pre_months|direct_policy_scope_overlap,0,0,0.000000000000,0,24,0,us_301_list3_2018,0,313,2016-01_to_2018-05,0
510529,non_list1,excluded,direct_policy_scope_overlap,8662654,0,0.000000000000,26,24,0,us_301_list3_2018,0,313,2016-01_to_2018-05,0
510531,non_list1,excluded,insufficient_positive_pre_months|direct_policy_scope_overlap,41478,0,0.000000000000,6,24,0,us_301_list3_2018,0,313,2016-01_to_2018-05,0
510539,non_list1,excluded,insufficient_positive_pre_months|direct_policy_scope_overlap,124547,0,0.000000000000,7,24,0,us_301_list3_2018,0,313,2016-01_to_2018-05,0
510540,non_list1,excluded,insufficient_positive_pre_months|direct_policy_scope_overlap,131345,0,0.000000000000,9,24,0,us_301_list3_2018,0,313,2016-01_to_2018-05,0
510610,non_list1,excluded,direct_policy_scope_overlap,2099254,0,0.000000000000,27,24,0,us_301_list3_2018,0,313,2016-01_to_2018-05,0
510620,non_list1,excluded,insufficient_positive_pre_months|direct_policy_scope_overlap,449182,0,0.000000000000,20,24,0,us_301_list3_2018,0,313,2016-01_to_2018-05,0
510710,non_list1,excluded,direct_policy_scope_overlap,10205574,0,0.000000000000,29,24,0,us_301_list3_2018,0,313,2016-01_to_2018-05,0
510720,non_list1,excluded,insufficient_positive_pre_months|direct_policy_scope_overlap,212024,0,0.000000000000,21,24,0,us_301_list3_2018,0,313,2016-01_to_2018-05,0
510810,non_list1,excluded,direct_policy_scope_overlap,1092997,0,0.000000000000,29,24,0,us_301_list3_2018,0,313,2016-01_to_2018-05,0
510820,non_list1,excluded,direct_policy_scope_overlap,362688,0,0.000000000000,24,24,0,us_301_list3_2018,0,313,2016-01_to_2018-05,0
510910,non_list1,excluded,direct_policy_scope_overlap,5049623,0,0.000000000000,29,24,0,us_301_list3_2018,0,313,2016-01_to_2018-05,0
510990,non_list1,excluded,direct_policy_scope_overlap,3444554,0,0.000000000000,28,24,0,us_301_list3_2018,0,313,2016-01_to_2018-05,0
511000,non_list1,excluded,insufficient_positive_pre_months|direct_policy_scope_overlap,47951,0,0.000000000000,7,24,0,us_301_list3_2018,0,313,2016-01_to_2018-05,0
511111,non_list1,excluded,direct_policy_scope_overlap,587454,0,0.000000000000,28,24,0,us_301_list3_2018,0,313,2016-01_to_2018-05,0
511119,non_list1,excluded,direct_policy_scope_overlap,1338349,0,0.000000000000,28,24,0,us_301_list3_2018,0,313,2016-01_to_2018-05,0
511120,non_list1,excluded,insufficient_positive_pre_months|direct_policy_scope_overlap,471887,0,0.000000000000,20,24,0,us_301_list3_2018,0,313,2016-01_to_2018-05,0
511130,non_list1,excluded,direct_policy_scope_overlap,651293,0,0.000000000000,27,24,0,us_301_list3_2018,0,313,2016-01_to_2018-05,0
511190,non_list1,excluded,insufficient_positive_pre_months|direct_policy_scope_overlap,174936,0,0.000000000000,14,24,0,us_301_list3_2018,0,313,2016-01_to_2018-05,0
511211,non_list1,excluded,direct_policy_scope_overlap,13158885,0,0.000000000000,29,24,0,us_301_list3_2018,0,313,2016-01_to_2018-05,0
511219,non_list1,excluded,direct_policy_scope_overlap,2151302,0,0.000000000000,29,24,0,us_301_list3_2018,0,313,2016-01_to_2018-05,0
511220,non_list1,excluded,insufficient_positive_pre_months|direct_policy_scope_overlap,158063,0,0.000000000000,13,24,0,us_301_list3_2018,0,313,2016-01_to_2018-05,0
511230,non_list1,excluded,direct_policy_scope_overlap,444459,0,0.000000000000,24,24,0,us_301_list3_2018,0,313,2016-01_to_2018-05,0
511290,non_list1,excluded,insufficient_positive_pre_months|direct_policy_scope_overlap,62112,0,0.000000000000,18,24,0,us_301_list3_2018,0,313,2016-01_to_2018-05,0
511300,non_list1,excluded,insufficient_positive_pre_months|direct_policy_scope_overlap,239511,0,0.000000000000,16,24,0,us_301_list3_2018,0,313,2016-01_to_2018-05,0
520100,non_list1,excluded,insufficient_positive_pre_months|direct_policy_scope_overlap,10949,0,0.000000000000,6,24,0,us_301_list3_2018,0,111,2016-01_to_2018-05,0
520210,non_list1,excluded,insufficient_positive_pre_months|direct_policy_scope_overlap,9742,0,0.000000000000,2,24,0,us_301_list3_2018,0,314,2016-01_to_2018-05,0
520291,non_list1,excluded,insufficient_positive_pre_months|direct_policy_scope_overlap,0,0,0.000000000000,0,24,0,us_301_list3_2018,0,314,2016-01_to_2018-05,0
520299,non_list1,excluded,insufficient_positive_pre_months|direct_policy_scope_overlap,29700,0,0.000000000000,7,24,0,us_301_list3_2018,0,314,2016-01_to_2018-05,0
520300,non_list1,excluded,insufficient_positive_pre_months|direct_policy_scope_overlap,191663,0,0.000000000000,14,24,0,us_301_list3_2018,0,313,2016-01_to_2018-05,0
520411,non_list1,excluded,direct_policy_scope_overlap,1902989,0,0.000000000000,29,24,0,us_301_list3_2018,0,313,2016-01_to_2018-05,0
520419,non_list1,excluded,insufficient_positive_pre_months|direct_policy_scope_overlap,145751,0,0.000000000000,22,24,0,us_301_list3_2018,0,313,2016-01_to_2018-05,0
520420,non_list1,excluded,direct_policy_scope_overlap,490079,0,0.000000000000,29,24,0,us_301_list3_2018,0,313,2016-01_to_2018-05,0
520511,non_list1,excluded,direct_policy_scope_overlap,1052452,0,0.000000000000,29,24,0,us_301_list3_2018,0,313,2016-01_to_2018-05,0
520512,non_list1,excluded,insufficient_positive_pre_months|direct_policy_scope_overlap,237765,0,0.000000000000,16,24,0,us_301_list3_2018,0,313,2016-01_to_2018-05,0
520513,non_list1,excluded,insufficient_positive_pre_months|direct_policy_scope_overlap,466062,0,0.000000000000,11,24,0,us_301_list3_2018,0,313,2016-01_to_2018-05,0
520514,non_list1,excluded,insufficient_positive_pre_months|direct_policy_scope_overlap,2831,0,0.000000000000,1,24,0,us_301_list3_2018,0,313,2016-01_to_2018-05,0
520515,non_list1,excluded,insufficient_positive_pre_months|direct_policy_scope_overlap,348,0,0.000000000000,1,24,0,us_301_list3_2018,0,313,2016-01_to_2018-05,0
520521,non_list1,excluded,insufficient_positive_pre_months|direct_policy_scope_overlap,212111,0,0.000000000000,20,24,0,us_301_list3_2018,0,313,2016-01_to_2018-05,0
520522,non_list1,excluded,direct_policy_scope_overlap,409477,0,0.000000000000,26,24,0,us_301_list3_2018,0,313,2016-01_to_2018-05,0
520523,non_list1,excluded,insufficient_positive_pre_months|direct_policy_scope_overlap,1801972,0,0.000000000000,20,24,0,us_301_list3_2018,0,313,2016-01_to_2018-05,0
520524,non_list1,excluded,insufficient_positive_pre_months|direct_policy_scope_overlap,118862,0,0.000000000000,9,24,0,us_301_list3_2018,0,313,2016-01_to_2018-05,0
520526,non_list1,excluded,insufficient_positive_pre_months|direct_policy_scope_overlap,0,0,0.000000000000,0,24,0,us_301_list3_2018,0,313,2016-01_to_2018-05,0
520527,non_list1,excluded,insufficient_positive_pre_months|direct_policy_scope_overlap,28717,0,0.000000000000,1,24,0,us_301_list3_2018,0,313,2016-01_to_2018-05,0
520528,non_list1,excluded,insufficient_positive_pre_months|direct_policy_scope_overlap,0,0,0.000000000000,0,24,0,us_301_list3_2018,0,313,2016-01_to_2018-05,0
520531,non_list1,excluded,insufficient_positive_pre_months|direct_policy_scope_overlap,16195,0,0.000000000000,11,24,0,us_301_list3_2018,0,313,2016-01_to_2018-05,0
520532,non_list1,excluded,insufficient_positive_pre_months|direct_policy_scope_overlap,101481,0,0.000000000000,7,24,0,us_301_list3_2018,0,313,2016-01_to_2018-05,0
520533,non_list1,excluded,insufficient_positive_pre_months|direct_policy_scope_overlap,1097,0,0.000000000000,2,24,0,us_301_list3_2018,0,313,2016-01_to_2018-05,0
520534,non_list1,excluded,insufficient_positive_pre_months|direct_policy_scope_overlap,811,0,0.000000000000,1,24,0,us_301_list3_2018,0,313,2016-01_to_2018-05,0
520535,non_list1,excluded,insufficient_positive_pre_months|direct_policy_scope_overlap,2079,0,0.000000000000,1,24,0,us_301_list3_2018,0,313,2016-01_to_2018-05,0
520541,non_list1,excluded,insufficient_positive_pre_months|direct_policy_scope_overlap,42635,0,0.000000000000,4,24,0,us_301_list3_2018,0,313,2016-01_to_2018-05,0
520542,non_list1,excluded,insufficient_positive_pre_months|direct_policy_scope_overlap,50332,0,0.000000000000,8,24,0,us_301_list3_2018,0,313,2016-01_to_2018-05,0
520543,non_list1,excluded,insufficient_positive_pre_months|direct_policy_scope_overlap,97191,0,0.000000000000,7,24,0,us_301_list3_2018,0,313,2016-01_to_2018-05,0
520544,non_list1,excluded,insufficient_positive_pre_months|direct_policy_scope_overlap,33769,0,0.000000000000,6,24,0,us_301_list3_2018,0,313,2016-01_to_2018-05,0
520546,non_list1,excluded,insufficient_positive_pre_months|direct_policy_scope_overlap,3239,0,0.000000000000,1,24,0,us_301_list3_2018,0,313,2016-01_to_2018-05,0
520547,non_list1,excluded,insufficient_positive_pre_months|direct_policy_scope_overlap,47709,0,0.000000000000,2,24,0,us_301_list3_2018,0,313,2016-01_to_2018-05,0
520548,non_list1,excluded,insufficient_positive_pre_months|direct_policy_scope_overlap,4896,0,0.000000000000,3,24,0,us_301_list3_2018,0,313,2016-01_to_2018-05,0
520611,non_list1,excluded,direct_policy_scope_overlap,1931131,0,0.000000000000,29,24,0,us_301_list3_2018,0,313,2016-01_to_2018-05,0
520612,non_list1,excluded,insufficient_positive_pre_months|direct_policy_scope_overlap,64591,0,0.000000000000,8,24,0,us_301_list3_2018,0,313,2016-01_to_2018-05,0
520613,non_list1,excluded,insufficient_positive_pre_months|direct_policy_scope_overlap,294882,0,0.000000000000,8,24,0,us_301_list3_2018,0,313,2016-01_to_2018-05,0
520614,non_list1,excluded,insufficient_positive_pre_months|direct_policy_scope_overlap,0,0,0.000000000000,0,24,0,us_301_list3_2018,0,313,2016-01_to_2018-05,0
520615,non_list1,excluded,insufficient_positive_pre_months|direct_policy_scope_overlap,1950,0,0.000000000000,1,24,0,us_301_list3_2018,0,313,2016-01_to_2018-05,0
520621,non_list1,excluded,insufficient_positive_pre_months|direct_policy_scope_overlap,14575,0,0.000000000000,4,24,0,us_301_list3_2018,0,313,2016-01_to_2018-05,0
520622,non_list1,excluded,insufficient_positive_pre_months|direct_policy_scope_overlap,59645,0,0.000000000000,5,24,0,us_301_list3_2018,0,313,2016-01_to_2018-05,0
520623,non_list1,excluded,insufficient_positive_pre_months|direct_policy_scope_overlap,887194,0,0.000000000000,16,24,0,us_301_list3_2018,0,313,2016-01_to_2018-05,0
520624,non_list1,excluded,insufficient_positive_pre_months|direct_policy_scope_overlap,116397,0,0.000000000000,3,24,0,us_301_list3_2018,0,313,2016-01_to_2018-05,0
520625,non_list1,excluded,insufficient_positive_pre_months|direct_policy_scope_overlap,45770,0,0.000000000000,3,24,0,us_301_list3_2018,0,313,2016-01_to_2018-05,0
520631,non_list1,excluded,insufficient_positive_pre_months|direct_policy_scope_overlap,244771,0,0.000000000000,19,24,0,us_301_list3_2018,0,313,2016-01_to_2018-05,0
520632,non_list1,excluded,insufficient_positive_pre_months|direct_policy_scope_overlap,3910,0,0.000000000000,1,24,0,us_301_list3_2018,0,313,2016-01_to_2018-05,0
520633,non_list1,excluded,insufficient_positive_pre_months|direct_policy_scope_overlap,6300,0,0.000000000000,1,24,0,us_301_list3_2018,0,313,2016-01_to_2018-05,0
520634,non_list1,excluded,insufficient_positive_pre_months|direct_policy_scope_overlap,11947,0,0.000000000000,2,24,0,us_301_list3_2018,0,313,2016-01_to_2018-05,0
520635,non_list1,excluded,insufficient_positive_pre_months|direct_policy_scope_overlap,0,0,0.000000000000,0,24,0,us_301_list3_2018,0,313,2016-01_to_2018-05,0
520641,non_list1,excluded,insufficient_positive_pre_months|direct_policy_scope_overlap,106232,0,0.000000000000,6,24,0,us_301_list3_2018,0,313,2016-01_to_2018-05,0
520642,non_list1,excluded,insufficient_positive_pre_months|direct_policy_scope_overlap,30970,0,0.000000000000,5,24,0,us_301_list3_2018,0,313,2016-01_to_2018-05,0
520643,non_list1,excluded,insufficient_positive_pre_months|direct_policy_scope_overlap,0,0,0.000000000000,0,24,0,us_301_list3_2018,0,313,2016-01_to_2018-05,0
520644,non_list1,excluded,insufficient_positive_pre_months|direct_policy_scope_overlap,935,0,0.000000000000,1,24,0,us_301_list3_2018,0,313,2016-01_to_2018-05,0
520645,non_list1,excluded,insufficient_positive_pre_months|direct_policy_scope_overlap,82035,0,0.000000000000,3,24,0,us_301_list3_2018,0,313,2016-01_to_2018-05,0
520710,non_list1,excluded,direct_policy_scope_overlap,6867982,0,0.000000000000,29,24,0,us_301_list3_2018,0,313,2016-01_to_2018-05,0
520790,non_list1,excluded,direct_policy_scope_overlap,4283936,0,0.000000000000,29,24,0,us_301_list3_2018,0,313,2016-01_to_2018-05,0
520811,non_list1,excluded,direct_policy_scope_overlap,12052423,0,0.000000000000,29,24,0,us_301_list3_2018,0,313,2016-01_to_2018-05,0
520812,non_list1,excluded,direct_policy_scope_overlap,16079487,0,0.000000000000,29,24,0,us_301_list3_2018,0,313,2016-01_to_2018-05,0
520813,non_list1,excluded,insufficient_positive_pre_months|direct_policy_scope_overlap,97048,0,0.000000000000,10,24,0,us_301_list3_2018,0,313,2016-01_to_2018-05,0
520819,non_list1,excluded,direct_policy_scope_overlap,871294,0,0.000000000000,24,24,0,us_301_list3_2018,0,313,2016-01_to_2018-05,0
520821,non_list1,excluded,direct_policy_scope_overlap,25991886,0,0.000000000000,29,24,0,us_301_list3_2018,0,313,2016-01_to_2018-05,0
520822,non_list1,excluded,direct_policy_scope_overlap,18354153,0,0.000000000000,29,24,0,us_301_list3_2018,0,313,2016-01_to_2018-05,0
520823,non_list1,excluded,direct_policy_scope_overlap,150665,0,0.000000000000,24,24,0,us_301_list3_2018,0,313,2016-01_to_2018-05,0
520829,non_list1,excluded,direct_policy_scope_overlap,17299900,0,0.000000000000,29,24,0,us_301_list3_2018,0,313,2016-01_to_2018-05,0
520831,non_list1,excluded,direct_policy_scope_overlap,1784547,0,0.000000000000,29,24,0,us_301_list3_2018,0,313,2016-01_to_2018-05,0
520832,non_list1,excluded,direct_policy_scope_overlap,30178776,0,0.000000000000,29,24,0,us_301_list3_2018,0,313,2016-01_to_2018-05,0
520833,non_list1,excluded,direct_policy_scope_overlap,466483,0,0.000000000000,29,24,0,us_301_list3_2018,0,313,2016-01_to_2018-05,0
520839,non_list1,excluded,direct_policy_scope_overlap,12852659,0,0.000000000000,29,24,0,us_301_list3_2018,0,313,2016-01_to_2018-05,0
520841,non_list1,excluded,direct_policy_scope_overlap,672702,0,0.000000000000,29,24,0,us_301_list3_2018,0,313,2016-01_to_2018-05,0
520842,non_list1,excluded,direct_policy_scope_overlap,2950250,0,0.000000000000,29,24,0,us_301_list3_2018,0,313,2016-01_to_2018-05,0
520843,non_list1,excluded,direct_policy_scope_overlap,3034904,0,0.000000000000,29,24,0,us_301_list3_2018,0,313,2016-01_to_2018-05,0
520849,non_list1,excluded,direct_policy_scope_overlap,6556544,0,0.000000000000,29,24,0,us_301_list3_2018,0,313,2016-01_to_2018-05,0
520851,non_list1,excluded,direct_policy_scope_overlap,1549065,0,0.000000000000,27,24,0,us_301_list3_2018,0,313,2016-01_to_2018-05,0
520852,non_list1,excluded,direct_policy_scope_overlap,171676861,0,0.000000000000,29,24,0,us_301_list3_2018,0,313,2016-01_to_2018-05,0
520859,non_list1,excluded,direct_policy_scope_overlap,8560003,0,0.000000000000,29,24,0,us_301_list3_2018,0,313,2016-01_to_2018-05,0
520911,non_list1,excluded,direct_policy_scope_overlap,709432,0,0.000000000000,26,24,0,us_301_list3_2018,0,313,2016-01_to_2018-05,0
520912,non_list1,excluded,insufficient_positive_pre_months|direct_policy_scope_overlap,582598,0,0.000000000000,22,24,0,us_301_list3_2018,0,313,2016-01_to_2018-05,0
520919,non_list1,excluded,direct_policy_scope_overlap,2721968,0,0.000000000000,29,24,0,us_301_list3_2018,0,313,2016-01_to_2018-05,0
520921,non_list1,excluded,direct_policy_scope_overlap,1235347,0,0.000000000000,29,24,0,us_301_list3_2018,0,313,2016-01_to_2018-05,0
520922,non_list1,excluded,direct_policy_scope_overlap,1371394,0,0.000000000000,27,24,0,us_301_list3_2018,0,313,2016-01_to_2018-05,0
520929,non_list1,excluded,direct_policy_scope_overlap,3000322,0,0.000000000000,29,24,0,us_301_list3_2018,0,313,2016-01_to_2018-05,0
520931,non_list1,excluded,direct_policy_scope_overlap,3815591,0,0.000000000000,29,24,0,us_301_list3_2018,0,313,2016-01_to_2018-05,0
520932,non_list1,excluded,direct_policy_scope_overlap,3508514,0,0.000000000000,29,24,0,us_301_list3_2018,0,313,2016-01_to_2018-05,0
520939,non_list1,excluded,direct_policy_scope_overlap,5664960,0,0.000000000000,29,24,0,us_301_list3_2018,0,313,2016-01_to_2018-05,0
520941,non_list1,excluded,direct_policy_scope_overlap,1595576,0,0.000000000000,29,24,0,us_301_list3_2018,0,313,2016-01_to_2018-05,0
520942,non_list1,excluded,direct_policy_scope_overlap,14542943,0,0.000000000000,29,24,0,us_301_list3_2018,0,313,2016-01_to_2018-05,0
520943,non_list1,excluded,direct_policy_scope_overlap,1677183,0,0.000000000000,29,24,0,us_301_list3_2018,0,313,2016-01_to_2018-05,0
520949,non_list1,excluded,direct_policy_scope_overlap,3013103,0,0.000000000000,29,24,0,us_301_list3_2018,0,313,2016-01_to_2018-05,0
520951,non_list1,excluded,direct_policy_scope_overlap,2516773,0,0.000000000000,29,24,0,us_301_list3_2018,0,313,2016-01_to_2018-05,0
520952,non_list1,excluded,direct_policy_scope_overlap,1077770,0,0.000000000000,29,24,0,us_301_list3_2018,0,313,2016-01_to_2018-05,0
520959,non_list1,excluded,direct_policy_scope_overlap,3453961,0,0.000000000000,29,24,0,us_301_list3_2018,0,313,2016-01_to_2018-05,0
521011,non_list1,excluded,direct_policy_scope_overlap,40274907,0,0.000000000000,29,24,0,us_301_list3_2018,0,313,2016-01_to_2018-05,0
521019,non_list1,excluded,direct_policy_scope_overlap,34000392,0,0.000000000000,29,24,0,us_301_list3_2018,0,313,2016-01_to_2018-05,0
521021,non_list1,excluded,direct_policy_scope_overlap,4729172,0,0.000000000000,28,24,0,us_301_list3_2018,0,313,2016-01_to_2018-05,0
521029,non_list1,excluded,insufficient_positive_pre_months|direct_policy_scope_overlap,418468,0,0.000000000000,21,24,0,us_301_list3_2018,0,313,2016-01_to_2018-05,0
521031,non_list1,excluded,direct_policy_scope_overlap,6082888,0,0.000000000000,29,24,0,us_301_list3_2018,0,313,2016-01_to_2018-05,0
521032,non_list1,excluded,insufficient_positive_pre_months|direct_policy_scope_overlap,35685,0,0.000000000000,13,24,0,us_301_list3_2018,0,313,2016-01_to_2018-05,0
521039,non_list1,excluded,direct_policy_scope_overlap,672901,0,0.000000000000,28,24,0,us_301_list3_2018,0,313,2016-01_to_2018-05,0
521041,non_list1,excluded,direct_policy_scope_overlap,865429,0,0.000000000000,28,24,0,us_301_list3_2018,0,313,2016-01_to_2018-05,0
521049,non_list1,excluded,direct_policy_scope_overlap,849073,0,0.000000000000,27,24,0,us_301_list3_2018,0,313,2016-01_to_2018-05,0
521051,non_list1,excluded,direct_policy_scope_overlap,368850,0,0.000000000000,27,24,0,us_301_list3_2018,0,313,2016-01_to_2018-05,0
521059,non_list1,excluded,direct_policy_scope_overlap,430837,0,0.000000000000,25,24,0,us_301_list3_2018,0,313,2016-01_to_2018-05,0
521111,non_list1,excluded,insufficient_positive_pre_months|direct_policy_scope_overlap,486094,0,0.000000000000,17,24,0,us_301_list3_2018,0,313,2016-01_to_2018-05,0
521112,non_list1,excluded,insufficient_positive_pre_months|direct_policy_scope_overlap,660998,0,0.000000000000,20,24,0,us_301_list3_2018,0,313,2016-01_to_2018-05,0
521119,non_list1,excluded,direct_policy_scope_overlap,887034,0,0.000000000000,27,24,0,us_301_list3_2018,0,313,2016-01_to_2018-05,0
521120,non_list1,excluded,direct_policy_scope_overlap,960451,0,0.000000000000,28,24,0,us_301_list3_2018,0,313,2016-01_to_2018-05,0
521131,non_list1,excluded,direct_policy_scope_overlap,2909050,0,0.000000000000,29,24,0,us_301_list3_2018,0,313,2016-01_to_2018-05,0
521132,non_list1,excluded,direct_policy_scope_overlap,1343484,0,0.000000000000,27,24,0,us_301_list3_2018,0,313,2016-01_to_2018-05,0
521139,non_list1,excluded,direct_policy_scope_overlap,6670273,0,0.000000000000,29,24,0,us_301_list3_2018,0,313,2016-01_to_2018-05,0
521141,non_list1,excluded,direct_policy_scope_overlap,305265,0,0.000000000000,27,24,0,us_301_list3_2018,0,313,2016-01_to_2018-05,0
521142,non_list1,excluded,direct_policy_scope_overlap,20514418,0,0.000000000000,29,24,0,us_301_list3_2018,0,313,2016-01_to_2018-05,0
521143,non_list1,excluded,insufficient_positive_pre_months|direct_policy_scope_overlap,428514,0,0.000000000000,14,24,0,us_301_list3_2018,0,313,2016-01_to_2018-05,0
521149,non_list1,excluded,direct_policy_scope_overlap,6264279,0,0.000000000000,29,24,0,us_301_list3_2018,0,313,2016-01_to_2018-05,0
521151,non_list1,excluded,direct_policy_scope_overlap,439755,0,0.000000000000,24,24,0,us_301_list3_2018,0,313,2016-01_to_2018-05,0
521152,non_list1,excluded,direct_policy_scope_overlap,882134,0,0.000000000000,27,24,0,us_301_list3_2018,0,313,2016-01_to_2018-05,0
521159,non_list1,excluded,direct_policy_scope_overlap,236339,0,0.000000000000,27,24,0,us_301_list3_2018,0,313,2016-01_to_2018-05,0
521211,non_list1,excluded,insufficient_positive_pre_months|direct_policy_scope_overlap,182758,0,0.000000000000,23,24,0,us_301_list3_2018,0,313,2016-01_to_2018-05,0
521212,non_list1,excluded,insufficient_positive_pre_months|direct_policy_scope_overlap,77480,0,0.000000000000,12,24,0,us_301_list3_2018,0,313,2016-01_to_2018-05,0
521213,non_list1,excluded,direct_policy_scope_overlap,2470136,0,0.000000000000,29,24,0,us_301_list3_2018,0,313,2016-01_to_2018-05,0
521214,non_list1,excluded,direct_policy_scope_overlap,389065,0,0.000000000000,28,24,0,us_301_list3_2018,0,313,2016-01_to_2018-05,0
521215,non_list1,excluded,direct_policy_scope_overlap,997297,0,0.000000000000,28,24,0,us_301_list3_2018,0,313,2016-01_to_2018-05,0
521221,non_list1,excluded,direct_policy_scope_overlap,495434,0,0.000000000000,24,24,0,us_301_list3_2018,0,313,2016-01_to_2018-05,0
521222,non_list1,excluded,insufficient_positive_pre_months|direct_policy_scope_overlap,233986,0,0.000000000000,14,24,0,us_301_list3_2018,0,313,2016-01_to_2018-05,0
521223,non_list1,excluded,direct_policy_scope_overlap,403593,0,0.000000000000,29,24,0,us_301_list3_2018,0,313,2016-01_to_2018-05,0
521224,non_list1,excluded,direct_policy_scope_overlap,1512214,0,0.000000000000,29,24,0,us_301_list3_2018,0,313,2016-01_to_2018-05,0
521225,non_list1,excluded,direct_policy_scope_overlap,343798,0,0.000000000000,29,24,0,us_301_list3_2018,0,313,2016-01_to_2018-05,0
530110,non_list1,excluded,direct_policy_scope_overlap,715656,0,0.000000000000,24,24,0,us_301_list3_2018,0,111,2016-01_to_2018-05,0
530121,non_list1,excluded,insufficient_positive_pre_months|direct_policy_scope_overlap,0,0,0.000000000000,0,24,0,us_301_list3_2018,0,111,2016-01_to_2018-05,0
530129,non_list1,excluded,insufficient_positive_pre_months|direct_policy_scope_overlap,0,0,0.000000000000,0,24,0,us_301_list3_2018,0,111,2016-01_to_2018-05,0
530130,non_list1,excluded,insufficient_positive_pre_months|direct_policy_scope_overlap,27139,0,0.000000000000,2,24,0,us_301_list3_2018,0,314,2016-01_to_2018-05,0
530210,non_list1,excluded,insufficient_positive_pre_months|direct_policy_scope_overlap,2163,0,0.000000000000,3,24,0,us_301_list3_2018,0,111,2016-01_to_2018-05,0
530290,non_list1,excluded,insufficient_positive_pre_months|direct_policy_scope_overlap,1483,0,0.000000000000,3,24,0,us_301_list3_2018,0,314,2016-01_to_2018-05,0
530310,non_list1,excluded,insufficient_positive_pre_months|direct_policy_scope_overlap,144176,0,0.000000000000,19,24,0,us_301_list3_2018,0,111,2016-01_to_2018-05,0
530390,non_list1,excluded,insufficient_positive_pre_months|direct_policy_scope_overlap,127452,0,0.000000000000,18,24,0,us_301_list3_2018,0,314,2016-01_to_2018-05,0
530500,non_list1,excluded,direct_policy_scope_overlap,3314028,0,0.000000000000,29,24,0,us_301_list3_2018,0,314,2016-01_to_2018-05,0
530610,non_list1,excluded,insufficient_positive_pre_months|direct_policy_scope_overlap,291577,0,0.000000000000,13,24,0,us_301_list3_2018,0,313,2016-01_to_2018-05,0
530620,non_list1,excluded,direct_policy_scope_overlap,83709,0,0.000000000000,28,24,0,us_301_list3_2018,0,313,2016-01_to_2018-05,0
530710,non_list1,excluded,insufficient_positive_pre_months|direct_policy_scope_overlap,40296,0,0.000000000000,14,24,0,us_301_list3_2018,0,313,2016-01_to_2018-05,0
530720,non_list1,excluded,direct_policy_scope_overlap,1967153,0,0.000000000000,29,24,0,us_301_list3_2018,0,313,2016-01_to_2018-05,0
530810,non_list1,excluded,insufficient_positive_pre_months|direct_policy_scope_overlap,0,0,0.000000000000,0,24,0,us_301_list3_2018,0,313,2016-01_to_2018-05,0
530820,non_list1,excluded,direct_policy_scope_overlap,1559509,0,0.000000000000,29,24,0,us_301_list3_2018,0,313,2016-01_to_2018-05,0
530890,non_list1,excluded,direct_policy_scope_overlap,1674226,0,0.000000000000,29,24,0,us_301_list3_2018,0,313,2016-01_to_2018-05,0
530911,non_list1,excluded,direct_policy_scope_overlap,13192754,0,0.000000000000,29,24,0,us_301_list3_2018,0,313,2016-01_to_2018-05,0
530919,non_list1,excluded,direct_policy_scope_overlap,18872320,0,0.000000000000,29,24,0,us_301_list3_2018,0,313,2016-01_to_2018-05,0
530921,non_list1,excluded,direct_policy_scope_overlap,6962086,0,0.000000000000,29,24,0,us_301_list3_2018,0,313,2016-01_to_2018-05,0
530929,non_list1,excluded,direct_policy_scope_overlap,25985845,0,0.000000000000,29,24,0,us_301_list3_2018,0,313,2016-01_to_2018-05,0
531010,non_list1,excluded,direct_policy_scope_overlap,8074223,0,0.000000000000,29,24,0,us_301_list3_2018,0,313,2016-01_to_2018-05,0
531090,non_list1,excluded,direct_policy_scope_overlap,7056015,0,0.000000000000,29,24,0,us_301_list3_2018,0,313,2016-01_to_2018-05,0
531100,non_list1,excluded,direct_policy_scope_overlap,4667367,0,0.000000000000,29,24,0,us_301_list3_2018,0,313,2016-01_to_2018-05,0
540110,non_list1,excluded,direct_policy_scope_overlap,11020158,0,0.000000000000,29,24,0,us_301_list3_2018,0,313,2016-01_to_2018-05,0
540120,non_list1,excluded,direct_policy_scope_overlap,486890,0,0.000000000000,29,24,0,us_301_list3_2018,0,313,2016-01_to_2018-05,0
540211,non_list1,excluded,direct_policy_scope_overlap,4484486,0,0.000000000000,28,24,0,us_301_list3_2018,0,325,2016-01_to_2018-05,0
540219,non_list1,excluded,direct_policy_scope_overlap,25401182,0,0.000000000000,29,24,0,us_301_list3_2018,0,325,2016-01_to_2018-05,0
540220,non_list1,excluded,direct_policy_scope_overlap,410010972,0,0.000000000000,29,24,0,us_301_list3_2018,0,325,2016-01_to_2018-05,0
540231,non_list1,excluded,direct_policy_scope_overlap,4892455,0,0.000000000000,29,24,0,us_301_list3_2018,0,325,2016-01_to_2018-05,0
540232,non_list1,excluded,insufficient_positive_pre_months|direct_policy_scope_overlap,2324745,0,0.000000000000,21,24,0,us_301_list3_2018,0,325,2016-01_to_2018-05,0
540233,non_list1,excluded,direct_policy_scope_overlap,84388588,0,0.000000000000,29,24,0,us_301_list3_2018,0,325,2016-01_to_2018-05,0
540234,non_list1,excluded,direct_policy_scope_overlap,1423382,0,0.000000000000,29,24,0,us_301_list3_2018,0,325,2016-01_to_2018-05,0
540239,non_list1,excluded,direct_policy_scope_overlap,2760997,0,0.000000000000,28,24,0,us_301_list3_2018,0,325,2016-01_to_2018-05,0
540244,non_list1,excluded,direct_policy_scope_overlap,20416349,0,0.000000000000,29,24,0,us_301_list3_2018,0,325,2016-01_to_2018-05,0
540245,non_list1,excluded,direct_policy_scope_overlap,14870463,0,0.000000000000,29,24,0,us_301_list3_2018,0,325,2016-01_to_2018-05,0
540246,non_list1,excluded,direct_policy_scope_overlap,3405408,0,0.000000000000,27,24,0,us_301_list3_2018,0,325,2016-01_to_2018-05,0
540247,non_list1,excluded,direct_policy_scope_overlap,30311874,0,0.000000000000,29,24,0,us_301_list3_2018,0,325,2016-01_to_2018-05,0
540248,non_list1,excluded,insufficient_positive_pre_months|direct_policy_scope_overlap,1354015,0,0.000000000000,23,24,0,us_301_list3_2018,0,325,2016-01_to_2018-05,0
540249,non_list1,excluded,direct_policy_scope_overlap,5606424,0,0.000000000000,29,24,0,us_301_list3_2018,0,325,2016-01_to_2018-05,0
540251,non_list1,excluded,insufficient_positive_pre_months|direct_policy_scope_overlap,211375,0,0.000000000000,9,24,0,us_301_list3_2018,0,325,2016-01_to_2018-05,0
540252,non_list1,excluded,insufficient_positive_pre_months|direct_policy_scope_overlap,600660,0,0.000000000000,23,24,0,us_301_list3_2018,0,325,2016-01_to_2018-05,0
540253,non_list1,excluded,insufficient_positive_pre_months|direct_policy_scope_overlap,691674,0,0.000000000000,12,24,0,us_301_list3_2018,0,325,2016-01_to_2018-05,0
540259,non_list1,excluded,insufficient_positive_pre_months|direct_policy_scope_overlap,190518,0,0.000000000000,7,24,0,us_301_list3_2018,0,325,2016-01_to_2018-05,0
540261,non_list1,excluded,direct_policy_scope_overlap,2347962,0,0.000000000000,29,24,0,us_301_list3_2018,0,325,2016-01_to_2018-05,0
540262,non_list1,excluded,direct_policy_scope_overlap,7125253,0,0.000000000000,29,24,0,us_301_list3_2018,0,325,2016-01_to_2018-05,0
540263,non_list1,excluded,insufficient_positive_pre_months|direct_policy_scope_overlap,24718,0,0.000000000000,2,24,0,us_301_list3_2018,0,325,2016-01_to_2018-05,0
540269,non_list1,excluded,insufficient_positive_pre_months|direct_policy_scope_overlap,280222,0,0.000000000000,12,24,0,us_301_list3_2018,0,325,2016-01_to_2018-05,0
540310,non_list1,excluded,insufficient_positive_pre_months|direct_policy_scope_overlap,236733,0,0.000000000000,8,24,0,us_301_list3_2018,0,325,2016-01_to_2018-05,0
540331,non_list1,excluded,insufficient_positive_pre_months|direct_policy_scope_overlap,56030,0,0.000000000000,7,24,0,us_301_list3_2018,0,325,2016-01_to_2018-05,0
540332,non_list1,excluded,insufficient_positive_pre_months|direct_policy_scope_overlap,40962,0,0.000000000000,5,24,0,us_301_list3_2018,0,325,2016-01_to_2018-05,0
540333,non_list1,excluded,insufficient_positive_pre_months|direct_policy_scope_overlap,10230,0,0.000000000000,2,24,0,us_301_list3_2018,0,325,2016-01_to_2018-05,0
540339,non_list1,excluded,insufficient_positive_pre_months|direct_policy_scope_overlap,1662,0,0.000000000000,2,24,0,us_301_list3_2018,0,325,2016-01_to_2018-05,0
540341,non_list1,excluded,direct_policy_scope_overlap,2254933,0,0.000000000000,29,24,0,us_301_list3_2018,0,325,2016-01_to_2018-05,0
540342,non_list1,excluded,insufficient_positive_pre_months|direct_policy_scope_overlap,0,0,0.000000000000,0,24,0,us_301_list3_2018,0,325,2016-01_to_2018-05,0
540349,non_list1,excluded,insufficient_positive_pre_months|direct_policy_scope_overlap,51833,0,0.000000000000,15,24,0,us_301_list3_2018,0,325,2016-01_to_2018-05,0
540411,non_list1,excluded,direct_policy_scope_overlap,470201,0,0.000000000000,29,24,0,us_301_list3_2018,0,325,2016-01_to_2018-05,0
540412,non_list1,excluded,direct_policy_scope_overlap,718252,0,0.000000000000,24,24,0,us_301_list3_2018,0,325,2016-01_to_2018-05,0
540419,non_list1,excluded,direct_policy_scope_overlap,11037240,0,0.000000000000,29,24,0,us_301_list3_2018,0,325|339,2016-01_to_2018-05,0
540490,non_list1,excluded,direct_policy_scope_overlap,23709670,0,0.000000000000,29,24,0,us_301_list3_2018,0,325,2016-01_to_2018-05,0
540500,non_list1,excluded,insufficient_positive_pre_months|direct_policy_scope_overlap,583468,0,0.000000000000,19,24,0,us_301_list3_2018,0,325,2016-01_to_2018-05,0
540600,non_list1,excluded,direct_policy_scope_overlap,14115618,0,0.000000000000,29,24,0,us_301_list3_2018,0,325,2016-01_to_2018-05,0
540710,non_list1,excluded,direct_policy_scope_overlap,14240587,0,0.000000000000,29,24,0,us_301_list3_2018,0,313,2016-01_to_2018-05,0
540720,non_list1,excluded,direct_policy_scope_overlap,104637393,0,0.000000000000,29,24,0,us_301_list3_2018,0,313,2016-01_to_2018-05,0
540730,non_list1,excluded,insufficient_positive_pre_months|direct_policy_scope_overlap,1558933,0,0.000000000000,21,24,0,us_301_list3_2018,0,313,2016-01_to_2018-05,0
540741,non_list1,excluded,direct_policy_scope_overlap,3746960,0,0.000000000000,29,24,0,us_301_list3_2018,0,313,2016-01_to_2018-05,0
540742,non_list1,excluded,direct_policy_scope_overlap,7136963,0,0.000000000000,29,24,0,us_301_list3_2018,0,313,2016-01_to_2018-05,0
540743,non_list1,excluded,direct_policy_scope_overlap,9077030,0,0.000000000000,29,24,0,us_301_list3_2018,0,313,2016-01_to_2018-05,0
540744,non_list1,excluded,direct_policy_scope_overlap,856803,0,0.000000000000,29,24,0,us_301_list3_2018,0,313,2016-01_to_2018-05,0
540751,non_list1,excluded,direct_policy_scope_overlap,16883216,0,0.000000000000,29,24,0,us_301_list3_2018,0,313,2016-01_to_2018-05,0
540752,non_list1,excluded,direct_policy_scope_overlap,70017820,0,0.000000000000,29,24,0,us_301_list3_2018,0,313,2016-01_to_2018-05,0
540753,non_list1,excluded,direct_policy_scope_overlap,53283474,0,0.000000000000,29,24,0,us_301_list3_2018,0,313,2016-01_to_2018-05,0
540754,non_list1,control_candidate,,17949511,0,0.000000000000,29,24,0,,0,313,2016-01_to_2018-05,0
540761,non_list1,excluded,direct_policy_scope_overlap,124281270,0,0.000000000000,29,24,0,us_301_list3_2018,0,313,2016-01_to_2018-05,0
540769,non_list1,excluded,direct_policy_scope_overlap,39008076,0,0.000000000000,29,24,0,us_301_list3_2018,0,313,2016-01_to_2018-05,0
540771,non_list1,excluded,direct_policy_scope_overlap,1860166,0,0.000000000000,29,24,0,us_301_list3_2018,0,313,2016-01_to_2018-05,0
540772,non_list1,excluded,direct_policy_scope_overlap,4295489,0,0.000000000000,29,24,0,us_301_list3_2018,0,313,2016-01_to_2018-05,0
540773,non_list1,excluded,direct_policy_scope_overlap,14203814,0,0.000000000000,29,24,0,us_301_list3_2018,0,313,2016-01_to_2018-05,0
540774,non_list1,excluded,direct_policy_scope_overlap,517727,0,0.000000000000,29,24,0,us_301_list3_2018,0,313,2016-01_to_2018-05,0
540781,non_list1,excluded,direct_policy_scope_overlap,966571,0,0.000000000000,29,24,0,us_301_list3_2018,0,313,2016-01_to_2018-05,0
540782,non_list1,excluded,direct_policy_scope_overlap,5785469,0,0.000000000000,29,24,0,us_301_list3_2018,0,313,2016-01_to_2018-05,0
540783,non_list1,excluded,direct_policy_scope_overlap,2919747,0,0.000000000000,29,24,0,us_301_list3_2018,0,313,2016-01_to_2018-05,0
540784,non_list1,excluded,direct_policy_scope_overlap,809213,0,0.000000000000,28,24,0,us_301_list3_2018,0,313,2016-01_to_2018-05,0
540791,non_list1,excluded,direct_policy_scope_overlap,1018626,0,0.000000000000,29,24,0,us_301_list3_2018,0,313,2016-01_to_2018-05,0
540792,non_list1,excluded,direct_policy_scope_overlap,10587647,0,0.000000000000,29,24,0,us_301_list3_2018,0,313,2016-01_to_2018-05,0
540793,non_list1,excluded,direct_policy_scope_overlap,26008015,0,0.000000000000,29,24,0,us_301_list3_2018,0,313,2016-01_to_2018-05,0
540794,non_list1,excluded,direct_policy_scope_overlap,3528232,0,0.000000000000,29,24,0,us_301_list3_2018,0,313,2016-01_to_2018-05,0
540810,non_list1,excluded,direct_policy_scope_overlap,320661,0,0.000000000000,24,24,0,us_301_list3_2018,0,313,2016-01_to_2018-05,0
540821,non_list1,excluded,direct_policy_scope_overlap,356036,0,0.000000000000,26,24,0,us_301_list3_2018,0,313,2016-01_to_2018-05,0
540822,non_list1,excluded,direct_policy_scope_overlap,3872263,0,0.000000000000,29,24,0,us_301_list3_2018,0,313,2016-01_to_2018-05,0
540823,non_list1,excluded,direct_policy_scope_overlap,233960,0,0.000000000000,24,24,0,us_301_list3_2018,0,313,2016-01_to_2018-05,0
540824,non_list1,excluded,direct_policy_scope_overlap,3053490,0,0.000000000000,29,24,0,us_301_list3_2018,0,313,2016-01_to_2018-05,0
540831,non_list1,excluded,direct_policy_scope_overlap,783350,0,0.000000000000,27,24,0,us_301_list3_2018,0,313,2016-01_to_2018-05,0
540832,non_list1,excluded,direct_policy_scope_overlap,2357822,0,0.000000000000,29,24,0,us_301_list3_2018,0,313,2016-01_to_2018-05,0
540833,non_list1,excluded,direct_policy_scope_overlap,737732,0,0.000000000000,29,24,0,us_301_list3_2018,0,313,2016-01_to_2018-05,0
540834,non_list1,excluded,direct_policy_scope_overlap,974992,0,0.000000000000,29,24,0,us_301_list3_2018,0,313,2016-01_to_2018-05,0
550110,non_list1,excluded,insufficient_positive_pre_months|direct_policy_scope_overlap,264595,0,0.000000000000,18,24,0,us_301_list3_2018,0,325,2016-01_to_2018-05,0
550120,non_list1,excluded,direct_policy_scope_overlap,2915517,0,0.000000000000,29,24,0,us_301_list3_2018,0,325,2016-01_to_2018-05,0
550130,non_list1,excluded,insufficient_positive_pre_months|direct_policy_scope_overlap,49745,0,0.000000000000,4,24,0,us_301_list3_2018,0,325,2016-01_to_2018-05,0
550140,non_list1,excluded,insufficient_positive_pre_months|direct_policy_scope_overlap,5010406,0,0.000000000000,18,24,0,us_301_list3_2018,0,325,2016-01_to_2018-05,0
550190,non_list1,excluded,insufficient_positive_pre_months|direct_policy_scope_overlap,43686,0,0.000000000000,8,24,0,us_301_list3_2018,0,325,2016-01_to_2018-05,0
550210,non_list1,excluded,insufficient_positive_pre_months|direct_policy_scope_overlap,56438,0,0.000000000000,3,24,0,us_301_list3_2018,0,325,2016-01_to_2018-05,0
550290,non_list1,excluded,insufficient_positive_pre_months|direct_policy_scope_overlap,108405,0,0.000000000000,2,24,0,us_301_list3_2018,0,325,2016-01_to_2018-05,0
550311,non_list1,excluded,direct_policy_scope_overlap,5981894,0,0.000000000000,27,24,0,us_301_list3_2018,0,325,2016-01_to_2018-05,0
550319,non_list1,excluded,direct_policy_scope_overlap,8405412,0,0.000000000000,29,24,0,us_301_list3_2018,0,325,2016-01_to_2018-05,0
550320,non_list1,excluded,direct_policy_scope_overlap,398789144,0,0.000000000000,29,24,0,us_301_list3_2018,0,325,2016-01_to_2018-05,0
550330,non_list1,excluded,insufficient_positive_pre_months|direct_policy_scope_overlap,823803,0,0.000000000000,16,24,0,us_301_list3_2018,0,325,2016-01_to_2018-05,0
550340,non_list1,excluded,direct_policy_scope_overlap,10758911,0,0.000000000000,29,24,0,us_301_list3_2018,0,325,2016-01_to_2018-05,0
550390,non_list1,excluded,direct_policy_scope_overlap,9910538,0,0.000000000000,29,24,0,us_301_list3_2018,0,325,2016-01_to_2018-05,0
550410,non_list1,control_candidate,,194819593,0,0.000000000000,29,24,0,,0,325,2016-01_to_2018-05,0
550490,non_list1,excluded,insufficient_positive_pre_months|direct_policy_scope_overlap,239319,0,0.000000000000,12,24,0,us_301_list3_2018,0,325,2016-01_to_2018-05,0
550510,non_list1,excluded,insufficient_positive_pre_months|direct_policy_scope_overlap,274332,0,0.000000000000,16,24,0,us_301_list3_2018,0,325,2016-01_to_2018-05,0
550520,non_list1,excluded,insufficient_positive_pre_months|direct_policy_scope_overlap,3059,0,0.000000000000,2,24,0,us_301_list3_2018,0,325,2016-01_to_2018-05,0
550610,non_list1,excluded,insufficient_positive_pre_months|direct_policy_scope_overlap,294777,0,0.000000000000,22,24,0,us_301_list3_2018,0,313,2016-01_to_2018-05,0
550620,non_list1,excluded,insufficient_positive_pre_months|direct_policy_scope_overlap,558257,0,0.000000000000,22,24,0,us_301_list3_2018,0,313,2016-01_to_2018-05,0
550630,non_list1,excluded,insufficient_positive_pre_months|direct_policy_scope_overlap,4251,0,0.000000000000,2,24,0,us_301_list3_2018,0,313,2016-01_to_2018-05,0
550640,non_list1,excluded,insufficient_positive_pre_months|direct_policy_scope_overlap,21123,0,0.000000000000,2,24,0,us_301_list3_2018,0,313,2016-01_to_2018-05,0
550690,non_list1,excluded,insufficient_positive_pre_months|direct_policy_scope_overlap,0,0,0.000000000000,0,24,0,us_301_list3_2018,0,313,2016-01_to_2018-05,0
550700,non_list1,excluded,insufficient_positive_pre_months|direct_policy_scope_overlap,470095,0,0.000000000000,20,24,0,us_301_list3_2018,0,313,2016-01_to_2018-05,0
550810,non_list1,excluded,direct_policy_scope_overlap,18573806,0,0.000000000000,29,24,0,us_301_list3_2018,0,313,2016-01_to_2018-05,0
550820,non_list1,excluded,insufficient_positive_pre_months|direct_policy_scope_overlap,144468,0,0.000000000000,14,24,0,us_301_list3_2018,0,313,2016-01_to_2018-05,0
550911,non_list1,excluded,insufficient_positive_pre_months|direct_policy_scope_overlap,135841,0,0.000000000000,18,24,0,us_301_list3_2018,0,313,2016-01_to_2018-05,0
550912,non_list1,excluded,insufficient_positive_pre_months|direct_policy_scope_overlap,73171,0,0.000000000000,5,24,0,us_301_list3_2018,0,313,2016-01_to_2018-05,0
550921,non_list1,excluded,direct_policy_scope_overlap,6621464,0,0.000000000000,29,24,0,us_301_list3_2018,0,313,2016-01_to_2018-05,0
550922,non_list1,excluded,direct_policy_scope_overlap,2667699,0,0.000000000000,27,24,0,us_301_list3_2018,0,313,2016-01_to_2018-05,0
550931,non_list1,excluded,direct_policy_scope_overlap,1736079,0,0.000000000000,25,24,0,us_301_list3_2018,0,313,2016-01_to_2018-05,0
550932,non_list1,excluded,direct_policy_scope_overlap,978663,0,0.000000000000,28,24,0,us_301_list3_2018,0,313,2016-01_to_2018-05,0
550941,non_list1,excluded,insufficient_positive_pre_months|direct_policy_scope_overlap,287274,0,0.000000000000,13,24,0,us_301_list3_2018,0,313,2016-01_to_2018-05,0
550942,non_list1,excluded,insufficient_positive_pre_months|direct_policy_scope_overlap,63837,0,0.000000000000,6,24,0,us_301_list3_2018,0,313,2016-01_to_2018-05,0
550951,non_list1,excluded,direct_policy_scope_overlap,3310626,0,0.000000000000,27,24,0,us_301_list3_2018,0,313,2016-01_to_2018-05,0
550952,non_list1,excluded,insufficient_positive_pre_months|direct_policy_scope_overlap,0,0,0.000000000000,0,24,0,us_301_list3_2018,0,313,2016-01_to_2018-05,0
550953,non_list1,excluded,direct_policy_scope_overlap,17180081,0,0.000000000000,29,24,0,us_301_list3_2018,0,313,2016-01_to_2018-05,0
550959,non_list1,excluded,insufficient_positive_pre_months|direct_policy_scope_overlap,34787,0,0.000000000000,6,24,0,us_301_list3_2018,0,313,2016-01_to_2018-05,0
550961,non_list1,excluded,insufficient_positive_pre_months|direct_policy_scope_overlap,0,0,0.000000000000,0,24,0,us_301_list3_2018,0,313,2016-01_to_2018-05,0
550962,non_list1,excluded,insufficient_positive_pre_months|direct_policy_scope_overlap,106685,0,0.000000000000,11,24,0,us_301_list3_2018,0,313,2016-01_to_2018-05,0
550969,non_list1,excluded,insufficient_positive_pre_months|direct_policy_scope_overlap,222432,0,0.000000000000,10,24,0,us_301_list3_2018,0,313,2016-01_to_2018-05,0
550991,non_list1,excluded,insufficient_positive_pre_months|direct_policy_scope_overlap,34009,0,0.000000000000,6,24,0,us_301_list3_2018,0,313,2016-01_to_2018-05,0
550992,non_list1,excluded,insufficient_positive_pre_months|direct_policy_scope_overlap,3735552,0,0.000000000000,22,24,0,us_301_list3_2018,0,313,2016-01_to_2018-05,0
550999,non_list1,excluded,insufficient_positive_pre_months|direct_policy_scope_overlap,194603,0,0.000000000000,11,24,0,us_301_list3_2018,0,313,2016-01_to_2018-05,0
551011,non_list1,excluded,direct_policy_scope_overlap,12766045,0,0.000000000000,29,24,0,us_301_list3_2018,0,313,2016-01_to_2018-05,0
551012,non_list1,excluded,direct_policy_scope_overlap,234626,0,0.000000000000,29,24,0,us_301_list3_2018,0,313,2016-01_to_2018-05,0
551020,non_list1,excluded,insufficient_positive_pre_months|direct_policy_scope_overlap,15305,0,0.000000000000,1,24,0,us_301_list3_2018,0,313,2016-01_to_2018-05,0
551030,non_list1,excluded,direct_policy_scope_overlap,2831044,0,0.000000000000,29,24,0,us_301_list3_2018,0,313,2016-01_to_2018-05,0
551090,non_list1,excluded,direct_policy_scope_overlap,14828670,0,0.000000000000,29,24,0,us_301_list3_2018,0,313,2016-01_to_2018-05,0
551110,non_list1,excluded,direct_policy_scope_overlap,32840094,0,0.000000000000,29,24,0,us_301_list3_2018,0,313,2016-01_to_2018-05,0
551120,non_list1,excluded,direct_policy_scope_overlap,2589140,0,0.000000000000,29,24,0,us_301_list3_2018,0,313,2016-01_to_2018-05,0
551130,non_list1,excluded,direct_policy_scope_overlap,1454451,0,0.000000000000,29,24,0,us_301_list3_2018,0,313,2016-01_to_2018-05,0
551211,non_list1,excluded,direct_policy_scope_overlap,13540738,0,0.000000000000,29,24,0,us_301_list3_2018,0,313,2016-01_to_2018-05,0
551219,non_list1,excluded,direct_policy_scope_overlap,29249556,0,0.000000000000,29,24,0,us_301_list3_2018,0,313,2016-01_to_2018-05,0
551221,non_list1,excluded,insufficient_positive_pre_months|direct_policy_scope_overlap,509733,0,0.000000000000,17,24,0,us_301_list3_2018,0,313,2016-01_to_2018-05,0
551229,non_list1,excluded,direct_policy_scope_overlap,4747278,0,0.000000000000,29,24,0,us_301_list3_2018,0,313,2016-01_to_2018-05,0
551291,non_list1,excluded,insufficient_positive_pre_months|direct_policy_scope_overlap,1768794,0,0.000000000000,21,24,0,us_301_list3_2018,0,313,2016-01_to_2018-05,0
551299,non_list1,excluded,direct_policy_scope_overlap,5584097,0,0.000000000000,29,24,0,us_301_list3_2018,0,313,2016-01_to_2018-05,0
551311,non_list1,excluded,direct_policy_scope_overlap,4675006,0,0.000000000000,29,24,0,us_301_list3_2018,0,313,2016-01_to_2018-05,0
551312,non_list1,excluded,direct_policy_scope_overlap,1613724,0,0.000000000000,26,24,0,us_301_list3_2018,0,313,2016-01_to_2018-05,0
551313,non_list1,excluded,direct_policy_scope_overlap,1030652,0,0.000000000000,24,24,0,us_301_list3_2018,0,313,2016-01_to_2018-05,0
551319,non_list1,excluded,insufficient_positive_pre_months|direct_policy_scope_overlap,210453,0,0.000000000000,18,24,0,us_301_list3_2018,0,313,2016-01_to_2018-05,0
551321,non_list1,control_candidate,,13030464,0,0.000000000000,29,24,0,,0,313,2016-01_to_2018-05,0
551323,non_list1,excluded,direct_policy_scope_overlap,2475582,0,0.000000000000,29,24,0,us_301_list3_2018,0,313,2016-01_to_2018-05,0
551329,non_list1,excluded,direct_policy_scope_overlap,516352,0,0.000000000000,28,24,0,us_301_list3_2018,0,313,2016-01_to_2018-05,0
551331,non_list1,excluded,direct_policy_scope_overlap,1662159,0,0.000000000000,29,24,0,us_301_list3_2018,0,313,2016-01_to_2018-05,0
551339,non_list1,excluded,direct_policy_scope_overlap,603209,0,0.000000000000,24,24,0,us_301_list3_2018,0,313,2016-01_to_2018-05,0
551341,non_list1,excluded,direct_policy_scope_overlap,1756353,0,0.000000000000,29,24,0,us_301_list3_2018,0,313,2016-01_to_2018-05,0
551349,non_list1,excluded,direct_policy_scope_overlap,1494644,0,0.000000000000,26,24,0,us_301_list3_2018,0,313,2016-01_to_2018-05,0
551411,non_list1,excluded,direct_policy_scope_overlap,844148,0,0.000000000000,25,24,0,us_301_list3_2018,0,313,2016-01_to_2018-05,0
551412,non_list1,excluded,insufficient_positive_pre_months|direct_policy_scope_overlap,417825,0,0.000000000000,21,24,0,us_301_list3_2018,0,313,2016-01_to_2018-05,0
551419,non_list1,excluded,direct_policy_scope_overlap,1266254,0,0.000000000000,29,24,0,us_301_list3_2018,0,313,2016-01_to_2018-05,0
551421,non_list1,excluded,direct_policy_scope_overlap,1331292,0,0.000000000000,28,24,0,us_301_list3_2018,0,313,2016-01_to_2018-05,0
551422,non_list1,excluded,direct_policy_scope_overlap,4644962,0,0.000000000000,29,24,0,us_301_list3_2018,0,313,2016-01_to_2018-05,0
551423,non_list1,excluded,direct_policy_scope_overlap,1459316,0,0.000000000000,29,24,0,us_301_list3_2018,0,313,2016-01_to_2018-05,0
551429,non_list1,excluded,direct_policy_scope_overlap,1489540,0,0.000000000000,27,24,0,us_301_list3_2018,0,313,2016-01_to_2018-05,0
551430,non_list1,excluded,direct_policy_scope_overlap,2366313,0,0.000000000000,29,24,0,us_301_list3_2018,0,313,2016-01_to_2018-05,0
551441,non_list1,excluded,insufficient_positive_pre_months|direct_policy_scope_overlap,4214,0,0.000000000000,1,24,0,us_301_list3_2018,0,313,2016-01_to_2018-05,0
551442,non_list1,excluded,insufficient_positive_pre_months|direct_policy_scope_overlap,62298,0,0.000000000000,6,24,0,us_301_list3_2018,0,313,2016-01_to_2018-05,0
551443,non_list1,excluded,insufficient_positive_pre_months|direct_policy_scope_overlap,229350,0,0.000000000000,13,24,0,us_301_list3_2018,0,313,2016-01_to_2018-05,0
551449,non_list1,excluded,insufficient_positive_pre_months|direct_policy_scope_overlap,765628,0,0.000000000000,17,24,0,us_301_list3_2018,0,313,2016-01_to_2018-05,0
551511,non_list1,excluded,direct_policy_scope_overlap,4953797,0,0.000000000000,29,24,0,us_301_list3_2018,0,313,2016-01_to_2018-05,0
551512,non_list1,excluded,direct_policy_scope_overlap,48908551,0,0.000000000000,29,24,0,us_301_list3_2018,0,313,2016-01_to_2018-05,0
551513,non_list1,excluded,direct_policy_scope_overlap,1722140,0,0.000000000000,29,24,0,us_301_list3_2018,0,313,2016-01_to_2018-05,0
551519,non_list1,excluded,direct_policy_scope_overlap,19346780,0,0.000000000000,29,24,0,us_301_list3_2018,0,313,2016-01_to_2018-05,0
551521,non_list1,excluded,direct_policy_scope_overlap,493227,0,0.000000000000,29,24,0,us_301_list3_2018,0,313,2016-01_to_2018-05,0
551522,non_list1,excluded,insufficient_positive_pre_months|direct_policy_scope_overlap,73030,0,0.000000000000,12,24,0,us_301_list3_2018,0,313,2016-01_to_2018-05,0
551529,non_list1,excluded,direct_policy_scope_overlap,271888,0,0.000000000000,26,24,0,us_301_list3_2018,0,313,2016-01_to_2018-05,0
551591,non_list1,excluded,direct_policy_scope_overlap,635626,0,0.000000000000,29,24,0,us_301_list3_2018,0,313,2016-01_to_2018-05,0
551599,non_list1,excluded,direct_policy_scope_overlap,1698210,0,0.000000000000,29,24,0,us_301_list3_2018,0,313,2016-01_to_2018-05,0
551611,non_list1,excluded,direct_policy_scope_overlap,3400368,0,0.000000000000,29,24,0,us_301_list3_2018,0,313,2016-01_to_2018-05,0
551612,non_list1,excluded,direct_policy_scope_overlap,21400561,0,0.000000000000,29,24,0,us_301_list3_2018,0,313,2016-01_to_2018-05,0
551613,non_list1,excluded,direct_policy_scope_overlap,1188635,0,0.000000000000,29,24,0,us_301_list3_2018,0,313,2016-01_to_2018-05,0
551614,non_list1,excluded,direct_policy_scope_overlap,17036871,0,0.000000000000,29,24,0,us_301_list3_2018,0,313,2016-01_to_2018-05,0
551621,non_list1,excluded,direct_policy_scope_overlap,367025,0,0.000000000000,24,24,0,us_301_list3_2018,0,313,2016-01_to_2018-05,0
551622,non_list1,excluded,direct_policy_scope_overlap,2474612,0,0.000000000000,29,24,0,us_301_list3_2018,0,313,2016-01_to_2018-05,0
551623,non_list1,excluded,direct_policy_scope_overlap,20323319,0,0.000000000000,29,24,0,us_301_list3_2018,0,313,2016-01_to_2018-05,0
551624,non_list1,excluded,direct_policy_scope_overlap,689692,0,0.000000000000,29,24,0,us_301_list3_2018,0,313,2016-01_to_2018-05,0
551631,non_list1,excluded,insufficient_positive_pre_months|direct_policy_scope_overlap,196177,0,0.000000000000,22,24,0,us_301_list3_2018,0,313,2016-01_to_2018-05,0
551632,non_list1,excluded,insufficient_positive_pre_months|direct_policy_scope_overlap,89407,0,0.000000000000,14,24,0,us_301_list3_2018,0,313,2016-01_to_2018-05,0
551633,non_list1,excluded,insufficient_positive_pre_months|direct_policy_scope_overlap,83431,0,0.000000000000,6,24,0,us_301_list3_2018,0,313,2016-01_to_2018-05,0
551634,non_list1,excluded,insufficient_positive_pre_months|direct_policy_scope_overlap,0,0,0.000000000000,0,24,0,us_301_list3_2018,0,313,2016-01_to_2018-05,0
551641,non_list1,excluded,direct_policy_scope_overlap,1741128,0,0.000000000000,26,24,0,us_301_list3_2018,0,313,2016-01_to_2018-05,0
551642,non_list1,excluded,direct_policy_scope_overlap,321420,0,0.000000000000,27,24,0,us_301_list3_2018,0,313,2016-01_to_2018-05,0
551643,non_list1,excluded,direct_policy_scope_overlap,31781389,0,0.000000000000,29,24,0,us_301_list3_2018,0,313,2016-01_to_2018-05,0
551644,non_list1,excluded,insufficient_positive_pre_months|direct_policy_scope_overlap,1006183,0,0.000000000000,18,24,0,us_301_list3_2018,0,313,2016-01_to_2018-05,0
551691,non_list1,excluded,direct_policy_scope_overlap,558541,0,0.000000000000,27,24,0,us_301_list3_2018,0,313,2016-01_to_2018-05,0
551692,non_list1,excluded,direct_policy_scope_overlap,11344060,0,0.000000000000,29,24,0,us_301_list3_2018,0,313,2016-01_to_2018-05,0
551693,non_list1,excluded,direct_policy_scope_overlap,6050588,0,0.000000000000,29,24,0,us_301_list3_2018,0,313,2016-01_to_2018-05,0
551694,non_list1,excluded,direct_policy_scope_overlap,347884,0,0.000000000000,24,24,0,us_301_list3_2018,0,313,2016-01_to_2018-05,0
560121,non_list1,excluded,direct_policy_scope_overlap,64346174,0,0.000000000000,29,24,0,us_301_list3_2018,0,314,2016-01_to_2018-05,0
560122,non_list1,excluded,direct_policy_scope_overlap,5365148,0,0.000000000000,29,24,0,us_301_list3_2018,0,314,2016-01_to_2018-05,0
560129,non_list1,excluded,direct_policy_scope_overlap,865934,0,0.000000000000,25,24,0,us_301_list3_2018,0,314,2016-01_to_2018-05,0
560130,non_list1,excluded,direct_policy_scope_overlap,2914191,0,0.000000000000,28,24,0,us_301_list3_2018,0,314,2016-01_to_2018-05,0
560210,non_list1,excluded,direct_policy_scope_overlap,25908681,0,0.000000000000,29,24,0,us_301_list3_2018,0,313,2016-01_to_2018-05,0
560221,non_list1,excluded,direct_policy_scope_overlap,277388,0,0.000000000000,29,24,0,us_301_list3_2018,0,313,2016-01_to_2018-05,0
560229,non_list1,excluded,direct_policy_scope_overlap,5960660,0,0.000000000000,29,24,0,us_301_list3_2018,0,313,2016-01_to_2018-05,0
560290,non_list1,excluded,direct_policy_scope_overlap,4255200,0,0.000000000000,29,24,0,us_301_list3_2018,0,313,2016-01_to_2018-05,0
560311,non_list1,excluded,direct_policy_scope_overlap,54652027,0,0.000000000000,29,24,0,us_301_list3_2018,0,313,2016-01_to_2018-05,0
560312,non_list1,excluded,direct_policy_scope_overlap,190043027,0,0.000000000000,29,24,0,us_301_list3_2018,0,313,2016-01_to_2018-05,0
560313,non_list1,excluded,direct_policy_scope_overlap,120381234,0,0.000000000000,29,24,0,us_301_list3_2018,0,313,2016-01_to_2018-05,0
560314,non_list1,excluded,direct_policy_scope_overlap,64853384,0,0.000000000000,29,24,0,us_301_list3_2018,0,313,2016-01_to_2018-05,0
560391,non_list1,excluded,direct_policy_scope_overlap,9432033,0,0.000000000000,29,24,0,us_301_list3_2018,0,313,2016-01_to_2018-05,0
560392,non_list1,excluded,direct_policy_scope_overlap,123918430,0,0.000000000000,29,24,0,us_301_list3_2018,0,313,2016-01_to_2018-05,0
560393,non_list1,excluded,direct_policy_scope_overlap,45578294,0,0.000000000000,29,24,0,us_301_list3_2018,0,313,2016-01_to_2018-05,0
560394,non_list1,excluded,direct_policy_scope_overlap,80567818,0,0.000000000000,29,24,0,us_301_list3_2018,0,313,2016-01_to_2018-05,0
560410,non_list1,excluded,direct_policy_scope_overlap,8058600,0,0.000000000000,29,24,0,us_301_list3_2018,0,313,2016-01_to_2018-05,0
560490,non_list1,excluded,direct_policy_scope_overlap,1923224,0,0.000000000000,29,24,0,us_301_list3_2018,0,313|314,2016-01_to_2018-05,0
560500,non_list1,excluded,direct_policy_scope_overlap,2720605,0,0.000000000000,29,24,0,us_301_list3_2018,0,314,2016-01_to_2018-05,0
560600,non_list1,excluded,direct_policy_scope_overlap,48458470,0,0.000000000000,29,24,0,us_301_list3_2018,0,313,2016-01_to_2018-05,0
560721,non_list1,excluded,direct_policy_scope_overlap,1518642,0,0.000000000000,29,24,0,us_301_list3_2018,0,314,2016-01_to_2018-05,0
560729,non_list1,excluded,direct_policy_scope_overlap,10834238,0,0.000000000000,29,24,0,us_301_list3_2018,0,314,2016-01_to_2018-05,0
560741,non_list1,excluded,direct_policy_scope_overlap,7240129,0,0.000000000000,29,24,0,us_301_list3_2018,0,314,2016-01_to_2018-05,0
560749,non_list1,excluded,direct_policy_scope_overlap,76319554,0,0.000000000000,29,24,0,us_301_list3_2018,0,314,2016-01_to_2018-05,0
560750,non_list1,excluded,direct_policy_scope_overlap,74610513,0,0.000000000000,29,24,0,us_301_list3_2018,0,314,2016-01_to_2018-05,0
560790,non_list1,excluded,direct_policy_scope_overlap,27975767,0,0.000000000000,29,24,0,us_301_list3_2018,0,314,2016-01_to_2018-05,0
560811,non_list1,excluded,direct_policy_scope_overlap,13808984,0,0.000000000000,29,24,0,us_301_list3_2018,0,314,2016-01_to_2018-05,0
560819,non_list1,excluded,direct_policy_scope_overlap,35806636,0,0.000000000000,29,24,0,us_301_list3_2018,0,314,2016-01_to_2018-05,0
560890,non_list1,excluded,direct_policy_scope_overlap,9719929,0,0.000000000000,29,24,0,us_301_list3_2018,0,314,2016-01_to_2018-05,0
560900,non_list1,excluded,direct_policy_scope_overlap,328900868,0,0.000000000000,29,24,0,us_301_list3_2018,0,314,2016-01_to_2018-05,0
570110,non_list1,excluded,direct_policy_scope_overlap,13820673,0,0.000000000000,29,24,0,us_301_list3_2018,0,314,2016-01_to_2018-05,0
570190,non_list1,excluded,direct_policy_scope_overlap,29943379,0,0.000000000000,29,24,0,us_301_list3_2018,0,314,2016-01_to_2018-05,0
570210,non_list1,excluded,direct_policy_scope_overlap,17488610,0,0.000000000000,29,24,0,us_301_list3_2018,0,314,2016-01_to_2018-05,0
570220,non_list1,excluded,direct_policy_scope_overlap,786541,0,0.000000000000,26,24,0,us_301_list3_2018,0,314,2016-01_to_2018-05,0
570231,non_list1,excluded,direct_policy_scope_overlap,55226651,0,0.000000000000,29,24,0,us_301_list3_2018,0,314,2016-01_to_2018-05,0
570232,non_list1,excluded,direct_policy_scope_overlap,2220556,0,0.000000000000,29,24,0,us_301_list3_2018,0,314,2016-01_to_2018-05,0
570239,non_list1,excluded,direct_policy_scope_overlap,2267139,0,0.000000000000,26,24,0,us_301_list3_2018,0,314,2016-01_to_2018-05,0
570241,non_list1,excluded,direct_policy_scope_overlap,33165305,0,0.000000000000,29,24,0,us_301_list3_2018,0,314,2016-01_to_2018-05,0
570242,non_list1,excluded,direct_policy_scope_overlap,141787766,0,0.000000000000,29,24,0,us_301_list3_2018,0,314,2016-01_to_2018-05,0
570249,non_list1,excluded,direct_policy_scope_overlap,12694304,0,0.000000000000,29,24,0,us_301_list3_2018,0,314,2016-01_to_2018-05,0
570250,non_list1,excluded,direct_policy_scope_overlap,7933363,0,0.000000000000,29,24,0,us_301_list3_2018,0,314,2016-01_to_2018-05,0
570291,non_list1,excluded,insufficient_positive_pre_months|direct_policy_scope_overlap,183944,0,0.000000000000,16,24,0,us_301_list3_2018,0,314,2016-01_to_2018-05,0
570292,non_list1,excluded,direct_policy_scope_overlap,47186150,0,0.000000000000,29,24,0,us_301_list3_2018,0,314,2016-01_to_2018-05,0
570299,non_list1,excluded,direct_policy_scope_overlap,20315004,0,0.000000000000,29,24,0,us_301_list3_2018,0,314,2016-01_to_2018-05,0
570310,non_list1,excluded,direct_policy_scope_overlap,67646996,0,0.000000000000,29,24,0,us_301_list3_2018,0,314,2016-01_to_2018-05,0
570320,non_list1,excluded,direct_policy_scope_overlap,100472356,0,0.000000000000,29,24,0,us_301_list3_2018,0,314,2016-01_to_2018-05,0
570330,non_list1,excluded,direct_policy_scope_overlap,429182532,0,0.000000000000,29,24,0,us_301_list3_2018,0,314,2016-01_to_2018-05,0
570390,non_list1,excluded,direct_policy_scope_overlap,79930151,0,0.000000000000,29,24,0,us_301_list3_2018,0,314,2016-01_to_2018-05,0
570410,non_list1,excluded,insufficient_positive_pre_months|direct_policy_scope_overlap,508057,0,0.000000000000,14,24,0,us_301_list3_2018,0,314,2016-01_to_2018-05,0
570420,non_list1,excluded,insufficient_positive_pre_months|direct_policy_scope_overlap,126498,0,0.000000000000,9,24,0,us_301_list3_2018,0,314,2016-01_to_2018-05,0
570490,non_list1,excluded,insufficient_positive_pre_months|direct_policy_scope_overlap,25792913,0,0.000000000000,17,24,0,us_301_list3_2018,0,314,2016-01_to_2018-05,0
570500,non_list1,excluded,direct_policy_scope_overlap,333784131,0,0.000000000000,29,24,0,us_301_list3_2018,0,314,2016-01_to_2018-05,0
580110,non_list1,excluded,insufficient_positive_pre_months|direct_policy_scope_overlap,142554,0,0.000000000000,12,24,0,us_301_list3_2018,0,313,2016-01_to_2018-05,0
580121,non_list1,excluded,insufficient_positive_pre_months|direct_policy_scope_overlap,47531,0,0.000000000000,8,24,0,us_301_list3_2018,0,313,2016-01_to_2018-05,0
580122,non_list1,excluded,direct_policy_scope_overlap,5488030,0,0.000000000000,29,24,0,us_301_list3_2018,0,313,2016-01_to_2018-05,0
580123,non_list1,excluded,direct_policy_scope_overlap,714724,0,0.000000000000,28,24,0,us_301_list3_2018,0,313,2016-01_to_2018-05,0
580126,non_list1,excluded,direct_policy_scope_overlap,1100298,0,0.000000000000,29,24,0,us_301_list3_2018,0,313,2016-01_to_2018-05,0
580127,non_list1,excluded,direct_policy_scope_overlap,1555147,0,0.000000000000,29,24,0,us_301_list3_2018,0,313,2016-01_to_2018-05,0
580131,non_list1,control_candidate,,4658501,0,0.000000000000,29,24,0,,0,313,2016-01_to_2018-05,0
580132,non_list1,control_candidate,,3616773,0,0.000000000000,29,24,0,,0,313,2016-01_to_2018-05,0
580133,non_list1,control_candidate,,19443110,0,0.000000000000,29,24,0,,0,313,2016-01_to_2018-05,0
580136,non_list1,control_candidate,,172082882,0,0.000000000000,29,24,0,,0,313,2016-01_to_2018-05,0
580137,non_list1,excluded,direct_policy_scope_overlap,9068859,0,0.000000000000,29,24,0,us_301_list3_2018,0,313,2016-01_to_2018-05,0
580190,non_list1,excluded,direct_policy_scope_overlap,1516295,0,0.000000000000,29,24,0,us_301_list3_2018,0,313,2016-01_to_2018-05,0
580211,non_list1,excluded,insufficient_positive_pre_months|direct_policy_scope_overlap,28008,0,0.000000000000,9,24,0,us_301_list3_2018,0,313,2016-01_to_2018-05,0
580219,non_list1,excluded,direct_policy_scope_overlap,2182298,0,0.000000000000,28,24,0,us_301_list3_2018,0,313,2016-01_to_2018-05,0
580220,non_list1,excluded,insufficient_positive_pre_months|direct_policy_scope_overlap,101781,0,0.000000000000,23,24,0,us_301_list3_2018,0,313,2016-01_to_2018-05,0
580230,non_list1,excluded,insufficient_positive_pre_months|direct_policy_scope_overlap,317624,0,0.000000000000,18,24,0,us_301_list3_2018,0,313,2016-01_to_2018-05,0
580300,non_list1,excluded,direct_policy_scope_overlap,11759829,0,0.000000000000,29,24,0,us_301_list3_2018,0,313|314,2016-01_to_2018-05,0
580410,non_list1,excluded,direct_policy_scope_overlap,18533119,0,0.000000000000,29,24,0,us_301_list3_2018,0,313,2016-01_to_2018-05,0
580421,non_list1,excluded,direct_policy_scope_overlap,7341411,0,0.000000000000,29,24,0,us_301_list3_2018,0,313,2016-01_to_2018-05,0
580429,non_list1,excluded,direct_policy_scope_overlap,3407291,0,0.000000000000,29,24,0,us_301_list3_2018,0,313,2016-01_to_2018-05,0
580430,non_list1,excluded,insufficient_positive_pre_months|direct_policy_scope_overlap,103288,0,0.000000000000,15,24,0,us_301_list3_2018,0,313,2016-01_to_2018-05,0
580500,non_list1,excluded,direct_policy_scope_overlap,420648,0,0.000000000000,25,24,0,us_301_list3_2018,0,990,2016-01_to_2018-05,0
580610,non_list1,excluded,direct_policy_scope_overlap,31481681,0,0.000000000000,29,24,0,us_301_list3_2018,0,313,2016-01_to_2018-05,0
580620,non_list1,excluded,direct_policy_scope_overlap,28324548,0,0.000000000000,29,24,0,us_301_list3_2018,0,313,2016-01_to_2018-05,0
580631,non_list1,excluded,direct_policy_scope_overlap,21533306,0,0.000000000000,29,24,0,us_301_list3_2018,0,313,2016-01_to_2018-05,0
580632,non_list1,excluded,direct_policy_scope_overlap,146159129,0,0.000000000000,29,24,0,us_301_list3_2018,0,313,2016-01_to_2018-05,0
580639,non_list1,excluded,direct_policy_scope_overlap,15177230,0,0.000000000000,29,24,0,us_301_list3_2018,0,313,2016-01_to_2018-05,0
580640,non_list1,excluded,insufficient_positive_pre_months|direct_policy_scope_overlap,92525,0,0.000000000000,19,24,0,us_301_list3_2018,0,313,2016-01_to_2018-05,0
580710,non_list1,excluded,direct_policy_scope_overlap,24957903,0,0.000000000000,29,24,0,us_301_list3_2018,0,313|314,2016-01_to_2018-05,0
580790,non_list1,excluded,direct_policy_scope_overlap,4495047,0,0.000000000000,29,24,0,us_301_list3_2018,0,314,2016-01_to_2018-05,0
580810,non_list1,excluded,direct_policy_scope_overlap,7394879,0,0.000000000000,29,24,0,us_301_list3_2018,0,315,2016-01_to_2018-05,0
580890,non_list1,excluded,direct_policy_scope_overlap,40180092,0,0.000000000000,29,24,0,us_301_list3_2018,0,315,2016-01_to_2018-05,0
580900,non_list1,excluded,insufficient_positive_pre_months|direct_policy_scope_overlap,298842,0,0.000000000000,20,24,0,us_301_list3_2018,0,314,2016-01_to_2018-05,0
581010,non_list1,excluded,direct_policy_scope_overlap,4947879,0,0.000000000000,29,24,0,us_301_list3_2018,0,314,2016-01_to_2018-05,0
581091,non_list1,excluded,direct_policy_scope_overlap,1768032,0,0.000000000000,29,24,0,us_301_list3_2018,0,314,2016-01_to_2018-05,0
581092,non_list1,excluded,direct_policy_scope_overlap,100087983,0,0.000000000000,29,24,0,us_301_list3_2018,0,314,2016-01_to_2018-05,0
581099,non_list1,excluded,direct_policy_scope_overlap,1066033,0,0.000000000000,29,24,0,us_301_list3_2018,0,314,2016-01_to_2018-05,0
581100,non_list1,excluded,direct_policy_scope_overlap,9074415,0,0.000000000000,29,24,0,us_301_list3_2018,0,314,2016-01_to_2018-05,0
590110,non_list1,excluded,direct_policy_scope_overlap,1723265,0,0.000000000000,28,24,0,us_301_list3_2018,0,313,2016-01_to_2018-05,0
590190,non_list1,excluded,direct_policy_scope_overlap,125242985,0,0.000000000000,29,24,0,us_301_list3_2018,0,313,2016-01_to_2018-05,0
590210,non_list1,excluded,direct_policy_scope_overlap,15609102,0,0.000000000000,29,24,0,us_301_list3_2018,0,314,2016-01_to_2018-05,0
590220,non_list1,excluded,direct_policy_scope_overlap,80713127,0,0.000000000000,29,24,0,us_301_list3_2018,0,314,2016-01_to_2018-05,0
590290,non_list1,excluded,insufficient_positive_pre_months|direct_policy_scope_overlap,231608,0,0.000000000000,11,24,0,us_301_list3_2018,0,314,2016-01_to_2018-05,0
590310,non_list1,excluded,direct_policy_scope_overlap,228950789,0,0.000000000000,29,24,0,us_301_list3_2018,0,313,2016-01_to_2018-05,0
590320,non_list1,excluded,direct_policy_scope_overlap,153066816,0,0.000000000000,29,24,0,us_301_list3_2018,0,313,2016-01_to_2018-05,0
590390,non_list1,excluded,direct_policy_scope_overlap,176062364,0,0.000000000000,29,24,0,us_301_list3_2018,0,313,2016-01_to_2018-05,0
590410,non_list1,excluded,insufficient_positive_pre_months|direct_policy_scope_overlap,35783,0,0.000000000000,13,24,0,us_301_list3_2018,0,326,2016-01_to_2018-05,0
590490,non_list1,excluded,insufficient_positive_pre_months|direct_policy_scope_overlap,510601,0,0.000000000000,18,24,0,us_301_list3_2018,0,326,2016-01_to_2018-05,0
590500,non_list1,excluded,direct_policy_scope_overlap,10382403,0,0.000000000000,29,24,0,us_301_list3_2018,0,322,2016-01_to_2018-05,0
590610,non_list1,excluded,direct_policy_scope_overlap,79617439,0,0.000000000000,29,24,0,us_301_list3_2018,0,313,2016-01_to_2018-05,0
590691,non_list1,excluded,direct_policy_scope_overlap,6622919,0,0.000000000000,29,24,0,us_301_list3_2018,0,313,2016-01_to_2018-05,0
590699,non_list1,excluded,direct_policy_scope_overlap,67089463,0,0.000000000000,29,24,0,us_301_list3_2018,0,313,2016-01_to_2018-05,0
590700,non_list1,excluded,direct_policy_scope_overlap,43936826,0,0.000000000000,29,24,0,us_301_list3_2018,0,313|339,2016-01_to_2018-05,0
590800,non_list1,excluded,direct_policy_scope_overlap,1188132,0,0.000000000000,29,24,0,us_301_list3_2018,0,313,2016-01_to_2018-05,0
590900,non_list1,excluded,direct_policy_scope_overlap,24601380,0,0.000000000000,29,24,0,us_301_list3_2018,0,313,2016-01_to_2018-05,0
591000,non_list1,excluded,direct_policy_scope_overlap,23491062,0,0.000000000000,29,24,0,us_301_list3_2018,0,313,2016-01_to_2018-05,0
591110,non_list1,excluded,direct_policy_scope_overlap,16375673,0,0.000000000000,29,24,0,us_301_list3_2018,0,313,2016-01_to_2018-05,0
591120,non_list1,excluded,direct_policy_scope_overlap,8127034,0,0.000000000000,29,24,0,us_301_list3_2018,0,313,2016-01_to_2018-05,0
591131,non_list1,excluded,insufficient_positive_pre_months|direct_policy_scope_overlap,953585,0,0.000000000000,19,24,0,us_301_list3_2018,0,313,2016-01_to_2018-05,0
591132,non_list1,excluded,direct_policy_scope_overlap,3844380,0,0.000000000000,29,24,0,us_301_list3_2018,0,313,2016-01_to_2018-05,0
591140,non_list1,excluded,direct_policy_scope_overlap,10397713,0,0.000000000000,29,24,0,us_301_list3_2018,0,313,2016-01_to_2018-05,0
591190,non_list1,excluded,direct_policy_scope_overlap,134431568,0,0.000000000000,29,24,0,us_301_list3_2018,0,313,2016-01_to_2018-05,0
600110,non_list1,excluded,direct_policy_scope_overlap,18565235,0,0.000000000000,29,24,0,us_301_list3_2018,0,313,2016-01_to_2018-05,0
600121,non_list1,excluded,direct_policy_scope_overlap,1281810,0,0.000000000000,29,24,0,us_301_list3_2018,0,313,2016-01_to_2018-05,0
600122,non_list1,control_candidate,,95214717,0,0.000000000000,29,24,0,,0,313,2016-01_to_2018-05,0
600129,non_list1,excluded,direct_policy_scope_overlap,796066,0,0.000000000000,29,24,0,us_301_list3_2018,0,313,2016-01_to_2018-05,0
600191,non_list1,excluded,direct_policy_scope_overlap,458984,0,0.000000000000,24,24,0,us_301_list3_2018,0,313,2016-01_to_2018-05,0
600192,non_list1,excluded,direct_policy_scope_overlap,62199001,0,0.000000000000,29,24,0,us_301_list3_2018,0,313,2016-01_to_2018-05,0
600199,non_list1,excluded,direct_policy_scope_overlap,1329109,0,0.000000000000,29,24,0,us_301_list3_2018,0,313,2016-01_to_2018-05,0
600240,non_list1,excluded,direct_policy_scope_overlap,3816662,0,0.000000000000,29,24,0,us_301_list3_2018,0,313,2016-01_to_2018-05,0
600290,non_list1,excluded,direct_policy_scope_overlap,4926299,0,0.000000000000,29,24,0,us_301_list3_2018,0,313,2016-01_to_2018-05,0
600310,non_list1,excluded,insufficient_positive_pre_months|direct_policy_scope_overlap,77060,0,0.000000000000,9,24,0,us_301_list3_2018,0,313,2016-01_to_2018-05,0
600320,non_list1,excluded,direct_policy_scope_overlap,2130303,0,0.000000000000,29,24,0,us_301_list3_2018,0,313,2016-01_to_2018-05,0
600330,non_list1,excluded,direct_policy_scope_overlap,20866992,0,0.000000000000,29,24,0,us_301_list3_2018,0,313,2016-01_to_2018-05,0
600340,non_list1,excluded,direct_policy_scope_overlap,386479,0,0.000000000000,27,24,0,us_301_list3_2018,0,313,2016-01_to_2018-05,0
600390,non_list1,excluded,direct_policy_scope_overlap,677985,0,0.000000000000,29,24,0,us_301_list3_2018,0,313,2016-01_to_2018-05,0
600410,non_list1,excluded,direct_policy_scope_overlap,136859996,0,0.000000000000,29,24,0,us_301_list3_2018,0,313,2016-01_to_2018-05,0
600490,non_list1,excluded,direct_policy_scope_overlap,5676330,0,0.000000000000,29,24,0,us_301_list3_2018,0,313,2016-01_to_2018-05,0
600521,non_list1,excluded,insufficient_positive_pre_months|direct_policy_scope_overlap,234936,0,0.000000000000,16,24,0,us_301_list3_2018,0,313,2016-01_to_2018-05,0
600522,non_list1,excluded,direct_policy_scope_overlap,1592182,0,0.000000000000,29,24,0,us_301_list3_2018,0,313,2016-01_to_2018-05,0
600523,non_list1,excluded,insufficient_positive_pre_months|direct_policy_scope_overlap,118307,0,0.000000000000,9,24,0,us_301_list3_2018,0,313,2016-01_to_2018-05,0
600524,non_list1,excluded,direct_policy_scope_overlap,1020744,0,0.000000000000,28,24,0,us_301_list3_2018,0,313,2016-01_to_2018-05,0
600535,non_list1,excluded,insufficient_positive_pre_months,9849199,0,0.000000000000,17,24,0,,0,313,2016-01_to_2018-05,0
600536,non_list1,excluded,insufficient_positive_pre_months|direct_policy_scope_overlap,17226038,0,0.000000000000,17,24,0,us_301_list3_2018,0,313,2016-01_to_2018-05,0
600537,non_list1,excluded,insufficient_positive_pre_months|direct_policy_scope_overlap,55272857,0,0.000000000000,17,24,0,us_301_list3_2018,0,313,2016-01_to_2018-05,0
600538,non_list1,excluded,insufficient_positive_pre_months|direct_policy_scope_overlap,4693953,0,0.000000000000,17,24,0,us_301_list3_2018,0,313,2016-01_to_2018-05,0
600539,non_list1,excluded,insufficient_positive_pre_months|direct_policy_scope_overlap,15695304,0,0.000000000000,17,24,0,us_301_list3_2018,0,313,2016-01_to_2018-05,0
600541,non_list1,excluded,insufficient_positive_pre_months,532795,0,0.000000000000,23,24,0,,0,313,2016-01_to_2018-05,0
600542,non_list1,excluded,direct_policy_scope_overlap,2472783,0,0.000000000000,29,24,0,us_301_list3_2018,0,313,2016-01_to_2018-05,0
600543,non_list1,excluded,insufficient_positive_pre_months|direct_policy_scope_overlap,285532,0,0.000000000000,22,24,0,us_301_list3_2018,0,313,2016-01_to_2018-05,0
600544,non_list1,excluded,insufficient_positive_pre_months|direct_policy_scope_overlap,231025,0,0.000000000000,22,24,0,us_301_list3_2018,0,313,2016-01_to_2018-05,0
600590,non_list1,excluded,direct_policy_scope_overlap,4980141,0,0.000000000000,28,24,0,us_301_list3_2018,0,313,2016-01_to_2018-05,0
600610,non_list1,excluded,direct_policy_scope_overlap,460835,0,0.000000000000,25,24,0,us_301_list3_2018,0,313,2016-01_to_2018-05,0
600621,non_list1,excluded,direct_policy_scope_overlap,2173896,0,0.000000000000,29,24,0,us_301_list3_2018,0,313,2016-01_to_2018-05,0
600622,non_list1,excluded,direct_policy_scope_overlap,12179368,0,0.000000000000,29,24,0,us_301_list3_2018,0,313,2016-01_to_2018-05,0
600623,non_list1,excluded,direct_policy_scope_overlap,1280276,0,0.000000000000,29,24,0,us_301_list3_2018,0,313,2016-01_to_2018-05,0
600624,non_list1,excluded,direct_policy_scope_overlap,5986430,0,0.000000000000,29,24,0,us_301_list3_2018,0,313,2016-01_to_2018-05,0
600631,non_list1,excluded,direct_policy_scope_overlap,86116415,0,0.000000000000,29,24,0,us_301_list3_2018,0,313,2016-01_to_2018-05,0
600632,non_list1,excluded,direct_policy_scope_overlap,154847077,0,0.000000000000,29,24,0,us_301_list3_2018,0,313,2016-01_to_2018-05,0
600633,non_list1,excluded,direct_policy_scope_overlap,43636697,0,0.000000000000,29,24,0,us_301_list3_2018,0,313,2016-01_to_2018-05,0
600634,non_list1,excluded,direct_policy_scope_overlap,71693292,0,0.000000000000,29,24,0,us_301_list3_2018,0,313,2016-01_to_2018-05,0
600641,non_list1,control_candidate,,5512804,0,0.000000000000,29,24,0,,0,313,2016-01_to_2018-05,0
600642,non_list1,excluded,direct_policy_scope_overlap,114296261,0,0.000000000000,29,24,0,us_301_list3_2018,0,313,2016-01_to_2018-05,0
600643,non_list1,excluded,direct_policy_scope_overlap,7003126,0,0.000000000000,29,24,0,us_301_list3_2018,0,313,2016-01_to_2018-05,0
600644,non_list1,excluded,direct_policy_scope_overlap,10856313,0,0.000000000000,29,24,0,us_301_list3_2018,0,313,2016-01_to_2018-05,0
600690,non_list1,excluded,direct_policy_scope_overlap,6053432,0,0.000000000000,29,24,0,us_301_list3_2018,0,313,2016-01_to_2018-05,0
610120,non_list1,control_candidate,,315413393,0,0.000000000000,29,24,0,,0,315,2016-01_to_2018-05,0
610130,non_list1,control_candidate,,320780214,0,0.000000000000,29,24,0,,0,315,2016-01_to_2018-05,0
610190,non_list1,control_candidate,,6136077,0,0.000000000000,29,24,0,,0,315,2016-01_to_2018-05,0
610210,non_list1,control_candidate,,48248045,0,0.000000000000,29,24,0,,0,315,2016-01_to_2018-05,0
610220,non_list1,control_candidate,,252823857,0,0.000000000000,29,24,0,,0,315,2016-01_to_2018-05,0
610230,non_list1,control_candidate,,446373104,0,0.000000000000,29,24,0,,0,315,2016-01_to_2018-05,0
610290,non_list1,control_candidate,,11213762,0,0.000000000000,29,24,0,,0,315,2016-01_to_2018-05,0
610310,non_list1,control_candidate,,4511831,0,0.000000000000,29,24,0,,0,315,2016-01_to_2018-05,0
610322,non_list1,excluded,insufficient_positive_pre_months,1306522,0,0.000000000000,7,24,0,,0,315,2016-01_to_2018-05,0
610323,non_list1,excluded,insufficient_positive_pre_months,73748,0,0.000000000000,7,24,0,,0,315,2016-01_to_2018-05,0
610329,non_list1,excluded,insufficient_positive_pre_months,0,0,0.000000000000,0,24,0,,0,315,2016-01_to_2018-05,0
610331,non_list1,control_candidate,,1815389,0,0.000000000000,29,24,0,,0,315,2016-01_to_2018-05,0
610332,non_list1,control_candidate,,15660106,0,0.000000000000,29,24,0,,0,315,2016-01_to_2018-05,0
610333,non_list1,control_candidate,,12584625,0,0.000000000000,29,24,0,,0,315,2016-01_to_2018-05,0
610339,non_list1,control_candidate,,2858632,0,0.000000000000,29,24,0,,0,315,2016-01_to_2018-05,0
610341,non_list1,control_candidate,,1576902,0,0.000000000000,29,24,0,,0,315,2016-01_to_2018-05,0
610342,non_list1,control_candidate,,380877403,0,0.000000000000,29,24,0,,0,315,2016-01_to_2018-05,0
610343,non_list1,control_candidate,,367963141,0,0.000000000000,29,24,0,,0,315,2016-01_to_2018-05,0
610349,non_list1,control_candidate,,9002604,0,0.000000000000,29,24,0,,0,315,2016-01_to_2018-05,0
610413,non_list1,control_candidate,,4478396,0,0.000000000000,29,24,0,,0,315,2016-01_to_2018-05,0
610419,non_list1,control_candidate,,2443185,0,0.000000000000,29,24,0,,0,315,2016-01_to_2018-05,0
610422,non_list1,excluded,insufficient_positive_pre_months,1035985,0,0.000000000000,15,24,0,,0,315,2016-01_to_2018-05,0
610423,non_list1,excluded,insufficient_positive_pre_months,184046,0,0.000000000000,17,24,0,,0,315,2016-01_to_2018-05,0
610429,non_list1,excluded,insufficient_positive_pre_months,152047,0,0.000000000000,9,24,0,,0,315,2016-01_to_2018-05,0
610431,non_list1,control_candidate,,11106174,0,0.000000000000,27,24,0,,0,315,2016-01_to_2018-05,0
610432,non_list1,control_candidate,,31910926,0,0.000000000000,29,24,0,,0,315,2016-01_to_2018-05,0
610433,non_list1,control_candidate,,49327034,0,0.000000000000,29,24,0,,0,315,2016-01_to_2018-05,0
610439,non_list1,control_candidate,,23771039,0,0.000000000000,29,24,0,,0,315,2016-01_to_2018-05,0
610441,non_list1,control_candidate,,29520131,0,0.000000000000,29,24,0,,0,315,2016-01_to_2018-05,0
610442,non_list1,control_candidate,,412278492,0,0.000000000000,29,24,0,,0,315,2016-01_to_2018-05,0
610443,non_list1,control_candidate,,1273848112,0,0.000000000000,29,24,0,,0,315,2016-01_to_2018-05,0
610444,non_list1,control_candidate,,487073240,0,0.000000000000,29,24,0,,0,315,2016-01_to_2018-05,0
610449,non_list1,control_candidate,,31977074,0,0.000000000000,29,24,0,,0,315,2016-01_to_2018-05,0
610451,non_list1,control_candidate,,4806418,0,0.000000000000,29,24,0,,0,315,2016-01_to_2018-05,0
610452,non_list1,control_candidate,,46548237,0,0.000000000000,29,24,0,,0,315,2016-01_to_2018-05,0
610453,non_list1,control_candidate,,152182172,0,0.000000000000,29,24,0,,0,315,2016-01_to_2018-05,0
610459,non_list1,control_candidate,,85892081,0,0.000000000000,29,24,0,,0,315,2016-01_to_2018-05,0
610461,non_list1,control_candidate,,8734340,0,0.000000000000,29,24,0,,0,315,2016-01_to_2018-05,0
610462,non_list1,control_candidate,,729297608,0,0.000000000000,29,24,0,,0,315,2016-01_to_2018-05,0
610463,non_list1,control_candidate,,679367630,0,0.000000000000,29,24,0,,0,315,2016-01_to_2018-05,0
610469,non_list1,control_candidate,,181916673,0,0.000000000000,29,24,0,,0,315,2016-01_to_2018-05,0
610510,non_list1,control_candidate,,334882844,0,0.000000000000,29,24,0,,0,315,2016-01_to_2018-05,0
610520,non_list1,control_candidate,,246700548,0,0.000000000000,29,24,0,,0,315,2016-01_to_2018-05,0
610590,non_list1,control_candidate,,9983287,0,0.000000000000,29,24,0,,0,315,2016-01_to_2018-05,0
610610,non_list1,control_candidate,,124138123,0,0.000000000000,29,24,0,,0,315,2016-01_to_2018-05,0
610620,non_list1,control_candidate,,253633524,0,0.000000000000,29,24,0,,0,315,2016-01_to_2018-05,0
610690,non_list1,control_candidate,,21598604,0,0.000000000000,29,24,0,,0,315,2016-01_to_2018-05,0
610711,non_list1,control_candidate,,118947564,0,0.000000000000,29,24,0,,0,315,2016-01_to_2018-05,0
610712,non_list1,control_candidate,,230958913,0,0.000000000000,29,24,0,,0,315,2016-01_to_2018-05,0
610719,non_list1,control_candidate,,7427483,0,0.000000000000,29,24,0,,0,315,2016-01_to_2018-05,0
610721,non_list1,control_candidate,,127485862,0,0.000000000000,29,24,0,,0,315,2016-01_to_2018-05,0
610722,non_list1,control_candidate,,226421859,0,0.000000000000,29,24,0,,0,315,2016-01_to_2018-05,0
610729,non_list1,excluded,insufficient_positive_pre_months,660100,0,0.000000000000,16,24,0,,0,315,2016-01_to_2018-05,0
610791,non_list1,control_candidate,,72900152,0,0.000000000000,29,24,0,,0,315,2016-01_to_2018-05,0
610799,non_list1,control_candidate,,198240797,0,0.000000000000,29,24,0,,0,315,2016-01_to_2018-05,0
610811,non_list1,control_candidate,,21234766,0,0.000000000000,29,24,0,,0,315,2016-01_to_2018-05,0
610819,non_list1,control_candidate,,1491907,0,0.000000000000,29,24,0,,0,315,2016-01_to_2018-05,0
610821,non_list1,control_candidate,,185943043,0,0.000000000000,29,24,0,,0,315,2016-01_to_2018-05,0
610822,non_list1,control_candidate,,985224605,0,0.000000000000,29,24,0,,0,315,2016-01_to_2018-05,0
610829,non_list1,control_candidate,,1456927,0,0.000000000000,29,24,0,,0,315,2016-01_to_2018-05,0
610831,non_list1,control_candidate,,390985222,0,0.000000000000,29,24,0,,0,315,2016-01_to_2018-05,0
610832,non_list1,control_candidate,,858809906,0,0.000000000000,29,24,0,,0,315,2016-01_to_2018-05,0
610839,non_list1,control_candidate,,4453175,0,0.000000000000,29,24,0,,0,315,2016-01_to_2018-05,0
610891,non_list1,control_candidate,,229009268,0,0.000000000000,29,24,0,,0,315,2016-01_to_2018-05,0
610892,non_list1,control_candidate,,659853496,0,0.000000000000,29,24,0,,0,315,2016-01_to_2018-05,0
610899,non_list1,control_candidate,,10871751,0,0.000000000000,29,24,0,,0,315,2016-01_to_2018-05,0
610910,non_list1,control_candidate,,835843013,0,0.000000000000,29,24,0,,0,315,2016-01_to_2018-05,0
610990,non_list1,control_candidate,,688203211,0,0.000000000000,29,24,0,,0,315,2016-01_to_2018-05,0
611011,non_list1,control_candidate,,587464176,0,0.000000000000,29,24,0,,0,315,2016-01_to_2018-05,0
611012,non_list1,control_candidate,,598795786,0,0.000000000000,29,24,0,,0,315,2016-01_to_2018-05,0
611019,non_list1,control_candidate,,28207612,0,0.000000000000,29,24,0,,0,315,2016-01_to_2018-05,0
611020,non_list1,control_candidate,,5104038747,0,0.000000000000,29,24,0,,0,315,2016-01_to_2018-05,0
611030,non_list1,control_candidate,,3686998345,0,0.000000000000,29,24,0,,0,315,2016-01_to_2018-05,0
611090,non_list1,control_candidate,,503065454,0,0.000000000000,29,24,0,,0,315,2016-01_to_2018-05,0
611120,non_list1,control_candidate,,1700977805,0,0.000000000000,29,24,0,,0,315,2016-01_to_2018-05,0
611130,non_list1,control_candidate,,364206786,0,0.000000000000,29,24,0,,0,315,2016-01_to_2018-05,0
611190,non_list1,control_candidate,,15301436,0,0.000000000000,29,24,0,,0,315,2016-01_to_2018-05,0
611211,non_list1,control_candidate,,9196705,0,0.000000000000,29,24,0,,0,315,2016-01_to_2018-05,0
611212,non_list1,control_candidate,,17938122,0,0.000000000000,29,24,0,,0,315,2016-01_to_2018-05,0
611219,non_list1,control_candidate,,431875,0,0.000000000000,26,24,0,,0,315,2016-01_to_2018-05,0
611220,non_list1,control_candidate,,478399,0,0.000000000000,27,24,0,,0,315,2016-01_to_2018-05,0
611231,non_list1,control_candidate,,19316557,0,0.000000000000,29,24,0,,0,315,2016-01_to_2018-05,0
611239,non_list1,control_candidate,,327031,0,0.000000000000,25,24,0,,0,315,2016-01_to_2018-05,0
611241,non_list1,control_candidate,,1140849439,0,0.000000000000,29,24,0,,0,315,2016-01_to_2018-05,0
611249,non_list1,control_candidate,,4256597,0,0.000000000000,29,24,0,,0,315,2016-01_to_2018-05,0
611300,non_list1,control_candidate,,187766021,0,0.000000000000,29,24,0,,0,315,2016-01_to_2018-05,0
611420,non_list1,control_candidate,,289595885,0,0.000000000000,29,24,0,,0,315,2016-01_to_2018-05,0
611430,non_list1,control_candidate,,970267785,0,0.000000000000,29,24,0,,0,315,2016-01_to_2018-05,0
611490,non_list1,control_candidate,,20916958,0,0.000000000000,29,24,0,,0,315,2016-01_to_2018-05,0
611510,non_list1,control_candidate,,21075657,0,0.000000000000,29,24,0,,0,339,2016-01_to_2018-05,0
611521,non_list1,control_candidate,,116033345,0,0.000000000000,29,24,0,,0,315,2016-01_to_2018-05,0
611522,non_list1,control_candidate,,98507947,0,0.000000000000,29,24,0,,0,315,2016-01_to_2018-05,0
611529,non_list1,control_candidate,,36882360,0,0.000000000000,29,24,0,,0,315,2016-01_to_2018-05,0
611530,non_list1,control_candidate,,21337522,0,0.000000000000,29,24,0,,0,315,2016-01_to_2018-05,0
611594,non_list1,control_candidate,,37244769,0,0.000000000000,29,24,0,,0,315,2016-01_to_2018-05,0
611595,non_list1,control_candidate,,462015553,0,0.000000000000,29,24,0,,0,315,2016-01_to_2018-05,0
611596,non_list1,control_candidate,,2107583117,0,0.000000000000,29,24,0,,0,315,2016-01_to_2018-05,0
611599,non_list1,control_candidate,,49137732,0,0.000000000000,29,24,0,,0,315,2016-01_to_2018-05,0
611610,non_list1,control_candidate,,670025104,0,0.000000000000,29,24,0,,0,315|339,2016-01_to_2018-05,0
611691,non_list1,control_candidate,,15873017,0,0.000000000000,29,24,0,,0,315,2016-01_to_2018-05,0
611692,non_list1,control_candidate,,56433728,0,0.000000000000,29,24,0,,0,315|339,2016-01_to_2018-05,0
611693,non_list1,control_candidate,,313847385,0,0.000000000000,29,24,0,,0,315|339,2016-01_to_2018-05,0
611699,non_list1,control_candidate,,16986389,0,0.000000000000,29,24,0,,0,315|339,2016-01_to_2018-05,0
611710,non_list1,control_candidate,,282750704,0,0.000000000000,29,24,0,,0,315,2016-01_to_2018-05,0
611780,non_list1,control_candidate,,279130380,0,0.000000000000,29,24,0,,0,315,2016-01_to_2018-05,0
611790,non_list1,control_candidate,,4864020,0,0.000000000000,29,24,0,,0,315,2016-01_to_2018-05,0
620111,non_list1,control_candidate,,86788685,0,0.000000000000,29,24,0,,0,315,2016-01_to_2018-05,0
620112,non_list1,control_candidate,,31240535,0,0.000000000000,29,24,0,,0,315,2016-01_to_2018-05,0
620113,non_list1,control_candidate,,55940760,0,0.000000000000,29,24,0,,0,315,2016-01_to_2018-05,0
620119,non_list1,control_candidate,,3565428,0,0.000000000000,29,24,0,,0,315,2016-01_to_2018-05,0
620191,non_list1,control_candidate,,22543927,0,0.000000000000,29,24,0,,0,315,2016-01_to_2018-05,0
620192,non_list1,control_candidate,,307570359,0,0.000000000000,29,24,0,,0,315,2016-01_to_2018-05,0
620193,non_list1,control_candidate,,1464520983,0,0.000000000000,29,24,0,,0,315,2016-01_to_2018-05,0
620199,non_list1,control_candidate,,5942768,0,0.000000000000,29,24,0,,0,315,2016-01_to_2018-05,0
620211,non_list1,control_candidate,,125923863,0,0.000000000000,29,24,0,,0,315,2016-01_to_2018-05,0
620212,non_list1,control_candidate,,83333993,0,0.000000000000,29,24,0,,0,315,2016-01_to_2018-05,0
620213,non_list1,control_candidate,,374846922,0,0.000000000000,29,24,0,,0,315,2016-01_to_2018-05,0
620219,non_list1,control_candidate,,7074627,0,0.000000000000,29,24,0,,0,315,2016-01_to_2018-05,0
620291,non_list1,control_candidate,,18022132,0,0.000000000000,29,24,0,,0,315,2016-01_to_2018-05,0
620292,non_list1,control_candidate,,424015407,0,0.000000000000,29,24,0,,0,315,2016-01_to_2018-05,0
620293,non_list1,control_candidate,,1378711079,0,0.000000000000,29,24,0,,0,315,2016-01_to_2018-05,0
620299,non_list1,control_candidate,,24788060,0,0.000000000000,29,24,0,,0,315,2016-01_to_2018-05,0
620311,non_list1,control_candidate,,153053037,0,0.000000000000,29,24,0,,0,315,2016-01_to_2018-05,0
620312,non_list1,control_candidate,,90594188,0,0.000000000000,29,24,0,,0,315,2016-01_to_2018-05,0
620319,non_list1,control_candidate,,36913545,0,0.000000000000,29,24,0,,0,315,2016-01_to_2018-05,0
620322,non_list1,control_candidate,,8669878,0,0.000000000000,29,24,0,,0,315,2016-01_to_2018-05,0
620323,non_list1,excluded,insufficient_positive_pre_months,145148,0,0.000000000000,10,24,0,,0,315,2016-01_to_2018-05,0
620329,non_list1,excluded,insufficient_positive_pre_months,12205,0,0.000000000000,3,24,0,,0,315,2016-01_to_2018-05,0
620331,non_list1,control_candidate,,138033171,0,0.000000000000,29,24,0,,0,315,2016-01_to_2018-05,0
620332,non_list1,control_candidate,,95236250,0,0.000000000000,29,24,0,,0,315,2016-01_to_2018-05,0
620333,non_list1,control_candidate,,81563513,0,0.000000000000,29,24,0,,0,315,2016-01_to_2018-05,0
620339,non_list1,control_candidate,,38751423,0,0.000000000000,29,24,0,,0,315,2016-01_to_2018-05,0
620341,non_list1,control_candidate,,69522569,0,0.000000000000,29,24,0,,0,315,2016-01_to_2018-05,0
620342,non_list1,control_candidate,,2085606272,0,0.000000000000,29,24,0,,0,315,2016-01_to_2018-05,0
620343,non_list1,control_candidate,,686122409,0,0.000000000000,29,24,0,,0,315,2016-01_to_2018-05,0
620349,non_list1,control_candidate,,81391115,0,0.000000000000,29,24,0,,0,315,2016-01_to_2018-05,0
620411,non_list1,excluded,insufficient_positive_pre_months,239523,0,0.000000000000,20,24,0,,0,315,2016-01_to_2018-05,0
620412,non_list1,control_candidate,,1376768,0,0.000000000000,27,24,0,,0,315,2016-01_to_2018-05,0
620413,non_list1,control_candidate,,11928714,0,0.000000000000,29,24,0,,0,315,2016-01_to_2018-05,0
620419,non_list1,control_candidate,,2475436,0,0.000000000000,29,24,0,,0,315,2016-01_to_2018-05,0
620421,non_list1,excluded,insufficient_positive_pre_months,0,0,0.000000000000,0,24,0,,0,315,2016-01_to_2018-05,0
620422,non_list1,control_candidate,,13321967,0,0.000000000000,29,24,0,,0,315,2016-01_to_2018-05,0
620423,non_list1,excluded,insufficient_positive_pre_months,430683,0,0.000000000000,22,24,0,,0,315,2016-01_to_2018-05,0
620429,non_list1,excluded,insufficient_positive_pre_months,833345,0,0.000000000000,11,24,0,,0,315,2016-01_to_2018-05,0
620431,non_list1,control_candidate,,31414482,0,0.000000000000,29,24,0,,0,315,2016-01_to_2018-05,0
620432,non_list1,control_candidate,,80685880,0,0.000000000000,29,24,0,,0,315,2016-01_to_2018-05,0
620433,non_list1,control_candidate,,129627920,0,0.000000000000,29,24,0,,0,315,2016-01_to_2018-05,0
620439,non_list1,control_candidate,,52357743,0,0.000000000000,29,24,0,,0,315,2016-01_to_2018-05,0
620441,non_list1,control_candidate,,15350190,0,0.000000000000,29,24,0,,0,315,2016-01_to_2018-05,0
620442,non_list1,control_candidate,,531225455,0,0.000000000000,29,24,0,,0,315,2016-01_to_2018-05,0
620443,non_list1,control_candidate,,1824796860,0,0.000000000000,29,24,0,,0,315,2016-01_to_2018-05,0
620444,non_list1,control_candidate,,427846687,0,0.000000000000,29,24,0,,0,315,2016-01_to_2018-05,0
620449,non_list1,control_candidate,,286001772,0,0.000000000000,29,24,0,,0,315,2016-01_to_2018-05,0
620451,non_list1,control_candidate,,7859754,0,0.000000000000,29,24,0,,0,315,2016-01_to_2018-05,0
620452,non_list1,control_candidate,,181460927,0,0.000000000000,29,24,0,,0,315,2016-01_to_2018-05,0
620453,non_list1,control_candidate,,199686790,0,0.000000000000,29,24,0,,0,315,2016-01_to_2018-05,0
620459,non_list1,control_candidate,,78867661,0,0.000000000000,29,24,0,,0,315,2016-01_to_2018-05,0
620461,non_list1,control_candidate,,25099892,0,0.000000000000,29,24,0,,0,315,2016-01_to_2018-05,0
620462,non_list1,control_candidate,,4395131938,0,0.000000000000,29,24,0,,0,315,2016-01_to_2018-05,0
620463,non_list1,control_candidate,,445061714,0,0.000000000000,29,24,0,,0,315,2016-01_to_2018-05,0
620469,non_list1,control_candidate,,572071689,0,0.000000000000,29,24,0,,0,315,2016-01_to_2018-05,0
620520,non_list1,control_candidate,,1435377896,0,0.000000000000,29,24,0,,0,315,2016-01_to_2018-05,0
620530,non_list1,control_candidate,,178008628,0,0.000000000000,29,24,0,,0,315,2016-01_to_2018-05,0
620590,non_list1,control_candidate,,205694405,0,0.000000000000,29,24,0,,0,315,2016-01_to_2018-05,0
620610,non_list1,control_candidate,,276838210,0,0.000000000000,29,24,0,,0,315,2016-01_to_2018-05,0
620620,non_list1,control_candidate,,2070827,0,0.000000000000,29,24,0,,0,315,2016-01_to_2018-05,0
620630,non_list1,control_candidate,,650010066,0,0.000000000000,29,24,0,,0,315,2016-01_to_2018-05,0
620640,non_list1,control_candidate,,1186409065,0,0.000000000000,29,24,0,,0,315,2016-01_to_2018-05,0
620690,non_list1,control_candidate,,117293778,0,0.000000000000,29,24,0,,0,315,2016-01_to_2018-05,0
620711,non_list1,control_candidate,,36298423,0,0.000000000000,29,24,0,,0,315,2016-01_to_2018-05,0
620719,non_list1,control_candidate,,5491789,0,0.000000000000,29,24,0,,0,315,2016-01_to_2018-05,0
620721,non_list1,control_candidate,,42553848,0,0.000000000000,29,24,0,,0,315,2016-01_to_2018-05,0
620722,non_list1,control_candidate,,4206895,0,0.000000000000,28,24,0,,0,315,2016-01_to_2018-05,0
620729,non_list1,control_candidate,,898442,0,0.000000000000,29,24,0,,0,315,2016-01_to_2018-05,0
620791,non_list1,control_candidate,,66824432,0,0.000000000000,29,24,0,,0,315,2016-01_to_2018-05,0
620799,non_list1,control_candidate,,11233181,0,0.000000000000,29,24,0,,0,315,2016-01_to_2018-05,0
620811,non_list1,control_candidate,,8249346,0,0.000000000000,29,24,0,,0,315,2016-01_to_2018-05,0
620819,non_list1,control_candidate,,2806735,0,0.000000000000,29,24,0,,0,315,2016-01_to_2018-05,0
620821,non_list1,control_candidate,,92296444,0,0.000000000000,29,24,0,,0,315,2016-01_to_2018-05,0
620822,non_list1,control_candidate,,106041276,0,0.000000000000,29,24,0,,0,315,2016-01_to_2018-05,0
620829,non_list1,control_candidate,,12682136,0,0.000000000000,29,24,0,,0,315,2016-01_to_2018-05,0
620891,non_list1,control_candidate,,112117492,0,0.000000000000,29,24,0,,0,315,2016-01_to_2018-05,0
620892,non_list1,control_candidate,,117086178,0,0.000000000000,29,24,0,,0,315,2016-01_to_2018-05,0
620899,non_list1,control_candidate,,6045430,0,0.000000000000,29,24,0,,0,315,2016-01_to_2018-05,0
620920,non_list1,control_candidate,,208438627,0,0.000000000000,29,24,0,,0,315,2016-01_to_2018-05,0
620930,non_list1,control_candidate,,103555543,0,0.000000000000,29,24,0,,0,315,2016-01_to_2018-05,0
620990,non_list1,control_candidate,,15082639,0,0.000000000000,29,24,0,,0,315,2016-01_to_2018-05,0
621010,non_list1,control_candidate,,1016217086,0,0.000000000000,29,24,0,,0,315|322,2016-01_to_2018-05,0
621020,non_list1,control_candidate,,46509810,0,0.000000000000,29,24,0,,0,315,2016-01_to_2018-05,0
621030,non_list1,control_candidate,,63206525,0,0.000000000000,29,24,0,,0,315,2016-01_to_2018-05,0
621040,non_list1,control_candidate,,703897900,0,0.000000000000,29,24,0,,0,315,2016-01_to_2018-05,0
621050,non_list1,control_candidate,,368973064,0,0.000000000000,29,24,0,,0,315,2016-01_to_2018-05,0
621111,non_list1,control_candidate,,130715171,0,0.000000000000,29,24,0,,0,315,2016-01_to_2018-05,0
621112,non_list1,control_candidate,,30547857,0,0.000000000000,29,24,0,,0,315,2016-01_to_2018-05,0
621120,non_list1,control_candidate,,6072773,0,0.000000000000,29,24,0,,0,315,2016-01_to_2018-05,0
621132,non_list1,control_candidate,,91521685,0,0.000000000000,29,24,0,,0,315,2016-01_to_2018-05,0
621133,non_list1,control_candidate,,145446988,0,0.000000000000,29,24,0,,0,315,2016-01_to_2018-05,0
621139,non_list1,control_candidate,,14797016,0,0.000000000000,29,24,0,,0,315,2016-01_to_2018-05,0
621142,non_list1,control_candidate,,489127539,0,0.000000000000,29,24,0,,0,315,2016-01_to_2018-05,0
621143,non_list1,control_candidate,,1317336593,0,0.000000000000,29,24,0,,0,315,2016-01_to_2018-05,0
621149,non_list1,control_candidate,,142845187,0,0.000000000000,29,24,0,,0,315,2016-01_to_2018-05,0
621210,non_list1,control_candidate,,2558524229,0,0.000000000000,29,24,0,,0,315,2016-01_to_2018-05,0
621220,non_list1,control_candidate,,66905589,0,0.000000000000,29,24,0,,0,315,2016-01_to_2018-05,0
621230,non_list1,control_candidate,,10791125,0,0.000000000000,29,24,0,,0,315,2016-01_to_2018-05,0
621290,non_list1,control_candidate,,170635438,0,0.000000000000,29,24,0,,0,315,2016-01_to_2018-05,0
621320,non_list1,control_candidate,,50096509,0,0.000000000000,29,24,0,,0,315,2016-01_to_2018-05,0
621390,non_list1,control_candidate,,36073894,0,0.000000000000,29,24,0,,0,315,2016-01_to_2018-05,0
621410,non_list1,control_candidate,,42307159,0,0.000000000000,29,24,0,,0,315,2016-01_to_2018-05,0
621420,non_list1,control_candidate,,43684324,0,0.000000000000,29,24,0,,0,315,2016-01_to_2018-05,0
621430,non_list1,control_candidate,,354586588,0,0.000000000000,29,24,0,,0,315,2016-01_to_2018-05,0
621440,non_list1,control_candidate,,86396440,0,0.000000000000,29,24,0,,0,315,2016-01_to_2018-05,0
621490,non_list1,control_candidate,,24731402,0,0.000000000000,29,24,0,,0,315,2016-01_to_2018-05,0
621510,non_list1,control_candidate,,188684769,0,0.000000000000,29,24,0,,0,315,2016-01_to_2018-05,0
621520,non_list1,control_candidate,,109595309,0,0.000000000000,29,24,0,,0,315,2016-01_to_2018-05,0
621590,non_list1,control_candidate,,15613430,0,0.000000000000,29,24,0,,0,315,2016-01_to_2018-05,0
621600,non_list1,control_candidate,,407914255,0,0.000000000000,29,24,0,,0,315|339,2016-01_to_2018-05,0
621710,non_list1,control_candidate,,233837560,0,0.000000000000,29,24,0,,0,315,2016-01_to_2018-05,0
621790,non_list1,control_candidate,,5833724,0,0.000000000000,29,24,0,,0,315,2016-01_to_2018-05,0
630110,non_list1,control_candidate,,187297928,0,0.000000000000,28,24,0,,0,335,2016-01_to_2018-05,0
630120,non_list1,control_candidate,,20098202,0,0.000000000000,29,24,0,,0,314,2016-01_to_2018-05,0
630130,non_list1,control_candidate,,144310602,0,0.000000000000,29,24,0,,0,314,2016-01_to_2018-05,0
630140,non_list1,control_candidate,,1556807273,0,0.000000000000,29,24,0,,0,314,2016-01_to_2018-05,0
630190,non_list1,control_candidate,,22991219,0,0.000000000000,29,24,0,,0,314,2016-01_to_2018-05,0
630210,non_list1,control_candidate,,323589439,0,0.000000000000,29,24,0,,0,314,2016-01_to_2018-05,0
630221,non_list1,control_candidate,,325140433,0,0.000000000000,29,24,0,,0,314,2016-01_to_2018-05,0
630222,non_list1,control_candidate,,457663361,0,0.000000000000,29,24,0,,0,314,2016-01_to_2018-05,0
630229,non_list1,control_candidate,,10689516,0,0.000000000000,29,24,0,,0,314,2016-01_to_2018-05,0
630231,non_list1,control_candidate,,805277232,0,0.000000000000,29,24,0,,0,314,2016-01_to_2018-05,0
630232,non_list1,control_candidate,,836719508,0,0.000000000000,29,24,0,,0,314,2016-01_to_2018-05,0
630239,non_list1,control_candidate,,65713124,0,0.000000000000,29,24,0,,0,314,2016-01_to_2018-05,0
630240,non_list1,control_candidate,,4200279,0,0.000000000000,29,24,0,,0,314,2016-01_to_2018-05,0
630251,non_list1,control_candidate,,85051714,0,0.000000000000,29,24,0,,0,314,2016-01_to_2018-05,0
630253,non_list1,control_candidate,,341357686,0,0.000000000000,29,24,0,,0,314,2016-01_to_2018-05,0
630259,non_list1,control_candidate,,23471636,0,0.000000000000,29,24,0,,0,314,2016-01_to_2018-05,0
630260,non_list1,control_candidate,,1160370648,0,0.000000000000,29,24,0,,0,314,2016-01_to_2018-05,0
630291,non_list1,control_candidate,,77937211,0,0.000000000000,29,24,0,,0,314,2016-01_to_2018-05,0
630293,non_list1,control_candidate,,162496485,0,0.000000000000,29,24,0,,0,314,2016-01_to_2018-05,0
630299,non_list1,control_candidate,,8699537,0,0.000000000000,29,24,0,,0,314,2016-01_to_2018-05,0
630312,non_list1,control_candidate,,36238030,0,0.000000000000,29,24,0,,0,314|337,2016-01_to_2018-05,0
630319,non_list1,control_candidate,,9146455,0,0.000000000000,29,24,0,,0,314,2016-01_to_2018-05,0
630391,non_list1,control_candidate,,143232957,0,0.000000000000,29,24,0,,0,314|337,2016-01_to_2018-05,0
630392,non_list1,control_candidate,,1571748480,0,0.000000000000,29,24,0,,0,314|337,2016-01_to_2018-05,0
630399,non_list1,control_candidate,,68706423,0,0.000000000000,29,24,0,,0,314,2016-01_to_2018-05,0
630411,non_list1,control_candidate,,11549597,0,0.000000000000,29,24,0,,0,314,2016-01_to_2018-05,0
630419,non_list1,control_candidate,,66767068,0,0.000000000000,29,24,0,,0,314,2016-01_to_2018-05,0
630491,non_list1,excluded,insufficient_positive_pre_months,233325551,0,0.000000000000,17,24,0,,0,314,2016-01_to_2018-05,0
630492,non_list1,control_candidate,,232040826,0,0.000000000000,29,24,0,,0,314,2016-01_to_2018-05,0
630493,non_list1,control_candidate,,399030692,0,0.000000000000,29,24,0,,0,314,2016-01_to_2018-05,0
630499,non_list1,control_candidate,,50846313,0,0.000000000000,29,24,0,,0,314,2016-01_to_2018-05,0
630510,non_list1,control_candidate,,4266092,0,0.000000000000,29,24,0,,0,314,2016-01_to_2018-05,0
630520,non_list1,control_candidate,,5644253,0,0.000000000000,29,24,0,,0,314,2016-01_to_2018-05,0
630532,non_list1,control_candidate,,261507090,0,0.000000000000,29,24,0,,0,314,2016-01_to_2018-05,0
630533,non_list1,control_candidate,,104254781,0,0.000000000000,29,24,0,,0,314,2016-01_to_2018-05,0
630539,non_list1,control_candidate,,43015232,0,0.000000000000,29,24,0,,0,314,2016-01_to_2018-05,0
630590,non_list1,control_candidate,,8924365,0,0.000000000000,29,24,0,,0,314,2016-01_to_2018-05,0
630612,non_list1,control_candidate,,112513978,0,0.000000000000,29,24,0,,0,314,2016-01_to_2018-05,0
630619,non_list1,control_candidate,,21185571,0,0.000000000000,29,24,0,,0,314,2016-01_to_2018-05,0
630622,non_list1,control_candidate,,634805373,0,0.000000000000,29,24,0,,0,314,2016-01_to_2018-05,0
630629,non_list1,control_candidate,,49850801,0,0.000000000000,29,24,0,,0,314,2016-01_to_2018-05,0
630630,non_list1,control_candidate,,8223812,0,0.000000000000,29,24,0,,0,314,2016-01_to_2018-05,0
630640,non_list1,control_candidate,,55432984,0,0.000000000000,29,24,0,,0,326,2016-01_to_2018-05,0
630690,non_list1,control_candidate,,116059096,0,0.000000000000,29,24,0,,0,314,2016-01_to_2018-05,0
630710,non_list1,control_candidate,,619526099,0,0.000000000000,29,24,0,,0,314,2016-01_to_2018-05,0
630720,non_list1,control_candidate,,266250215,0,0.000000000000,29,24,0,,0,339,2016-01_to_2018-05,0
630790,non_list1,control_candidate,,6617255607,0,0.000000000000,29,24,0,,0,313|314|339,2016-01_to_2018-05,0
630800,non_list1,control_candidate,,8627388,0,0.000000000000,29,24,0,,0,339,2016-01_to_2018-05,0
630900,non_list1,control_candidate,,987842,0,0.000000000000,27,24,0,,0,930,2016-01_to_2018-05,0
631010,non_list1,control_candidate,,6595526,0,0.000000000000,29,24,0,,0,910,2016-01_to_2018-05,0
631090,non_list1,control_candidate,,3509665,0,0.000000000000,29,24,0,,0,910,2016-01_to_2018-05,0
640110,non_list1,control_candidate,,29185638,0,0.000000000000,29,24,0,,0,316,2016-01_to_2018-05,0
640192,non_list1,control_candidate,,186790873,0,0.000000000000,29,24,0,,0,316,2016-01_to_2018-05,0
640199,non_list1,control_candidate,,20381246,0,0.000000000000,29,24,0,,0,316,2016-01_to_2018-05,0
640212,non_list1,control_candidate,,45197150,0,0.000000000000,29,24,0,,0,316,2016-01_to_2018-05,0
640219,non_list1,control_candidate,,467739375,0,0.000000000000,29,24,0,,0,316,2016-01_to_2018-05,0
640220,non_list1,control_candidate,,282650758,0,0.000000000000,29,24,0,,0,316,2016-01_to_2018-05,0
640291,non_list1,control_candidate,,2063956908,0,0.000000000000,29,24,0,,0,316,2016-01_to_2018-05,0
640299,non_list1,control_candidate,,6866661711,0,0.000000000000,29,24,0,,0,316,2016-01_to_2018-05,0
640312,non_list1,control_candidate,,2241566,0,0.000000000000,28,24,0,,0,316,2016-01_to_2018-05,0
640319,non_list1,control_candidate,,101420125,0,0.000000000000,29,24,0,,0,316,2016-01_to_2018-05,0
640320,non_list1,control_candidate,,986735,0,0.000000000000,29,24,0,,0,316,2016-01_to_2018-05,0
640340,non_list1,control_candidate,,799959365,0,0.000000000000,29,24,0,,0,316,2016-01_to_2018-05,0
640351,non_list1,control_candidate,,102702152,0,0.000000000000,29,24,0,,0,316,2016-01_to_2018-05,0
640359,non_list1,control_candidate,,243649642,0,0.000000000000,29,24,0,,0,316,2016-01_to_2018-05,0
640391,non_list1,control_candidate,,4752989467,0,0.000000000000,29,24,0,,0,316,2016-01_to_2018-05,0
640399,non_list1,control_candidate,,6303227782,0,0.000000000000,29,24,0,,0,316,2016-01_to_2018-05,0
640411,non_list1,control_candidate,,3237001247,0,0.000000000000,29,24,0,,0,316,2016-01_to_2018-05,0
640419,non_list1,control_candidate,,6912617431,0,0.000000000000,29,24,0,,0,316,2016-01_to_2018-05,0
640420,non_list1,control_candidate,,145501897,0,0.000000000000,29,24,0,,0,316,2016-01_to_2018-05,0
640510,non_list1,control_candidate,,35927345,0,0.000000000000,29,24,0,,0,316,2016-01_to_2018-05,0
640520,non_list1,control_candidate,,730673102,0,0.000000000000,29,24,0,,0,316,2016-01_to_2018-05,0
640590,non_list1,control_candidate,,731150515,0,0.000000000000,29,24,0,,0,316|322,2016-01_to_2018-05,0
640610,non_list1,control_candidate,,48776012,0,0.000000000000,29,24,0,,0,314|316|326,2016-01_to_2018-05,0
640620,non_list1,control_candidate,,77894206,0,0.000000000000,29,24,0,,0,326,2016-01_to_2018-05,0
640690,non_list1,control_candidate,,321623770,0,0.000000000000,29,24,0,,0,314|315|316|321|326,2016-01_to_2018-05,0
650100,non_list1,excluded,direct_policy_scope_overlap,541080,0,0.000000000000,28,24,0,us_301_list3_2018,0,315,2016-01_to_2018-05,0
650200,non_list1,excluded,direct_policy_scope_overlap,14515040,0,0.000000000000,29,24,0,us_301_list3_2018,0,315,2016-01_to_2018-05,0
650400,non_list1,excluded,direct_policy_scope_overlap,202085485,0,0.000000000000,29,24,0,us_301_list3_2018,0,315,2016-01_to_2018-05,0
650500,non_list1,excluded,direct_policy_scope_overlap,2569871592,0,0.000000000000,29,24,0,us_301_list3_2018,0,315|339,2016-01_to_2018-05,0
650610,non_list1,control_candidate,,677319979,0,0.000000000000,29,24,0,,0,339,2016-01_to_2018-05,0
650691,non_list1,excluded,direct_policy_scope_overlap,65284798,0,0.000000000000,29,24,0,us_301_list3_2018,0,315,2016-01_to_2018-05,0
650699,non_list1,excluded,direct_policy_scope_overlap,24570824,0,0.000000000000,29,24,0,us_301_list3_2018,0,315,2016-01_to_2018-05,0
650700,non_list1,excluded,direct_policy_scope_overlap,45780053,0,0.000000000000,29,24,0,us_301_list3_2018,0,315,2016-01_to_2018-05,0
660110,non_list1,control_candidate,,818082871,0,0.000000000000,29,24,0,,0,339,2016-01_to_2018-05,0
660191,non_list1,control_candidate,,271585727,0,0.000000000000,29,24,0,,0,339,2016-01_to_2018-05,0
660199,non_list1,control_candidate,,140999696,0,0.000000000000,29,24,0,,0,339,2016-01_to_2018-05,0
660200,non_list1,control_candidate,,51758399,0,0.000000000000,29,24,0,,0,316,2016-01_to_2018-05,0
660320,non_list1,control_candidate,,22563757,0,0.000000000000,29,24,0,,0,332,2016-01_to_2018-05,0
660390,non_list1,control_candidate,,132955223,0,0.000000000000,29,24,0,,0,326|339,2016-01_to_2018-05,0
670100,non_list1,excluded,direct_policy_scope_overlap,47135546,0,0.000000000000,29,24,0,us_301_list3_2018,0,339,2016-01_to_2018-05,0
670210,non_list1,control_candidate,,631998060,0,0.000000000000,29,24,0,,0,339,2016-01_to_2018-05,0
670290,non_list1,control_candidate,,900259601,0,0.000000000000,29,24,0,,0,339,2016-01_to_2018-05,0
670300,non_list1,control_candidate,,59148347,0,0.000000000000,29,24,0,,0,339,2016-01_to_2018-05,0
670411,non_list1,control_candidate,,183307442,0,0.000000000000,29,24,0,,0,339,2016-01_to_2018-05,0
670419,non_list1,control_candidate,,596700367,0,0.000000000000,29,24,0,,0,339,2016-01_to_2018-05,0
670420,non_list1,control_candidate,,1341082949,0,0.000000000000,29,24,0,,0,339,2016-01_to_2018-05,0
670490,non_list1,control_candidate,,119486131,0,0.000000000000,29,24,0,,0,339,2016-01_to_2018-05,0
680100,non_list1,excluded,direct_policy_scope_overlap,10364590,0,0.000000000000,29,24,0,us_301_list3_2018,0,327,2016-01_to_2018-05,0
680210,non_list1,excluded,direct_policy_scope_overlap,127502563,0,0.000000000000,29,24,0,us_301_list3_2018,0,327,2016-01_to_2018-05,0
680221,non_list1,excluded,direct_policy_scope_overlap,22071707,0,0.000000000000,29,24,0,us_301_list3_2018,0,327,2016-01_to_2018-05,0
680223,non_list1,excluded,direct_policy_scope_overlap,32092886,0,0.000000000000,29,24,0,us_301_list3_2018,0,327,2016-01_to_2018-05,0
680229,non_list1,excluded,direct_policy_scope_overlap,10982095,0,0.000000000000,29,24,0,us_301_list3_2018,0,327,2016-01_to_2018-05,0
680291,non_list1,excluded,direct_policy_scope_overlap,555315084,0,0.000000000000,29,24,0,us_301_list3_2018,0,327,2016-01_to_2018-05,0
680292,non_list1,excluded,direct_policy_scope_overlap,61998297,0,0.000000000000,29,24,0,us_301_list3_2018,0,327,2016-01_to_2018-05,0
680293,non_list1,excluded,direct_policy_scope_overlap,556135846,0,0.000000000000,29,24,0,us_301_list3_2018,0,327,2016-01_to_2018-05,0
680299,non_list1,excluded,direct_policy_scope_overlap,97320387,0,0.000000000000,29,24,0,us_301_list3_2018,0,327,2016-01_to_2018-05,0
680300,non_list1,excluded,direct_policy_scope_overlap,69463456,0,0.000000000000,29,24,0,us_301_list3_2018,0,327,2016-01_to_2018-05,0
680410,non_list1,excluded,direct_policy_scope_overlap,3215791,0,0.000000000000,29,24,0,us_301_list3_2018,0,327,2016-01_to_2018-05,0
680421,non_list1,excluded,direct_policy_scope_overlap,62521045,0,0.000000000000,29,24,0,us_301_list3_2018,0,327,2016-01_to_2018-05,0
680422,non_list1,excluded,direct_policy_scope_overlap,115945607,0,0.000000000000,29,24,0,us_301_list3_2018,0,327,2016-01_to_2018-05,0
680423,non_list1,excluded,direct_policy_scope_overlap,742455,0,0.000000000000,29,24,0,us_301_list3_2018,0,327,2016-01_to_2018-05,0
680430,non_list1,excluded,direct_policy_scope_overlap,24098486,0,0.000000000000,29,24,0,us_301_list3_2018,0,327,2016-01_to_2018-05,0
680510,non_list1,excluded,direct_policy_scope_overlap,19528951,0,0.000000000000,29,24,0,us_301_list3_2018,0,327,2016-01_to_2018-05,0
680520,non_list1,excluded,direct_policy_scope_overlap,49119878,0,0.000000000000,29,24,0,us_301_list3_2018,0,327,2016-01_to_2018-05,0
680530,non_list1,excluded,direct_policy_scope_overlap,71778090,0,0.000000000000,29,24,0,us_301_list3_2018,0,327,2016-01_to_2018-05,0
680610,non_list1,excluded,direct_policy_scope_overlap,7255592,0,0.000000000000,29,24,0,us_301_list3_2018,0,327,2016-01_to_2018-05,0
680620,non_list1,excluded,direct_policy_scope_overlap,3163628,0,0.000000000000,28,24,0,us_301_list3_2018,0,327,2016-01_to_2018-05,0
680690,non_list1,excluded,direct_policy_scope_overlap,12686975,0,0.000000000000,29,24,0,us_301_list3_2018,0,327,2016-01_to_2018-05,0
680710,non_list1,excluded,insufficient_positive_pre_months|direct_policy_scope_overlap,1383423,0,0.000000000000,23,24,0,us_301_list3_2018,0,324,2016-01_to_2018-05,0
680790,non_list1,excluded,direct_policy_scope_overlap,1162344,0,0.000000000000,24,24,0,us_301_list3_2018,0,324,2016-01_to_2018-05,0
680800,non_list1,excluded,direct_policy_scope_overlap,8965206,0,0.000000000000,29,24,0,us_301_list3_2018,0,327,2016-01_to_2018-05,0
680911,non_list1,excluded,direct_policy_scope_overlap,1584963,0,0.000000000000,27,24,0,us_301_list3_2018,0,327,2016-01_to_2018-05,0
680919,non_list1,excluded,direct_policy_scope_overlap,5923945,0,0.000000000000,27,24,0,us_301_list3_2018,0,327,2016-01_to_2018-05,0
680990,non_list1,excluded,direct_policy_scope_overlap,7824219,0,0.000000000000,29,24,0,us_301_list3_2018,0,327,2016-01_to_2018-05,0
681011,non_list1,excluded,direct_policy_scope_overlap,2180510,0,0.000000000000,29,24,0,us_301_list3_2018,0,327,2016-01_to_2018-05,0
681019,non_list1,excluded,direct_policy_scope_overlap,45579051,0,0.000000000000,29,24,0,us_301_list3_2018,0,327,2016-01_to_2018-05,0
681091,non_list1,excluded,direct_policy_scope_overlap,10145434,0,0.000000000000,29,24,0,us_301_list3_2018,0,327,2016-01_to_2018-05,0
681099,non_list1,excluded,direct_policy_scope_overlap,2191322206,0,0.000000000000,29,24,0,us_301_list3_2018,0,327,2016-01_to_2018-05,0
681140,non_list1,excluded,insufficient_positive_pre_months|direct_policy_scope_overlap,85940,0,0.000000000000,7,24,0,us_301_list3_2018,0,327,2016-01_to_2018-05,0
681181,non_list1,excluded,insufficient_positive_pre_months|direct_policy_scope_overlap,94429,0,0.000000000000,7,24,0,us_301_list3_2018,0,327,2016-01_to_2018-05,0
681182,non_list1,excluded,direct_policy_scope_overlap,7013339,0,0.000000000000,29,24,0,us_301_list3_2018,0,327,2016-01_to_2018-05,0
681189,non_list1,excluded,direct_policy_scope_overlap,18311865,0,0.000000000000,29,24,0,us_301_list3_2018,0,327,2016-01_to_2018-05,0
681280,non_list1,excluded,insufficient_positive_pre_months|direct_policy_scope_overlap,68384,0,0.000000000000,2,24,0,us_301_list3_2018,0,327|339,2016-01_to_2018-05,0
681291,non_list1,excluded,insufficient_positive_pre_months|direct_policy_scope_overlap,5600,0,0.000000000000,1,24,0,us_301_list3_2018,0,339,2016-01_to_2018-05,0
681292,non_list1,excluded,insufficient_positive_pre_months|direct_policy_scope_overlap,7350,0,0.000000000000,1,24,0,us_301_list3_2018,0,327,2016-01_to_2018-05,0
681293,non_list1,excluded,insufficient_positive_pre_months|direct_policy_scope_overlap,151315,0,0.000000000000,10,24,0,us_301_list3_2018,0,327,2016-01_to_2018-05,0
681299,non_list1,excluded,insufficient_positive_pre_months|direct_policy_scope_overlap,470860,0,0.000000000000,15,24,0,us_301_list3_2018,0,327|339,2016-01_to_2018-05,0
681320,non_list1,excluded,direct_policy_scope_overlap,3508267,0,0.000000000000,28,24,0,us_301_list3_2018,0,336,2016-01_to_2018-05,0
681381,non_list1,excluded,direct_policy_scope_overlap,106102687,0,0.000000000000,29,24,0,us_301_list3_2018,0,336,2016-01_to_2018-05,0
681389,non_list1,excluded,direct_policy_scope_overlap,1828839,0,0.000000000000,28,24,0,us_301_list3_2018,0,336,2016-01_to_2018-05,0
681410,non_list1,excluded,direct_policy_scope_overlap,6806745,0,0.000000000000,29,24,0,us_301_list3_2018,0,327,2016-01_to_2018-05,0
681490,non_list1,excluded,direct_policy_scope_overlap,2584884,0,0.000000000000,26,24,0,us_301_list3_2018,0,327,2016-01_to_2018-05,0
681510,non_list1,excluded,insufficient_positive_pre_months|direct_policy_scope_overlap,38839673,0,0.000000000000,17,24,0,us_301_list3_2018,0,335,2016-01_to_2018-05,0
681520,non_list1,excluded,insufficient_positive_pre_months|direct_policy_scope_overlap,0,0,0.000000000000,0,24,0,us_301_list3_2018,0,327,2016-01_to_2018-05,0
681591,non_list1,excluded,direct_policy_scope_overlap,24415059,0,0.000000000000,29,24,0,us_301_list3_2018,0,327,2016-01_to_2018-05,0
681599,non_list1,excluded,direct_policy_scope_overlap,40413516,0,0.000000000000,29,24,0,us_301_list3_2018,0,327,2016-01_to_2018-05,0
690100,non_list1,excluded,direct_policy_scope_overlap,1030151,0,0.000000000000,29,24,0,us_301_list3_2018,0,327,2016-01_to_2018-05,0
690210,non_list1,excluded,direct_policy_scope_overlap,52283286,0,0.000000000000,29,24,0,us_301_list3_2018,0,327,2016-01_to_2018-05,0
690220,non_list1,excluded,direct_policy_scope_overlap,61279774,0,0.000000000000,29,24,0,us_301_list3_2018,0,327,2016-01_to_2018-05,0
690290,non_list1,excluded,direct_policy_scope_overlap,17878508,0,0.000000000000,29,24,0,us_301_list3_2018,0,327,2016-01_to_2018-05,0
690310,non_list1,excluded,direct_policy_scope_overlap,2404488,0,0.000000000000,29,24,0,us_301_list3_2018,0,327,2016-01_to_2018-05,0
690320,non_list1,excluded,direct_policy_scope_overlap,39132092,0,0.000000000000,29,24,0,us_301_list3_2018,0,327,2016-01_to_2018-05,0
690390,non_list1,excluded,direct_policy_scope_overlap,23516725,0,0.000000000000,29,24,0,us_301_list3_2018,0,327,2016-01_to_2018-05,0
690410,non_list1,excluded,direct_policy_scope_overlap,2822786,0,0.000000000000,29,24,0,us_301_list3_2018,0,327,2016-01_to_2018-05,0
690490,non_list1,excluded,direct_policy_scope_overlap,3972695,0,0.000000000000,29,24,0,us_301_list3_2018,0,327,2016-01_to_2018-05,0
690510,non_list1,excluded,insufficient_positive_pre_months|direct_policy_scope_overlap,285610,0,0.000000000000,18,24,0,us_301_list3_2018,0,327,2016-01_to_2018-05,0
690590,non_list1,excluded,insufficient_positive_pre_months|direct_policy_scope_overlap,239101,0,0.000000000000,14,24,0,us_301_list3_2018,0,327,2016-01_to_2018-05,0
690600,non_list1,excluded,direct_policy_scope_overlap,1113023,0,0.000000000000,29,24,0,us_301_list3_2018,0,327,2016-01_to_2018-05,0
690721,non_list1,excluded,insufficient_positive_pre_months|direct_policy_scope_overlap,336150844,0,0.000000000000,17,24,0,us_301_list3_2018,0,327,2016-01_to_2018-05,0
690722,non_list1,excluded,insufficient_positive_pre_months|direct_policy_scope_overlap,111170587,0,0.000000000000,17,24,0,us_301_list3_2018,0,327,2016-01_to_2018-05,0
690723,non_list1,excluded,insufficient_positive_pre_months|direct_policy_scope_overlap,45760720,0,0.000000000000,17,24,0,us_301_list3_2018,0,327,2016-01_to_2018-05,0
690730,non_list1,excluded,insufficient_positive_pre_months|direct_policy_scope_overlap,17186793,0,0.000000000000,17,24,0,us_301_list3_2018,0,327,2016-01_to_2018-05,0
690740,non_list1,excluded,insufficient_positive_pre_months|direct_policy_scope_overlap,133923529,0,0.000000000000,17,24,0,us_301_list3_2018,0,327,2016-01_to_2018-05,0
690911,non_list1,excluded,direct_policy_scope_overlap,51587586,0,0.000000000000,29,24,0,us_301_list3_2018,0,327,2016-01_to_2018-05,0
690912,non_list1,excluded,direct_policy_scope_overlap,16916957,0,0.000000000000,29,24,0,us_301_list3_2018,0,327,2016-01_to_2018-05,0
690919,non_list1,excluded,direct_policy_scope_overlap,66217680,0,0.000000000000,29,24,0,us_301_list3_2018,0,327,2016-01_to_2018-05,0
690990,non_list1,excluded,direct_policy_scope_overlap,2930969,0,0.000000000000,29,24,0,us_301_list3_2018,0,327,2016-01_to_2018-05,0
691010,non_list1,control_candidate,,1024394805,0,0.000000000000,29,24,0,,0,327,2016-01_to_2018-05,0
691090,non_list1,control_candidate,,147065969,0,0.000000000000,29,24,0,,0,327,2016-01_to_2018-05,0
691110,non_list1,control_candidate,,540937913,0,0.000000000000,29,24,0,,0,327,2016-01_to_2018-05,0
691190,non_list1,control_candidate,,15008669,0,0.000000000000,29,24,0,,0,327,2016-01_to_2018-05,0
691200,non_list1,control_candidate,,1665294504,0,0.000000000000,29,24,0,,0,327,2016-01_to_2018-05,0
691310,non_list1,control_candidate,,102221870,0,0.000000000000,29,24,0,,0,327,2016-01_to_2018-05,0
691390,non_list1,control_candidate,,463090784,0,0.000000000000,29,24,0,,0,327,2016-01_to_2018-05,0
691410,non_list1,excluded,direct_policy_scope_overlap,6257966,0,0.000000000000,29,24,0,us_301_list3_2018,0,327,2016-01_to_2018-05,0
691490,non_list1,excluded,direct_policy_scope_overlap,128292964,0,0.000000000000,29,24,0,us_301_list3_2018,0,327,2016-01_to_2018-05,0
700100,non_list1,excluded,direct_policy_scope_overlap,7325457,0,0.000000000000,29,24,0,us_301_list3_2018,0,327,2016-01_to_2018-05,0
700210,non_list1,excluded,direct_policy_scope_overlap,10340095,0,0.000000000000,29,24,0,us_301_list3_2018,0,327,2016-01_to_2018-05,0
700220,non_list1,excluded,direct_policy_scope_overlap,44265200,0,0.000000000000,29,24,0,us_301_list2_2018|us_301_list3_2018,0,327,2016-01_to_2018-05,0
700231,non_list1,excluded,direct_policy_scope_overlap,27981702,0,0.000000000000,29,24,0,us_301_list3_2018,0,327,2016-01_to_2018-05,0
700232,non_list1,excluded,direct_policy_scope_overlap,2461267,0,0.000000000000,29,24,0,us_301_list3_2018,0,327,2016-01_to_2018-05,0
700239,non_list1,excluded,direct_policy_scope_overlap,2832896,0,0.000000000000,29,24,0,us_301_list3_2018,0,327,2016-01_to_2018-05,0
700312,non_list1,excluded,direct_policy_scope_overlap,2448922,0,0.000000000000,29,24,0,us_301_list3_2018,0,327,2016-01_to_2018-05,0
700319,non_list1,excluded,direct_policy_scope_overlap,12524767,0,0.000000000000,29,24,0,us_301_list3_2018,0,327,2016-01_to_2018-05,0
700320,non_list1,excluded,insufficient_positive_pre_months|direct_policy_scope_overlap,442391,0,0.000000000000,19,24,0,us_301_list3_2018,0,327,2016-01_to_2018-05,0
700330,non_list1,excluded,insufficient_positive_pre_months|direct_policy_scope_overlap,15071,0,0.000000000000,4,24,0,us_301_list3_2018,0,327,2016-01_to_2018-05,0
700420,non_list1,excluded,direct_policy_scope_overlap,8052172,0,0.000000000000,29,24,0,us_301_list3_2018,0,327,2016-01_to_2018-05,0
700490,non_list1,excluded,direct_policy_scope_overlap,7851934,0,0.000000000000,29,24,0,us_301_list3_2018,0,327,2016-01_to_2018-05,0
700510,non_list1,excluded,direct_policy_scope_overlap,11033846,0,0.000000000000,29,24,0,us_301_list3_2018,0,327,2016-01_to_2018-05,0
700521,non_list1,excluded,direct_policy_scope_overlap,6011578,0,0.000000000000,29,24,0,us_301_list3_2018,0,327,2016-01_to_2018-05,0
700529,non_list1,excluded,direct_policy_scope_overlap,42628393,0,0.000000000000,29,24,0,us_301_list3_2018,0,327,2016-01_to_2018-05,0
700530,non_list1,excluded,insufficient_positive_pre_months|direct_policy_scope_overlap,597211,0,0.000000000000,20,24,0,us_301_list3_2018,0,327,2016-01_to_2018-05,0
700600,non_list1,excluded,direct_policy_scope_overlap,44902997,0,0.000000000000,29,24,0,us_301_list3_2018,0,327,2016-01_to_2018-05,0
700711,non_list1,excluded,direct_policy_scope_overlap,147304677,0,0.000000000000,29,24,0,us_301_list3_2018,0,327,2016-01_to_2018-05,0
700719,non_list1,excluded,direct_policy_scope_overlap,406553735,0,0.000000000000,29,24,0,us_301_list3_2018,0,327,2016-01_to_2018-05,0
700721,non_list1,excluded,direct_policy_scope_overlap,624542908,0,0.000000000000,29,24,0,us_301_list3_2018,0,327,2016-01_to_2018-05,0
700729,non_list1,excluded,direct_policy_scope_overlap,100563985,0,0.000000000000,29,24,0,us_301_list3_2018,0,327,2016-01_to_2018-05,0
700800,non_list1,excluded,direct_policy_scope_overlap,164504857,0,0.000000000000,29,24,0,us_301_list3_2018,0,327,2016-01_to_2018-05,0
700910,non_list1,excluded,direct_policy_scope_overlap,80462252,0,0.000000000000,29,24,0,us_301_list3_2018,0,327,2016-01_to_2018-05,0
700991,non_list1,excluded,direct_policy_scope_overlap,158374936,0,0.000000000000,29,24,0,us_301_list3_2018,0,327,2016-01_to_2018-05,0
700992,non_list1,excluded,direct_policy_scope_overlap,873694636,0,0.000000000000,29,24,0,us_301_list3_2018,0,327,2016-01_to_2018-05,0
701010,non_list1,excluded,insufficient_positive_pre_months|direct_policy_scope_overlap,431698,0,0.000000000000,17,24,0,us_301_list3_2018,0,327,2016-01_to_2018-05,0
701020,non_list1,excluded,direct_policy_scope_overlap,46845328,0,0.000000000000,29,24,0,us_301_list3_2018,0,327,2016-01_to_2018-05,0
701090,non_list1,excluded,direct_policy_scope_overlap,919771781,0,0.000000000000,29,24,0,us_301_list3_2018,0,327,2016-01_to_2018-05,0
701110,non_list1,excluded,direct_policy_scope_overlap,9187920,0,0.000000000000,29,24,0,us_301_list3_2018,0,327,2016-01_to_2018-05,0
701120,non_list1,excluded,direct_policy_scope_overlap,917247,0,0.000000000000,24,24,0,us_301_list3_2018,0,327,2016-01_to_2018-05,0
701190,non_list1,excluded,direct_policy_scope_overlap,2962842,0,0.000000000000,29,24,0,us_301_list3_2018,0,327,2016-01_to_2018-05,0
701310,non_list1,control_candidate,,3086642,0,0.000000000000,29,24,0,,0,327,2016-01_to_2018-05,0
701322,non_list1,control_candidate,,2003132,0,0.000000000000,28,24,0,,0,327,2016-01_to_2018-05,0
701328,non_list1,control_candidate,,68248805,0,0.000000000000,29,24,0,,0,327,2016-01_to_2018-05,0
701333,non_list1,control_candidate,,1606748,0,0.000000000000,29,24,0,,0,327,2016-01_to_2018-05,0
701337,non_list1,control_candidate,,162453399,0,0.000000000000,29,24,0,,0,327,2016-01_to_2018-05,0
701341,non_list1,control_candidate,,4049668,0,0.000000000000,29,24,0,,0,327,2016-01_to_2018-05,0
701342,non_list1,control_candidate,,37436019,0,0.000000000000,29,24,0,,0,327,2016-01_to_2018-05,0
701349,non_list1,control_candidate,,298005076,0,0.000000000000,29,24,0,,0,327,2016-01_to_2018-05,0
701391,non_list1,control_candidate,,9238238,0,0.000000000000,29,24,0,,0,327,2016-01_to_2018-05,0
701399,non_list1,control_candidate,,688316983,0,0.000000000000,29,24,0,,0,327,2016-01_to_2018-05,0
701400,non_list1,excluded,direct_policy_scope_overlap,14091052,0,0.000000000000,29,24,0,us_301_list3_2018,0,327,2016-01_to_2018-05,0
701510,non_list1,excluded,insufficient_positive_pre_months,11760,0,0.000000000000,1,24,0,,0,327,2016-01_to_2018-05,0
701590,non_list1,control_candidate,,2289225,0,0.000000000000,29,24,0,,0,327,2016-01_to_2018-05,0
701610,non_list1,excluded,direct_policy_scope_overlap,442030398,0,0.000000000000,29,24,0,us_301_list3_2018,0,327,2016-01_to_2018-05,0
701690,non_list1,excluded,direct_policy_scope_overlap,117717607,0,0.000000000000,29,24,0,us_301_list3_2018,0,327,2016-01_to_2018-05,0
701710,non_list1,excluded,direct_policy_scope_overlap,7034360,0,0.000000000000,29,24,0,us_301_list3_2018,0,327,2016-01_to_2018-05,0
701720,non_list1,excluded,direct_policy_scope_overlap,7700286,0,0.000000000000,29,24,0,us_301_list3_2018,0,327,2016-01_to_2018-05,0
701790,non_list1,excluded,direct_policy_scope_overlap,42344428,0,0.000000000000,29,24,0,us_301_list3_2018,0,327,2016-01_to_2018-05,0
701810,non_list1,excluded,direct_policy_scope_overlap,89851392,0,0.000000000000,29,24,0,us_301_list3_2018,0,339,2016-01_to_2018-05,0
701820,non_list1,excluded,direct_policy_scope_overlap,24701337,0,0.000000000000,29,24,0,us_301_list3_2018,0,327,2016-01_to_2018-05,0
701890,non_list1,excluded,direct_policy_scope_overlap,25287915,0,0.000000000000,29,24,0,us_301_list3_2018,0,327|339,2016-01_to_2018-05,0
701911,non_list1,excluded,direct_policy_scope_overlap,63560472,0,0.000000000000,29,24,0,us_301_list3_2018,0,327,2016-01_to_2018-05,0
701912,non_list1,excluded,direct_policy_scope_overlap,260459925,0,0.000000000000,29,24,0,us_301_list3_2018,0,327,2016-01_to_2018-05,0
701919,non_list1,excluded,direct_policy_scope_overlap,75916157,0,0.000000000000,29,24,0,us_301_list3_2018,0,314|327,2016-01_to_2018-05,0
701931,non_list1,excluded,direct_policy_scope_overlap,133603084,0,0.000000000000,29,24,0,us_301_list3_2018,0,327,2016-01_to_2018-05,0
701932,non_list1,excluded,direct_policy_scope_overlap,2205955,0,0.000000000000,28,24,0,us_301_list3_2018,0,327,2016-01_to_2018-05,0
701939,non_list1,excluded,direct_policy_scope_overlap,61815903,0,0.000000000000,29,24,0,us_301_list3_2018,0,327,2016-01_to_2018-05,0
701940,non_list1,excluded,direct_policy_scope_overlap,24528379,0,0.000000000000,29,24,0,us_301_list3_2018,0,313|314,2016-01_to_2018-05,0
701951,non_list1,excluded,direct_policy_scope_overlap,4373205,0,0.000000000000,29,24,0,us_301_list3_2018,0,313|314,2016-01_to_2018-05,0
701952,non_list1,excluded,direct_policy_scope_overlap,11976459,0,0.000000000000,29,24,0,us_301_list3_2018,0,313|314,2016-01_to_2018-05,0
701959,non_list1,excluded,direct_policy_scope_overlap,47783869,0,0.000000000000,29,24,0,us_301_list3_2018,0,313|314,2016-01_to_2018-05,0
701990,non_list1,excluded,direct_policy_scope_overlap,207497206,0,0.000000000000,29,24,0,us_301_list3_2018,0,327,2016-01_to_2018-05,0
702000,non_list1,excluded,direct_policy_scope_overlap,137682914,0,0.000000000000,29,24,0,us_301_list3_2018,0,327,2016-01_to_2018-05,0
710110,non_list1,control_candidate,,2761166,0,0.000000000000,29,24,0,,0,339,2016-01_to_2018-05,0
710121,non_list1,control_candidate,,12651906,0,0.000000000000,29,24,0,,0,114,2016-01_to_2018-05,0
710122,non_list1,control_candidate,,58325107,0,0.000000000000,29,24,0,,0,339,2016-01_to_2018-05,0
710210,non_list1,excluded,insufficient_positive_pre_months,0,0,0.000000000000,0,24,0,,0,339,2016-01_to_2018-05,0
710221,non_list1,excluded,insufficient_positive_pre_months|direct_policy_scope_overlap,0,0,0.000000000000,0,24,0,us_301_list3_2018,0,339,2016-01_to_2018-05,0
710229,non_list1,excluded,insufficient_positive_pre_months|direct_policy_scope_overlap,886149,0,0.000000000000,20,24,0,us_301_list3_2018,0,339,2016-01_to_2018-05,0
710231,non_list1,excluded,insufficient_positive_pre_months,104624,0,0.000000000000,1,24,0,,0,339,2016-01_to_2018-05,0
710239,non_list1,control_candidate,,507217623,0,0.000000000000,29,24,0,,0,339,2016-01_to_2018-05,0
710310,non_list1,excluded,insufficient_positive_pre_months,9713859,0,0.000000000000,17,24,0,,0,339,2016-01_to_2018-05,0
710391,non_list1,control_candidate,,5827909,0,0.000000000000,28,24,0,,0,339,2016-01_to_2018-05,0
710399,non_list1,excluded,insufficient_positive_pre_months,40861375,0,0.000000000000,18,24,0,,0,339,2016-01_to_2018-05,0
710410,non_list1,control_candidate,,1552891,0,0.000000000000,29,24,0,,0,334,2016-01_to_2018-05,0
710420,non_list1,control_candidate,,2504531,0,0.000000000000,29,24,0,,0,339,2016-01_to_2018-05,0
710490,non_list1,control_candidate,,59187864,0,0.000000000000,29,24,0,,0,339,2016-01_to_2018-05,0
710510,non_list1,excluded,direct_policy_scope_overlap,74603156,0,0.000000000000,29,24,0,us_301_list3_2018,0,327,2016-01_to_2018-05,0
710590,non_list1,excluded,direct_policy_scope_overlap,827248,0,0.000000000000,25,24,0,us_301_list3_2018,0,327,2016-01_to_2018-05,0
710610,non_list1,excluded,direct_policy_scope_overlap,3333251,0,0.000000000000,25,24,0,us_301_list3_2018,0,331,2016-01_to_2018-05,0
710691,non_list1,excluded,insufficient_positive_pre_months|direct_policy_scope_overlap,92564391,0,0.000000000000,17,24,0,us_301_list3_2018,0,331,2016-01_to_2018-05,0
710692,non_list1,excluded,direct_policy_scope_overlap,850493,0,0.000000000000,24,24,0,us_301_list3_2018,0,331,2016-01_to_2018-05,0
710700,non_list1,excluded,insufficient_positive_pre_months|direct_policy_scope_overlap,204263,0,0.000000000000,14,24,0,us_301_list3_2018,0,331,2016-01_to_2018-05,0
710811,non_list1,excluded,insufficient_positive_pre_months|direct_policy_scope_overlap,4863,0,0.000000000000,1,24,0,us_301_list3_2018,0,331,2016-01_to_2018-05,0
710812,non_list1,excluded,insufficient_positive_pre_months|direct_policy_scope_overlap,1124220,0,0.000000000000,8,24,0,us_301_list3_2018,0,331,2016-01_to_2018-05,0
710813,non_list1,excluded,direct_policy_scope_overlap,3411360,0,0.000000000000,29,24,0,us_301_list3_2018,0,331|332,2016-01_to_2018-05,0
710900,non_list1,excluded,insufficient_positive_pre_months|direct_policy_scope_overlap,38221,0,0.000000000000,6,24,0,us_301_list3_2018,0,331,2016-01_to_2018-05,0
711011,non_list1,excluded,insufficient_positive_pre_months|direct_policy_scope_overlap,15474759,0,0.000000000000,11,24,0,us_301_list3_2018,0,331,2016-01_to_2018-05,0
711019,non_list1,excluded,insufficient_positive_pre_months|direct_policy_scope_overlap,4107010,0,0.000000000000,17,24,0,us_301_list3_2018,0,331,2016-01_to_2018-05,0
711021,non_list1,excluded,insufficient_positive_pre_months|direct_policy_scope_overlap,2200,0,0.000000000000,1,24,0,us_301_list3_2018,0,331,2016-01_to_2018-05,0
711029,non_list1,excluded,insufficient_positive_pre_months|direct_policy_scope_overlap,518000,0,0.000000000000,1,24,0,us_301_list3_2018,0,331,2016-01_to_2018-05,0
711031,non_list1,excluded,insufficient_positive_pre_months|direct_policy_scope_overlap,3642069,0,0.000000000000,10,24,0,us_301_list3_2018,0,331,2016-01_to_2018-05,0
711039,non_list1,excluded,insufficient_positive_pre_months|direct_policy_scope_overlap,11833,0,0.000000000000,3,24,0,us_301_list3_2018,0,331,2016-01_to_2018-05,0
711041,non_list1,excluded,insufficient_positive_pre_months|direct_policy_scope_overlap,573982,0,0.000000000000,6,24,0,us_301_list3_2018,0,331,2016-01_to_2018-05,0
711049,non_list1,excluded,insufficient_positive_pre_months|direct_policy_scope_overlap,112463,0,0.000000000000,7,24,0,us_301_list3_2018,0,331,2016-01_to_2018-05,0
711100,non_list1,excluded,insufficient_positive_pre_months|direct_policy_scope_overlap,52466,0,0.000000000000,8,24,0,us_301_list3_2018,0,331,2016-01_to_2018-05,0
711230,non_list1,excluded,insufficient_positive_pre_months|direct_policy_scope_overlap,12881127,0,0.000000000000,15,24,0,us_301_list3_2018,0,910,2016-01_to_2018-05,0
711291,non_list1,excluded,insufficient_positive_pre_months|direct_policy_scope_overlap,1837630,0,0.000000000000,14,24,0,us_301_list3_2018,0,910,2016-01_to_2018-05,0
711292,non_list1,excluded,insufficient_positive_pre_months|direct_policy_scope_overlap,71717500,0,0.000000000000,23,24,0,us_301_list3_2018,0,910,2016-01_to_2018-05,0
711299,non_list1,excluded,direct_policy_scope_overlap,22608661,0,0.000000000000,29,24,0,us_301_list3_2018,0,910,2016-01_to_2018-05,0
711311,non_list1,control_candidate,,530079314,0,0.000000000000,29,24,0,,0,339,2016-01_to_2018-05,0
711319,non_list1,control_candidate,,1954990650,0,0.000000000000,29,24,0,,0,339,2016-01_to_2018-05,0
711320,non_list1,control_candidate,,9993248,0,0.000000000000,29,24,0,,0,339,2016-01_to_2018-05,0
711411,non_list1,excluded,direct_policy_scope_overlap,2295351,0,0.000000000000,29,24,0,us_301_list3_2018,0,339,2016-01_to_2018-05,0
711419,non_list1,excluded,insufficient_positive_pre_months|direct_policy_scope_overlap,1603026,0,0.000000000000,22,24,0,us_301_list3_2018,0,339,2016-01_to_2018-05,0
711420,non_list1,excluded,direct_policy_scope_overlap,2245968,0,0.000000000000,28,24,0,us_301_list3_2018,0,339,2016-01_to_2018-05,0
711510,non_list1,excluded,insufficient_positive_pre_months|direct_policy_scope_overlap,119595,0,0.000000000000,9,24,0,us_301_list3_2018,0,332,2016-01_to_2018-05,0
711590,non_list1,excluded,direct_policy_scope_overlap,4344340,0,0.000000000000,29,24,0,us_301_list3_2018,0,331,2016-01_to_2018-05,0
711610,non_list1,control_candidate,,39675262,0,0.000000000000,29,24,0,,0,339,2016-01_to_2018-05,0
711620,non_list1,control_candidate,,627556078,0,0.000000000000,29,24,0,,0,339,2016-01_to_2018-05,0
711711,non_list1,control_candidate,,10526487,0,0.000000000000,29,24,0,,0,339,2016-01_to_2018-05,0
711719,non_list1,control_candidate,,1462094831,0,0.000000000000,29,24,0,,0,339,2016-01_to_2018-05,0
711790,non_list1,control_candidate,,826269277,0,0.000000000000,29,24,0,,0,339,2016-01_to_2018-05,0
711810,non_list1,control_candidate,,6661819,0,0.000000000000,29,24,0,,0,339,2016-01_to_2018-05,0
711890,non_list1,control_candidate,,103820205,0,0.000000000000,29,24,0,,0,339,2016-01_to_2018-05,0
720110,non_list1,excluded,insufficient_positive_pre_months|direct_policy_scope_overlap,374778,0,0.000000000000,8,24,0,us_301_list3_2018,0,331,2016-01_to_2018-05,0
720120,non_list1,excluded,insufficient_positive_pre_months|direct_policy_scope_overlap,0,0,0.000000000000,0,24,0,us_301_list3_2018,0,331,2016-01_to_2018-05,0
720150,non_list1,excluded,insufficient_positive_pre_months|direct_policy_scope_overlap,2501,0,0.000000000000,1,24,0,us_301_list3_2018,0,331,2016-01_to_2018-05,0
720211,non_list1,excluded,insufficient_positive_pre_months|direct_policy_scope_overlap,174677,0,0.000000000000,3,24,0,us_301_list3_2018,0,331,2016-01_to_2018-05,0
720219,non_list1,excluded,direct_policy_scope_overlap,34480356,0,0.000000000000,27,24,0,us_301_list3_2018,0,331,2016-01_to_2018-05,0
720221,non_list1,excluded,direct_policy_scope_overlap,35914239,0,0.000000000000,28,24,0,us_301_list3_2018,0,331,2016-01_to_2018-05,0
720229,non_list1,excluded,direct_policy_scope_overlap,8504130,0,0.000000000000,29,24,0,us_301_list3_2018,0,331,2016-01_to_2018-05,0
720230,non_list1,excluded,insufficient_positive_pre_months|direct_policy_scope_overlap,0,0,0.000000000000,0,24,0,us_301_list3_2018,0,331,2016-01_to_2018-05,0
720241,non_list1,excluded,insufficient_positive_pre_months|direct_policy_scope_overlap,0,0,0.000000000000,0,24,0,us_301_list3_2018,0,331,2016-01_to_2018-05,0
720249,non_list1,excluded,direct_policy_scope_overlap,11045898,0,0.000000000000,25,24,0,us_301_list3_2018,0,331,2016-01_to_2018-05,0
720250,non_list1,excluded,insufficient_positive_pre_months|direct_policy_scope_overlap,0,0,0.000000000000,0,24,0,us_301_list3_2018,0,331,2016-01_to_2018-05,0
720260,non_list1,excluded,insufficient_positive_pre_months,4320287,0,0.000000000000,4,24,0,,0,331,2016-01_to_2018-05,0
720270,non_list1,excluded,insufficient_positive_pre_months,8210061,0,0.000000000000,15,24,0,,0,331,2016-01_to_2018-05,0
720280,non_list1,excluded,insufficient_positive_pre_months|direct_policy_scope_overlap,7047088,0,0.000000000000,21,24,0,us_301_list3_2018,0,331,2016-01_to_2018-05,0
720291,non_list1,excluded,insufficient_positive_pre_months|direct_policy_scope_overlap,33096,0,0.000000000000,2,24,0,us_301_list3_2018,0,331,2016-01_to_2018-05,0
720292,non_list1,excluded,insufficient_positive_pre_months|direct_policy_scope_overlap,126516,0,0.000000000000,1,24,0,us_301_list3_2018,0,331,2016-01_to_2018-05,0
720293,non_list1,excluded,insufficient_positive_pre_months,10200,0,0.000000000000,1,24,0,,0,331,2016-01_to_2018-05,0
720299,non_list1,excluded,direct_policy_scope_overlap,22541891,0,0.000000000000,29,24,0,us_301_list3_2018,0,331,2016-01_to_2018-05,0
720310,non_list1,excluded,insufficient_positive_pre_months|direct_policy_scope_overlap,0,0,0.000000000000,0,24,0,us_301_list3_2018,0,331,2016-01_to_2018-05,0
720390,non_list1,excluded,insufficient_positive_pre_months|direct_policy_scope_overlap,656595,0,0.000000000000,12,24,0,us_301_list3_2018,0,331,2016-01_to_2018-05,0
720410,non_list1,excluded,direct_policy_scope_overlap,648435,0,0.000000000000,27,24,0,us_301_list3_2018,0,910,2016-01_to_2018-05,0
720421,non_list1,excluded,insufficient_positive_pre_months|direct_policy_scope_overlap,470150,0,0.000000000000,21,24,0,us_301_list3_2018,0,910,2016-01_to_2018-05,0
720429,non_list1,excluded,direct_policy_scope_overlap,968070,0,0.000000000000,28,24,0,us_301_list3_2018,0,910,2016-01_to_2018-05,0
720430,non_list1,excluded,insufficient_positive_pre_months|direct_policy_scope_overlap,53152,0,0.000000000000,2,24,0,us_301_list3_2018,0,910,2016-01_to_2018-05,0
720441,non_list1,excluded,insufficient_positive_pre_months|direct_policy_scope_overlap,24932,0,0.000000000000,3,24,0,us_301_list3_2018,0,910,2016-01_to_2018-05,0
720449,non_list1,excluded,insufficient_positive_pre_months|direct_policy_scope_overlap,430178,0,0.000000000000,19,24,0,us_301_list3_2018,0,910,2016-01_to_2018-05,0
720450,non_list1,excluded,insufficient_positive_pre_months|direct_policy_scope_overlap,816328,0,0.000000000000,9,24,0,us_301_list3_2018,0,910,2016-01_to_2018-05,0
720510,non_list1,excluded,direct_policy_scope_overlap,10825239,0,0.000000000000,29,24,0,us_301_list3_2018,0,327,2016-01_to_2018-05,0
720521,non_list1,excluded,direct_policy_scope_overlap,3600524,0,0.000000000000,29,24,0,us_301_list3_2018,0,331,2016-01_to_2018-05,0
720529,non_list1,excluded,direct_policy_scope_overlap,20688128,0,0.000000000000,29,24,0,us_301_list3_2018,0,331,2016-01_to_2018-05,0
720610,non_list1,excluded,insufficient_positive_pre_months|direct_policy_scope_overlap,831284,0,0.000000000000,20,24,0,us_232_steel_2018,0,331,2016-01_to_2018-05,0
720690,non_list1,excluded,direct_policy_scope_overlap,911903,0,0.000000000000,24,24,0,us_232_steel_2018,0,331,2016-01_to_2018-05,0
720711,non_list1,excluded,insufficient_positive_pre_months|direct_policy_scope_overlap,2033575,0,0.000000000000,19,24,0,us_232_steel_2018,0,331,2016-01_to_2018-05,0
720712,non_list1,excluded,insufficient_positive_pre_months|direct_policy_scope_overlap,586118,0,0.000000000000,20,24,0,us_232_steel_2018,0,331,2016-01_to_2018-05,0
720719,non_list1,excluded,direct_policy_scope_overlap,1164918,0,0.000000000000,27,24,0,us_232_steel_2018,0,331,2016-01_to_2018-05,0
720720,non_list1,excluded,direct_policy_scope_overlap,7440693,0,0.000000000000,29,24,0,us_232_steel_2018,0,331,2016-01_to_2018-05,0
720810,non_list1,excluded,insufficient_positive_pre_months|direct_policy_scope_overlap,15701,0,0.000000000000,1,24,0,us_232_steel_2018,0,331,2016-01_to_2018-05,0
720825,non_list1,excluded,insufficient_positive_pre_months|direct_policy_scope_overlap,694509,0,0.000000000000,2,24,0,us_232_steel_2018,0,331,2016-01_to_2018-05,0
720826,non_list1,excluded,insufficient_positive_pre_months|direct_policy_scope_overlap,22013,0,0.000000000000,2,24,0,us_232_steel_2018,0,331,2016-01_to_2018-05,0
720827,non_list1,excluded,insufficient_positive_pre_months|direct_policy_scope_overlap,10560,0,0.000000000000,4,24,0,us_232_steel_2018,0,331,2016-01_to_2018-05,0
720836,non_list1,excluded,insufficient_positive_pre_months|direct_policy_scope_overlap,96363,0,0.000000000000,4,24,0,us_232_steel_2018,0,331,2016-01_to_2018-05,0
720837,non_list1,excluded,insufficient_positive_pre_months|direct_policy_scope_overlap,10957,0,0.000000000000,1,24,0,us_232_steel_2018,0,331,2016-01_to_2018-05,0
720838,non_list1,excluded,insufficient_positive_pre_months|direct_policy_scope_overlap,4250,0,0.000000000000,1,24,0,us_232_steel_2018,0,331,2016-01_to_2018-05,0
720839,non_list1,excluded,insufficient_positive_pre_months|direct_policy_scope_overlap,2389,0,0.000000000000,1,24,0,us_232_steel_2018,0,331,2016-01_to_2018-05,0
720840,non_list1,excluded,insufficient_positive_pre_months|direct_policy_scope_overlap,0,0,0.000000000000,0,24,0,us_232_steel_2018,0,331,2016-01_to_2018-05,0
720851,non_list1,excluded,insufficient_positive_pre_months|direct_policy_scope_overlap,94124,0,0.000000000000,9,24,0,us_232_steel_2018,0,331,2016-01_to_2018-05,0
720852,non_list1,excluded,insufficient_positive_pre_months|direct_policy_scope_overlap,16881,0,0.000000000000,3,24,0,us_232_steel_2018,0,331,2016-01_to_2018-05,0
720853,non_list1,excluded,insufficient_positive_pre_months|direct_policy_scope_overlap,7152,0,0.000000000000,1,24,0,us_232_steel_2018,0,331,2016-01_to_2018-05,0
720854,non_list1,excluded,insufficient_positive_pre_months|direct_policy_scope_overlap,0,0,0.000000000000,0,24,0,us_232_steel_2018,0,331,2016-01_to_2018-05,0
720890,non_list1,excluded,insufficient_positive_pre_months|direct_policy_scope_overlap,655242,0,0.000000000000,14,24,0,us_232_steel_2018,0,331,2016-01_to_2018-05,0
720915,non_list1,excluded,insufficient_positive_pre_months|direct_policy_scope_overlap,237639,0,0.000000000000,3,24,0,us_232_steel_2018,0,331,2016-01_to_2018-05,0
720916,non_list1,excluded,insufficient_positive_pre_months|direct_policy_scope_overlap,464223,0,0.000000000000,7,24,0,us_232_steel_2018,0,331,2016-01_to_2018-05,0
720917,non_list1,excluded,insufficient_positive_pre_months|direct_policy_scope_overlap,80046,0,0.000000000000,5,24,0,us_232_steel_2018,0,331,2016-01_to_2018-05,0
720918,non_list1,excluded,insufficient_positive_pre_months|direct_policy_scope_overlap,0,0,0.000000000000,0,24,0,us_232_steel_2018,0,331,2016-01_to_2018-05,0
720925,non_list1,excluded,insufficient_positive_pre_months|direct_policy_scope_overlap,153782,0,0.000000000000,8,24,0,us_232_steel_2018,0,331,2016-01_to_2018-05,0
720926,non_list1,excluded,insufficient_positive_pre_months|direct_policy_scope_overlap,17365,0,0.000000000000,5,24,0,us_232_steel_2018,0,331,2016-01_to_2018-05,0
720927,non_list1,excluded,insufficient_positive_pre_months|direct_policy_scope_overlap,22688,0,0.000000000000,2,24,0,us_232_steel_2018,0,331,2016-01_to_2018-05,0
720928,non_list1,excluded,insufficient_positive_pre_months|direct_policy_scope_overlap,0,0,0.000000000000,0,24,0,us_232_steel_2018,0,331,2016-01_to_2018-05,0
720990,non_list1,excluded,insufficient_positive_pre_months|direct_policy_scope_overlap,157222,0,0.000000000000,6,24,0,us_232_steel_2018,0,331,2016-01_to_2018-05,0
721011,non_list1,excluded,insufficient_positive_pre_months|direct_policy_scope_overlap,371061,0,0.000000000000,9,24,0,us_232_steel_2018,0,331,2016-01_to_2018-05,0
721012,non_list1,excluded,direct_policy_scope_overlap,107094658,0,0.000000000000,29,24,0,us_232_steel_2018,0,331,2016-01_to_2018-05,0
721020,non_list1,excluded,insufficient_positive_pre_months|direct_policy_scope_overlap,1223380,0,0.000000000000,5,24,0,us_232_steel_2018,0,331,2016-01_to_2018-05,0
721030,non_list1,excluded,insufficient_positive_pre_months|direct_policy_scope_overlap,1608868,0,0.000000000000,19,24,0,us_232_steel_2018,0,331,2016-01_to_2018-05,0
721041,non_list1,excluded,insufficient_positive_pre_months|direct_policy_scope_overlap,235456,0,0.000000000000,9,24,0,us_232_steel_2018,0,331,2016-01_to_2018-05,0
721049,non_list1,excluded,insufficient_positive_pre_months|direct_policy_scope_overlap,5938383,0,0.000000000000,21,24,0,us_232_steel_2018,0,331,2016-01_to_2018-05,0
721050,non_list1,excluded,direct_policy_scope_overlap,115460226,0,0.000000000000,29,24,0,us_232_steel_2018,0,331,2016-01_to_2018-05,0
721061,non_list1,excluded,insufficient_positive_pre_months|direct_policy_scope_overlap,99054,0,0.000000000000,6,24,0,us_232_steel_2018,0,331,2016-01_to_2018-05,0
721069,non_list1,excluded,insufficient_positive_pre_months|direct_policy_scope_overlap,81708,0,0.000000000000,2,24,0,us_232_steel_2018,0,331,2016-01_to_2018-05,0
721070,non_list1,excluded,direct_policy_scope_overlap,21890800,0,0.000000000000,27,24,0,us_232_steel_2018,0,331,2016-01_to_2018-05,0
721090,non_list1,excluded,insufficient_positive_pre_months|direct_policy_scope_overlap,1122165,0,0.000000000000,13,24,0,us_232_steel_2018,0,331,2016-01_to_2018-05,0
721113,non_list1,excluded,insufficient_positive_pre_months|direct_policy_scope_overlap,2025,0,0.000000000000,1,24,0,us_232_steel_2018,0,331,2016-01_to_2018-05,0
721114,non_list1,excluded,insufficient_positive_pre_months|direct_policy_scope_overlap,299403,0,0.000000000000,10,24,0,us_232_steel_2018,0,331,2016-01_to_2018-05,0
721119,non_list1,excluded,insufficient_positive_pre_months|direct_policy_scope_overlap,147634,0,0.000000000000,11,24,0,us_232_steel_2018,0,331,2016-01_to_2018-05,0
721123,non_list1,excluded,insufficient_positive_pre_months|direct_policy_scope_overlap,230818,0,0.000000000000,12,24,0,us_232_steel_2018,0,331,2016-01_to_2018-05,0
721129,non_list1,excluded,insufficient_positive_pre_months|direct_policy_scope_overlap,37330,0,0.000000000000,4,24,0,us_232_steel_2018,0,331,2016-01_to_2018-05,0
721190,non_list1,excluded,insufficient_positive_pre_months|direct_policy_scope_overlap,64088,0,0.000000000000,5,24,0,us_232_steel_2018,0,331,2016-01_to_2018-05,0
721210,non_list1,excluded,direct_policy_scope_overlap,3285573,0,0.000000000000,24,24,0,us_232_steel_2018,0,331,2016-01_to_2018-05,0
721220,non_list1,excluded,insufficient_positive_pre_months|direct_policy_scope_overlap,3140260,0,0.000000000000,12,24,0,us_232_steel_2018,0,331,2016-01_to_2018-05,0
721230,non_list1,excluded,insufficient_positive_pre_months|direct_policy_scope_overlap,696762,0,0.000000000000,16,24,0,us_232_steel_2018,0,331,2016-01_to_2018-05,0
721240,non_list1,excluded,insufficient_positive_pre_months|direct_policy_scope_overlap,1068578,0,0.000000000000,20,24,0,us_232_steel_2018,0,331,2016-01_to_2018-05,0
721250,non_list1,excluded,direct_policy_scope_overlap,499277,0,0.000000000000,29,24,0,us_232_steel_2018,0,331,2016-01_to_2018-05,0
721260,non_list1,excluded,insufficient_positive_pre_months|direct_policy_scope_overlap,521945,0,0.000000000000,12,24,0,us_232_steel_2018,0,331,2016-01_to_2018-05,0
721310,non_list1,excluded,insufficient_positive_pre_months|direct_policy_scope_overlap,439322,0,0.000000000000,12,24,0,us_232_steel_2018,0,331,2016-01_to_2018-05,0
721320,non_list1,excluded,insufficient_positive_pre_months|direct_policy_scope_overlap,0,0,0.000000000000,0,24,0,us_232_steel_2018,0,331,2016-01_to_2018-05,0
721391,non_list1,excluded,insufficient_positive_pre_months|direct_policy_scope_overlap,492037,0,0.000000000000,6,24,0,us_232_steel_2018,0,331,2016-01_to_2018-05,0
721399,non_list1,excluded,insufficient_positive_pre_months|direct_policy_scope_overlap,33855,0,0.000000000000,3,24,0,us_232_steel_2018,0,331,2016-01_to_2018-05,0
721410,non_list1,excluded,insufficient_positive_pre_months|direct_policy_scope_overlap,10351991,0,0.000000000000,23,24,0,us_232_steel_2018,0,331,2016-01_to_2018-05,0
721420,non_list1,excluded,insufficient_positive_pre_months|direct_policy_scope_overlap,1139675,0,0.000000000000,9,24,0,us_232_steel_2018,0,331,2016-01_to_2018-05,0
721430,non_list1,excluded,insufficient_positive_pre_months|direct_policy_scope_overlap,259020,0,0.000000000000,14,24,0,us_232_steel_2018,0,331,2016-01_to_2018-05,0
721491,non_list1,excluded,insufficient_positive_pre_months|direct_policy_scope_overlap,328018,0,0.000000000000,11,24,0,us_232_steel_2018,0,331,2016-01_to_2018-05,0
721499,non_list1,excluded,direct_policy_scope_overlap,5738183,0,0.000000000000,26,24,0,us_232_steel_2018,0,331,2016-01_to_2018-05,0
721510,non_list1,excluded,insufficient_positive_pre_months|direct_policy_scope_overlap,72122,0,0.000000000000,8,24,0,us_232_steel_2018,0,331,2016-01_to_2018-05,0
721550,non_list1,excluded,direct_policy_scope_overlap,2643394,0,0.000000000000,29,24,0,us_232_steel_2018,0,331,2016-01_to_2018-05,0
721590,non_list1,excluded,direct_policy_scope_overlap,17257442,0,0.000000000000,29,24,0,us_232_steel_2018,0,331,2016-01_to_2018-05,0
721610,non_list1,excluded,direct_policy_scope_overlap,1438480,0,0.000000000000,28,24,0,us_232_steel_2018,0,331,2016-01_to_2018-05,0
721621,non_list1,excluded,insufficient_positive_pre_months|direct_policy_scope_overlap,3312376,0,0.000000000000,16,24,0,us_232_steel_2018,0,331,2016-01_to_2018-05,0
721622,non_list1,excluded,insufficient_positive_pre_months|direct_policy_scope_overlap,0,0,0.000000000000,0,24,0,us_232_steel_2018,0,331,2016-01_to_2018-05,0
721631,non_list1,excluded,insufficient_positive_pre_months|direct_policy_scope_overlap,405446,0,0.000000000000,13,24,0,us_232_steel_2018,0,331,2016-01_to_2018-05,0
721632,non_list1,excluded,insufficient_positive_pre_months|direct_policy_scope_overlap,2411506,0,0.000000000000,17,24,0,us_232_steel_2018,0,331,2016-01_to_2018-05,0
721633,non_list1,excluded,insufficient_positive_pre_months|direct_policy_scope_overlap,2941148,0,0.000000000000,23,24,0,us_232_steel_2018,0,331,2016-01_to_2018-05,0
721640,non_list1,excluded,insufficient_positive_pre_months|direct_policy_scope_overlap,2372516,0,0.000000000000,23,24,0,us_232_steel_2018,0,331,2016-01_to_2018-05,0
721650,non_list1,excluded,insufficient_positive_pre_months|direct_policy_scope_overlap,3264428,0,0.000000000000,22,24,0,us_232_steel_2018,0,331,2016-01_to_2018-05,0
721661,non_list1,excluded,direct_policy_scope_overlap,952263,0,0.000000000000,29,24,0,us_301_list3_2018,0,331,2016-01_to_2018-05,0
721669,non_list1,excluded,insufficient_positive_pre_months|direct_policy_scope_overlap,677875,0,0.000000000000,20,24,0,us_301_list3_2018,0,331,2016-01_to_2018-05,0
721691,non_list1,excluded,direct_policy_scope_overlap,17319998,0,0.000000000000,29,24,0,us_301_list3_2018,0,331,2016-01_to_2018-05,0
721699,non_list1,excluded,direct_policy_scope_overlap,10454210,0,0.000000000000,28,24,0,us_232_steel_2018,0,331,2016-01_to_2018-05,0
721710,non_list1,excluded,direct_policy_scope_overlap,112579681,0,0.000000000000,29,24,0,us_232_steel_2018,0,331,2016-01_to_2018-05,0
721720,non_list1,excluded,direct_policy_scope_overlap,106122642,0,0.000000000000,29,24,0,us_232_steel_2018,0,331,2016-01_to_2018-05,0
721730,non_list1,excluded,direct_policy_scope_overlap,24846129,0,0.000000000000,29,24,0,us_232_steel_2018,0,331,2016-01_to_2018-05,0
721790,non_list1,excluded,direct_policy_scope_overlap,13889762,0,0.000000000000,29,24,0,us_232_steel_2018,0,331,2016-01_to_2018-05,0
721810,non_list1,excluded,insufficient_positive_pre_months|direct_policy_scope_overlap,20575,0,0.000000000000,3,24,0,us_232_steel_2018,0,331,2016-01_to_2018-05,0
721891,non_list1,excluded,direct_policy_scope_overlap,4465442,0,0.000000000000,27,24,0,us_232_steel_2018,0,331,2016-01_to_2018-05,0
721899,non_list1,excluded,direct_policy_scope_overlap,4867981,0,0.000000000000,29,24,0,us_232_steel_2018,0,331,2016-01_to_2018-05,0
721911,non_list1,excluded,insufficient_positive_pre_months|direct_policy_scope_overlap,741068,0,0.000000000000,10,24,0,us_232_steel_2018,0,331,2016-01_to_2018-05,0
721912,non_list1,excluded,direct_policy_scope_overlap,6253976,0,0.000000000000,24,24,0,us_232_steel_2018,0,331,2016-01_to_2018-05,0
721913,non_list1,excluded,insufficient_positive_pre_months|direct_policy_scope_overlap,62007,0,0.000000000000,2,24,0,us_232_steel_2018,0,331,2016-01_to_2018-05,0
721914,non_list1,excluded,insufficient_positive_pre_months|direct_policy_scope_overlap,167173,0,0.000000000000,11,24,0,us_232_steel_2018,0,331,2016-01_to_2018-05,0
721921,non_list1,excluded,insufficient_positive_pre_months|direct_policy_scope_overlap,1788113,0,0.000000000000,21,24,0,us_232_steel_2018,0,331,2016-01_to_2018-05,0
721922,non_list1,excluded,insufficient_positive_pre_months|direct_policy_scope_overlap,1373000,0,0.000000000000,21,24,0,us_232_steel_2018,0,331,2016-01_to_2018-05,0
721923,non_list1,excluded,insufficient_positive_pre_months|direct_policy_scope_overlap,575553,0,0.000000000000,7,24,0,us_232_steel_2018,0,331,2016-01_to_2018-05,0
721924,non_list1,excluded,insufficient_positive_pre_months|direct_policy_scope_overlap,110791,0,0.000000000000,11,24,0,us_232_steel_2018,0,331,2016-01_to_2018-05,0
721931,non_list1,excluded,insufficient_positive_pre_months|direct_policy_scope_overlap,1921247,0,0.000000000000,19,24,0,us_232_steel_2018,0,331,2016-01_to_2018-05,0
721932,non_list1,excluded,insufficient_positive_pre_months|direct_policy_scope_overlap,2559730,0,0.000000000000,15,24,0,us_232_steel_2018,0,331,2016-01_to_2018-05,0
721933,non_list1,excluded,direct_policy_scope_overlap,12944493,0,0.000000000000,26,24,0,us_232_steel_2018,0,331,2016-01_to_2018-05,0
721934,non_list1,excluded,direct_policy_scope_overlap,22972636,0,0.000000000000,29,24,0,us_232_steel_2018,0,331,2016-01_to_2018-05,0
721935,non_list1,excluded,direct_policy_scope_overlap,31110138,0,0.000000000000,29,24,0,us_232_steel_2018,0,331,2016-01_to_2018-05,0
721990,non_list1,excluded,insufficient_positive_pre_months|direct_policy_scope_overlap,3567371,0,0.000000000000,22,24,0,us_232_steel_2018,0,331,2016-01_to_2018-05,0
722011,non_list1,excluded,insufficient_positive_pre_months|direct_policy_scope_overlap,69360,0,0.000000000000,10,24,0,us_232_steel_2018,0,331,2016-01_to_2018-05,0
722012,non_list1,excluded,insufficient_positive_pre_months|direct_policy_scope_overlap,1572300,0,0.000000000000,20,24,0,us_232_steel_2018,0,331,2016-01_to_2018-05,0
722020,non_list1,excluded,direct_policy_scope_overlap,11812168,0,0.000000000000,29,24,0,us_232_steel_2018,0,331,2016-01_to_2018-05,0
722090,non_list1,excluded,direct_policy_scope_overlap,2043016,0,0.000000000000,28,24,0,us_232_steel_2018,0,331,2016-01_to_2018-05,0
722100,non_list1,excluded,direct_policy_scope_overlap,36640200,0,0.000000000000,29,24,0,us_232_steel_2018,0,331,2016-01_to_2018-05,0
722211,non_list1,excluded,insufficient_positive_pre_months|direct_policy_scope_overlap,1059355,0,0.000000000000,21,24,0,us_232_steel_2018,0,331,2016-01_to_2018-05,0
722219,non_list1,excluded,insufficient_positive_pre_months|direct_policy_scope_overlap,970512,0,0.000000000000,21,24,0,us_232_steel_2018,0,331,2016-01_to_2018-05,0
722220,non_list1,excluded,direct_policy_scope_overlap,9743466,0,0.000000000000,29,24,0,us_232_steel_2018,0,331,2016-01_to_2018-05,0
722230,non_list1,excluded,direct_policy_scope_overlap,6441454,0,0.000000000000,29,24,0,us_232_steel_2018,0,331,2016-01_to_2018-05,0
722240,non_list1,excluded,direct_policy_scope_overlap,4377528,0,0.000000000000,29,24,0,us_232_steel_2018,0,331,2016-01_to_2018-05,0
722300,non_list1,excluded,direct_policy_scope_overlap,69642983,0,0.000000000000,29,24,0,us_232_steel_2018,0,331,2016-01_to_2018-05,0
722410,non_list1,excluded,direct_policy_scope_overlap,2482738,0,0.000000000000,25,24,0,us_232_steel_2018,0,331,2016-01_to_2018-05,0
722490,non_list1,excluded,direct_policy_scope_overlap,5250463,0,0.000000000000,27,24,0,us_232_steel_2018,0,331,2016-01_to_2018-05,0
722511,non_list1,excluded,direct_policy_scope_overlap,24142334,0,0.000000000000,25,24,0,us_232_steel_2018,0,331,2016-01_to_2018-05,0
722519,non_list1,excluded,insufficient_positive_pre_months|direct_policy_scope_overlap,58770,0,0.000000000000,4,24,0,us_232_steel_2018,0,331,2016-01_to_2018-05,0
722530,non_list1,excluded,direct_policy_scope_overlap,37035570,0,0.000000000000,28,24,0,us_232_steel_2018,0,331,2016-01_to_2018-05,0
722540,non_list1,excluded,direct_policy_scope_overlap,24172049,0,0.000000000000,25,24,0,us_232_steel_2018,0,331,2016-01_to_2018-05,0
722550,non_list1,excluded,insufficient_positive_pre_months|direct_policy_scope_overlap,164860,0,0.000000000000,9,24,0,us_232_steel_2018,0,331,2016-01_to_2018-05,0
722591,non_list1,excluded,insufficient_positive_pre_months|direct_policy_scope_overlap,5100,0,0.000000000000,1,24,0,us_232_steel_2018,0,331,2016-01_to_2018-05,0
722592,non_list1,excluded,insufficient_positive_pre_months|direct_policy_scope_overlap,1089691,0,0.000000000000,12,24,0,us_232_steel_2018,0,331,2016-01_to_2018-05,0
722599,non_list1,excluded,insufficient_positive_pre_months|direct_policy_scope_overlap,609669,0,0.000000000000,7,24,0,us_232_steel_2018,0,331,2016-01_to_2018-05,0
722611,non_list1,excluded,direct_policy_scope_overlap,4361627,0,0.000000000000,28,24,0,us_232_steel_2018,0,331,2016-01_to_2018-05,0
722619,non_list1,excluded,insufficient_positive_pre_months|direct_policy_scope_overlap,39897,0,0.000000000000,5,24,0,us_232_steel_2018,0,331,2016-01_to_2018-05,0
722620,non_list1,excluded,insufficient_positive_pre_months|direct_policy_scope_overlap,14239295,0,0.000000000000,16,24,0,us_232_steel_2018,0,331,2016-01_to_2018-05,0
722691,non_list1,excluded,insufficient_positive_pre_months|direct_policy_scope_overlap,1107791,0,0.000000000000,22,24,0,us_232_steel_2018,0,331,2016-01_to_2018-05,0
722692,non_list1,excluded,insufficient_positive_pre_months|direct_policy_scope_overlap,2053295,0,0.000000000000,21,24,0,us_232_steel_2018,0,331,2016-01_to_2018-05,0
722699,non_list1,excluded,insufficient_positive_pre_months|direct_policy_scope_overlap,299889,0,0.000000000000,12,24,0,us_232_steel_2018,0,331,2016-01_to_2018-05,0
722710,non_list1,excluded,insufficient_positive_pre_months|direct_policy_scope_overlap,0,0,0.000000000000,0,24,0,us_232_steel_2018,0,331,2016-01_to_2018-05,0
722720,non_list1,excluded,insufficient_positive_pre_months|direct_policy_scope_overlap,0,0,0.000000000000,0,24,0,us_232_steel_2018,0,331,2016-01_to_2018-05,0
722790,non_list1,excluded,insufficient_positive_pre_months|direct_policy_scope_overlap,410481,0,0.000000000000,11,24,0,us_232_steel_2018,0,331,2016-01_to_2018-05,0
722810,non_list1,excluded,direct_policy_scope_overlap,71758099,0,0.000000000000,29,24,0,us_232_steel_2018,0,331,2016-01_to_2018-05,0
722820,non_list1,excluded,insufficient_positive_pre_months|direct_policy_scope_overlap,222583,0,0.000000000000,23,24,0,us_232_steel_2018,0,331,2016-01_to_2018-05,0
722830,non_list1,excluded,direct_policy_scope_overlap,137301736,0,0.000000000000,29,24,0,us_232_steel_2018,0,331,2016-01_to_2018-05,0
722840,non_list1,excluded,direct_policy_scope_overlap,32907936,0,0.000000000000,29,24,0,us_232_steel_2018,0,331,2016-01_to_2018-05,0
722850,non_list1,excluded,direct_policy_scope_overlap,29406872,0,0.000000000000,29,24,0,us_232_steel_2018,0,331,2016-01_to_2018-05,0
722860,non_list1,excluded,direct_policy_scope_overlap,5172730,0,0.000000000000,29,24,0,us_232_steel_2018,0,331,2016-01_to_2018-05,0
722870,non_list1,excluded,direct_policy_scope_overlap,3032650,0,0.000000000000,25,24,0,us_232_steel_2018,0,331,2016-01_to_2018-05,0
722880,non_list1,excluded,insufficient_positive_pre_months|direct_policy_scope_overlap,3131931,0,0.000000000000,23,24,0,us_232_steel_2018,0,331,2016-01_to_2018-05,0
722920,non_list1,excluded,direct_policy_scope_overlap,73458157,0,0.000000000000,29,24,0,us_232_steel_2018,0,331,2016-01_to_2018-05,0
722990,non_list1,excluded,direct_policy_scope_overlap,31880380,0,0.000000000000,29,24,0,us_232_steel_2018,0,331,2016-01_to_2018-05,0
730110,non_list1,excluded,direct_policy_scope_overlap,42254510,0,0.000000000000,24,24,0,us_232_steel_2018,0,331,2016-01_to_2018-05,0
730120,non_list1,excluded,direct_policy_scope_overlap,24766785,0,0.000000000000,29,24,0,us_301_list3_2018,0,331,2016-01_to_2018-05,0
730210,non_list1,excluded,direct_policy_scope_overlap,40763335,0,0.000000000000,28,24,0,us_232_steel_2018,0,331,2016-01_to_2018-05,0
730230,non_list1,excluded,direct_policy_scope_overlap,28618060,0,0.000000000000,29,24,0,us_301_list3_2018,0,332,2016-01_to_2018-05,0
730240,non_list1,excluded,direct_policy_scope_overlap,15573358,0,0.000000000000,29,24,0,us_232_steel_2018,0,332,2016-01_to_2018-05,0
730290,non_list1,excluded,direct_policy_scope_overlap,26283564,0,0.000000000000,29,24,0,us_232_steel_2018,0,331|332,2016-01_to_2018-05,0
730300,non_list1,excluded,direct_policy_scope_overlap,50752815,0,0.000000000000,29,24,0,us_301_list3_2018,0,331,2016-01_to_2018-05,0
730411,non_list1,excluded,direct_policy_scope_overlap,33394994,0,0.000000000000,29,24,0,us_232_steel_2018,0,331,2016-01_to_2018-05,0
730419,non_list1,excluded,direct_policy_scope_overlap,44071917,0,0.000000000000,29,24,0,us_232_steel_2018,0,331,2016-01_to_2018-05,0
730422,non_list1,excluded,insufficient_positive_pre_months|direct_policy_scope_overlap,1431559,0,0.000000000000,7,24,0,us_232_steel_2018,0,331,2016-01_to_2018-05,0
730423,non_list1,excluded,direct_policy_scope_overlap,18598490,0,0.000000000000,26,24,0,us_232_steel_2018,0,331,2016-01_to_2018-05,0
730424,non_list1,excluded,direct_policy_scope_overlap,5077121,0,0.000000000000,29,24,0,us_232_steel_2018,0,331,2016-01_to_2018-05,0
730429,non_list1,excluded,direct_policy_scope_overlap,21439520,0,0.000000000000,24,24,0,us_232_steel_2018,0,331,2016-01_to_2018-05,0
730431,non_list1,excluded,direct_policy_scope_overlap,47017795,0,0.000000000000,29,24,0,us_232_steel_2018,0,331,2016-01_to_2018-05,0
730439,non_list1,excluded,direct_policy_scope_overlap,39325757,0,0.000000000000,29,24,0,us_232_steel_2018,0,331,2016-01_to_2018-05,0
730441,non_list1,excluded,direct_policy_scope_overlap,181840278,0,0.000000000000,29,24,0,us_232_steel_2018,0,331,2016-01_to_2018-05,0
730449,non_list1,excluded,direct_policy_scope_overlap,18993408,0,0.000000000000,29,24,0,us_232_steel_2018,0,331,2016-01_to_2018-05,0
730451,non_list1,excluded,direct_policy_scope_overlap,18238246,0,0.000000000000,29,24,0,us_232_steel_2018,0,331,2016-01_to_2018-05,0
730459,non_list1,excluded,direct_policy_scope_overlap,96721061,0,0.000000000000,29,24,0,us_232_steel_2018,0,331,2016-01_to_2018-05,0
730490,non_list1,excluded,direct_policy_scope_overlap,21011284,0,0.000000000000,29,24,0,us_232_steel_2018,0,331,2016-01_to_2018-05,0
730511,non_list1,excluded,insufficient_positive_pre_months|direct_policy_scope_overlap,11403833,0,0.000000000000,18,24,0,us_232_steel_2018,0,331,2016-01_to_2018-05,0
730512,non_list1,excluded,insufficient_positive_pre_months|direct_policy_scope_overlap,3348747,0,0.000000000000,17,24,0,us_232_steel_2018,0,331,2016-01_to_2018-05,0
730519,non_list1,excluded,direct_policy_scope_overlap,6622541,0,0.000000000000,27,24,0,us_232_steel_2018,0,331,2016-01_to_2018-05,0
730520,non_list1,excluded,insufficient_positive_pre_months|direct_policy_scope_overlap,183239,0,0.000000000000,6,24,0,us_232_steel_2018,0,331,2016-01_to_2018-05,0
730531,non_list1,excluded,direct_policy_scope_overlap,24537620,0,0.000000000000,27,24,0,us_232_steel_2018,0,331,2016-01_to_2018-05,0
730539,non_list1,excluded,direct_policy_scope_overlap,6535506,0,0.000000000000,27,24,0,us_232_steel_2018,0,331,2016-01_to_2018-05,0
730590,non_list1,excluded,insufficient_positive_pre_months|direct_policy_scope_overlap,150804,0,0.000000000000,7,24,0,us_232_steel_2018,0,331,2016-01_to_2018-05,0
730611,non_list1,excluded,direct_policy_scope_overlap,3560448,0,0.000000000000,26,24,0,us_232_steel_2018,0,331,2016-01_to_2018-05,0
730619,non_list1,excluded,insufficient_positive_pre_months|direct_policy_scope_overlap,5593035,0,0.000000000000,22,24,0,us_232_steel_2018,0,331,2016-01_to_2018-05,0
730621,non_list1,excluded,insufficient_positive_pre_months|direct_policy_scope_overlap,248633,0,0.000000000000,22,24,0,us_232_steel_2018,0,331,2016-01_to_2018-05,0
730629,non_list1,excluded,insufficient_positive_pre_months|direct_policy_scope_overlap,410200,0,0.000000000000,6,24,0,us_232_steel_2018,0,331,2016-01_to_2018-05,0
730630,non_list1,excluded,direct_policy_scope_overlap,189627799,0,0.000000000000,29,24,0,us_232_steel_2018,0,331,2016-01_to_2018-05,0
730640,non_list1,excluded,direct_policy_scope_overlap,45265779,0,0.000000000000,29,24,0,us_232_steel_2018,0,331,2016-01_to_2018-05,0
730650,non_list1,excluded,direct_policy_scope_overlap,3395843,0,0.000000000000,29,24,0,us_232_steel_2018,0,331,2016-01_to_2018-05,0
730661,non_list1,excluded,direct_policy_scope_overlap,13416963,0,0.000000000000,29,24,0,us_232_steel_2018,0,331,2016-01_to_2018-05,0
730669,non_list1,excluded,insufficient_positive_pre_months|direct_policy_scope_overlap,1866649,0,0.000000000000,22,24,0,us_232_steel_2018,0,331,2016-01_to_2018-05,0
730690,non_list1,excluded,direct_policy_scope_overlap,12403018,0,0.000000000000,29,24,0,us_232_steel_2018,0,331,2016-01_to_2018-05,0
730711,non_list1,excluded,direct_policy_scope_overlap,34662015,0,0.000000000000,29,24,0,us_301_list3_2018,0,331,2016-01_to_2018-05,0
730719,non_list1,excluded,direct_policy_scope_overlap,584463197,0,0.000000000000,29,24,0,us_301_list3_2018,0,331,2016-01_to_2018-05,0
730721,non_list1,excluded,direct_policy_scope_overlap,45658108,0,0.000000000000,29,24,0,us_301_list3_2018,0,332,2016-01_to_2018-05,0
730722,non_list1,excluded,direct_policy_scope_overlap,65371405,0,0.000000000000,29,24,0,us_301_list3_2018,0,332,2016-01_to_2018-05,0
730723,non_list1,excluded,direct_policy_scope_overlap,53857797,0,0.000000000000,29,24,0,us_301_list3_2018,0,332,2016-01_to_2018-05,0
730729,non_list1,excluded,direct_policy_scope_overlap,146661649,0,0.000000000000,29,24,0,us_301_list3_2018,0,332,2016-01_to_2018-05,0
730791,non_list1,excluded,direct_policy_scope_overlap,128251032,0,0.000000000000,29,24,0,us_301_list3_2018,0,332,2016-01_to_2018-05,0
730792,non_list1,excluded,direct_policy_scope_overlap,349189884,0,0.000000000000,29,24,0,us_301_list3_2018,0,332,2016-01_to_2018-05,0
730793,non_list1,excluded,direct_policy_scope_overlap,11795165,0,0.000000000000,29,24,0,us_301_list3_2018,0,332,2016-01_to_2018-05,0
730799,non_list1,excluded,direct_policy_scope_overlap,346056358,0,0.000000000000,29,24,0,us_301_list3_2018,0,332,2016-01_to_2018-05,0
730810,non_list1,excluded,direct_policy_scope_overlap,29237936,0,0.000000000000,27,24,0,us_301_list2_2018,0,332,2016-01_to_2018-05,0
730820,non_list1,excluded,direct_policy_scope_overlap,8360686,0,0.000000000000,29,24,0,us_301_list2_2018,0,332,2016-01_to_2018-05,0
730830,non_list1,excluded,direct_policy_scope_overlap,247392779,0,0.000000000000,29,24,0,us_301_list3_2018,0,332,2016-01_to_2018-05,0
730840,non_list1,excluded,direct_policy_scope_overlap,509500793,0,0.000000000000,29,24,0,us_301_list3_2018,0,332,2016-01_to_2018-05,0
730890,non_list1,excluded,direct_policy_scope_overlap,2148882142,0,0.000000000000,29,24,0,us_301_list2_2018,0,332,2016-01_to_2018-05,0
730900,non_list1,excluded,direct_policy_scope_overlap,211560364,0,0.000000000000,29,24,0,us_301_list3_2018,0,332,2016-01_to_2018-05,0
731010,non_list1,excluded,direct_policy_scope_overlap,78439069,0,0.000000000000,29,24,0,us_301_list3_2018,0,332,2016-01_to_2018-05,0
731021,non_list1,excluded,direct_policy_scope_overlap,62341835,0,0.000000000000,29,24,0,us_301_list3_2018,0,332,2016-01_to_2018-05,0
731029,non_list1,excluded,direct_policy_scope_overlap,270617307,0,0.000000000000,29,24,0,us_301_list3_2018,0,332,2016-01_to_2018-05,0
731100,non_list1,excluded,direct_policy_scope_overlap,202857066,0,0.000000000000,29,24,0,us_301_list3_2018,0,332,2016-01_to_2018-05,0
731210,non_list1,excluded,direct_policy_scope_overlap,489016793,0,0.000000000000,29,24,0,us_301_list3_2018,0,314|331|332,2016-01_to_2018-05,0
731290,non_list1,excluded,direct_policy_scope_overlap,11822698,0,0.000000000000,29,24,0,us_301_list3_2018,0,332,2016-01_to_2018-05,0
731300,non_list1,excluded,direct_policy_scope_overlap,7546183,0,0.000000000000,29,24,0,us_301_list3_2018,0,332,2016-01_to_2018-05,0
731412,non_list1,excluded,direct_policy_scope_overlap,3704080,0,0.000000000000,29,24,0,us_301_list3_2018,0,332,2016-01_to_2018-05,0
731414,non_list1,excluded,direct_policy_scope_overlap,85163299,0,0.000000000000,29,24,0,us_301_list3_2018,0,332,2016-01_to_2018-05,0
731419,non_list1,excluded,direct_policy_scope_overlap,30419541,0,0.000000000000,29,24,0,us_301_list3_2018,0,332,2016-01_to_2018-05,0
731420,non_list1,excluded,direct_policy_scope_overlap,19378622,0,0.000000000000,29,24,0,us_301_list3_2018,0,332,2016-01_to_2018-05,0
731431,non_list1,excluded,direct_policy_scope_overlap,157669998,0,0.000000000000,29,24,0,us_301_list3_2018,0,332,2016-01_to_2018-05,0
731439,non_list1,excluded,direct_policy_scope_overlap,25852488,0,0.000000000000,29,24,0,us_301_list3_2018,0,332,2016-01_to_2018-05,0
731441,non_list1,excluded,direct_policy_scope_overlap,53964499,0,0.000000000000,29,24,0,us_301_list3_2018,0,332,2016-01_to_2018-05,0
731442,non_list1,excluded,direct_policy_scope_overlap,29034581,0,0.000000000000,29,24,0,us_301_list3_2018,0,332,2016-01_to_2018-05,0
731449,non_list1,excluded,direct_policy_scope_overlap,39662422,0,0.000000000000,29,24,0,us_301_list3_2018,0,332,2016-01_to_2018-05,0
731450,non_list1,excluded,direct_policy_scope_overlap,14164716,0,0.000000000000,29,24,0,us_301_list3_2018,0,332,2016-01_to_2018-05,0
731511,non_list1,excluded,direct_policy_scope_overlap,142537644,0,0.000000000000,29,24,0,us_301_list3_2018,0,332,2016-01_to_2018-05,0
731512,non_list1,excluded,direct_policy_scope_overlap,47440584,0,0.000000000000,29,24,0,us_301_list3_2018,0,332,2016-01_to_2018-05,0
731519,non_list1,excluded,direct_policy_scope_overlap,36611033,0,0.000000000000,29,24,0,us_301_list3_2018,0,332,2016-01_to_2018-05,0
731520,non_list1,excluded,direct_policy_scope_overlap,48481274,0,0.000000000000,29,24,0,us_301_list3_2018,0,332,2016-01_to_2018-05,0
731581,non_list1,excluded,direct_policy_scope_overlap,7867712,0,0.000000000000,29,24,0,us_301_list3_2018,0,332,2016-01_to_2018-05,0
731582,non_list1,excluded,direct_policy_scope_overlap,121487252,0,0.000000000000,29,24,0,us_301_list3_2018,0,332,2016-01_to_2018-05,0
731589,non_list1,excluded,direct_policy_scope_overlap,34480666,0,0.000000000000,29,24,0,us_301_list3_2018,0,332,2016-01_to_2018-05,0
731590,non_list1,excluded,direct_policy_scope_overlap,28320680,0,0.000000000000,29,24,0,us_301_list3_2018,0,332,2016-01_to_2018-05,0
731600,non_list1,excluded,direct_policy_scope_overlap,60040031,0,0.000000000000,29,24,0,us_301_list3_2018,0,332,2016-01_to_2018-05,0
731700,non_list1,excluded,direct_policy_scope_overlap,611616717,0,0.000000000000,29,24,0,us_301_list3_2018,0,331,2016-01_to_2018-05,0
731811,non_list1,excluded,direct_policy_scope_overlap,33938539,0,0.000000000000,29,24,0,us_301_list3_2018,0,332,2016-01_to_2018-05,0
731812,non_list1,excluded,direct_policy_scope_overlap,22608497,0,0.000000000000,29,24,0,us_301_list3_2018,0,332,2016-01_to_2018-05,0
731813,non_list1,excluded,direct_policy_scope_overlap,27582358,0,0.000000000000,29,24,0,us_301_list3_2018,0,332,2016-01_to_2018-05,0
731814,non_list1,excluded,direct_policy_scope_overlap,365866417,0,0.000000000000,29,24,0,us_301_list3_2018,0,332,2016-01_to_2018-05,0
731815,non_list1,excluded,direct_policy_scope_overlap,1186596575,0,0.000000000000,29,24,0,us_301_list3_2018,0,332,2016-01_to_2018-05,0
731816,non_list1,control_candidate,,557901232,0,0.000000000000,29,24,0,,0,332,2016-01_to_2018-05,0
731819,non_list1,excluded,direct_policy_scope_overlap,72157302,0,0.000000000000,29,24,0,us_301_list3_2018,0,332,2016-01_to_2018-05,0
731821,non_list1,excluded,direct_policy_scope_overlap,24112733,0,0.000000000000,29,24,0,us_301_list3_2018,0,332,2016-01_to_2018-05,0
731822,non_list1,excluded,direct_policy_scope_overlap,214107652,0,0.000000000000,29,24,0,us_301_list3_2018,0,332,2016-01_to_2018-05,0
731823,non_list1,excluded,direct_policy_scope_overlap,26078005,0,0.000000000000,29,24,0,us_301_list3_2018,0,332,2016-01_to_2018-05,0
731824,non_list1,excluded,direct_policy_scope_overlap,19760411,0,0.000000000000,29,24,0,us_301_list3_2018,0,332,2016-01_to_2018-05,0
731829,non_list1,excluded,direct_policy_scope_overlap,141204519,0,0.000000000000,29,24,0,us_301_list3_2018,0,332,2016-01_to_2018-05,0
731940,non_list1,control_candidate,,32371319,0,0.000000000000,29,24,0,,0,339,2016-01_to_2018-05,0
731990,non_list1,control_candidate,,16947686,0,0.000000000000,29,24,0,,0,339,2016-01_to_2018-05,0
732010,non_list1,excluded,direct_policy_scope_overlap,83845681,0,0.000000000000,29,24,0,us_301_list3_2018,0,332,2016-01_to_2018-05,0
732020,non_list1,control_candidate,,57266271,0,0.000000000000,29,24,0,,0,332,2016-01_to_2018-05,0
732090,non_list1,excluded,direct_policy_scope_overlap,36904379,0,0.000000000000,29,24,0,us_301_list3_2018,0,332,2016-01_to_2018-05,0
732111,non_list1,excluded,direct_policy_scope_overlap,2967704495,0,0.000000000000,29,24,0,us_301_list3_2018,0,335,2016-01_to_2018-05,0
732112,non_list1,control_candidate,,8467108,0,0.000000000000,29,24,0,,0,335,2016-01_to_2018-05,0
732119,non_list1,control_candidate,,900921938,0,0.000000000000,29,24,0,,0,335,2016-01_to_2018-05,0
732181,non_list1,control_candidate,,371978757,0,0.000000000000,29,24,0,,0,333,2016-01_to_2018-05,0
732182,non_list1,control_candidate,,74441816,0,0.000000000000,29,24,0,,0,333,2016-01_to_2018-05,0
732189,non_list1,control_candidate,,261013648,0,0.000000000000,29,24,0,,0,333,2016-01_to_2018-05,0
732190,non_list1,excluded,direct_policy_scope_overlap,351599117,0,0.000000000000,29,24,0,us_301_list3_2018,0,333|335,2016-01_to_2018-05,0
732211,non_list1,excluded,direct_policy_scope_overlap,12843920,0,0.000000000000,27,24,0,us_301_list3_2018,0,333,2016-01_to_2018-05,0
732219,non_list1,excluded,direct_policy_scope_overlap,3590286,0,0.000000000000,28,24,0,us_301_list3_2018,0,333,2016-01_to_2018-05,0
732290,non_list1,excluded,direct_policy_scope_overlap,205145760,0,0.000000000000,29,24,0,us_301_list3_2018,0,333,2016-01_to_2018-05,0
732310,non_list1,excluded,direct_policy_scope_overlap,55029264,0,0.000000000000,29,24,0,us_301_list3_2018,0,332,2016-01_to_2018-05,0
732391,non_list1,control_candidate,,110781244,0,0.000000000000,29,24,0,,0,331|332,2016-01_to_2018-05,0
732392,non_list1,control_candidate,,152784937,0,0.000000000000,29,24,0,,0,331,2016-01_to_2018-05,0
732393,non_list1,control_candidate,,2894215138,0,0.000000000000,29,24,0,,0,332,2016-01_to_2018-05,0
732394,non_list1,control_candidate,,81103759,0,0.000000000000,29,24,0,,0,332,2016-01_to_2018-05,0
732399,non_list1,excluded,direct_policy_scope_overlap,1919188200,0,0.000000000000,29,24,0,us_301_list3_2018,0,332|339,2016-01_to_2018-05,0
732410,non_list1,excluded,direct_policy_scope_overlap,311400675,0,0.000000000000,29,24,0,us_301_list3_2018,0,332,2016-01_to_2018-05,0
732421,non_list1,excluded,direct_policy_scope_overlap,30126305,0,0.000000000000,29,24,0,us_301_list3_2018,0,332,2016-01_to_2018-05,0
732429,non_list1,control_candidate,,9518878,0,0.000000000000,29,24,0,,0,332,2016-01_to_2018-05,0
732490,non_list1,excluded,direct_policy_scope_overlap,341109032,0,0.000000000000,29,24,0,us_301_list3_2018,0,332,2016-01_to_2018-05,0
732510,non_list1,excluded,direct_policy_scope_overlap,101044292,0,0.000000000000,29,24,0,us_301_list3_2018,0,331,2016-01_to_2018-05,0
732591,non_list1,excluded,insufficient_positive_pre_months|direct_policy_scope_overlap,2122162,0,0.000000000000,22,24,0,us_301_list3_2018,0,331,2016-01_to_2018-05,0
732599,non_list1,excluded,direct_policy_scope_overlap,326947494,0,0.000000000000,29,24,0,us_301_list3_2018,0,331,2016-01_to_2018-05,0
732611,non_list1,excluded,direct_policy_scope_overlap,91225610,0,0.000000000000,29,24,0,us_301_list3_2018,0,332,2016-01_to_2018-05,0
732619,non_list1,excluded,direct_policy_scope_overlap,94083139,0,0.000000000000,29,24,0,us_301_list3_2018,0,332,2016-01_to_2018-05,0
732620,non_list1,excluded,direct_policy_scope_overlap,560780298,0,0.000000000000,29,24,0,us_301_list3_2018,0,332,2016-01_to_2018-05,0
732690,non_list1,excluded,insufficient_positive_pre_months|direct_policy_scope_overlap,2029457331,0,0.000000000000,17,24,0,us_301_list3_2018,0,331|332|336|339,2016-01_to_2018-05,0
740100,non_list1,excluded,insufficient_positive_pre_months,33617,0,0.000000000000,4,24,0,,0,331,2016-01_to_2018-05,0
740200,non_list1,excluded,insufficient_positive_pre_months|direct_policy_scope_overlap,5850,0,0.000000000000,1,24,0,us_301_list3_2018,0,331,2016-01_to_2018-05,0
740311,non_list1,excluded,insufficient_positive_pre_months|direct_policy_scope_overlap,76977,0,0.000000000000,3,24,0,us_301_list3_2018,0,331,2016-01_to_2018-05,0
740312,non_list1,excluded,insufficient_positive_pre_months|direct_policy_scope_overlap,312905,0,0.000000000000,14,24,0,us_301_list3_2018,0,331,2016-01_to_2018-05,0
740313,non_list1,excluded,insufficient_positive_pre_months|direct_policy_scope_overlap,2882,0,0.000000000000,1,24,0,us_301_list3_2018,0,331,2016-01_to_2018-05,0
740319,non_list1,excluded,insufficient_positive_pre_months|direct_policy_scope_overlap,2926554,0,0.000000000000,22,24,0,us_301_list3_2018,0,331,2016-01_to_2018-05,0
740321,non_list1,excluded,insufficient_positive_pre_months|direct_policy_scope_overlap,107101,0,0.000000000000,13,24,0,us_301_list3_2018,0,331,2016-01_to_2018-05,0
740322,non_list1,excluded,insufficient_positive_pre_months|direct_policy_scope_overlap,216083,0,0.000000000000,16,24,0,us_301_list3_2018,0,331,2016-01_to_2018-05,0
740329,non_list1,excluded,insufficient_positive_pre_months|direct_policy_scope_overlap,441260,0,0.000000000000,14,24,0,us_301_list3_2018,0,331,2016-01_to_2018-05,0
740400,non_list1,excluded,direct_policy_scope_overlap,5748651,0,0.000000000000,28,24,0,us_301_list3_2018,0,910,2016-01_to_2018-05,0
740500,non_list1,excluded,insufficient_positive_pre_months|direct_policy_scope_overlap,154165,0,0.000000000000,8,24,0,us_301_list3_2018,0,331,2016-01_to_2018-05,0
740610,non_list1,excluded,direct_policy_scope_overlap,6810883,0,0.000000000000,28,24,0,us_301_list3_2018,0,331,2016-01_to_2018-05,0
740620,non_list1,excluded,insufficient_positive_pre_months|direct_policy_scope_overlap,416227,0,0.000000000000,18,24,0,us_301_list3_2018,0,331,2016-01_to_2018-05,0
740710,non_list1,excluded,direct_policy_scope_overlap,11800178,0,0.000000000000,29,24,0,us_301_list3_2018,0,331,2016-01_to_2018-05,0
740721,non_list1,excluded,direct_policy_scope_overlap,2958913,0,0.000000000000,29,24,0,us_301_list3_2018,0,331,2016-01_to_2018-05,0
740729,non_list1,excluded,direct_policy_scope_overlap,8834574,0,0.000000000000,29,24,0,us_301_list3_2018,0,331,2016-01_to_2018-05,0
740811,non_list1,excluded,direct_policy_scope_overlap,9519623,0,0.000000000000,28,24,0,us_301_list3_2018,0,331,2016-01_to_2018-05,0
740819,non_list1,excluded,direct_policy_scope_overlap,3895728,0,0.000000000000,29,24,0,us_301_list3_2018,0,331,2016-01_to_2018-05,0
740821,non_list1,excluded,direct_policy_scope_overlap,19095860,0,0.000000000000,29,24,0,us_301_list3_2018,0,331,2016-01_to_2018-05,0
740822,non_list1,excluded,direct_policy_scope_overlap,2244279,0,0.000000000000,29,24,0,us_301_list3_2018,0,331,2016-01_to_2018-05,0
740829,non_list1,excluded,direct_policy_scope_overlap,18982518,0,0.000000000000,29,24,0,us_301_list3_2018,0,331,2016-01_to_2018-05,0
740911,non_list1,excluded,direct_policy_scope_overlap,7578366,0,0.000000000000,29,24,0,us_301_list3_2018,0,331,2016-01_to_2018-05,0
740919,non_list1,excluded,direct_policy_scope_overlap,16816021,0,0.000000000000,29,24,0,us_301_list3_2018,0,331,2016-01_to_2018-05,0
740921,non_list1,excluded,insufficient_positive_pre_months|direct_policy_scope_overlap,251978,0,0.000000000000,17,24,0,us_301_list3_2018,0,331,2016-01_to_2018-05,0
740929,non_list1,excluded,direct_policy_scope_overlap,568007,0,0.000000000000,27,24,0,us_301_list3_2018,0,331,2016-01_to_2018-05,0
740931,non_list1,excluded,insufficient_positive_pre_months|direct_policy_scope_overlap,6874856,0,0.000000000000,23,24,0,us_301_list3_2018,0,331,2016-01_to_2018-05,0
740939,non_list1,excluded,insufficient_positive_pre_months|direct_policy_scope_overlap,158570,0,0.000000000000,6,24,0,us_301_list3_2018,0,331,2016-01_to_2018-05,0
740940,non_list1,excluded,direct_policy_scope_overlap,1689897,0,0.000000000000,24,24,0,us_301_list3_2018,0,331,2016-01_to_2018-05,0
740990,non_list1,excluded,insufficient_positive_pre_months|direct_policy_scope_overlap,892325,0,0.000000000000,20,24,0,us_301_list3_2018,0,331,2016-01_to_2018-05,0
741011,non_list1,excluded,direct_policy_scope_overlap,1570686,0,0.000000000000,28,24,0,us_301_list3_2018,0,332,2016-01_to_2018-05,0
741012,non_list1,excluded,direct_policy_scope_overlap,2551746,0,0.000000000000,29,24,0,us_301_list3_2018,0,332,2016-01_to_2018-05,0
741021,non_list1,excluded,direct_policy_scope_overlap,14353901,0,0.000000000000,29,24,0,us_301_list3_2018,0,332,2016-01_to_2018-05,0
741022,non_list1,excluded,insufficient_positive_pre_months|direct_policy_scope_overlap,299678,0,0.000000000000,20,24,0,us_301_list3_2018,0,332,2016-01_to_2018-05,0
741110,non_list1,excluded,direct_policy_scope_overlap,8971221,0,0.000000000000,29,24,0,us_301_list3_2018,0,331,2016-01_to_2018-05,0
741121,non_list1,excluded,direct_policy_scope_overlap,59797962,0,0.000000000000,29,24,0,us_301_list3_2018,0,331,2016-01_to_2018-05,0
741122,non_list1,excluded,direct_policy_scope_overlap,21783986,0,0.000000000000,29,24,0,us_301_list3_2018,0,331,2016-01_to_2018-05,0
741129,non_list1,excluded,direct_policy_scope_overlap,6884515,0,0.000000000000,29,24,0,us_301_list3_2018,0,331,2016-01_to_2018-05,0
741210,non_list1,excluded,direct_policy_scope_overlap,44440111,0,0.000000000000,29,24,0,us_301_list3_2018,0,332,2016-01_to_2018-05,0
741220,non_list1,excluded,direct_policy_scope_overlap,413000126,0,0.000000000000,29,24,0,us_301_list3_2018,0,332,2016-01_to_2018-05,0
741300,non_list1,excluded,direct_policy_scope_overlap,4718360,0,0.000000000000,29,24,0,us_301_list3_2018,0,331,2016-01_to_2018-05,0
741510,non_list1,excluded,direct_policy_scope_overlap,1060231,0,0.000000000000,29,24,0,us_301_list3_2018,0,332,2016-01_to_2018-05,0
741521,non_list1,excluded,direct_policy_scope_overlap,4684379,0,0.000000000000,29,24,0,us_301_list3_2018,0,332,2016-01_to_2018-05,0
741529,non_list1,excluded,direct_policy_scope_overlap,8368001,0,0.000000000000,29,24,0,us_301_list3_2018,0,332,2016-01_to_2018-05,0
741533,non_list1,excluded,direct_policy_scope_overlap,36910394,0,0.000000000000,29,24,0,us_301_list3_2018,0,332,2016-01_to_2018-05,0
741539,non_list1,excluded,direct_policy_scope_overlap,14022556,0,0.000000000000,29,24,0,us_301_list3_2018,0,332,2016-01_to_2018-05,0
741810,non_list1,control_candidate,,35636012,0,0.000000000000,29,24,0,,0,332|335|339,2016-01_to_2018-05,0
741820,non_list1,excluded,direct_policy_scope_overlap,73743712,0,0.000000000000,29,24,0,us_301_list3_2018,0,332,2016-01_to_2018-05,0
741910,non_list1,excluded,direct_policy_scope_overlap,3660979,0,0.000000000000,29,24,0,us_301_list3_2018,0,332,2016-01_to_2018-05,0
741991,non_list1,excluded,direct_policy_scope_overlap,35793279,0,0.000000000000,29,24,0,us_301_list3_2018,0,332,2016-01_to_2018-05,0
741999,non_list1,excluded,direct_policy_scope_overlap,343994320,0,0.000000000000,29,24,0,us_301_list3_2018,0,332|339,2016-01_to_2018-05,0
750110,non_list1,excluded,insufficient_positive_pre_months|direct_policy_scope_overlap,0,0,0.000000000000,0,24,0,us_301_list3_2018,0,331,2016-01_to_2018-05,0
750120,non_list1,excluded,direct_policy_scope_overlap,11623455,0,0.000000000000,24,24,0,us_301_list3_2018,0,331,2016-01_to_2018-05,0
750210,non_list1,excluded,insufficient_positive_pre_months|direct_policy_scope_overlap,8796717,0,0.000000000000,20,24,0,us_301_list3_2018,0,331,2016-01_to_2018-05,0
750220,non_list1,excluded,direct_policy_scope_overlap,1789685,0,0.000000000000,25,24,0,us_301_list3_2018,0,331,2016-01_to_2018-05,0
750300,non_list1,excluded,direct_policy_scope_overlap,39045158,0,0.000000000000,29,24,0,us_301_list3_2018,0,910,2016-01_to_2018-05,0
750400,non_list1,excluded,direct_policy_scope_overlap,4045869,0,0.000000000000,25,24,0,us_301_list3_2018,0,331,2016-01_to_2018-05,0
750511,non_list1,excluded,insufficient_positive_pre_months|direct_policy_scope_overlap,391514,0,0.000000000000,9,24,0,us_301_list3_2018,0,331,2016-01_to_2018-05,0
750512,non_list1,excluded,direct_policy_scope_overlap,1984508,0,0.000000000000,28,24,0,us_301_list3_2018,0,331,2016-01_to_2018-05,0
750521,non_list1,excluded,insufficient_positive_pre_months|direct_policy_scope_overlap,450468,0,0.000000000000,17,24,0,us_301_list3_2018,0,331,2016-01_to_2018-05,0
750522,non_list1,excluded,direct_policy_scope_overlap,7784367,0,0.000000000000,29,24,0,us_301_list3_2018,0,331,2016-01_to_2018-05,0
750610,non_list1,excluded,direct_policy_scope_overlap,560139,0,0.000000000000,28,24,0,us_301_list3_2018,0,331|332,2016-01_to_2018-05,0
750620,non_list1,excluded,insufficient_positive_pre_months|direct_policy_scope_overlap,913248,0,0.000000000000,22,24,0,us_301_list3_2018,0,331|332,2016-01_to_2018-05,0
750711,non_list1,excluded,insufficient_positive_pre_months|direct_policy_scope_overlap,64209,0,0.000000000000,1,24,0,us_301_list3_2018,0,331,2016-01_to_2018-05,0
750712,non_list1,excluded,direct_policy_scope_overlap,3433423,0,0.000000000000,28,24,0,us_301_list3_2018,0,331,2016-01_to_2018-05,0
750720,non_list1,excluded,direct_policy_scope_overlap,2203897,0,0.000000000000,28,24,0,us_301_list3_2018,0,332,2016-01_to_2018-05,0
750810,non_list1,excluded,direct_policy_scope_overlap,2968094,0,0.000000000000,24,24,0,us_301_list3_2018,0,331,2016-01_to_2018-05,0
750890,non_list1,excluded,direct_policy_scope_overlap,29724168,0,0.000000000000,29,24,0,us_301_list3_2018,0,331|332,2016-01_to_2018-05,0
760110,non_list1,excluded,direct_policy_scope_overlap,4902576,0,0.000000000000,27,24,0,us_232_aluminum_2018,0,331,2016-01_to_2018-05,0
760120,non_list1,excluded,direct_policy_scope_overlap,22729701,0,0.000000000000,29,24,0,us_232_aluminum_2018,0,331,2016-01_to_2018-05,0
760200,non_list1,excluded,direct_policy_scope_overlap,3195097,0,0.000000000000,28,24,0,us_301_list3_2018,0,910,2016-01_to_2018-05,0
760310,non_list1,excluded,direct_policy_scope_overlap,34564823,0,0.000000000000,29,24,0,us_301_list3_2018,0,331,2016-01_to_2018-05,0
760320,non_list1,excluded,insufficient_positive_pre_months|direct_policy_scope_overlap,1025787,0,0.000000000000,18,24,0,us_301_list3_2018,0,331,2016-01_to_2018-05,0
760410,non_list1,excluded,direct_policy_scope_overlap,5441243,0,0.000000000000,29,24,0,us_232_aluminum_2018,0,331,2016-01_to_2018-05,0
760421,non_list1,excluded,direct_policy_scope_overlap,14513384,0,0.000000000000,29,24,0,us_232_aluminum_2018,0,331,2016-01_to_2018-05,0
760429,non_list1,excluded,direct_policy_scope_overlap,49871974,0,0.000000000000,29,24,0,us_232_aluminum_2018,0,331,2016-01_to_2018-05,0
760511,non_list1,excluded,direct_policy_scope_overlap,1733230,0,0.000000000000,24,24,0,us_232_aluminum_2018,0,331,2016-01_to_2018-05,0
760519,non_list1,excluded,direct_policy_scope_overlap,5686140,0,0.000000000000,29,24,0,us_232_aluminum_2018,0,331,2016-01_to_2018-05,0
760521,non_list1,excluded,insufficient_positive_pre_months|direct_policy_scope_overlap,1921153,0,0.000000000000,21,24,0,us_232_aluminum_2018,0,331,2016-01_to_2018-05,0
760529,non_list1,excluded,direct_policy_scope_overlap,24699694,0,0.000000000000,29,24,0,us_232_aluminum_2018,0,331,2016-01_to_2018-05,0
760611,non_list1,excluded,direct_policy_scope_overlap,52459054,0,0.000000000000,29,24,0,us_232_aluminum_2018,0,331,2016-01_to_2018-05,0
760612,non_list1,excluded,direct_policy_scope_overlap,2372106921,0,0.000000000000,29,24,0,us_232_aluminum_2018,0,331,2016-01_to_2018-05,0
760691,non_list1,excluded,direct_policy_scope_overlap,25842232,0,0.000000000000,29,24,0,us_232_aluminum_2018,0,331,2016-01_to_2018-05,0
760692,non_list1,excluded,direct_policy_scope_overlap,53699124,0,0.000000000000,29,24,0,us_232_aluminum_2018,0,331,2016-01_to_2018-05,0
760711,non_list1,excluded,direct_policy_scope_overlap,755209777,0,0.000000000000,29,24,0,us_232_aluminum_2018,0,331,2016-01_to_2018-05,0
760719,non_list1,excluded,direct_policy_scope_overlap,74618880,0,0.000000000000,29,24,0,us_232_aluminum_2018,0,332,2016-01_to_2018-05,0
760720,non_list1,excluded,direct_policy_scope_overlap,193576474,0,0.000000000000,29,24,0,us_232_aluminum_2018,0,332,2016-01_to_2018-05,0
760810,non_list1,excluded,direct_policy_scope_overlap,4007330,0,0.000000000000,29,24,0,us_232_aluminum_2018,0,331,2016-01_to_2018-05,0
760820,non_list1,excluded,direct_policy_scope_overlap,10308863,0,0.000000000000,29,24,0,us_232_aluminum_2018,0,331,2016-01_to_2018-05,0
760900,non_list1,excluded,direct_policy_scope_overlap,59569389,0,0.000000000000,29,24,0,us_232_aluminum_2018,0,332,2016-01_to_2018-05,0
761010,non_list1,control_candidate,,282621793,0,0.000000000000,29,24,0,,0,332,2016-01_to_2018-05,0
761090,non_list1,excluded,direct_policy_scope_overlap,203230957,0,0.000000000000,29,24,0,us_301_list3_2018,0,321|332,2016-01_to_2018-05,0
761100,non_list1,excluded,direct_policy_scope_overlap,1312413,0,0.000000000000,27,24,0,us_301_list3_2018,0,332,2016-01_to_2018-05,0
761210,non_list1,excluded,direct_policy_scope_overlap,3663926,0,0.000000000000,29,24,0,us_301_list3_2018,0,332,2016-01_to_2018-05,0
761290,non_list1,excluded,direct_policy_scope_overlap,23744597,0,0.000000000000,29,24,0,us_301_list3_2018,0,332,2016-01_to_2018-05,0
761300,non_list1,excluded,direct_policy_scope_overlap,14003957,0,0.000000000000,29,24,0,us_301_list3_2018,0,332,2016-01_to_2018-05,0
761410,non_list1,excluded,direct_policy_scope_overlap,22203887,0,0.000000000000,29,24,0,us_301_list2_2018|us_301_list3_2018,0,331,2016-01_to_2018-05,0
761490,non_list1,excluded,direct_policy_scope_overlap,8998490,0,0.000000000000,29,24,0,us_301_list2_2018|us_301_list3_2018,0,331,2016-01_to_2018-05,0
761510,non_list1,control_candidate,,1573282910,0,0.000000000000,29,24,0,,0,332,2016-01_to_2018-05,0
761520,non_list1,excluded,direct_policy_scope_overlap,23943537,0,0.000000000000,29,24,0,us_301_list3_2018,0,332,2016-01_to_2018-05,0
761610,non_list1,excluded,direct_policy_scope_overlap,41868394,0,0.000000000000,29,24,0,us_301_list3_2018,0,332,2016-01_to_2018-05,0
761691,non_list1,excluded,direct_policy_scope_overlap,27651936,0,0.000000000000,29,24,0,us_301_list3_2018,0,332,2016-01_to_2018-05,0
761699,non_list1,excluded,insufficient_positive_pre_months|direct_policy_scope_overlap,898453346,0,0.000000000000,17,24,0,us_232_aluminum_2018|us_301_list3_2018,0,331|332|337,2016-01_to_2018-05,0
780110,non_list1,excluded,insufficient_positive_pre_months,165832,0,0.000000000000,5,24,0,,0,331,2016-01_to_2018-05,0
780191,non_list1,excluded,insufficient_positive_pre_months|direct_policy_scope_overlap,0,0,0.000000000000,0,24,0,us_301_list3_2018,0,331,2016-01_to_2018-05,0
780199,non_list1,excluded,insufficient_positive_pre_months|direct_policy_scope_overlap,0,0,0.000000000000,0,24,0,us_301_list3_2018,0,331,2016-01_to_2018-05,0
780200,non_list1,excluded,insufficient_positive_pre_months,44860,0,0.000000000000,2,24,0,,0,910,2016-01_to_2018-05,0
780411,non_list1,excluded,insufficient_positive_pre_months|direct_policy_scope_overlap,13214,0,0.000000000000,3,24,0,us_301_list3_2018,0,331,2016-01_to_2018-05,0
780419,non_list1,excluded,insufficient_positive_pre_months|direct_policy_scope_overlap,409306,0,0.000000000000,22,24,0,us_301_list3_2018,0,331,2016-01_to_2018-05,0
780420,non_list1,excluded,insufficient_positive_pre_months|direct_policy_scope_overlap,43364,0,0.000000000000,2,24,0,us_301_list3_2018,0,331,2016-01_to_2018-05,0
780600,non_list1,excluded,direct_policy_scope_overlap,11361646,0,0.000000000000,29,24,0,us_301_list3_2018,0,331|332,2016-01_to_2018-05,0
790111,non_list1,excluded,insufficient_positive_pre_months,7747559,0,0.000000000000,9,24,0,,0,331,2016-01_to_2018-05,0
790112,non_list1,excluded,insufficient_positive_pre_months,163167,0,0.000000000000,13,24,0,,0,331,2016-01_to_2018-05,0
790120,non_list1,control_candidate,,734547,0,0.000000000000,29,24,0,,0,331,2016-01_to_2018-05,0
790200,non_list1,excluded,insufficient_positive_pre_months,0,0,0.000000000000,0,24,0,,0,910,2016-01_to_2018-05,0
790310,non_list1,excluded,insufficient_positive_pre_months|direct_policy_scope_overlap,32583,0,0.000000000000,2,24,0,us_301_list3_2018,0,331,2016-01_to_2018-05,0
790390,non_list1,excluded,insufficient_positive_pre_months|direct_policy_scope_overlap,126858,0,0.000000000000,3,24,0,us_301_list3_2018,0,331,2016-01_to_2018-05,0
790400,non_list1,excluded,direct_policy_scope_overlap,2572136,0,0.000000000000,27,24,0,us_301_list3_2018,0,331,2016-01_to_2018-05,0
790500,non_list1,excluded,direct_policy_scope_overlap,348942,0,0.000000000000,25,24,0,us_301_list3_2018,0,331,2016-01_to_2018-05,0
790700,non_list1,excluded,direct_policy_scope_overlap,301104226,0,0.000000000000,29,24,0,us_301_list3_2018,0,331|332,2016-01_to_2018-05,0
800110,non_list1,excluded,insufficient_positive_pre_months,26206085,0,0.000000000000,23,24,0,,0,331,2016-01_to_2018-05,0
800120,non_list1,excluded,insufficient_positive_pre_months,99338,0,0.000000000000,7,24,0,,0,331,2016-01_to_2018-05,0
800200,non_list1,excluded,insufficient_positive_pre_months,225827,0,0.000000000000,3,24,0,,0,910,2016-01_to_2018-05,0
800300,non_list1,excluded,insufficient_positive_pre_months,216942,0,0.000000000000,9,24,0,,0,331,2016-01_to_2018-05,0
800700,non_list1,excluded,direct_policy_scope_overlap,46617399,0,0.000000000000,29,24,0,us_301_list3_2018,0,331|332,2016-01_to_2018-05,0
810110,non_list1,control_candidate,,50851524,0,0.000000000000,29,24,0,,0,331,2016-01_to_2018-05,0
810194,non_list1,control_candidate,,21119976,0,0.000000000000,28,24,0,,0,331,2016-01_to_2018-05,0
810196,non_list1,excluded,direct_policy_scope_overlap,5825029,0,0.000000000000,29,24,0,us_301_list3_2018,0,331,2016-01_to_2018-05,0
810197,non_list1,control_candidate,,22606016,0,0.000000000000,28,24,0,,0,910,2016-01_to_2018-05,0
810199,non_list1,control_candidate,,64441991,0,0.000000000000,29,24,0,,0,331,2016-01_to_2018-05,0
810210,non_list1,control_candidate,,3576466,0,0.000000000000,28,24,0,,0,331,2016-01_to_2018-05,0
810294,non_list1,control_candidate,,32061421,0,0.000000000000,29,24,0,,0,331,2016-01_to_2018-05,0
810295,non_list1,control_candidate,,5699996,0,0.000000000000,29,24,0,,0,331,2016-01_to_2018-05,0
810296,non_list1,excluded,direct_policy_scope_overlap,1026742,0,0.000000000000,28,24,0,us_301_list3_2018,0,331,2016-01_to_2018-05,0
810297,non_list1,control_candidate,,17504691,0,0.000000000000,28,24,0,,0,910,2016-01_to_2018-05,0
810299,non_list1,control_candidate,,3480150,0,0.000000000000,29,24,0,,0,331,2016-01_to_2018-05,0
810320,non_list1,control_candidate,,95848785,0,0.000000000000,29,24,0,,0,331,2016-01_to_2018-05,0
810330,non_list1,control_candidate,,24421474,0,0.000000000000,29,24,0,,0,910,2016-01_to_2018-05,0
810390,non_list1,control_candidate,,43518894,0,0.000000000000,29,24,0,,0,331,2016-01_to_2018-05,0
810411,non_list1,excluded,insufficient_positive_pre_months,62496,0,0.000000000000,7,24,0,,0,331,2016-01_to_2018-05,0
810419,non_list1,excluded,insufficient_positive_pre_months,287702,0,0.000000000000,6,24,0,,0,331,2016-01_to_2018-05,0
810420,non_list1,excluded,insufficient_positive_pre_months,1332905,0,0.000000000000,13,24,0,,0,910,2016-01_to_2018-05,0
810430,non_list1,excluded,insufficient_positive_pre_months|direct_policy_scope_overlap,3794338,0,0.000000000000,14,24,0,us_301_list3_2018,0,331,2016-01_to_2018-05,0
810490,non_list1,excluded,direct_policy_scope_overlap,11839009,0,0.000000000000,29,24,0,us_301_list3_2018,0,331,2016-01_to_2018-05,0
810520,non_list1,excluded,direct_policy_scope_overlap,75688614,0,0.000000000000,29,24,0,us_301_list3_2018,0,331,2016-01_to_2018-05,0
810530,non_list1,excluded,insufficient_positive_pre_months|direct_policy_scope_overlap,2216952,0,0.000000000000,20,24,0,us_301_list3_2018,0,331,2016-01_to_2018-05,0
810590,non_list1,excluded,direct_policy_scope_overlap,6717801,0,0.000000000000,29,24,0,us_301_list3_2018,0,331,2016-01_to_2018-05,0
810600,non_list1,excluded,direct_policy_scope_overlap,47626394,0,0.000000000000,29,24,0,us_301_list3_2018,0,331,2016-01_to_2018-05,0
810720,non_list1,excluded,insufficient_positive_pre_months|direct_policy_scope_overlap,719818,0,0.000000000000,21,24,0,us_301_list3_2018,0,331,2016-01_to_2018-05,0
810730,non_list1,excluded,insufficient_positive_pre_months|direct_policy_scope_overlap,0,0,0.000000000000,0,24,0,us_301_list3_2018,0,331,2016-01_to_2018-05,0
810790,non_list1,excluded,insufficient_positive_pre_months|direct_policy_scope_overlap,77353,0,0.000000000000,7,24,0,us_301_list3_2018,0,331,2016-01_to_2018-05,0
810820,non_list1,excluded,direct_policy_scope_overlap,6239314,0,0.000000000000,25,24,0,us_301_list3_2018,0,331,2016-01_to_2018-05,0
810830,non_list1,excluded,direct_policy_scope_overlap,7706221,0,0.000000000000,28,24,0,us_301_list3_2018,0,910,2016-01_to_2018-05,0
810890,non_list1,excluded,direct_policy_scope_overlap,103468323,0,0.000000000000,29,24,0,us_301_list3_2018,0,331,2016-01_to_2018-05,0
810920,non_list1,excluded,insufficient_positive_pre_months,26950015,0,0.000000000000,23,24,0,,0,331,2016-01_to_2018-05,0
810930,non_list1,excluded,insufficient_positive_pre_months|direct_policy_scope_overlap,9923,0,0.000000000000,2,24,0,us_301_list3_2018,0,910,2016-01_to_2018-05,0
810990,non_list1,excluded,direct_policy_scope_overlap,1221765,0,0.000000000000,25,24,0,us_301_list3_2018,0,331,2016-01_to_2018-05,0
811010,non_list1,control_candidate,,62897027,0,0.000000000000,29,24,0,,0,331,2016-01_to_2018-05,0
811020,non_list1,excluded,insufficient_positive_pre_months,689120,0,0.000000000000,4,24,0,,0,910,2016-01_to_2018-05,0
811090,non_list1,excluded,insufficient_positive_pre_months,2624665,0,0.000000000000,13,24,0,,0,331,2016-01_to_2018-05,0
811100,non_list1,control_candidate,,66425902,0,0.000000000000,29,24,0,,0,331|910,2016-01_to_2018-05,0
811212,non_list1,excluded,insufficient_positive_pre_months|direct_policy_scope_overlap,0,0,0.000000000000,0,24,0,us_301_list3_2018,0,331,2016-01_to_2018-05,0
811213,non_list1,excluded,insufficient_positive_pre_months|direct_policy_scope_overlap,0,0,0.000000000000,0,24,0,us_301_list3_2018,0,910,2016-01_to_2018-05,0
811219,non_list1,excluded,insufficient_positive_pre_months|direct_policy_scope_overlap,324405,0,0.000000000000,2,24,0,us_301_list3_2018,0,331,2016-01_to_2018-05,0
811221,non_list1,control_candidate,,36544871,0,0.000000000000,29,24,0,,0,331,2016-01_to_2018-05,0
811222,non_list1,excluded,insufficient_positive_pre_months,76325,0,0.000000000000,4,24,0,,0,910,2016-01_to_2018-05,0
811229,non_list1,excluded,direct_policy_scope_overlap,11084765,0,0.000000000000,29,24,0,us_301_list3_2018,0,331,2016-01_to_2018-05,0
811252,non_list1,excluded,insufficient_positive_pre_months|direct_policy_scope_overlap,0,0,0.000000000000,0,24,0,us_301_list3_2018,0,910,2016-01_to_2018-05,0
811259,non_list1,excluded,insufficient_positive_pre_months|direct_policy_scope_overlap,0,0,0.000000000000,0,24,0,us_301_list3_2018,0,331,2016-01_to_2018-05,0
811292,non_list1,excluded,direct_policy_scope_overlap,76689375,0,0.000000000000,29,24,0,us_301_list3_2018,0,331|910,2016-01_to_2018-05,0
811299,non_list1,excluded,direct_policy_scope_overlap,23411283,0,0.000000000000,29,24,0,us_301_list3_2018,0,331,2016-01_to_2018-05,0
811300,non_list1,excluded,direct_policy_scope_overlap,9787521,0,0.000000000000,29,24,0,us_301_list3_2018,0,332,2016-01_to_2018-05,0
820110,non_list1,excluded,direct_policy_scope_overlap,82080856,0,0.000000000000,29,24,0,us_301_list3_2018,0,332,2016-01_to_2018-05,0
820130,non_list1,excluded,direct_policy_scope_overlap,65916756,0,0.000000000000,29,24,0,us_301_list3_2018,0,332,2016-01_to_2018-05,0
820140,non_list1,excluded,direct_policy_scope_overlap,33440883,0,0.000000000000,29,24,0,us_301_list3_2018,0,332,2016-01_to_2018-05,0
820150,non_list1,excluded,direct_policy_scope_overlap,39922213,0,0.000000000000,29,24,0,us_301_list3_2018,0,332,2016-01_to_2018-05,0
820160,non_list1,excluded,direct_policy_scope_overlap,67109259,0,0.000000000000,29,24,0,us_301_list3_2018,0,332,2016-01_to_2018-05,0
820190,non_list1,excluded,direct_policy_scope_overlap,78768253,0,0.000000000000,29,24,0,us_301_list3_2018,0,332,2016-01_to_2018-05,0
820210,non_list1,excluded,direct_policy_scope_overlap,61358034,0,0.000000000000,29,24,0,us_301_list3_2018,0,332,2016-01_to_2018-05,0
820220,non_list1,excluded,direct_policy_scope_overlap,6872257,0,0.000000000000,29,24,0,us_301_list3_2018,0,332,2016-01_to_2018-05,0
820231,non_list1,excluded,direct_policy_scope_overlap,102657226,0,0.000000000000,29,24,0,us_301_list3_2018,0,332,2016-01_to_2018-05,0
820239,non_list1,excluded,direct_policy_scope_overlap,145500983,0,0.000000000000,29,24,0,us_301_list3_2018,0,332,2016-01_to_2018-05,0
820240,non_list1,excluded,direct_policy_scope_overlap,13515883,0,0.000000000000,29,24,0,us_301_list3_2018,0,332,2016-01_to_2018-05,0
820291,non_list1,excluded,direct_policy_scope_overlap,33186547,0,0.000000000000,29,24,0,us_301_list3_2018,0,332,2016-01_to_2018-05,0
820299,non_list1,excluded,direct_policy_scope_overlap,84047933,0,0.000000000000,29,24,0,us_301_list3_2018,0,332,2016-01_to_2018-05,0
820310,non_list1,excluded,direct_policy_scope_overlap,27081846,0,0.000000000000,29,24,0,us_301_list3_2018,0,332,2016-01_to_2018-05,0
820320,non_list1,excluded,direct_policy_scope_overlap,314671309,0,0.000000000000,29,24,0,us_301_list3_2018,0,332,2016-01_to_2018-05,0
820330,non_list1,excluded,direct_policy_scope_overlap,55887038,0,0.000000000000,29,24,0,us_301_list3_2018,0,332,2016-01_to_2018-05,0
820340,non_list1,excluded,direct_policy_scope_overlap,79037484,0,0.000000000000,29,24,0,us_301_list3_2018,0,332,2016-01_to_2018-05,0
820411,non_list1,excluded,direct_policy_scope_overlap,294640224,0,0.000000000000,29,24,0,us_301_list3_2018,0,332,2016-01_to_2018-05,0
820412,non_list1,excluded,direct_policy_scope_overlap,164176672,0,0.000000000000,29,24,0,us_301_list3_2018,0,332,2016-01_to_2018-05,0
820420,non_list1,excluded,direct_policy_scope_overlap,205783115,0,0.000000000000,29,24,0,us_301_list3_2018,0,332,2016-01_to_2018-05,0
820510,non_list1,excluded,direct_policy_scope_overlap,11568361,0,0.000000000000,29,24,0,us_301_list3_2018,0,332,2016-01_to_2018-05,0
820520,non_list1,excluded,direct_policy_scope_overlap,96592697,0,0.000000000000,29,24,0,us_301_list3_2018,0,332,2016-01_to_2018-05,0
820530,non_list1,excluded,direct_policy_scope_overlap,31119120,0,0.000000000000,29,24,0,us_301_list3_2018,0,332,2016-01_to_2018-05,0
820540,non_list1,excluded,direct_policy_scope_overlap,165538323,0,0.000000000000,29,24,0,us_301_list3_2018,0,332,2016-01_to_2018-05,0
820551,non_list1,excluded,direct_policy_scope_overlap,463588053,0,0.000000000000,29,24,0,us_301_list3_2018,0,332,2016-01_to_2018-05,0
820559,non_list1,excluded,direct_policy_scope_overlap,489914593,0,0.000000000000,29,24,0,us_301_list3_2018,0,332|333,2016-01_to_2018-05,0
820560,non_list1,excluded,direct_policy_scope_overlap,25776308,0,0.000000000000,29,24,0,us_301_list3_2018,0,332,2016-01_to_2018-05,0
820570,non_list1,excluded,direct_policy_scope_overlap,238672286,0,0.000000000000,29,24,0,us_301_list3_2018,0,332,2016-01_to_2018-05,0
820590,non_list1,excluded,direct_policy_scope_overlap,4051205,0,0.000000000000,29,24,0,us_301_list3_2018,0,332,2016-01_to_2018-05,0
820600,non_list1,excluded,direct_policy_scope_overlap,185595274,0,0.000000000000,29,24,0,us_301_list3_2018,0,332,2016-01_to_2018-05,0
820713,non_list1,excluded,direct_policy_scope_overlap,20307069,0,0.000000000000,29,24,0,us_301_list3_2018,0,333,2016-01_to_2018-05,0
820719,non_list1,excluded,direct_policy_scope_overlap,92049377,0,0.000000000000,29,24,0,us_301_list3_2018,0,333,2016-01_to_2018-05,0
820720,non_list1,excluded,direct_policy_scope_overlap,24999250,0,0.000000000000,29,24,0,us_301_list3_2018,0,333,2016-01_to_2018-05,0
820730,non_list1,excluded,direct_policy_scope_overlap,492228620,0,0.000000000000,29,24,0,us_301_list3_2018,0,332|333,2016-01_to_2018-05,0
820740,non_list1,excluded,direct_policy_scope_overlap,40323264,0,0.000000000000,29,24,0,us_301_list3_2018,0,333,2016-01_to_2018-05,0
820750,non_list1,excluded,direct_policy_scope_overlap,525967801,0,0.000000000000,29,24,0,us_301_list3_2018,0,332|333,2016-01_to_2018-05,0
820760,non_list1,excluded,direct_policy_scope_overlap,16431217,0,0.000000000000,29,24,0,us_301_list3_2018,0,333,2016-01_to_2018-05,0
820770,non_list1,excluded,direct_policy_scope_overlap,175674279,0,0.000000000000,29,24,0,us_301_list3_2018,0,332|333,2016-01_to_2018-05,0
820780,non_list1,excluded,direct_policy_scope_overlap,11956941,0,0.000000000000,29,24,0,us_301_list3_2018,0,333,2016-01_to_2018-05,0
820790,non_list1,excluded,direct_policy_scope_overlap,406564138,0,0.000000000000,29,24,0,us_301_list3_2018,0,332|333,2016-01_to_2018-05,0
820810,non_list1,excluded,direct_policy_scope_overlap,11306117,0,0.000000000000,29,24,0,us_301_list3_2018,0,333,2016-01_to_2018-05,0
820820,non_list1,excluded,direct_policy_scope_overlap,26894559,0,0.000000000000,29,24,0,us_301_list3_2018,0,332,2016-01_to_2018-05,0
820830,non_list1,excluded,direct_policy_scope_overlap,24666842,0,0.000000000000,29,24,0,us_301_list3_2018,0,332,2016-01_to_2018-05,0
820840,non_list1,excluded,direct_policy_scope_overlap,36930000,0,0.000000000000,29,24,0,us_301_list3_2018,0,332,2016-01_to_2018-05,0
820890,non_list1,excluded,direct_policy_scope_overlap,49140879,0,0.000000000000,29,24,0,us_301_list3_2018,0,332,2016-01_to_2018-05,0
820900,non_list1,excluded,direct_policy_scope_overlap,120411202,0,0.000000000000,29,24,0,us_301_list3_2018,0,333,2016-01_to_2018-05,0
821000,non_list1,excluded,direct_policy_scope_overlap,285012876,0,0.000000000000,29,24,0,us_301_list3_2018,0,335,2016-01_to_2018-05,0
821110,non_list1,control_candidate,,142858668,0,0.000000000000,29,24,0,,0,332,2016-01_to_2018-05,0
821191,non_list1,control_candidate,,162407484,0,0.000000000000,29,24,0,,0,332,2016-01_to_2018-05,0
821192,non_list1,control_candidate,,367086949,0,0.000000000000,29,24,0,,0,332,2016-01_to_2018-05,0
821193,non_list1,excluded,direct_policy_scope_overlap,440514811,0,0.000000000000,29,24,0,us_301_list3_2018,0,332,2016-01_to_2018-05,0
821194,non_list1,excluded,direct_policy_scope_overlap,15514177,0,0.000000000000,29,24,0,us_301_list3_2018,0,332,2016-01_to_2018-05,0
821195,non_list1,excluded,direct_policy_scope_overlap,3775382,0,0.000000000000,29,24,0,us_301_list3_2018,0,332,2016-01_to_2018-05,0
821210,non_list1,control_candidate,,111413365,0,0.000000000000,29,24,0,,0,332,2016-01_to_2018-05,0
821220,non_list1,control_candidate,,108726347,0,0.000000000000,29,24,0,,0,332,2016-01_to_2018-05,0
821290,non_list1,control_candidate,,24560251,0,0.000000000000,29,24,0,,0,332,2016-01_to_2018-05,0
821300,non_list1,control_candidate,,236108309,0,0.000000000000,29,24,0,,0,332,2016-01_to_2018-05,0
821410,non_list1,control_candidate,,43103956,0,0.000000000000,29,24,0,,0,332,2016-01_to_2018-05,0
821420,non_list1,control_candidate,,161359286,0,0.000000000000,29,24,0,,0,332,2016-01_to_2018-05,0
821490,non_list1,control_candidate,,40378214,0,0.000000000000,29,24,0,,0,332,2016-01_to_2018-05,0
821510,non_list1,control_candidate,,5730869,0,0.000000000000,29,24,0,,0,339,2016-01_to_2018-05,0
821520,non_list1,excluded,direct_policy_scope_overlap,330765866,0,0.000000000000,29,24,0,us_301_list3_2018,0,332,2016-01_to_2018-05,0
821591,non_list1,control_candidate,,4704643,0,0.000000000000,29,24,0,,0,332,2016-01_to_2018-05,0
821599,non_list1,excluded,direct_policy_scope_overlap,421930419,0,0.000000000000,29,24,0,us_301_list3_2018,0,332,2016-01_to_2018-05,0
830110,non_list1,control_candidate,,328232298,0,0.000000000000,29,24,0,,0,332,2016-01_to_2018-05,0
830120,non_list1,excluded,direct_policy_scope_overlap,144568065,0,0.000000000000,29,24,0,us_301_list3_2018,0,332,2016-01_to_2018-05,0
830130,non_list1,control_candidate,,31015101,0,0.000000000000,29,24,0,,0,332,2016-01_to_2018-05,0
830140,non_list1,control_candidate,,631754846,0,0.000000000000,29,24,0,,0,332,2016-01_to_2018-05,0
830150,non_list1,control_candidate,,4441555,0,0.000000000000,29,24,0,,0,332,2016-01_to_2018-05,0
830160,non_list1,control_candidate,,370795648,0,0.000000000000,29,24,0,,0,332,2016-01_to_2018-05,0
830170,non_list1,control_candidate,,32899840,0,0.000000000000,29,24,0,,0,332,2016-01_to_2018-05,0
830210,non_list1,excluded,direct_policy_scope_overlap,737018510,0,0.000000000000,29,24,0,us_301_list3_2018,0,332,2016-01_to_2018-05,0
830220,non_list1,excluded,direct_policy_scope_overlap,149814652,0,0.000000000000,29,24,0,us_301_list3_2018,0,332,2016-01_to_2018-05,0
830230,non_list1,excluded,direct_policy_scope_overlap,974765949,0,0.000000000000,29,24,0,us_301_list3_2018,0,332|333,2016-01_to_2018-05,0
830241,non_list1,excluded,direct_policy_scope_overlap,2039822329,0,0.000000000000,29,24,0,us_301_list3_2018,0,332|337,2016-01_to_2018-05,0
830242,non_list1,control_candidate,,843819814,0,0.000000000000,29,24,0,,0,332|333,2016-01_to_2018-05,0
830249,non_list1,excluded,direct_policy_scope_overlap,347494403,0,0.000000000000,29,24,0,us_301_list3_2018,0,332|333,2016-01_to_2018-05,0
830250,non_list1,excluded,direct_policy_scope_overlap,1726944701,0,0.000000000000,29,24,0,us_301_list3_2018,0,337,2016-01_to_2018-05,0
830260,non_list1,excluded,direct_policy_scope_overlap,131544684,0,0.000000000000,29,24,0,us_301_list3_2018,0,335,2016-01_to_2018-05,0
830300,non_list1,excluded,direct_policy_scope_overlap,601417909,0,0.000000000000,29,24,0,us_301_list3_2018,0,332,2016-01_to_2018-05,0
830400,non_list1,control_candidate,,109058002,0,0.000000000000,29,24,0,,0,332,2016-01_to_2018-05,0
830510,non_list1,control_candidate,,64941428,0,0.000000000000,29,24,0,,0,323,2016-01_to_2018-05,0
830520,non_list1,control_candidate,,176159097,0,0.000000000000,29,24,0,,0,331,2016-01_to_2018-05,0
830590,non_list1,control_candidate,,70683779,0,0.000000000000,29,24,0,,0,332,2016-01_to_2018-05,0
830610,non_list1,control_candidate,,114022244,0,0.000000000000,29,24,0,,0,332,2016-01_to_2018-05,0
830621,non_list1,control_candidate,,6775415,0,0.000000000000,29,24,0,,0,339,2016-01_to_2018-05,0
830629,non_list1,control_candidate,,1225451293,0,0.000000000000,29,24,0,,0,339,2016-01_to_2018-05,0
830630,non_list1,excluded,direct_policy_scope_overlap,192447693,0,0.000000000000,29,24,0,us_301_list3_2018,0,339,2016-01_to_2018-05,0
830710,non_list1,excluded,direct_policy_scope_overlap,113945857,0,0.000000000000,29,24,0,us_301_list3_2018,0,332,2016-01_to_2018-05,0
830790,non_list1,excluded,direct_policy_scope_overlap,51665714,0,0.000000000000,29,24,0,us_301_list3_2018,0,332,2016-01_to_2018-05,0
830810,non_list1,excluded,direct_policy_scope_overlap,19991734,0,0.000000000000,29,24,0,us_301_list3_2018,0,339,2016-01_to_2018-05,0
830820,non_list1,excluded,direct_policy_scope_overlap,27677777,0,0.000000000000,29,24,0,us_301_list3_2018,0,332,2016-01_to_2018-05,0
830890,non_list1,excluded,direct_policy_scope_overlap,95097660,0,0.000000000000,29,24,0,us_301_list3_2018,0,339,2016-01_to_2018-05,0
830910,non_list1,excluded,direct_policy_scope_overlap,610277,0,0.000000000000,25,24,0,us_301_list3_2018,0,332,2016-01_to_2018-05,0
830990,non_list1,excluded,direct_policy_scope_overlap,295058157,0,0.000000000000,29,24,0,us_301_list3_2018,0,332,2016-01_to_2018-05,0
831000,non_list1,excluded,direct_policy_scope_overlap,118369433,0,0.000000000000,29,24,0,us_301_list3_2018,0,339,2016-01_to_2018-05,0
831110,non_list1,excluded,direct_policy_scope_overlap,15931683,0,0.000000000000,29,24,0,us_301_list3_2018,0,333,2016-01_to_2018-05,0
831120,non_list1,excluded,direct_policy_scope_overlap,18653974,0,0.000000000000,29,24,0,us_301_list3_2018,0,333,2016-01_to_2018-05,0
831130,non_list1,excluded,direct_policy_scope_overlap,9142298,0,0.000000000000,29,24,0,us_301_list3_2018,0,331,2016-01_to_2018-05,0
831190,non_list1,excluded,direct_policy_scope_overlap,45485347,0,0.000000000000,29,24,0,us_301_list3_2018,0,333,2016-01_to_2018-05,0
840110,pure_list1,excluded,insufficient_positive_pre_months,5154,5154,1.000000000000,1,24,1,,0,332,2016-01_to_2018-05,0
840120,pure_list1,excluded,insufficient_positive_pre_months,98899,98899,1.000000000000,6,24,1,,0,333,2016-01_to_2018-05,0
840130,pure_list1,excluded,insufficient_positive_pre_months,42000,42000,1.000000000000,1,24,1,,0,332,2016-01_to_2018-05,0
840140,pure_list1,excluded,insufficient_positive_pre_months,2772,2772,1.000000000000,1,24,1,,0,332,2016-01_to_2018-05,0
840211,pure_list1,excluded,insufficient_positive_pre_months,22387595,22387595,1.000000000000,6,24,1,,0,332,2016-01_to_2018-05,0
840212,pure_list1,excluded,insufficient_positive_pre_months,109654,109654,1.000000000000,6,24,1,,0,332,2016-01_to_2018-05,0
840219,pure_list1,excluded,insufficient_positive_pre_months,989463,989463,1.000000000000,12,24,1,,0,332,2016-01_to_2018-05,0
840220,pure_list1,excluded,insufficient_positive_pre_months,1055482,1055482,1.000000000000,6,24,1,,0,332,2016-01_to_2018-05,0
840290,pure_list1,treated_candidate,,179490413,179490413,1.000000000000,29,24,1,,1,332,2016-01_to_2018-05,0
840310,non_list1,control_candidate,,8496909,0,0.000000000000,27,24,0,,0,333,2016-01_to_2018-05,0
840390,non_list1,control_candidate,,33928560,0,0.000000000000,29,24,0,,0,333,2016-01_to_2018-05,0
840410,non_list1,excluded,direct_policy_scope_overlap,11804683,0,0.000000000000,24,24,0,us_301_list3_2018,0,332,2016-01_to_2018-05,0
840420,pure_list1,excluded,insufficient_positive_pre_months,3319415,3319415,1.000000000000,22,24,1,,0,332,2016-01_to_2018-05,0
840490,pure_list1,treated_candidate,,25360824,25360824,1.000000000000,29,24,1,,0,332,2016-01_to_2018-05,0
840510,pure_list1,treated_candidate,,3693923,3693923,1.000000000000,29,24,1,,0,335,2016-01_to_2018-05,0
840590,pure_list1,treated_candidate,,7389276,7389276,1.000000000000,28,24,1,,0,335,2016-01_to_2018-05,0
840610,non_list1,excluded,insufficient_positive_pre_months|direct_policy_scope_overlap,0,0,0.000000000000,0,24,1,,0,333,2016-01_to_2018-05,0
840681,non_list1,excluded,insufficient_positive_pre_months|direct_policy_scope_overlap,0,0,0.000000000000,0,24,1,us_301_list3_2018,0,333,2016-01_to_2018-05,0
840682,mixed_list1,excluded,insufficient_positive_pre_months|mixed_list1_pre_value_share,15901,11434,0.719074272058,3,24,1,us_301_list2_2018,0,333,2016-01_to_2018-05,0
840690,non_list1,excluded,direct_policy_scope_overlap,27449174,0,0.000000000000,29,24,0,us_301_list3_2018,0,333,2016-01_to_2018-05,0
840710,pure_list1,excluded,insufficient_positive_pre_months,122871,122871,1.000000000000,6,24,1,,0,336,2016-01_to_2018-05,0
840721,pure_list1,treated_candidate,,308319268,308319268,1.000000000000,29,24,1,,1,333,2016-01_to_2018-05,0
840729,pure_list1,treated_candidate,,31794019,31794019,1.000000000000,29,24,1,,0,333,2016-01_to_2018-05,0
840731,non_list1,excluded,insufficient_positive_pre_months|direct_policy_scope_overlap,422731,0,0.000000000000,21,24,0,us_301_list3_2018,0,333,2016-01_to_2018-05,0
840732,non_list1,excluded,direct_policy_scope_overlap,25951812,0,0.000000000000,29,24,0,us_301_list3_2018,0,333|336,2016-01_to_2018-05,0
840733,non_list1,excluded,direct_policy_scope_overlap,90998295,0,0.000000000000,29,24,0,us_301_list3_2018,0,333|336,2016-01_to_2018-05,0
840734,non_list1,excluded,direct_policy_scope_overlap,70125889,0,0.000000000000,28,24,0,us_301_list2_2018|us_301_list3_2018,0,333|336,2016-01_to_2018-05,0
840790,non_list1,excluded,direct_policy_scope_overlap,983364631,0,0.000000000000,29,24,0,us_301_list2_2018,0,333,2016-01_to_2018-05,0
840810,pure_list1,excluded,insufficient_positive_pre_months,441633,441633,1.000000000000,20,24,1,,0,333,2016-01_to_2018-05,0
840820,non_list1,excluded,direct_policy_scope_overlap,124412834,0,0.000000000000,29,24,0,us_301_list2_2018|us_301_list3_2018,0,333,2016-01_to_2018-05,0
840890,pure_list1,treated_candidate,,255636673,255636673,1.000000000000,29,24,1,,1,333,2016-01_to_2018-05,0
840910,pure_list1,treated_candidate,,2238689,2238689,1.000000000000,29,24,1,,0,336,2016-01_to_2018-05,0
840991,non_list1,excluded,direct_policy_scope_overlap,1214385867,0,0.000000000000,29,24,0,us_301_list3_2018,0,333|336,2016-01_to_2018-05,0
840999,non_list1,excluded,direct_policy_scope_overlap,875233352,0,0.000000000000,29,24,0,us_301_list3_2018,0,333,2016-01_to_2018-05,0
841011,pure_list1,excluded,insufficient_positive_pre_months,216608,216608,1.000000000000,7,24,1,,0,333,2016-01_to_2018-05,0
841012,pure_list1,excluded,insufficient_positive_pre_months,905700,905700,1.000000000000,4,24,1,,0,333,2016-01_to_2018-05,0
841013,non_list1,excluded,insufficient_positive_pre_months|direct_policy_scope_overlap,0,0,0.000000000000,0,24,1,,0,333,2016-01_to_2018-05,0
841090,pure_list1,treated_candidate,,44216476,44216476,1.000000000000,29,24,1,,0,333,2016-01_to_2018-05,0
841111,pure_list1,excluded,insufficient_positive_pre_months,18297,18297,1.000000000000,3,24,1,,0,333|336,2016-01_to_2018-05,0
841112,pure_list1,excluded,insufficient_positive_pre_months,81788845,81788845,1.000000000000,14,24,1,,0,333|336,2016-01_to_2018-05,0
841121,pure_list1,excluded,insufficient_positive_pre_months,147853,147853,1.000000000000,4,24,1,,0,333|336,2016-01_to_2018-05,0
841122,non_list1,excluded,insufficient_positive_pre_months|direct_policy_scope_overlap,0,0,0.000000000000,0,24,1,,0,333|336,2016-01_to_2018-05,0
841181,pure_list1,excluded,insufficient_positive_pre_months,1165461,1165461,1.000000000000,20,24,1,,0,333|336,2016-01_to_2018-05,0
841182,pure_list1,excluded,insufficient_positive_pre_months,8398520,8398520,1.000000000000,3,24,1,,0,333|336,2016-01_to_2018-05,0
841191,pure_list1,treated_candidate,,790930887,790930887,1.000000000000,29,24,1,,0,333|336,2016-01_to_2018-05,0
841199,pure_list1,treated_candidate,,514423502,514423502,1.000000000000,29,24,1,,1,333|336,2016-01_to_2018-05,0
841210,pure_list1,excluded,insufficient_positive_pre_months,772416,772416,1.000000000000,21,24,1,,0,336,2016-01_to_2018-05,0
841221,pure_list1,treated_candidate,,379150937,379150937,1.000000000000,29,24,1,,1,333,2016-01_to_2018-05,0
841229,pure_list1,treated_candidate,,112278869,112278869,1.000000000000,29,24,1,,0,333,2016-01_to_2018-05,0
841231,pure_list1,treated_candidate,,74889751,74889751,1.000000000000,29,24,1,,0,333,2016-01_to_2018-05,0
841239,pure_list1,treated_candidate,,46286522,46286522,1.000000000000,29,24,1,,1,333,2016-01_to_2018-05,0
841280,pure_list1,treated_candidate,,26304482,26304482,1.000000000000,29,24,1,,1,333|335,2016-01_to_2018-05,0
841290,mixed_list1,excluded,mixed_list1_pre_value_share,2450013690,898439,0.000366707747,29,24,1,us_301_list3_2018,0,333|336,2016-01_to_2018-05,0
841311,non_list1,excluded,direct_policy_scope_overlap,17627792,0,0.000000000000,29,24,0,us_301_list3_2018,0,333,2016-01_to_2018-05,0
841319,pure_list1,treated_candidate,,50374351,50374351,1.000000000000,29,24,1,,1,333,2016-01_to_2018-05,0
841320,non_list1,excluded,direct_policy_scope_overlap,252061652,0,0.000000000000,29,24,0,us_301_list3_2018,0,333,2016-01_to_2018-05,0
841330,non_list1,excluded,direct_policy_scope_overlap,708933321,0,0.000000000000,29,24,0,us_301_list3_2018,0,336,2016-01_to_2018-05,0
841340,pure_list1,excluded,insufficient_positive_pre_months,1408520,1408520,1.000000000000,19,24,1,,0,333,2016-01_to_2018-05,0
841350,pure_list1,treated_candidate,,494466225,494466225,1.000000000000,29,24,1,,1,333,2016-01_to_2018-05,0
841360,pure_list1,treated_candidate,,384101003,384101003,1.000000000000,29,24,1,,1,333,2016-01_to_2018-05,0
841370,pure_list1,treated_candidate,,850656385,850656385,1.000000000000,29,24,1,,1,333,2016-01_to_2018-05,0
841381,pure_list1,treated_candidate,,310429964,310429964,1.000000000000,29,24,1,,0,333,2016-01_to_2018-05,0
841382,pure_list1,treated_candidate,,1701726,1701726,1.000000000000,27,24,1,,0,333,2016-01_to_2018-05,0
841391,pure_list1,treated_candidate,,1849000152,1849000152,1.000000000000,29,24,1,,1,333|336,2016-01_to_2018-05,0
841392,non_list1,excluded,direct_policy_scope_overlap,15147457,0,0.000000000000,29,24,0,us_301_list3_2018,0,333,2016-01_to_2018-05,0
841410,non_list1,excluded,direct_policy_scope_overlap,163366814,0,0.000000000000,29,24,0,us_301_list3_2018,0,333,2016-01_to_2018-05,0
841420,non_list1,excluded,direct_policy_scope_overlap,73602492,0,0.000000000000,29,24,0,us_301_list3_2018,0,333,2016-01_to_2018-05,0
841430,pure_list1,treated_candidate,,876671860,876671860,1.000000000000,29,24,1,,1,333|336,2016-01_to_2018-05,0
841440,non_list1,excluded,direct_policy_scope_overlap,3197483,0,0.000000000000,29,24,0,us_301_list3_2018,0,333,2016-01_to_2018-05,0
841451,non_list1,control_candidate,,3339904022,0,0.000000000000,29,24,0,,0,335,2016-01_to_2018-05,0
841459,mixed_list1,excluded,mixed_list1_pre_value_share,1761909056,17833288,0.010121571224,29,24,1,us_301_list3_2018,0,333|336|339,2016-01_to_2018-05,0
841460,non_list1,excluded,direct_policy_scope_overlap,138178032,0,0.000000000000,29,24,0,us_301_list3_2018,0,335,2016-01_to_2018-05,0
841480,mixed_list1,excluded,mixed_list1_pre_value_share,1085029762,94865587,0.087431322460,29,24,1,us_301_list3_2018,0,333,2016-01_to_2018-05,0
841490,mixed_list1,excluded,mixed_list1_pre_value_share,816893990,663325222,0.812008938883,29,24,1,us_301_list3_2018,1,333|335,2016-01_to_2018-05,0
841510,non_list1,excluded,direct_policy_scope_overlap,3352263020,0,0.000000000000,29,24,0,us_301_list3_2018,0,333,2016-01_to_2018-05,0
841520,non_list1,excluded,direct_policy_scope_overlap,332220304,0,0.000000000000,29,24,0,us_301_list3_2018,0,336,2016-01_to_2018-05,0
841581,non_list1,excluded,direct_policy_scope_overlap,106244695,0,0.000000000000,29,24,0,us_301_list3_2018,0,333,2016-01_to_2018-05,0
841582,non_list1,excluded,direct_policy_scope_overlap,962200248,0,0.000000000000,29,24,0,us_301_list3_2018,0,333,2016-01_to_2018-05,0
841583,non_list1,excluded,direct_policy_scope_overlap,38828792,0,0.000000000000,29,24,0,us_301_list3_2018,0,332|333,2016-01_to_2018-05,0
841590,non_list1,control_candidate,,1922871235,0,0.000000000000,29,24,0,,0,333|335|336,2016-01_to_2018-05,0
841610,non_list1,excluded,insufficient_positive_pre_months,4827074,0,0.000000000000,21,24,0,,0,333,2016-01_to_2018-05,0
841620,non_list1,control_candidate,,11541352,0,0.000000000000,29,24,0,,0,333,2016-01_to_2018-05,0
841630,non_list1,excluded,direct_policy_scope_overlap,16789689,0,0.000000000000,29,24,0,us_301_list3_2018,0,333,2016-01_to_2018-05,0
841690,pure_list1,treated_candidate,,69410560,69410560,1.000000000000,29,24,1,,0,333,2016-01_to_2018-05,0
841710,pure_list1,treated_candidate,,16640239,16640239,1.000000000000,26,24,1,,0,333,2016-01_to_2018-05,0
841720,non_list1,excluded,insufficient_positive_pre_months,777206,0,0.000000000000,23,24,0,,0,333,2016-01_to_2018-05,0
841780,pure_list1,treated_candidate,,15622324,15622324,1.000000000000,29,24,1,,0,333,2016-01_to_2018-05,0
841790,pure_list1,treated_candidate,,42810135,42810135,1.000000000000,29,24,1,,0,333,2016-01_to_2018-05,0
841810,non_list1,excluded,direct_policy_scope_overlap,1391278989,0,0.000000000000,29,24,0,us_301_list3_2018,0,335,2016-01_to_2018-05,0
841821,non_list1,excluded,direct_policy_scope_overlap,655101590,0,0.000000000000,29,24,0,us_301_list3_2018,0,335,2016-01_to_2018-05,0
841829,non_list1,excluded,direct_policy_scope_overlap,106027276,0,0.000000000000,29,24,0,us_301_list3_2018,0,335,2016-01_to_2018-05,0
841830,non_list1,excluded,direct_policy_scope_overlap,411260285,0,0.000000000000,29,24,0,us_301_list3_2018,0,335,2016-01_to_2018-05,0
841840,non_list1,excluded,direct_policy_scope_overlap,63886259,0,0.000000000000,29,24,0,us_301_list3_2018,0,335,2016-01_to_2018-05,0
841850,non_list1,excluded,direct_policy_scope_overlap,491151503,0,0.000000000000,29,24,0,us_301_list3_2018,0,333,2016-01_to_2018-05,0
841861,non_list1,excluded,direct_policy_scope_overlap,6708987,0,0.000000000000,29,24,0,us_301_list3_2018,0,333,2016-01_to_2018-05,0
841869,pure_list1,treated_candidate,,1063453519,1063453519,1.000000000000,29,24,1,,1,333,2016-01_to_2018-05,0
841891,non_list1,excluded,direct_policy_scope_overlap,6042004,0,0.000000000000,29,24,0,us_301_list3_2018,0,337,2016-01_to_2018-05,0
841899,non_list1,excluded,direct_policy_scope_overlap,534466127,0,0.000000000000,29,24,0,us_301_list3_2018,0,333|335,2016-01_to_2018-05,0
841911,pure_list1,treated_candidate,,18064081,18064081,1.000000000000,29,24,1,,0,335,2016-01_to_2018-05,0
841919,pure_list1,treated_candidate,,12050177,12050177,1.000000000000,29,24,1,,1,335,2016-01_to_2018-05,0
841920,non_list1,control_candidate,,1285565,0,0.000000000000,24,24,0,,0,339,2016-01_to_2018-05,0
841931,pure_list1,excluded,insufficient_positive_pre_months,1874005,1874005,1.000000000000,18,24,1,,0,333,2016-01_to_2018-05,0
841932,pure_list1,treated_candidate,,2457374,2457374,1.000000000000,29,24,1,,0,333,2016-01_to_2018-05,0
841939,pure_list1,treated_candidate,,63740610,63740610,1.000000000000,29,24,1,,0,333,2016-01_to_2018-05,0
841940,pure_list1,treated_candidate,,28451098,28451098,1.000000000000,29,24,1,,1,333,2016-01_to_2018-05,0
841950,pure_list1,treated_candidate,,436133791,436133791,1.000000000000,29,24,1,,0,332,2016-01_to_2018-05,0
841960,mixed_list1,excluded,mixed_list1_pre_value_share,76672686,30412453,0.396653027129,29,24,1,us_301_list2_2018,0,333,2016-01_to_2018-05,0
841981,non_list1,control_candidate,,401551595,0,0.000000000000,29,24,0,,0,333,2016-01_to_2018-05,0
841989,mixed_list1,excluded,mixed_list1_pre_value_share,244113260,324198,0.001328063867,29,24,1,us_301_list2_2018,0,333,2016-01_to_2018-05,0
841990,pure_list1,treated_candidate,,402680603,402680603,1.000000000000,29,24,1,,1,332|333|335|339,2016-01_to_2018-05,0
842010,mixed_list1,excluded,mixed_list1_pre_value_share,56546994,51749789,0.915164279113,29,24,1,us_301_list2_2018,1,333,2016-01_to_2018-05,0
842091,pure_list1,treated_candidate,,1176064,1176064,1.000000000000,28,24,1,,0,333,2016-01_to_2018-05,0
842099,mixed_list1,excluded,mixed_list1_pre_value_share,36927046,29120013,0.788582249444,29,24,1,us_301_list2_2018,0,333,2016-01_to_2018-05,0
842111,non_list1,excluded,direct_policy_scope_overlap,2679101,0,0.000000000000,24,24,0,us_301_list3_2018,0,333,2016-01_to_2018-05,0
842112,non_list1,control_candidate,,949590,0,0.000000000000,24,24,0,,0,335,2016-01_to_2018-05,0
842119,pure_list1,treated_candidate,,44141820,44141820,1.000000000000,29,24,1,,1,333,2016-01_to_2018-05,0
842121,pure_list1,treated_candidate,,793923730,793923730,1.000000000000,29,24,1,,1,333,2016-01_to_2018-05,0
842122,pure_list1,treated_candidate,,4691210,4691210,1.000000000000,29,24,1,,1,333,2016-01_to_2018-05,0
842123,non_list1,excluded,direct_policy_scope_overlap,275470252,0,0.000000000000,29,24,0,us_301_list3_2018,0,336,2016-01_to_2018-05,0
842129,pure_list1,treated_candidate,,224820952,224820952,1.000000000000,29,24,1,,0,333,2016-01_to_2018-05,0
842131,non_list1,excluded,direct_policy_scope_overlap,174733591,0,0.000000000000,29,24,0,us_301_list3_2018,0,336,2016-01_to_2018-05,0
842139,pure_list1,treated_candidate,,720598388,720598388,1.000000000000,29,24,1,,1,333|336,2016-01_to_2018-05,0
842191,mixed_list1,excluded,mixed_list1_pre_value_share,21359912,20187355,0.945104783203,29,24,1,,0,333|335,2016-01_to_2018-05,0
842199,pure_list1,treated_candidate,,692523398,692523398,1.000000000000,29,24,1,,1,333,2016-01_to_2018-05,0
842211,non_list1,control_candidate,,297840611,0,0.000000000000,29,24,0,,0,335,2016-01_to_2018-05,0
842219,pure_list1,treated_candidate,,3958285,3958285,1.000000000000,29,24,1,,0,333,2016-01_to_2018-05,0
842220,pure_list1,treated_candidate,,6266303,6266303,1.000000000000,29,24,1,,0,333,2016-01_to_2018-05,0
842230,pure_list1,treated_candidate,,313952443,313952443,1.000000000000,29,24,1,,0,333,2016-01_to_2018-05,0
842240,pure_list1,treated_candidate,,79707026,79707026,1.000000000000,29,24,1,,0,333,2016-01_to_2018-05,0
842290,mixed_list1,excluded,mixed_list1_pre_value_share,194517692,190436115,0.979016936927,29,24,1,us_301_list3_2018,0,333|335,2016-01_to_2018-05,0
842310,non_list1,control_candidate,,390807283,0,0.000000000000,29,24,0,,0,333,2016-01_to_2018-05,0
842320,mixed_list1,excluded,mixed_list1_pre_value_share,1182777,870088,0.735631484210,27,24,1,,0,333,2016-01_to_2018-05,0
842330,pure_list1,treated_candidate,,21586336,21586336,1.000000000000,29,24,1,,0,333,2016-01_to_2018-05,0
842381,non_list1,excluded,direct_policy_scope_overlap,183520987,0,0.000000000000,29,24,0,us_301_list3_2018,0,333,2016-01_to_2018-05,0
842382,pure_list1,treated_candidate,,68623840,68623840,1.000000000000,29,24,1,,0,333,2016-01_to_2018-05,0
842389,mixed_list1,excluded,mixed_list1_pre_value_share,2762222,1967825,0.712406533581,29,24,1,,0,333,2016-01_to_2018-05,0
842390,mixed_list1,excluded,mixed_list1_pre_value_share,73894262,58896186,0.797033279796,29,24,1,,0,333,2016-01_to_2018-05,0
842410,non_list1,control_candidate,,11280831,0,0.000000000000,29,24,0,,0,339,2016-01_to_2018-05,0
842420,non_list1,excluded,direct_policy_scope_overlap,443423928,0,0.000000000000,29,24,0,us_301_list3_2018,0,333,2016-01_to_2018-05,0
842430,non_list1,excluded,direct_policy_scope_overlap,630062136,0,0.000000000000,29,24,0,us_301_list3_2018,0,333,2016-01_to_2018-05,0
842441,non_list1,excluded,insufficient_positive_pre_months|direct_policy_scope_overlap,19946481,0,0.000000000000,17,24,0,us_301_list3_2018,0,333,2016-01_to_2018-05,0
842449,non_list1,excluded,insufficient_positive_pre_months|direct_policy_scope_overlap,9043905,0,0.000000000000,17,24,0,us_301_list3_2018,0,333,2016-01_to_2018-05,0
842482,non_list1,excluded,insufficient_positive_pre_months|direct_policy_scope_overlap,25293068,0,0.000000000000,17,24,0,us_301_list2_2018,0,333,2016-01_to_2018-05,0
842489,mixed_list1,excluded,mixed_list1_pre_value_share,593584974,23453864,0.039512226602,29,24,1,us_301_list2_2018,0,333,2016-01_to_2018-05,0
842490,mixed_list1,excluded,mixed_list1_pre_value_share,737124125,8583088,0.011644019927,29,24,1,us_301_list3_2018,0,333|339,2016-01_to_2018-05,0
842511,pure_list1,treated_candidate,,54533589,54533589,1.000000000000,29,24,1,,0,333,2016-01_to_2018-05,0
842519,non_list1,excluded,direct_policy_scope_overlap,86833751,0,0.000000000000,29,24,0,us_301_list3_2018,0,333,2016-01_to_2018-05,0
842531,non_list1,excluded,direct_policy_scope_overlap,227766396,0,0.000000000000,29,24,0,us_301_list3_2018,0,333,2016-01_to_2018-05,0
842539,pure_list1,treated_candidate,,81039378,81039378,1.000000000000,29,24,1,,1,333,2016-01_to_2018-05,0
842541,non_list1,excluded,direct_policy_scope_overlap,92268024,0,0.000000000000,29,24,0,us_301_list3_2018,0,333,2016-01_to_2018-05,0
842542,non_list1,excluded,direct_policy_scope_overlap,629528416,0,0.000000000000,29,24,0,us_301_list3_2018,0,333,2016-01_to_2018-05,0
842549,non_list1,excluded,direct_policy_scope_overlap,386680113,0,0.000000000000,29,24,0,us_301_list3_2018,0,333,2016-01_to_2018-05,0
842611,non_list1,excluded,insufficient_positive_pre_months,113330341,0,0.000000000000,15,24,0,,0,333,2016-01_to_2018-05,0
842612,non_list1,excluded,insufficient_positive_pre_months,15117205,0,0.000000000000,23,24,0,,0,333,2016-01_to_2018-05,0
842619,non_list1,control_candidate,,207213298,0,0.000000000000,29,24,0,,0,333,2016-01_to_2018-05,0
842620,non_list1,excluded,insufficient_positive_pre_months,4536301,0,0.000000000000,14,24,0,,0,333,2016-01_to_2018-05,0
842630,non_list1,excluded,direct_policy_scope_overlap,106526187,0,0.000000000000,26,24,0,us_301_list3_2018,0,333,2016-01_to_2018-05,0
842641,pure_list1,excluded,insufficient_positive_pre_months,529354,529354,1.000000000000,6,24,1,,0,333,2016-01_to_2018-05,0
842649,pure_list1,excluded,insufficient_positive_pre_months,1864789,1864789,1.000000000000,6,24,1,,0,333,2016-01_to_2018-05,0
842691,non_list1,excluded,direct_policy_scope_overlap,4548560,0,0.000000000000,29,24,0,us_301_list3_2018,0,333,2016-01_to_2018-05,0
842699,pure_list1,treated_candidate,,39455246,39455246,1.000000000000,27,24,1,,0,333,2016-01_to_2018-05,0
842710,pure_list1,treated_candidate,,203209455,203209455,1.000000000000,29,24,1,,1,333,2016-01_to_2018-05,0
842720,pure_list1,treated_candidate,,339971114,339971114,1.000000000000,29,24,1,,1,333,2016-01_to_2018-05,0
842790,non_list1,excluded,direct_policy_scope_overlap,197689305,0,0.000000000000,29,24,0,us_301_list3_2018,0,333,2016-01_to_2018-05,0
842810,non_list1,control_candidate,,10056977,0,0.000000000000,29,24,0,,0,333,2016-01_to_2018-05,0
842820,pure_list1,treated_candidate,,14281057,14281057,1.000000000000,29,24,1,,0,333,2016-01_to_2018-05,0
842831,pure_list1,excluded,insufficient_positive_pre_months,1281626,1281626,1.000000000000,6,24,1,,0,333,2016-01_to_2018-05,0
842832,pure_list1,treated_candidate,,3342695,3342695,1.000000000000,29,24,1,,1,333,2016-01_to_2018-05,0
842833,pure_list1,treated_candidate,,34172934,34172934,1.000000000000,29,24,1,,1,333,2016-01_to_2018-05,0
842839,pure_list1,treated_candidate,,113764205,113764205,1.000000000000,29,24,1,,1,333,2016-01_to_2018-05,0
842840,non_list1,excluded,direct_policy_scope_overlap,63277674,0,0.000000000000,29,24,0,us_301_list3_2018,0,333,2016-01_to_2018-05,0
842860,non_list1,excluded,insufficient_positive_pre_months,2448338,0,0.000000000000,17,24,0,,0,333,2016-01_to_2018-05,0
842890,pure_list1,treated_candidate,,419421407,419421407,1.000000000000,29,24,1,,1,333,2016-01_to_2018-05,0
842911,pure_list1,treated_candidate,,8829231,8829231,1.000000000000,24,24,1,,0,333|930,2016-01_to_2018-05,0
842919,pure_list1,excluded,insufficient_positive_pre_months,416350,416350,1.000000000000,7,24,1,,0,333|930,2016-01_to_2018-05,0
842920,pure_list1,excluded,insufficient_positive_pre_months,4254732,4254732,1.000000000000,16,24,1,,1,333,2016-01_to_2018-05,0
842930,pure_list1,excluded,insufficient_positive_pre_months,271008,271008,1.000000000000,1,24,1,,0,333|930,2016-01_to_2018-05,0
842940,pure_list1,treated_candidate,,114193476,114193476,1.000000000000,29,24,1,,1,333|930,2016-01_to_2018-05,0
842951,pure_list1,treated_candidate,,136778926,136778926,1.000000000000,29,24,1,,1,333|930,2016-01_to_2018-05,0
842952,pure_list1,treated_candidate,,214436829,214436829,1.000000000000,29,24,1,,1,333|930,2016-01_to_2018-05,0
842959,pure_list1,treated_candidate,,10248744,10248744,1.000000000000,29,24,1,,0,333|930,2016-01_to_2018-05,0
843010,pure_list1,treated_candidate,,14125392,14125392,1.000000000000,29,24,1,,1,333,2016-01_to_2018-05,0
843020,non_list1,control_candidate,,102531555,0,0.000000000000,29,24,0,,0,333,2016-01_to_2018-05,0
843031,pure_list1,excluded,insufficient_positive_pre_months,2924844,2924844,1.000000000000,4,24,1,,1,333,2016-01_to_2018-05,0
843039,pure_list1,treated_candidate,,4692297,4692297,1.000000000000,25,24,1,,0,333,2016-01_to_2018-05,0
843041,pure_list1,excluded,insufficient_positive_pre_months,6745988,6745988,1.000000000000,10,24,1,,0,333,2016-01_to_2018-05,0
843049,mixed_list1,excluded,mixed_list1_pre_value_share,56285933,56052755,0.995857259753,29,24,1,us_301_list3_2018,0,333|336,2016-01_to_2018-05,0
843050,mixed_list1,excluded,mixed_list1_pre_value_share,6769486,6741785,0.995907961107,25,24,1,us_301_list3_2018,0,333,2016-01_to_2018-05,0
843061,pure_list1,treated_candidate,,6185812,6185812,1.000000000000,29,24,1,,0,333,2016-01_to_2018-05,0
843069,pure_list1,treated_candidate,,10889644,10889644,1.000000000000,29,24,1,,0,333,2016-01_to_2018-05,0
843110,pure_list1,treated_candidate,,217295350,217295350,1.000000000000,29,24,1,,1,333,2016-01_to_2018-05,0
843120,pure_list1,treated_candidate,,727302414,727302414,1.000000000000,29,24,1,,1,333,2016-01_to_2018-05,0
843131,pure_list1,treated_candidate,,239097019,239097019,1.000000000000,29,24,1,,1,333,2016-01_to_2018-05,0
843139,pure_list1,excluded,insufficient_positive_pre_months,302014342,302014342,1.000000000000,17,24,1,,1,333,2016-01_to_2018-05,0
843141,pure_list1,treated_candidate,,150910217,150910217,1.000000000000,29,24,1,,0,333,2016-01_to_2018-05,0
843142,pure_list1,treated_candidate,,6907948,6907948,1.000000000000,29,24,1,,0,333,2016-01_to_2018-05,0
843143,pure_list1,treated_candidate,,354000719,354000719,1.000000000000,29,24,1,,0,333,2016-01_to_2018-05,0
843149,pure_list1,treated_candidate,,1517213174,1517213174,1.000000000000,29,24,1,,1,333,2016-01_to_2018-05,0
843210,pure_list1,treated_candidate,,2561173,2561173,1.000000000000,28,24,1,,0,333,2016-01_to_2018-05,0
843221,pure_list1,treated_candidate,,1403877,1403877,1.000000000000,29,24,1,,0,333,2016-01_to_2018-05,0
843229,non_list1,excluded,direct_policy_scope_overlap,142472574,0,0.000000000000,29,24,0,us_301_list2_2018,0,333,2016-01_to_2018-05,0
843231,non_list1,excluded,insufficient_positive_pre_months|direct_policy_scope_overlap,1913414,0,0.000000000000,17,24,0,us_301_list2_2018,0,333,2016-01_to_2018-05,0
843239,non_list1,excluded,insufficient_positive_pre_months|direct_policy_scope_overlap,631790,0,0.000000000000,13,24,0,us_301_list2_2018,0,333,2016-01_to_2018-05,0
843241,non_list1,excluded,insufficient_positive_pre_months|direct_policy_scope_overlap,5206341,0,0.000000000000,17,24,0,us_301_list3_2018,0,333,2016-01_to_2018-05,0
843242,non_list1,excluded,insufficient_positive_pre_months|direct_policy_scope_overlap,3759021,0,0.000000000000,17,24,0,us_301_list2_2018,0,333,2016-01_to_2018-05,0
843280,pure_list1,treated_candidate,,14374870,14374870,1.000000000000,29,24,1,,0,333,2016-01_to_2018-05,0
843290,pure_list1,treated_candidate,,138290846,138290846,1.000000000000,29,24,1,,1,333,2016-01_to_2018-05,0
843311,non_list1,control_candidate,,486465345,0,0.000000000000,29,24,0,,0,333,2016-01_to_2018-05,0
843319,non_list1,control_candidate,,53191004,0,0.000000000000,29,24,0,,0,333,2016-01_to_2018-05,0
843320,pure_list1,treated_candidate,,11752574,11752574,1.000000000000,29,24,1,,0,333,2016-01_to_2018-05,0
843330,pure_list1,excluded,insufficient_positive_pre_months,887907,887907,1.000000000000,20,24,1,,0,333,2016-01_to_2018-05,0
843340,pure_list1,excluded,insufficient_positive_pre_months,222712,222712,1.000000000000,10,24,1,,0,333,2016-01_to_2018-05,0
843351,pure_list1,treated_candidate,,29416395,29416395,1.000000000000,29,24,1,,0,333,2016-01_to_2018-05,0
843352,pure_list1,excluded,insufficient_positive_pre_months,57780,57780,1.000000000000,7,24,1,,0,333,2016-01_to_2018-05,0
843353,pure_list1,excluded,insufficient_positive_pre_months,2650,2650,1.000000000000,1,24,1,,0,333,2016-01_to_2018-05,0
843359,pure_list1,excluded,insufficient_positive_pre_months,257859,257859,1.000000000000,11,24,1,,0,333,2016-01_to_2018-05,0
843360,pure_list1,excluded,insufficient_positive_pre_months,8451889,8451889,1.000000000000,16,24,1,,0,333,2016-01_to_2018-05,0
843390,mixed_list1,excluded,mixed_list1_pre_value_share,590076784,137784274,0.233502279256,29,24,1,us_301_list3_2018,0,333,2016-01_to_2018-05,0
843410,non_list1,excluded,insufficient_positive_pre_months,422536,0,0.000000000000,18,24,0,,0,333,2016-01_to_2018-05,0
843420,pure_list1,excluded,insufficient_positive_pre_months,666174,666174,1.000000000000,14,24,1,,0,333,2016-01_to_2018-05,0
843490,pure_list1,treated_candidate,,18358880,18358880,1.000000000000,29,24,1,,0,333,2016-01_to_2018-05,0
843510,non_list1,control_candidate,,6889813,0,0.000000000000,29,24,0,,0,333,2016-01_to_2018-05,0
843590,non_list1,control_candidate,,3214247,0,0.000000000000,29,24,0,,0,333,2016-01_to_2018-05,0
843610,pure_list1,treated_candidate,,4233697,4233697,1.000000000000,28,24,1,,0,333,2016-01_to_2018-05,0
843621,pure_list1,treated_candidate,,6565444,6565444,1.000000000000,29,24,1,,0,333,2016-01_to_2018-05,0
843629,pure_list1,treated_candidate,,2158881,2158881,1.000000000000,29,24,1,,0,333,2016-01_to_2018-05,0
843680,pure_list1,treated_candidate,,77143734,77143734,1.000000000000,29,24,1,,1,333,2016-01_to_2018-05,0
843691,pure_list1,treated_candidate,,16624426,16624426,1.000000000000,29,24,1,,0,333,2016-01_to_2018-05,0
843699,pure_list1,treated_candidate,,96744566,96744566,1.000000000000,29,24,1,,0,333,2016-01_to_2018-05,0
843710,pure_list1,treated_candidate,,9860673,9860673,1.000000000000,29,24,1,,0,333,2016-01_to_2018-05,0
843780,pure_list1,treated_candidate,,6721958,6721958,1.000000000000,28,24,1,,0,333,2016-01_to_2018-05,0
843790,pure_list1,treated_candidate,,33886561,33886561,1.000000000000,29,24,1,,0,333,2016-01_to_2018-05,0
843810,non_list1,control_candidate,,27974334,0,0.000000000000,29,24,0,,0,333,2016-01_to_2018-05,0
843820,non_list1,control_candidate,,4234796,0,0.000000000000,29,24,0,,0,333,2016-01_to_2018-05,0
843830,non_list1,excluded,insufficient_positive_pre_months,1722024,0,0.000000000000,15,24,0,,0,333,2016-01_to_2018-05,0
843840,non_list1,control_candidate,,51553160,0,0.000000000000,29,24,0,,0,333,2016-01_to_2018-05,0
843850,pure_list1,treated_candidate,,24278737,24278737,1.000000000000,29,24,1,,0,333,2016-01_to_2018-05,0
843860,pure_list1,treated_candidate,,4742326,4742326,1.000000000000,29,24,1,,0,333,2016-01_to_2018-05,0
843880,pure_list1,treated_candidate,,80760464,80760464,1.000000000000,29,24,1,,1,333,2016-01_to_2018-05,0
843890,mixed_list1,excluded,mixed_list1_pre_value_share,41449950,39751227,0.959017489768,29,24,1,,0,333,2016-01_to_2018-05,0
843910,pure_list1,excluded,insufficient_positive_pre_months,1378034,1378034,1.000000000000,13,24,1,,0,333|930,2016-01_to_2018-05,0
843920,pure_list1,excluded,insufficient_positive_pre_months,5436668,5436668,1.000000000000,15,24,1,,0,333|930,2016-01_to_2018-05,0
843930,pure_list1,excluded,insufficient_positive_pre_months,7987215,7987215,1.000000000000,18,24,1,,0,333,2016-01_to_2018-05,0
843991,pure_list1,treated_candidate,,21624214,21624214,1.000000000000,29,24,1,,1,333,2016-01_to_2018-05,0
843999,pure_list1,treated_candidate,,44525146,44525146,1.000000000000,29,24,1,,1,333,2016-01_to_2018-05,0
844010,non_list1,control_candidate,,11259423,0,0.000000000000,29,24,0,,0,333,2016-01_to_2018-05,0
844090,non_list1,control_candidate,,1331552,0,0.000000000000,29,24,0,,0,333,2016-01_to_2018-05,0
844110,non_list1,excluded,direct_policy_scope_overlap,278681506,0,0.000000000000,29,24,0,us_301_list3_2018,0,333,2016-01_to_2018-05,0
844120,pure_list1,excluded,insufficient_positive_pre_months,1781966,1781966,1.000000000000,20,24,1,,0,333,2016-01_to_2018-05,0
844130,pure_list1,treated_candidate,,50098741,50098741,1.000000000000,29,24,1,,0,333,2016-01_to_2018-05,0
844140,pure_list1,treated_candidate,,6398812,6398812,1.000000000000,26,24,1,,0,333,2016-01_to_2018-05,0
844180,pure_list1,treated_candidate,,23674240,23674240,1.000000000000,29,24,1,,0,333,2016-01_to_2018-05,0
844190,pure_list1,treated_candidate,,55793725,55793725,1.000000000000,29,24,1,,0,333,2016-01_to_2018-05,0
844230,pure_list1,treated_candidate,,31859470,31859470,1.000000000000,29,24,1,,0,333,2016-01_to_2018-05,0
844240,pure_list1,treated_candidate,,18974813,18974813,1.000000000000,29,24,1,,0,333,2016-01_to_2018-05,0
844250,non_list1,excluded,direct_policy_scope_overlap,6026387,0,0.000000000000,29,24,0,us_301_list3_2018,0,323,2016-01_to_2018-05,0
844311,pure_list1,excluded,insufficient_positive_pre_months,2222466,2222466,1.000000000000,6,24,1,,0,333,2016-01_to_2018-05,0
844312,pure_list1,excluded,insufficient_positive_pre_months,151608,151608,1.000000000000,5,24,1,,0,333,2016-01_to_2018-05,0
844313,pure_list1,excluded,insufficient_positive_pre_months,1334544,1334544,1.000000000000,21,24,1,,0,333,2016-01_to_2018-05,0
844314,pure_list1,excluded,insufficient_positive_pre_months,267149,267149,1.000000000000,10,24,1,,0,333,2016-01_to_2018-05,0
844315,non_list1,excluded,insufficient_positive_pre_months|direct_policy_scope_overlap,1347641,0,0.000000000000,13,24,0,us_301_list3_2018,0,333,2016-01_to_2018-05,0
844316,non_list1,excluded,insufficient_positive_pre_months|direct_policy_scope_overlap,1670350,0,0.000000000000,20,24,0,us_301_list3_2018,0,333,2016-01_to_2018-05,0
844317,pure_list1,excluded,insufficient_positive_pre_months,509126,509126,1.000000000000,14,24,1,,0,333,2016-01_to_2018-05,0
844319,mixed_list1,excluded,mixed_list1_pre_value_share,30811343,28178430,0.914547282149,29,24,1,,0,333,2016-01_to_2018-05,0
844331,non_list1,control_candidate,,5677350062,0,0.000000000000,29,24,0,,0,334,2016-01_to_2018-05,0
844332,non_list1,control_candidate,,2175009216,0,0.000000000000,29,24,0,,0,334,2016-01_to_2018-05,0
844339,non_list1,excluded,direct_policy_scope_overlap,112553721,0,0.000000000000,29,24,0,us_301_list3_2018,0,333|334,2016-01_to_2018-05,0
844391,mixed_list1,excluded,mixed_list1_pre_value_share,26903346,1750114,0.065051908413,29,24,1,,0,333,2016-01_to_2018-05,0
844399,mixed_list1,excluded,mixed_list1_pre_value_share,7259948725,1963388869,0.270441148191,29,24,1,us_301_list2_2018|us_301_list3_2018,0,325|333|334,2016-01_to_2018-05,0
844400,pure_list1,treated_candidate,,6936686,6936686,1.000000000000,25,24,1,,0,333,2016-01_to_2018-05,0
844511,non_list1,excluded,insufficient_positive_pre_months,4007780,0,0.000000000000,5,24,0,,0,333,2016-01_to_2018-05,0
844512,non_list1,excluded,insufficient_positive_pre_months,1799692,0,0.000000000000,1,24,0,,0,333,2016-01_to_2018-05,0
844513,non_list1,excluded,insufficient_positive_pre_months,599511,0,0.000000000000,5,24,0,,0,333,2016-01_to_2018-05,0
844519,non_list1,excluded,insufficient_positive_pre_months,2748806,0,0.000000000000,18,24,0,,0,333,2016-01_to_2018-05,0
844520,non_list1,excluded,insufficient_positive_pre_months,7241809,0,0.000000000000,9,24,0,,0,333,2016-01_to_2018-05,0
844530,non_list1,excluded,insufficient_positive_pre_months,12919721,0,0.000000000000,15,24,0,,0,333,2016-01_to_2018-05,0
844540,non_list1,excluded,insufficient_positive_pre_months,623461,0,0.000000000000,23,24,0,,0,333,2016-01_to_2018-05,0
844590,non_list1,excluded,insufficient_positive_pre_months,4170494,0,0.000000000000,17,24,0,,0,333,2016-01_to_2018-05,0
844610,non_list1,excluded,insufficient_positive_pre_months,927710,0,0.000000000000,20,24,0,,0,333,2016-01_to_2018-05,0
844621,non_list1,excluded,insufficient_positive_pre_months,260828,0,0.000000000000,3,24,0,,0,333,2016-01_to_2018-05,0
844629,non_list1,excluded,insufficient_positive_pre_months,325842,0,0.000000000000,1,24,0,,0,333,2016-01_to_2018-05,0
844630,non_list1,excluded,insufficient_positive_pre_months|direct_policy_scope_overlap,1869770,0,0.000000000000,7,24,0,us_301_list3_2018,0,333,2016-01_to_2018-05,0
844711,non_list1,excluded,insufficient_positive_pre_months,393255,0,0.000000000000,16,24,0,,0,333,2016-01_to_2018-05,0
844712,non_list1,control_candidate,,1416385,0,0.000000000000,25,24,0,,0,333,2016-01_to_2018-05,0
844720,non_list1,control_candidate,,4693210,0,0.000000000000,27,24,0,,0,333,2016-01_to_2018-05,0
844790,non_list1,control_candidate,,39011966,0,0.000000000000,29,24,0,,0,333,2016-01_to_2018-05,0
844811,non_list1,excluded,insufficient_positive_pre_months,93846,0,0.000000000000,4,24,0,,0,333,2016-01_to_2018-05,0
844819,non_list1,control_candidate,,3634453,0,0.000000000000,26,24,0,,0,333,2016-01_to_2018-05,0
844820,non_list1,control_candidate,,1955155,0,0.000000000000,29,24,0,,0,333,2016-01_to_2018-05,0
844831,non_list1,control_candidate,,694952,0,0.000000000000,25,24,0,,0,333,2016-01_to_2018-05,0
844832,non_list1,control_candidate,,2739880,0,0.000000000000,29,24,0,,0,333,2016-01_to_2018-05,0
844833,non_list1,excluded,insufficient_positive_pre_months,348604,0,0.000000000000,13,24,0,,0,333,2016-01_to_2018-05,0
844839,non_list1,control_candidate,,23116638,0,0.000000000000,29,24,0,,0,333,2016-01_to_2018-05,0
844842,non_list1,control_candidate,,784929,0,0.000000000000,28,24,0,,0,333,2016-01_to_2018-05,0
844849,non_list1,control_candidate,,7682697,0,0.000000000000,29,24,0,,0,333,2016-01_to_2018-05,0
844851,non_list1,excluded,direct_policy_scope_overlap,824616,0,0.000000000000,29,24,0,us_301_list3_2018,0,333,2016-01_to_2018-05,0
844859,non_list1,control_candidate,,4647353,0,0.000000000000,29,24,0,,0,333,2016-01_to_2018-05,0
844900,non_list1,control_candidate,,10197582,0,0.000000000000,29,24,0,,0,333,2016-01_to_2018-05,0
845011,non_list1,excluded,direct_policy_scope_overlap,217464705,0,0.000000000000,29,24,0,us_201_washers_2018,0,335,2016-01_to_2018-05,0
845012,non_list1,control_candidate,,1917898,0,0.000000000000,24,24,0,,0,335,2016-01_to_2018-05,0
845019,non_list1,control_candidate,,6904689,0,0.000000000000,29,24,0,,0,335,2016-01_to_2018-05,0
845020,non_list1,excluded,direct_policy_scope_overlap,1040504412,0,0.000000000000,29,24,0,us_201_washers_2018,0,335,2016-01_to_2018-05,0
845090,non_list1,excluded,direct_policy_scope_overlap,47701618,0,0.000000000000,29,24,0,us_201_washers_2018,0,335,2016-01_to_2018-05,0
845110,non_list1,excluded,direct_policy_scope_overlap,6190259,0,0.000000000000,28,24,0,us_301_list3_2018,0,333,2016-01_to_2018-05,0
845121,non_list1,excluded,direct_policy_scope_overlap,10223501,0,0.000000000000,29,24,0,us_301_list3_2018,0,335,2016-01_to_2018-05,0
845129,non_list1,excluded,direct_policy_scope_overlap,32462509,0,0.000000000000,29,24,0,us_301_list3_2018,0,333|335,2016-01_to_2018-05,0
845130,non_list1,excluded,direct_policy_scope_overlap,20603452,0,0.000000000000,29,24,0,us_301_list3_2018,0,333,2016-01_to_2018-05,0
845140,non_list1,excluded,direct_policy_scope_overlap,2409771,0,0.000000000000,26,24,0,us_301_list3_2018,0,333,2016-01_to_2018-05,0
845150,non_list1,excluded,direct_policy_scope_overlap,38546835,0,0.000000000000,29,24,0,us_301_list3_2018,0,333,2016-01_to_2018-05,0
845180,non_list1,excluded,direct_policy_scope_overlap,10529623,0,0.000000000000,29,24,0,us_301_list3_2018,0,333,2016-01_to_2018-05,0
845190,non_list1,excluded,direct_policy_scope_overlap,43954142,0,0.000000000000,29,24,0,us_301_list3_2018,0,333|335,2016-01_to_2018-05,0
845210,non_list1,control_candidate,,218994087,0,0.000000000000,29,24,0,,0,333,2016-01_to_2018-05,0
845221,non_list1,control_candidate,,64730080,0,0.000000000000,29,24,0,,0,333,2016-01_to_2018-05,0
845229,non_list1,excluded,direct_policy_scope_overlap,26784597,0,0.000000000000,29,24,0,us_301_list3_2018,0,333,2016-01_to_2018-05,0
845230,non_list1,control_candidate,,532851,0,0.000000000000,24,24,0,,0,339,2016-01_to_2018-05,0
845290,non_list1,control_candidate,,53419991,0,0.000000000000,29,24,0,,0,321|333,2016-01_to_2018-05,0
845310,non_list1,excluded,insufficient_positive_pre_months,2152571,0,0.000000000000,21,24,0,,0,333,2016-01_to_2018-05,0
845320,non_list1,control_candidate,,1252432,0,0.000000000000,28,24,0,,0,333,2016-01_to_2018-05,0
845380,non_list1,control_candidate,,1273110,0,0.000000000000,29,24,0,,0,333,2016-01_to_2018-05,0
845390,non_list1,excluded,insufficient_positive_pre_months,1066536,0,0.000000000000,23,24,0,,0,333,2016-01_to_2018-05,0
845410,pure_list1,treated_candidate,,580468,580468,1.000000000000,28,24,1,,0,333,2016-01_to_2018-05,0
845420,non_list1,excluded,direct_policy_scope_overlap,8723647,0,0.000000000000,29,24,0,us_301_list3_2018,0,331|333,2016-01_to_2018-05,0
845430,pure_list1,treated_candidate,,15200255,15200255,1.000000000000,29,24,1,,0,333,2016-01_to_2018-05,0
845490,pure_list1,treated_candidate,,85703514,85703514,1.000000000000,29,24,1,,0,333,2016-01_to_2018-05,0
845510,pure_list1,excluded,insufficient_positive_pre_months,2976741,2976741,1.000000000000,22,24,1,,0,333,2016-01_to_2018-05,0
845521,pure_list1,excluded,insufficient_positive_pre_months,1427291,1427291,1.000000000000,15,24,1,,0,333,2016-01_to_2018-05,0
845522,pure_list1,treated_candidate,,11193415,11193415,1.000000000000,29,24,1,,1,333,2016-01_to_2018-05,0
845530,pure_list1,treated_candidate,,54409664,54409664,1.000000000000,29,24,1,,0,331,2016-01_to_2018-05,0
845590,mixed_list1,excluded,mixed_list1_pre_value_share,45475310,40596942,0.892724909407,29,24,1,us_301_list2_2018,0,333,2016-01_to_2018-05,0
845611,pure_list1,excluded,insufficient_positive_pre_months,44853479,44853479,1.000000000000,17,24,1,,0,333,2016-01_to_2018-05,0
845612,pure_list1,excluded,insufficient_positive_pre_months,502535,502535,1.000000000000,14,24,1,,0,333,2016-01_to_2018-05,0
845620,pure_list1,excluded,insufficient_positive_pre_months,2668117,2668117,1.000000000000,20,24,1,,0,333|335,2016-01_to_2018-05,0
845630,pure_list1,treated_candidate,,75167035,75167035,1.000000000000,29,24,1,,0,333,2016-01_to_2018-05,0
845640,pure_list1,excluded,insufficient_positive_pre_months,6545898,6545898,1.000000000000,17,24,1,,0,333,2016-01_to_2018-05,0
845650,pure_list1,excluded,insufficient_positive_pre_months,4004688,4004688,1.000000000000,14,24,1,,0,333,2016-01_to_2018-05,0
845690,pure_list1,excluded,insufficient_positive_pre_months,9529855,9529855,1.000000000000,17,24,1,,0,333,2016-01_to_2018-05,0
845710,pure_list1,treated_candidate,,17135248,17135248,1.000000000000,29,24,1,,0,333,2016-01_to_2018-05,0
845720,pure_list1,excluded,insufficient_positive_pre_months,297914,297914,1.000000000000,3,24,1,,0,333,2016-01_to_2018-05,0
845730,pure_list1,excluded,insufficient_positive_pre_months,1620616,1620616,1.000000000000,4,24,1,,0,333,2016-01_to_2018-05,0
845811,pure_list1,treated_candidate,,69170853,69170853,1.000000000000,29,24,1,,0,333,2016-01_to_2018-05,0
845819,pure_list1,treated_candidate,,31650722,31650722,1.000000000000,29,24,1,,1,333,2016-01_to_2018-05,0
845891,pure_list1,treated_candidate,,27777424,27777424,1.000000000000,26,24,1,,0,333,2016-01_to_2018-05,0
845899,pure_list1,treated_candidate,,4008784,4008784,1.000000000000,29,24,1,,0,333,2016-01_to_2018-05,0
845910,non_list1,excluded,insufficient_positive_pre_months|direct_policy_scope_overlap,0,0,0.000000000000,0,24,1,,0,333,2016-01_to_2018-05,0
845921,pure_list1,excluded,insufficient_positive_pre_months,2182897,2182897,1.000000000000,13,24,1,,0,333,2016-01_to_2018-05,0
845929,non_list1,excluded,direct_policy_scope_overlap,42477447,0,0.000000000000,29,24,0,us_301_list3_2018,0,333,2016-01_to_2018-05,0
845931,pure_list1,excluded,insufficient_positive_pre_months,1885844,1885844,1.000000000000,6,24,1,,0,333,2016-01_to_2018-05,0
845939,pure_list1,excluded,insufficient_positive_pre_months,648581,648581,1.000000000000,16,24,1,,0,333,2016-01_to_2018-05,0
845941,pure_list1,excluded,insufficient_positive_pre_months,288339,288339,1.000000000000,3,24,1,,0,333,2016-01_to_2018-05,0
845949,pure_list1,excluded,insufficient_positive_pre_months,89276,89276,1.000000000000,6,24,1,,0,333,2016-01_to_2018-05,0
845951,pure_list1,excluded,insufficient_positive_pre_months,266300,266300,1.000000000000,13,24,1,,0,333,2016-01_to_2018-05,0
845959,non_list1,excluded,direct_policy_scope_overlap,8121459,0,0.000000000000,29,24,0,us_301_list3_2018,0,333,2016-01_to_2018-05,0
845961,pure_list1,treated_candidate,,8734034,8734034,1.000000000000,29,24,1,,0,333,2016-01_to_2018-05,0
845969,pure_list1,treated_candidate,,13900032,13900032,1.000000000000,29,24,1,,0,333,2016-01_to_2018-05,0
845970,pure_list1,treated_candidate,,2307915,2307915,1.000000000000,27,24,1,,0,333,2016-01_to_2018-05,0
846012,pure_list1,excluded,insufficient_positive_pre_months,108059,108059,1.000000000000,4,24,1,,0,333,2016-01_to_2018-05,0
846019,pure_list1,excluded,insufficient_positive_pre_months,1694673,1694673,1.000000000000,17,24,1,,0,333,2016-01_to_2018-05,0
846022,pure_list1,excluded,insufficient_positive_pre_months,673985,673985,1.000000000000,7,24,1,,0,333,2016-01_to_2018-05,0
846023,pure_list1,excluded,insufficient_positive_pre_months,283906,283906,1.000000000000,5,24,1,,0,333,2016-01_to_2018-05,0
846024,non_list1,excluded,insufficient_positive_pre_months|direct_policy_scope_overlap,0,0,0.000000000000,0,24,1,,0,333,2016-01_to_2018-05,0
846029,pure_list1,excluded,insufficient_positive_pre_months,1794015,1794015,1.000000000000,13,24,1,,0,333,2016-01_to_2018-05,0
846031,pure_list1,excluded,insufficient_positive_pre_months,1573499,1573499,1.000000000000,15,24,1,,0,333,2016-01_to_2018-05,0
846039,non_list1,excluded,direct_policy_scope_overlap,9502090,0,0.000000000000,29,24,0,us_301_list3_2018,0,333,2016-01_to_2018-05,0
846040,pure_list1,treated_candidate,,3878524,3878524,1.000000000000,25,24,1,,0,333,2016-01_to_2018-05,0
846090,pure_list1,excluded,insufficient_positive_pre_months,22083967,22083967,1.000000000000,17,24,1,,0,333,2016-01_to_2018-05,0
846120,pure_list1,excluded,insufficient_positive_pre_months,1628926,1628926,1.000000000000,11,24,1,,0,333,2016-01_to_2018-05,0
846130,pure_list1,excluded,insufficient_positive_pre_months,119657,119657,1.000000000000,3,24,1,,0,333,2016-01_to_2018-05,0
846140,pure_list1,excluded,insufficient_positive_pre_months,1726411,1726411,1.000000000000,18,24,1,,0,333,2016-01_to_2018-05,0
846150,mixed_list1,excluded,mixed_list1_pre_value_share,64791481,2287649,0.035307867094,29,24,1,us_301_list3_2018,0,333,2016-01_to_2018-05,0
846190,pure_list1,treated_candidate,,2269587,2269587,1.000000000000,29,24,1,,0,333,2016-01_to_2018-05,0
846210,pure_list1,treated_candidate,,49941783,49941783,1.000000000000,29,24,1,,0,333,2016-01_to_2018-05,0
846221,pure_list1,treated_candidate,,20234691,20234691,1.000000000000,28,24,1,,0,333,2016-01_to_2018-05,0
846229,pure_list1,treated_candidate,,50678858,50678858,1.000000000000,29,24,1,,0,333,2016-01_to_2018-05,0
846231,pure_list1,excluded,insufficient_positive_pre_months,1380931,1380931,1.000000000000,8,24,1,,0,333,2016-01_to_2018-05,0
846239,pure_list1,treated_candidate,,13099376,13099376,1.000000000000,29,24,1,,0,333,2016-01_to_2018-05,0
846241,pure_list1,excluded,insufficient_positive_pre_months,2376811,2376811,1.000000000000,12,24,1,,0,333,2016-01_to_2018-05,0
846249,pure_list1,treated_candidate,,9091253,9091253,1.000000000000,29,24,1,,0,333,2016-01_to_2018-05,0
846291,pure_list1,treated_candidate,,24958229,24958229,1.000000000000,29,24,1,,0,333,2016-01_to_2018-05,0
846299,pure_list1,treated_candidate,,11300336,11300336,1.000000000000,29,24,1,,0,333,2016-01_to_2018-05,0
846310,pure_list1,treated_candidate,,3541479,3541479,1.000000000000,27,24,1,,0,333,2016-01_to_2018-05,0
846320,pure_list1,excluded,insufficient_positive_pre_months,349334,349334,1.000000000000,13,24,1,,0,333,2016-01_to_2018-05,0
846330,pure_list1,treated_candidate,,7495795,7495795,1.000000000000,29,24,1,,0,333,2016-01_to_2018-05,0
846390,pure_list1,treated_candidate,,10246385,10246385,1.000000000000,29,24,1,,0,333|930,2016-01_to_2018-05,0
846410,non_list1,excluded,direct_policy_scope_overlap,177065375,0,0.000000000000,29,24,0,us_301_list2_2018,0,333,2016-01_to_2018-05,0
846420,pure_list1,treated_candidate,,34814017,34814017,1.000000000000,29,24,1,,0,333,2016-01_to_2018-05,0
846490,pure_list1,treated_candidate,,41152274,41152274,1.000000000000,29,24,1,,0,333,2016-01_to_2018-05,0
846510,pure_list1,treated_candidate,,7680759,7680759,1.000000000000,27,24,1,,0,333|930,2016-01_to_2018-05,0
846520,non_list1,excluded,insufficient_positive_pre_months|direct_policy_scope_overlap,632256,0,0.000000000000,14,24,0,us_301_list3_2018,0,333,2016-01_to_2018-05,0
846591,non_list1,excluded,insufficient_positive_pre_months|direct_policy_scope_overlap,406631024,0,0.000000000000,17,24,0,us_301_list3_2018,0,332|333|930,2016-01_to_2018-05,0
846592,pure_list1,excluded,insufficient_positive_pre_months,52746372,52746372,1.000000000000,17,24,1,,0,333|930,2016-01_to_2018-05,0
846593,pure_list1,excluded,insufficient_positive_pre_months,34429214,34429214,1.000000000000,17,24,1,,0,333|930,2016-01_to_2018-05,0
846594,pure_list1,excluded,insufficient_positive_pre_months,3648799,3648799,1.000000000000,17,24,1,,0,333|930,2016-01_to_2018-05,0
846595,non_list1,excluded,insufficient_positive_pre_months|direct_policy_scope_overlap,25972582,0,0.000000000000,17,24,0,us_301_list2_2018,0,333|930,2016-01_to_2018-05,0
846596,non_list1,excluded,insufficient_positive_pre_months,73192332,0,0.000000000000,17,24,0,,0,333,2016-01_to_2018-05,0
846599,pure_list1,excluded,insufficient_positive_pre_months,23788583,23788583,1.000000000000,17,24,1,,0,333,2016-01_to_2018-05,0
846610,pure_list1,treated_candidate,,538734909,538734909,1.000000000000,29,24,1,,0,333,2016-01_to_2018-05,0
846620,pure_list1,treated_candidate,,65850312,65850312,1.000000000000,29,24,1,,0,333,2016-01_to_2018-05,0
846630,mixed_list1,excluded,mixed_list1_pre_value_share,51781740,17257498,0.333273814283,29,24,1,us_301_list2_2018,0,333,2016-01_to_2018-05,0
846691,mixed_list1,excluded,mixed_list1_pre_value_share,40427481,20793995,0.514352971930,29,24,1,us_301_list3_2018,0,333,2016-01_to_2018-05,0
846692,pure_list1,treated_candidate,,88735570,88735570,1.000000000000,29,24,1,,1,333,2016-01_to_2018-05,0
846693,mixed_list1,excluded,mixed_list1_pre_value_share,190506889,84741431,0.444820822201,29,24,1,us_301_list3_2018,1,333,2016-01_to_2018-05,0
846694,pure_list1,treated_candidate,,66831631,66831631,1.000000000000,29,24,1,,0,333,2016-01_to_2018-05,0
846711,pure_list1,treated_candidate,,160902026,160902026,1.000000000000,29,24,1,,0,333,2016-01_to_2018-05,0
846719,non_list1,excluded,direct_policy_scope_overlap,281466974,0,0.000000000000,29,24,0,us_301_list3_2018,0,333,2016-01_to_2018-05,0
846721,non_list1,control_candidate,,1255804539,0,0.000000000000,29,24,0,,0,333,2016-01_to_2018-05,0
846722,non_list1,control_candidate,,1557069251,0,0.000000000000,29,24,0,,0,333,2016-01_to_2018-05,0
846729,non_list1,control_candidate,,4418955578,0,0.000000000000,29,24,0,,0,333|335,2016-01_to_2018-05,0
846781,non_list1,control_candidate,,110115553,0,0.000000000000,29,24,0,,0,333,2016-01_to_2018-05,0
846789,non_list1,control_candidate,,332968904,0,0.000000000000,29,24,0,,0,333,2016-01_to_2018-05,0
846791,non_list1,control_candidate,,57050736,0,0.000000000000,29,24,0,,0,333,2016-01_to_2018-05,0
846792,non_list1,control_candidate,,58058998,0,0.000000000000,29,24,0,,0,333,2016-01_to_2018-05,0
846799,non_list1,excluded,direct_policy_scope_overlap,266259786,0,0.000000000000,29,24,0,us_301_list3_2018,0,333,2016-01_to_2018-05,0
846810,non_list1,control_candidate,,12748839,0,0.000000000000,29,24,0,,0,333,2016-01_to_2018-05,0
846820,mixed_list1,excluded,mixed_list1_pre_value_share,4182725,1174229,0.280733014960,29,24,1,us_301_list3_2018,0,333,2016-01_to_2018-05,0
846880,mixed_list1,excluded,mixed_list1_pre_value_share,6378139,4157961,0.651908181995,29,24,1,us_301_list3_2018,0,333,2016-01_to_2018-05,0
846890,non_list1,excluded,direct_policy_scope_overlap,31570376,0,0.000000000000,29,24,0,us_301_list3_2018,0,333,2016-01_to_2018-05,0
847010,non_list1,excluded,direct_policy_scope_overlap,135739329,0,0.000000000000,29,24,0,us_301_list3_2018,0,333,2016-01_to_2018-05,0
847021,non_list1,excluded,direct_policy_scope_overlap,62535176,0,0.000000000000,29,24,0,us_301_list3_2018,0,333,2016-01_to_2018-05,0
847029,non_list1,excluded,direct_policy_scope_overlap,8227627,0,0.000000000000,29,24,0,us_301_list3_2018,0,333,2016-01_to_2018-05,0
847030,non_list1,excluded,direct_policy_scope_overlap,13728177,0,0.000000000000,29,24,0,us_301_list3_2018,0,333,2016-01_to_2018-05,0
847050,non_list1,control_candidate,,563494343,0,0.000000000000,29,24,0,,0,333|334,2016-01_to_2018-05,0
847090,non_list1,excluded,direct_policy_scope_overlap,141287108,0,0.000000000000,29,24,0,us_301_list3_2018,0,333,2016-01_to_2018-05,0
847130,non_list1,control_candidate,,84790043017,0,0.000000000000,29,24,0,,0,334,2016-01_to_2018-05,0
847141,non_list1,control_candidate,,2559129151,0,0.000000000000,29,24,0,,0,334,2016-01_to_2018-05,0
847149,non_list1,control_candidate,,4113538204,0,0.000000000000,29,24,0,,0,334,2016-01_to_2018-05,0
847150,non_list1,excluded,direct_policy_scope_overlap,9889718530,0,0.000000000000,29,24,0,us_301_list3_2018,0,334,2016-01_to_2018-05,0
847160,non_list1,excluded,direct_policy_scope_overlap,4488717202,0,0.000000000000,29,24,0,us_301_list3_2018,0,334,2016-01_to_2018-05,0
847170,mixed_list1,excluded,mixed_list1_pre_value_share,5516858215,3702553763,0.671134478848,29,24,1,us_301_list3_2018,1,334,2016-01_to_2018-05,0
847180,non_list1,excluded,direct_policy_scope_overlap,4692949307,0,0.000000000000,29,24,0,us_301_list3_2018,0,334,2016-01_to_2018-05,0
847190,non_list1,excluded,direct_policy_scope_overlap,739931667,0,0.000000000000,29,24,0,us_301_list3_2018,0,334,2016-01_to_2018-05,0
847210,non_list1,excluded,direct_policy_scope_overlap,3033189,0,0.000000000000,29,24,0,us_301_list3_2018,0,333,2016-01_to_2018-05,0
847230,non_list1,excluded,direct_policy_scope_overlap,5731907,0,0.000000000000,29,24,0,us_301_list3_2018,0,333,2016-01_to_2018-05,0
847290,non_list1,excluded,insufficient_positive_pre_months|direct_policy_scope_overlap,479317164,0,0.000000000000,17,24,0,us_301_list3_2018,0,333|334|339,2016-01_to_2018-05,0
847321,non_list1,excluded,direct_policy_scope_overlap,4605729,0,0.000000000000,29,24,0,us_301_list3_2018,0,333,2016-01_to_2018-05,0
847329,non_list1,excluded,direct_policy_scope_overlap,349681326,0,0.000000000000,29,24,0,us_301_list3_2018,0,333,2016-01_to_2018-05,0
847330,mixed_list1,excluded,insufficient_positive_pre_months|mixed_list1_pre_value_share,22973025920,42174169,0.001835812537,17,24,1,us_301_list3_2018,0,333|334,2016-01_to_2018-05,0
847340,mixed_list1,excluded,insufficient_positive_pre_months|mixed_list1_pre_value_share,156040684,155357913,0.995624403954,17,24,1,us_301_list3_2018,1,333|334,2016-01_to_2018-05,0
847350,mixed_list1,excluded,insufficient_positive_pre_months|mixed_list1_pre_value_share,117834882,16973122,0.144041575058,17,24,1,us_301_list2_2018,0,333|334,2016-01_to_2018-05,0
847410,pure_list1,treated_candidate,,26718055,26718055,1.000000000000,29,24,1,,0,333,2016-01_to_2018-05,0
847420,pure_list1,treated_candidate,,44275574,44275574,1.000000000000,29,24,1,,0,333,2016-01_to_2018-05,0
847431,pure_list1,treated_candidate,,40403882,40403882,1.000000000000,29,24,1,,0,333,2016-01_to_2018-05,0
847432,pure_list1,excluded,insufficient_positive_pre_months,152746,152746,1.000000000000,6,24,1,,0,333,2016-01_to_2018-05,0
847439,pure_list1,treated_candidate,,6431960,6431960,1.000000000000,29,24,1,,0,333,2016-01_to_2018-05,0
847480,pure_list1,treated_candidate,,9601491,9601491,1.000000000000,29,24,1,,0,333,2016-01_to_2018-05,0
847490,pure_list1,treated_candidate,,329446257,329446257,1.000000000000,29,24,1,,1,333,2016-01_to_2018-05,0
847510,pure_list1,excluded,insufficient_positive_pre_months,593670,593670,1.000000000000,15,24,1,,0,333,2016-01_to_2018-05,0
847521,pure_list1,excluded,insufficient_positive_pre_months,882002,882002,1.000000000000,8,24,1,,0,333,2016-01_to_2018-05,0
847529,non_list1,excluded,direct_policy_scope_overlap,32859999,0,0.000000000000,29,24,0,us_301_list2_2018,0,333,2016-01_to_2018-05,0
847590,pure_list1,treated_candidate,,33286193,33286193,1.000000000000,29,24,1,,0,333,2016-01_to_2018-05,0
847621,non_list1,excluded,direct_policy_scope_overlap,8924792,0,0.000000000000,27,24,0,us_301_list3_2018,0,333,2016-01_to_2018-05,0
847629,non_list1,excluded,direct_policy_scope_overlap,1817107,0,0.000000000000,25,24,0,us_301_list3_2018,0,333,2016-01_to_2018-05,0
847681,non_list1,excluded,insufficient_positive_pre_months|direct_policy_scope_overlap,316117,0,0.000000000000,15,24,0,us_301_list3_2018,0,333,2016-01_to_2018-05,0
847689,non_list1,control_candidate,,27035721,0,0.000000000000,29,24,0,,0,333,2016-01_to_2018-05,0
847690,non_list1,excluded,direct_policy_scope_overlap,74975248,0,0.000000000000,29,24,0,us_301_list3_2018,0,333,2016-01_to_2018-05,0
847710,pure_list1,treated_candidate,,341070749,341070749,1.000000000000,29,24,1,,0,333,2016-01_to_2018-05,0
847720,pure_list1,treated_candidate,,21241685,21241685,1.000000000000,29,24,1,,0,333,2016-01_to_2018-05,0
847730,pure_list1,treated_candidate,,19038728,19038728,1.000000000000,28,24,1,,0,333,2016-01_to_2018-05,0
847740,pure_list1,treated_candidate,,4889396,4889396,1.000000000000,26,24,1,,0,333,2016-01_to_2018-05,0
847751,pure_list1,treated_candidate,,51294172,51294172,1.000000000000,27,24,1,,0,333,2016-01_to_2018-05,0
847759,non_list1,excluded,direct_policy_scope_overlap,16767591,0,0.000000000000,29,24,0,us_301_list3_2018,0,333,2016-01_to_2018-05,0
847780,pure_list1,treated_candidate,,164065578,164065578,1.000000000000,29,24,1,,0,333,2016-01_to_2018-05,0
847790,pure_list1,treated_candidate,,333214369,333214369,1.000000000000,29,24,1,,0,332|333,2016-01_to_2018-05,0
847810,non_list1,control_candidate,,16966641,0,0.000000000000,29,24,0,,0,333,2016-01_to_2018-05,0
847890,non_list1,excluded,insufficient_positive_pre_months,464404,0,0.000000000000,23,24,0,,0,333,2016-01_to_2018-05,0
847910,pure_list1,treated_candidate,,15193597,15193597,1.000000000000,29,24,1,,1,333,2016-01_to_2018-05,0
847920,pure_list1,treated_candidate,,14200224,14200224,1.000000000000,27,24,1,,0,333,2016-01_to_2018-05,0
847930,pure_list1,excluded,insufficient_positive_pre_months,4591179,4591179,1.000000000000,21,24,1,,1,333,2016-01_to_2018-05,0
847940,pure_list1,treated_candidate,,16438975,16438975,1.000000000000,29,24,1,,0,333,2016-01_to_2018-05,0
847950,pure_list1,treated_candidate,,38966690,38966690,1.000000000000,29,24,1,,0,333,2016-01_to_2018-05,0
847960,non_list1,excluded,direct_policy_scope_overlap,47097737,0,0.000000000000,29,24,0,us_301_list3_2018,0,333,2016-01_to_2018-05,0
847971,non_list1,excluded,insufficient_positive_pre_months|direct_policy_scope_overlap,300000,0,0.000000000000,1,24,0,us_301_list3_2018,0,332,2016-01_to_2018-05,0
847979,non_list1,excluded,insufficient_positive_pre_months,651304,0,0.000000000000,22,24,0,,0,332,2016-01_to_2018-05,0
847981,pure_list1,treated_candidate,,19603862,19603862,1.000000000000,29,24,1,,1,333,2016-01_to_2018-05,0
847982,pure_list1,treated_candidate,,92389193,92389193,1.000000000000,29,24,1,,1,333,2016-01_to_2018-05,0
847989,mixed_list1,excluded,mixed_list1_pre_value_share,1545129810,4009615,0.002595002034,29,24,1,us_301_list3_2018,0,333|335,2016-01_to_2018-05,0
847990,mixed_list1,excluded,mixed_list1_pre_value_share,528407200,493167779,0.933310104404,29,24,1,,1,333|335,2016-01_to_2018-05,0
848010,non_list1,excluded,direct_policy_scope_overlap,4354178,0,0.000000000000,26,24,0,us_301_list3_2018,0,333,2016-01_to_2018-05,0
848020,pure_list1,treated_candidate,,16207230,16207230,1.000000000000,29,24,1,,0,333,2016-01_to_2018-05,0
848030,pure_list1,treated_candidate,,4280330,4280330,1.000000000000,29,24,1,,0,332,2016-01_to_2018-05,0
848041,pure_list1,treated_candidate,,52902657,52902657,1.000000000000,29,24,1,,0,333,2016-01_to_2018-05,0
848049,pure_list1,treated_candidate,,27483828,27483828,1.000000000000,29,24,1,,0,333,2016-01_to_2018-05,0
848050,pure_list1,treated_candidate,,33613109,33613109,1.000000000000,29,24,1,,0,333,2016-01_to_2018-05,0
848060,non_list1,control_candidate,,37020604,0,0.000000000000,29,24,0,,0,333,2016-01_to_2018-05,0
848071,pure_list1,treated_candidate,,975252854,975252854,1.000000000000,29,24,1,,1,333,2016-01_to_2018-05,0
848079,non_list1,excluded,direct_policy_scope_overlap,144431138,0,0.000000000000,29,24,0,us_301_list3_2018,0,333,2016-01_to_2018-05,0
848110,pure_list1,treated_candidate,,146335909,146335909,1.000000000000,29,24,1,,1,332,2016-01_to_2018-05,0
848120,pure_list1,treated_candidate,,159602123,159602123,1.000000000000,29,24,1,,0,332,2016-01_to_2018-05,0
848130,mixed_list1,excluded,mixed_list1_pre_value_share,205935997,147101604,0.714307387455,29,24,1,us_301_list3_2018,1,332,2016-01_to_2018-05,0
848140,pure_list1,treated_candidate,,82236717,82236717,1.000000000000,29,24,1,,0,332,2016-01_to_2018-05,0
848180,non_list1,excluded,direct_policy_scope_overlap,5339298677,0,0.000000000000,29,24,0,us_301_list3_2018,0,332|333,2016-01_to_2018-05,0
848190,mixed_list1,excluded,mixed_list1_pre_value_share,3020188554,1500463570,0.496811223264,29,24,1,,1,332,2016-01_to_2018-05,0
848210,mixed_list1,excluded,mixed_list1_pre_value_share,644773221,615611134,0.954771559906,29,24,1,us_301_list3_2018,1,332,2016-01_to_2018-05,0
848220,pure_list1,treated_candidate,,203714380,203714380,1.000000000000,29,24,1,,0,332,2016-01_to_2018-05,0
848230,pure_list1,treated_candidate,,67257094,67257094,1.000000000000,29,24,1,,0,332,2016-01_to_2018-05,0
848240,pure_list1,treated_candidate,,69575282,69575282,1.000000000000,29,24,1,,1,332,2016-01_to_2018-05,0
848250,pure_list1,treated_candidate,,72651062,72651062,1.000000000000,29,24,1,,0,332,2016-01_to_2018-05,0
848280,pure_list1,treated_candidate,,8061078,8061078,1.000000000000,29,24,1,,0,332,2016-01_to_2018-05,0
848291,pure_list1,treated_candidate,,51448037,51448037,1.000000000000,29,24,1,,0,332,2016-01_to_2018-05,0
848299,pure_list1,treated_candidate,,187141531,187141531,1.000000000000,29,24,1,,1,332,2016-01_to_2018-05,0
848310,non_list1,excluded,direct_policy_scope_overlap,527272543,0,0.000000000000,29,24,0,us_301_list3_2018,0,333|336,2016-01_to_2018-05,0
848320,non_list1,excluded,direct_policy_scope_overlap,98495807,0,0.000000000000,29,24,0,us_301_list3_2018,0,332,2016-01_to_2018-05,0
848330,mixed_list1,excluded,mixed_list1_pre_value_share,397425962,35594936,0.089563690859,29,24,1,us_301_list2_2018,0,332|336,2016-01_to_2018-05,0
848340,mixed_list1,excluded,mixed_list1_pre_value_share,1039338390,369594770,0.355605809961,29,24,1,us_301_list3_2018,1,332|333|335,2016-01_to_2018-05,0
848350,mixed_list1,excluded,mixed_list1_pre_value_share,272463069,271148958,0.995176920656,29,24,1,us_301_list3_2018,1,332|333|336,2016-01_to_2018-05,0
848360,mixed_list1,excluded,mixed_list1_pre_value_share,56112623,22999063,0.409873247237,29,24,1,us_301_list3_2018,0,333,2016-01_to_2018-05,0
848390,mixed_list1,excluded,mixed_list1_pre_value_share,946666726,445990266,0.471116448641,29,24,1,us_301_list3_2018,1,332|333,2016-01_to_2018-05,0
848410,pure_list1,treated_candidate,,85833081,85833081,1.000000000000,29,24,1,,0,339,2016-01_to_2018-05,0
848420,pure_list1,treated_candidate,,41328879,41328879,1.000000000000,29,24,1,,0,339,2016-01_to_2018-05,0
848490,pure_list1,treated_candidate,,18130577,18130577,1.000000000000,29,24,1,,0,339,2016-01_to_2018-05,0
848610,non_list1,excluded,direct_policy_scope_overlap,2327538,0,0.000000000000,26,24,0,us_301_list2_2018,0,333,2016-01_to_2018-05,0
848620,non_list1,excluded,direct_policy_scope_overlap,722927014,0,0.000000000000,29,24,0,us_301_list2_2018,0,333,2016-01_to_2018-05,0
848630,non_list1,excluded,direct_policy_scope_overlap,1259153,0,0.000000000000,25,24,0,us_301_list2_2018,0,333,2016-01_to_2018-05,0
848640,non_list1,excluded,direct_policy_scope_overlap,21983465,0,0.000000000000,29,24,0,us_301_list2_2018,0,333,2016-01_to_2018-05,0
848690,non_list1,excluded,direct_policy_scope_overlap,923726434,0,0.000000000000,29,24,0,us_301_list2_2018,0,333,2016-01_to_2018-05,0
848710,pure_list1,treated_candidate,,8171864,8171864,1.000000000000,29,24,1,,0,331|332,2016-01_to_2018-05,0
848790,pure_list1,excluded,insufficient_positive_pre_months,63293711,63293711,1.000000000000,17,24,1,,1,333|339,2016-01_to_2018-05,0
850110,mixed_list1,excluded,mixed_list1_pre_value_share,1037442199,587746132,0.566533858529,29,24,1,us_301_list2_2018,1,335,2016-01_to_2018-05,0
850120,mixed_list1,excluded,mixed_list1_pre_value_share,128451640,45796934,0.356530551109,29,24,1,us_301_list2_2018,0,335,2016-01_to_2018-05,0
850131,mixed_list1,excluded,mixed_list1_pre_value_share,1045630832,375448105,0.359063728335,29,24,1,us_201_solar_2018|us_301_list2_2018,1,335,2016-01_to_2018-05,0
850132,mixed_list1,excluded,mixed_list1_pre_value_share,205117105,11688890,0.056986422463,29,24,1,us_301_list2_2018,0,335,2016-01_to_2018-05,0
850133,mixed_list1,excluded,mixed_list1_pre_value_share,13034644,8845636,0.678625054892,28,24,1,us_301_list2_2018,0,335,2016-01_to_2018-05,0
850134,pure_list1,excluded,insufficient_positive_pre_months,20973976,20973976,1.000000000000,23,24,1,,0,335,2016-01_to_2018-05,0
850140,non_list1,excluded,direct_policy_scope_overlap,1273349527,0,0.000000000000,29,24,0,us_301_list3_2018,0,333|335,2016-01_to_2018-05,0
850151,pure_list1,treated_candidate,,322670880,322670880,1.000000000000,29,24,1,,0,333|335,2016-01_to_2018-05,0
850152,mixed_list1,excluded,mixed_list1_pre_value_share,443508207,202541519,0.456680430719,29,24,1,us_301_list2_2018,1,335,2016-01_to_2018-05,0
850153,mixed_list1,excluded,mixed_list1_pre_value_share,130291224,123385876,0.947000666753,29,24,1,us_301_list2_2018,1,335,2016-01_to_2018-05,0
850161,non_list1,excluded,direct_policy_scope_overlap,80343543,0,0.000000000000,29,24,0,us_201_solar_2018|us_301_list3_2018,0,335,2016-01_to_2018-05,0
850162,pure_list1,treated_candidate,,57481016,57481016,1.000000000000,29,24,1,,1,335,2016-01_to_2018-05,0
850163,pure_list1,treated_candidate,,25387234,25387234,1.000000000000,29,24,1,,0,335,2016-01_to_2018-05,0
850164,pure_list1,treated_candidate,,133173269,133173269,1.000000000000,29,24,1,,0,333|335,2016-01_to_2018-05,0
850211,pure_list1,treated_candidate,,55670574,55670574,1.000000000000,29,24,1,,0,335,2016-01_to_2018-05,0
850212,pure_list1,treated_candidate,,21768754,21768754,1.000000000000,29,24,1,,0,335,2016-01_to_2018-05,0
850213,pure_list1,treated_candidate,,7533799,7533799,1.000000000000,26,24,1,,0,335,2016-01_to_2018-05,0
850220,non_list1,excluded,direct_policy_scope_overlap,1137400395,0,0.000000000000,29,24,0,us_301_list3_2018,0,335,2016-01_to_2018-05,0
850231,pure_list1,treated_candidate,,90078130,90078130,1.000000000000,29,24,1,,0,333,2016-01_to_2018-05,0
850239,pure_list1,treated_candidate,,6463592,6463592,1.000000000000,29,24,1,,0,333,2016-01_to_2018-05,0
850240,pure_list1,treated_candidate,,1786854,1786854,1.000000000000,29,24,1,,0,335,2016-01_to_2018-05,0
850300,mixed_list1,excluded,mixed_list1_pre_value_share,1369373223,207961290,0.151866040979,29,24,1,us_301_list2_2018,0,335,2016-01_to_2018-05,0
850410,non_list1,control_candidate,,421039490,0,0.000000000000,29,24,0,,0,335,2016-01_to_2018-05,0
850421,pure_list1,treated_candidate,,4931028,4931028,1.000000000000,29,24,1,,0,335,2016-01_to_2018-05,0
850422,pure_list1,excluded,insufficient_positive_pre_months,4037427,4037427,1.000000000000,20,24,1,,0,335,2016-01_to_2018-05,0
850423,pure_list1,treated_candidate,,59326021,59326021,1.000000000000,25,24,1,,0,335,2016-01_to_2018-05,0
850431,non_list1,excluded,direct_policy_scope_overlap,547852452,0,0.000000000000,29,24,0,us_301_list3_2018,0,334,2016-01_to_2018-05,0
850432,pure_list1,treated_candidate,,76229580,76229580,1.000000000000,29,24,1,,1,334,2016-01_to_2018-05,0
850433,pure_list1,treated_candidate,,15279418,15279418,1.000000000000,29,24,1,,1,335,2016-01_to_2018-05,0
850434,pure_list1,treated_candidate,,27849311,27849311,1.000000000000,29,24,1,,0,335,2016-01_to_2018-05,0
850440,mixed_list1,excluded,mixed_list1_pre_value_share,10773669601,480540136,0.044603199634,29,24,1,us_301_list3_2018,1,334|335,2016-01_to_2018-05,0
850450,non_list1,excluded,direct_policy_scope_overlap,748609179,0,0.000000000000,29,24,0,us_301_list3_2018,0,334,2016-01_to_2018-05,0
850490,mixed_list1,excluded,mixed_list1_pre_value_share,674531463,538695032,0.798621060023,29,24,1,us_301_list3_2018,1,327|334|335,2016-01_to_2018-05,0
850511,non_list1,control_candidate,,456648012,0,0.000000000000,29,24,0,,0,332,2016-01_to_2018-05,0
850519,mixed_list1,excluded,mixed_list1_pre_value_share,179153011,18225047,0.101728946102,29,24,1,us_301_list3_2018,0,327,2016-01_to_2018-05,0
850520,pure_list1,treated_candidate,,46342679,46342679,1.000000000000,29,24,1,,0,335,2016-01_to_2018-05,0
850590,mixed_list1,excluded,mixed_list1_pre_value_share,274846792,224165416,0.815601355100,29,24,1,,1,334|335,2016-01_to_2018-05,0
850610,non_list1,excluded,direct_policy_scope_overlap,445893065,0,0.000000000000,29,24,0,us_301_list3_2018,0,335,2016-01_to_2018-05,0
850630,non_list1,excluded,direct_policy_scope_overlap,1369352,0,0.000000000000,27,24,0,us_301_list3_2018,0,335,2016-01_to_2018-05,0
850640,pure_list1,treated_candidate,,1931410,1931410,1.000000000000,29,24,1,,0,335,2016-01_to_2018-05,0
850650,pure_list1,treated_candidate,,195535658,195535658,1.000000000000,29,24,1,,0,335,2016-01_to_2018-05,0
850660,pure_list1,treated_candidate,,4720070,4720070,1.000000000000,29,24,1,,0,335,2016-01_to_2018-05,0
850680,non_list1,excluded,direct_policy_scope_overlap,127198158,0,0.000000000000,29,24,0,us_301_list3_2018,0,335,2016-01_to_2018-05,0
850690,pure_list1,treated_candidate,,8434696,8434696,1.000000000000,29,24,1,,0,335,2016-01_to_2018-05,0
850710,non_list1,excluded,direct_policy_scope_overlap,206300568,0,0.000000000000,29,24,0,us_301_list3_2018,0,335,2016-01_to_2018-05,0
850720,non_list1,excluded,direct_policy_scope_overlap,713229626,0,0.000000000000,29,24,0,us_201_solar_2018|us_301_list3_2018,0,335,2016-01_to_2018-05,0
850730,non_list1,excluded,direct_policy_scope_overlap,96267501,0,0.000000000000,29,24,0,us_301_list3_2018,0,335,2016-01_to_2018-05,0
850740,non_list1,excluded,direct_policy_scope_overlap,1465392,0,0.000000000000,28,24,0,us_301_list3_2018,0,335,2016-01_to_2018-05,0
850750,non_list1,excluded,direct_policy_scope_overlap,139238692,0,0.000000000000,29,24,0,us_301_list3_2018,0,335,2016-01_to_2018-05,0
850760,non_list1,control_candidate,,2425694900,0,0.000000000000,29,24,0,,0,335,2016-01_to_2018-05,0
850780,non_list1,excluded,direct_policy_scope_overlap,280349067,0,0.000000000000,29,24,0,us_301_list2_2018,0,335,2016-01_to_2018-05,0
850790,mixed_list1,excluded,mixed_list1_pre_value_share,102662794,93674638,0.912449723509,29,24,1,,0,335,2016-01_to_2018-05,0
850811,non_list1,excluded,direct_policy_scope_overlap,3810452844,0,0.000000000000,29,24,0,us_301_list3_2018,0,335,2016-01_to_2018-05,0
850819,non_list1,excluded,direct_policy_scope_overlap,167547096,0,0.000000000000,29,24,0,us_301_list3_2018,0,335,2016-01_to_2018-05,0
850860,non_list1,excluded,direct_policy_scope_overlap,73437823,0,0.000000000000,29,24,0,us_301_list3_2018,0,335,2016-01_to_2018-05,0
850870,non_list1,excluded,direct_policy_scope_overlap,206609672,0,0.000000000000,29,24,0,us_301_list3_2018,0,335,2016-01_to_2018-05,0
850940,non_list1,control_candidate,,1450657224,0,0.000000000000,29,24,0,,0,335,2016-01_to_2018-05,0
850980,non_list1,excluded,direct_policy_scope_overlap,1570707287,0,0.000000000000,29,24,0,us_301_list3_2018,0,335,2016-01_to_2018-05,0
850990,non_list1,excluded,direct_policy_scope_overlap,392677293,0,0.000000000000,29,24,0,us_301_list3_2018,0,335,2016-01_to_2018-05,0
851010,non_list1,control_candidate,,377077577,0,0.000000000000,29,24,0,,0,335,2016-01_to_2018-05,0
851020,non_list1,excluded,direct_policy_scope_overlap,276579438,0,0.000000000000,29,24,0,us_301_list3_2018,0,333|335,2016-01_to_2018-05,0
851030,non_list1,control_candidate,,86944246,0,0.000000000000,29,24,0,,0,335,2016-01_to_2018-05,0
851090,non_list1,excluded,direct_policy_scope_overlap,75855864,0,0.000000000000,29,24,0,us_301_list3_2018,0,333|335,2016-01_to_2018-05,0
851110,non_list1,excluded,direct_policy_scope_overlap,53159094,0,0.000000000000,29,24,0,us_301_list3_2018,0,336,2016-01_to_2018-05,0
851120,non_list1,excluded,direct_policy_scope_overlap,37332656,0,0.000000000000,29,24,0,us_301_list3_2018,0,336,2016-01_to_2018-05,0
851130,non_list1,excluded,direct_policy_scope_overlap,315110046,0,0.000000000000,29,24,0,us_301_list3_2018,0,336,2016-01_to_2018-05,0
851140,non_list1,excluded,direct_policy_scope_overlap,380104292,0,0.000000000000,29,24,0,us_301_list3_2018,0,336,2016-01_to_2018-05,0
851150,non_list1,excluded,direct_policy_scope_overlap,262998100,0,0.000000000000,29,24,0,us_301_list3_2018,0,336,2016-01_to_2018-05,0
851180,non_list1,excluded,direct_policy_scope_overlap,74020929,0,0.000000000000,29,24,0,us_301_list2_2018|us_301_list3_2018,0,336,2016-01_to_2018-05,0
851190,non_list1,excluded,direct_policy_scope_overlap,159045159,0,0.000000000000,29,24,0,us_301_list2_2018|us_301_list3_2018,0,336,2016-01_to_2018-05,0
851210,non_list1,control_candidate,,67511321,0,0.000000000000,29,24,0,,0,336,2016-01_to_2018-05,0
851220,non_list1,excluded,direct_policy_scope_overlap,1488729865,0,0.000000000000,29,24,0,us_301_list3_2018,0,336,2016-01_to_2018-05,0
851230,non_list1,excluded,direct_policy_scope_overlap,93706585,0,0.000000000000,29,24,0,us_301_list3_2018,0,334|335,2016-01_to_2018-05,0
851240,non_list1,excluded,direct_policy_scope_overlap,80078582,0,0.000000000000,29,24,0,us_301_list3_2018,0,336,2016-01_to_2018-05,0
851290,non_list1,excluded,direct_policy_scope_overlap,1008856342,0,0.000000000000,29,24,0,us_301_list3_2018,0,336,2016-01_to_2018-05,0
851310,non_list1,control_candidate,,1640781398,0,0.000000000000,29,24,0,,0,335,2016-01_to_2018-05,0
851390,non_list1,excluded,direct_policy_scope_overlap,31155929,0,0.000000000000,29,24,0,us_301_list3_2018,0,335,2016-01_to_2018-05,0
851410,pure_list1,treated_candidate,,39078155,39078155,1.000000000000,29,24,1,,0,333,2016-01_to_2018-05,0
851420,mixed_list1,excluded,mixed_list1_pre_value_share,26423596,2183060,0.082617823857,29,24,1,us_301_list3_2018,0,333,2016-01_to_2018-05,0
851430,mixed_list1,excluded,mixed_list1_pre_value_share,28241460,24586456,0.870580203715,29,24,1,,0,333,2016-01_to_2018-05,0
851440,pure_list1,treated_candidate,,4447655,4447655,1.000000000000,29,24,1,,0,333,2016-01_to_2018-05,0
851490,mixed_list1,excluded,mixed_list1_pre_value_share,53814784,40169378,0.746437596033,29,24,1,us_301_list3_2018,1,333,2016-01_to_2018-05,0
851511,pure_list1,treated_candidate,,19169131,19169131,1.000000000000,29,24,1,,1,332,2016-01_to_2018-05,0
851519,pure_list1,treated_candidate,,14878400,14878400,1.000000000000,29,24,1,,1,333,2016-01_to_2018-05,0
851521,pure_list1,treated_candidate,,20552647,20552647,1.000000000000,28,24,1,,0,333,2016-01_to_2018-05,0
851529,pure_list1,treated_candidate,,20802332,20802332,1.000000000000,29,24,1,,0,333,2016-01_to_2018-05,0
851531,pure_list1,treated_candidate,,9699668,9699668,1.000000000000,29,24,1,,0,333,2016-01_to_2018-05,0
851539,pure_list1,treated_candidate,,128636409,128636409,1.000000000000,29,24,1,,1,333,2016-01_to_2018-05,0
851580,pure_list1,treated_candidate,,39316332,39316332,1.000000000000,29,24,1,,0,333|335,2016-01_to_2018-05,0
851590,pure_list1,treated_candidate,,119104386,119104386,1.000000000000,29,24,1,,1,333,2016-01_to_2018-05,0
851610,non_list1,control_candidate,,371705259,0,0.000000000000,29,24,0,,0,335,2016-01_to_2018-05,0
851621,non_list1,excluded,direct_policy_scope_overlap,60906128,0,0.000000000000,27,24,0,us_301_list3_2018,0,335,2016-01_to_2018-05,0
851629,non_list1,excluded,direct_policy_scope_overlap,896226320,0,0.000000000000,29,24,0,us_301_list3_2018,0,335,2016-01_to_2018-05,0
851631,non_list1,control_candidate,,450433290,0,0.000000000000,29,24,0,,0,335,2016-01_to_2018-05,0
851632,non_list1,control_candidate,,613447332,0,0.000000000000,29,24,0,,0,335,2016-01_to_2018-05,0
851633,non_list1,control_candidate,,18974907,0,0.000000000000,29,24,0,,0,333,2016-01_to_2018-05,0
851640,non_list1,control_candidate,,434352994,0,0.000000000000,29,24,0,,0,335,2016-01_to_2018-05,0
851650,non_list1,control_candidate,,2575740713,0,0.000000000000,29,24,0,,0,335,2016-01_to_2018-05,0
851660,non_list1,excluded,direct_policy_scope_overlap,1674030082,0,0.000000000000,29,24,0,us_301_list3_2018,0,335,2016-01_to_2018-05,0
851671,non_list1,control_candidate,,1708930072,0,0.000000000000,29,24,0,,0,335,2016-01_to_2018-05,0
851672,non_list1,control_candidate,,295062295,0,0.000000000000,29,24,0,,0,335,2016-01_to_2018-05,0
851679,non_list1,control_candidate,,2690664993,0,0.000000000000,29,24,0,,0,335,2016-01_to_2018-05,0
851680,non_list1,excluded,direct_policy_scope_overlap,170549148,0,0.000000000000,29,24,0,us_301_list3_2018,0,334,2016-01_to_2018-05,0
851690,non_list1,excluded,direct_policy_scope_overlap,406719007,0,0.000000000000,29,24,0,us_301_list3_2018,0,333|334|335,2016-01_to_2018-05,0
851711,non_list1,control_candidate,,536977200,0,0.000000000000,29,24,0,,0,334,2016-01_to_2018-05,0
851712,non_list1,control_candidate,,98161052756,0,0.000000000000,29,24,0,,0,334,2016-01_to_2018-05,0
851718,non_list1,control_candidate,,2643046266,0,0.000000000000,29,24,0,,0,334,2016-01_to_2018-05,0
851761,non_list1,control_candidate,,308765042,0,0.000000000000,29,24,0,,0,334,2016-01_to_2018-05,0
851762,non_list1,excluded,direct_policy_scope_overlap,50767500319,0,0.000000000000,29,24,0,us_301_list3_2018,0,334,2016-01_to_2018-05,0
851769,non_list1,excluded,direct_policy_scope_overlap,1949017991,0,0.000000000000,29,24,0,us_301_list3_2018,0,334,2016-01_to_2018-05,0
851770,non_list1,control_candidate,,4917889334,0,0.000000000000,29,24,0,,0,334,2016-01_to_2018-05,0
851810,non_list1,excluded,direct_policy_scope_overlap,376250864,0,0.000000000000,29,24,0,us_301_list3_2018,0,334,2016-01_to_2018-05,0
851821,non_list1,control_candidate,,834208894,0,0.000000000000,29,24,0,,0,334,2016-01_to_2018-05,0
851822,non_list1,control_candidate,,1835074316,0,0.000000000000,29,24,0,,0,334,2016-01_to_2018-05,0
851829,non_list1,control_candidate,,969107516,0,0.000000000000,29,24,0,,0,334,2016-01_to_2018-05,0
851830,non_list1,control_candidate,,2266829144,0,0.000000000000,29,24,0,,0,334,2016-01_to_2018-05,0
851840,non_list1,excluded,direct_policy_scope_overlap,682779263,0,0.000000000000,29,24,0,us_301_list3_2018,0,334,2016-01_to_2018-05,0
851850,non_list1,excluded,direct_policy_scope_overlap,154311040,0,0.000000000000,29,24,0,us_301_list3_2018,0,334,2016-01_to_2018-05,0
851890,non_list1,excluded,direct_policy_scope_overlap,227814110,0,0.000000000000,29,24,0,us_301_list3_2018,0,334,2016-01_to_2018-05,0
851920,non_list1,excluded,insufficient_positive_pre_months,187420,0,0.000000000000,15,24,0,,0,334,2016-01_to_2018-05,0
851930,non_list1,control_candidate,,137994865,0,0.000000000000,29,24,0,,0,334,2016-01_to_2018-05,0
851950,non_list1,control_candidate,,2058861,0,0.000000000000,29,24,0,,0,334,2016-01_to_2018-05,0
851981,non_list1,excluded,direct_policy_scope_overlap,1356214755,0,0.000000000000,29,24,0,us_301_list3_2018,0,333|334,2016-01_to_2018-05,0
851989,non_list1,control_candidate,,66789654,0,0.000000000000,29,24,0,,0,334,2016-01_to_2018-05,0
852110,non_list1,control_candidate,,5091494,0,0.000000000000,29,24,0,,0,334,2016-01_to_2018-05,0
852190,non_list1,control_candidate,,1367318666,0,0.000000000000,29,24,0,,0,334,2016-01_to_2018-05,0
852210,non_list1,excluded,insufficient_positive_pre_months|direct_policy_scope_overlap,619936,0,0.000000000000,22,24,0,us_301_list3_2018,0,334,2016-01_to_2018-05,0
852290,non_list1,excluded,insufficient_positive_pre_months|direct_policy_scope_overlap,32245990,0,0.000000000000,17,24,0,us_301_list3_2018,0,334,2016-01_to_2018-05,0
852321,non_list1,excluded,direct_policy_scope_overlap,15175276,0,0.000000000000,29,24,0,us_301_list3_2018,0,334,2016-01_to_2018-05,0
852329,non_list1,control_candidate,,15182418,0,0.000000000000,29,24,0,,0,334,2016-01_to_2018-05,0
852341,non_list1,control_candidate,,42377896,0,0.000000000000,29,24,0,,0,334,2016-01_to_2018-05,0
852349,non_list1,excluded,direct_policy_scope_overlap,49727968,0,0.000000000000,29,24,0,us_301_list3_2018,0,334,2016-01_to_2018-05,0
852351,non_list1,control_candidate,,9035410617,0,0.000000000000,29,24,0,,0,334,2016-01_to_2018-05,0
852352,non_list1,excluded,direct_policy_scope_overlap,533902686,0,0.000000000000,29,24,0,us_301_list3_2018,0,334,2016-01_to_2018-05,0
852359,non_list1,excluded,direct_policy_scope_overlap,58313602,0,0.000000000000,29,24,0,us_301_list3_2018,0,334,2016-01_to_2018-05,0
852380,non_list1,control_candidate,,10939200,0,0.000000000000,29,24,0,,0,334,2016-01_to_2018-05,0
852550,mixed_list1,excluded,mixed_list1_pre_value_share,4896970793,41364980,0.008447054669,29,24,1,us_301_list3_2018,0,334,2016-01_to_2018-05,0
852560,pure_list1,treated_candidate,,1537017901,1537017901,1.000000000000,29,24,1,,1,334,2016-01_to_2018-05,0
852580,mixed_list1,excluded,mixed_list1_pre_value_share,6627788193,17379343,0.002622193482,29,24,1,us_301_list3_2018,0,334,2016-01_to_2018-05,0
852610,pure_list1,treated_candidate,,12055360,12055360,1.000000000000,29,24,1,,0,334,2016-01_to_2018-05,0
852691,pure_list1,treated_candidate,,1440623792,1440623792,1.000000000000,29,24,1,,0,334,2016-01_to_2018-05,0
852692,mixed_list1,excluded,mixed_list1_pre_value_share,565507502,326574836,0.577489838499,29,24,1,,1,334|339,2016-01_to_2018-05,0
852712,non_list1,control_candidate,,1482503,0,0.000000000000,24,24,0,,0,334,2016-01_to_2018-05,0
852713,non_list1,control_candidate,,331749384,0,0.000000000000,29,24,0,,0,334,2016-01_to_2018-05,0
852719,non_list1,control_candidate,,208659634,0,0.000000000000,29,24,0,,0,334,2016-01_to_2018-05,0
852721,non_list1,excluded,direct_policy_scope_overlap,1169314980,0,0.000000000000,29,24,0,us_301_list3_2018,0,334,2016-01_to_2018-05,0
852729,non_list1,excluded,direct_policy_scope_overlap,49398005,0,0.000000000000,29,24,0,us_301_list3_2018,0,334,2016-01_to_2018-05,0
852791,non_list1,control_candidate,,431684253,0,0.000000000000,29,24,0,,0,334,2016-01_to_2018-05,0
852792,non_list1,control_candidate,,159193810,0,0.000000000000,29,24,0,,0,334,2016-01_to_2018-05,0
852799,mixed_list1,excluded,mixed_list1_pre_value_share,129895391,89863333,0.691813099050,29,24,1,,0,334,2016-01_to_2018-05,0
852842,non_list1,excluded,insufficient_positive_pre_months|direct_policy_scope_overlap,5993552,0,0.000000000000,17,24,0,us_301_list3_2018,0,334,2016-01_to_2018-05,0
852849,non_list1,excluded,insufficient_positive_pre_months|direct_policy_scope_overlap,3987898,0,0.000000000000,17,24,0,us_301_list3_2018,0,334,2016-01_to_2018-05,0
852852,non_list1,excluded,insufficient_positive_pre_months,6364250584,0,0.000000000000,17,24,0,,0,334,2016-01_to_2018-05,0
852859,non_list1,excluded,insufficient_positive_pre_months|direct_policy_scope_overlap,1021786961,0,0.000000000000,17,24,0,us_301_list3_2018,0,334,2016-01_to_2018-05,0
852862,non_list1,excluded,insufficient_positive_pre_months,71664165,0,0.000000000000,17,24,0,,0,334,2016-01_to_2018-05,0
852869,non_list1,excluded,insufficient_positive_pre_months|direct_policy_scope_overlap,799730614,0,0.000000000000,17,24,0,us_301_list3_2018,0,334,2016-01_to_2018-05,0
852871,non_list1,control_candidate,,3188036121,0,0.000000000000,29,24,0,,0,334,2016-01_to_2018-05,0
852872,non_list1,excluded,direct_policy_scope_overlap,8605604613,0,0.000000000000,29,24,0,us_301_list3_2018,0,334,2016-01_to_2018-05,0
852873,non_list1,excluded,insufficient_positive_pre_months|direct_policy_scope_overlap,806556,0,0.000000000000,16,24,0,us_301_list3_2018,0,334,2016-01_to_2018-05,0
852910,mixed_list1,excluded,mixed_list1_pre_value_share,676593216,190746217,0.281921563044,29,24,1,us_301_list2_2018|us_301_list3_2018,1,334,2016-01_to_2018-05,0
852990,mixed_list1,excluded,insufficient_positive_pre_months|mixed_list1_pre_value_share,873081272,593739998,0.680051235826,17,24,1,us_301_list3_2018,1,333|334,2016-01_to_2018-05,0
853010,pure_list1,treated_candidate,,3903495,3903495,1.000000000000,28,24,1,,0,334,2016-01_to_2018-05,0
853080,pure_list1,treated_candidate,,39782897,39782897,1.000000000000,29,24,1,,0,334,2016-01_to_2018-05,0
853090,pure_list1,treated_candidate,,88753239,88753239,1.000000000000,29,24,1,,0,334,2016-01_to_2018-05,0
853110,non_list1,excluded,direct_policy_scope_overlap,780851110,0,0.000000000000,29,24,0,us_301_list3_2018,0,334,2016-01_to_2018-05,0
853120,non_list1,excluded,direct_policy_scope_overlap,1377952217,0,0.000000000000,29,24,0,us_301_list3_2018,0,334,2016-01_to_2018-05,0
853180,non_list1,control_candidate,,544667396,0,0.000000000000,29,24,0,,0,334|335,2016-01_to_2018-05,0
853190,non_list1,excluded,direct_policy_scope_overlap,483285629,0,0.000000000000,29,24,0,us_301_list3_2018,0,334|335,2016-01_to_2018-05,0
853210,pure_list1,treated_candidate,,36904477,36904477,1.000000000000,29,24,1,,1,334,2016-01_to_2018-05,0
853221,pure_list1,treated_candidate,,74392030,74392030,1.000000000000,29,24,1,,1,334,2016-01_to_2018-05,0
853222,pure_list1,treated_candidate,,103716278,103716278,1.000000000000,29,24,1,,1,334,2016-01_to_2018-05,0
853223,pure_list1,treated_candidate,,18512980,18512980,1.000000000000,29,24,1,,0,334,2016-01_to_2018-05,0
853224,pure_list1,treated_candidate,,182152144,182152144,1.000000000000,29,24,1,,0,334,2016-01_to_2018-05,0
853225,pure_list1,treated_candidate,,121278545,121278545,1.000000000000,29,24,1,,0,334,2016-01_to_2018-05,0
853229,pure_list1,treated_candidate,,57034637,57034637,1.000000000000,29,24,1,,0,334,2016-01_to_2018-05,0
853230,pure_list1,treated_candidate,,12310297,12310297,1.000000000000,29,24,1,,0,334,2016-01_to_2018-05,0
853290,pure_list1,treated_candidate,,10312786,10312786,1.000000000000,29,24,1,,0,334,2016-01_to_2018-05,0
853310,pure_list1,treated_candidate,,16706171,16706171,1.000000000000,29,24,1,,0,334,2016-01_to_2018-05,0
853321,pure_list1,treated_candidate,,112188413,112188413,1.000000000000,29,24,1,,0,334,2016-01_to_2018-05,0
853329,pure_list1,treated_candidate,,36597796,36597796,1.000000000000,29,24,1,,0,334,2016-01_to_2018-05,0
853331,pure_list1,treated_candidate,,954200,954200,1.000000000000,28,24,1,,0,334,2016-01_to_2018-05,0
853339,non_list1,excluded,direct_policy_scope_overlap,80233626,0,0.000000000000,29,24,0,us_301_list3_2018,0,334|335,2016-01_to_2018-05,0
853340,pure_list1,treated_candidate,,314238018,314238018,1.000000000000,29,24,1,,0,334|335,2016-01_to_2018-05,0
853390,mixed_list1,excluded,mixed_list1_pre_value_share,17061841,10906675,0.639243736945,29,24,1,us_301_list2_2018,0,334,2016-01_to_2018-05,0
853400,non_list1,excluded,direct_policy_scope_overlap,2198218932,0,0.000000000000,29,24,0,us_301_list3_2018,0,334,2016-01_to_2018-05,0
853510,pure_list1,treated_candidate,,48942459,48942459,1.000000000000,29,24,1,,0,335,2016-01_to_2018-05,0
853521,pure_list1,treated_candidate,,9285092,9285092,1.000000000000,29,24,1,,0,335,2016-01_to_2018-05,0
853529,pure_list1,treated_candidate,,19861160,19861160,1.000000000000,29,24,1,,0,335,2016-01_to_2018-05,0
853530,pure_list1,treated_candidate,,23752225,23752225,1.000000000000,29,24,1,,0,335,2016-01_to_2018-05,0
853540,non_list1,excluded,direct_policy_scope_overlap,78725956,0,0.000000000000,29,24,0,us_301_list3_2018,0,335,2016-01_to_2018-05,0
853590,pure_list1,treated_candidate,,125372759,125372759,1.000000000000,29,24,1,,0,334|335,2016-01_to_2018-05,0
853610,pure_list1,treated_candidate,,41153645,41153645,1.000000000000,29,24,1,,0,335,2016-01_to_2018-05,0
853620,pure_list1,treated_candidate,,137836364,137836364,1.000000000000,29,24,1,,0,335,2016-01_to_2018-05,0
853630,mixed_list1,excluded,mixed_list1_pre_value_share,808826649,23294497,0.028800357937,29,24,1,us_301_list2_2018,0,335,2016-01_to_2018-05,0
853641,pure_list1,treated_candidate,,282719865,282719865,1.000000000000,29,24,1,,1,335|336,2016-01_to_2018-05,0
853649,pure_list1,treated_candidate,,285667760,285667760,1.000000000000,29,24,1,,1,335,2016-01_to_2018-05,0
853650,mixed_list1,excluded,mixed_list1_pre_value_share,1531587626,1162534736,0.759038997355,29,24,1,us_301_list2_2018,1,335,2016-01_to_2018-05,0
853661,non_list1,excluded,direct_policy_scope_overlap,84667491,0,0.000000000000,29,24,0,us_301_list3_2018,0,335,2016-01_to_2018-05,0
853669,mixed_list1,excluded,mixed_list1_pre_value_share,2064584793,1337122176,0.647647013837,29,24,1,us_301_list3_2018,0,334|335,2016-01_to_2018-05,0
853670,non_list1,excluded,direct_policy_scope_overlap,168870206,0,0.000000000000,29,24,0,us_301_list2_2018,0,334,2016-01_to_2018-05,0
853690,mixed_list1,excluded,mixed_list1_pre_value_share,814035442,719532969,0.883908650503,29,24,1,,1,335,2016-01_to_2018-05,0
853710,mixed_list1,excluded,mixed_list1_pre_value_share,3638275875,85236942,0.023427839155,29,24,1,us_301_list2_2018|us_301_list3_2018,1,335,2016-01_to_2018-05,0
853720,pure_list1,treated_candidate,,15773188,15773188,1.000000000000,29,24,1,,0,335,2016-01_to_2018-05,0
853810,pure_list1,treated_candidate,,45441718,45441718,1.000000000000,29,24,1,,0,335,2016-01_to_2018-05,0
853890,mixed_list1,excluded,mixed_list1_pre_value_share,1355761365,953476634,0.703277625853,29,24,1,us_301_list3_2018,1,334|335,2016-01_to_2018-05,0
853910,non_list1,excluded,direct_policy_scope_overlap,51755990,0,0.000000000000,29,24,0,us_301_list3_2018,0,336,2016-01_to_2018-05,0
853921,non_list1,excluded,direct_policy_scope_overlap,215854527,0,0.000000000000,29,24,0,us_301_list3_2018,0,335,2016-01_to_2018-05,0
853922,non_list1,control_candidate,,298759489,0,0.000000000000,29,24,0,,0,335,2016-01_to_2018-05,0
853929,non_list1,control_candidate,,72456245,0,0.000000000000,29,24,0,,0,335,2016-01_to_2018-05,0
853931,non_list1,excluded,direct_policy_scope_overlap,496221026,0,0.000000000000,29,24,0,us_301_list3_2018,0,335,2016-01_to_2018-05,0
853932,non_list1,excluded,direct_policy_scope_overlap,158081307,0,0.000000000000,29,24,0,us_301_list3_2018,0,335,2016-01_to_2018-05,0
853939,non_list1,excluded,direct_policy_scope_overlap,35272386,0,0.000000000000,29,24,0,us_301_list3_2018,0,335,2016-01_to_2018-05,0
853941,pure_list1,treated_candidate,,11056261,11056261,1.000000000000,29,24,1,,0,335,2016-01_to_2018-05,0
853949,non_list1,excluded,direct_policy_scope_overlap,53291196,0,0.000000000000,29,24,0,us_301_list3_2018,0,335,2016-01_to_2018-05,0
853950,non_list1,excluded,insufficient_positive_pre_months,2242068155,0,0.000000000000,17,24,0,,0,335,2016-01_to_2018-05,0
853990,pure_list1,treated_candidate,,39323228,39323228,1.000000000000,29,24,1,,1,335,2016-01_to_2018-05,0
854011,non_list1,excluded,insufficient_positive_pre_months|direct_policy_scope_overlap,70942,0,0.000000000000,5,24,0,us_301_list3_2018,0,334,2016-01_to_2018-05,0
854012,non_list1,excluded,insufficient_positive_pre_months|direct_policy_scope_overlap,2420,0,0.000000000000,1,24,0,us_301_list3_2018,0,334,2016-01_to_2018-05,0
854020,non_list1,excluded,direct_policy_scope_overlap,14185710,0,0.000000000000,29,24,0,us_301_list3_2018,0,334,2016-01_to_2018-05,0
854040,non_list1,excluded,insufficient_positive_pre_months|direct_policy_scope_overlap,124121,0,0.000000000000,14,24,0,us_301_list3_2018,0,334,2016-01_to_2018-05,0
854060,non_list1,excluded,insufficient_positive_pre_months|direct_policy_scope_overlap,25959,0,0.000000000000,1,24,0,us_301_list3_2018,0,334,2016-01_to_2018-05,0
854071,non_list1,excluded,direct_policy_scope_overlap,9673272,0,0.000000000000,29,24,0,us_301_list3_2018,0,334,2016-01_to_2018-05,0
854079,pure_list1,excluded,insufficient_positive_pre_months,35058,35058,1.000000000000,2,24,1,,0,334,2016-01_to_2018-05,0
854081,non_list1,excluded,direct_policy_scope_overlap,6212141,0,0.000000000000,29,24,0,us_301_list3_2018,0,334,2016-01_to_2018-05,0
854089,pure_list1,treated_candidate,,12061009,12061009,1.000000000000,29,24,1,,0,334,2016-01_to_2018-05,0
854091,non_list1,excluded,insufficient_positive_pre_months|direct_policy_scope_overlap,148531,0,0.000000000000,14,24,0,us_301_list3_2018,0,334,2016-01_to_2018-05,0
854099,non_list1,excluded,insufficient_positive_pre_months|direct_policy_scope_overlap,213388,0,0.000000000000,17,24,0,us_301_list3_2018,0,334,2016-01_to_2018-05,0
854110,non_list1,excluded,direct_policy_scope_overlap,682295729,0,0.000000000000,29,24,0,us_301_list2_2018,0,334,2016-01_to_2018-05,0
854121,pure_list1,treated_candidate,,177649157,177649157,1.000000000000,29,24,1,,0,334,2016-01_to_2018-05,0
854129,pure_list1,treated_candidate,,510115534,510115534,1.000000000000,29,24,1,,1,334,2016-01_to_2018-05,0
854130,pure_list1,treated_candidate,,68686627,68686627,1.000000000000,29,24,1,,0,334,2016-01_to_2018-05,0
854140,mixed_list1,excluded,mixed_list1_pre_value_share,3813519716,1706710371,0.447542034158,29,24,1,us_201_solar_2018|us_301_list2_2018,0,334|335,2016-01_to_2018-05,0
854150,pure_list1,treated_candidate,,82463488,82463488,1.000000000000,29,24,1,,0,334,2016-01_to_2018-05,0
854160,pure_list1,treated_candidate,,483879424,483879424,1.000000000000,29,24,1,,0,334,2016-01_to_2018-05,0
854190,pure_list1,treated_candidate,,79078115,79078115,1.000000000000,29,24,1,,0,334,2016-01_to_2018-05,0
854231,non_list1,excluded,insufficient_positive_pre_months|direct_policy_scope_overlap,1749250157,0,0.000000000000,17,24,0,us_301_list2_2018,0,334,2016-01_to_2018-05,0
854232,non_list1,excluded,insufficient_positive_pre_months|direct_policy_scope_overlap,1119273831,0,0.000000000000,17,24,0,us_301_list2_2018,0,334,2016-01_to_2018-05,0
854233,non_list1,excluded,insufficient_positive_pre_months|direct_policy_scope_overlap,128838781,0,0.000000000000,17,24,0,us_301_list2_2018,0,334,2016-01_to_2018-05,0
854239,non_list1,excluded,insufficient_positive_pre_months|direct_policy_scope_overlap,1041417033,0,0.000000000000,17,24,0,us_301_list2_2018,0,334,2016-01_to_2018-05,0
854290,non_list1,excluded,direct_policy_scope_overlap,141726232,0,0.000000000000,29,24,0,us_301_list2_2018,0,334,2016-01_to_2018-05,0
854310,pure_list1,excluded,insufficient_positive_pre_months,1943515,1943515,1.000000000000,13,24,1,,0,335,2016-01_to_2018-05,0
854320,pure_list1,treated_candidate,,17445893,17445893,1.000000000000,29,24,1,,0,334,2016-01_to_2018-05,0
854330,mixed_list1,excluded,mixed_list1_pre_value_share,63291270,53981357,0.852903678501,29,24,1,,1,333,2016-01_to_2018-05,0
854370,mixed_list1,excluded,insufficient_positive_pre_months|mixed_list1_pre_value_share,4033858026,35342274,0.008761407509,17,24,1,us_301_list2_2018|us_301_list3_2018,0,333|334|335|339,2016-01_to_2018-05,0
854390,mixed_list1,excluded,mixed_list1_pre_value_share,1125456238,180622518,0.160488264138,29,24,1,us_301_list3_2018,0,333|334|335|339,2016-01_to_2018-05,0
854411,pure_list1,treated_candidate,,55710963,55710963,1.000000000000,29,24,1,,0,331,2016-01_to_2018-05,0
854419,pure_list1,treated_candidate,,14112352,14112352,1.000000000000,29,24,1,,0,331,2016-01_to_2018-05,0
854420,non_list1,excluded,direct_policy_scope_overlap,676423932,0,0.000000000000,29,24,0,us_301_list3_2018,0,335,2016-01_to_2018-05,0
854430,pure_list1,treated_candidate,,1277620734,1277620734,1.000000000000,29,24,1,,0,336,2016-01_to_2018-05,0
854442,non_list1,excluded,direct_policy_scope_overlap,6274583767,0,0.000000000000,29,24,0,us_301_list3_2018,0,335,2016-01_to_2018-05,0
854449,mixed_list1,excluded,mixed_list1_pre_value_share,1051890957,475434319,0.451980612473,29,24,1,us_301_list2_2018,0,335,2016-01_to_2018-05,0
854460,mixed_list1,excluded,mixed_list1_pre_value_share,193419551,89081348,0.460560204692,29,24,1,us_301_list2_2018,0,335,2016-01_to_2018-05,0
854470,pure_list1,treated_candidate,,619947549,619947549,1.000000000000,29,24,1,,0,335,2016-01_to_2018-05,0
854511,non_list1,excluded,direct_policy_scope_overlap,141467136,0,0.000000000000,29,24,0,us_301_list3_2018,0,335,2016-01_to_2018-05,0
854519,non_list1,excluded,direct_policy_scope_overlap,31798577,0,0.000000000000,29,24,0,us_301_list3_2018,0,335,2016-01_to_2018-05,0
854520,non_list1,excluded,direct_policy_scope_overlap,11266168,0,0.000000000000,29,24,0,us_301_list3_2018,0,335,2016-01_to_2018-05,0
854590,non_list1,excluded,direct_policy_scope_overlap,11564476,0,0.000000000000,29,24,0,us_301_list3_2018,0,335,2016-01_to_2018-05,0
854610,non_list1,excluded,direct_policy_scope_overlap,31967105,0,0.000000000000,29,24,0,us_301_list3_2018,0,327,2016-01_to_2018-05,0
854620,non_list1,excluded,direct_policy_scope_overlap,96239833,0,0.000000000000,29,24,0,us_301_list3_2018,0,327,2016-01_to_2018-05,0
854690,non_list1,excluded,direct_policy_scope_overlap,136742013,0,0.000000000000,29,24,0,us_301_list3_2018,0,326|335,2016-01_to_2018-05,0
854710,non_list1,excluded,direct_policy_scope_overlap,24612451,0,0.000000000000,29,24,0,us_301_list3_2018,0,327,2016-01_to_2018-05,0
854720,non_list1,excluded,direct_policy_scope_overlap,62716668,0,0.000000000000,29,24,0,us_301_list3_2018,0,326,2016-01_to_2018-05,0
854790,non_list1,excluded,direct_policy_scope_overlap,70872592,0,0.000000000000,29,24,0,us_301_list3_2018,0,327|335,2016-01_to_2018-05,0
854810,non_list1,excluded,insufficient_positive_pre_months,4861888,0,0.000000000000,23,24,0,,0,910,2016-01_to_2018-05,0
854890,non_list1,excluded,direct_policy_scope_overlap,77280513,0,0.000000000000,29,24,0,us_301_list3_2018,0,335,2016-01_to_2018-05,0
860120,non_list1,excluded,insufficient_positive_pre_months|direct_policy_scope_overlap,0,0,0.000000000000,0,24,0,us_301_list2_2018,0,336,2016-01_to_2018-05,0
860210,non_list1,excluded,direct_policy_scope_overlap,34217746,0,0.000000000000,27,24,0,us_301_list2_2018,0,336,2016-01_to_2018-05,0
860290,non_list1,excluded,insufficient_positive_pre_months|direct_policy_scope_overlap,0,0,0.000000000000,0,24,0,us_301_list3_2018,0,336,2016-01_to_2018-05,0
860310,pure_list1,excluded,insufficient_positive_pre_months,1814333,1814333,1.000000000000,1,24,1,,0,336,2016-01_to_2018-05,0
860390,pure_list1,excluded,insufficient_positive_pre_months,221000,221000,1.000000000000,2,24,1,,0,336,2016-01_to_2018-05,0
860400,pure_list1,excluded,insufficient_positive_pre_months,128495,128495,1.000000000000,9,24,1,,0,336,2016-01_to_2018-05,0
860500,non_list1,excluded,insufficient_positive_pre_months|direct_policy_scope_overlap,96952,0,0.000000000000,3,24,0,us_301_list2_2018,0,336,2016-01_to_2018-05,0
860610,non_list1,excluded,insufficient_positive_pre_months|direct_policy_scope_overlap,7750,0,0.000000000000,1,24,0,us_301_list2_2018,0,336,2016-01_to_2018-05,0
860630,non_list1,excluded,insufficient_positive_pre_months|direct_policy_scope_overlap,6314,0,0.000000000000,1,24,0,us_301_list2_2018,0,336,2016-01_to_2018-05,0
860691,non_list1,excluded,insufficient_positive_pre_months|direct_policy_scope_overlap,0,0,0.000000000000,0,24,0,us_301_list2_2018,0,336,2016-01_to_2018-05,0
860692,non_list1,excluded,insufficient_positive_pre_months|direct_policy_scope_overlap,0,0,0.000000000000,0,24,0,us_301_list2_2018,0,336,2016-01_to_2018-05,0
860699,non_list1,excluded,insufficient_positive_pre_months|direct_policy_scope_overlap,7428,0,0.000000000000,2,24,0,us_301_list2_2018,0,336,2016-01_to_2018-05,0
860711,non_list1,excluded,direct_policy_scope_overlap,4337263,0,0.000000000000,24,24,0,us_301_list2_2018,0,336,2016-01_to_2018-05,0
860712,pure_list1,excluded,insufficient_positive_pre_months,1315331,1315331,1.000000000000,7,24,1,,0,336,2016-01_to_2018-05,0
860719,mixed_list1,excluded,mixed_list1_pre_value_share,224120448,96953895,0.432597274658,29,24,1,us_301_list2_2018,0,336,2016-01_to_2018-05,0
860721,pure_list1,treated_candidate,,34440007,34440007,1.000000000000,29,24,1,,1,336,2016-01_to_2018-05,0
860729,pure_list1,treated_candidate,,9545295,9545295,1.000000000000,29,24,1,,0,336,2016-01_to_2018-05,0
860730,non_list1,excluded,direct_policy_scope_overlap,90868153,0,0.000000000000,29,24,0,us_301_list2_2018,0,336,2016-01_to_2018-05,0
860791,pure_list1,treated_candidate,,92062211,92062211,1.000000000000,29,24,1,,0,336,2016-01_to_2018-05,0
860799,pure_list1,treated_candidate,,125250271,125250271,1.000000000000,29,24,1,,0,336,2016-01_to_2018-05,0
860800,pure_list1,treated_candidate,,17719224,17719224,1.000000000000,29,24,1,,0,334,2016-01_to_2018-05,0
860900,non_list1,control_candidate,,797213727,0,0.000000000000,29,24,0,,0,332,2016-01_to_2018-05,0
870110,mixed_list1,excluded,insufficient_positive_pre_months|mixed_list1_pre_value_share,491767,253710,0.515915057334,8,24,1,,0,333,2016-01_to_2018-05,0
870120,non_list1,excluded,insufficient_positive_pre_months|direct_policy_scope_overlap,0,0,0.000000000000,0,24,0,us_301_list2_2018,0,336|930,2016-01_to_2018-05,0
870130,mixed_list1,excluded,mixed_list1_pre_value_share,15761757,15608357,0.990267582478,27,24,1,us_301_list2_2018,0,333|930,2016-01_to_2018-05,0
870191,non_list1,excluded,insufficient_positive_pre_months|direct_policy_scope_overlap,316782,0,0.000000000000,6,24,0,us_301_list2_2018,0,333,2016-01_to_2018-05,0
870192,non_list1,excluded,insufficient_positive_pre_months|direct_policy_scope_overlap,1688142,0,0.000000000000,16,24,0,us_301_list2_2018,0,333,2016-01_to_2018-05,0
870193,non_list1,excluded,insufficient_positive_pre_months|direct_policy_scope_overlap,86222738,0,0.000000000000,17,24,0,us_301_list2_2018,0,333,2016-01_to_2018-05,0
870194,non_list1,excluded,insufficient_positive_pre_months|direct_policy_scope_overlap,31127111,0,0.000000000000,16,24,0,us_301_list2_2018,0,333,2016-01_to_2018-05,0
870195,non_list1,excluded,insufficient_positive_pre_months|direct_policy_scope_overlap,109714944,0,0.000000000000,17,24,0,us_301_list2_2018,0,333,2016-01_to_2018-05,0
870210,pure_list1,excluded,insufficient_positive_pre_months,10854787,10854787,1.000000000000,10,24,1,,0,336,2016-01_to_2018-05,0
870220,non_list1,excluded,insufficient_positive_pre_months|direct_policy_scope_overlap,0,0,0.000000000000,0,24,1,,0,336,2016-01_to_2018-05,0
870230,non_list1,excluded,insufficient_positive_pre_months|direct_policy_scope_overlap,0,0,0.000000000000,0,24,1,,0,336,2016-01_to_2018-05,0
870240,pure_list1,excluded,insufficient_positive_pre_months,2440949,2440949,1.000000000000,15,24,1,,0,336,2016-01_to_2018-05,0
870290,pure_list1,excluded,insufficient_positive_pre_months,23388186,23388186,1.000000000000,14,24,1,,0,336,2016-01_to_2018-05,0
870310,non_list1,control_candidate,,69846082,0,0.000000000000,29,24,0,,0,336,2016-01_to_2018-05,0
870321,pure_list1,excluded,insufficient_positive_pre_months,322040126,322040126,1.000000000000,17,24,1,,0,336,2016-01_to_2018-05,0
870322,pure_list1,excluded,insufficient_positive_pre_months,8599420,8599420,1.000000000000,16,24,1,,0,336,2016-01_to_2018-05,0
870323,pure_list1,excluded,insufficient_positive_pre_months,2078479231,2078479231,1.000000000000,17,24,1,,0,336|930,2016-01_to_2018-05,0
870324,pure_list1,excluded,insufficient_positive_pre_months,43173474,43173474,1.000000000000,17,24,1,,0,336|930,2016-01_to_2018-05,0
870331,pure_list1,excluded,insufficient_positive_pre_months,174390,174390,1.000000000000,3,24,1,,0,336,2016-01_to_2018-05,0
870332,pure_list1,excluded,insufficient_positive_pre_months,3555280,3555280,1.000000000000,7,24,1,,0,336|930,2016-01_to_2018-05,0
870333,pure_list1,excluded,insufficient_positive_pre_months,1356061,1356061,1.000000000000,1,24,1,,0,336|930,2016-01_to_2018-05,0
870340,pure_list1,excluded,insufficient_positive_pre_months,3539156,3539156,1.000000000000,17,24,1,,0,336|930,2016-01_to_2018-05,0
870350,non_list1,excluded,insufficient_positive_pre_months|direct_policy_scope_overlap,0,0,0.000000000000,0,24,1,,0,336|930,2016-01_to_2018-05,0
870360,pure_list1,excluded,insufficient_positive_pre_months,47419552,47419552,1.000000000000,9,24,1,,0,336|930,2016-01_to_2018-05,0
870370,pure_list1,excluded,insufficient_positive_pre_months,45875,45875,1.000000000000,2,24,1,,0,336|930,2016-01_to_2018-05,0
870380,pure_list1,excluded,insufficient_positive_pre_months,6191332,6191332,1.000000000000,17,24,1,,0,336,2016-01_to_2018-05,0
870390,pure_list1,excluded,insufficient_positive_pre_months,15333695,15333695,1.000000000000,12,24,1,,0,336,2016-01_to_2018-05,0
870410,pure_list1,excluded,insufficient_positive_pre_months,917548,917548,1.000000000000,8,24,1,,0,333,2016-01_to_2018-05,0
870421,pure_list1,excluded,insufficient_positive_pre_months,48200,48200,1.000000000000,3,24,1,,0,336,2016-01_to_2018-05,0
870422,pure_list1,excluded,insufficient_positive_pre_months,2303214,2303214,1.000000000000,5,24,1,,0,336,2016-01_to_2018-05,0
870423,non_list1,excluded,insufficient_positive_pre_months|direct_policy_scope_overlap,0,0,0.000000000000,0,24,1,,0,333,2016-01_to_2018-05,0
870431,pure_list1,excluded,insufficient_positive_pre_months,1436003,1436003,1.000000000000,14,24,1,,0,336,2016-01_to_2018-05,0
870432,non_list1,excluded,insufficient_positive_pre_months|direct_policy_scope_overlap,0,0,0.000000000000,0,24,1,,0,336,2016-01_to_2018-05,0
870490,non_list1,excluded,direct_policy_scope_overlap,5115821,0,0.000000000000,27,24,0,us_301_list2_2018,0,336,2016-01_to_2018-05,0
870510,non_list1,excluded,insufficient_positive_pre_months|direct_policy_scope_overlap,4886489,0,0.000000000000,2,24,0,us_301_list2_2018,0,333,2016-01_to_2018-05,0
870520,non_list1,excluded,insufficient_positive_pre_months|direct_policy_scope_overlap,0,0,0.000000000000,0,24,0,us_301_list2_2018,0,333,2016-01_to_2018-05,0
870530,non_list1,excluded,insufficient_positive_pre_months|direct_policy_scope_overlap,0,0,0.000000000000,0,24,1,,0,336,2016-01_to_2018-05,0
870540,pure_list1,excluded,insufficient_positive_pre_months,152085,152085,1.000000000000,5,24,1,,0,336,2016-01_to_2018-05,0
870590,non_list1,excluded,insufficient_positive_pre_months|direct_policy_scope_overlap,1440007,0,0.000000000000,12,24,0,us_301_list2_2018,0,336,2016-01_to_2018-05,0
870600,mixed_list1,excluded,insufficient_positive_pre_months|mixed_list1_pre_value_share,882456,8267,0.009368172464,18,24,1,us_301_list3_2018,0,333|336,2016-01_to_2018-05,0
870710,non_list1,excluded,direct_policy_scope_overlap,7879173,0,0.000000000000,29,24,0,us_301_list3_2018,0,336,2016-01_to_2018-05,0
870790,non_list1,excluded,direct_policy_scope_overlap,1706914,0,0.000000000000,29,24,0,us_301_list3_2018,0,333|336,2016-01_to_2018-05,0
870810,non_list1,excluded,direct_policy_scope_overlap,146627993,0,0.000000000000,29,24,0,us_301_list3_2018,0,336,2016-01_to_2018-05,0
870821,non_list1,excluded,direct_policy_scope_overlap,22491260,0,0.000000000000,29,24,0,us_301_list3_2018,0,336,2016-01_to_2018-05,0
870829,non_list1,excluded,direct_policy_scope_overlap,3454689758,0,0.000000000000,29,24,0,us_301_list3_2018,0,336,2016-01_to_2018-05,0
870830,non_list1,excluded,direct_policy_scope_overlap,3619932971,0,0.000000000000,29,24,0,us_301_list3_2018,0,333|336,2016-01_to_2018-05,0
870840,non_list1,excluded,direct_policy_scope_overlap,522783304,0,0.000000000000,29,24,0,us_301_list3_2018,0,332|333|336,2016-01_to_2018-05,0
870850,non_list1,excluded,direct_policy_scope_overlap,665633866,0,0.000000000000,29,24,0,us_301_list3_2018,0,331|333|336,2016-01_to_2018-05,0
870870,non_list1,excluded,direct_policy_scope_overlap,5399221449,0,0.000000000000,29,24,0,us_301_list3_2018,0,333|336,2016-01_to_2018-05,0
870880,non_list1,excluded,direct_policy_scope_overlap,1551535924,0,0.000000000000,29,24,0,us_301_list3_2018,0,333|336,2016-01_to_2018-05,0
870891,non_list1,excluded,direct_policy_scope_overlap,769905659,0,0.000000000000,29,24,0,us_301_list3_2018,0,333|336,2016-01_to_2018-05,0
870892,non_list1,excluded,direct_policy_scope_overlap,563096770,0,0.000000000000,29,24,0,us_301_list3_2018,0,333|336,2016-01_to_2018-05,0
870893,non_list1,excluded,direct_policy_scope_overlap,246681120,0,0.000000000000,29,24,0,us_301_list3_2018,0,333|336,2016-01_to_2018-05,0
870894,non_list1,excluded,direct_policy_scope_overlap,809185235,0,0.000000000000,29,24,0,us_301_list3_2018,0,333|336,2016-01_to_2018-05,0
870895,non_list1,excluded,direct_policy_scope_overlap,122575821,0,0.000000000000,29,24,0,us_301_list3_2018,0,333|336,2016-01_to_2018-05,0
870899,non_list1,excluded,direct_policy_scope_overlap,4593602065,0,0.000000000000,29,24,0,us_301_list3_2018,0,333|336,2016-01_to_2018-05,0
870911,pure_list1,treated_candidate,,7586245,7586245,1.000000000000,28,24,1,,0,333,2016-01_to_2018-05,0
870919,pure_list1,treated_candidate,,14600407,14600407,1.000000000000,28,24,1,,0,333,2016-01_to_2018-05,0
870990,pure_list1,treated_candidate,,66957467,66957467,1.000000000000,29,24,1,,0,333,2016-01_to_2018-05,0
871000,non_list1,excluded,insufficient_positive_pre_months,777579,0,0.000000000000,23,24,0,,0,336,2016-01_to_2018-05,0
871110,non_list1,excluded,direct_policy_scope_overlap,69547450,0,0.000000000000,29,24,0,us_301_list2_2018,0,336,2016-01_to_2018-05,0
871120,non_list1,control_candidate,,137689617,0,0.000000000000,29,24,0,,0,336,2016-01_to_2018-05,0
871130,non_list1,excluded,insufficient_positive_pre_months,1775001,0,0.000000000000,16,24,0,,0,336,2016-01_to_2018-05,0
871140,non_list1,excluded,insufficient_positive_pre_months,1038349,0,0.000000000000,12,24,0,,0,336,2016-01_to_2018-05,0
871150,pure_list1,excluded,insufficient_positive_pre_months,7500,7500,1.000000000000,1,24,1,,0,336,2016-01_to_2018-05,0
871160,non_list1,excluded,insufficient_positive_pre_months|direct_policy_scope_overlap,164484333,0,0.000000000000,17,24,0,us_301_list2_2018,0,336,2016-01_to_2018-05,0
871190,non_list1,excluded,insufficient_positive_pre_months|direct_policy_scope_overlap,261424512,0,0.000000000000,17,24,0,us_301_list2_2018,0,336,2016-01_to_2018-05,0
871200,non_list1,excluded,direct_policy_scope_overlap,2187313750,0,0.000000000000,29,24,0,us_301_list3_2018,0,336,2016-01_to_2018-05,0
871310,non_list1,control_candidate,,196824988,0,0.000000000000,29,24,0,,0,339,2016-01_to_2018-05,0
871390,non_list1,control_candidate,,206844044,0,0.000000000000,29,24,0,,0,339,2016-01_to_2018-05,0
871410,non_list1,control_candidate,,350858700,0,0.000000000000,29,24,0,,0,336,2016-01_to_2018-05,0
871420,non_list1,control_candidate,,277010180,0,0.000000000000,29,24,0,,0,339,2016-01_to_2018-05,0
871491,non_list1,excluded,direct_policy_scope_overlap,95876620,0,0.000000000000,29,24,0,us_301_list3_2018,0,336,2016-01_to_2018-05,0
871492,non_list1,excluded,direct_policy_scope_overlap,18518386,0,0.000000000000,29,24,0,us_301_list3_2018,0,336,2016-01_to_2018-05,0
871493,non_list1,excluded,direct_policy_scope_overlap,8465617,0,0.000000000000,29,24,0,us_301_list3_2018,0,336,2016-01_to_2018-05,0
871494,non_list1,excluded,direct_policy_scope_overlap,5605739,0,0.000000000000,29,24,0,us_301_list3_2018,0,336,2016-01_to_2018-05,0
871495,non_list1,excluded,direct_policy_scope_overlap,16241497,0,0.000000000000,29,24,0,us_301_list3_2018,0,336,2016-01_to_2018-05,0
871496,non_list1,excluded,direct_policy_scope_overlap,6917601,0,0.000000000000,29,24,0,us_301_list3_2018,0,336,2016-01_to_2018-05,0
871499,non_list1,control_candidate,,75961683,0,0.000000000000,29,24,0,,0,336,2016-01_to_2018-05,0
871500,non_list1,control_candidate,,673899282,0,0.000000000000,29,24,0,,0,339,2016-01_to_2018-05,0
871610,non_list1,excluded,insufficient_positive_pre_months|direct_policy_scope_overlap,991314,0,0.000000000000,16,24,0,us_301_list3_2018,0,321|336,2016-01_to_2018-05,0
871620,non_list1,excluded,insufficient_positive_pre_months|direct_policy_scope_overlap,56550,0,0.000000000000,7,24,0,us_301_list3_2018,0,336,2016-01_to_2018-05,0
871631,non_list1,excluded,insufficient_positive_pre_months|direct_policy_scope_overlap,377100,0,0.000000000000,2,24,0,us_301_list3_2018,0,336,2016-01_to_2018-05,0
871639,non_list1,excluded,direct_policy_scope_overlap,715998407,0,0.000000000000,29,24,0,us_301_list3_2018,0,336,2016-01_to_2018-05,0
871640,non_list1,excluded,direct_policy_scope_overlap,49168330,0,0.000000000000,29,24,0,us_301_list3_2018,0,336,2016-01_to_2018-05,0
871680,non_list1,excluded,direct_policy_scope_overlap,826616889,0,0.000000000000,29,24,0,us_301_list3_2018,0,333|336,2016-01_to_2018-05,0
871690,non_list1,excluded,direct_policy_scope_overlap,1386576165,0,0.000000000000,29,24,0,us_301_list3_2018,0,332|333|336,2016-01_to_2018-05,0
880100,non_list1,control_candidate,,866774,0,0.000000000000,29,24,0,,0,336,2016-01_to_2018-05,0
880211,pure_list1,treated_candidate,,28488732,28488732,1.000000000000,29,24,1,,0,336,2016-01_to_2018-05,0
880212,non_list1,excluded,insufficient_positive_pre_months|direct_policy_scope_overlap,0,0,0.000000000000,0,24,1,,0,336,2016-01_to_2018-05,0
880220,pure_list1,excluded,insufficient_positive_pre_months,3329524,3329524,1.000000000000,22,24,1,,0,336,2016-01_to_2018-05,0
880230,non_list1,excluded,insufficient_positive_pre_months|direct_policy_scope_overlap,0,0,0.000000000000,0,24,1,,0,336,2016-01_to_2018-05,0
880240,non_list1,excluded,insufficient_positive_pre_months|direct_policy_scope_overlap,0,0,0.000000000000,0,24,1,,0,336,2016-01_to_2018-05,0
880260,non_list1,excluded,insufficient_positive_pre_months|direct_policy_scope_overlap,0,0,0.000000000000,0,24,1,,0,334|336,2016-01_to_2018-05,0
880310,pure_list1,treated_candidate,,1070489,1070489,1.000000000000,27,24,1,,0,336,2016-01_to_2018-05,0
880320,pure_list1,treated_candidate,,47531836,47531836,1.000000000000,29,24,1,,0,336,2016-01_to_2018-05,0
880330,pure_list1,treated_candidate,,1114062791,1114062791,1.000000000000,29,24,1,,0,336,2016-01_to_2018-05,0
880390,pure_list1,treated_candidate,,11244118,11244118,1.000000000000,29,24,1,,0,334|336,2016-01_to_2018-05,0
880400,non_list1,excluded,direct_policy_scope_overlap,721563,0,0.000000000000,29,24,0,us_301_list3_2018,0,314,2016-01_to_2018-05,0
880510,pure_list1,excluded,insufficient_positive_pre_months,16081,16081,1.000000000000,2,24,1,,0,336,2016-01_to_2018-05,0
880521,pure_list1,excluded,insufficient_positive_pre_months,25758,25758,1.000000000000,2,24,1,,0,333,2016-01_to_2018-05,0
880529,pure_list1,treated_candidate,,485835,485835,1.000000000000,27,24,1,,0,333,2016-01_to_2018-05,0
890110,pure_list1,excluded,insufficient_positive_pre_months,14300,14300,1.000000000000,2,24,1,,0,336,2016-01_to_2018-05,0
890120,non_list1,excluded,insufficient_positive_pre_months|direct_policy_scope_overlap,0,0,0.000000000000,0,24,1,,0,336,2016-01_to_2018-05,0
890190,pure_list1,excluded,insufficient_positive_pre_months,34371,34371,1.000000000000,2,24,1,,0,336,2016-01_to_2018-05,0
890200,pure_list1,excluded,insufficient_positive_pre_months,220790,220790,1.000000000000,3,24,1,,0,336,2016-01_to_2018-05,0
890310,non_list1,excluded,direct_policy_scope_overlap,81859502,0,0.000000000000,29,24,0,us_301_list3_2018,0,326|336,2016-01_to_2018-05,0
890391,non_list1,excluded,direct_policy_scope_overlap,10254550,0,0.000000000000,29,24,0,us_301_list3_2018,0,336,2016-01_to_2018-05,0
890392,non_list1,excluded,direct_policy_scope_overlap,141686152,0,0.000000000000,28,24,0,us_301_list3_2018,0,336,2016-01_to_2018-05,0
890399,non_list1,excluded,direct_policy_scope_overlap,35858746,0,0.000000000000,29,24,0,us_301_list3_2018,0,336,2016-01_to_2018-05,0
890400,non_list1,excluded,insufficient_positive_pre_months|direct_policy_scope_overlap,0,0,0.000000000000,0,24,1,,0,336,2016-01_to_2018-05,0
890510,non_list1,excluded,insufficient_positive_pre_months|direct_policy_scope_overlap,0,0,0.000000000000,0,24,1,,0,336,2016-01_to_2018-05,0
890520,non_list1,excluded,insufficient_positive_pre_months|direct_policy_scope_overlap,0,0,0.000000000000,0,24,1,,0,336,2016-01_to_2018-05,0
890590,mixed_list1,excluded,insufficient_positive_pre_months|mixed_list1_pre_value_share,73258902,43171,0.000589293571,10,24,1,,0,336,2016-01_to_2018-05,0
890610,non_list1,excluded,insufficient_positive_pre_months,0,0,0.000000000000,0,24,0,,0,336,2016-01_to_2018-05,0
890690,pure_list1,excluded,insufficient_positive_pre_months,3319863,3319863,1.000000000000,23,24,1,,0,336,2016-01_to_2018-05,0
890710,non_list1,excluded,direct_policy_scope_overlap,25122015,0,0.000000000000,29,24,0,us_301_list3_2018,0,326,2016-01_to_2018-05,0
890790,non_list1,control_candidate,,9468236,0,0.000000000000,29,24,0,,0,332|336,2016-01_to_2018-05,0
890800,pure_list1,excluded,insufficient_positive_pre_months,5971,5971,1.000000000000,2,24,1,,0,910,2016-01_to_2018-05,0
900110,non_list1,excluded,direct_policy_scope_overlap,28140947,0,0.000000000000,29,24,0,us_301_list2_2018,0,327,2016-01_to_2018-05,0
900120,non_list1,excluded,direct_policy_scope_overlap,3174953,0,0.000000000000,29,24,0,us_301_list2_2018,0,339,2016-01_to_2018-05,0
900130,non_list1,excluded,insufficient_positive_pre_months,472577,0,0.000000000000,10,24,0,,0,339,2016-01_to_2018-05,0
900140,non_list1,control_candidate,,3392174,0,0.000000000000,29,24,0,,0,339,2016-01_to_2018-05,0
900150,non_list1,control_candidate,,319580957,0,0.000000000000,29,24,0,,0,339,2016-01_to_2018-05,0
900190,non_list1,excluded,direct_policy_scope_overlap,346275937,0,0.000000000000,29,24,0,us_301_list3_2018,0,333,2016-01_to_2018-05,0
900211,non_list1,excluded,direct_policy_scope_overlap,560732834,0,0.000000000000,29,24,0,us_301_list3_2018,0,333,2016-01_to_2018-05,0
900219,non_list1,excluded,direct_policy_scope_overlap,45631224,0,0.000000000000,29,24,0,us_301_list3_2018,0,333,2016-01_to_2018-05,0
900220,non_list1,excluded,direct_policy_scope_overlap,30334529,0,0.000000000000,29,24,0,us_301_list3_2018,0,333,2016-01_to_2018-05,0
900290,mixed_list1,excluded,mixed_list1_pre_value_share,66065806,59151146,0.895336779816,29,24,1,us_301_list3_2018,0,333,2016-01_to_2018-05,0
900311,non_list1,control_candidate,,821362253,0,0.000000000000,29,24,0,,0,339,2016-01_to_2018-05,0
900319,non_list1,control_candidate,,667810646,0,0.000000000000,29,24,0,,0,339,2016-01_to_2018-05,0
900390,non_list1,control_candidate,,24471509,0,0.000000000000,29,24,0,,0,339,2016-01_to_2018-05,0
900410,non_list1,control_candidate,,1506400174,0,0.000000000000,29,24,0,,0,339,2016-01_to_2018-05,0
900490,non_list1,control_candidate,,1045094146,0,0.000000000000,29,24,0,,0,339,2016-01_to_2018-05,0
900510,non_list1,control_candidate,,215213918,0,0.000000000000,29,24,0,,0,333,2016-01_to_2018-05,0
900580,non_list1,control_candidate,,153156510,0,0.000000000000,29,24,0,,0,333,2016-01_to_2018-05,0
900590,non_list1,excluded,insufficient_positive_pre_months,5316894,0,0.000000000000,17,24,0,,0,333,2016-01_to_2018-05,0
900630,non_list1,excluded,direct_policy_scope_overlap,8446434,0,0.000000000000,29,24,0,us_301_list3_2018,0,333,2016-01_to_2018-05,0
900640,non_list1,control_candidate,,235719897,0,0.000000000000,29,24,0,,0,333,2016-01_to_2018-05,0
900651,non_list1,control_candidate,,3017605,0,0.000000000000,29,24,0,,0,333,2016-01_to_2018-05,0
900652,non_list1,control_candidate,,1692378,0,0.000000000000,27,24,0,,0,333,2016-01_to_2018-05,0
900653,non_list1,control_candidate,,21372102,0,0.000000000000,29,24,0,,0,333,2016-01_to_2018-05,0
900659,non_list1,excluded,insufficient_positive_pre_months,3962163,0,0.000000000000,17,24,0,,0,333,2016-01_to_2018-05,0
900661,non_list1,control_candidate,,61300615,0,0.000000000000,29,24,0,,0,333,2016-01_to_2018-05,0
900669,non_list1,control_candidate,,31085791,0,0.000000000000,29,24,0,,0,333|335,2016-01_to_2018-05,0
900691,non_list1,excluded,insufficient_positive_pre_months,20726438,0,0.000000000000,17,24,0,,0,333,2016-01_to_2018-05,0
900699,non_list1,control_candidate,,42846504,0,0.000000000000,29,24,0,,0,333,2016-01_to_2018-05,0
900710,non_list1,excluded,direct_policy_scope_overlap,3134283,0,0.000000000000,29,24,0,us_301_list3_2018,0,333,2016-01_to_2018-05,0
900720,non_list1,excluded,direct_policy_scope_overlap,21554408,0,0.000000000000,29,24,0,us_301_list3_2018,0,333,2016-01_to_2018-05,0
900791,non_list1,excluded,insufficient_positive_pre_months,21435582,0,0.000000000000,17,24,0,,0,333,2016-01_to_2018-05,0
900792,non_list1,excluded,direct_policy_scope_overlap,4009665,0,0.000000000000,29,24,0,us_301_list3_2018,0,333,2016-01_to_2018-05,0
900850,non_list1,excluded,direct_policy_scope_overlap,60715965,0,0.000000000000,29,24,0,us_301_list3_2018,0,333,2016-01_to_2018-05,0
900890,non_list1,excluded,direct_policy_scope_overlap,7156105,0,0.000000000000,29,24,0,us_301_list3_2018,0,333,2016-01_to_2018-05,0
901010,non_list1,excluded,direct_policy_scope_overlap,1663029,0,0.000000000000,29,24,0,us_301_list3_2018,0,333,2016-01_to_2018-05,0
901050,non_list1,excluded,direct_policy_scope_overlap,7712689,0,0.000000000000,28,24,0,us_301_list3_2018,0,333,2016-01_to_2018-05,0
901060,non_list1,excluded,direct_policy_scope_overlap,62900074,0,0.000000000000,29,24,0,us_301_list3_2018,0,333,2016-01_to_2018-05,0
901090,non_list1,excluded,direct_policy_scope_overlap,17815474,0,0.000000000000,29,24,0,us_301_list3_2018,0,333,2016-01_to_2018-05,0
901110,pure_list1,treated_candidate,,21397624,21397624,1.000000000000,29,24,1,,1,333,2016-01_to_2018-05,0
901120,mixed_list1,excluded,mixed_list1_pre_value_share,10510932,5601452,0.532916776552,29,24,1,us_301_list3_2018,0,333,2016-01_to_2018-05,0
901180,non_list1,excluded,direct_policy_scope_overlap,80856478,0,0.000000000000,29,24,0,us_301_list3_2018,0,333,2016-01_to_2018-05,0
901190,pure_list1,treated_candidate,,37941603,37941603,1.000000000000,29,24,1,,1,333,2016-01_to_2018-05,0
901210,pure_list1,treated_candidate,,6551267,6551267,1.000000000000,29,24,1,,0,334,2016-01_to_2018-05,0
901290,pure_list1,treated_candidate,,5346048,5346048,1.000000000000,29,24,1,,0,334,2016-01_to_2018-05,0
901310,mixed_list1,excluded,mixed_list1_pre_value_share,198980144,150927,0.000758502818,29,24,1,us_301_list3_2018,0,333,2016-01_to_2018-05,0
901320,pure_list1,treated_candidate,,99190724,99190724,1.000000000000,29,24,1,,0,335,2016-01_to_2018-05,0
901380,mixed_list1,excluded,mixed_list1_pre_value_share,1395553496,617836528,0.442717910686,29,24,1,us_301_list3_2018,1,332|333,2016-01_to_2018-05,0
901390,non_list1,excluded,direct_policy_scope_overlap,93967134,0,0.000000000000,29,24,0,us_301_list3_2018,0,333,2016-01_to_2018-05,0
901410,mixed_list1,excluded,mixed_list1_pre_value_share,10186268,2519180,0.247311380380,29,24,1,us_301_list2_2018|us_301_list3_2018,0,334,2016-01_to_2018-05,0
901420,pure_list1,treated_candidate,,12650972,12650972,1.000000000000,29,24,1,,0,334,2016-01_to_2018-05,0
901480,pure_list1,treated_candidate,,129184479,129184479,1.000000000000,29,24,1,,1,334,2016-01_to_2018-05,0
901490,pure_list1,treated_candidate,,15801366,15801366,1.000000000000,29,24,1,,0,334,2016-01_to_2018-05,0
901510,mixed_list1,excluded,mixed_list1_pre_value_share,203305923,11279590,0.055480872537,29,24,1,us_301_list3_2018,0,334,2016-01_to_2018-05,0
901520,pure_list1,treated_candidate,,25880636,25880636,1.000000000000,29,24,1,,0,334,2016-01_to_2018-05,0
901530,non_list1,excluded,direct_policy_scope_overlap,43336506,0,0.000000000000,29,24,0,us_301_list3_2018,0,334,2016-01_to_2018-05,0
901540,pure_list1,excluded,insufficient_positive_pre_months,1010780,1010780,1.000000000000,21,24,1,,0,334,2016-01_to_2018-05,0
901580,pure_list1,treated_candidate,,126438841,126438841,1.000000000000,29,24,1,,1,334,2016-01_to_2018-05,0
901590,non_list1,excluded,insufficient_positive_pre_months|direct_policy_scope_overlap,14662210,0,0.000000000000,17,24,0,us_301_list3_2018,0,334,2016-01_to_2018-05,0
901600,non_list1,excluded,direct_policy_scope_overlap,44344514,0,0.000000000000,29,24,0,us_301_list3_2018,0,333,2016-01_to_2018-05,0
901710,non_list1,excluded,direct_policy_scope_overlap,11022412,0,0.000000000000,29,24,0,us_301_list3_2018,0,334,2016-01_to_2018-05,0
901720,non_list1,excluded,direct_policy_scope_overlap,87580895,0,0.000000000000,29,24,0,us_301_list3_2018,0,334,2016-01_to_2018-05,0
901730,non_list1,excluded,direct_policy_scope_overlap,69392230,0,0.000000000000,29,24,0,us_301_list3_2018,0,332,2016-01_to_2018-05,0
901780,non_list1,excluded,direct_policy_scope_overlap,214795415,0,0.000000000000,29,24,0,us_301_list3_2018,0,332,2016-01_to_2018-05,0
901790,non_list1,excluded,direct_policy_scope_overlap,14398036,0,0.000000000000,29,24,0,us_301_list3_2018,0,332|334,2016-01_to_2018-05,0
901811,pure_list1,treated_candidate,,43857958,43857958,1.000000000000,29,24,1,,0,334,2016-01_to_2018-05,0
901812,pure_list1,treated_candidate,,199885032,199885032,1.000000000000,29,24,1,,1,334,2016-01_to_2018-05,0
901813,pure_list1,treated_candidate,,138274031,138274031,1.000000000000,29,24,1,,0,334,2016-01_to_2018-05,0
901814,pure_list1,excluded,insufficient_positive_pre_months,1187503,1187503,1.000000000000,16,24,1,,0,334,2016-01_to_2018-05,0
901819,pure_list1,treated_candidate,,1073373184,1073373184,1.000000000000,29,24,1,,1,334,2016-01_to_2018-05,0
901820,pure_list1,treated_candidate,,16974018,16974018,1.000000000000,29,24,1,,1,334,2016-01_to_2018-05,0
901831,non_list1,control_candidate,,207573660,0,0.000000000000,29,24,0,,0,339,2016-01_to_2018-05,0
901832,non_list1,control_candidate,,35191252,0,0.000000000000,29,24,0,,0,339,2016-01_to_2018-05,0
901839,non_list1,control_candidate,,561048924,0,0.000000000000,29,24,0,,0,339,2016-01_to_2018-05,0
901841,non_list1,control_candidate,,769683,0,0.000000000000,26,24,0,,0,339,2016-01_to_2018-05,0
901849,non_list1,control_candidate,,158157356,0,0.000000000000,29,24,0,,0,339,2016-01_to_2018-05,0
901850,non_list1,control_candidate,,34715383,0,0.000000000000,29,24,0,,0,339,2016-01_to_2018-05,0
901890,mixed_list1,excluded,mixed_list1_pre_value_share,1382044402,400404450,0.289718947829,29,24,1,,1,334|339,2016-01_to_2018-05,0
901910,non_list1,control_candidate,,1431527901,0,0.000000000000,29,24,0,,0,335|339,2016-01_to_2018-05,0
901920,non_list1,control_candidate,,868634924,0,0.000000000000,29,24,0,,0,339,2016-01_to_2018-05,0
902000,non_list1,control_candidate,,19200532,0,0.000000000000,29,24,0,,0,339,2016-01_to_2018-05,0
902110,non_list1,control_candidate,,688386003,0,0.000000000000,29,24,0,,0,339,2016-01_to_2018-05,0
902121,non_list1,control_candidate,,112758231,0,0.000000000000,29,24,0,,0,339,2016-01_to_2018-05,0
902129,non_list1,control_candidate,,14738448,0,0.000000000000,29,24,0,,0,339,2016-01_to_2018-05,0
902131,non_list1,control_candidate,,208744286,0,0.000000000000,29,24,0,,0,339,2016-01_to_2018-05,0
902139,non_list1,control_candidate,,13483448,0,0.000000000000,29,24,0,,0,339,2016-01_to_2018-05,0
902140,non_list1,control_candidate,,652921462,0,0.000000000000,29,24,0,,0,334,2016-01_to_2018-05,0
902150,pure_list1,excluded,insufficient_positive_pre_months,355041,355041,1.000000000000,8,24,1,,0,334,2016-01_to_2018-05,0
902190,non_list1,control_candidate,,797636037,0,0.000000000000,29,24,0,,0,334|339,2016-01_to_2018-05,0
902212,pure_list1,treated_candidate,,366020164,366020164,1.000000000000,29,24,1,,0,334,2016-01_to_2018-05,0
902213,pure_list1,excluded,insufficient_positive_pre_months,247202,247202,1.000000000000,9,24,1,,0,334,2016-01_to_2018-05,0
902214,pure_list1,treated_candidate,,94358052,94358052,1.000000000000,29,24,1,,1,334,2016-01_to_2018-05,0
902219,pure_list1,treated_candidate,,47384170,47384170,1.000000000000,29,24,1,,0,334,2016-01_to_2018-05,0
902221,pure_list1,treated_candidate,,6907073,6907073,1.000000000000,27,24,1,,0,334,2016-01_to_2018-05,0
902229,mixed_list1,excluded,mixed_list1_pre_value_share,307886235,491930,0.001597765486,29,24,1,,0,334,2016-01_to_2018-05,0
902230,pure_list1,treated_candidate,,20138089,20138089,1.000000000000,29,24,1,,0,334,2016-01_to_2018-05,0
902290,mixed_list1,excluded,mixed_list1_pre_value_share,508971543,507805374,0.997708773671,29,24,1,,1,334,2016-01_to_2018-05,0
902300,non_list1,control_candidate,,258757646,0,0.000000000000,29,24,0,,0,339,2016-01_to_2018-05,0
902410,pure_list1,treated_candidate,,11887245,11887245,1.000000000000,29,24,1,,1,334,2016-01_to_2018-05,0
902480,pure_list1,treated_candidate,,15141872,15141872,1.000000000000,29,24,1,,0,334,2016-01_to_2018-05,0
902490,pure_list1,treated_candidate,,9905971,9905971,1.000000000000,29,24,1,,0,334,2016-01_to_2018-05,0
902511,non_list1,control_candidate,,28596332,0,0.000000000000,29,24,0,,0,334|339,2016-01_to_2018-05,0
902519,non_list1,excluded,direct_policy_scope_overlap,617423166,0,0.000000000000,29,24,0,us_301_list2_2018,0,334|339,2016-01_to_2018-05,0
902580,non_list1,excluded,direct_policy_scope_overlap,173785850,0,0.000000000000,29,24,0,us_301_list2_2018|us_301_list3_2018,0,334,2016-01_to_2018-05,0
902590,non_list1,excluded,direct_policy_scope_overlap,27601478,0,0.000000000000,29,24,0,us_301_list3_2018,0,334,2016-01_to_2018-05,0
902610,mixed_list1,excluded,mixed_list1_pre_value_share,177848341,102152338,0.574378919846,29,24,1,,0,334,2016-01_to_2018-05,0
902620,mixed_list1,excluded,mixed_list1_pre_value_share,571061688,298892473,0.523397873261,29,24,1,,0,334,2016-01_to_2018-05,0
902680,mixed_list1,excluded,mixed_list1_pre_value_share,73951716,43165163,0.583693865873,29,24,1,us_301_list3_2018,0,334,2016-01_to_2018-05,0
902690,pure_list1,treated_candidate,,263071273,263071273,1.000000000000,29,24,1,,0,334,2016-01_to_2018-05,0
902710,non_list1,excluded,direct_policy_scope_overlap,85436855,0,0.000000000000,29,24,0,us_301_list2_2018|us_301_list3_2018,0,334,2016-01_to_2018-05,0
902720,pure_list1,treated_candidate,,126792281,126792281,1.000000000000,29,24,1,,0,334,2016-01_to_2018-05,0
902730,pure_list1,treated_candidate,,126976283,126976283,1.000000000000,29,24,1,,0,334,2016-01_to_2018-05,0
902750,pure_list1,treated_candidate,,346152640,346152640,1.000000000000,29,24,1,,0,333|334,2016-01_to_2018-05,0
902780,pure_list1,treated_candidate,,341611889,341611889,1.000000000000,29,24,1,,1,334,2016-01_to_2018-05,0
902790,mixed_list1,excluded,mixed_list1_pre_value_share,449198069,394012253,0.877145918898,29,24,1,us_301_list3_2018,1,333|334,2016-01_to_2018-05,0
902810,non_list1,excluded,direct_policy_scope_overlap,2056407,0,0.000000000000,28,24,0,us_301_list2_2018,0,334,2016-01_to_2018-05,0
902820,non_list1,excluded,direct_policy_scope_overlap,15199272,0,0.000000000000,29,24,0,us_301_list2_2018,0,334,2016-01_to_2018-05,0
902830,non_list1,excluded,direct_policy_scope_overlap,26226674,0,0.000000000000,29,24,0,us_301_list2_2018,0,334,2016-01_to_2018-05,0
902890,pure_list1,treated_candidate,,153237049,153237049,1.000000000000,29,24,1,,0,334,2016-01_to_2018-05,0
902910,non_list1,excluded,direct_policy_scope_overlap,109852580,0,0.000000000000,29,24,0,us_301_list3_2018,0,334,2016-01_to_2018-05,0
902920,non_list1,excluded,direct_policy_scope_overlap,215185006,0,0.000000000000,29,24,0,us_301_list2_2018|us_301_list3_2018,0,334,2016-01_to_2018-05,0
902990,non_list1,excluded,direct_policy_scope_overlap,85500601,0,0.000000000000,29,24,0,us_301_list2_2018|us_301_list3_2018,0,334,2016-01_to_2018-05,0
903010,pure_list1,treated_candidate,,19718714,19718714,1.000000000000,29,24,1,,0,334,2016-01_to_2018-05,0
903020,mixed_list1,excluded,mixed_list1_pre_value_share,102643229,1560777,0.015205844703,29,24,1,us_301_list3_2018,0,334,2016-01_to_2018-05,0
903031,non_list1,excluded,direct_policy_scope_overlap,191177595,0,0.000000000000,29,24,0,us_301_list2_2018,0,334,2016-01_to_2018-05,0
903032,non_list1,excluded,direct_policy_scope_overlap,38546351,0,0.000000000000,29,24,0,us_301_list2_2018,0,334,2016-01_to_2018-05,0
903033,mixed_list1,excluded,mixed_list1_pre_value_share,229593233,178937134,0.779365888367,29,24,1,,1,334,2016-01_to_2018-05,0
903039,pure_list1,treated_candidate,,45862874,45862874,1.000000000000,29,24,1,,1,334,2016-01_to_2018-05,0
903040,pure_list1,treated_candidate,,203624079,203624079,1.000000000000,29,24,1,,0,334,2016-01_to_2018-05,0
903082,pure_list1,treated_candidate,,101752173,101752173,1.000000000000,29,24,1,,0,334,2016-01_to_2018-05,0
903084,non_list1,excluded,direct_policy_scope_overlap,14089703,0,0.000000000000,29,24,0,us_301_list2_2018,0,334,2016-01_to_2018-05,0
903089,non_list1,excluded,direct_policy_scope_overlap,30983519,0,0.000000000000,29,24,0,us_301_list2_2018,0,334,2016-01_to_2018-05,0
903090,mixed_list1,excluded,mixed_list1_pre_value_share,258466082,244789391,0.947085161449,29,24,1,,1,334,2016-01_to_2018-05,0
903110,pure_list1,treated_candidate,,18325534,18325534,1.000000000000,29,24,1,,0,333,2016-01_to_2018-05,0
903120,pure_list1,treated_candidate,,9076706,9076706,1.000000000000,29,24,1,,0,334|337,2016-01_to_2018-05,0
903141,pure_list1,treated_candidate,,5598901,5598901,1.000000000000,29,24,1,,0,333,2016-01_to_2018-05,0
903149,pure_list1,treated_candidate,,293183387,293183387,1.000000000000,29,24,1,,0,332|333,2016-01_to_2018-05,0
903180,pure_list1,treated_candidate,,813494212,813494212,1.000000000000,29,24,1,,1,334,2016-01_to_2018-05,0
903190,mixed_list1,excluded,mixed_list1_pre_value_share,157244563,130159131,0.827749643719,29,24,1,us_301_list3_2018,0,333|334,2016-01_to_2018-05,0
903210,pure_list1,treated_candidate,,905119512,905119512,1.000000000000,29,24,1,,1,334,2016-01_to_2018-05,0
903220,pure_list1,treated_candidate,,1320517,1320517,1.000000000000,29,24,1,,0,334,2016-01_to_2018-05,0
903281,pure_list1,treated_candidate,,15595302,15595302,1.000000000000,29,24,1,,0,334,2016-01_to_2018-05,0
903289,pure_list1,treated_candidate,,817829876,817829876,1.000000000000,29,24,1,,1,334|335|336,2016-01_to_2018-05,0
903290,mixed_list1,excluded,mixed_list1_pre_value_share,154904353,122052907,0.787924319983,29,24,1,,0,334|335|336,2016-01_to_2018-05,0
903300,pure_list1,excluded,insufficient_positive_pre_months,18949476,18949476,1.000000000000,17,24,1,,0,334,2016-01_to_2018-05,0
910111,non_list1,control_candidate,,3988712,0,0.000000000000,28,24,0,,0,334|335,2016-01_to_2018-05,0
910119,non_list1,control_candidate,,1968378,0,0.000000000000,27,24,0,,0,316|334|335,2016-01_to_2018-05,0
910121,non_list1,control_candidate,,10139278,0,0.000000000000,29,24,0,,0,334,2016-01_to_2018-05,0
910129,non_list1,excluded,insufficient_positive_pre_months,309286,0,0.000000000000,13,24,0,,0,334,2016-01_to_2018-05,0
910191,non_list1,excluded,insufficient_positive_pre_months,1725239,0,0.000000000000,22,24,0,,0,334|335,2016-01_to_2018-05,0
910199,non_list1,excluded,insufficient_positive_pre_months,50395,0,0.000000000000,4,24,0,,0,334,2016-01_to_2018-05,0
910211,non_list1,control_candidate,,366921517,0,0.000000000000,29,24,0,,0,334|335,2016-01_to_2018-05,0
910212,non_list1,control_candidate,,340190472,0,0.000000000000,29,24,0,,0,334,2016-01_to_2018-05,0
910219,non_list1,control_candidate,,77716738,0,0.000000000000,29,24,0,,0,334|335,2016-01_to_2018-05,0
910221,non_list1,control_candidate,,46309845,0,0.000000000000,29,24,0,,0,334,2016-01_to_2018-05,0
910229,non_list1,control_candidate,,4022310,0,0.000000000000,29,24,0,,0,334,2016-01_to_2018-05,0
910291,non_list1,control_candidate,,9398964,0,0.000000000000,29,24,0,,0,334|335,2016-01_to_2018-05,0
910299,non_list1,excluded,insufficient_positive_pre_months,1736898,0,0.000000000000,23,24,0,,0,334,2016-01_to_2018-05,0
910310,non_list1,control_candidate,,8845318,0,0.000000000000,29,24,0,,0,334|335,2016-01_to_2018-05,0
910390,non_list1,excluded,insufficient_positive_pre_months,112352,0,0.000000000000,11,24,0,,0,334,2016-01_to_2018-05,0
910400,non_list1,excluded,direct_policy_scope_overlap,1713261,0,0.000000000000,27,24,0,us_301_list3_2018,0,334|335,2016-01_to_2018-05,0
910511,non_list1,control_candidate,,134757642,0,0.000000000000,29,24,0,,0,334|335,2016-01_to_2018-05,0
910519,non_list1,control_candidate,,6220158,0,0.000000000000,29,24,0,,0,334,2016-01_to_2018-05,0
910521,non_list1,control_candidate,,202775701,0,0.000000000000,29,24,0,,0,334|335,2016-01_to_2018-05,0
910529,non_list1,control_candidate,,24691133,0,0.000000000000,29,24,0,,0,334,2016-01_to_2018-05,0
910591,non_list1,control_candidate,,60687979,0,0.000000000000,29,24,0,,0,334|335,2016-01_to_2018-05,0
910599,non_list1,control_candidate,,6836182,0,0.000000000000,29,24,0,,0,334,2016-01_to_2018-05,0
910610,non_list1,excluded,direct_policy_scope_overlap,12326649,0,0.000000000000,29,24,0,us_301_list3_2018,0,334,2016-01_to_2018-05,0
910690,non_list1,excluded,direct_policy_scope_overlap,52997200,0,0.000000000000,29,24,0,us_301_list3_2018,0,334,2016-01_to_2018-05,0
910700,non_list1,excluded,direct_policy_scope_overlap,76516205,0,0.000000000000,29,24,0,us_301_list3_2018,0,334|335,2016-01_to_2018-05,0
910811,non_list1,control_candidate,,661215,0,0.000000000000,27,24,0,,0,334|335,2016-01_to_2018-05,0
910812,non_list1,excluded,insufficient_positive_pre_months,40860,0,0.000000000000,3,24,0,,0,334|335,2016-01_to_2018-05,0
910819,non_list1,excluded,insufficient_positive_pre_months,20339,0,0.000000000000,6,24,0,,0,334|335,2016-01_to_2018-05,0
910820,non_list1,control_candidate,,576643,0,0.000000000000,26,24,0,,0,334,2016-01_to_2018-05,0
910890,non_list1,excluded,insufficient_positive_pre_months,295854,0,0.000000000000,15,24,0,,0,334,2016-01_to_2018-05,0
910910,non_list1,control_candidate,,3167599,0,0.000000000000,29,24,0,,0,334|335,2016-01_to_2018-05,0
910990,non_list1,control_candidate,,1141609,0,0.000000000000,27,24,0,,0,334,2016-01_to_2018-05,0
911011,non_list1,excluded,insufficient_positive_pre_months,0,0,0.000000000000,0,24,0,,0,334,2016-01_to_2018-05,0
911012,non_list1,excluded,insufficient_positive_pre_months,225248,0,0.000000000000,10,24,0,,0,334,2016-01_to_2018-05,0
911019,non_list1,excluded,insufficient_positive_pre_months,26648,0,0.000000000000,6,24,0,,0,334,2016-01_to_2018-05,0
911090,non_list1,control_candidate,,868433,0,0.000000000000,28,24,0,,0,334,2016-01_to_2018-05,0
911110,non_list1,excluded,insufficient_positive_pre_months,61408,0,0.000000000000,8,24,0,,0,334,2016-01_to_2018-05,0
911120,non_list1,control_candidate,,24349971,0,0.000000000000,29,24,0,,0,334,2016-01_to_2018-05,0
911180,non_list1,control_candidate,,2313650,0,0.000000000000,28,24,0,,0,334,2016-01_to_2018-05,0
911190,non_list1,control_candidate,,2278471,0,0.000000000000,29,24,0,,0,334,2016-01_to_2018-05,0
911220,non_list1,control_candidate,,968739,0,0.000000000000,28,24,0,,0,334,2016-01_to_2018-05,0
911290,non_list1,control_candidate,,453603,0,0.000000000000,24,24,0,,0,334,2016-01_to_2018-05,0
911310,non_list1,excluded,insufficient_positive_pre_months,653188,0,0.000000000000,21,24,0,,0,339,2016-01_to_2018-05,0
911320,non_list1,control_candidate,,46184493,0,0.000000000000,29,24,0,,0,339,2016-01_to_2018-05,0
911390,non_list1,control_candidate,,171588367,0,0.000000000000,29,24,0,,0,316|339,2016-01_to_2018-05,0
911410,non_list1,excluded,insufficient_positive_pre_months,160486,0,0.000000000000,23,24,0,,0,334,2016-01_to_2018-05,0
911430,non_list1,control_candidate,,4691725,0,0.000000000000,29,24,0,,0,334,2016-01_to_2018-05,0
911440,non_list1,control_candidate,,335130,0,0.000000000000,26,24,0,,0,334,2016-01_to_2018-05,0
911490,non_list1,control_candidate,,16913375,0,0.000000000000,29,24,0,,0,334,2016-01_to_2018-05,0
920110,non_list1,control_candidate,,13178229,0,0.000000000000,29,24,0,,0,339,2016-01_to_2018-05,0
920120,non_list1,control_candidate,,18032034,0,0.000000000000,29,24,0,,0,339,2016-01_to_2018-05,0
920190,non_list1,excluded,insufficient_positive_pre_months,252685,0,0.000000000000,19,24,0,,0,339,2016-01_to_2018-05,0
920210,non_list1,control_candidate,,80161426,0,0.000000000000,29,24,0,,0,339,2016-01_to_2018-05,0
920290,non_list1,control_candidate,,188383035,0,0.000000000000,29,24,0,,0,339,2016-01_to_2018-05,0
920510,non_list1,control_candidate,,79149620,0,0.000000000000,29,24,0,,0,339,2016-01_to_2018-05,0
920590,non_list1,control_candidate,,90538073,0,0.000000000000,29,24,0,,0,339,2016-01_to_2018-05,0
920600,non_list1,control_candidate,,110201610,0,0.000000000000,29,24,0,,0,339,2016-01_to_2018-05,0
920710,non_list1,control_candidate,,316250228,0,0.000000000000,29,24,0,,0,339,2016-01_to_2018-05,0
920790,non_list1,control_candidate,,244389695,0,0.000000000000,29,24,0,,0,339,2016-01_to_2018-05,0
920810,non_list1,control_candidate,,58111931,0,0.000000000000,29,24,0,,0,339,2016-01_to_2018-05,0
920890,non_list1,control_candidate,,15379389,0,0.000000000000,29,24,0,,0,339,2016-01_to_2018-05,0
920930,non_list1,control_candidate,,4109306,0,0.000000000000,29,24,0,,0,339,2016-01_to_2018-05,0
920991,non_list1,control_candidate,,2482438,0,0.000000000000,29,24,0,,0,339,2016-01_to_2018-05,0
920992,non_list1,control_candidate,,34293283,0,0.000000000000,29,24,0,,0,339,2016-01_to_2018-05,0
920994,non_list1,control_candidate,,44300343,0,0.000000000000,29,24,0,,0,339,2016-01_to_2018-05,0
920999,non_list1,excluded,insufficient_positive_pre_months,35289977,0,0.000000000000,17,24,0,,0,339,2016-01_to_2018-05,0
930110,non_list1,excluded,insufficient_positive_pre_months,0,0,0.000000000000,0,24,0,,0,332|336,2016-01_to_2018-05,0
930120,non_list1,excluded,insufficient_positive_pre_months,0,0,0.000000000000,0,24,0,,0,332,2016-01_to_2018-05,0
930190,non_list1,excluded,insufficient_positive_pre_months,2496,0,0.000000000000,1,24,0,,0,332,2016-01_to_2018-05,0
930200,non_list1,excluded,insufficient_positive_pre_months,0,0,0.000000000000,0,24,0,,0,332,2016-01_to_2018-05,0
930310,non_list1,excluded,insufficient_positive_pre_months,6600,0,0.000000000000,1,24,0,,0,332,2016-01_to_2018-05,0
930320,non_list1,control_candidate,,37370485,0,0.000000000000,29,24,0,,0,332,2016-01_to_2018-05,0
930330,non_list1,excluded,insufficient_positive_pre_months,0,0,0.000000000000,0,24,0,,0,332,2016-01_to_2018-05,0
930390,non_list1,excluded,insufficient_positive_pre_months,0,0,0.000000000000,0,24,0,,0,332,2016-01_to_2018-05,0
930400,non_list1,control_candidate,,149875790,0,0.000000000000,29,24,0,,0,332,2016-01_to_2018-05,0
930510,non_list1,control_candidate,,1284888,0,0.000000000000,28,24,0,,0,332,2016-01_to_2018-05,0
930520,non_list1,control_candidate,,61041846,0,0.000000000000,29,24,0,,0,332,2016-01_to_2018-05,0
930591,non_list1,excluded,insufficient_positive_pre_months,88824,0,0.000000000000,7,24,0,,0,332,2016-01_to_2018-05,0
930599,non_list1,control_candidate,,44856493,0,0.000000000000,29,24,0,,0,332,2016-01_to_2018-05,0
930621,non_list1,excluded,insufficient_positive_pre_months,24614,0,0.000000000000,2,24,0,,0,332,2016-01_to_2018-05,0
930629,non_list1,control_candidate,,21400955,0,0.000000000000,29,24,0,,0,332,2016-01_to_2018-05,0
930630,non_list1,excluded,insufficient_positive_pre_months,1209756,0,0.000000000000,13,24,0,,0,332,2016-01_to_2018-05,0
930690,non_list1,control_candidate,,12099634,0,0.000000000000,29,24,0,,0,332|336,2016-01_to_2018-05,0
930700,non_list1,control_candidate,,29619800,0,0.000000000000,29,24,0,,0,332,2016-01_to_2018-05,0
940110,non_list1,control_candidate,,39199145,0,0.000000000000,29,24,0,,0,336,2016-01_to_2018-05,0
940120,non_list1,excluded,direct_policy_scope_overlap,101557923,0,0.000000000000,29,24,0,us_301_list3_2018,0,336,2016-01_to_2018-05,0
940130,non_list1,excluded,direct_policy_scope_overlap,1649500469,0,0.000000000000,29,24,0,us_301_list3_2018,0,337,2016-01_to_2018-05,0
940140,non_list1,excluded,direct_policy_scope_overlap,481769132,0,0.000000000000,29,24,0,us_301_list3_2018,0,337,2016-01_to_2018-05,0
940152,non_list1,excluded,insufficient_positive_pre_months|direct_policy_scope_overlap,5323486,0,0.000000000000,17,24,0,us_301_list3_2018,0,337,2016-01_to_2018-05,0
940153,non_list1,excluded,insufficient_positive_pre_months|direct_policy_scope_overlap,46444596,0,0.000000000000,17,24,0,us_301_list3_2018,0,337,2016-01_to_2018-05,0
940159,non_list1,excluded,direct_policy_scope_overlap,21567296,0,0.000000000000,29,24,0,us_301_list3_2018,0,337,2016-01_to_2018-05,0
940161,non_list1,excluded,direct_policy_scope_overlap,8801622001,0,0.000000000000,29,24,0,us_301_list3_2018,0,337,2016-01_to_2018-05,0
940169,non_list1,excluded,direct_policy_scope_overlap,362127513,0,0.000000000000,29,24,0,us_301_list3_2018,0,337,2016-01_to_2018-05,0
940171,non_list1,excluded,direct_policy_scope_overlap,2036148484,0,0.000000000000,29,24,0,us_301_list3_2018,0,337,2016-01_to_2018-05,0
940179,non_list1,excluded,direct_policy_scope_overlap,5092959432,0,0.000000000000,29,24,0,us_301_list3_2018,0,337,2016-01_to_2018-05,0
940180,non_list1,excluded,direct_policy_scope_overlap,2225339395,0,0.000000000000,29,24,0,us_301_list3_2018,0,337,2016-01_to_2018-05,0
940190,non_list1,excluded,direct_policy_scope_overlap,3217706812,0,0.000000000000,29,24,0,us_301_list3_2018,0,316|336|337,2016-01_to_2018-05,0
940210,non_list1,control_candidate,,95626295,0,0.000000000000,29,24,0,,0,339,2016-01_to_2018-05,0
940290,non_list1,control_candidate,,618037845,0,0.000000000000,29,24,0,,0,337|339,2016-01_to_2018-05,0
940310,non_list1,excluded,direct_policy_scope_overlap,406775675,0,0.000000000000,29,24,0,us_301_list3_2018,0,337,2016-01_to_2018-05,0
940320,non_list1,excluded,direct_policy_scope_overlap,8350206723,0,0.000000000000,29,24,0,us_301_list3_2018,0,332|337,2016-01_to_2018-05,0
940330,non_list1,excluded,direct_policy_scope_overlap,739112439,0,0.000000000000,29,24,0,us_301_list3_2018,0,337,2016-01_to_2018-05,0
940340,non_list1,excluded,direct_policy_scope_overlap,2665735656,0,0.000000000000,29,24,0,us_301_list3_2018,0,336|337,2016-01_to_2018-05,0
940350,non_list1,excluded,direct_policy_scope_overlap,1000532432,0,0.000000000000,29,24,0,us_301_list3_2018,0,336|337,2016-01_to_2018-05,0
940360,non_list1,excluded,direct_policy_scope_overlap,6358214001,0,0.000000000000,29,24,0,us_301_list3_2018,0,337,2016-01_to_2018-05,0
940370,non_list1,excluded,direct_policy_scope_overlap,1946733095,0,0.000000000000,29,24,0,us_301_list3_2018,0,337,2016-01_to_2018-05,0
940382,non_list1,excluded,insufficient_positive_pre_months|direct_policy_scope_overlap,40373052,0,0.000000000000,17,24,0,us_301_list3_2018,0,337,2016-01_to_2018-05,0
940383,non_list1,excluded,insufficient_positive_pre_months|direct_policy_scope_overlap,16629794,0,0.000000000000,17,24,0,us_301_list3_2018,0,337,2016-01_to_2018-05,0
940389,non_list1,excluded,direct_policy_scope_overlap,1557557812,0,0.000000000000,29,24,0,us_301_list3_2018,0,337,2016-01_to_2018-05,0
940390,non_list1,excluded,direct_policy_scope_overlap,3257984250,0,0.000000000000,29,24,0,us_301_list3_2018,0,313|336|337,2016-01_to_2018-05,0
940410,non_list1,excluded,direct_policy_scope_overlap,55810425,0,0.000000000000,29,24,0,us_301_list3_2018,0,337,2016-01_to_2018-05,0
940421,non_list1,excluded,direct_policy_scope_overlap,1231270265,0,0.000000000000,29,24,0,us_301_list3_2018,0,337,2016-01_to_2018-05,0
940429,non_list1,excluded,direct_policy_scope_overlap,379426123,0,0.000000000000,29,24,0,us_301_list3_2018,0,337,2016-01_to_2018-05,0
940430,non_list1,control_candidate,,287858288,0,0.000000000000,29,24,0,,0,314,2016-01_to_2018-05,0
940490,non_list1,control_candidate,,4559782908,0,0.000000000000,29,24,0,,0,314,2016-01_to_2018-05,0
940510,non_list1,excluded,direct_policy_scope_overlap,5044643590,0,0.000000000000,29,24,0,us_301_list3_2018,0,335,2016-01_to_2018-05,0
940520,non_list1,excluded,direct_policy_scope_overlap,1781440944,0,0.000000000000,29,24,0,us_301_list3_2018,0,335,2016-01_to_2018-05,0
940530,non_list1,excluded,direct_policy_scope_overlap,866961853,0,0.000000000000,29,24,0,us_301_list3_2018,0,335,2016-01_to_2018-05,0
940540,non_list1,excluded,direct_policy_scope_overlap,7278700227,0,0.000000000000,29,24,0,us_301_list3_2018,0,335,2016-01_to_2018-05,0
940550,non_list1,excluded,direct_policy_scope_overlap,507334663,0,0.000000000000,29,24,0,us_301_list3_2018,0,335,2016-01_to_2018-05,0
940560,non_list1,excluded,direct_policy_scope_overlap,233019519,0,0.000000000000,29,24,0,us_301_list3_2018,0,339,2016-01_to_2018-05,0
940591,non_list1,excluded,direct_policy_scope_overlap,104898570,0,0.000000000000,29,24,0,us_301_list3_2018,0,327,2016-01_to_2018-05,0
940592,non_list1,excluded,direct_policy_scope_overlap,100338498,0,0.000000000000,29,24,0,us_301_list3_2018,0,335,2016-01_to_2018-05,0
940599,non_list1,excluded,direct_policy_scope_overlap,853847981,0,0.000000000000,29,24,0,us_301_list3_2018,0,335,2016-01_to_2018-05,0
940610,non_list1,excluded,insufficient_positive_pre_months|direct_policy_scope_overlap,41572394,0,0.000000000000,17,24,0,us_301_list3_2018,0,321,2016-01_to_2018-05,0
940690,non_list1,excluded,insufficient_positive_pre_months|direct_policy_scope_overlap,39460371,0,0.000000000000,17,24,0,us_301_list3_2018,0,326|332,2016-01_to_2018-05,0
950300,non_list1,control_candidate,,27468513292,0,0.000000000000,29,24,0,,0,339,2016-01_to_2018-05,0
950420,non_list1,control_candidate,,102332164,0,0.000000000000,29,24,0,,0,339,2016-01_to_2018-05,0
950430,non_list1,control_candidate,,723358379,0,0.000000000000,29,24,0,,0,339,2016-01_to_2018-05,0
950440,non_list1,control_candidate,,212762018,0,0.000000000000,29,24,0,,0,323,2016-01_to_2018-05,0
950450,non_list1,control_candidate,,9682128705,0,0.000000000000,29,24,0,,0,339,2016-01_to_2018-05,0
950490,non_list1,control_candidate,,1750800709,0,0.000000000000,29,24,0,,0,339,2016-01_to_2018-05,0
950510,non_list1,control_candidate,,4123959176,0,0.000000000000,29,24,0,,0,327|339,2016-01_to_2018-05,0
950590,non_list1,control_candidate,,1965668390,0,0.000000000000,29,24,0,,0,322|339,2016-01_to_2018-05,0
950611,non_list1,control_candidate,,49568475,0,0.000000000000,29,24,0,,0,339,2016-01_to_2018-05,0
950612,non_list1,control_candidate,,32065283,0,0.000000000000,28,24,0,,0,339,2016-01_to_2018-05,0
950619,non_list1,control_candidate,,13332270,0,0.000000000000,29,24,0,,0,339,2016-01_to_2018-05,0
950621,non_list1,control_candidate,,9474586,0,0.000000000000,29,24,0,,0,339,2016-01_to_2018-05,0
950629,non_list1,control_candidate,,711487854,0,0.000000000000,29,24,0,,0,339,2016-01_to_2018-05,0
950631,non_list1,control_candidate,,673675482,0,0.000000000000,29,24,0,,0,339,2016-01_to_2018-05,0
950632,non_list1,control_candidate,,69798246,0,0.000000000000,29,24,0,,0,339,2016-01_to_2018-05,0
950639,non_list1,control_candidate,,531972088,0,0.000000000000,29,24,0,,0,339,2016-01_to_2018-05,0
950640,non_list1,control_candidate,,82542919,0,0.000000000000,29,24,0,,0,339,2016-01_to_2018-05,0
950651,non_list1,control_candidate,,91957538,0,0.000000000000,29,24,0,,0,339,2016-01_to_2018-05,0
950659,non_list1,control_candidate,,37333413,0,0.000000000000,29,24,0,,0,339,2016-01_to_2018-05,0
950661,non_list1,control_candidate,,92823068,0,0.000000000000,29,24,0,,0,339,2016-01_to_2018-05,0
950662,non_list1,control_candidate,,362166113,0,0.000000000000,29,24,0,,0,339,2016-01_to_2018-05,0
950669,non_list1,control_candidate,,240866860,0,0.000000000000,29,24,0,,0,339,2016-01_to_2018-05,0
950670,non_list1,control_candidate,,194212383,0,0.000000000000,29,24,0,,0,339,2016-01_to_2018-05,0
950691,non_list1,control_candidate,,3538138159,0,0.000000000000,29,24,0,,0,339,2016-01_to_2018-05,0
950699,non_list1,control_candidate,,2743863687,0,0.000000000000,29,24,0,,0,339,2016-01_to_2018-05,0
950710,non_list1,control_candidate,,404636458,0,0.000000000000,29,24,0,,0,339,2016-01_to_2018-05,0
950720,non_list1,control_candidate,,41440901,0,0.000000000000,29,24,0,,0,339,2016-01_to_2018-05,0
950730,non_list1,control_candidate,,432817022,0,0.000000000000,29,24,0,,0,339,2016-01_to_2018-05,0
950790,non_list1,control_candidate,,323624295,0,0.000000000000,29,24,0,,0,314|339,2016-01_to_2018-05,0
950810,non_list1,control_candidate,,1210757,0,0.000000000000,26,24,0,,0,333,2016-01_to_2018-05,0
950890,non_list1,control_candidate,,78176250,0,0.000000000000,29,24,0,,0,333,2016-01_to_2018-05,0
960110,non_list1,excluded,insufficient_positive_pre_months,181422,0,0.000000000000,11,24,0,,0,339,2016-01_to_2018-05,0
960190,non_list1,control_candidate,,10415627,0,0.000000000000,29,24,0,,0,339,2016-01_to_2018-05,0
960200,non_list1,control_candidate,,98739181,0,0.000000000000,29,24,0,,0,325|339,2016-01_to_2018-05,0
960310,non_list1,control_candidate,,1256055,0,0.000000000000,28,24,0,,0,339,2016-01_to_2018-05,0
960321,non_list1,control_candidate,,345031471,0,0.000000000000,29,24,0,,0,339,2016-01_to_2018-05,0
960329,non_list1,control_candidate,,300382683,0,0.000000000000,29,24,0,,0,339,2016-01_to_2018-05,0
960330,non_list1,control_candidate,,857236863,0,0.000000000000,29,24,0,,0,339,2016-01_to_2018-05,0
960340,non_list1,control_candidate,,266887791,0,0.000000000000,29,24,0,,0,339,2016-01_to_2018-05,0
960350,non_list1,control_candidate,,64010497,0,0.000000000000,29,24,0,,0,339,2016-01_to_2018-05,0
960390,non_list1,control_candidate,,1186976598,0,0.000000000000,29,24,0,,0,339,2016-01_to_2018-05,0
960400,non_list1,control_candidate,,2287015,0,0.000000000000,28,24,0,,0,332,2016-01_to_2018-05,0
960500,non_list1,control_candidate,,46606679,0,0.000000000000,29,24,0,,0,316,2016-01_to_2018-05,0
960610,non_list1,excluded,direct_policy_scope_overlap,11242809,0,0.000000000000,29,24,0,us_301_list3_2018,0,339,2016-01_to_2018-05,0
960621,non_list1,excluded,direct_policy_scope_overlap,6488772,0,0.000000000000,29,24,0,us_301_list3_2018,0,339,2016-01_to_2018-05,0
960622,non_list1,excluded,direct_policy_scope_overlap,11677106,0,0.000000000000,29,24,0,us_301_list3_2018,0,339,2016-01_to_2018-05,0
960629,non_list1,excluded,direct_policy_scope_overlap,2774156,0,0.000000000000,29,24,0,us_301_list3_2018,0,339,2016-01_to_2018-05,0
960630,non_list1,excluded,direct_policy_scope_overlap,645799,0,0.000000000000,29,24,0,us_301_list3_2018,0,339,2016-01_to_2018-05,0
960711,non_list1,excluded,direct_policy_scope_overlap,5164827,0,0.000000000000,29,24,0,us_301_list3_2018,0,339,2016-01_to_2018-05,0
960719,non_list1,excluded,direct_policy_scope_overlap,11922710,0,0.000000000000,29,24,0,us_301_list3_2018,0,339,2016-01_to_2018-05,0
960720,non_list1,excluded,direct_policy_scope_overlap,8040584,0,0.000000000000,29,24,0,us_301_list3_2018,0,339,2016-01_to_2018-05,0
960810,non_list1,control_candidate,,627637112,0,0.000000000000,29,24,0,,0,339,2016-01_to_2018-05,0
960820,non_list1,control_candidate,,346767855,0,0.000000000000,29,24,0,,0,339,2016-01_to_2018-05,0
960830,non_list1,control_candidate,,18122721,0,0.000000000000,29,24,0,,0,339,2016-01_to_2018-05,0
960840,non_list1,control_candidate,,57619259,0,0.000000000000,29,24,0,,0,339,2016-01_to_2018-05,0
960850,non_list1,control_candidate,,2668283,0,0.000000000000,27,24,0,,0,339,2016-01_to_2018-05,0
960860,non_list1,control_candidate,,3918440,0,0.000000000000,29,24,0,,0,339,2016-01_to_2018-05,0
960891,non_list1,control_candidate,,3533506,0,0.000000000000,28,24,0,,0,339,2016-01_to_2018-05,0
960899,non_list1,control_candidate,,18058014,0,0.000000000000,29,24,0,,0,339,2016-01_to_2018-05,0
960910,non_list1,control_candidate,,188641635,0,0.000000000000,29,24,0,,0,339,2016-01_to_2018-05,0
960920,non_list1,control_candidate,,10886744,0,0.000000000000,29,24,0,,0,339,2016-01_to_2018-05,0
960990,non_list1,control_candidate,,164293702,0,0.000000000000,29,24,0,,0,339,2016-01_to_2018-05,0
961000,non_list1,control_candidate,,267709338,0,0.000000000000,29,24,0,,0,339,2016-01_to_2018-05,0
961100,non_list1,control_candidate,,68999014,0,0.000000000000,29,24,0,,0,339,2016-01_to_2018-05,0
961210,non_list1,control_candidate,,46557482,0,0.000000000000,29,24,0,,0,339,2016-01_to_2018-05,0
961220,non_list1,control_candidate,,8334149,0,0.000000000000,29,24,0,,0,339,2016-01_to_2018-05,0
961310,non_list1,control_candidate,,32130777,0,0.000000000000,29,24,0,,0,339,2016-01_to_2018-05,0
961320,non_list1,control_candidate,,37768024,0,0.000000000000,29,24,0,,0,339,2016-01_to_2018-05,0
961380,non_list1,control_candidate,,141086130,0,0.000000000000,29,24,0,,0,339,2016-01_to_2018-05,0
961390,non_list1,control_candidate,,10805263,0,0.000000000000,29,24,0,,0,339,2016-01_to_2018-05,0
961400,non_list1,control_candidate,,37113483,0,0.000000000000,29,24,0,,0,321|339,2016-01_to_2018-05,0
961511,non_list1,control_candidate,,196390474,0,0.000000000000,29,24,0,,0,326,2016-01_to_2018-05,0
961519,non_list1,control_candidate,,184900755,0,0.000000000000,29,24,0,,0,332,2016-01_to_2018-05,0
961590,non_list1,control_candidate,,138243990,0,0.000000000000,29,24,0,,0,326|332,2016-01_to_2018-05,0
961610,non_list1,control_candidate,,165856922,0,0.000000000000,29,24,0,,0,339,2016-01_to_2018-05,0
961620,non_list1,control_candidate,,150053325,0,0.000000000000,29,24,0,,0,314,2016-01_to_2018-05,0
961700,non_list1,control_candidate,,1056152264,0,0.000000000000,29,24,0,,0,332,2016-01_to_2018-05,0
961800,non_list1,control_candidate,,110358403,0,0.000000000000,29,24,0,,0,339,2016-01_to_2018-05,0
961900,non_list1,control_candidate,,227796224,0,0.000000000000,29,24,0,,0,314|322,2016-01_to_2018-05,0
962000,non_list1,excluded,insufficient_positive_pre_months|direct_policy_scope_overlap,18654019,0,0.000000000000,17,24,0,us_301_list3_2018,0,321|326|332|333|334|335,2016-01_to_2018-05,0
970110,non_list1,control_candidate,,230358856,0,0.000000000000,29,24,0,,0,930,2016-01_to_2018-05,0
970190,non_list1,control_candidate,,14755575,0,0.000000000000,29,24,0,,0,930,2016-01_to_2018-05,0
970200,non_list1,control_candidate,,2418948,0,0.000000000000,26,24,0,,0,930,2016-01_to_2018-05,0
970300,non_list1,control_candidate,,62317957,0,0.000000000000,29,24,0,,0,930,2016-01_to_2018-05,0
970400,non_list1,excluded,insufficient_positive_pre_months,912149,0,0.000000000000,19,24,0,,0,930,2016-01_to_2018-05,0
970500,non_list1,control_candidate,,108110854,0,0.000000000000,29,24,0,,0,930,2016-01_to_2018-05,0
970600,non_list1,control_candidate,,292954721,0,0.000000000000,29,24,0,,0,930,2016-01_to_2018-05,0
980100,non_list1,control_candidate,,5374259663,0,0.000000000000,29,24,0,,0,980,2016-01_to_2018-05,0
980200,non_list1,control_candidate,,70840706,0,0.000000000000,29,24,0,,0,980|990,2016-01_to_2018-05,0
980800,non_list1,excluded,insufficient_positive_pre_months,89864,0,0.000000000000,7,24,0,,0,334|990,2016-01_to_2018-05,0
981000,non_list1,control_candidate,,25331802,0,0.000000000000,29,24,0,,0,313|315|326|327|332|333|334|336|337|339|990,2016-01_to_2018-05,0
981200,non_list1,excluded,insufficient_positive_pre_months,1852811,0,0.000000000000,16,24,0,,0,990,2016-01_to_2018-05,0
981700,non_list1,control_candidate,,864178142,0,0.000000000000,29,24,0,,0,314|325|333|334|990,2016-01_to_2018-05,0
981800,non_list1,control_candidate,,57255004,0,0.000000000000,28,24,0,,0,990,2016-01_to_2018-05,0
999900,non_list1,excluded,insufficient_positive_pre_months,3657,0,0.000000000000,1,24,0,,0,990,2016-01_to_2018-05,0
999995,non_list1,control_candidate,,7736308198,0,0.000000000000,29,24,0,,0,990,2016-01_to_2018-05,0
