hs6_2017,assignment_status,primary_role,naics3_candidates,naics3,match_eligible,match_exclusion_reason,selection_window,pre_months,positive_pre_months_actual,positive_pre_months_eligibility,mean_china_import_value_usd,total_china_import_value_usd,total_all_origin_import_value_usd,log_mean_monthly_china_import_value,pretrend_slope,monthly_volatility,china_share_of_all_origin_imports,post_policy_activity_used_for_matching
010611,non_list1,control_candidate,112,112,1,,2016-01_to_2018-05,29,29,29,3253808.034483,94360433.000000,138562260.000000,14.995336878648,-0.008563031255,0.504895504533,0.680996636458,0
030369,non_list1,control_candidate,114,114,1,,2016-01_to_2018-05,29,27,27,157655.000000,4571995.000000,5515049.000000,11.968170723240,0.045834199263,3.119043078209,0.829003513840,0
030471,non_list1,control_candidate,114,114,1,,2016-01_to_2018-05,29,29,29,22683088.482759,657809566.000000,895058695.000000,16.937130248127,0.002990958908,0.364161803997,0.734934557560,0
030475,non_list1,control_candidate,114,114,1,,2016-01_to_2018-05,29,29,29,4083523.034483,118422168.000000,122352110.000000,15.222470907519,-0.023863201337,0.534388225996,0.967880063531,0
050210,non_list1,control_candidate,311,311,1,,2016-01_to_2018-05,29,29,29,564194.000000,16361626.000000,16507329.000000,13.243155215405,0.017206015668,0.874248262400,0.991173435751,0
050400,non_list1,control_candidate,311,311,1,,2016-01_to_2018-05,29,29,29,12302350.482759,356768164.000000,512520761.000000,16.325300979531,0.011394157471,0.206430770350,0.696104804231,0
050510,non_list1,control_candidate,339,339,1,,2016-01_to_2018-05,29,29,29,8709964.517241,252588971.000000,317546932.000000,15.979978389836,0.010279360398,0.300896696336,0.795438234623,0
060210,non_list1,control_candidate,111,111,1,,2016-01_to_2018-05,29,29,29,312706.793103,9068497.000000,225200907.000000,12.653024465116,0.000036545246,0.223952533101,0.040268474585,0
060290,non_list1,control_candidate,111,111,1,,2016-01_to_2018-05,29,29,29,2174042.551724,63047234.000000,908418254.000000,14.592099379454,0.032077677964,0.309574094712,0.069403310339,0
060390,non_list1,control_candidate,339,339,1,,2016-01_to_2018-05,29,29,29,116263.758621,3371649.000000,26993532.000000,11.663625271268,0.010114511772,0.780697278465,0.124905810770,0
060420,non_list1,control_candidate,111|113,,0,ambiguous_naics3_candidates,2016-01_to_2018-05,29,28,28,90102.172414,2612963.000000,182878602.000000,11.408710652897,-0.111417564403,2.333497990220,0.014287964647,0
060490,non_list1,control_candidate,113|339,,0,ambiguous_naics3_candidates,2016-01_to_2018-05,29,29,29,1526022.827586,44254662.000000,122259606.000000,14.238176105112,-0.002728371462,0.423890276010,0.361972882523,0
090111,non_list1,control_candidate,111,111,1,,2016-01_to_2018-05,29,29,29,1979451.517241,57404094.000000,11207363414.000000,14.498330857992,-0.026042164176,1.224606020287,0.005121998090,0
090112,non_list1,control_candidate,311,311,1,,2016-01_to_2018-05,29,25,25,498623.896552,14460093.000000,886527110.000000,13.119609381741,0.141302819379,4.627456215173,0.016310942820,0
090121,non_list1,control_candidate,311,311,1,,2016-01_to_2018-05,29,28,28,117212.103448,3399151.000000,2078013911.000000,11.671748954042,0.061756563720,2.454956000068,0.001635769126,0
090210,non_list1,control_candidate,311,311,1,,2016-01_to_2018-05,29,29,29,1568577.931034,45488760.000000,190818800.000000,14.265680627970,0.001683018516,0.247927487558,0.238387202938,0
090220,non_list1,control_candidate,311,311,1,,2016-01_to_2018-05,29,29,29,2489032.000000,72181928.000000,158683150.000000,14.727404839599,0.000925411091,0.276679116728,0.454880861642,0
090230,non_list1,control_candidate,311,311,1,,2016-01_to_2018-05,29,29,29,2006932.827586,58201052.000000,320560902.000000,14.512118656426,-0.000281342805,0.281895589496,0.181560045648,0
090240,non_list1,control_candidate,311,311,1,,2016-01_to_2018-05,29,29,29,1669487.034483,48415124.000000,451768103.000000,14.328027571214,-0.010222545781,0.243130367609,0.107168088403,0
090411,non_list1,control_candidate,311,311,1,,2016-01_to_2018-05,29,29,29,319230.172414,9257675.000000,958912755.000000,12.673670797728,-0.017031016849,0.431544357439,0.009654345457,0
090412,non_list1,control_candidate,311,311,1,,2016-01_to_2018-05,29,29,29,343543.482759,9962761.000000,282863090.000000,12.747071880830,-0.010809090244,0.447788474828,0.035221141790,0
090421,non_list1,control_candidate,311,311,1,,2016-01_to_2018-05,29,29,29,3967707.448276,115063516.000000,344777680.000000,15.193699268950,-0.001029680729,0.256966962007,0.333732496837,0
090422,non_list1,control_candidate,311,311,1,,2016-01_to_2018-05,29,29,29,2268509.551724,65786777.000000,365976645.000000,14.634634029486,0.000867752184,0.166430466225,0.179756762894,0
090611,non_list1,control_candidate,111,111,1,,2016-01_to_2018-05,29,29,29,31400.827586,910624.000000,99800873.000000,10.354621373585,0.011256097938,0.724936965621,0.009124409162,0
090710,non_list1,control_candidate,311,311,1,,2016-01_to_2018-05,29,28,28,23327.517241,676498.000000,26427537.000000,10.057431807118,-0.028576367107,1.999104590898,0.025598223550,0
090831,non_list1,control_candidate,311,311,1,,2016-01_to_2018-05,29,26,26,16978.689655,492382.000000,25118439.000000,9.739773182618,0.050191072390,3.036519691690,0.019602412395,0
090961,non_list1,control_candidate,311,311,1,,2016-01_to_2018-05,29,29,29,130067.103448,3771946.000000,51656270.000000,11.775813464943,0.012009212294,0.466006050479,0.073020099980,0
091011,non_list1,control_candidate,311,311,1,,2016-01_to_2018-05,29,29,29,4862349.310345,141008130.000000,211446211.000000,15.397032481930,0.016994271664,0.245251067172,0.666874706967,0
091012,non_list1,control_candidate,311,311,1,,2016-01_to_2018-05,29,29,29,295461.206897,8568375.000000,23503302.000000,12.596296212206,0.011952078280,0.467886998241,0.364560477502,0
091030,non_list1,control_candidate,311,311,1,,2016-01_to_2018-05,29,29,29,232771.448276,6750372.000000,77857505.000000,12.357816638505,-0.035466185705,0.904211937501,0.086701622406,0
091091,non_list1,control_candidate,311,311,1,,2016-01_to_2018-05,29,29,29,50713.034483,1470678.000000,74884903.000000,10.833957965529,0.016246646452,0.726319909186,0.019639178808,0
091099,non_list1,control_candidate,111|311,,0,ambiguous_naics3_candidates,2016-01_to_2018-05,29,29,29,122949.275862,3565529.000000,192310088.000000,11.719535291335,-0.009490085293,0.658522863052,0.018540519830,0
130190,non_list1,control_candidate,113,113,1,,2016-01_to_2018-05,29,26,26,206031.137931,5974903.000000,55717549.000000,12.235787444977,0.016952744187,3.873882966065,0.107235567738,0
130212,non_list1,control_candidate,113,113,1,,2016-01_to_2018-05,29,29,29,906587.655172,26291042.000000,62633375.000000,13.717444103813,-0.045071333473,1.000505799032,0.419760902235,0
130219,non_list1,control_candidate,113|325,,0,ambiguous_naics3_candidates,2016-01_to_2018-05,29,29,29,14245701.965517,413125357.000000,1536682155.000000,16.471965872925,0.027255179205,0.379096971286,0.268842424997,0
130220,non_list1,control_candidate,311,311,1,,2016-01_to_2018-05,29,28,28,380374.068966,11030848.000000,276438316.000000,12.848913068509,-0.071178553504,2.444877572541,0.039903469821,0
130231,non_list1,control_candidate,325,325,1,,2016-01_to_2018-05,29,29,29,400305.862069,11608870.000000,82334097.000000,12.899986687149,0.009369803016,0.810687607312,0.140997113262,0
130232,non_list1,control_candidate,311,311,1,,2016-01_to_2018-05,29,29,29,316262.551724,9171614.000000,831417704.000000,12.664331169407,-0.028815090901,0.627032803479,0.011031295047,0
130239,non_list1,control_candidate,311,311,1,,2016-01_to_2018-05,29,29,29,469833.551724,13625173.000000,198488577.000000,13.060135894105,0.031799997261,0.656226537965,0.068644620290,0
140120,non_list1,control_candidate,113,113,1,,2016-01_to_2018-05,29,29,29,172744.068966,5009578.000000,6051220.000000,12.059572196884,0.002088269751,0.741505014752,0.827862480624,0
150890,non_list1,control_candidate,311,311,1,,2016-01_to_2018-05,29,24,24,25818.724138,748743.000000,3192248.000000,10.158893980298,-0.018158213582,3.901229280738,0.234550385810,0
151519,non_list1,control_candidate,311,311,1,,2016-01_to_2018-05,29,29,29,155201.758621,4500851.000000,12633543.000000,11.952487661191,-0.039257475541,0.720021249930,0.356261976549,0
151550,non_list1,control_candidate,311,311,1,,2016-01_to_2018-05,29,29,29,230502.689655,6684578.000000,202682573.000000,12.348022148472,0.032403470109,0.399011122624,0.032980526648,0
151590,non_list1,control_candidate,311,311,1,,2016-01_to_2018-05,29,29,29,1134034.137931,32886990.000000,581989643.000000,13.941292748620,0.000347382102,0.329052051680,0.056507861258,0
151620,non_list1,control_candidate,311,311,1,,2016-01_to_2018-05,29,26,26,229310.448276,6650003.000000,206190685.000000,12.342836394664,0.099539933280,3.849692161572,0.032251713990,0
151790,non_list1,control_candidate,311,311,1,,2016-01_to_2018-05,29,29,29,60580.689655,1756840.000000,391166496.000000,11.011747975496,-0.000557430137,1.062789359661,0.004491284448,0
151800,non_list1,control_candidate,311,311,1,,2016-01_to_2018-05,29,29,29,193357.344828,5607363.000000,69097806.000000,12.172300455285,0.011274573433,0.663096665147,0.081151100514,0
152190,non_list1,control_candidate,325,325,1,,2016-01_to_2018-05,29,29,29,1035939.448276,30042244.000000,75349615.000000,13.850820217790,0.001826011298,0.309400333773,0.398704678186,0
170191,non_list1,control_candidate,311,311,1,,2016-01_to_2018-05,29,26,26,143100.724138,4149921.000000,50364270.000000,11.871311013955,0.098418909370,3.697129464202,0.082398116760,0
170230,non_list1,control_candidate,311,311,1,,2016-01_to_2018-05,29,29,29,415622.793103,12053061.000000,322011604.000000,12.937535786577,0.001490575620,0.483150222208,0.037430517566,0
170260,non_list1,control_candidate,311,311,1,,2016-01_to_2018-05,29,27,27,22496.586207,652401.000000,222422478.000000,10.021163302744,0.004361915530,2.615573976766,0.002933161279,0
170410,non_list1,control_candidate,311,311,1,,2016-01_to_2018-05,29,29,29,936419.310345,27156160.000000,269477386.000000,13.749819704181,0.013772960958,0.438999732552,0.100773428164,0
180690,non_list1,control_candidate,311,311,1,,2016-01_to_2018-05,29,29,29,459376.206897,13321910.000000,2425765540.000000,13.037626953066,0.036232112715,0.804416804832,0.005491837435,0
190300,non_list1,control_candidate,311,311,1,,2016-01_to_2018-05,29,28,28,107095.827586,3105779.000000,42256772.000000,11.581488634953,0.072751441222,2.331606933942,0.073497781610,0
190410,non_list1,control_candidate,311,311,1,,2016-01_to_2018-05,29,29,29,259006.620690,7511192.000000,744251930.000000,12.464612763761,0.013885570730,0.341006879736,0.010092270772,0
190490,non_list1,control_candidate,311,311,1,,2016-01_to_2018-05,29,29,29,257615.000000,7470835.000000,326095265.000000,12.459225383085,0.000074998210,0.352895057561,0.022909976936,0
190531,non_list1,control_candidate,311,311,1,,2016-01_to_2018-05,29,29,29,743448.379310,21560003.000000,2799469077.000000,13.519055958248,-0.028795781832,0.906113826684,0.007701461387,0
190532,non_list1,control_candidate,311,311,1,,2016-01_to_2018-05,29,27,27,39558.517241,1147197.000000,1091758434.000000,10.585561582461,0.044661542254,2.810024513249,0.001050779151,0
190540,non_list1,control_candidate,311,311,1,,2016-01_to_2018-05,29,29,29,414089.896552,12008607.000000,172696613.000000,12.933840785597,0.019434370016,0.468249731996,0.069535857081,0
210111,non_list1,control_candidate,311,311,1,,2016-01_to_2018-05,29,28,28,129120.000000,3744480.000000,820201116.000000,11.768505228207,0.023475837618,2.318433500322,0.004565319319,0
210120,non_list1,control_candidate,311,311,1,,2016-01_to_2018-05,29,29,29,3207792.344828,93025978.000000,421517767.000000,14.981093827199,0.007265203337,0.255307910512,0.220692899049,0
210210,non_list1,control_candidate,311,311,1,,2016-01_to_2018-05,29,29,29,247038.206897,7164108.000000,430527524.000000,12.417302335388,-0.001628298356,0.371898431548,0.016640301957,0
210220,non_list1,control_candidate,311,311,1,,2016-01_to_2018-05,29,29,29,876830.310345,25428079.000000,296604540.000000,13.684069904329,-0.005510761422,0.423780680641,0.085730579175,0
210330,non_list1,control_candidate,311,311,1,,2016-01_to_2018-05,29,24,24,57706.827586,1673498.000000,76631282.000000,10.963148103368,0.003030480087,4.286349657283,0.021838314019,0
210410,non_list1,control_candidate,311,311,1,,2016-01_to_2018-05,29,29,29,664240.379310,19262971.000000,614500323.000000,13.406400885458,-0.029156326683,0.484998070298,0.031347373271,0
210690,non_list1,control_candidate,311|312|325,,0,ambiguous_naics3_candidates,2016-01_to_2018-05,29,29,29,10872277.862069,315296058.000000,6553508545.000000,16.201726884049,0.027532491413,0.281844308266,0.048111031798,0
220890,non_list1,control_candidate,312,312,1,,2016-01_to_2018-05,29,28,28,2159415.068966,62623037.000000,3146900608.000000,14.585348404670,-0.014352108674,2.802890844191,0.019899909403,0
250410,non_list1,control_candidate,327,327,1,,2016-01_to_2018-05,29,29,29,1743317.000000,50556193.000000,119637692.000000,14.371300751923,0.034150384416,0.601354203660,0.422577468312,0
250490,non_list1,control_candidate,212,212,1,,2016-01_to_2018-05,29,29,29,222396.862069,6449509.000000,13698191.000000,12.312223228313,0.027167086888,0.701049846931,0.470829250373,0
251110,non_list1,control_candidate,212|325,,0,ambiguous_naics3_candidates,2016-01_to_2018-05,29,29,29,9574032.517241,277646943.000000,465033710.000000,16.074565149789,-0.006993480052,0.345949824272,0.597046917308,0
251910,non_list1,control_candidate,212,212,1,,2016-01_to_2018-05,29,28,28,142679.793103,4137714.000000,8212136.000000,11.868365198074,0.120373314636,2.487809250295,0.503853565016,0
251990,non_list1,control_candidate,327,327,1,,2016-01_to_2018-05,29,29,29,8399491.620690,243585257.000000,519100173.000000,15.943681859690,0.036062122349,1.620671227971,0.469245185553,0
252620,non_list1,control_candidate,327,327,1,,2016-01_to_2018-05,29,25,25,858864.965517,24907084.000000,231450739.000000,13.663368153305,-0.198830297688,4.527947109469,0.107612894682,0
260600,non_list1,control_candidate,212,212,1,,2016-01_to_2018-05,29,24,24,2029174.000000,58846046.000000,473805260.000000,14.523139864473,-0.159069222698,5.606713330991,0.124198802690,0
271220,non_list1,control_candidate,324,324,1,,2016-01_to_2018-05,29,29,29,11887949.206897,344750527.000000,618091213.000000,16.291035857413,-0.008797593928,0.420915966810,0.557766426296,0
280530,non_list1,control_candidate,325,325,1,,2016-01_to_2018-05,29,29,29,289770.758621,8403352.000000,11640189.000000,12.576848852846,0.037995181264,0.700859428662,0.721925735055,0
281810,non_list1,control_candidate,327,327,1,,2016-01_to_2018-05,29,29,29,3948445.620690,114504923.000000,305400104.000000,15.188832798945,0.036405885115,0.984247797560,0.374934132308,0
281820,non_list1,control_candidate,331,331,1,,2016-01_to_2018-05,29,29,29,1662456.517241,48211239.000000,1153611220.000000,14.323807497647,0.006807080690,0.391519458255,0.041791582956,0
282580,non_list1,control_candidate,325,325,1,,2016-01_to_2018-05,29,29,29,6032564.344828,174944366.000000,276092478.000000,15.612682908553,0.022982429061,0.294128775560,0.633644086457,0
284170,non_list1,control_candidate,325,325,1,,2016-01_to_2018-05,29,29,29,1314464.517241,38119471.000000,82509199.000000,14.088940690203,-0.037965661327,0.946565046717,0.462002679241,0
284180,non_list1,control_candidate,325,325,1,,2016-01_to_2018-05,29,29,29,2006819.275862,58197759.000000,107920872.000000,14.512062075120,0.083497622945,1.121980474116,0.539263239089,0
284440,non_list1,control_candidate,325,325,1,,2016-01_to_2018-05,29,28,28,209485.241379,6075072.000000,1350075930.000000,12.252413342581,0.080339690133,2.301118249584,0.004499800245,0
284590,pure_list1,treated_candidate,325,325,1,,2016-01_to_2018-05,29,29,29,346702.689655,10054378.000000,150245080.000000,12.756225773829,-0.020894477224,0.949109030326,0.066919848557,0
284610,non_list1,control_candidate,325,325,1,,2016-01_to_2018-05,29,29,29,687110.448276,19926203.000000,62392796.000000,13.440251782612,0.057090036897,0.753189872409,0.319367046798,0
284690,non_list1,control_candidate,325,325,1,,2016-01_to_2018-05,29,29,29,4857204.310345,140858925.000000,232938877.000000,15.395973791455,0.007080416125,0.399255911226,0.604703374611,0
284920,non_list1,control_candidate,327,327,1,,2016-01_to_2018-05,29,29,29,4492270.241379,130275837.000000,250588673.000000,15.317868976227,0.043073721494,1.004468932491,0.519879192624,0
290377,non_list1,control_candidate,325,325,1,,2016-01_to_2018-05,29,26,26,695654.689655,20173986.000000,20741883.000000,13.452610118141,0.026939314863,4.194953050271,0.972620759648,0
290543,non_list1,control_candidate,325,325,1,,2016-01_to_2018-05,29,29,29,203649.275862,5905829.000000,80969907.000000,12.224159467665,-0.005277268978,0.915722507845,0.072938567164,0
290544,non_list1,control_candidate,325,325,1,,2016-01_to_2018-05,29,29,29,100984.448276,2928549.000000,29639191.000000,11.522731708967,0.008146936425,0.528869409603,0.098806644216,0
291241,non_list1,control_candidate,325,325,1,,2016-01_to_2018-05,29,29,29,2658164.172414,77086761.000000,109625480.000000,14.793146657940,0.007683068886,0.280645767809,0.703182882301,0
291822,non_list1,control_candidate,325,325,1,,2016-01_to_2018-05,29,29,29,244647.000000,7094763.000000,36134615.000000,12.407575721740,0.001805025875,0.691252894019,0.196342565155,0
292219,non_list1,control_candidate,325,325,1,,2016-01_to_2018-05,29,29,29,1227372.758621,35593810.000000,1149460179.000000,14.020387289061,0.093112097540,0.908817544038,0.030965674714,0
292241,non_list1,control_candidate,325,325,1,,2016-01_to_2018-05,29,29,29,696772.551724,20206404.000000,42821809.000000,13.454215747032,0.004383952795,0.422241710278,0.471871797850,0
292250,non_list1,control_candidate,325,325,1,,2016-01_to_2018-05,29,29,29,5391431.206897,156351505.000000,1131415292.000000,15.500321623154,0.014486866364,0.306235244134,0.138191083420,0
293220,non_list1,control_candidate,325,325,1,,2016-01_to_2018-05,29,29,29,7623763.000000,221089127.000000,511348318.000000,15.846780768958,0.023933639829,0.445793333821,0.432365022466,0
293339,non_list1,control_candidate,325,325,1,,2016-01_to_2018-05,29,29,29,25276093.689655,733006717.000000,3370987210.000000,17.045369633096,0.036113856363,0.419644196177,0.217445712884,0
293349,non_list1,control_candidate,325,325,1,,2016-01_to_2018-05,29,29,29,2400005.931034,69600172.000000,724852468.000000,14.690982183245,0.000219629809,0.371464422836,0.096019776537,0
293359,non_list1,control_candidate,325,325,1,,2016-01_to_2018-05,29,29,29,10597837.482759,307337287.000000,6463449701.000000,16.176160621568,0.005660211693,0.560911324418,0.047550039254,0
293399,non_list1,control_candidate,325,325,1,,2016-01_to_2018-05,29,29,29,15784555.655172,457752114.000000,5254783056.000000,16.574542593116,0.018086936007,0.280065764977,0.087111515189,0
293499,non_list1,control_candidate,325,325,1,,2016-01_to_2018-05,29,29,29,20722568.413793,600954484.000000,10377279323.000000,16.846733974125,0.004615479939,0.199873092579,0.057910601160,0
293621,non_list1,control_candidate,325,325,1,,2016-01_to_2018-05,29,29,29,5511853.586207,159843754.000000,321647493.000000,15.522411710015,0.054520783840,0.936850281764,0.496953209581,0
293622,non_list1,control_candidate,325,325,1,,2016-01_to_2018-05,29,29,29,6238653.965517,180920965.000000,203360496.000000,15.646275166713,0.031879159231,0.351170069974,0.889656391279,0
293623,non_list1,control_candidate,325,325,1,,2016-01_to_2018-05,29,29,29,2042309.137931,59226965.000000,109179610.000000,14.529592145670,0.025797400393,0.441329639468,0.542472765748,0
293624,non_list1,control_candidate,325,325,1,,2016-01_to_2018-05,29,29,29,8998037.068966,260943075.000000,302797735.000000,16.012517119200,0.036431763349,0.667152184790,0.861773536714,0
293625,non_list1,control_candidate,325,325,1,,2016-01_to_2018-05,29,29,29,3703217.275862,107393301.000000,121413844.000000,15.124712803841,0.021304381453,0.445348309002,0.884522699075,0
293626,non_list1,control_candidate,325,325,1,,2016-01_to_2018-05,29,29,29,6163821.413793,178750821.000000,193057814.000000,15.634207664785,0.023844119925,0.376090660186,0.925892701758,0
293627,non_list1,control_candidate,325,325,1,,2016-01_to_2018-05,29,29,29,13682863.827586,396803051.000000,496340398.000000,16.431654865455,0.044871264634,0.458428148419,0.799457494492,0
293628,non_list1,control_candidate,325,325,1,,2016-01_to_2018-05,29,29,29,12146345.413793,352244017.000000,683159877.000000,16.312538975846,0.024048294628,0.417087187249,0.515609930939,0
293629,non_list1,control_candidate,325,325,1,,2016-01_to_2018-05,29,29,29,9174764.103448,266068159.000000,553983736.000000,16.031967349773,0.022937737294,0.286177218557,0.480281534836,0
293690,non_list1,control_candidate,325,325,1,,2016-01_to_2018-05,29,29,29,3437593.103448,99690200.000000,229534963.000000,15.050282396131,0.067000362431,1.080629831156,0.434313791228,0
293719,non_list1,control_candidate,325,325,1,,2016-01_to_2018-05,29,29,29,900289.827586,26108405.000000,540690960.000000,13.710473131870,0.020457164645,1.453285189113,0.048287112106,0
293721,non_list1,control_candidate,325,325,1,,2016-01_to_2018-05,29,29,29,808760.965517,23454068.000000,59939932.000000,13.603259919763,0.012544866250,0.380520950215,0.391292869668,0
293723,non_list1,control_candidate,325,325,1,,2016-01_to_2018-05,29,29,29,974729.482759,28267155.000000,179458903.000000,13.789916283827,0.005496320990,0.693152469580,0.157513249705,0
293729,non_list1,control_candidate,325,325,1,,2016-01_to_2018-05,29,29,29,1287358.482759,37333396.000000,344391641.000000,14.068103765959,0.005788936080,0.514114279839,0.108403897062,0
293790,non_list1,control_candidate,325,325,1,,2016-01_to_2018-05,29,29,29,2985459.793103,86578334.000000,444273381.000000,14.909264662444,0.016123395792,0.461890843327,0.194876257959,0
293810,non_list1,control_candidate,325,325,1,,2016-01_to_2018-05,29,28,28,133989.793103,3885704.000000,6141758.000000,11.805526368389,-0.045003213634,2.283299590410,0.632669668847,0
293890,non_list1,control_candidate,325,325,1,,2016-01_to_2018-05,29,29,29,9432565.413793,273544397.000000,465617142.000000,16.059678771749,0.000366628216,0.261828021630,0.587487814184,0
293930,non_list1,control_candidate,325,325,1,,2016-01_to_2018-05,29,29,29,3414261.793103,99013592.000000,173983419.000000,15.043472154507,-0.006430090943,0.273454710441,0.569097863285,0
294110,non_list1,control_candidate,325,325,1,,2016-01_to_2018-05,29,29,29,2516111.482759,72967233.000000,301259684.000000,14.738225602782,0.049126655481,1.374089367599,0.242207095324,0
294120,non_list1,control_candidate,325,325,1,,2016-01_to_2018-05,29,28,28,733313.310345,21266086.000000,43021308.000000,13.505329688885,-0.129229235542,2.892290129754,0.494315189115,0
294130,non_list1,control_candidate,325,325,1,,2016-01_to_2018-05,29,29,29,3480120.310345,100923489.000000,185841043.000000,15.062577710438,-0.030673114817,0.538568799692,0.543063509389,0
294140,non_list1,control_candidate,325,325,1,,2016-01_to_2018-05,29,27,27,151048.517241,4380407.000000,4475682.000000,11.925362990791,0.063188923126,3.272802085743,0.978712741432,0
294150,non_list1,control_candidate,325,325,1,,2016-01_to_2018-05,29,26,26,145888.275862,4230760.000000,39394648.000000,11.890603228465,-0.118642625168,3.685288798112,0.107394283609,0
294190,non_list1,control_candidate,325,325,1,,2016-01_to_2018-05,29,29,29,9460386.448276,274351207.000000,1265320415.000000,16.062623896667,0.007557866336,0.419752783611,0.216823504740,0
300190,non_list1,control_candidate,325,325,1,,2016-01_to_2018-05,29,29,29,13701449.655172,397342040.000000,949121244.000000,16.433012272432,0.001326465495,0.317334946360,0.418642025465,0
300290,non_list1,control_candidate,325,325,1,,2016-01_to_2018-05,29,29,29,671312.896552,19468074.000000,7077374374.000000,13.416992110669,0.052682171466,0.651223262083,0.002750748084,0
300420,non_list1,control_candidate,325,325,1,,2016-01_to_2018-05,29,29,29,2096701.689655,60804349.000000,3859266832.000000,14.555876520937,0.011299656725,0.742825647792,0.015755414603,0
300450,non_list1,control_candidate,325,325,1,,2016-01_to_2018-05,29,27,27,59543.482759,1726761.000000,447681017.000000,10.994478921602,0.080268733226,2.934918860418,0.003857123564,0
300490,non_list1,control_candidate,325,325,1,,2016-01_to_2018-05,29,29,29,18243443.862069,529059872.000000,82616825682.000000,16.719316387830,0.268164309405,2.723705254182,0.006403778742,0
300510,non_list1,control_candidate,339,339,1,,2016-01_to_2018-05,29,29,29,10560920.758621,306266702.000000,1272009067.000000,16.172671120181,0.004536824970,0.120834869034,0.240773992848,0
300590,non_list1,control_candidate,339,339,1,,2016-01_to_2018-05,29,29,29,22837911.758621,662299441.000000,1336818310.000000,16.943932553227,0.004220908731,0.096717516502,0.495429660146,0
300630,non_list1,control_candidate,325,325,1,,2016-01_to_2018-05,29,29,29,19889884.758621,576806658.000000,1965994200.000000,16.805721907155,0.006625212292,0.235681827456,0.293391841136,0
300640,non_list1,control_candidate,339,339,1,,2016-01_to_2018-05,29,29,29,327279.275862,9491099.000000,956781013.000000,12.698572195496,0.028395990183,0.564587826222,0.009919823733,0
300650,non_list1,control_candidate,339,339,1,,2016-01_to_2018-05,29,29,29,2074274.103448,60153949.000000,79110062.000000,14.545122302875,0.012435391347,0.239805586988,0.760383034462,0
300660,non_list1,control_candidate,325,325,1,,2016-01_to_2018-05,29,29,29,3554509.586207,103080778.000000,2780483346.000000,15.083727942602,-0.036211823638,0.538778056113,0.037072970837,0
300670,non_list1,control_candidate,325,325,1,,2016-01_to_2018-05,29,29,29,344272.482759,9983902.000000,51723895.000000,12.749191628523,0.015721012149,0.342063226456,0.193023011898,0
330112,non_list1,control_candidate,325,325,1,,2016-01_to_2018-05,29,26,26,17676.000000,512604.000000,349814476.000000,9.780019638536,0.058121555587,3.082296704585,0.001465359598,0
330124,non_list1,control_candidate,325,325,1,,2016-01_to_2018-05,29,26,26,21431.000000,621499.000000,48215114.000000,9.972640411224,0.053297394505,3.142042828111,0.012890128187,0
330125,non_list1,control_candidate,325,325,1,,2016-01_to_2018-05,29,29,29,540406.551724,15671790.000000,141516895.000000,13.200078859294,0.025339145346,1.323384522639,0.110741477193,0
330129,non_list1,control_candidate,325,325,1,,2016-01_to_2018-05,29,29,29,6176863.758621,179129049.000000,1235562866.000000,15.636321380092,0.020527914547,0.244113803987,0.144977689059,0
330190,non_list1,control_candidate,325,325,1,,2016-01_to_2018-05,29,29,29,360040.517241,10441175.000000,334955944.000000,12.793974629453,0.010840147708,0.576360138536,0.031171785983,0
330210,non_list1,control_candidate,325,325,1,,2016-01_to_2018-05,29,29,29,766394.034483,22225427.000000,6019060605.000000,13.549453026603,0.091619850704,1.209110047962,0.003692507595,0
330610,non_list1,control_candidate,325,325,1,,2016-01_to_2018-05,29,29,29,274275.620690,7953993.000000,490837553.000000,12.521892440663,0.040644736213,0.638169284246,0.016204939804,0
330620,non_list1,control_candidate,325,325,1,,2016-01_to_2018-05,29,29,29,5060753.965517,146761865.000000,242850550.000000,15.437026232805,0.005085135344,0.179603048631,0.604329967546,0
340119,non_list1,control_candidate,325,325,1,,2016-01_to_2018-05,29,29,29,5246946.931034,152161461.000000,397297899.000000,15.473157119051,0.009004521550,0.192663439039,0.382990852413,0
340600,non_list1,control_candidate,339,339,1,,2016-01_to_2018-05,29,29,29,3013321.827586,87386333.000000,1019179065.000000,14.918553957274,0.012188605918,0.240496457253,0.085741883837,0
340700,non_list1,control_candidate,339,339,1,,2016-01_to_2018-05,29,29,29,11246889.965517,326159809.000000,582153801.000000,16.235602289800,-0.013194889575,0.460341136119,0.560263985977,0
350300,non_list1,control_candidate,325,325,1,,2016-01_to_2018-05,29,29,29,1355261.896552,39302595.000000,583128423.000000,14.119506013072,0.024457524703,0.455192339532,0.067399552911,0
350400,non_list1,control_candidate,311|325,,0,ambiguous_naics3_candidates,2016-01_to_2018-05,29,29,29,4920945.586207,142707422.000000,650434664.000000,15.409011465533,0.021713691253,0.286304728112,0.219403162068,0
350510,non_list1,control_candidate,311,311,1,,2016-01_to_2018-05,29,29,29,1751225.103448,50785528.000000,377348408.000000,14.375826731115,-0.007832749874,0.726487159763,0.134585245156,0
360200,non_list1,control_candidate,325,325,1,,2016-01_to_2018-05,29,29,29,1144864.551724,33201072.000000,297549542.000000,13.950797766001,0.018766473537,0.391130588823,0.111581660576,0
360300,non_list1,control_candidate,325,325,1,,2016-01_to_2018-05,29,28,28,72282.517241,2096193.000000,609066490.000000,11.188351404858,0.013523124253,2.319791517316,0.003441648875,0
360410,non_list1,control_candidate,325,325,1,,2016-01_to_2018-05,29,29,29,25263239.965517,732633959.000000,765829026.000000,17.044860970913,-0.005616837565,0.855048886545,0.956654728571,0
360490,non_list1,control_candidate,325,325,1,,2016-01_to_2018-05,29,29,29,793123.862069,23000592.000000,54763076.000000,13.583735943542,0.001603335123,0.546591558670,0.420001827509,0
360500,non_list1,control_candidate,325,325,1,,2016-01_to_2018-05,29,29,29,141225.448276,4095538.000000,21598541.000000,11.858119897236,0.050968079749,0.751650728421,0.189621048940,0
360690,non_list1,control_candidate,325,325,1,,2016-01_to_2018-05,29,29,29,208262.931034,6039625.000000,21325471.000000,12.246561453515,-0.016395063149,0.443964352679,0.283211798698,0
382000,non_list1,control_candidate,325,325,1,,2016-01_to_2018-05,29,27,27,20805.000000,603345.000000,74414650.000000,9.942996685631,0.088804617344,2.637666289395,0.008107879295,0
382200,non_list1,control_candidate,325,325,1,,2016-01_to_2018-05,29,29,29,13271644.413793,384877688.000000,7664031294.000000,16.401140393632,0.009106259254,0.178063850950,0.050218699955,0
382319,non_list1,control_candidate,325,325,1,,2016-01_to_2018-05,29,29,29,1056500.275862,30638508.000000,774066891.000000,13.870473323668,0.011946233967,0.784190996765,0.039581214952,0
382370,non_list1,control_candidate,325,325,1,,2016-01_to_2018-05,29,28,28,69847.551724,2025579.000000,713890644.000000,11.154084630385,0.005440424887,2.113156498432,0.002837379950,0
391310,non_list1,control_candidate,325,325,1,,2016-01_to_2018-05,29,29,29,1534888.034483,44511753.000000,151526236.000000,14.243968646151,0.011501149726,0.434348164984,0.293756079310,0
392210,non_list1,control_candidate,326,326,1,,2016-01_to_2018-05,29,29,29,4619492.172414,133965273.000000,380608134.000000,15.345795554099,0.023660071887,0.277003261708,0.351976904939,0
392220,non_list1,control_candidate,326,326,1,,2016-01_to_2018-05,29,29,29,5161240.241379,149675967.000000,227577922.000000,15.456687659185,0.010217560308,0.158614112127,0.657691069875,0
392410,non_list1,control_candidate,326,326,1,,2016-01_to_2018-05,29,29,29,172089972.793103,4990609211.000000,6343857764.000000,18.963528001455,0.002942242320,0.123579319790,0.786683654750,0
392490,non_list1,control_candidate,314|326,,0,ambiguous_naics3_candidates,2016-01_to_2018-05,29,29,29,142069686.517241,4120020909.000000,5514159421.000000,18.771828252347,0.003313074318,0.130144470335,0.747171163262,0
392520,non_list1,control_candidate,326,326,1,,2016-01_to_2018-05,29,29,29,6094400.827586,176737624.000000,562369587.000000,15.622881174586,-0.002765652094,0.149753155144,0.314273083192,0
392530,non_list1,control_candidate,326|337,,0,ambiguous_naics3_candidates,2016-01_to_2018-05,29,29,29,32643471.517241,946660674.000000,1658398022.000000,17.301155470797,-0.008691224539,0.150902930852,0.570828390677,0
392610,non_list1,control_candidate,326,326,1,,2016-01_to_2018-05,29,29,29,24313017.241379,705077500.000000,913105238.000000,17.006522494957,-0.008292607238,0.424479678694,0.772175506894,0
392630,non_list1,control_candidate,326,326,1,,2016-01_to_2018-05,29,29,29,12987637.206897,376641479.000000,1387890039.000000,16.379508555865,0.011385557946,0.148510018246,0.271377031621,0
392640,non_list1,control_candidate,326,326,1,,2016-01_to_2018-05,29,29,29,24061715.068966,697789737.000000,821465938.000000,16.996132590529,-0.003046237032,0.236110782221,0.849444517077,0
400912,non_list1,control_candidate,326|336,,0,ambiguous_naics3_candidates,2016-01_to_2018-05,29,29,29,1078923.379310,31288778.000000,320693330.000000,13.891475157735,0.012222542688,0.310880496539,0.097566039181,0
400942,non_list1,control_candidate,326|336,,0,ambiguous_naics3_candidates,2016-01_to_2018-05,29,29,29,998545.275862,28957813.000000,240143533.000000,13.814055776144,0.010560869030,0.242926025171,0.120585437543,0
401011,non_list1,control_candidate,326,326,1,,2016-01_to_2018-05,29,29,29,123457.482759,3580267.000000,39869552.000000,11.723660206537,0.074847710814,1.974001157403,0.089799529225,0
401410,non_list1,control_candidate,326,326,1,,2016-01_to_2018-05,29,29,29,167040.620690,4844178.000000,75686915.000000,12.025998286034,-0.043905725655,0.749322726953,0.064002846463,0
401490,non_list1,control_candidate,326,326,1,,2016-01_to_2018-05,29,29,29,250991.655172,7278758.000000,30893878.000000,12.433178955424,-0.002952355846,0.267233435403,0.235605190129,0
401511,non_list1,control_candidate,339,339,1,,2016-01_to_2018-05,29,26,26,70038.724138,2031123.000000,945052583.000000,11.156817847756,0.052365665474,3.653630725953,0.002149216918,0
401692,non_list1,control_candidate,326,326,1,,2016-01_to_2018-05,29,29,29,744634.206897,21594392.000000,29323512.000000,13.520649722269,-0.002357020390,0.391822855574,0.736419021023,0
401695,non_list1,control_candidate,326,326,1,,2016-01_to_2018-05,29,29,29,321616.068966,9326866.000000,103307963.000000,12.681116890020,0.020661803851,0.465579561102,0.090282159566,0
441400,non_list1,control_candidate,339,339,1,,2016-01_to_2018-05,29,29,29,17138489.241379,497016188.000000,683734226.000000,16.656837383321,0.001218928781,0.231749199577,0.726914302517,0
442010,non_list1,control_candidate,321,321,1,,2016-01_to_2018-05,29,29,29,18138467.241379,526015550.000000,667125704.000000,16.713545558148,0.003443323913,0.190608569931,0.788480412081,0
442110,non_list1,control_candidate,321,321,1,,2016-01_to_2018-05,29,29,29,3326271.068966,96461861.000000,105457383.000000,15.017362736041,-0.003489956917,0.190334508864,0.914699931441,0
481420,non_list1,control_candidate,322,322,1,,2016-01_to_2018-05,29,29,29,543984.620690,15775554.000000,76505023.000000,13.206678092933,0.034005455189,0.745657073865,0.206202852851,0
481490,non_list1,control_candidate,322,322,1,,2016-01_to_2018-05,29,29,29,394487.620690,11440141.000000,63759229.000000,12.885345573959,0.004651911204,0.506206659649,0.179427216725,0
481890,non_list1,control_candidate,322,322,1,,2016-01_to_2018-05,29,29,29,22306183.724138,646879328.000000,878826490.000000,16.920374539868,0.010418841260,0.143705985967,0.736071722189,0
490110,non_list1,control_candidate,323,323,1,,2016-01_to_2018-05,29,29,29,4042024.413793,117218708.000000,303047885.000000,15.212256464356,0.010152115725,0.235396300762,0.386799294112,0
490191,non_list1,control_candidate,323,323,1,,2016-01_to_2018-05,29,27,27,58154.068966,1686468.000000,7828052.000000,10.970868324664,-0.136693408246,2.942364668856,0.215439038984,0
490199,non_list1,control_candidate,323,323,1,,2016-01_to_2018-05,29,29,29,64014464.103448,1856419459.000000,3996200304.000000,17.974619633027,-0.003341064255,0.204435172693,0.464546148285,0
490290,non_list1,control_candidate,323,323,1,,2016-01_to_2018-05,29,29,29,193406.551724,5608790.000000,266006855.000000,12.172554908417,-0.001716850757,0.521995622795,0.021085133314,0
490300,non_list1,control_candidate,323,323,1,,2016-01_to_2018-05,29,29,29,19923212.448276,577773161.000000,697310533.000000,16.807396114795,0.001458630662,0.319272449914,0.828573689421,0
490510,non_list1,control_candidate,323,323,1,,2016-01_to_2018-05,29,29,29,236257.896552,6851479.000000,22811345.000000,12.372683502009,0.015152768905,0.682391768689,0.300354012444,0
490591,non_list1,control_candidate,323,323,1,,2016-01_to_2018-05,29,25,25,173273.586207,5024934.000000,9891142.000000,12.062632818712,0.108379874725,4.228016072720,0.508023643781,0
490599,non_list1,control_candidate,323,323,1,,2016-01_to_2018-05,29,29,29,532453.620690,15441155.000000,27504073.000000,13.185252953572,0.013067879535,0.452630353005,0.561413395027,0
490700,non_list1,control_candidate,323,323,1,,2016-01_to_2018-05,29,29,29,168875.758621,4897397.000000,139664880.000000,12.036924488950,0.013077661765,0.757825151229,0.035065343557,0
490810,non_list1,control_candidate,323,323,1,,2016-01_to_2018-05,29,29,29,222903.620690,6464205.000000,25327429.000000,12.314499249036,0.012779635138,0.373805380928,0.255225471168,0
490890,non_list1,control_candidate,323,323,1,,2016-01_to_2018-05,29,29,29,1176445.310345,34116914.000000,188724359.000000,13.978008851042,0.001423543726,0.278822123095,0.180776420070,0
490900,non_list1,control_candidate,323,323,1,,2016-01_to_2018-05,29,29,29,32459129.620690,941314759.000000,1023422678.000000,17.295492336596,0.006927446029,0.334815357144,0.919771253105,0
491000,non_list1,control_candidate,323,323,1,,2016-01_to_2018-05,29,29,29,6920121.862069,200683534.000000,312557806.000000,15.749944082070,0.000120653733,0.546648476954,0.642068539475,0
491110,non_list1,control_candidate,323,323,1,,2016-01_to_2018-05,29,29,29,2948337.620690,85501791.000000,803475849.000000,14.896752390244,-0.009899471940,0.224527755159,0.106414886155,0
491191,non_list1,control_candidate,323|930,,0,ambiguous_naics3_candidates,2016-01_to_2018-05,29,29,29,22191876.241379,643564411.000000,1128654990.000000,16.915236889860,0.007652841413,0.199561215875,0.570204727487,0
491199,non_list1,control_candidate,323,323,1,,2016-01_to_2018-05,29,29,29,20870465.068966,605243487.000000,1496003975.000000,16.853845610810,0.012002149617,0.172049164009,0.404573448409,0
540754,non_list1,control_candidate,313,313,1,,2016-01_to_2018-05,29,29,29,618948.655172,17949511.000000,26122497.000000,13.335779215843,0.002238771915,0.549295520478,0.687128454833,0
550410,non_list1,control_candidate,325,325,1,,2016-01_to_2018-05,29,29,29,6717917.000000,194819593.000000,455853751.000000,15.720288843066,0.001092813615,0.183402407491,0.427373017273,0
551321,non_list1,control_candidate,313,313,1,,2016-01_to_2018-05,29,29,29,449326.344828,13030464.000000,15873582.000000,13.015506954162,-0.005501274196,0.500747176671,0.820889954139,0
580131,non_list1,control_candidate,313,313,1,,2016-01_to_2018-05,29,29,29,160637.965517,4658501.000000,4918587.000000,11.986914675707,0.038527527481,0.517674461639,0.947121805510,0
580132,non_list1,control_candidate,313,313,1,,2016-01_to_2018-05,29,29,29,124716.310345,3616773.000000,3931110.000000,11.733804937951,-0.031668885179,0.436357141972,0.920038615048,0
580133,non_list1,control_candidate,313,313,1,,2016-01_to_2018-05,29,29,29,670452.068966,19443110.000000,25032305.000000,13.415708985168,-0.019134295179,0.351531736591,0.776720721484,0
580136,non_list1,control_candidate,313,313,1,,2016-01_to_2018-05,29,29,29,5933892.482759,172082882.000000,237408453.000000,15.596191129345,-0.002050945527,0.196790015950,0.724838900323,0
600122,non_list1,control_candidate,313,313,1,,2016-01_to_2018-05,29,29,29,3283266.103448,95214717.000000,125649687.000000,15.004349552738,-0.008780806034,0.527942668275,0.757779181734,0
600641,non_list1,control_candidate,313,313,1,,2016-01_to_2018-05,29,29,29,190096.689655,5512804.000000,6862244.000000,12.155293375090,-0.013991005939,0.750956151747,0.803352955680,0
610120,non_list1,control_candidate,315,315,1,,2016-01_to_2018-05,29,29,29,10876323.896552,315413393.000000,813449112.000000,16.202098957086,0.001782553674,0.760716822005,0.387748155781,0
610130,non_list1,control_candidate,315,315,1,,2016-01_to_2018-05,29,29,29,11061386.689655,320780214.000000,1004264565.000000,16.218971015415,0.004173338094,0.726864623598,0.319418035027,0
610190,non_list1,control_candidate,315,315,1,,2016-01_to_2018-05,29,29,29,211588.862069,6136077.000000,15358897.000000,12.262405066991,-0.001043948620,1.295069146247,0.399512868665,0
610210,non_list1,control_candidate,315,315,1,,2016-01_to_2018-05,29,29,29,1663725.689655,48248045.000000,80563133.000000,14.324570637868,0.009352908110,1.593427859012,0.598884914270,0
610220,non_list1,control_candidate,315,315,1,,2016-01_to_2018-05,29,29,29,8718064.034483,252823857.000000,662579327.000000,15.980907871546,-0.001806645443,0.612825988090,0.381575226841,0
610230,non_list1,control_candidate,315,315,1,,2016-01_to_2018-05,29,29,29,15392176.000000,446373104.000000,1025804925.000000,16.549369951302,-0.003275251224,0.947099543028,0.435144239535,0
610290,non_list1,control_candidate,315,315,1,,2016-01_to_2018-05,29,29,29,386681.448276,11213762.000000,15188463.000000,12.865359088088,-0.068909142766,1.040103389080,0.738307885400,0
610310,non_list1,control_candidate,315,315,1,,2016-01_to_2018-05,29,29,29,155580.379310,4511831.000000,9244407.000000,11.954924213323,-0.025571873205,0.615697827622,0.488060618707,0
610331,non_list1,control_candidate,315,315,1,,2016-01_to_2018-05,29,29,29,62599.620690,1815389.000000,6065447.000000,11.044530472209,0.054336225953,1.855309599957,0.299300117535,0
610332,non_list1,control_candidate,315,315,1,,2016-01_to_2018-05,29,29,29,540003.655172,15660106.000000,24669973.000000,13.199333039193,0.004736900265,0.720910021076,0.634784075362,0
610333,non_list1,control_candidate,315,315,1,,2016-01_to_2018-05,29,29,29,433952.586207,12584625.000000,24829139.000000,12.980692863140,0.001191406089,0.707939043884,0.506849029280,0
610339,non_list1,control_candidate,315,315,1,,2016-01_to_2018-05,29,29,29,98573.517241,2858632.000000,6741924.000000,11.498568061360,0.002919369611,1.045599595902,0.424008339459,0
610341,non_list1,control_candidate,315,315,1,,2016-01_to_2018-05,29,29,29,54375.931034,1576902.000000,4687642.000000,10.903695281038,0.034218620843,1.819143127146,0.336395569457,0
610342,non_list1,control_candidate,315,315,1,,2016-01_to_2018-05,29,29,29,13133703.551724,380877403.000000,1393360590.000000,16.390692350560,0.003484469006,0.354853969167,0.273351640439,0
610343,non_list1,control_candidate,315,315,1,,2016-01_to_2018-05,29,29,29,12688384.172414,367963141.000000,2491577598.000000,16.356197579617,0.001540214636,0.266784063529,0.147682793944,0
610349,non_list1,control_candidate,315,315,1,,2016-01_to_2018-05,29,29,29,310434.620690,9002604.000000,29352895.000000,12.645731818084,0.000514313224,0.616444481903,0.306702422368,0
610413,non_list1,control_candidate,315,315,1,,2016-01_to_2018-05,29,29,29,154427.448276,4478396.000000,5560142.000000,11.947486150092,0.030078536120,0.718308746223,0.805446335723,0
610419,non_list1,control_candidate,315,315,1,,2016-01_to_2018-05,29,29,29,84247.758621,2443185.000000,4662921.000000,11.341529113634,-0.019896430369,0.998761615286,0.523960195766,0
610431,non_list1,control_candidate,315,315,1,,2016-01_to_2018-05,29,27,27,382971.517241,11106174.000000,24566278.000000,12.855718509038,-0.064860065824,3.625743921136,0.452090218958,0
610432,non_list1,control_candidate,315,315,1,,2016-01_to_2018-05,29,29,29,1100376.758621,31910926.000000,59094136.000000,13.911164095742,-0.016857337636,0.531377148642,0.540001566314,0
610433,non_list1,control_candidate,315,315,1,,2016-01_to_2018-05,29,29,29,1700932.206897,49327034.000000,123959261.000000,14.346687603644,-0.001834046853,0.455671886534,0.397929397143,0
610439,non_list1,control_candidate,315,315,1,,2016-01_to_2018-05,29,29,29,819691.000000,23771039.000000,54685264.000000,13.616683938925,-0.009557986175,0.771607547922,0.434688200463,0
610441,non_list1,control_candidate,315,315,1,,2016-01_to_2018-05,29,29,29,1017935.551724,29520131.000000,66701509.000000,13.833288147750,-0.000417327195,1.401131577264,0.442570662082,0
610442,non_list1,control_candidate,315,315,1,,2016-01_to_2018-05,29,29,29,14216499.724138,412278492.000000,1165219857.000000,16.469913870772,-0.006121477979,0.182042117423,0.353820345168,0
610443,non_list1,control_candidate,315,315,1,,2016-01_to_2018-05,29,29,29,43925796.965517,1273848112.000000,2948320193.000000,17.598012358418,-0.007873836508,0.229367109374,0.432058944963,0
610444,non_list1,control_candidate,315,315,1,,2016-01_to_2018-05,29,29,29,16795628.965517,487073240.000000,1216084137.000000,16.636629289436,-0.013806278988,0.239548411019,0.400525938281,0
610449,non_list1,control_candidate,315,315,1,,2016-01_to_2018-05,29,29,29,1102657.724138,31977074.000000,68453448.000000,13.913234843413,-0.010658855480,0.401864390297,0.467136060115,0
610451,non_list1,control_candidate,315,315,1,,2016-01_to_2018-05,29,29,29,165738.551724,4806418.000000,12549372.000000,12.018172869706,-0.042008900446,1.577357482642,0.383000679237,0
610452,non_list1,control_candidate,315,315,1,,2016-01_to_2018-05,29,29,29,1605111.620690,46548237.000000,179742963.000000,14.288704480739,-0.028173377200,0.429130594629,0.258971123114,0
610453,non_list1,control_candidate,315,315,1,,2016-01_to_2018-05,29,29,29,5247661.103448,152182172.000000,458285217.000000,15.473293221757,-0.017874553805,0.291439001436,0.332068690752,0
610459,non_list1,control_candidate,315,315,1,,2016-01_to_2018-05,29,29,29,2961795.896552,85892081.000000,217956265.000000,14.901306701760,-0.021022297965,0.386324737182,0.394079431486,0
610461,non_list1,control_candidate,315,315,1,,2016-01_to_2018-05,29,29,29,301184.137931,8734340.000000,16329903.000000,12.615480430832,0.040140920866,1.477547754531,0.534867843367,0
610462,non_list1,control_candidate,315,315,1,,2016-01_to_2018-05,29,29,29,25148193.379310,729297608.000000,3372027670.000000,17.040296657869,-0.000562429586,0.307405143753,0.216278654677,0
610463,non_list1,control_candidate,315,315,1,,2016-01_to_2018-05,29,29,29,23426470.000000,679367630.000000,3628162098.000000,16.969377180275,0.006779182160,0.368190317359,0.187248422659,0
610469,non_list1,control_candidate,315,315,1,,2016-01_to_2018-05,29,29,29,6272988.724138,181916673.000000,531384631.000000,15.651763628968,0.003935194955,0.542766235270,0.342344626448,0
610510,non_list1,control_candidate,315,315,1,,2016-01_to_2018-05,29,29,29,11547684.275862,334882844.000000,2717735891.000000,16.261995565831,-0.009690120492,0.187341103641,0.123221261164,0
610520,non_list1,control_candidate,315,315,1,,2016-01_to_2018-05,29,29,29,8506915.448276,246700548.000000,2131590920.000000,15.956390090384,0.000383504181,0.161759844573,0.115735409494,0
610590,non_list1,control_candidate,315,315,1,,2016-01_to_2018-05,29,29,29,344251.275862,9983287.000000,24667812.000000,12.749130027643,-0.016752700457,0.352221794975,0.404709059725,0
610610,non_list1,control_candidate,315,315,1,,2016-01_to_2018-05,29,29,29,4280624.931034,124138123.000000,727375750.000000,15.269609802434,-0.003317675267,0.246125768907,0.170665743256,0
610620,non_list1,control_candidate,315,315,1,,2016-01_to_2018-05,29,29,29,8745983.586207,253633524.000000,1143638002.000000,15.984105248571,0.001700141860,0.260787943122,0.221777803428,0
610690,non_list1,control_candidate,315,315,1,,2016-01_to_2018-05,29,29,29,744779.448276,21598604.000000,49301262.000000,13.520844753628,-0.025111410038,0.433283895227,0.438094343305,0
610711,non_list1,control_candidate,315,315,1,,2016-01_to_2018-05,29,29,29,4101640.137931,118947564.000000,2041323693.000000,15.226897729129,0.003312845399,0.313024476144,0.058269819925,0
610712,non_list1,control_candidate,315,315,1,,2016-01_to_2018-05,29,29,29,7964100.448276,230958913.000000,897458458.000000,15.890454682442,0.015845882885,0.368735024689,0.257347747900,0
610719,non_list1,control_candidate,315,315,1,,2016-01_to_2018-05,29,29,29,256120.103448,7427483.000000,14189071.000000,12.453405671949,-0.000087036686,0.707136692874,0.523465066881,0
610721,non_list1,control_candidate,315,315,1,,2016-01_to_2018-05,29,29,29,4396064.206897,127485862.000000,277048684.000000,15.296220427630,-0.001143222790,0.486897007028,0.460156894302,0
610722,non_list1,control_candidate,315,315,1,,2016-01_to_2018-05,29,29,29,7807650.310345,226421859.000000,316006757.000000,15.870614748079,-0.003947130964,0.953721749702,0.716509549193,0
610791,non_list1,control_candidate,315,315,1,,2016-01_to_2018-05,29,29,29,2513798.344828,72900152.000000,157022152.000000,14.737305849843,-0.013115752665,0.478332665646,0.464266672386,0
610799,non_list1,control_candidate,315,315,1,,2016-01_to_2018-05,29,29,29,6835889.551724,198240797.000000,237642751.000000,15.737697312517,0.008925725171,1.071931950607,0.834196693002,0
610811,non_list1,control_candidate,315,315,1,,2016-01_to_2018-05,29,29,29,732233.310345,21234766.000000,54321371.000000,13.503855837823,0.008776493655,0.373825806250,0.390909979058,0
610819,non_list1,control_candidate,315,315,1,,2016-01_to_2018-05,29,29,29,51445.068966,1491907.000000,3302684.000000,10.848289333397,0.001421686365,0.575479574069,0.451725626793,0
610821,non_list1,control_candidate,315,315,1,,2016-01_to_2018-05,29,29,29,6411829.068966,185943043.000000,1632852938.000000,15.673655290328,-0.011333921949,0.301275666450,0.113876172601,0
610822,non_list1,control_candidate,315,315,1,,2016-01_to_2018-05,29,29,29,33973262.241379,985224605.000000,2053498649.000000,17.341084397972,0.002481658695,0.175126783786,0.479778550368,0
610829,non_list1,control_candidate,315,315,1,,2016-01_to_2018-05,29,29,29,50238.862069,1456927.000000,2280412.000000,10.824564055696,0.002236934113,0.792012230235,0.638887622061,0
610831,non_list1,control_candidate,315,315,1,,2016-01_to_2018-05,29,29,29,13482249.034483,390985222.000000,880779839.000000,16.416884566024,-0.006978949138,0.288626288667,0.443908005937,0
610832,non_list1,control_candidate,315,315,1,,2016-01_to_2018-05,29,29,29,29614134.689655,858809906.000000,1319138160.000000,17.203762362383,0.001208800627,0.447173604635,0.651038634194,0
610839,non_list1,control_candidate,315,315,1,,2016-01_to_2018-05,29,29,29,153557.758621,4453175.000000,5149341.000000,11.941838565080,0.044040411205,1.134872788695,0.864804836192,0
610891,non_list1,control_candidate,315,315,1,,2016-01_to_2018-05,29,29,29,7896871.310345,229009268.000000,469302009.000000,15.881977328961,-0.001893139188,0.282941427982,0.487978452272,0
610892,non_list1,control_candidate,315,315,1,,2016-01_to_2018-05,29,29,29,22753568.827586,659853496.000000,1014822380.000000,16.940232606550,0.006992775135,0.545329700975,0.650215751056,0
610899,non_list1,control_candidate,315,315,1,,2016-01_to_2018-05,29,29,29,374887.965517,10871751.000000,16657472.000000,12.834385169155,0.020494532009,0.970806240627,0.652665122295,0
610910,non_list1,control_candidate,315,315,1,,2016-01_to_2018-05,29,29,29,28822172.862069,835843013.000000,9444630523.000000,17.176655574632,-0.004106161979,0.185962849647,0.088499281255,0
610990,non_list1,control_candidate,315,315,1,,2016-01_to_2018-05,29,29,29,23731145.206897,688203211.000000,4553438593.000000,16.982298929264,-0.005085996860,0.199321369729,0.151139231801,0
611011,non_list1,control_candidate,315,315,1,,2016-01_to_2018-05,29,29,29,20257385.379310,587464176.000000,815256771.000000,16.824030044480,-0.004493133544,1.093830233063,0.720587914013,0
611012,non_list1,control_candidate,315,315,1,,2016-01_to_2018-05,29,29,29,20648130.551724,598795786.000000,754084051.000000,16.843135391521,-0.004011535416,1.180772246488,0.794070349593,0
611019,non_list1,control_candidate,315,315,1,,2016-01_to_2018-05,29,29,29,972676.275862,28207612.000000,62742768.000000,13.787807626666,-0.014502256792,1.556749578962,0.449575511237,0
611020,non_list1,control_candidate,315,315,1,,2016-01_to_2018-05,29,29,29,176001336.103448,5104038747.000000,16081609242.000000,18.986002150152,-0.004304512702,0.485736128463,0.317383582090,0
611030,non_list1,control_candidate,315,315,1,,2016-01_to_2018-05,29,29,29,127137873.965517,3686998345.000000,13773664969.000000,18.660782685203,-0.006012798229,0.521043750952,0.267684625210,0
611090,non_list1,control_candidate,315,315,1,,2016-01_to_2018-05,29,29,29,17347084.620690,503065454.000000,698689933.000000,16.668935074495,-0.015130184181,0.368123353746,0.720012455081,0
611120,non_list1,control_candidate,315,315,1,,2016-01_to_2018-05,29,29,29,58654407.068966,1700977805.000000,3713712019.000000,17.887173289131,0.000001957995,0.261830052399,0.458026307990,0
611130,non_list1,control_candidate,315,315,1,,2016-01_to_2018-05,29,29,29,12558854.689655,364206786.000000,585274726.000000,16.345936607342,-0.003498974836,0.636016920472,0.622283467610,0
611190,non_list1,control_candidate,315,315,1,,2016-01_to_2018-05,29,29,29,527635.724138,15301436.000000,23484390.000000,13.176163303426,0.001780793542,0.791509288870,0.651557736863,0
611211,non_list1,control_candidate,315,315,1,,2016-01_to_2018-05,29,29,29,317127.758621,9196705.000000,17938018.000000,12.667063149005,-0.012317302835,0.713621122162,0.512693487095,0
611212,non_list1,control_candidate,315,315,1,,2016-01_to_2018-05,29,29,29,618555.931034,17938122.000000,34682499.000000,13.335144513522,0.013403586891,0.849325236042,0.517209616297,0
611219,non_list1,control_candidate,315,315,1,,2016-01_to_2018-05,29,26,26,14892.241379,431875.000000,1315434.000000,9.608662790323,-0.028914160801,3.081414771256,0.328313697228,0
611220,non_list1,control_candidate,315,315,1,,2016-01_to_2018-05,29,27,27,16496.517241,478399.000000,2782983.000000,9.710965178347,0.160273059475,2.694477639912,0.171901517185,0
611231,non_list1,control_candidate,315,315,1,,2016-01_to_2018-05,29,29,29,666088.172414,19316557.000000,35831755.000000,13.409178833073,-0.002841766857,0.403454470598,0.539090452031,0
611239,non_list1,control_candidate,315,315,1,,2016-01_to_2018-05,29,25,25,11276.931034,327031.000000,945102.000000,9.330603089300,0.101284673837,3.315605531974,0.346027201297,0
611241,non_list1,control_candidate,315,315,1,,2016-01_to_2018-05,29,29,29,39339635.827586,1140849439.000000,2287238714.000000,17.487743139250,0.008264212948,0.780547910414,0.498788968557,0
611249,non_list1,control_candidate,315,315,1,,2016-01_to_2018-05,29,29,29,146779.206897,4256597.000000,7855545.000000,11.896691555667,-0.042448716961,0.903330891368,0.541858903488,0
611300,non_list1,control_candidate,315,315,1,,2016-01_to_2018-05,29,29,29,6474690.379310,187766021.000000,421610579.000000,15.683411500987,-0.013768861482,0.542027186923,0.445354149901,0
611420,non_list1,control_candidate,315,315,1,,2016-01_to_2018-05,29,29,29,9986065.000000,289595885.000000,937061257.000000,16.116701279274,0.011738315219,0.223227295910,0.309046908979,0
611430,non_list1,control_candidate,315,315,1,,2016-01_to_2018-05,29,29,29,33457509.827586,970267785.000000,2097890938.000000,17.325786858275,0.001991946496,0.190048579198,0.462496771126,0
611490,non_list1,control_candidate,315,315,1,,2016-01_to_2018-05,29,29,29,721274.413793,20916958.000000,33226435.000000,13.488776331945,0.043911612663,0.550313143063,0.629527603548,0
611510,non_list1,control_candidate,339,339,1,,2016-01_to_2018-05,29,29,29,726746.793103,21075657.000000,132007469.000000,13.496334781751,0.036161619040,0.563965875022,0.159655034368,0
611521,non_list1,control_candidate,315,315,1,,2016-01_to_2018-05,29,29,29,4001149.827586,116033345.000000,296801487.000000,15.202092584601,-0.006223513276,0.680126492023,0.390945969216,0
611522,non_list1,control_candidate,315,315,1,,2016-01_to_2018-05,29,29,29,3396825.758621,98507947.000000,118225928.000000,15.038352247497,-0.031929397948,0.728423060886,0.833217794662,0
611529,non_list1,control_candidate,315,315,1,,2016-01_to_2018-05,29,29,29,1271805.517241,36882360.000000,48245605.000000,14.055948902225,0.003612342773,0.909818324798,0.764470877710,0
611530,non_list1,control_candidate,315,315,1,,2016-01_to_2018-05,29,29,29,735776.620690,21337522.000000,46080001.000000,13.508683206254,-0.019846035650,0.609514880559,0.463053852798,0
611594,non_list1,control_candidate,315,315,1,,2016-01_to_2018-05,29,29,29,1284302.379310,37244769.000000,58617751.000000,14.065727012045,0.026121014230,1.553013274091,0.635383793554,0
611595,non_list1,control_candidate,315,315,1,,2016-01_to_2018-05,29,29,29,15931570.793103,462015553.000000,1566023564.000000,16.583813345764,-0.000328301671,0.257135189175,0.295024649450,0
611596,non_list1,control_candidate,315,315,1,,2016-01_to_2018-05,29,29,29,72675279.896552,2107583117.000000,2771227320.000000,18.101511869507,0.000543304017,0.313923638526,0.760523361541,0
611599,non_list1,control_candidate,315,315,1,,2016-01_to_2018-05,29,29,29,1694404.551724,49137732.000000,68710306.000000,14.342842530337,-0.009233580455,0.409759714409,0.715143547753,0
611610,non_list1,control_candidate,315|339,,0,ambiguous_naics3_candidates,2016-01_to_2018-05,29,29,29,23104313.931034,670025104.000000,1391061038.000000,16.955529951600,0.006159428747,0.190507150013,0.481664776524,0
611691,non_list1,control_candidate,315,315,1,,2016-01_to_2018-05,29,29,29,547345.413793,15873017.000000,25053648.000000,13.212837178567,0.010098906586,1.593233256926,0.633561108546,0
611692,non_list1,control_candidate,315|339,,0,ambiguous_naics3_candidates,2016-01_to_2018-05,29,29,29,1945990.620690,56433728.000000,112205529.000000,14.481282235804,-0.005806019764,0.292645364507,0.502949618463,0
611693,non_list1,control_candidate,315|339,,0,ambiguous_naics3_candidates,2016-01_to_2018-05,29,29,29,10822323.620690,313847385.000000,478871230.000000,16.197121653102,-0.010577706058,0.977675231358,0.655389936455,0
611699,non_list1,control_candidate,315|339,,0,ambiguous_naics3_candidates,2016-01_to_2018-05,29,29,29,585737.551724,16986389.000000,27300772.000000,13.280628811534,0.000868382165,0.462847327409,0.622194456626,0
611710,non_list1,control_candidate,315,315,1,,2016-01_to_2018-05,29,29,29,9750024.275862,282750704.000000,354177059.000000,16.092780435367,-0.010285867768,1.156472764953,0.798331503453,0
611780,non_list1,control_candidate,315,315,1,,2016-01_to_2018-05,29,29,29,9625185.517241,279130380.000000,419531039.000000,16.079893816365,-0.000425498642,0.299125376629,0.665339043007,0
611790,non_list1,control_candidate,315,315,1,,2016-01_to_2018-05,29,29,29,167724.827586,4864020.000000,16971857.000000,12.030085946604,0.010612295096,0.545321708143,0.286593270259,0
620111,non_list1,control_candidate,315,315,1,,2016-01_to_2018-05,29,29,29,2992713.275862,86788685.000000,199064737.000000,14.911691318149,-0.033096144978,1.996369699060,0.435982215173,0
620112,non_list1,control_candidate,315,315,1,,2016-01_to_2018-05,29,29,29,1077259.827586,31240535.000000,82983526.000000,13.889932106564,0.002861382309,0.756795280854,0.376466709790,0
620113,non_list1,control_candidate,315,315,1,,2016-01_to_2018-05,29,29,29,1928991.724138,55940760.000000,120074903.000000,14.472508520050,-0.000853955695,0.979506045517,0.465882200213,0
620119,non_list1,control_candidate,315,315,1,,2016-01_to_2018-05,29,29,29,122945.793103,3565428.000000,8873728.000000,11.719506964372,0.005161045060,0.912612805463,0.401795953178,0
620191,non_list1,control_candidate,315,315,1,,2016-01_to_2018-05,29,29,29,777376.793103,22543927.000000,94708417.000000,13.563681731393,-0.022930816173,1.245663770971,0.238035094600,0
620192,non_list1,control_candidate,315,315,1,,2016-01_to_2018-05,29,29,29,10605874.448276,307570359.000000,678874639.000000,16.176918693095,0.011910430311,0.767265731785,0.453059138360,0
620193,non_list1,control_candidate,315,315,1,,2016-01_to_2018-05,29,29,29,50500723.551724,1464520983.000000,2802227876.000000,17.737498241702,0.003540468811,0.736085205953,0.522627369295,0
620199,non_list1,control_candidate,315,315,1,,2016-01_to_2018-05,29,29,29,204923.034483,5942768.000000,16293562.000000,12.230394625946,-0.006408398398,0.512166732691,0.364731051442,0
620211,non_list1,control_candidate,315,315,1,,2016-01_to_2018-05,29,29,29,4342202.172414,125923863.000000,390506198.000000,15.283892420683,0.007079941913,1.496712918191,0.322463161007,0
620212,non_list1,control_candidate,315,315,1,,2016-01_to_2018-05,29,29,29,2873585.965517,83333993.000000,232020926.000000,14.871071621138,-0.011505660132,0.752689253277,0.359165849549,0
620213,non_list1,control_candidate,315,315,1,,2016-01_to_2018-05,29,29,29,12925755.931034,374846922.000000,614096372.000000,16.374732539974,-0.002238039265,1.117609038691,0.610404065374,0
620219,non_list1,control_candidate,315,315,1,,2016-01_to_2018-05,29,29,29,243952.655172,7074627.000000,27063279.000000,12.404733548417,-0.004103287443,0.525942779779,0.261410562999,0
620291,non_list1,control_candidate,315,315,1,,2016-01_to_2018-05,29,29,29,621452.827586,18022132.000000,47448254.000000,13.339816895276,0.001001572218,1.477595026611,0.379827084891,0
620292,non_list1,control_candidate,315,315,1,,2016-01_to_2018-05,29,29,29,14621220.931034,424015407.000000,721403496.000000,16.497984588207,-0.004105247629,0.437797658005,0.587764558047,0
620293,non_list1,control_candidate,315,315,1,,2016-01_to_2018-05,29,29,29,47541761.344828,1378711079.000000,2484406703.000000,17.677119089988,-0.002757030881,0.914209801530,0.554945805506,0
620299,non_list1,control_candidate,315,315,1,,2016-01_to_2018-05,29,29,29,854760.689655,24788060.000000,40831315.000000,13.658577983518,-0.002923258017,0.488123810048,0.607084537934,0
620311,non_list1,control_candidate,315,315,1,,2016-01_to_2018-05,29,29,29,5277690.931034,153053037.000000,884083108.000000,15.478999425838,0.000583963707,0.236853461183,0.173120643993,0
620312,non_list1,control_candidate,315,315,1,,2016-01_to_2018-05,29,29,29,3123937.517241,90594188.000000,144811811.000000,14.954605108967,-0.000405336922,0.299744735682,0.625599440919,0
620319,non_list1,control_candidate,315,315,1,,2016-01_to_2018-05,29,29,29,1272880.862069,36913545.000000,64330404.000000,14.056794070459,0.014841374583,0.519979590980,0.573811801337,0
620322,non_list1,control_candidate,315,315,1,,2016-01_to_2018-05,29,29,29,298961.310345,8669878.000000,29193391.000000,12.608072792069,-0.017612007786,0.422359329667,0.296980847480,0
620331,non_list1,control_candidate,315,315,1,,2016-01_to_2018-05,29,29,29,4759764.517241,138033171.000000,906490953.000000,15.375708963910,-0.014340909102,0.346492876097,0.152271978604,0
620332,non_list1,control_candidate,315,315,1,,2016-01_to_2018-05,29,29,29,3284008.620690,95236250.000000,209675716.000000,15.004575679115,-0.009507811484,0.398016862227,0.454207343687,0
620333,non_list1,control_candidate,315,315,1,,2016-01_to_2018-05,29,29,29,2812534.931034,81563513.000000,382339928.000000,14.849597100892,0.000162577908,0.344975475214,0.213327217554,0
620339,non_list1,control_candidate,315,315,1,,2016-01_to_2018-05,29,29,29,1336255.965517,38751423.000000,167837221.000000,14.105382954043,-0.005792855559,0.728575679078,0.230886943725,0
620341,non_list1,control_candidate,315,315,1,,2016-01_to_2018-05,29,29,29,2397329.965517,69522569.000000,553899355.000000,14.689866578778,-0.006276460592,0.240618009592,0.125514804039,0
620342,non_list1,control_candidate,315,315,1,,2016-01_to_2018-05,29,29,29,71917457.655172,2085606272.000000,12660750469.000000,18.091029611785,-0.012065261016,0.209348131957,0.164730066919,0
620343,non_list1,control_candidate,315,315,1,,2016-01_to_2018-05,29,29,29,23659393.413793,686122409.000000,3440567001.000000,16.979270820827,-0.002212382478,0.250158443237,0.199421318870,0
620349,non_list1,control_candidate,315,315,1,,2016-01_to_2018-05,29,29,29,2806590.172414,81391115.000000,205625351.000000,14.847481198999,-0.015514942533,0.569177321504,0.395822376007,0
620412,non_list1,control_candidate,315,315,1,,2016-01_to_2018-05,29,27,27,47474.758621,1376768.000000,3819669.000000,10.767974514925,0.152123874273,2.966704942820,0.360441703195,0
620413,non_list1,control_candidate,315,315,1,,2016-01_to_2018-05,29,29,29,411334.965517,11928714.000000,34276292.000000,12.927165593909,-0.012797070642,0.405504296171,0.348016465725,0
620419,non_list1,control_candidate,315,315,1,,2016-01_to_2018-05,29,29,29,85359.862069,2475436.000000,6483316.000000,11.354642985139,0.015801597164,0.898448882236,0.381816342131,0
620422,non_list1,control_candidate,315,315,1,,2016-01_to_2018-05,29,29,29,459378.172414,13321967.000000,22759127.000000,13.037631231714,0.015614721358,0.421360835841,0.585346133883,0
620431,non_list1,control_candidate,315,315,1,,2016-01_to_2018-05,29,29,29,1083258.000000,31414482.000000,168872476.000000,13.895484647899,-0.019327230098,0.908491572201,0.186024879507,0
620432,non_list1,control_candidate,315,315,1,,2016-01_to_2018-05,29,29,29,2782271.724138,80685880.000000,231671264.000000,14.838778678342,-0.005328799378,0.394706025253,0.348277462672,0
620433,non_list1,control_candidate,315,315,1,,2016-01_to_2018-05,29,29,29,4469928.275862,129627920.000000,494953700.000000,15.312883144510,-0.015981513883,0.426442647316,0.261899082682,0
620439,non_list1,control_candidate,315,315,1,,2016-01_to_2018-05,29,29,29,1805439.413793,52357743.000000,157710487.000000,14.406315116548,-0.006343385467,0.391272499420,0.331986439177,0
620441,non_list1,control_candidate,315,315,1,,2016-01_to_2018-05,29,29,29,529316.896552,15350190.000000,101494340.000000,13.179344469010,-0.046204508119,0.860511149361,0.151241832796,0
620442,non_list1,control_candidate,315,315,1,,2016-01_to_2018-05,29,29,29,18318119.137931,531225455.000000,1379799124.000000,16.723401299387,-0.005988627555,0.464805209593,0.385002023671,0
620443,non_list1,control_candidate,315,315,1,,2016-01_to_2018-05,29,29,29,62924029.655172,1824796860.000000,3089813563.000000,17.957438694102,-0.007456439166,0.194680364746,0.590584778917,0
620444,non_list1,control_candidate,315,315,1,,2016-01_to_2018-05,29,29,29,14753334.034483,427846687.000000,1264423886.000000,16.506979719225,-0.004843551469,0.317226995856,0.338372828714,0
620449,non_list1,control_candidate,315,315,1,,2016-01_to_2018-05,29,29,29,9862130.068966,286001772.000000,639501267.000000,16.104212835981,-0.004359528822,0.388728938041,0.447226278912,0
620451,non_list1,control_candidate,315,315,1,,2016-01_to_2018-05,29,29,29,271026.000000,7859754.000000,43615394.000000,12.509973725895,-0.045423233803,1.081217523661,0.180205961226,0
620452,non_list1,control_candidate,315,315,1,,2016-01_to_2018-05,29,29,29,6257273.344828,181460927.000000,470392578.000000,15.649255240084,0.007283416352,0.513264955490,0.385764860006,0
620453,non_list1,control_candidate,315,315,1,,2016-01_to_2018-05,29,29,29,6885751.379310,199686790.000000,490693404.000000,15.744964962215,-0.012279798251,0.225474035969,0.406948184696,0
620459,non_list1,control_candidate,315,315,1,,2016-01_to_2018-05,29,29,29,2719574.517241,78867661.000000,218194749.000000,14.815986366256,-0.004800348270,0.383285058887,0.361455357480,0
620461,non_list1,control_candidate,315,315,1,,2016-01_to_2018-05,29,29,29,865513.517241,25099892.000000,129071880.000000,13.671079426700,-0.038592417581,0.699229558686,0.194464448802,0
620462,non_list1,control_candidate,315,315,1,,2016-01_to_2018-05,29,29,29,151556273.724138,4395131938.000000,11363762610.000000,18.836467564267,-0.003072208308,0.181286591607,0.386767313683,0
620463,non_list1,control_candidate,315,315,1,,2016-01_to_2018-05,29,29,29,15346955.655172,445061714.000000,2269234194.000000,16.546427748834,0.004048419179,0.211157335873,0.196128594914,0
620469,non_list1,control_candidate,315,315,1,,2016-01_to_2018-05,29,29,29,19726609.965517,572071689.000000,1582168719.000000,16.797479092617,-0.012103908493,0.411867256197,0.361574389716,0
620520,non_list1,control_candidate,315,315,1,,2016-01_to_2018-05,29,29,29,49495789.517241,1435377896.000000,6471878125.000000,17.717398183867,-0.009328658943,0.222147669448,0.221786916916,0
620530,non_list1,control_candidate,315,315,1,,2016-01_to_2018-05,29,29,29,6138228.551724,178008628.000000,1306539829.000000,15.630046911919,-0.005009920882,0.197440100108,0.136244318044,0
620590,non_list1,control_candidate,315,315,1,,2016-01_to_2018-05,29,29,29,7092910.517241,205694405.000000,419975726.000000,15.774606465447,-0.003093725364,0.429512114439,0.489776890105,0
620610,non_list1,control_candidate,315,315,1,,2016-01_to_2018-05,29,29,29,9546145.172414,276838210.000000,404096108.000000,16.071648088856,-0.007562764434,0.318288569194,0.685080119604,0
620620,non_list1,control_candidate,315,315,1,,2016-01_to_2018-05,29,29,29,71407.827586,2070827.000000,14658157.000000,11.176176776347,-0.049748050668,1.129473653977,0.141274718234,0
620630,non_list1,control_candidate,315,315,1,,2016-01_to_2018-05,29,29,29,22414140.206897,650010066.000000,2324895622.000000,16.925202621516,-0.006202129878,0.191839677929,0.279586773638,0
620640,non_list1,control_candidate,315,315,1,,2016-01_to_2018-05,29,29,29,40910657.413793,1186409065.000000,3465961365.000000,17.526901183978,-0.012672684947,0.230389970723,0.342303026508,0
620690,non_list1,control_candidate,315,315,1,,2016-01_to_2018-05,29,29,29,4044613.034483,117293778.000000,252199079.000000,15.212896685995,-0.007068651040,1.096120651681,0.465084085418,0
620711,non_list1,control_candidate,315,315,1,,2016-01_to_2018-05,29,29,29,1251669.758621,36298423.000000,311564156.000000,14.039989823711,0.008799827600,0.399451212369,0.116503847766,0
620719,non_list1,control_candidate,315,315,1,,2016-01_to_2018-05,29,29,29,189372.034483,5491789.000000,12362008.000000,12.151474076223,0.020860477564,0.754797779429,0.444247326163,0
620721,non_list1,control_candidate,315,315,1,,2016-01_to_2018-05,29,29,29,1467374.068966,42553848.000000,79729439.000000,14.198985695180,-0.001796104406,0.737165192877,0.533728175361,0
620722,non_list1,control_candidate,315,315,1,,2016-01_to_2018-05,29,28,28,145065.344828,4206895.000000,8577606.000000,11.884946467293,0.034881649930,2.582592024280,0.490450948668,0
620729,non_list1,control_candidate,315,315,1,,2016-01_to_2018-05,29,29,29,30980.758621,898442.000000,1342841.000000,10.341153878683,-0.025591496204,0.957469964658,0.669060596154,0
620791,non_list1,control_candidate,315,315,1,,2016-01_to_2018-05,29,29,29,2304290.758621,66824432.000000,147538511.000000,14.650283924127,-0.003615017628,0.577934030245,0.452928740754,0
620799,non_list1,control_candidate,315,315,1,,2016-01_to_2018-05,29,29,29,387351.068966,11233181.000000,19121967.000000,12.867089297379,0.006387163796,0.462875622343,0.587449031786,0
620811,non_list1,control_candidate,315,315,1,,2016-01_to_2018-05,29,29,29,284460.206897,8249346.000000,13502337.000000,12.558352167879,-0.019469770325,0.629493941909,0.610956903238,0
620819,non_list1,control_candidate,315,315,1,,2016-01_to_2018-05,29,29,29,96783.965517,2806735.000000,5702612.000000,11.480246946298,0.002238567759,0.676454809816,0.492184107914,0
620821,non_list1,control_candidate,315,315,1,,2016-01_to_2018-05,29,29,29,3182636.000000,92296444.000000,235840892.000000,14.973220656405,-0.012698991947,0.640410918641,0.391350470299,0
620822,non_list1,control_candidate,315,315,1,,2016-01_to_2018-05,29,29,29,3656595.724138,106041276.000000,160111922.000000,15.112043416000,0.015658445332,0.237672683862,0.662294691585,0
620829,non_list1,control_candidate,315,315,1,,2016-01_to_2018-05,29,29,29,437315.034483,12682136.000000,17695004.000000,12.988411403737,-0.011285116288,0.363246627522,0.716707156438,0
620891,non_list1,control_candidate,315,315,1,,2016-01_to_2018-05,29,29,29,3866120.413793,112117492.000000,257013788.000000,15.167762343791,0.008873985363,0.272560738442,0.436231428954,0
620892,non_list1,control_candidate,315,315,1,,2016-01_to_2018-05,29,29,29,4037454.413793,117086178.000000,174686848.000000,15.211125203429,0.019852724269,0.244452716439,0.670263270192,0
620899,non_list1,control_candidate,315,315,1,,2016-01_to_2018-05,29,29,29,208463.103448,6045430.000000,13546463.000000,12.247522139683,0.027876626070,0.615801115710,0.446273687825,0
620920,non_list1,control_candidate,315,315,1,,2016-01_to_2018-05,29,29,29,7187538.862069,208438627.000000,832948039.000000,15.787859510099,-0.008244263641,0.279210490911,0.250242052614,0
620930,non_list1,control_candidate,315,315,1,,2016-01_to_2018-05,29,29,29,3570880.793103,103555543.000000,196781281.000000,15.088323124125,-0.004574422119,0.503004500877,0.526246919797,0
620990,non_list1,control_candidate,315,315,1,,2016-01_to_2018-05,29,29,29,520091.000000,15082639.000000,45796301.000000,13.161760997985,-0.005040763617,0.343183942929,0.329341861038,0
621010,non_list1,control_candidate,315|322,,0,ambiguous_naics3_candidates,2016-01_to_2018-05,29,29,29,35041968.482759,1016217086.000000,1624287409.000000,17.372057029153,-0.001514544182,0.103943621214,0.625638714164,0
621020,non_list1,control_candidate,315,315,1,,2016-01_to_2018-05,29,29,29,1603786.551724,46509810.000000,66290930.000000,14.287878609587,-0.015637263090,0.670933140718,0.701601410630,0
621030,non_list1,control_candidate,315,315,1,,2016-01_to_2018-05,29,29,29,2179535.344828,63206525.000000,116956321.000000,14.594622726286,0.012654261664,1.022734660974,0.540428464743,0
621040,non_list1,control_candidate,315,315,1,,2016-01_to_2018-05,29,29,29,24272341.379310,703897900.000000,1411715815.000000,17.004848086408,-0.003912935254,0.233538268680,0.498611613273,0
621050,non_list1,control_candidate,315,315,1,,2016-01_to_2018-05,29,29,29,12723209.103448,368973064.000000,802700207.000000,16.358938450660,-0.000724010576,0.738906807999,0.459664842219,0
621111,non_list1,control_candidate,315,315,1,,2016-01_to_2018-05,29,29,29,4507419.689655,130715171.000000,310047199.000000,15.321235638709,0.016648765235,1.017340826053,0.421597651653,0
621112,non_list1,control_candidate,315,315,1,,2016-01_to_2018-05,29,29,29,1053374.379310,30547857.000000,64935402.000000,13.867510213165,0.000997630376,0.827494824657,0.470434555868,0
621120,non_list1,control_candidate,315,315,1,,2016-01_to_2018-05,29,29,29,209405.965517,6072773.000000,11163191.000000,12.252034841036,0.006037067741,1.341756820177,0.543999739859,0
621132,non_list1,control_candidate,315,315,1,,2016-01_to_2018-05,29,29,29,3155920.172414,91521685.000000,549782374.000000,14.964790983581,0.009135299405,0.396577608123,0.166468932669,0
621133,non_list1,control_candidate,315,315,1,,2016-01_to_2018-05,29,29,29,5015413.379310,145446988.000000,643815637.000000,15.428026603943,0.000258739501,0.292664603023,0.225914034455,0
621139,non_list1,control_candidate,315,315,1,,2016-01_to_2018-05,29,29,29,510241.931034,14797016.000000,51361775.000000,13.142642226651,-0.005846056898,0.467997052035,0.288093937563,0
621142,non_list1,control_candidate,315,315,1,,2016-01_to_2018-05,29,29,29,16866466.862069,489127539.000000,1109062119.000000,16.640838058686,-0.000133161914,0.259976212947,0.441028081854,0
621143,non_list1,control_candidate,315,315,1,,2016-01_to_2018-05,29,29,29,45425399.758621,1317336593.000000,3036630797.000000,17.631581994632,-0.003168506335,0.222597894940,0.433815198839,0
621149,non_list1,control_candidate,315,315,1,,2016-01_to_2018-05,29,29,29,4925696.103448,142845187.000000,244250056.000000,15.409976366419,-0.007106058879,0.403857069246,0.584831747183,0
621210,non_list1,control_candidate,315,315,1,,2016-01_to_2018-05,29,29,29,88224973.413793,2558524229.000000,5925819528.000000,18.295400637515,-0.006189832043,0.162063835165,0.431758715720,0
621220,non_list1,control_candidate,315,315,1,,2016-01_to_2018-05,29,29,29,2307089.275862,66905589.000000,236111406.000000,14.651497667670,-0.021196513678,0.290464598668,0.283364493624,0
621230,non_list1,control_candidate,315,315,1,,2016-01_to_2018-05,29,29,29,372107.758621,10791125.000000,40296620.000000,12.826941452409,-0.002903700888,0.667140271944,0.267792311117,0
621290,non_list1,control_candidate,315,315,1,,2016-01_to_2018-05,29,29,29,5883980.620690,170635438.000000,350203196.000000,15.587744237090,-0.013514319914,0.239585949573,0.487246946770,0
621320,non_list1,control_candidate,315,315,1,,2016-01_to_2018-05,29,29,29,1727465.827586,50096509.000000,58056880.000000,14.362166631885,0.007594208236,0.344995468590,0.862886689743,0
621390,non_list1,control_candidate,315,315,1,,2016-01_to_2018-05,29,29,29,1243927.379310,36073894.000000,49170393.000000,14.033784977722,-0.008711919566,0.202357235930,0.733650715381,0
621410,non_list1,control_candidate,315,315,1,,2016-01_to_2018-05,29,29,29,1458867.551724,42307159.000000,163898435.000000,14.193171728672,0.011168169483,0.325943237385,0.258130341513,0
621420,non_list1,control_candidate,315,315,1,,2016-01_to_2018-05,29,29,29,1506356.000000,43684324.000000,202171623.000000,14.225204711042,-0.017205129069,0.982333787049,0.216075447938,0
621430,non_list1,control_candidate,315,315,1,,2016-01_to_2018-05,29,29,29,12227123.724138,354586588.000000,416023996.000000,16.319167379789,-0.017288787946,0.590159266336,0.852322441516,0
621440,non_list1,control_candidate,315,315,1,,2016-01_to_2018-05,29,29,29,2979187.586207,86396440.000000,133843150.000000,14.907161534897,-0.022791638182,0.441847720671,0.645505130446,0
621490,non_list1,control_candidate,315,315,1,,2016-01_to_2018-05,29,29,29,852806.965517,24731402.000000,69460592.000000,13.656289672778,-0.034613198344,0.465825047205,0.356049398485,0
621510,non_list1,control_candidate,315,315,1,,2016-01_to_2018-05,29,29,29,6506371.344828,188684769.000000,312937584.000000,15.688292615369,-0.010619088338,0.320544834551,0.602946972966,0
621520,non_list1,control_candidate,315,315,1,,2016-01_to_2018-05,29,29,29,3779148.586207,109595309.000000,115708014.000000,15.145009565091,-0.003114010504,0.326153694122,0.947171291005,0
621590,non_list1,control_candidate,315,315,1,,2016-01_to_2018-05,29,29,29,538394.137931,15613430.000000,22195903.000000,13.196348026683,-0.009174321864,0.396914710174,0.703437476727,0
621600,non_list1,control_candidate,315|339,,0,ambiguous_naics3_candidates,2016-01_to_2018-05,29,29,29,14066008.793103,407914255.000000,716287077.000000,16.459271792075,-0.000416417052,0.398699402897,0.569484314457,0
621710,non_list1,control_candidate,315,315,1,,2016-01_to_2018-05,29,29,29,8063364.137931,233837560.000000,367921301.000000,15.902841538259,-0.006687318823,0.142220847164,0.635564071350,0
621790,non_list1,control_candidate,315,315,1,,2016-01_to_2018-05,29,29,29,201162.896552,5833724.000000,27218835.000000,12.211875260509,-0.008546181110,0.402850924788,0.214326733675,0
630110,non_list1,control_candidate,335,335,1,,2016-01_to_2018-05,29,28,28,6458549.241379,187297928.000000,190134017.000000,15.680915429734,0.085272950727,3.395370378967,0.985083737015,0
630120,non_list1,control_candidate,314,314,1,,2016-01_to_2018-05,29,29,29,693041.448276,20098202.000000,64521954.000000,13.448846529219,0.014368316927,0.937081443066,0.311494007141,0
630130,non_list1,control_candidate,314,314,1,,2016-01_to_2018-05,29,29,29,4976227.655172,144310602.000000,436051799.000000,15.420182863948,0.011894814150,0.216657698198,0.330948300938,0
630140,non_list1,control_candidate,314,314,1,,2016-01_to_2018-05,29,29,29,53683009.413793,1556807273.000000,1675788121.000000,17.798607129789,0.008618029022,0.656493286325,0.929000064800,0
630190,non_list1,control_candidate,314,314,1,,2016-01_to_2018-05,29,29,29,792800.655172,22991219.000000,30572835.000000,13.583328349751,0.014833899702,0.673693806718,0.752014623439,0
630210,non_list1,control_candidate,314,314,1,,2016-01_to_2018-05,29,29,29,11158256.517241,323589439.000000,616963679.000000,16.227690366279,0.005301019920,0.351846964836,0.524487016034,0
630221,non_list1,control_candidate,314,314,1,,2016-01_to_2018-05,29,29,29,11211739.068966,325140433.000000,1142316160.000000,16.232472007709,-0.004243807890,0.161064332341,0.284632612568,0
630222,non_list1,control_candidate,314,314,1,,2016-01_to_2018-05,29,29,29,15781495.206897,457663361.000000,501121293.000000,16.574348685547,0.002657816267,0.240389638783,0.913278616161,0
630229,non_list1,control_candidate,314,314,1,,2016-01_to_2018-05,29,29,29,368604.000000,10689516.000000,14715673.000000,12.817480888966,0.000216549242,0.323101887206,0.726403474717,0
630231,non_list1,control_candidate,314,314,1,,2016-01_to_2018-05,29,29,29,27768180.413793,805277232.000000,3700700316.000000,17.139401369699,-0.000514934849,0.136789937673,0.217601308736,0
630232,non_list1,control_candidate,314,314,1,,2016-01_to_2018-05,29,29,29,28852396.827586,836719508.000000,927704399.000000,17.177703661072,0.008099350094,0.179837215980,0.901924695950,0
630239,non_list1,control_candidate,314,314,1,,2016-01_to_2018-05,29,29,29,2265969.793103,65713124.000000,100712361.000000,14.633513831301,0.019432671801,0.316343396733,0.652483204122,0
630240,non_list1,control_candidate,314,314,1,,2016-01_to_2018-05,29,29,29,144837.206897,4200279.000000,6521917.000000,11.883372583912,-0.011641817300,0.675502837917,0.644025215286,0
630251,non_list1,control_candidate,314,314,1,,2016-01_to_2018-05,29,29,29,2932817.724138,85051714.000000,389297151.000000,14.891474540437,-0.004992508650,0.546236040688,0.218475048640,0
630253,non_list1,control_candidate,314,314,1,,2016-01_to_2018-05,29,29,29,11770954.689655,341357686.000000,509024055.000000,16.281145673022,0.000602567256,0.348446558017,0.670612091211,0
630259,non_list1,control_candidate,314,314,1,,2016-01_to_2018-05,29,29,29,809366.758621,23471636.000000,61183206.000000,13.604008676952,0.001292087879,0.287971548469,0.383628736291,0
630260,non_list1,control_candidate,314,314,1,,2016-01_to_2018-05,29,29,29,40012780.965517,1160370648.000000,4760394941.000000,17.504709510171,0.005352956860,0.173032006467,0.243755121661,0
630291,non_list1,control_candidate,314,314,1,,2016-01_to_2018-05,29,29,29,2687490.034483,77937211.000000,269012289.000000,14.804118615406,-0.005404775624,0.259204005376,0.289716173524,0
630293,non_list1,control_candidate,314,314,1,,2016-01_to_2018-05,29,29,29,5603327.068966,162496485.000000,187510731.000000,15.538871277210,0.012263236236,0.266985015608,0.866598322845,0
630299,non_list1,control_candidate,314,314,1,,2016-01_to_2018-05,29,29,29,299984.034483,8699537.000000,16109372.000000,12.611487867337,0.009512517945,0.357691785092,0.540029555466,0
630312,non_list1,control_candidate,314|337,,0,ambiguous_naics3_candidates,2016-01_to_2018-05,29,29,29,1249587.241379,36238030.000000,54417300.000000,14.038324648116,-0.006419459327,0.386994210060,0.665928482303,0
630319,non_list1,control_candidate,314,314,1,,2016-01_to_2018-05,29,29,29,315395.000000,9146455.000000,11459633.000000,12.661584271122,-0.014751328179,0.546685819773,0.798145542706,0
630391,non_list1,control_candidate,314|337,,0,ambiguous_naics3_candidates,2016-01_to_2018-05,29,29,29,4939067.482759,143232957.000000,378364640.000000,15.412687305140,-0.011987028520,0.194648108880,0.378557988400,0
630392,non_list1,control_candidate,314|337,,0,ambiguous_naics3_candidates,2016-01_to_2018-05,29,29,29,54198223.448276,1571748480.000000,2438112391.000000,17.808158706616,0.002771943459,0.147912167592,0.644657927092,0
630399,non_list1,control_candidate,314,314,1,,2016-01_to_2018-05,29,29,29,2369187.000000,68706423.000000,100762838.000000,14.678057838371,-0.002321958184,0.258627299340,0.681862722048,0
630411,non_list1,control_candidate,314,314,1,,2016-01_to_2018-05,29,29,29,398261.965517,11549597.000000,12224759.000000,12.894867783469,0.026913092536,0.496253705937,0.944770935771,0
630419,non_list1,control_candidate,314,314,1,,2016-01_to_2018-05,29,29,29,2302312.689655,66767068.000000,204926651.000000,14.649425127293,0.014193535508,0.263242439633,0.325809589305,0
630491,non_list1,control_candidate,314,314,1,,2016-01_to_2018-05,29,29,29,13306515.517241,385888950.000000,474449945.000000,16.403764436901,0.012649805619,0.446060879614,0.813339645344,0
630492,non_list1,control_candidate,314,314,1,,2016-01_to_2018-05,29,29,29,8001407.793103,232040826.000000,486430968.000000,15.895128183278,-0.001509786395,0.203735338218,0.477027247986,0
630493,non_list1,control_candidate,314,314,1,,2016-01_to_2018-05,29,29,29,13759679.034483,399030692.000000,477751113.000000,16.437253136891,-0.002104647179,0.246928497851,0.835227132166,0
630499,non_list1,control_candidate,314,314,1,,2016-01_to_2018-05,29,29,29,1753321.137931,50846313.000000,118323088.000000,14.377022910815,-0.003554514907,0.240068215705,0.429724357769,0
630510,non_list1,control_candidate,314,314,1,,2016-01_to_2018-05,29,29,29,147106.620690,4266092.000000,26394467.000000,11.898919711432,-0.056911742738,0.990545934096,0.161628268531,0
630520,non_list1,control_candidate,314,314,1,,2016-01_to_2018-05,29,29,29,194629.413793,5644253.000000,18082572.000000,12.178857725284,0.009660878916,0.398092529787,0.312137731292,0
630532,non_list1,control_candidate,314,314,1,,2016-01_to_2018-05,29,29,29,9017485.862069,261507090.000000,809271394.000000,16.014676234822,0.005528432424,0.137905213163,0.323138927113,0
630533,non_list1,control_candidate,314,314,1,,2016-01_to_2018-05,29,29,29,3594992.448276,104254781.000000,411423008.000000,15.095052726681,0.000868894608,0.291572207688,0.253400463690,0
630539,non_list1,control_candidate,314,314,1,,2016-01_to_2018-05,29,29,29,1483283.862069,43015232.000000,63439112.000000,14.209769687684,0.027149815340,0.560599210399,0.678055392705,0
630590,non_list1,control_candidate,314,314,1,,2016-01_to_2018-05,29,29,29,307736.724138,8924365.000000,15084376.000000,12.637003154179,-0.014636672804,0.460557134743,0.591629710105,0
630612,non_list1,control_candidate,314,314,1,,2016-01_to_2018-05,29,29,29,3879792.344828,112513978.000000,147176594.000000,15.171292448539,0.008483637808,0.527843315894,0.764482822588,0
630619,non_list1,control_candidate,314,314,1,,2016-01_to_2018-05,29,29,29,730536.931034,21185571.000000,31930134.000000,13.501536433581,0.004320873326,0.379965367917,0.663497716608,0
630622,non_list1,control_candidate,314,314,1,,2016-01_to_2018-05,29,29,29,21889840.448276,634805373.000000,1052005539.000000,16.901533226361,-0.008985458441,0.315445177766,0.603423983493,0
630629,non_list1,control_candidate,314,314,1,,2016-01_to_2018-05,29,29,29,1718993.137931,49850801.000000,56840058.000000,14.357249874197,0.023882836426,0.318232130930,0.877036420336,0
630630,non_list1,control_candidate,314,314,1,,2016-01_to_2018-05,29,29,29,283579.724138,8223812.000000,72424352.000000,12.555252102846,0.005810208347,0.582698546833,0.113550370461,0
630640,non_list1,control_candidate,326,326,1,,2016-01_to_2018-05,29,29,29,1911482.206897,55432984.000000,154590565.000000,14.463390046779,0.003982209462,0.520779378064,0.358579347970,0
630690,non_list1,control_candidate,314,314,1,,2016-01_to_2018-05,29,29,29,4002037.793103,116059096.000000,158428993.000000,15.202314487508,0.007785456029,0.302085435048,0.732562227420,0
630710,non_list1,control_candidate,314,314,1,,2016-01_to_2018-05,29,29,29,21362968.931034,619526099.000000,1324812259.000000,16.877169604106,0.010532844533,0.171732061378,0.467633126725,0
630720,non_list1,control_candidate,339,339,1,,2016-01_to_2018-05,29,29,29,9181041.896552,266250215.000000,330814144.000000,16.032651361433,-0.001444808139,0.866871325848,0.804833226841,0
630790,non_list1,control_candidate,313|314|339,,0,ambiguous_naics3_candidates,2016-01_to_2018-05,29,29,29,228181227.827586,6617255607.000000,9055474629.000000,19.245650734461,0.001719646629,0.108101777812,0.730746413425,0
630800,non_list1,control_candidate,339,339,1,,2016-01_to_2018-05,29,29,29,297496.137931,8627388.000000,15550743.000000,12.603159883522,0.020139328771,0.322615825179,0.554789439964,0
630900,non_list1,control_candidate,930,930,1,,2016-01_to_2018-05,29,27,27,34063.517241,987842.000000,12408338.000000,10.436011571417,0.115024496772,2.761617276450,0.079611145344,0
631010,non_list1,control_candidate,910,910,1,,2016-01_to_2018-05,29,29,29,227431.931034,6595526.000000,150465708.000000,12.334610665269,-0.011097433290,0.841322158874,0.043834080786,0
631090,non_list1,control_candidate,910,910,1,,2016-01_to_2018-05,29,29,29,121022.931034,3509665.000000,62512808.000000,11.703743582168,-0.026096448935,0.924121244762,0.056143134700,0
640110,non_list1,control_candidate,316,316,1,,2016-01_to_2018-05,29,29,29,1006401.310345,29185638.000000,44106286.000000,13.821892460578,0.001790010767,0.201979628189,0.661711530189,0
640192,non_list1,control_candidate,316,316,1,,2016-01_to_2018-05,29,29,29,6441064.586207,186790873.000000,264613250.000000,15.678204548090,-0.004314468194,0.360958738834,0.705901435397,0
640199,non_list1,control_candidate,316,316,1,,2016-01_to_2018-05,29,29,29,702801.586207,20381246.000000,38683675.000000,13.462831315150,-0.000289663862,0.264878532000,0.526869435233,0
640212,non_list1,control_candidate,316,316,1,,2016-01_to_2018-05,29,29,29,1558522.413793,45197150.000000,182756199.000000,14.259249401364,0.025790233506,1.568591357444,0.247308437401,0
640219,non_list1,control_candidate,316,316,1,,2016-01_to_2018-05,29,29,29,16128943.965517,467739375.000000,1128347491.000000,16.596126039749,-0.016998453902,0.293514248524,0.414534865129,0
640220,non_list1,control_candidate,316,316,1,,2016-01_to_2018-05,29,29,29,9746577.862069,282650758.000000,307833011.000000,16.092426895458,0.002105411112,0.885187057752,0.918195085971,0
640291,non_list1,control_candidate,316,316,1,,2016-01_to_2018-05,29,29,29,71170927.862069,2063956908.000000,2363446715.000000,18.080594990505,-0.018651206358,0.649597560752,0.873282606670,0
640299,non_list1,control_candidate,316,316,1,,2016-01_to_2018-05,29,29,29,236781438.310345,6866661711.000000,10395636099.000000,19.282648076611,-0.003868980117,0.349571293277,0.660533097312,0
640312,non_list1,control_candidate,316,316,1,,2016-01_to_2018-05,29,28,28,77295.379310,2241566.000000,2835217.000000,11.255402394026,0.144308080052,2.649098008213,0.790615321508,0
640319,non_list1,control_candidate,316,316,1,,2016-01_to_2018-05,29,29,29,3497245.689655,101420125.000000,179147478.000000,15.067486556782,-0.010532140572,0.357541770098,0.566126445833,0
640320,non_list1,control_candidate,316,316,1,,2016-01_to_2018-05,29,29,29,34025.344828,986735.000000,10338468.000000,10.434890351429,-0.030237411622,1.424602460809,0.095443057908,0
640340,non_list1,control_candidate,316,316,1,,2016-01_to_2018-05,29,29,29,27584805.689655,799959365.000000,1105542937.000000,17.132775696858,0.008107084788,0.185361868058,0.723589594060,0
640351,non_list1,control_candidate,316,316,1,,2016-01_to_2018-05,29,29,29,3541453.517241,102702152.000000,895641574.000000,15.080048081298,-0.004758870065,0.629944506437,0.114668808351,0
640359,non_list1,control_candidate,316,316,1,,2016-01_to_2018-05,29,29,29,8401711.793103,243649642.000000,1972535249.000000,15.943946146969,-0.010151611480,0.406321818679,0.123521058558,0
640391,non_list1,control_candidate,316,316,1,,2016-01_to_2018-05,29,29,29,163896188.517241,4752989467.000000,8653905559.000000,18.914743794617,-0.012082094972,0.472423969386,0.549230568163,0
640399,non_list1,control_candidate,316,316,1,,2016-01_to_2018-05,29,29,29,217352682.137931,6303227782.000000,12766494832.000000,19.197031860103,-0.010951234477,0.211667809201,0.493732059187,0
640411,non_list1,control_candidate,316,316,1,,2016-01_to_2018-05,29,29,29,111620732.655172,3237001247.000000,9133247546.000000,18.530617376096,-0.000411923441,0.191680371181,0.354419523909,0
640419,non_list1,control_candidate,316,316,1,,2016-01_to_2018-05,29,29,29,238366118.310345,6912617431.000000,9006126653.000000,19.289318366069,0.001391819536,0.244774594125,0.767546104706,0
640420,non_list1,control_candidate,316,316,1,,2016-01_to_2018-05,29,29,29,5017306.793103,145501897.000000,479804599.000000,15.428404051615,0.005974721128,0.454879111051,0.303252401714,0
640510,non_list1,control_candidate,316,316,1,,2016-01_to_2018-05,29,29,29,1238873.965517,35927345.000000,103183353.000000,14.029714239875,0.014449439214,0.434694693575,0.348189353761,0
640520,non_list1,control_candidate,316,316,1,,2016-01_to_2018-05,29,29,29,25195624.206897,730673102.000000,793796729.000000,17.042180934510,0.001165103382,0.484655455167,0.920478852213,0
640590,non_list1,control_candidate,316|322,,0,ambiguous_naics3_candidates,2016-01_to_2018-05,29,29,29,25212086.724138,731150515.000000,835239334.000000,17.042834109069,0.013151663740,0.447104510431,0.875378451705,0
640610,non_list1,control_candidate,314|316|326,,0,ambiguous_naics3_candidates,2016-01_to_2018-05,29,29,29,1681931.448276,48776012.000000,286144513.000000,14.335453957160,-0.007206711361,0.340036946509,0.170459365055,0
640620,non_list1,control_candidate,326,326,1,,2016-01_to_2018-05,29,29,29,2686007.103448,77894206.000000,106149275.000000,14.803566672981,-0.008057013991,0.237156602547,0.733817597906,0
640690,non_list1,control_candidate,314|315|316|321|326,,0,ambiguous_naics3_candidates,2016-01_to_2018-05,29,29,29,11090474.827586,321623770.000000,480814211.000000,16.221597264410,-0.000578914897,0.215681591238,0.668914858675,0
650610,non_list1,control_candidate,339,339,1,,2016-01_to_2018-05,29,29,29,23355861.344828,677319979.000000,1095631149.000000,16.966358574586,0.002338616250,0.100836508570,0.618200732626,0
660110,non_list1,control_candidate,339,339,1,,2016-01_to_2018-05,29,29,29,28209754.172414,818082871.000000,846498893.000000,17.155178404189,0.006850897824,0.936099635825,0.966431117353,0
660191,non_list1,control_candidate,339,339,1,,2016-01_to_2018-05,29,29,29,9365025.068966,271585727.000000,277252796.000000,16.052492677515,-0.002376014966,0.251581083002,0.979559921192,0
660199,non_list1,control_candidate,339,339,1,,2016-01_to_2018-05,29,29,29,4862058.482759,140999696.000000,150835225.000000,15.396972667999,-0.004026452386,0.194275878750,0.934792890719,0
660200,non_list1,control_candidate,316,316,1,,2016-01_to_2018-05,29,29,29,1784772.379310,51758399.000000,88294246.000000,14.394802006766,0.007798715839,0.262111770115,0.586203533580,0
660320,non_list1,control_candidate,332,332,1,,2016-01_to_2018-05,29,29,29,778060.586207,22563757.000000,27081435.000000,13.564560959677,-0.010226139052,0.458192569084,0.833181735015,0
660390,non_list1,control_candidate,326|339,,0,ambiguous_naics3_candidates,2016-01_to_2018-05,29,29,29,4584662.862069,132955223.000000,153801053.000000,15.338227348459,-0.000091096449,0.609276052423,0.864462371399,0
670210,non_list1,control_candidate,339,339,1,,2016-01_to_2018-05,29,29,29,21793036.551724,631998060.000000,652909312.000000,16.897101098386,0.021156118889,0.432534424199,0.967972195195,0
670290,non_list1,control_candidate,339,339,1,,2016-01_to_2018-05,29,29,29,31043434.517241,900259601.000000,930953318.000000,17.250897927478,0.009248982985,0.316492956422,0.967029800091,0
670300,non_list1,control_candidate,339,339,1,,2016-01_to_2018-05,29,29,29,2039598.172414,59148347.000000,113348398.000000,14.528263862404,0.001593058264,0.335750847045,0.521827816217,0
670411,non_list1,control_candidate,339,339,1,,2016-01_to_2018-05,29,29,29,6320946.275862,183307442.000000,517481836.000000,15.659379640313,0.000391364466,0.217095965572,0.354229712519,0
670419,non_list1,control_candidate,339,339,1,,2016-01_to_2018-05,29,29,29,20575874.724138,596700367.000000,1155121248.000000,16.839629866156,0.008758520768,0.193796351091,0.516569466654,0
670420,non_list1,control_candidate,339,339,1,,2016-01_to_2018-05,29,29,29,46244239.620690,1341082949.000000,1538820721.000000,17.649447487048,-0.000788056926,0.142416484118,0.871500448817,0
670490,non_list1,control_candidate,339,339,1,,2016-01_to_2018-05,29,29,29,4120211.413793,119486131.000000,210079749.000000,15.231415276743,-0.011330662607,0.314369329792,0.568765583398,0
691010,non_list1,control_candidate,327,327,1,,2016-01_to_2018-05,29,29,29,35323958.793103,1024394805.000000,1344286656.000000,17.380072039338,0.004501528039,0.129912496918,0.762035984236,0
691090,non_list1,control_candidate,327,327,1,,2016-01_to_2018-05,29,29,29,5071240.310345,147065969.000000,1278931673.000000,15.439096179988,0.010920994505,0.288244687119,0.114991263493,0
691110,non_list1,control_candidate,327,327,1,,2016-01_to_2018-05,29,29,29,18653031.482759,540937913.000000,920927126.000000,16.741519290448,0.006363708638,0.349953565288,0.587384058660,0
691190,non_list1,control_candidate,327,327,1,,2016-01_to_2018-05,29,29,29,517540.310345,15008669.000000,19849491.000000,13.156844627689,0.008998686497,0.322871331467,0.756123620500,0
691200,non_list1,control_candidate,327,327,1,,2016-01_to_2018-05,29,29,29,57423948.413793,1665294504.000000,2135934181.000000,17.865972011445,0.005069919930,0.279442303410,0.779656282864,0
691310,non_list1,control_candidate,327,327,1,,2016-01_to_2018-05,29,29,29,3524892.068966,102221870.000000,166152965.000000,15.075360658723,-0.001970831736,0.259927515642,0.615227480292,0
691390,non_list1,control_candidate,327,327,1,,2016-01_to_2018-05,29,29,29,15968647.724138,463090784.000000,787355072.000000,16.586137903220,0.006343818914,0.265866528671,0.588160031565,0
701310,non_list1,control_candidate,327,327,1,,2016-01_to_2018-05,29,29,29,106435.931034,3086642.000000,8974962.000000,11.575307891854,-0.014339165947,0.668471663485,0.343916999314,0
701322,non_list1,control_candidate,327,327,1,,2016-01_to_2018-05,29,28,28,69073.517241,2003132.000000,34075642.000000,11.142941160862,-0.124054692443,2.204808647178,0.058784864567,0
701328,non_list1,control_candidate,327,327,1,,2016-01_to_2018-05,29,29,29,2353407.068966,68248805.000000,269678708.000000,14.671375077648,0.010559803035,0.384118847648,0.253074503012,0
701333,non_list1,control_candidate,327,327,1,,2016-01_to_2018-05,29,29,29,55405.103448,1606748.000000,21276322.000000,10.922445037214,0.013945699278,1.007565967140,0.075518127616,0
701337,non_list1,control_candidate,327,327,1,,2016-01_to_2018-05,29,29,29,5601841.344828,162453399.000000,399163932.000000,15.538606091748,0.013550009392,0.299355681086,0.406984163589,0
701341,non_list1,control_candidate,327,327,1,,2016-01_to_2018-05,29,29,29,139643.724138,4049668.000000,36411273.000000,11.846856791483,-0.011453511201,0.545338972226,0.111220170742,0
701342,non_list1,control_candidate,327,327,1,,2016-01_to_2018-05,29,29,29,1290897.206897,37436019.000000,55672155.000000,14.070848818460,0.023970577408,0.316517878299,0.672437037869,0
701349,non_list1,control_candidate,327,327,1,,2016-01_to_2018-05,29,29,29,10276037.103448,298005076.000000,465011529.000000,16.145325345209,-0.001247254871,0.156134952091,0.640855242107,0
701391,non_list1,control_candidate,327,327,1,,2016-01_to_2018-05,29,29,29,318559.931034,9238238.000000,82773829.000000,12.671569041928,-0.001628407007,0.499109160914,0.111608199253,0
701399,non_list1,control_candidate,327,327,1,,2016-01_to_2018-05,29,29,29,23735068.379310,688316983.000000,947427562.000000,16.982464233044,0.006126305581,0.181056110780,0.726511461781,0
701590,non_list1,control_candidate,327,327,1,,2016-01_to_2018-05,29,29,29,78938.793103,2289225.000000,9908182.000000,11.276440728279,0.000218757664,0.310279420415,0.231043898871,0
710110,non_list1,control_candidate,339,339,1,,2016-01_to_2018-05,29,29,29,95212.620690,2761166.000000,60453190.000000,11.463878285016,0.019319674045,1.149557240147,0.045674446626,0
710121,non_list1,control_candidate,114,114,1,,2016-01_to_2018-05,29,29,29,436272.620690,12651906.000000,50478728.000000,12.986024895880,0.068690129820,1.147362948170,0.250638367908,0
710122,non_list1,control_candidate,339,339,1,,2016-01_to_2018-05,29,29,29,2011210.586207,58325107.000000,245285234.000000,14.514247877644,-0.004082064064,0.332870795405,0.237784827276,0
710239,non_list1,control_candidate,339,339,1,,2016-01_to_2018-05,29,29,29,17490262.862069,507217623.000000,54953566896.000000,16.677154933334,0.003170700935,0.303272215530,0.009229930861,0
710391,non_list1,control_candidate,339,339,1,,2016-01_to_2018-05,29,28,28,200962.379310,5827909.000000,3717168361.000000,12.210877977956,0.080600559996,2.403105548318,0.001567835630,0
710410,non_list1,control_candidate,334,334,1,,2016-01_to_2018-05,29,29,29,53547.965517,1552891.000000,5801832.000000,10.888351757617,0.041827552945,0.673959918967,0.267655285434,0
710420,non_list1,control_candidate,339,339,1,,2016-01_to_2018-05,29,29,29,86363.137931,2504531.000000,5972516.000000,11.366327798384,0.049327863519,0.739264838378,0.419342702472,0
710490,non_list1,control_candidate,339,339,1,,2016-01_to_2018-05,29,29,29,2040960.827586,59187864.000000,381327541.000000,14.528931738818,0.045982014260,0.547693964500,0.155215287741,0
711311,non_list1,control_candidate,339,339,1,,2016-01_to_2018-05,29,29,29,18278597.034483,530079314.000000,2757010476.000000,16.721241427093,-0.325724036705,3.354115169623,0.192265977447,0
711319,non_list1,control_candidate,339,339,1,,2016-01_to_2018-05,29,29,29,67413470.689655,1954990650.000000,15388096533.000000,18.026355432611,-0.000534180993,0.321172477791,0.127045645042,0
711320,non_list1,control_candidate,339,339,1,,2016-01_to_2018-05,29,29,29,344594.758621,9993248.000000,57624396.000000,12.750127294877,-0.002108673816,0.415892408421,0.173420438107,0
711610,non_list1,control_candidate,339,339,1,,2016-01_to_2018-05,29,29,29,1368112.482759,39675262.000000,51342133.000000,14.128943328957,-0.000254126373,0.380036291530,0.772762245776,0
711620,non_list1,control_candidate,339,339,1,,2016-01_to_2018-05,29,29,29,21639864.758621,627556078.000000,1067973908.000000,16.890047808532,-0.066816667438,0.723863646908,0.587613679790,0
711711,non_list1,control_candidate,339,339,1,,2016-01_to_2018-05,29,29,29,362982.310345,10526487.000000,17310195.000000,12.802112135179,0.000195421001,0.339991632088,0.608109094092,0
711719,non_list1,control_candidate,339,339,1,,2016-01_to_2018-05,29,29,29,50417063.137931,1462094831.000000,1971751316.000000,17.735840249904,-0.011625218614,0.149210703282,0.741520910439,0
711790,non_list1,control_candidate,339,339,1,,2016-01_to_2018-05,29,29,29,28492044.034483,826269277.000000,1195639364.000000,17.165135484680,-0.005677765635,0.174274434151,0.691068981064,0
711810,non_list1,control_candidate,339,339,1,,2016-01_to_2018-05,29,29,29,229717.896552,6661819.000000,37832960.000000,12.344611651518,0.012942420882,0.529410179658,0.176085059165,0
711890,non_list1,control_candidate,339,339,1,,2016-01_to_2018-05,29,29,29,3580007.068966,103820205.000000,3305332260.000000,15.090875612275,-0.017382482082,1.264152256878,0.031409914899,0
731816,non_list1,control_candidate,332,332,1,,2016-01_to_2018-05,29,29,29,19237973.517241,557901232.000000,2523781123.000000,16.772396723088,0.019215564573,0.212205154679,0.221057692728,0
731940,non_list1,control_candidate,339,339,1,,2016-01_to_2018-05,29,29,29,1116252.379310,32371319.000000,55724018.000000,13.925488438546,-0.002725636501,0.271131708090,0.580922197678,0
731990,non_list1,control_candidate,339,339,1,,2016-01_to_2018-05,29,29,29,584402.965517,16947686.000000,38688125.000000,13.278347744457,0.011893954902,0.395617957895,0.438059120208,0
732020,non_list1,control_candidate,332,332,1,,2016-01_to_2018-05,29,29,29,1974699.000000,57266271.000000,752555889.000000,14.495927046045,0.001074072868,0.163988952820,0.076095705099,0
732112,non_list1,control_candidate,335,335,1,,2016-01_to_2018-05,29,29,29,291969.241379,8467108.000000,10743218.000000,12.584407162972,0.044675756962,0.465731749047,0.788135175140,0
732119,non_list1,control_candidate,335,335,1,,2016-01_to_2018-05,29,29,29,31066273.724138,900921938.000000,932856883.000000,17.251633374732,0.018049194120,0.401262624283,0.965766511903,0
732181,non_list1,control_candidate,333,333,1,,2016-01_to_2018-05,29,29,29,12826853.689655,371978757.000000,540856321.000000,16.367051553743,-0.002472249951,0.399990059443,0.687758915921,0
732182,non_list1,control_candidate,333,333,1,,2016-01_to_2018-05,29,29,29,2566959.172414,74441816.000000,100759490.000000,14.758232944507,-0.014074237843,0.504175568465,0.738806994756,0
732189,non_list1,control_candidate,333,333,1,,2016-01_to_2018-05,29,29,29,9000470.620690,261013648.000000,366619039.000000,16.012787536226,-0.001705235998,0.223581588823,0.711947881136,0
732391,non_list1,control_candidate,331|332,,0,ambiguous_naics3_candidates,2016-01_to_2018-05,29,29,29,3820042.896552,110781244.000000,121091498.000000,15.155772471761,0.012085935441,0.277674175833,0.914855673848,0
732392,non_list1,control_candidate,331,331,1,,2016-01_to_2018-05,29,29,29,5268446.103448,152784937.000000,361985872.000000,15.477246209817,0.000211064251,0.384093810520,0.422074309574,0
732393,non_list1,control_candidate,332,332,1,,2016-01_to_2018-05,29,29,29,99800522.000000,2894215138.000000,3655585014.000000,18.418683981749,0.006722908364,0.256708916268,0.791724204721,0
732394,non_list1,control_candidate,332,332,1,,2016-01_to_2018-05,29,29,29,2796681.344828,81103759.000000,183983756.000000,14.843944395777,-0.006619470976,0.261298625147,0.440820215672,0
732429,non_list1,control_candidate,332,332,1,,2016-01_to_2018-05,29,29,29,328237.172414,9518878.000000,21691141.000000,12.701494759265,0.009321302712,0.490318474692,0.438837127102,0
741810,non_list1,control_candidate,332|335|339,,0,ambiguous_naics3_candidates,2016-01_to_2018-05,29,29,29,1228828.000000,35636012.000000,121171653.000000,14.021572241357,0.016241946245,0.489418192670,0.294095286461,0
761010,non_list1,control_candidate,332,332,1,,2016-01_to_2018-05,29,29,29,9745579.068966,282621793.000000,1392901058.000000,16.092324413931,-0.001230321932,0.122546239781,0.202901556702,0
761510,non_list1,control_candidate,332,332,1,,2016-01_to_2018-05,29,29,29,54251134.827586,1573282910.000000,2537533563.000000,17.809134487080,0.004593530903,0.232091295315,0.620004768780,0
790120,non_list1,control_candidate,331,331,1,,2016-01_to_2018-05,29,29,29,25329.206897,734547.000000,47415368.000000,10.139752911006,0.013590672726,1.019450057646,0.015491749426,0
810110,non_list1,control_candidate,331,331,1,,2016-01_to_2018-05,29,29,29,1753500.827586,50851524.000000,113633491.000000,14.377125390812,0.026981219268,0.623752875796,0.447504723761,0
810194,non_list1,control_candidate,331,331,1,,2016-01_to_2018-05,29,28,28,728275.034483,21119976.000000,22852497.000000,13.498435423558,-0.074632589104,2.786799189582,0.924186796743,0
810197,non_list1,control_candidate,910,910,1,,2016-01_to_2018-05,29,28,28,779517.793103,22606016.000000,90231532.000000,13.566432076366,-0.047455612928,2.605724132771,0.250533438798,0
810199,non_list1,control_candidate,331,331,1,,2016-01_to_2018-05,29,29,29,2222137.620690,64441991.000000,101989113.000000,14.613980632785,0.021965230136,0.359676647599,0.631851666364,0
810210,non_list1,control_candidate,331,331,1,,2016-01_to_2018-05,29,28,28,123326.413793,3576466.000000,20772853.000000,11.722597998528,0.049808963506,2.372292785286,0.172170187696,0
810294,non_list1,control_candidate,331,331,1,,2016-01_to_2018-05,29,29,29,1105566.241379,32061421.000000,50824258.000000,13.915869101835,0.006679978343,0.716344781422,0.630829101332,0
810295,non_list1,control_candidate,331,331,1,,2016-01_to_2018-05,29,29,29,196551.586207,5699996.000000,29372989.000000,12.188685288774,-0.016631353023,0.608105195714,0.194055701992,0
810297,non_list1,control_candidate,910,910,1,,2016-01_to_2018-05,29,28,28,603610.034483,17504691.000000,58679292.000000,13.310685286827,0.085925602732,2.668246432054,0.298311216843,0
810299,non_list1,control_candidate,331,331,1,,2016-01_to_2018-05,29,29,29,120005.172414,3480150.000000,7980767.000000,11.695298457223,-0.005561790140,0.538391860992,0.436067109840,0
810320,non_list1,control_candidate,331,331,1,,2016-01_to_2018-05,29,29,29,3305130.517241,95848785.000000,296399767.000000,15.010986823893,0.013543738745,0.408397542377,0.323376721818,0
810330,non_list1,control_candidate,910,910,1,,2016-01_to_2018-05,29,29,29,842119.793103,24421474.000000,118926581.000000,13.643678742678,0.012233946676,0.771292977507,0.205349164120,0
810390,non_list1,control_candidate,331,331,1,,2016-01_to_2018-05,29,29,29,1500651.517241,43518894.000000,66833769.000000,14.221410582977,0.039321009603,0.580484744499,0.651151276535,0
811010,non_list1,control_candidate,331,331,1,,2016-01_to_2018-05,29,29,29,2168863.000000,62897027.000000,107030896.000000,14.589714086137,0.010220955570,0.453996028166,0.587652998813,0
811100,non_list1,control_candidate,331|910,,0,ambiguous_naics3_candidates,2016-01_to_2018-05,29,29,29,2290548.344828,66425902.000000,134139600.000000,14.644302235333,0.023380580667,0.527322785333,0.495199791859,0
811221,non_list1,control_candidate,331,331,1,,2016-01_to_2018-05,29,29,29,1260167.965517,36544871.000000,152732727.000000,14.046756369554,0.013598146668,0.448663484752,0.239273348403,0
821110,non_list1,control_candidate,332,332,1,,2016-01_to_2018-05,29,29,29,4926160.965517,142858668.000000,152060318.000000,15.410070736845,0.004512604942,0.441302890067,0.939486842320,0
821191,non_list1,control_candidate,332,332,1,,2016-01_to_2018-05,29,29,29,5600258.068966,162407484.000000,233120688.000000,15.538323416951,-0.003274622349,0.213882031902,0.696666972774,0
821192,non_list1,control_candidate,332,332,1,,2016-01_to_2018-05,29,29,29,12658170.655172,367086949.000000,678624094.000000,16.353813545228,0.001740062359,0.343655027290,0.540928257994,0
821210,non_list1,control_candidate,332,332,1,,2016-01_to_2018-05,29,29,29,3841840.172414,111413365.000000,1215419340.000000,15.161462281637,-0.018108823717,0.223470104929,0.091666605371,0
821220,non_list1,control_candidate,332,332,1,,2016-01_to_2018-05,29,29,29,3749184.379310,108726347.000000,404617213.000000,15.137049142164,-0.005647078468,0.211215151036,0.268714092003,0
821290,non_list1,control_candidate,332,332,1,,2016-01_to_2018-05,29,29,29,846905.206897,24560251.000000,38066279.000000,13.649345231843,0.111535337644,1.178251577339,0.645197052226,0
821300,non_list1,control_candidate,332,332,1,,2016-01_to_2018-05,29,29,29,8141665.827586,236108309.000000,307460551.000000,15.912505486990,0.001966648738,0.289649600505,0.767930416543,0
821410,non_list1,control_candidate,332,332,1,,2016-01_to_2018-05,29,29,29,1486343.310345,43103956.000000,51095611.000000,14.211830180210,-0.012425624207,0.465559763754,0.843594100480,0
821420,non_list1,control_candidate,332,332,1,,2016-01_to_2018-05,29,29,29,5564113.310345,161359286.000000,211620711.000000,15.531848376449,0.001840826617,0.208465733685,0.762492882845,0
821490,non_list1,control_candidate,332,332,1,,2016-01_to_2018-05,29,29,29,1392352.206897,40378214.000000,50807095.000000,14.146505828276,-0.006726143740,0.296241375611,0.794735735235,0
821510,non_list1,control_candidate,339,339,1,,2016-01_to_2018-05,29,29,29,197616.172414,5730869.000000,9126661.000000,12.194086965448,-0.027581842219,0.910718764918,0.627926138595,0
821591,non_list1,control_candidate,332,332,1,,2016-01_to_2018-05,29,29,29,162229.068966,4704643.000000,15102478.000000,11.996770785514,0.025660165359,0.629695938536,0.311514640180,0
830110,non_list1,control_candidate,332,332,1,,2016-01_to_2018-05,29,29,29,11318355.103448,328232298.000000,570735746.000000,16.241936399650,0.000428607303,0.153305761431,0.575103802943,0
830130,non_list1,control_candidate,332,332,1,,2016-01_to_2018-05,29,29,29,1069486.241379,31015101.000000,68818856.000000,13.882689877914,0.001927472088,0.246935136756,0.450677369586,0
830140,non_list1,control_candidate,332,332,1,,2016-01_to_2018-05,29,29,29,21784649.862069,631754846.000000,2119785343.000000,16.896716190876,0.011000964208,0.170945614387,0.298027745161,0
830150,non_list1,control_candidate,332,332,1,,2016-01_to_2018-05,29,29,29,153157.068966,4441555.000000,8126275.000000,11.939225797556,0.000483390522,0.442108739346,0.546567154077,0
830160,non_list1,control_candidate,332,332,1,,2016-01_to_2018-05,29,29,29,12786056.827586,370795648.000000,934956083.000000,16.363865903025,0.011211382121,0.188906391313,0.396591513486,0
830170,non_list1,control_candidate,332,332,1,,2016-01_to_2018-05,29,29,29,1134477.241379,32899840.000000,174422461.000000,13.941683403978,0.023260124637,0.274398804125,0.188621578961,0
830242,non_list1,control_candidate,332|333,,0,ambiguous_naics3_candidates,2016-01_to_2018-05,29,29,29,29097234.965517,843819814.000000,1740113268.000000,17.186153743628,0.005297200943,0.153082344443,0.484922349319,0
830400,non_list1,control_candidate,332,332,1,,2016-01_to_2018-05,29,29,29,3760620.758621,109058002.000000,121237500.000000,15.140094863031,0.009343024638,0.298705088932,0.899540175276,0
830510,non_list1,control_candidate,323,323,1,,2016-01_to_2018-05,29,29,29,2239359.586207,64941428.000000,79135125.000000,14.621700930496,-0.038179566996,0.490203311063,0.820639734884,0
830520,non_list1,control_candidate,331,331,1,,2016-01_to_2018-05,29,29,29,6074451.620690,176159097.000000,249248289.000000,15.619602439541,0.008152595685,0.174955733231,0.706761509605,0
830590,non_list1,control_candidate,332,332,1,,2016-01_to_2018-05,29,29,29,2437371.689655,70683779.000000,77598011.000000,14.706431250605,-0.008400887924,0.315231195636,0.910896788321,0
830610,non_list1,control_candidate,332,332,1,,2016-01_to_2018-05,29,29,29,3931801.517241,114022244.000000,132985539.000000,15.184608534482,-0.000909863329,0.407658294076,0.857403330147,0
830621,non_list1,control_candidate,339,339,1,,2016-01_to_2018-05,29,29,29,233635.000000,6775415.000000,12678868.000000,12.361519627652,-0.004462887270,0.346798425398,0.534386429451,0
830629,non_list1,control_candidate,339,339,1,,2016-01_to_2018-05,29,29,29,42256941.137931,1225451293.000000,1527916456.000000,17.559279209227,0.003717096042,0.229038180514,0.802040771397,0
840290,pure_list1,treated_candidate,332,332,1,,2016-01_to_2018-05,29,29,29,6189324.586207,179490413.000000,461468995.000000,15.638336686578,-0.020471444286,1.308732910301,0.388954436690,0
840310,non_list1,control_candidate,333,333,1,,2016-01_to_2018-05,29,27,27,292996.862069,8496909.000000,566485202.000000,12.587920591280,-0.122961873457,3.308327595941,0.014999348562,0
840390,non_list1,control_candidate,333,333,1,,2016-01_to_2018-05,29,29,29,1169950.344828,33928560.000000,212390155.000000,13.972472720292,0.011787506626,0.465997798821,0.159746387491,0
840490,pure_list1,treated_candidate,332,332,1,,2016-01_to_2018-05,29,29,29,874511.172414,25360824.000000,111607310.000000,13.681421492628,0.024056896771,1.108804177944,0.227232642736,0
840510,pure_list1,treated_candidate,335,335,1,,2016-01_to_2018-05,29,29,29,127376.655172,3693923.000000,85588693.000000,11.754911615626,0.093747033045,1.469144637014,0.043159006996,0
840590,pure_list1,treated_candidate,335,335,1,,2016-01_to_2018-05,29,28,28,254802.620690,7389276.000000,25964346.000000,12.448248412507,0.111583373800,2.709099190521,0.284593187905,0
840721,pure_list1,treated_candidate,333,333,1,,2016-01_to_2018-05,29,29,29,10631698.896552,308319268.000000,2365286001.000000,16.179350652543,0.005682850874,0.277690689110,0.130351791652,0
840729,pure_list1,treated_candidate,333,333,1,,2016-01_to_2018-05,29,29,29,1096345.482759,31794019.000000,186567387.000000,13.907493830434,0.009876865879,0.484252781495,0.170415738309,0
840890,pure_list1,treated_candidate,333,333,1,,2016-01_to_2018-05,29,29,29,8815057.689655,255636673.000000,5634820809.000000,15.991972031722,0.027735763229,0.326215255232,0.045367311875,0
840910,pure_list1,treated_candidate,336,336,1,,2016-01_to_2018-05,29,29,29,77196.172414,2238689.000000,166273758.000000,11.254118108578,-0.014679623419,0.873767802204,0.013463874438,0
841090,pure_list1,treated_candidate,333,333,1,,2016-01_to_2018-05,29,29,29,1524706.068966,44216476.000000,122241251.000000,14.237312863649,0.022382875745,1.887332673760,0.361714851887,0
841191,pure_list1,treated_candidate,333|336,,0,ambiguous_naics3_candidates,2016-01_to_2018-05,29,29,29,27273478.862069,790930887.000000,30628271873.000000,17.121425354384,0.001223623252,0.148835100334,0.025823555775,0
841199,pure_list1,treated_candidate,333|336,,0,ambiguous_naics3_candidates,2016-01_to_2018-05,29,29,29,17738741.448276,514423502.000000,6968500726.000000,16.691261644412,-0.024392823148,0.268426560674,0.073821259727,0
841221,pure_list1,treated_candidate,333,333,1,,2016-01_to_2018-05,29,29,29,13074170.241379,379150937.000000,2895909107.000000,16.386149180926,0.020085024809,0.203439457695,0.130926394093,0
841229,pure_list1,treated_candidate,333,333,1,,2016-01_to_2018-05,29,29,29,3871685.137931,112278869.000000,1711868390.000000,15.169200664674,0.027812094444,0.365103509759,0.065588493634,0
841231,pure_list1,treated_candidate,333,333,1,,2016-01_to_2018-05,29,29,29,2582405.206897,74889751.000000,714439014.000000,14.764232160593,0.011427560735,0.177892935280,0.104823154297,0
841239,pure_list1,treated_candidate,333,333,1,,2016-01_to_2018-05,29,29,29,1596086.965517,46286522.000000,309869322.000000,14.283066171712,0.025711959448,0.275761303478,0.149374328834,0
841280,pure_list1,treated_candidate,333|335,,0,ambiguous_naics3_candidates,2016-01_to_2018-05,29,29,29,907051.103448,26304482.000000,278502799.000000,13.717955173366,0.007881796100,0.300569317980,0.094449614490,0
841319,pure_list1,treated_candidate,333,333,1,,2016-01_to_2018-05,29,29,29,1737046.586207,50374351.000000,498669238.000000,14.367697440477,0.014983660763,0.284767590186,0.101017562667,0
841350,pure_list1,treated_candidate,333,333,1,,2016-01_to_2018-05,29,29,29,17050559.482759,494466225.000000,3528952992.000000,16.651693634043,0.012399599685,0.218532270511,0.140116976939,0
841360,pure_list1,treated_candidate,333,333,1,,2016-01_to_2018-05,29,29,29,13244862.172414,384101003.000000,2831329844.000000,16.399120350126,0.011547326043,0.197698157178,0.135660987650,0
841370,pure_list1,treated_candidate,333,333,1,,2016-01_to_2018-05,29,29,29,29332978.793103,850656385.000000,3144115912.000000,17.194223031194,0.009046473121,0.222305000882,0.270555033214,0
841381,pure_list1,treated_candidate,333,333,1,,2016-01_to_2018-05,29,29,29,10704481.517241,310429964.000000,1119790692.000000,16.186173138552,0.007703887188,0.217508402653,0.277221418447,0
841382,pure_list1,treated_candidate,333,333,1,,2016-01_to_2018-05,29,27,27,58680.206897,1701726.000000,18936185.000000,10.979874799471,-0.045257207675,2.905028256261,0.089866359037,0
841391,pure_list1,treated_candidate,333|336,,0,ambiguous_naics3_candidates,2016-01_to_2018-05,29,29,29,63758625.931034,1849000152.000000,6490834016.000000,17.970615057256,0.014543249924,0.154587578577,0.284863262170,0
841430,pure_list1,treated_candidate,333|336,,0,ambiguous_naics3_candidates,2016-01_to_2018-05,29,29,29,30230064.137931,876671860.000000,5238574698.000000,17.224347521498,-0.005547944118,0.296788163014,0.167349309791,0
841451,non_list1,control_candidate,335,335,1,,2016-01_to_2018-05,29,29,29,115169104.206897,3339904022.000000,3530834803.000000,18.561912086290,0.003322633286,0.336157786988,0.945924748210,0
841590,non_list1,control_candidate,333|335|336,,0,ambiguous_naics3_candidates,2016-01_to_2018-05,29,29,29,66305904.655172,1922871235.000000,9873445457.000000,18.009789525928,0.011368541261,0.205921875349,0.194751795954,0
841620,non_list1,control_candidate,333,333,1,,2016-01_to_2018-05,29,29,29,397977.655172,11541352.000000,124695693.000000,12.894153652608,-0.005007444277,1.054334301366,0.092556139850,0
841690,pure_list1,treated_candidate,333,333,1,,2016-01_to_2018-05,29,29,29,2393467.586207,69410560.000000,264187603.000000,14.688254163102,-0.016703823977,0.284314423893,0.262732085881,0
841710,pure_list1,treated_candidate,333,333,1,,2016-01_to_2018-05,29,26,26,573801.344828,16640239.000000,176546147.000000,13.260040269010,-0.049967844287,4.050720985816,0.094254331135,0
841780,pure_list1,treated_candidate,333,333,1,,2016-01_to_2018-05,29,29,29,538700.827586,15622324.000000,86533726.000000,13.196917501249,0.012178225246,1.343990088823,0.180534512058,0
841790,pure_list1,treated_candidate,333,333,1,,2016-01_to_2018-05,29,29,29,1476211.551724,42810135.000000,385248034.000000,14.204990279008,-0.042062666748,1.003535704876,0.111123565137,0
841869,pure_list1,treated_candidate,333,333,1,,2016-01_to_2018-05,29,29,29,36670811.000000,1063453519.000000,4131196831.000000,17.417491683244,0.001086403200,0.119806923676,0.257420201095,0
841911,pure_list1,treated_candidate,335,335,1,,2016-01_to_2018-05,29,29,29,622899.344828,18064081.000000,931142309.000000,13.342141824826,0.015172463870,0.466675670838,0.019399914305,0
841919,pure_list1,treated_candidate,335,335,1,,2016-01_to_2018-05,29,29,29,415523.344828,12050177.000000,922883617.000000,12.937296483204,0.009446018140,0.387924374863,0.013057092767,0
841920,non_list1,control_candidate,339,339,1,,2016-01_to_2018-05,29,24,24,44329.827586,1285565.000000,441749764.000000,10.699435596327,0.249641998503,4.125813852797,0.002910165675,0
841932,pure_list1,treated_candidate,333,333,1,,2016-01_to_2018-05,29,29,29,84737.034483,2457374.000000,51694446.000000,11.347319829231,0.016750024378,1.423087494503,0.047536518720,0
841939,pure_list1,treated_candidate,333,333,1,,2016-01_to_2018-05,29,29,29,2197952.068966,63740610.000000,458592354.000000,14.603037062019,0.030924797917,0.667088871503,0.138991872507,0
841940,pure_list1,treated_candidate,333,333,1,,2016-01_to_2018-05,29,29,29,981072.344828,28451098.000000,338107316.000000,13.796402501122,0.039039667878,1.110225279557,0.084148128874,0
841950,pure_list1,treated_candidate,332,332,1,,2016-01_to_2018-05,29,29,29,15039096.241379,436133791.000000,2987912036.000000,16.526163850840,0.021840273535,0.439770853453,0.145966074551,0
841981,non_list1,control_candidate,333,333,1,,2016-01_to_2018-05,29,29,29,13846606.724138,401551595.000000,2111782619.000000,16.443550830932,0.008764350675,0.171112487081,0.190148167424,0
841990,pure_list1,treated_candidate,332|333|335|339,,0,ambiguous_naics3_candidates,2016-01_to_2018-05,29,29,29,13885538.034483,402680603.000000,2264051487.000000,16.446358499322,0.001599770313,0.221465189793,0.177858412369,0
842091,pure_list1,treated_candidate,333,333,1,,2016-01_to_2018-05,29,28,28,40553.931034,1176064.000000,77887120.000000,10.610412655960,-0.044148667986,2.148501777728,0.015099595414,0
842112,non_list1,control_candidate,335,335,1,,2016-01_to_2018-05,29,24,24,32744.482759,949590.000000,4259794.000000,10.396520300516,0.116826923386,3.948846441543,0.222919230367,0
842119,pure_list1,treated_candidate,333,333,1,,2016-01_to_2018-05,29,29,29,1522131.724138,44141820.000000,580783864.000000,14.235623017372,0.026140466230,0.467461596548,0.076003867766,0
842121,pure_list1,treated_candidate,333,333,1,,2016-01_to_2018-05,29,29,29,27376680.344828,793923730.000000,2738151540.000000,17.125202163204,0.010874881182,0.173547232684,0.289948791512,0
842122,pure_list1,treated_candidate,333,333,1,,2016-01_to_2018-05,29,29,29,161765.862069,4691210.000000,149864826.000000,11.993911454651,0.015831875230,0.814145779276,0.031302942293,0
842129,pure_list1,treated_candidate,333,333,1,,2016-01_to_2018-05,29,29,29,7752446.620690,224820952.000000,2379109157.000000,15.863519173493,0.006936553837,0.209679592281,0.094497955816,0
842139,pure_list1,treated_candidate,333|336,,0,ambiguous_naics3_candidates,2016-01_to_2018-05,29,29,29,24848220.275862,720598388.000000,7122799798.000000,17.028296729509,0.017365548939,0.207204610033,0.101167856522,0
842199,pure_list1,treated_candidate,333,333,1,,2016-01_to_2018-05,29,29,29,23880117.172414,692523398.000000,3353482560.000000,16.988556795070,0.008852879290,0.156599082135,0.206508722085,0
842211,non_list1,control_candidate,335,335,1,,2016-01_to_2018-05,29,29,29,10270365.896552,297840611.000000,914702275.000000,16.144773306345,0.022756626352,0.362910269371,0.325614813847,0
842219,pure_list1,treated_candidate,333,333,1,,2016-01_to_2018-05,29,29,29,136492.586207,3958285.000000,168919942.000000,11.824032905008,0.024502682489,0.799807228709,0.023432905275,0
842220,pure_list1,treated_candidate,333,333,1,,2016-01_to_2018-05,29,29,29,216079.413793,6266303.000000,150585569.000000,12.283405903464,0.040631368171,1.269650861458,0.041612905152,0
842230,pure_list1,treated_candidate,333,333,1,,2016-01_to_2018-05,29,29,29,10825946.310345,313952443.000000,2813908551.000000,16.197456339372,0.010803701010,0.269271968768,0.111571658179,0
842240,pure_list1,treated_candidate,333,333,1,,2016-01_to_2018-05,29,29,29,2748518.137931,79707026.000000,2247141830.000000,14.826572829304,0.019074714357,0.301730225612,0.035470402863,0
842310,non_list1,control_candidate,333,333,1,,2016-01_to_2018-05,29,29,29,13476113.206897,390807283.000000,411188368.000000,16.416429358309,-0.001109078762,0.201382460366,0.950433702444,0
842330,pure_list1,treated_candidate,333,333,1,,2016-01_to_2018-05,29,29,29,744356.413793,21586336.000000,243554858.000000,13.520276593346,0.006333218695,0.348220994017,0.088630283039,0
842382,pure_list1,treated_candidate,333,333,1,,2016-01_to_2018-05,29,29,29,2366339.310345,68623840.000000,412843679.000000,14.676855146797,-0.010647022466,0.181535643855,0.166222334241,0
842410,non_list1,control_candidate,339,339,1,,2016-01_to_2018-05,29,29,29,388994.172414,11280831.000000,310958108.000000,12.871322212276,0.041154650738,0.883363371410,0.036277655124,0
842511,pure_list1,treated_candidate,333,333,1,,2016-01_to_2018-05,29,29,29,1880468.586207,54533589.000000,295622482.000000,14.447032083514,-0.022790511289,0.306415526703,0.184470371235,0
842539,pure_list1,treated_candidate,333,333,1,,2016-01_to_2018-05,29,29,29,2794461.310345,81039378.000000,324008697.000000,14.843150270517,0.010569574215,0.211423207865,0.250114823307,0
842619,non_list1,control_candidate,333,333,1,,2016-01_to_2018-05,29,29,29,7145286.137931,207213298.000000,705046492.000000,15.781963555793,0.026643680249,1.906812616157,0.293900190060,0
842699,pure_list1,treated_candidate,333,333,1,,2016-01_to_2018-05,29,27,27,1360525.724138,39455246.000000,138710824.000000,14.123382479892,0.137338699747,3.493602849285,0.284442445530,0
842710,pure_list1,treated_candidate,333,333,1,,2016-01_to_2018-05,29,29,29,7007222.586207,203209455.000000,1972586520.000000,15.762452115821,0.012783651837,0.248192190992,0.103016751326,0
842720,pure_list1,treated_candidate,333,333,1,,2016-01_to_2018-05,29,29,29,11723141.862069,339971114.000000,3829288674.000000,16.277075468457,0.014908079527,0.263050242452,0.088781792898,0
842810,non_list1,control_candidate,333,333,1,,2016-01_to_2018-05,29,29,29,346792.310345,10056977.000000,398951904.000000,12.756484234039,0.034598204222,0.743811415142,0.025208494806,0
842820,pure_list1,treated_candidate,333,333,1,,2016-01_to_2018-05,29,29,29,492450.241379,14281057.000000,312576241.000000,13.107150732418,0.005618775710,1.165250885761,0.045688235786,0
842832,pure_list1,treated_candidate,333,333,1,,2016-01_to_2018-05,29,29,29,115265.344828,3342695.000000,23738676.000000,11.655000771433,-0.041047187379,0.867339420555,0.140812191885,0
842833,pure_list1,treated_candidate,333,333,1,,2016-01_to_2018-05,29,29,29,1178377.034483,34172934.000000,1056958267.000000,13.979649503837,0.067151124160,0.911066641727,0.032331393837,0
842839,pure_list1,treated_candidate,333,333,1,,2016-01_to_2018-05,29,29,29,3922903.620690,113764205.000000,1832226467.000000,15.182342912046,0.036039524214,0.662297135210,0.062090689688,0
842890,pure_list1,treated_candidate,333,333,1,,2016-01_to_2018-05,29,29,29,14462807.137931,419421407.000000,6267342916.000000,16.487090956251,0.009165528518,0.180483067203,0.066921726260,0
842911,pure_list1,treated_candidate,333|930,,0,ambiguous_naics3_candidates,2016-01_to_2018-05,29,24,24,304456.241379,8829231.000000,650755425.000000,12.626285933872,0.023588698311,4.761823214296,0.013567664073,0
842940,pure_list1,treated_candidate,333|930,,0,ambiguous_naics3_candidates,2016-01_to_2018-05,29,29,29,3937706.068966,114193476.000000,870411748.000000,15.186109149677,0.016694936039,0.362042289661,0.131194777945,0
842951,pure_list1,treated_candidate,333|930,,0,ambiguous_naics3_candidates,2016-01_to_2018-05,29,29,29,4716514.689655,136778926.000000,3954698296.000000,15.366580883613,0.081984966520,1.000156188103,0.034586437640,0
842952,pure_list1,treated_candidate,333|930,,0,ambiguous_naics3_candidates,2016-01_to_2018-05,29,29,29,7394373.413793,214436829.000000,7115078684.000000,15.816230054713,0.063008875891,0.693453324477,0.030138363681,0
842959,pure_list1,treated_candidate,333|930,,0,ambiguous_naics3_candidates,2016-01_to_2018-05,29,29,29,353404.965517,10248744.000000,625560738.000000,12.775372719080,-0.004067853619,0.953788427167,0.016383291625,0
843010,pure_list1,treated_candidate,333,333,1,,2016-01_to_2018-05,29,29,29,487082.482759,14125392.000000,123133231.000000,13.096190809876,-0.016907625626,0.808664943734,0.114716327065,0
843020,non_list1,control_candidate,333,333,1,,2016-01_to_2018-05,29,29,29,3535570.862069,102531555.000000,312948875.000000,15.078385615677,0.002641846364,2.508423884564,0.327630367740,0
843039,pure_list1,treated_candidate,333,333,1,,2016-01_to_2018-05,29,25,25,161803.344828,4692297.000000,233113719.000000,11.994143136321,0.147443385813,4.217326843670,0.020128789589,0
843061,pure_list1,treated_candidate,333,333,1,,2016-01_to_2018-05,29,29,29,213303.862069,6185812.000000,63436497.000000,12.270477698710,0.057362428782,0.617242807480,0.097511878690,0
843069,pure_list1,treated_candidate,333,333,1,,2016-01_to_2018-05,29,29,29,375504.965517,10889644.000000,240091295.000000,12.836029636924,0.031715322164,0.773673279433,0.045356263333,0
843110,pure_list1,treated_candidate,333,333,1,,2016-01_to_2018-05,29,29,29,7492943.103448,217295350.000000,785588767.000000,15.829472349483,0.006924298877,0.123775612745,0.276601905638,0
843120,pure_list1,treated_candidate,333,333,1,,2016-01_to_2018-05,29,29,29,25079393.586207,727302414.000000,2439112743.000000,17.037557134132,0.020518018545,0.205133112669,0.298183188164,0
843131,pure_list1,treated_candidate,333,333,1,,2016-01_to_2018-05,29,29,29,8244724.793103,239097019.000000,889027101.000000,15.925084256067,0.009724969581,0.205263827763,0.268942328902,0
843139,pure_list1,treated_candidate,333,333,1,,2016-01_to_2018-05,29,29,29,15685587.275862,454882031.000000,3662743450.000000,16.568252904537,0.020790093703,0.223399065108,0.124191616806,0
843141,pure_list1,treated_candidate,333,333,1,,2016-01_to_2018-05,29,29,29,5203800.586207,150910217.000000,645051432.000000,15.464899990718,0.037646909236,0.375341398270,0.233950673564,0
843142,pure_list1,treated_candidate,333,333,1,,2016-01_to_2018-05,29,29,29,238205.103448,6907948.000000,119999996.000000,12.380891558784,0.036865819877,0.619487460654,0.057566235252,0
843143,pure_list1,treated_candidate,333,333,1,,2016-01_to_2018-05,29,29,29,12206921.344828,354000719.000000,1901021839.000000,16.317513754104,0.060387776389,0.546438997182,0.186216019058,0
843149,pure_list1,treated_candidate,333,333,1,,2016-01_to_2018-05,29,29,29,52317695.655172,1517213174.000000,7352311327.000000,17.772845239969,0.021978436661,0.216519233138,0.206358668250,0
843210,pure_list1,treated_candidate,333,333,1,,2016-01_to_2018-05,29,28,28,88316.310345,2561173.000000,23775086.000000,11.388691407524,0.136254952457,2.358414096037,0.107725078260,0
843221,pure_list1,treated_candidate,333,333,1,,2016-01_to_2018-05,29,29,29,48409.551724,1403877.000000,57722479.000000,10.787473079773,-0.012453026097,0.768433002070,0.024321148785,0
843280,pure_list1,treated_candidate,333,333,1,,2016-01_to_2018-05,29,29,29,495685.172414,14374870.000000,186202303.000000,13.113698288550,0.026276699095,0.636504455137,0.077200280385,0
843290,pure_list1,treated_candidate,333,333,1,,2016-01_to_2018-05,29,29,29,4768649.862069,138290846.000000,637981731.000000,15.377573984718,0.006817655292,0.180613850475,0.216763018877,0
843311,non_list1,control_candidate,333,333,1,,2016-01_to_2018-05,29,29,29,16774667.068966,486465345.000000,1061740499.000000,16.635380453381,0.033191504129,0.699029834669,0.458177252783,0
843319,non_list1,control_candidate,333,333,1,,2016-01_to_2018-05,29,29,29,1834172.551724,53191004.000000,75022019.000000,14.422104557487,0.019565910307,0.582711188269,0.709005232184,0
843320,pure_list1,treated_candidate,333,333,1,,2016-01_to_2018-05,29,29,29,405261.172414,11752574.000000,437177763.000000,12.912289475948,0.012807364865,0.491500879875,0.026882826609,0
843351,pure_list1,treated_candidate,333,333,1,,2016-01_to_2018-05,29,29,29,1014358.448276,29416395.000000,269960842.000000,13.829767885797,0.003782729364,0.606189302636,0.108965414325,0
843490,pure_list1,treated_candidate,333,333,1,,2016-01_to_2018-05,29,29,29,633064.827586,18358880.000000,196011671.000000,13.358329688747,0.014938927477,0.500042233058,0.093662177902,0
843510,non_list1,control_candidate,333,333,1,,2016-01_to_2018-05,29,29,29,237579.758621,6889813.000000,60232132.000000,12.378262880955,0.006585691349,0.485234781910,0.114387666038,0
843590,non_list1,control_candidate,333,333,1,,2016-01_to_2018-05,29,29,29,110836.103448,3214247.000000,21082256.000000,11.615816865906,0.010313931875,1.012904000427,0.152462193799,0
843610,pure_list1,treated_candidate,333,333,1,,2016-01_to_2018-05,29,28,28,145989.551724,4233697.000000,138331596.000000,11.891297184378,0.041273146328,2.606152890114,0.030605422929,0
843621,pure_list1,treated_candidate,333,333,1,,2016-01_to_2018-05,29,29,29,226394.620690,6565444.000000,19162746.000000,12.330039281881,0.044386749896,0.680418381925,0.342614988478,0
843629,pure_list1,treated_candidate,333,333,1,,2016-01_to_2018-05,29,29,29,74444.172414,2158881.000000,308501735.000000,11.217818192676,0.049492382435,0.937581839141,0.006997954161,0
843680,pure_list1,treated_candidate,333,333,1,,2016-01_to_2018-05,29,29,29,2660128.758621,77143734.000000,972067689.000000,14.793885461004,0.018983470509,0.316874272487,0.079360454908,0
843691,pure_list1,treated_candidate,333,333,1,,2016-01_to_2018-05,29,29,29,573256.068966,16624426.000000,210649060.000000,13.259089532027,-0.011381392399,0.622683083370,0.078920010372,0
843699,pure_list1,treated_candidate,333,333,1,,2016-01_to_2018-05,29,29,29,3336019.517241,96744566.000000,505783353.000000,15.020289192694,0.016033340892,0.363973184062,0.191276690753,0
843710,pure_list1,treated_candidate,333,333,1,,2016-01_to_2018-05,29,29,29,340023.206897,9860673.000000,79419634.000000,12.736772090813,0.009335619748,1.079100755753,0.124159134251,0
843780,pure_list1,treated_candidate,333,333,1,,2016-01_to_2018-05,29,28,28,231791.655172,6721958.000000,66148538.000000,12.353598523331,-0.108877561676,2.723365800104,0.101619146896,0
843790,pure_list1,treated_candidate,333,333,1,,2016-01_to_2018-05,29,29,29,1168502.103448,33886561.000000,144990330.000000,13.971234088882,-0.013643594665,0.321508888390,0.233716007130,0
843810,non_list1,control_candidate,333,333,1,,2016-01_to_2018-05,29,29,29,964632.206897,27974334.000000,592210289.000000,13.779503211586,-0.001780382127,0.714004676870,0.047237163081,0
843820,non_list1,control_candidate,333,333,1,,2016-01_to_2018-05,29,29,29,146027.448276,4234796.000000,218288228.000000,11.891556732914,0.036088016897,0.994921954992,0.019400020051,0
843840,non_list1,control_candidate,333,333,1,,2016-01_to_2018-05,29,29,29,1777695.172414,51553160.000000,213015915.000000,14.390828798797,0.006873571046,0.285564322851,0.242015532032,0
843850,pure_list1,treated_candidate,333,333,1,,2016-01_to_2018-05,29,29,29,837197.827586,24278737.000000,446243253.000000,13.637816869154,0.027674640622,0.646892918090,0.054406955930,0
843860,pure_list1,treated_candidate,333,333,1,,2016-01_to_2018-05,29,29,29,163528.482759,4742326.000000,165456050.000000,12.004748575746,0.012453224600,0.678207751714,0.028662149254,0
843880,pure_list1,treated_candidate,333,333,1,,2016-01_to_2018-05,29,29,29,2784843.586207,80760464.000000,751607406.000000,14.839702625911,0.012738923488,0.268307937795,0.107450330259,0
843991,pure_list1,treated_candidate,333,333,1,,2016-01_to_2018-05,29,29,29,745662.551724,21624214.000000,231177427.000000,13.522029774403,0.030696973752,0.804986155512,0.093539470011,0
843999,pure_list1,treated_candidate,333,333,1,,2016-01_to_2018-05,29,29,29,1535349.862069,44525146.000000,609104043.000000,14.244269487522,0.017363974821,0.546068917855,0.073099409718,0
844010,non_list1,control_candidate,333,333,1,,2016-01_to_2018-05,29,29,29,388255.965517,11259423.000000,241287771.000000,12.869422681654,0.012857125903,0.458425622017,0.046663877549,0
844090,non_list1,control_candidate,333,333,1,,2016-01_to_2018-05,29,29,29,45915.586207,1331552.000000,82360459.000000,10.734581686046,0.034663803378,0.625695539822,0.016167369830,0
844130,pure_list1,treated_candidate,333,333,1,,2016-01_to_2018-05,29,29,29,1727542.793103,50098741.000000,605245543.000000,14.362211184869,0.042508421066,1.159336637216,0.082774241924,0
844140,pure_list1,treated_candidate,333,333,1,,2016-01_to_2018-05,29,26,26,220648.689655,6398812.000000,29935725.000000,12.304331608194,-0.104596964113,3.845004077334,0.213751696343,0
844180,pure_list1,treated_candidate,333,333,1,,2016-01_to_2018-05,29,29,29,816353.103448,23674240.000000,463881528.000000,13.612603490121,0.044788102714,0.754518991001,0.051035099634,0
844190,pure_list1,treated_candidate,333,333,1,,2016-01_to_2018-05,29,29,29,1923921.551724,55793725.000000,531531222.000000,14.469876655616,0.007733595909,0.264298946119,0.104967916635,0
844230,pure_list1,treated_candidate,333,333,1,,2016-01_to_2018-05,29,29,29,1098602.413793,31859470.000000,110619183.000000,13.909550307289,-0.025029453812,0.556664644246,0.288010353503,0
844240,pure_list1,treated_candidate,333,333,1,,2016-01_to_2018-05,29,29,29,654303.896552,18974813.000000,64280971.000000,13.391328724479,0.016532345187,0.378601332612,0.295185537879,0
844331,non_list1,control_candidate,334,334,1,,2016-01_to_2018-05,29,29,29,195770691.793103,5677350062.000000,10716936755.000000,19.092454597558,-0.002336633834,0.158494998810,0.529754928278,0
844332,non_list1,control_candidate,334,334,1,,2016-01_to_2018-05,29,29,29,75000317.793103,2175009216.000000,5228952809.000000,18.133002922066,-0.006089750222,0.118838933591,0.415955028750,0
844400,pure_list1,treated_candidate,333,333,1,,2016-01_to_2018-05,29,25,25,239196.068966,6936686.000000,108213203.000000,12.385043047495,0.104885723392,4.243887615517,0.064102030138,0
844712,non_list1,control_candidate,333,333,1,,2016-01_to_2018-05,29,25,25,48840.862069,1416385.000000,27339934.000000,10.796343053398,0.080288050389,3.810043062507,0.051806452788,0
844720,non_list1,control_candidate,333,333,1,,2016-01_to_2018-05,29,27,27,161834.827586,4693210.000000,47296938.000000,11.994337690406,0.000381336445,3.216109490944,0.099228622369,0
844790,non_list1,control_candidate,333,333,1,,2016-01_to_2018-05,29,29,29,1345240.206897,39011966.000000,279600494.000000,14.112083890922,-0.002378348589,0.388055942481,0.139527528875,0
844819,non_list1,control_candidate,333,333,1,,2016-01_to_2018-05,29,26,26,125325.965517,3634453.000000,40777984.000000,11.738681325370,0.086169631873,3.621746131830,0.089127824465,0
844820,non_list1,control_candidate,333,333,1,,2016-01_to_2018-05,29,29,29,67419.137931,1955155.000000,69711301.000000,11.118699034633,0.073001704732,1.145730656894,0.028046456915,0
844831,non_list1,control_candidate,333,333,1,,2016-01_to_2018-05,29,25,25,23963.862069,694952.000000,17182817.000000,10.084343956057,-0.099932849912,3.585058387724,0.040444590663,0
844832,non_list1,control_candidate,333,333,1,,2016-01_to_2018-05,29,29,29,94478.620690,2739880.000000,26568606.000000,11.456139436147,-0.002155928118,0.656801484234,0.103124717947,0
844839,non_list1,control_candidate,333,333,1,,2016-01_to_2018-05,29,29,29,797125.448276,23116638.000000,122394963.000000,13.588768600490,0.078957996241,1.163393255328,0.188869193906,0
844842,non_list1,control_candidate,333,333,1,,2016-01_to_2018-05,29,28,28,27066.517241,784929.000000,8795794.000000,10.206089662162,-0.010127944111,2.028182081845,0.089239129520,0
844849,non_list1,control_candidate,333,333,1,,2016-01_to_2018-05,29,29,29,264920.586207,7682697.000000,134635169.000000,12.487189160075,0.022624807012,0.424523795507,0.057063076884,0
844859,non_list1,control_candidate,333,333,1,,2016-01_to_2018-05,29,29,29,160253.551724,4647353.000000,82456313.000000,11.984518778274,0.015018776137,0.376266958964,0.056361397095,0
844900,non_list1,control_candidate,333,333,1,,2016-01_to_2018-05,29,29,29,351640.758621,10197582.000000,295453849.000000,12.770368205149,-0.007137841470,1.297743115412,0.034514974283,0
845012,non_list1,control_candidate,335,335,1,,2016-01_to_2018-05,29,24,24,66134.413793,1917898.000000,2185063.000000,11.099459643235,0.065077652072,4.294766804942,0.877731214157,0
845019,non_list1,control_candidate,335,335,1,,2016-01_to_2018-05,29,29,29,238092.724138,6904689.000000,7647565.000000,12.380419674034,0.013859227875,0.497064197857,0.902861106771,0
845210,non_list1,control_candidate,333,333,1,,2016-01_to_2018-05,29,29,29,7551520.241379,218994087.000000,616156647.000000,15.837259589853,-0.012136454335,0.421904260077,0.355419499353,0
845221,non_list1,control_candidate,333,333,1,,2016-01_to_2018-05,29,29,29,2232071.724138,64730080.000000,233780392.000000,14.618441184452,-0.000498274401,0.282745559763,0.276884128075,0
845230,non_list1,control_candidate,339,339,1,,2016-01_to_2018-05,29,24,24,18374.172414,532851.000000,29354050.000000,9.818755707101,0.075837506113,3.810805962462,0.018152554758,0
845290,non_list1,control_candidate,321|333,,0,ambiguous_naics3_candidates,2016-01_to_2018-05,29,29,29,1842068.655172,53419991.000000,171912317.000000,14.426400310051,0.009759482749,0.217881541942,0.310739753452,0
845320,non_list1,control_candidate,333,333,1,,2016-01_to_2018-05,29,28,28,43187.310345,1252432.000000,14018529.000000,10.673325143745,-0.081640008274,2.094956837776,0.089341185512,0
845380,non_list1,control_candidate,333,333,1,,2016-01_to_2018-05,29,29,29,43900.344828,1273110.000000,6178702.000000,10.689700232480,0.000746763974,0.676354713854,0.206048131145,0
845410,pure_list1,treated_candidate,333,333,1,,2016-01_to_2018-05,29,28,28,20016.137931,580468.000000,4191183.000000,9.904344082162,-0.047865006485,1.900412089492,0.138497412306,0
845430,pure_list1,treated_candidate,333,333,1,,2016-01_to_2018-05,29,29,29,524146.724138,15200255.000000,230996312.000000,13.169528839866,-0.008714354350,1.059849203241,0.065803020266,0
845490,pure_list1,treated_candidate,333,333,1,,2016-01_to_2018-05,29,29,29,2955293.586207,85703514.000000,651754644.000000,14.899108894617,-0.000353152104,0.354264981070,0.131496591223,0
845522,pure_list1,treated_candidate,333,333,1,,2016-01_to_2018-05,29,29,29,385979.827586,11193415.000000,71810933.000000,12.863542977748,0.015902702419,0.667862205476,0.155873409972,0
845530,pure_list1,treated_candidate,331,331,1,,2016-01_to_2018-05,29,29,29,1876195.310345,54409664.000000,364675247.000000,14.444757046115,-0.023901998038,0.346744818015,0.149200321238,0
845630,pure_list1,treated_candidate,333,333,1,,2016-01_to_2018-05,29,29,29,2591966.724138,75167035.000000,361618633.000000,14.767927884269,0.013296813186,0.449889627759,0.207862726476,0
845710,pure_list1,treated_candidate,333,333,1,,2016-01_to_2018-05,29,29,29,590870.620690,17135248.000000,2882122569.000000,13.289354048916,0.007541573198,0.698580175982,0.005945357142,0
845811,pure_list1,treated_candidate,333,333,1,,2016-01_to_2018-05,29,29,29,2385201.827586,69170853.000000,1626255466.000000,14.684794721702,0.035553113742,0.680423290530,0.042533817377,0
845819,pure_list1,treated_candidate,333,333,1,,2016-01_to_2018-05,29,29,29,1091404.206897,31650722.000000,150787431.000000,13.902976604565,0.001956735544,0.268827676054,0.209902919561,0
845891,pure_list1,treated_candidate,333,333,1,,2016-01_to_2018-05,29,26,26,957842.206897,27777424.000000,343761550.000000,13.772439376435,0.128633202935,4.348722886684,0.080804336611,0
845899,pure_list1,treated_candidate,333,333,1,,2016-01_to_2018-05,29,29,29,138233.931034,4008784.000000,25957637.000000,11.836709915502,-0.012285667459,0.743115051071,0.154435629098,0
845961,pure_list1,treated_candidate,333,333,1,,2016-01_to_2018-05,29,29,29,301173.586207,8734034.000000,280954372.000000,12.615445396205,0.005810038490,0.444934718923,0.031087019354,0
845969,pure_list1,treated_candidate,333,333,1,,2016-01_to_2018-05,29,29,29,479311.448276,13900032.000000,81195203.000000,13.080107956594,0.011707267163,0.531083827706,0.171192773544,0
845970,pure_list1,treated_candidate,333,333,1,,2016-01_to_2018-05,29,27,27,79583.275862,2307915.000000,35471806.000000,11.284571812898,0.045633510694,2.967880134990,0.065063363281,0
846040,pure_list1,treated_candidate,333,333,1,,2016-01_to_2018-05,29,25,25,133742.206897,3878524.000000,73379403.000000,11.803676873910,0.062843781865,4.139060440114,0.052855758448,0
846090,pure_list1,treated_candidate,333,333,1,,2016-01_to_2018-05,29,29,29,1282648.620690,37196810.000000,163648231.000000,14.064438512528,0.005351177382,0.329365304806,0.227297354653,0
846190,pure_list1,treated_candidate,333,333,1,,2016-01_to_2018-05,29,29,29,78261.620690,2269587.000000,58937023.000000,11.267825382166,0.052307400329,0.932514084852,0.038508680698,0
846210,pure_list1,treated_candidate,333,333,1,,2016-01_to_2018-05,29,29,29,1722130.448276,49941783.000000,504156925.000000,14.359073295711,0.040527207031,1.094151784227,0.099059996052,0
846221,pure_list1,treated_candidate,333,333,1,,2016-01_to_2018-05,29,28,28,697747.965517,20234691.000000,631297230.000000,13.455614668799,0.038146364824,2.587279097856,0.032052557874,0
846229,pure_list1,treated_candidate,333,333,1,,2016-01_to_2018-05,29,29,29,1747546.827586,50678858.000000,510603836.000000,14.373724121864,-0.004360598981,0.378963464275,0.099252795273,0
846239,pure_list1,treated_candidate,333,333,1,,2016-01_to_2018-05,29,29,29,451702.620690,13099376.000000,78213764.000000,13.020781537306,0.002085812555,0.280962856189,0.167481723549,0
846249,pure_list1,treated_candidate,333,333,1,,2016-01_to_2018-05,29,29,29,313491.482759,9091253.000000,77971774.000000,12.655530660326,0.052752401273,0.993587404246,0.116596718705,0
846291,pure_list1,treated_candidate,333,333,1,,2016-01_to_2018-05,29,29,29,860628.586207,24958229.000000,295049191.000000,13.665419477377,0.045245809104,0.759399014888,0.084590060781,0
846299,pure_list1,treated_candidate,333,333,1,,2016-01_to_2018-05,29,29,29,389666.758621,11300336.000000,270119731.000000,12.873049754059,0.014782869937,0.557318328510,0.041834544845,0
846310,pure_list1,treated_candidate,333,333,1,,2016-01_to_2018-05,29,27,27,122119.965517,3541479.000000,59783883.000000,11.712767353117,0.078573775175,3.128953890045,0.059238022395,0
846330,pure_list1,treated_candidate,333,333,1,,2016-01_to_2018-05,29,29,29,258475.689655,7495795.000000,169207558.000000,12.462560793449,0.028170352421,1.246337673681,0.044299410077,0
846390,pure_list1,treated_candidate,333|930,,0,ambiguous_naics3_candidates,2016-01_to_2018-05,29,29,29,353323.620690,10246385.000000,235109167.000000,12.775142518691,0.003219079601,0.389822849755,0.043581392979,0
846420,pure_list1,treated_candidate,333,333,1,,2016-01_to_2018-05,29,29,29,1200483.344828,34814017.000000,215000887.000000,13.998235654015,0.010202634788,0.280644220831,0.161924992430,0
846490,pure_list1,treated_candidate,333,333,1,,2016-01_to_2018-05,29,29,29,1419043.931034,41152274.000000,252824626.000000,14.165494619513,0.002217084925,0.262726297769,0.162770038074,0
846510,pure_list1,treated_candidate,333|930,,0,ambiguous_naics3_candidates,2016-01_to_2018-05,29,27,27,264853.758621,7680759.000000,212402153.000000,12.486936874041,0.090522892069,3.385853220838,0.036161398985,0
846592,pure_list1,treated_candidate,333|930,,0,ambiguous_naics3_candidates,2016-01_to_2018-05,29,29,29,2738470.793103,79415653.000000,356553835.000000,14.822910583026,0.023644156609,0.258159703171,0.222731170456,0
846593,pure_list1,treated_candidate,333|930,,0,ambiguous_naics3_candidates,2016-01_to_2018-05,29,29,29,1733636.793103,50275467.000000,251504867.000000,14.365732529326,0.026458037984,0.327962349770,0.199898584865,0
846594,pure_list1,treated_candidate,333|930,,0,ambiguous_naics3_candidates,2016-01_to_2018-05,29,28,28,211157.103448,6123556.000000,200908279.000000,12.260362437311,0.008911480400,2.479268920020,0.030479361182,0
846596,non_list1,control_candidate,333,333,1,,2016-01_to_2018-05,29,29,29,3970292.103448,115138471.000000,157906505.000000,15.194350479522,0.030597715784,0.608845056929,0.729155971124,0
846610,pure_list1,treated_candidate,333,333,1,,2016-01_to_2018-05,29,29,29,18577065.827586,538734909.000000,1739537415.000000,16.737438411696,0.016674728260,0.377863590073,0.309700098632,0
846620,pure_list1,treated_candidate,333,333,1,,2016-01_to_2018-05,29,29,29,2270700.413793,65850312.000000,656313274.000000,14.635599334590,0.006718585432,0.279831621441,0.100333658649,0
846692,pure_list1,treated_candidate,333,333,1,,2016-01_to_2018-05,29,29,29,3059847.241379,88735570.000000,530406748.000000,14.933875878378,0.035295106152,0.416173129824,0.167297211686,0
846694,pure_list1,treated_candidate,333,333,1,,2016-01_to_2018-05,29,29,29,2304539.000000,66831631.000000,1076990965.000000,14.650391648336,0.015281428665,0.289435133906,0.062054031252,0
846711,pure_list1,treated_candidate,333,333,1,,2016-01_to_2018-05,29,29,29,5548345.724138,160902026.000000,520953266.000000,15.529010553803,0.003349488243,0.199325931196,0.308860768328,0
846721,non_list1,control_candidate,333,333,1,,2016-01_to_2018-05,29,29,29,43303604.793103,1255804539.000000,1597799073.000000,17.583746464173,0.005287635890,0.225318963342,0.785958985846,0
846722,non_list1,control_candidate,333,333,1,,2016-01_to_2018-05,29,29,29,53692043.137931,1557069251.000000,1835102552.000000,17.798775394647,0.008748998570,0.156093064763,0.848491682006,0
846729,non_list1,control_candidate,333|335,,0,ambiguous_naics3_candidates,2016-01_to_2018-05,29,29,29,152377778.551724,4418955578.000000,6309815537.000000,18.841873387120,0.011095243723,0.185290868989,0.700330390340,0
846781,non_list1,control_candidate,333,333,1,,2016-01_to_2018-05,29,29,29,3797088.034483,110115553.000000,642441956.000000,15.149745287578,-0.007533547917,0.239287286692,0.171401559272,0
846789,non_list1,control_candidate,333,333,1,,2016-01_to_2018-05,29,29,29,11481686.344828,332968904.000000,1377228579.000000,16.256263919312,0.006016735701,0.361658892738,0.241767350081,0
846791,non_list1,control_candidate,333,333,1,,2016-01_to_2018-05,29,29,29,1967266.758621,57050736.000000,164874265.000000,14.492156213486,0.002252769701,0.198290150570,0.346025718447,0
846792,non_list1,control_candidate,333,333,1,,2016-01_to_2018-05,29,29,29,2002034.413793,58058998.000000,370273985.000000,14.509674927908,0.008406005223,0.249464191156,0.156800100337,0
846810,non_list1,control_candidate,333,333,1,,2016-01_to_2018-05,29,29,29,439615.137931,12748839.000000,76404919.000000,12.993657211327,0.019888319179,0.394597180565,0.166858877241,0
847050,non_list1,control_candidate,333|334,,0,ambiguous_naics3_candidates,2016-01_to_2018-05,29,29,29,19430839.413793,563494343.000000,1410656799.000000,16.782372073830,-0.006575440712,0.267088777453,0.399455305783,0
847130,non_list1,control_candidate,334,334,1,,2016-01_to_2018-05,29,29,29,2923794586.793103,84790043017.000000,90780594983.000000,21.796148125954,0.006392410466,0.183788993748,0.934010655393,0
847141,non_list1,control_candidate,334,334,1,,2016-01_to_2018-05,29,29,29,88245832.793103,2559129151.000000,3734593878.000000,18.295637043520,0.008268581241,0.241767969363,0.685249650859,0
847149,non_list1,control_candidate,334,334,1,,2016-01_to_2018-05,29,29,29,141846144.965517,4113538204.000000,6322120357.000000,18.770253549062,0.013183500904,0.199325191470,0.650658002650,0
847410,pure_list1,treated_candidate,333,333,1,,2016-01_to_2018-05,29,29,29,921312.241379,26718055.000000,610833744.000000,13.733555367488,-0.012553829211,0.446478646817,0.043740306200,0
847420,pure_list1,treated_candidate,333,333,1,,2016-01_to_2018-05,29,29,29,1526743.931034,44275574.000000,614489341.000000,14.238648530978,0.010058222136,0.694959181499,0.072052631422,0
847431,pure_list1,treated_candidate,333,333,1,,2016-01_to_2018-05,29,29,29,1393237.310345,40403882.000000,151877554.000000,14.147141315190,0.008471965749,0.338253658278,0.266029317275,0
847439,pure_list1,treated_candidate,333,333,1,,2016-01_to_2018-05,29,29,29,221791.724138,6431960.000000,61270412.000000,12.309498549654,0.001183347856,0.886475043611,0.104976607632,0
847480,pure_list1,treated_candidate,333,333,1,,2016-01_to_2018-05,29,29,29,331085.896552,9601491.000000,242790501.000000,12.710136147252,-0.013687238797,0.876395761040,0.039546403012,0
847490,pure_list1,treated_candidate,333,333,1,,2016-01_to_2018-05,29,29,29,11360215.758621,329446257.000000,1467784965.000000,16.245628051940,0.013170363369,0.157297860755,0.224451309188,0
847590,pure_list1,treated_candidate,333,333,1,,2016-01_to_2018-05,29,29,29,1147799.758621,33286193.000000,443642139.000000,13.953358285591,0.014736242515,0.633865580465,0.075029376324,0
847689,non_list1,control_candidate,333,333,1,,2016-01_to_2018-05,29,29,29,932266.241379,27035721.000000,92216269.000000,13.745374792243,0.043524627653,0.771076964153,0.293177345963,0
847710,pure_list1,treated_candidate,333,333,1,,2016-01_to_2018-05,29,29,29,11761060.310345,341070749.000000,2051279272.000000,16.280304743841,0.020932954954,0.337552937558,0.166272215420,0
847720,pure_list1,treated_candidate,333,333,1,,2016-01_to_2018-05,29,29,29,732471.896552,21241685.000000,401390910.000000,13.504181617894,0.016278176337,0.834109048752,0.052920194431,0
847730,pure_list1,treated_candidate,333,333,1,,2016-01_to_2018-05,29,28,28,656507.862069,19038728.000000,538455553.000000,13.394691471597,0.088006020502,2.757287567409,0.035358030749,0
847740,pure_list1,treated_candidate,333,333,1,,2016-01_to_2018-05,29,26,26,168599.862069,4889396.000000,196964741.000000,12.035289437639,0.055520428834,3.798368095116,0.024823711976,0
847751,pure_list1,treated_candidate,333,333,1,,2016-01_to_2018-05,29,27,27,1768764.551724,51294172.000000,223444158.000000,14.385792432829,0.210573130858,3.867083517710,0.229561481755,0
847780,pure_list1,treated_candidate,333,333,1,,2016-01_to_2018-05,29,29,29,5657433.724138,164065578.000000,1086810795.000000,15.548481118489,0.036381635589,0.422692783816,0.150960570832,0
847790,pure_list1,treated_candidate,332|333,,0,ambiguous_naics3_candidates,2016-01_to_2018-05,29,29,29,11490150.655172,333214369.000000,3051236045.000000,16.257000848621,0.017993733613,0.248848851143,0.109206355748,0
847810,non_list1,control_candidate,333,333,1,,2016-01_to_2018-05,29,29,29,585056.586207,16966641.000000,97455605.000000,13.279465559330,0.003629481875,0.249980059774,0.174096102528,0
847910,pure_list1,treated_candidate,333,333,1,,2016-01_to_2018-05,29,29,29,523917.137931,15193597.000000,784622510.000000,13.169090725776,0.018294459241,0.569172342994,0.019364212480,0
847920,pure_list1,treated_candidate,333,333,1,,2016-01_to_2018-05,29,27,27,489662.896552,14200224.000000,61696643.000000,13.101474509328,-0.029290499395,3.412585164681,0.230162020323,0
847940,pure_list1,treated_candidate,333,333,1,,2016-01_to_2018-05,29,29,29,566861.206897,16438975.000000,133814614.000000,13.247871531829,0.007760364773,0.877086686977,0.122848876581,0
847950,pure_list1,treated_candidate,333,333,1,,2016-01_to_2018-05,29,29,29,1343678.965517,38966690.000000,900999543.000000,14.110922650815,0.011300698756,0.406577124393,0.043248290527,0
847981,pure_list1,treated_candidate,333,333,1,,2016-01_to_2018-05,29,29,29,675995.241379,19603862.000000,247232756.000000,13.423942794920,0.026960473131,1.036061096848,0.079293141884,0
847982,pure_list1,treated_candidate,333,333,1,,2016-01_to_2018-05,29,29,29,3185834.241379,92389193.000000,1067426505.000000,14.974225054800,0.021858939720,0.285570381087,0.086553212392,0
848020,pure_list1,treated_candidate,333,333,1,,2016-01_to_2018-05,29,29,29,558870.000000,16207230.000000,47676839.000000,13.233673956275,0.044246117438,0.515210250674,0.339939273239,0
848030,pure_list1,treated_candidate,332,332,1,,2016-01_to_2018-05,29,29,29,147597.586207,4280330.000000,54951926.000000,11.902251612559,-0.001483076280,0.812692480628,0.077892265323,0
848041,pure_list1,treated_candidate,333,333,1,,2016-01_to_2018-05,29,29,29,1824229.551724,52902657.000000,282257540.000000,14.416668840600,0.010336078525,0.269466659939,0.187426904521,0
848049,pure_list1,treated_candidate,333,333,1,,2016-01_to_2018-05,29,29,29,947718.206897,27483828.000000,139043613.000000,13.761813542106,0.023659711805,0.572146741751,0.197663361927,0
848050,pure_list1,treated_candidate,333,333,1,,2016-01_to_2018-05,29,29,29,1159072.724138,33613109.000000,141542106.000000,13.963131730426,0.004216089815,0.191524132253,0.237477807487,0
848060,non_list1,control_candidate,333,333,1,,2016-01_to_2018-05,29,29,29,1276572.551724,37020604.000000,371637995.000000,14.059690133842,0.025211412790,0.588683403004,0.099614690904,0
848071,pure_list1,treated_candidate,333,333,1,,2016-01_to_2018-05,29,29,29,33629408.758621,975252854.000000,4374815040.000000,17.330911532525,0.020555864480,0.258901490077,0.222924362535,0
848110,pure_list1,treated_candidate,332,332,1,,2016-01_to_2018-05,29,29,29,5046065.827586,146335909.000000,856731181.000000,15.434119651771,0.002197580617,0.158477647158,0.170807263988,0
848120,pure_list1,treated_candidate,332,332,1,,2016-01_to_2018-05,29,29,29,5503521.482759,159602123.000000,3756072284.000000,15.520898896612,0.031731636834,0.302754444724,0.042491760257,0
848140,pure_list1,treated_candidate,332,332,1,,2016-01_to_2018-05,29,29,29,2835748.862069,82236717.000000,914571885.000000,14.857816961781,0.014681234578,0.249910159478,0.089918264872,0
848220,pure_list1,treated_candidate,332,332,1,,2016-01_to_2018-05,29,29,29,7024633.793103,203714380.000000,1094706508.000000,15.764933785086,0.010298316055,0.192566475456,0.186090407348,0
848230,pure_list1,treated_candidate,332,332,1,,2016-01_to_2018-05,29,29,29,2319210.137931,67257094.000000,405160678.000000,14.656737659066,0.016358667826,0.232799352620,0.166001040210,0
848240,pure_list1,treated_candidate,332,332,1,,2016-01_to_2018-05,29,29,29,2399147.655172,69575282.000000,334903247.000000,14.690624505376,0.003771397150,0.123977480087,0.207747409508,0
848250,pure_list1,treated_candidate,332,332,1,,2016-01_to_2018-05,29,29,29,2505209.034483,72651062.000000,803718219.000000,14.733883135087,0.019816591403,0.216541649597,0.090393698043,0
848280,pure_list1,treated_candidate,332,332,1,,2016-01_to_2018-05,29,29,29,277968.206897,8061078.000000,64780757.000000,12.535265619979,0.019980790120,0.376109242246,0.124436304441,0
848291,pure_list1,treated_candidate,332,332,1,,2016-01_to_2018-05,29,29,29,1774070.241379,51448037.000000,187292123.000000,14.388787599658,0.007116834166,0.205895162255,0.274694077764,0
848299,pure_list1,treated_candidate,332,332,1,,2016-01_to_2018-05,29,29,29,6453156.241379,187141531.000000,1172849528.000000,15.680080063796,0.013034932625,0.157323238691,0.159561415623,0
848410,pure_list1,treated_candidate,339,339,1,,2016-01_to_2018-05,29,29,29,2959761.413793,85833081.000000,637174984.000000,14.900619557468,0.021585993113,0.297114809499,0.134708805517,0
848420,pure_list1,treated_candidate,339,339,1,,2016-01_to_2018-05,29,29,29,1425133.758621,41328879.000000,540054229.000000,14.169776934667,0.029093618302,0.282933063836,0.076527275930,0
848490,pure_list1,treated_candidate,339,339,1,,2016-01_to_2018-05,29,29,29,625192.310345,18130577.000000,251293767.000000,13.345816177448,-0.004720382034,0.294851284055,0.072148932369,0
848710,pure_list1,treated_candidate,331|332,,0,ambiguous_naics3_candidates,2016-01_to_2018-05,29,29,29,281788.413793,8171864.000000,178526859.000000,12.548915311357,-0.029603240763,0.526225214164,0.045773863080,0
848790,pure_list1,treated_candidate,333|339,,0,ambiguous_naics3_candidates,2016-01_to_2018-05,29,29,29,3422337.827586,99247797.000000,825726084.000000,15.045834743023,0.013839386481,0.182456663464,0.120194576535,0
850151,pure_list1,treated_candidate,333|335,,0,ambiguous_naics3_candidates,2016-01_to_2018-05,29,29,29,11126582.068966,322670880.000000,1493562302.000000,16.224847674227,-0.013605340838,0.208729012708,0.216041125012,0
850162,pure_list1,treated_candidate,335,335,1,,2016-01_to_2018-05,29,29,29,1982104.000000,57481016.000000,369615591.000000,14.499669969260,0.023950769935,0.410555869353,0.155515669251,0
850163,pure_list1,treated_candidate,335,335,1,,2016-01_to_2018-05,29,29,29,875421.862069,25387234.000000,91551445.000000,13.682462319538,0.043225907999,0.805364268209,0.277300199904,0
850164,pure_list1,treated_candidate,333|335,,0,ambiguous_naics3_candidates,2016-01_to_2018-05,29,29,29,4592181.689655,133173269.000000,903539938.000000,15.339866000523,-0.019584889453,0.536505970873,0.147390572789,0
850211,pure_list1,treated_candidate,335,335,1,,2016-01_to_2018-05,29,29,29,1919674.965517,55670574.000000,247944719.000000,14.467666961801,0.002758414996,0.687292365383,0.224528169926,0
850212,pure_list1,treated_candidate,335,335,1,,2016-01_to_2018-05,29,29,29,750646.689655,21768754.000000,103888343.000000,13.528691699043,0.061790846675,1.068936779687,0.209539909593,0
850213,pure_list1,treated_candidate,335,335,1,,2016-01_to_2018-05,29,26,26,259786.172414,7533799.000000,127314928.000000,12.467618007149,0.085245304121,3.885207452873,0.059174514084,0
850231,pure_list1,treated_candidate,333,333,1,,2016-01_to_2018-05,29,29,29,3106142.413793,90078130.000000,383393592.000000,14.948892454771,0.001147349714,2.058296531758,0.234949492844,0
850239,pure_list1,treated_candidate,333,333,1,,2016-01_to_2018-05,29,29,29,222882.482759,6463592.000000,358355089.000000,12.314404415052,0.039399006247,1.044178105107,0.018036836084,0
850240,pure_list1,treated_candidate,335,335,1,,2016-01_to_2018-05,29,29,29,61615.655172,1786854.000000,70006418.000000,11.028687489152,0.019882896888,1.049631934895,0.025524145515,0
850410,non_list1,control_candidate,335,335,1,,2016-01_to_2018-05,29,29,29,14518603.103448,421039490.000000,968467928.000000,16.490941426613,-0.010973542668,0.215772470347,0.434747995083,0
850421,pure_list1,treated_candidate,335,335,1,,2016-01_to_2018-05,29,29,29,170035.448276,4931028.000000,618228215.000000,12.043768094674,0.064048872258,0.881960656967,0.007976064308,0
850423,pure_list1,treated_candidate,335,335,1,,2016-01_to_2018-05,29,25,25,2045724.862069,59326021.000000,2180566855.000000,14.531263229258,0.083124729841,5.105648048238,0.027206696673,0
850432,pure_list1,treated_candidate,334,334,1,,2016-01_to_2018-05,29,29,29,2628606.206897,76229580.000000,275855276.000000,14.781964684751,0.000720109854,0.269886483009,0.276339032210,0
850433,pure_list1,treated_candidate,335,335,1,,2016-01_to_2018-05,29,29,29,526876.482759,15279418.000000,833345035.000000,13.174723319962,0.012709001127,0.289435715789,0.018335044139,0
850434,pure_list1,treated_candidate,335,335,1,,2016-01_to_2018-05,29,29,29,960321.068966,27849311.000000,260461019.000000,13.775023995686,0.024969417738,0.799821272170,0.106923143843,0
850511,non_list1,control_candidate,332,332,1,,2016-01_to_2018-05,29,29,29,15746483.172414,456648012.000000,690770182.000000,16.572127671169,0.010806983125,0.147672562894,0.661070821960,0
850520,pure_list1,treated_candidate,335,335,1,,2016-01_to_2018-05,29,29,29,1598023.413793,46342679.000000,228242378.000000,14.284278682909,0.016412523443,0.212355678212,0.203041518434,0
850640,pure_list1,treated_candidate,335,335,1,,2016-01_to_2018-05,29,29,29,66600.344828,1931410.000000,51550809.000000,11.106480048931,-0.060834833834,1.150686427376,0.037466143354,0
850650,pure_list1,treated_candidate,335,335,1,,2016-01_to_2018-05,29,29,29,6742608.896552,195535658.000000,840303725.000000,15.723957632944,0.005036624519,0.195837867839,0.232696407481,0
850660,pure_list1,treated_candidate,335,335,1,,2016-01_to_2018-05,29,29,29,162761.034483,4720070.000000,100755462.000000,12.000044501932,0.017276792453,0.709983430970,0.046846790301,0
850690,pure_list1,treated_candidate,335,335,1,,2016-01_to_2018-05,29,29,29,290851.586207,8434696.000000,53787344.000000,12.580571841192,-0.002017053112,0.504191336302,0.156815625624,0
850760,non_list1,control_candidate,335,335,1,,2016-01_to_2018-05,29,29,29,83644651.724138,2425694900.000000,5337024212.000000,18.242088058956,0.014213267129,0.192277893093,0.454503259428,0
850940,non_list1,control_candidate,335,335,1,,2016-01_to_2018-05,29,29,29,50022662.896552,1450657224.000000,1861829111.000000,17.727986738624,0.001962364925,0.316707132341,0.779157021141,0
851010,non_list1,control_candidate,335,335,1,,2016-01_to_2018-05,29,29,29,13002675.068966,377077577.000000,781491573.000000,16.380665745700,0.011797586671,0.240943775778,0.482510099952,0
851030,non_list1,control_candidate,335,335,1,,2016-01_to_2018-05,29,29,29,2998077.448276,86944246.000000,114362818.000000,14.913482124172,0.031738069179,0.665884674699,0.760249244645,0
851210,non_list1,control_candidate,336,336,1,,2016-01_to_2018-05,29,29,29,2327976.586207,67511321.000000,91480307.000000,14.660510459869,-0.001424777907,0.206277712173,0.737987477458,0
851310,non_list1,control_candidate,335,335,1,,2016-01_to_2018-05,29,29,29,56578668.896552,1640781398.000000,1733977954.000000,17.851142615194,0.007218375529,0.225258935863,0.946252744572,0
851410,pure_list1,treated_candidate,333,333,1,,2016-01_to_2018-05,29,29,29,1347522.586207,39078155.000000,354537756.000000,14.113779085291,-0.007237990822,0.455770840661,0.110222830541,0
851440,pure_list1,treated_candidate,333,333,1,,2016-01_to_2018-05,29,29,29,153367.413793,4447655.000000,130841603.000000,11.940598239237,0.050352265180,1.271234498604,0.033992666690,0
851511,pure_list1,treated_candidate,332,332,1,,2016-01_to_2018-05,29,29,29,661004.517241,19169131.000000,55409526.000000,13.401517465609,0.016178316916,0.296298583442,0.345953708393,0
851519,pure_list1,treated_candidate,333,333,1,,2016-01_to_2018-05,29,29,29,513048.275862,14878400.000000,127207785.000000,13.148127173852,0.007295066797,0.631782444329,0.116961395091,0
851521,pure_list1,treated_candidate,333,333,1,,2016-01_to_2018-05,29,28,28,708711.965517,20552647.000000,1159911644.000000,13.471205879420,0.173734305221,2.844395668473,0.017719148787,0
851529,pure_list1,treated_candidate,333,333,1,,2016-01_to_2018-05,29,29,29,717321.793103,20802332.000000,70409128.000000,13.483281217859,0.016639380317,0.380202166741,0.295449362759,0
851531,pure_list1,treated_candidate,333,333,1,,2016-01_to_2018-05,29,29,29,334471.310345,9699668.000000,483973188.000000,12.720309375886,-0.004913950601,0.623209236467,0.020041746610,0
851539,pure_list1,treated_candidate,333,333,1,,2016-01_to_2018-05,29,29,29,4435738.241379,128636409.000000,348255905.000000,15.305204843348,0.023293624774,0.338707229678,0.369373231446,0
851580,pure_list1,treated_candidate,333|335,,0,ambiguous_naics3_candidates,2016-01_to_2018-05,29,29,29,1355735.586207,39316332.000000,853109963.000000,14.119855470652,0.017291560313,0.443336987192,0.046085890102,0
851590,pure_list1,treated_candidate,333,333,1,,2016-01_to_2018-05,29,29,29,4107047.793103,119104386.000000,1169382699.000000,15.228215273341,0.008715010703,0.180092285614,0.101852358601,0
851610,non_list1,control_candidate,335,335,1,,2016-01_to_2018-05,29,29,29,12817422.724138,371705259.000000,1258271459.000000,16.366316031707,0.021983962635,0.467157110396,0.295409433586,0
851631,non_list1,control_candidate,335,335,1,,2016-01_to_2018-05,29,29,29,15532182.413793,450433290.000000,567689895.000000,16.558424778533,0.003453987417,0.208424912302,0.793449546957,0
851632,non_list1,control_candidate,335,335,1,,2016-01_to_2018-05,29,29,29,21153356.275862,613447332.000000,663508225.000000,16.867309187307,-0.008579115544,0.209278329371,0.924551209595,0
851633,non_list1,control_candidate,333,333,1,,2016-01_to_2018-05,29,29,29,654307.137931,18974907.000000,29011895.000000,13.391333678395,-0.003471033849,0.272172827015,0.654038869229,0
851640,non_list1,control_candidate,335,335,1,,2016-01_to_2018-05,29,29,29,14977689.448276,434352994.000000,494228615.000000,16.522072348485,-0.009883998688,0.229138683798,0.878850355518,0
851650,non_list1,control_candidate,335,335,1,,2016-01_to_2018-05,29,29,29,88818645.275862,2575740713.000000,3062659638.000000,18.302107166504,0.000030601736,0.142269064208,0.841014352702,0
851671,non_list1,control_candidate,335,335,1,,2016-01_to_2018-05,29,29,29,58928623.172414,1708930072.000000,2348682121.000000,17.891837509730,-0.001635283320,0.377579585857,0.727612330643,0
851672,non_list1,control_candidate,335,335,1,,2016-01_to_2018-05,29,29,29,10174561.896552,295062295.000000,301798245.000000,16.135401329800,0.008804024667,0.241145115874,0.977680619051,0
851679,non_list1,control_candidate,335,335,1,,2016-01_to_2018-05,29,29,29,92781551.482759,2690664993.000000,3239882747.000000,18.345758390094,0.008088295397,0.312706325340,0.830482212818,0
851711,non_list1,control_candidate,334,334,1,,2016-01_to_2018-05,29,29,29,18516455.172414,536977200.000000,771913762.000000,16.734170417491,-0.014800239985,0.203686276037,0.695644029728,0
851712,non_list1,control_candidate,334,334,1,,2016-01_to_2018-05,29,29,29,3384863888.137931,98161052756.000000,126859239469.000000,21.942579532499,0.016399458266,0.316753982736,0.773779294018,0
851718,non_list1,control_candidate,334,334,1,,2016-01_to_2018-05,29,29,29,91139526.413793,2643046266.000000,3176598535.000000,18.327902158509,-0.000347750079,0.160815093273,0.832036606728,0
851761,non_list1,control_candidate,334,334,1,,2016-01_to_2018-05,29,29,29,10647070.413793,308765042.000000,613377910.000000,16.180795427684,-0.047098437921,0.575416398961,0.503384678460,0
851770,non_list1,control_candidate,334,334,1,,2016-01_to_2018-05,29,29,29,169582390.827586,4917889334.000000,12325046660.000000,18.948849454161,0.012660109972,0.165532957591,0.399015879588,0
851821,non_list1,control_candidate,334,334,1,,2016-01_to_2018-05,29,29,29,28765823.931034,834208894.000000,1492657604.000000,17.174698606159,0.005774046400,0.215946477469,0.558874916635,0
851822,non_list1,control_candidate,334,334,1,,2016-01_to_2018-05,29,29,29,63278424.689655,1835074316.000000,2944894178.000000,17.963055002632,0.013348984823,0.324215810271,0.623137608716,0
851829,non_list1,control_candidate,334,334,1,,2016-01_to_2018-05,29,29,29,33417500.551724,969107516.000000,2037898415.000000,17.324590319262,-0.002922449898,0.110562374019,0.475542602549,0
851830,non_list1,control_candidate,334,334,1,,2016-01_to_2018-05,29,29,29,78166522.206897,2266829144.000000,2983023135.000000,18.174352021875,0.001356650976,0.214561250599,0.759910011224,0
851930,non_list1,control_candidate,334,334,1,,2016-01_to_2018-05,29,29,29,4758443.620690,137994865.000000,175146130.000000,15.375431412450,-0.011015355993,0.523150696570,0.787884179913,0
851950,non_list1,control_candidate,334,334,1,,2016-01_to_2018-05,29,29,29,70995.206897,2058861.000000,2106156.000000,11.170381730604,-0.013060981689,0.256244180985,0.977544398421,0
851989,non_list1,control_candidate,334,334,1,,2016-01_to_2018-05,29,29,29,2303091.517241,66789654.000000,119609687.000000,14.649763350485,-0.007394304234,0.431143168725,0.558396695746,0
852110,non_list1,control_candidate,334,334,1,,2016-01_to_2018-05,29,29,29,175568.758621,5091494.000000,16685646.000000,12.075791727930,0.023436980962,0.671969472126,0.305142156318,0
852190,non_list1,control_candidate,334,334,1,,2016-01_to_2018-05,29,29,29,47148919.517241,1367318666.000000,2938314465.000000,17.668821672131,-0.010616869742,0.243187738858,0.465341161502,0
852329,non_list1,control_candidate,334,334,1,,2016-01_to_2018-05,29,29,29,523531.655172,15182418.000000,804476480.000000,13.168354685900,-0.002163679648,0.841717491352,0.018872419987,0
852341,non_list1,control_candidate,334,334,1,,2016-01_to_2018-05,29,29,29,1461306.758621,42377896.000000,338386302.000000,14.194842317845,-0.032991771353,0.436401854470,0.125235258489,0
852351,non_list1,control_candidate,334,334,1,,2016-01_to_2018-05,29,29,29,311565883.344828,9035410617.000000,19670587414.000000,19.557121380552,0.018715967085,0.255646247815,0.459336085234,0
852380,non_list1,control_candidate,334,334,1,,2016-01_to_2018-05,29,29,29,377213.793103,10939200.000000,239753525.000000,12.840570047168,-0.002769605839,0.816054188580,0.045626857832,0
852560,pure_list1,treated_candidate,334,334,1,,2016-01_to_2018-05,29,29,29,53000617.275862,1537017901.000000,4639473672.000000,17.785814137031,0.019044325319,0.480321079124,0.331291437276,0
852610,pure_list1,treated_candidate,334,334,1,,2016-01_to_2018-05,29,29,29,415702.068966,12055360.000000,2074647256.000000,12.937726507858,0.027799403567,0.635820000111,0.005810799867,0
852691,pure_list1,treated_candidate,334,334,1,,2016-01_to_2018-05,29,29,29,49676682.482759,1440623792.000000,7230101309.000000,17.721046235768,-0.037789800988,0.379644280835,0.199253610763,0
852712,non_list1,control_candidate,334,334,1,,2016-01_to_2018-05,29,24,24,51120.793103,1482503.000000,1953750.000000,10.841966164795,0.145892784190,4.220612684568,0.758798720409,0
852713,non_list1,control_candidate,334,334,1,,2016-01_to_2018-05,29,29,29,11439633.931034,331749384.000000,342266209.000000,16.252594631784,-0.016939092031,0.337370890612,0.969272967288,0
852719,non_list1,control_candidate,334,334,1,,2016-01_to_2018-05,29,29,29,7195159.793103,208659634.000000,227387239.000000,15.788919245949,0.018648807835,0.364696665466,0.917640035200,0
852791,non_list1,control_candidate,334,334,1,,2016-01_to_2018-05,29,29,29,14885663.896552,431684253.000000,1029385622.000000,16.515909220333,-0.021982087220,0.383960039362,0.419361067198,0
852792,non_list1,control_candidate,334,334,1,,2016-01_to_2018-05,29,29,29,5489441.724138,159193810.000000,167496745.000000,15.518337300890,-0.001915242245,0.374391432457,0.950429275506,0
852871,non_list1,control_candidate,334,334,1,,2016-01_to_2018-05,29,29,29,109932280.034483,3188036121.000000,5388058633.000000,18.515375107221,0.015791247472,0.318948815090,0.591685491593,0
853010,pure_list1,treated_candidate,334,334,1,,2016-01_to_2018-05,29,28,28,134603.275862,3903495.000000,66792780.000000,11.810094462866,0.125264102602,2.391382001860,0.058441870514,0
853080,pure_list1,treated_candidate,334,334,1,,2016-01_to_2018-05,29,29,29,1371824.034483,39782897.000000,340452671.000000,14.131652553249,0.011305208291,0.366205885024,0.116852944297,0
853090,pure_list1,treated_candidate,334,334,1,,2016-01_to_2018-05,29,29,29,3060456.517241,88753239.000000,429178417.000000,14.934074978191,0.000326553735,0.187975843643,0.206798001680,0
853180,non_list1,control_candidate,334|335,,0,ambiguous_naics3_candidates,2016-01_to_2018-05,29,29,29,18781634.344828,544667396.000000,1483311187.000000,16.748390107018,0.001380414081,0.134851948460,0.367196985214,0
853210,pure_list1,treated_candidate,334,334,1,,2016-01_to_2018-05,29,29,29,1272568.172414,36904477.000000,128054797.000000,14.056548385390,-0.003029839544,0.238553404059,0.288192850753,0
853221,pure_list1,treated_candidate,334,334,1,,2016-01_to_2018-05,29,29,29,2565242.413793,74392030.000000,345487940.000000,14.757563930249,0.002529645890,0.175448886756,0.215324534917,0
853222,pure_list1,treated_candidate,334,334,1,,2016-01_to_2018-05,29,29,29,3576423.379310,103716278.000000,727422978.000000,15.089874082538,0.003371496468,0.144066788210,0.142580425883,0
853223,pure_list1,treated_candidate,334,334,1,,2016-01_to_2018-05,29,29,29,638378.620690,18512980.000000,78339059.000000,13.366688402130,0.020363432613,0.353635036469,0.236318641509,0
853224,pure_list1,treated_candidate,334,334,1,,2016-01_to_2018-05,29,29,29,6281108.413793,182152144.000000,1390431133.000000,15.653057181089,0.025548887215,0.267688812822,0.131004074691,0
853225,pure_list1,treated_candidate,334,334,1,,2016-01_to_2018-05,29,29,29,4182018.793103,121278545.000000,371039147.000000,15.246304891887,0.005143170595,0.216282139726,0.326861858056,0
853229,pure_list1,treated_candidate,334,334,1,,2016-01_to_2018-05,29,29,29,1966711.620690,57034637.000000,172057259.000000,14.491873986387,0.006541222172,0.202031871661,0.331486374545,0
853230,pure_list1,treated_candidate,334,334,1,,2016-01_to_2018-05,29,29,29,424493.000000,12310297.000000,118780152.000000,12.958653150358,0.000153128864,0.406702802438,0.103639343718,0
853290,pure_list1,treated_candidate,334,334,1,,2016-01_to_2018-05,29,29,29,355613.310345,10312786.000000,42617314.000000,12.781602024627,0.001270379478,0.364925876566,0.241985827638,0
853310,pure_list1,treated_candidate,334,334,1,,2016-01_to_2018-05,29,29,29,576074.862069,16706171.000000,64015847.000000,13.263994635987,0.002836237151,0.191125197836,0.260969303429,0
853321,pure_list1,treated_candidate,334,334,1,,2016-01_to_2018-05,29,29,29,3868565.965517,112188413.000000,905138105.000000,15.168394703283,0.010948478574,0.184777399906,0.123946182776,0
853329,pure_list1,treated_candidate,334,334,1,,2016-01_to_2018-05,29,29,29,1261992.965517,36597796.000000,179731744.000000,14.048203540390,0.048086893086,0.448350415397,0.203624552822,0
853331,pure_list1,treated_candidate,334,334,1,,2016-01_to_2018-05,29,28,28,32903.448276,954200.000000,52212842.000000,10.401363133567,0.033348643704,2.022934861746,0.018275197508,0
853340,pure_list1,treated_candidate,334|335,,0,ambiguous_naics3_candidates,2016-01_to_2018-05,29,29,29,10835793.724138,314238018.000000,1170836378.000000,16.198365538130,-0.003178498450,0.103025024840,0.268387644853,0
853510,pure_list1,treated_candidate,335,335,1,,2016-01_to_2018-05,29,29,29,1687671.000000,48942459.000000,237589883.000000,14.338860622461,-0.001449997646,0.238735406670,0.205995551587,0
853521,pure_list1,treated_candidate,335,335,1,,2016-01_to_2018-05,29,29,29,320175.586207,9285092.000000,322189730.000000,12.676627954469,0.010456985502,0.788020636317,0.028818708778,0
853529,pure_list1,treated_candidate,335,335,1,,2016-01_to_2018-05,29,29,29,684867.586207,19861160.000000,218047181.000000,13.436982253886,-0.023241217771,0.383718477009,0.091086524985,0
853530,pure_list1,treated_candidate,335,335,1,,2016-01_to_2018-05,29,29,29,819042.241379,23752225.000000,434436832.000000,13.615892159218,0.003002457405,0.279595218337,0.054673598669,0
853590,pure_list1,treated_candidate,334|335,,0,ambiguous_naics3_candidates,2016-01_to_2018-05,29,29,29,4323198.586207,125372759.000000,688888400.000000,15.279506331033,0.000241189439,0.182504471479,0.181992843834,0
853610,pure_list1,treated_candidate,335,335,1,,2016-01_to_2018-05,29,29,29,1419091.206897,41153645.000000,563044320.000000,14.165527934226,-0.003904829867,0.268667330317,0.073091306560,0
853620,pure_list1,treated_candidate,335,335,1,,2016-01_to_2018-05,29,29,29,4752978.068966,137836364.000000,2509403302.000000,15.374282151834,0.003564352160,0.226165456532,0.054927943982,0
853641,pure_list1,treated_candidate,335|336,,0,ambiguous_naics3_candidates,2016-01_to_2018-05,29,29,29,9748960.862069,282719865.000000,1229722369.000000,16.092671361620,0.015703739348,0.184175572116,0.229905442177,0
853649,pure_list1,treated_candidate,335,335,1,,2016-01_to_2018-05,29,29,29,9850612.413793,285667760.000000,1159723801.000000,16.103044286721,0.007652404489,0.144342944587,0.246323960717,0
853720,pure_list1,treated_candidate,335,335,1,,2016-01_to_2018-05,29,29,29,543903.034483,15773188.000000,833076216.000000,13.206528103076,0.000460812327,0.601378910783,0.018933667409,0
853810,pure_list1,treated_candidate,335,335,1,,2016-01_to_2018-05,29,29,29,1566955.793103,45441718.000000,434209807.000000,14.264645947954,0.001210785524,0.258763369193,0.104653826946,0
853922,non_list1,control_candidate,335,335,1,,2016-01_to_2018-05,29,29,29,10302051.344828,298759489.000000,436948234.000000,16.147853690130,-0.016349926495,0.227583707244,0.683741152276,0
853929,non_list1,control_candidate,335,335,1,,2016-01_to_2018-05,29,29,29,2498491.206897,72456245.000000,306479778.000000,14.731197990649,-0.003921386743,0.176606016971,0.236414439715,0
853941,pure_list1,treated_candidate,335,335,1,,2016-01_to_2018-05,29,29,29,381250.379310,11056261.000000,250208488.000000,12.851214224760,-0.016478708053,0.365920613154,0.044188193168,0
853990,pure_list1,treated_candidate,335,335,1,,2016-01_to_2018-05,29,29,29,1355973.379310,39323228.000000,129329128.000000,14.120030852990,0.010164635570,0.282292834029,0.304055463824,0
854089,pure_list1,treated_candidate,334,334,1,,2016-01_to_2018-05,29,29,29,415896.862069,12061009.000000,65990266.000000,12.938194985225,0.004059705798,0.341690347624,0.182769516340,0
854121,pure_list1,treated_candidate,334,334,1,,2016-01_to_2018-05,29,29,29,6125833.000000,177649157.000000,466439133.000000,15.628025468391,-0.007941283941,0.206977841974,0.380862462927,0
854129,pure_list1,treated_candidate,334,334,1,,2016-01_to_2018-05,29,29,29,17590190.827586,510115534.000000,2607666982.000000,16.682852022145,0.014274774235,0.166410579239,0.195621426172,0
854130,pure_list1,treated_candidate,334,334,1,,2016-01_to_2018-05,29,29,29,2368504.379310,68686627.000000,240294673.000000,14.677769672532,0.010809276382,0.186315119613,0.285843319548,0
854150,pure_list1,treated_candidate,334,334,1,,2016-01_to_2018-05,29,29,29,2843568.551724,82463488.000000,764265146.000000,14.860570705329,0.013878109171,0.273387306698,0.107899056279,0
854160,pure_list1,treated_candidate,334,334,1,,2016-01_to_2018-05,29,29,29,16685497.379310,483879424.000000,1089342001.000000,16.630050539623,-0.009887530245,0.405037663070,0.444194223261,0
854190,pure_list1,treated_candidate,334,334,1,,2016-01_to_2018-05,29,29,29,2726831.551724,79078115.000000,474702209.000000,14.818651256101,0.004179105136,0.206357139937,0.166584678775,0
854320,pure_list1,treated_candidate,334,334,1,,2016-01_to_2018-05,29,29,29,601582.517241,17445893.000000,125895135.000000,13.307320653040,0.045830264881,0.645303279746,0.138574798780,0
854411,pure_list1,treated_candidate,331,331,1,,2016-01_to_2018-05,29,29,29,1921067.689655,55710963.000000,926958834.000000,14.468392198350,0.014390355314,0.291768392256,0.060100795156,0
854419,pure_list1,treated_candidate,331,331,1,,2016-01_to_2018-05,29,29,29,486632.827586,14112352.000000,119344660.000000,13.095267225177,-0.004602348039,0.484489061752,0.118248709243,0
854430,pure_list1,treated_candidate,336,336,1,,2016-01_to_2018-05,29,29,29,44055887.379310,1277620734.000000,24990563442.000000,17.600969576312,-0.008601335591,0.138127062216,0.051124126792,0
854470,pure_list1,treated_candidate,335,335,1,,2016-01_to_2018-05,29,29,29,21377501.689655,619947549.000000,2604703786.000000,16.877849650829,0.021084539945,0.250718417797,0.238010768185,0
860721,pure_list1,treated_candidate,336,336,1,,2016-01_to_2018-05,29,29,29,1187586.448276,34440007.000000,181399052.000000,13.987434452833,-0.013576950932,0.234415234801,0.189857701131,0
860729,pure_list1,treated_candidate,336,336,1,,2016-01_to_2018-05,29,29,29,329148.103448,9545295.000000,36365562.000000,12.704266129053,-0.011524463397,0.360288197725,0.262481712781,0
860791,pure_list1,treated_candidate,336,336,1,,2016-01_to_2018-05,29,29,29,3174559.000000,92062211.000000,286669180.000000,14.970679598028,-0.028304315800,0.354175577320,0.321144432059,0
860799,pure_list1,treated_candidate,336,336,1,,2016-01_to_2018-05,29,29,29,4318974.862069,125250271.000000,644772129.000000,15.278528863149,0.007904468827,0.248166330256,0.194255094733,0
860800,pure_list1,treated_candidate,334,334,1,,2016-01_to_2018-05,29,29,29,611007.724138,17719224.000000,88055241.000000,13.322866516510,0.002226256657,0.291643982430,0.201228499278,0
860900,non_list1,control_candidate,332,332,1,,2016-01_to_2018-05,29,29,29,27490128.517241,797213727.000000,1145831633.000000,17.129337571561,0.010928487984,0.267922521111,0.695751194190,0
870310,non_list1,control_candidate,336,336,1,,2016-01_to_2018-05,29,29,29,2408485.586207,69846082.000000,1661508174.000000,14.694509135681,0.021593069530,0.379779036482,0.042037760086,0
870911,pure_list1,treated_candidate,333,333,1,,2016-01_to_2018-05,29,28,28,261594.655172,7586245.000000,76531832.000000,12.474555289759,0.014076245619,2.621733703399,0.099125354794,0
870919,pure_list1,treated_candidate,333,333,1,,2016-01_to_2018-05,29,28,28,503462.310345,14600407.000000,256605610.000000,13.129266119260,-0.085660976345,2.656100939447,0.056898237728,0
870990,pure_list1,treated_candidate,333,333,1,,2016-01_to_2018-05,29,29,29,2308878.172414,66957467.000000,369933425.000000,14.652272758000,0.007083563879,0.190319455105,0.180998694562,0
871120,non_list1,control_candidate,336,336,1,,2016-01_to_2018-05,29,29,29,4747917.827586,137689617.000000,746726698.000000,15.373216938438,0.018062543366,0.426950295813,0.184390912189,0
871310,non_list1,control_candidate,339,339,1,,2016-01_to_2018-05,29,29,29,6787068.551724,196824988.000000,381381202.000000,15.730529823419,0.010185209578,0.165968617590,0.516084660093,0
871390,non_list1,control_candidate,339,339,1,,2016-01_to_2018-05,29,29,29,7132553.241379,206844044.000000,333407585.000000,15.780179966861,0.008832159892,0.171522800766,0.620393936149,0
871410,non_list1,control_candidate,336,336,1,,2016-01_to_2018-05,29,29,29,12098575.862069,350858700.000000,1534058077.000000,16.308598388945,0.005127622850,0.171182727912,0.228712788166,0
871420,non_list1,control_candidate,339,339,1,,2016-01_to_2018-05,29,29,29,9552075.172414,277010180.000000,558058200.000000,16.072269089082,0.005936417453,0.115334124787,0.496382241135,0
871499,non_list1,control_candidate,336,336,1,,2016-01_to_2018-05,29,29,29,2619368.379310,75961683.000000,432639882.000000,14.778444151846,0.001342295991,0.201348883698,0.175577162810,0
871500,non_list1,control_candidate,339,339,1,,2016-01_to_2018-05,29,29,29,23237906.275862,673899282.000000,702312838.000000,16.961295437523,-0.001644211379,0.161569207125,0.959542878241,0
880100,non_list1,control_candidate,336,336,1,,2016-01_to_2018-05,29,29,29,29888.758621,866774.000000,29960379.000000,10.305271179658,-0.026458514993,0.685473705418,0.028930675410,0
880211,pure_list1,treated_candidate,336,336,1,,2016-01_to_2018-05,29,29,29,982370.068966,28488732.000000,638853054.000000,13.797724386598,-0.103977703079,1.555770977836,0.044593560008,0
880310,pure_list1,treated_candidate,336,336,1,,2016-01_to_2018-05,29,27,27,36913.413793,1070489.000000,601209603.000000,10.516357371457,0.104559841828,2.807753403876,0.001780558718,0
880320,pure_list1,treated_candidate,336,336,1,,2016-01_to_2018-05,29,29,29,1639028.827586,47531836.000000,4007183078.000000,14.309615056210,0.080579828723,0.806262930583,0.011861658196,0
880330,pure_list1,treated_candidate,336,336,1,,2016-01_to_2018-05,29,29,29,38415958.310345,1114062791.000000,35566172597.000000,17.463983538258,0.004908420145,0.117731895950,0.031323662617,0
880390,pure_list1,treated_candidate,334|336,,0,ambiguous_naics3_candidates,2016-01_to_2018-05,29,29,29,387728.206897,11244118.000000,505853628.000000,12.868062454576,0.051135354585,0.952579270481,0.022228007031,0
880529,pure_list1,treated_candidate,333,333,1,,2016-01_to_2018-05,29,27,27,16752.931034,485835.000000,622542385.000000,9.726388198344,-0.003359601380,2.578730401332,0.000780404695,0
890790,non_list1,control_candidate,332|336,,0,ambiguous_naics3_candidates,2016-01_to_2018-05,29,29,29,326490.896552,9468236.000000,203647089.000000,12.696160408253,0.010430683142,0.555348641890,0.046493353018,0
900140,non_list1,control_candidate,339,339,1,,2016-01_to_2018-05,29,29,29,116971.517241,3392174.000000,42370039.000000,11.669694290815,0.002283233857,0.556364545457,0.080060676838,0
900150,non_list1,control_candidate,339,339,1,,2016-01_to_2018-05,29,29,29,11020033.000000,319580957.000000,1851512714.000000,16.215225446984,0.025769122745,0.233366291415,0.172605326760,0
900311,non_list1,control_candidate,339,339,1,,2016-01_to_2018-05,29,29,29,28322836.310345,821362253.000000,1498340456.000000,17.159179009284,0.000508313373,0.151778237831,0.548181322683,0
900319,non_list1,control_candidate,339,339,1,,2016-01_to_2018-05,29,29,29,23027953.310345,667810646.000000,1130235408.000000,16.952219440685,-0.002774633696,0.148762869684,0.590859781310,0
900390,non_list1,control_candidate,339,339,1,,2016-01_to_2018-05,29,29,29,843845.137931,24471509.000000,59916188.000000,13.645725455930,0.002637324355,0.319722492004,0.408429004195,0
900410,non_list1,control_candidate,339,339,1,,2016-01_to_2018-05,29,29,29,51944833.586207,1506400174.000000,3755908700.000000,17.765692840079,0.000968577969,0.220582277604,0.401074758287,0
900490,non_list1,control_candidate,339,339,1,,2016-01_to_2018-05,29,29,29,36037729.172414,1045094146.000000,1997384348.000000,17.400077007933,0.008959920945,0.132252721519,0.523231368588,0
900510,non_list1,control_candidate,333,333,1,,2016-01_to_2018-05,29,29,29,7421169.586207,215213918.000000,354083776.000000,15.819847363645,-0.005722744161,0.264019661942,0.607805080569,0
900580,non_list1,control_candidate,333,333,1,,2016-01_to_2018-05,29,29,29,5281258.965517,153156510.000000,211131674.000000,15.479675257048,-0.003218170986,0.407419703500,0.725407548277,0
900590,non_list1,control_candidate,333,333,1,,2016-01_to_2018-05,29,24,24,184762.034483,5358099.000000,21471470.000000,12.126829388326,0.419214581123,4.722306271862,0.249545047451,0
900640,non_list1,control_candidate,333,333,1,,2016-01_to_2018-05,29,29,29,8128272.310345,235719897.000000,414491839.000000,15.910859074016,-0.014005430562,0.579747775929,0.568696111288,0
900651,non_list1,control_candidate,333,333,1,,2016-01_to_2018-05,29,29,29,104055.344828,3017605.000000,5731963.000000,11.552687808604,-0.024738882466,1.031926553013,0.526452281705,0
900652,non_list1,control_candidate,333,333,1,,2016-01_to_2018-05,29,27,27,58357.862069,1692378.000000,4703691.000000,10.974366503971,-0.072511241575,2.891580924969,0.359797869375,0
900653,non_list1,control_candidate,333,333,1,,2016-01_to_2018-05,29,29,29,736969.034483,21372102.000000,40529277.000000,13.510302511570,-0.001544412928,0.382190241825,0.527325024821,0
900659,non_list1,control_candidate,333,333,1,,2016-01_to_2018-05,29,29,29,197219.379310,5719362.000000,22257179.000000,12.192077059170,0.015298266154,0.532304419007,0.256967066671,0
900661,non_list1,control_candidate,333,333,1,,2016-01_to_2018-05,29,29,29,2113814.310345,61300615.000000,141102313.000000,14.564005076574,0.017885295818,0.312774454586,0.434440893963,0
900669,non_list1,control_candidate,333|335,,0,ambiguous_naics3_candidates,2016-01_to_2018-05,29,29,29,1071923.827586,31085791.000000,35716253.000000,13.884966494634,0.035997208068,0.578727830037,0.870354205409,0
900699,non_list1,control_candidate,333,333,1,,2016-01_to_2018-05,29,29,29,1477465.655172,42846504.000000,86904926.000000,14.205839459596,0.000648088118,0.237809303741,0.493027334262,0
900791,non_list1,control_candidate,333,333,1,,2016-01_to_2018-05,29,29,29,919593.482759,26668211.000000,90175560.000000,13.731688072243,0.047702152033,0.699140096875,0.295736572082,0
901110,pure_list1,treated_candidate,333,333,1,,2016-01_to_2018-05,29,29,29,737849.103448,21397624.000000,314572124.000000,13.511495971094,0.038385043090,0.457654861176,0.068021360977,0
901190,pure_list1,treated_candidate,333,333,1,,2016-01_to_2018-05,29,29,29,1308331.137931,37941603.000000,321530154.000000,14.084263706847,-0.000602866406,0.186149212295,0.118003249549,0
901210,pure_list1,treated_candidate,334,334,1,,2016-01_to_2018-05,29,29,29,225905.758621,6551267.000000,675161797.000000,12.327877620648,0.000545400621,0.662586785376,0.009703254878,0
901290,pure_list1,treated_candidate,334,334,1,,2016-01_to_2018-05,29,29,29,184346.482759,5346048.000000,139867231.000000,12.124577748883,0.029994916439,0.729583794965,0.038222305266,0
901320,pure_list1,treated_candidate,335,335,1,,2016-01_to_2018-05,29,29,29,3420369.793103,99190724.000000,1721812429.000000,15.045259522198,0.004448008317,0.168521927277,0.057608321516,0
901420,pure_list1,treated_candidate,334,334,1,,2016-01_to_2018-05,29,29,29,436240.413793,12650972.000000,1966040505.000000,12.985951070455,0.052629718441,1.007885352559,0.006434746369,0
901480,pure_list1,treated_candidate,334,334,1,,2016-01_to_2018-05,29,29,29,4454637.206897,129184479.000000,731631103.000000,15.309456405016,0.119503257969,1.226478571784,0.176570512749,0
901490,pure_list1,treated_candidate,334,334,1,,2016-01_to_2018-05,29,29,29,544874.689655,15801366.000000,782855757.000000,13.208312955253,-0.000431965776,0.370545847025,0.020184262374,0
901520,pure_list1,treated_candidate,334,334,1,,2016-01_to_2018-05,29,29,29,892435.724138,25880636.000000,237321610.000000,13.701710892798,0.013215153891,0.330830033550,0.109053010385,0
901580,pure_list1,treated_candidate,334,334,1,,2016-01_to_2018-05,29,29,29,4359960.034483,126438841.000000,1288738768.000000,15.287973678240,0.019972881299,0.540163583986,0.098110528014,0
901811,pure_list1,treated_candidate,334,334,1,,2016-01_to_2018-05,29,29,29,1512343.379310,43857958.000000,914474257.000000,14.229171573881,-0.001345269610,0.221362604112,0.047959751370,0
901812,pure_list1,treated_candidate,334,334,1,,2016-01_to_2018-05,29,29,29,6892587.310345,199885032.000000,828770642.000000,15.745957234325,0.019738380340,0.279958605641,0.241182568337,0
901813,pure_list1,treated_candidate,334,334,1,,2016-01_to_2018-05,29,29,29,4768070.034483,138274031.000000,1452290349.000000,15.377452385788,0.017292875199,0.766322817938,0.095211010040,0
901819,pure_list1,treated_candidate,334,334,1,,2016-01_to_2018-05,29,29,29,37012868.413793,1073373184.000000,8661210766.000000,17.426776232127,-0.002299166328,0.094900818194,0.123928768506,0
901820,pure_list1,treated_candidate,334,334,1,,2016-01_to_2018-05,29,29,29,585310.965517,16974018.000000,106540924.000000,13.279900258462,0.003742272789,0.393032407513,0.159319230233,0
901831,non_list1,control_candidate,339,339,1,,2016-01_to_2018-05,29,29,29,7157712.413793,207573660.000000,1330938824.000000,15.783701132316,0.011338783450,0.180539648495,0.155960331352,0
901832,non_list1,control_candidate,339,339,1,,2016-01_to_2018-05,29,29,29,1213491.448276,35191252.000000,1458509438.000000,14.009013081036,0.005832162651,0.373079999747,0.024128230564,0
901839,non_list1,control_candidate,339,339,1,,2016-01_to_2018-05,29,29,29,19346514.620690,561048924.000000,11707546746.000000,16.778022889943,-0.004717768335,0.162358975515,0.047921988797,0
901841,non_list1,control_candidate,339,339,1,,2016-01_to_2018-05,29,26,26,26540.793103,769683.000000,150109152.000000,10.186475867904,0.027023166141,3.194372658397,0.005127488829,0
901849,non_list1,control_candidate,339,339,1,,2016-01_to_2018-05,29,29,29,5453701.931034,158157356.000000,2006377255.000000,15.511805372814,0.003104749061,0.138378156257,0.078827327017,0
901850,non_list1,control_candidate,339,339,1,,2016-01_to_2018-05,29,29,29,1197082.172414,34715383.000000,987513799.000000,13.995398466181,0.022661247102,0.312397958746,0.035154326993,0
901910,non_list1,control_candidate,335|339,,0,ambiguous_naics3_candidates,2016-01_to_2018-05,29,29,29,49363031.068966,1431527901.000000,2621168849.000000,17.714712363328,0.015909129418,0.254475105593,0.546141047551,0
901920,non_list1,control_candidate,339,339,1,,2016-01_to_2018-05,29,29,29,29952928.413793,868634924.000000,5257178789.000000,17.215137687886,0.007457368394,0.115411849677,0.165228339926,0
902000,non_list1,control_candidate,339,339,1,,2016-01_to_2018-05,29,29,29,662087.310345,19200532.000000,493471120.000000,13.403154225335,0.006424512609,0.284583078031,0.038909130082,0
902110,non_list1,control_candidate,339,339,1,,2016-01_to_2018-05,29,29,29,23737448.379310,688386003.000000,4968223400.000000,16.982564501581,0.010750987463,0.132576160793,0.138557779628,0
902121,non_list1,control_candidate,339,339,1,,2016-01_to_2018-05,29,29,29,3888214.862069,112758231.000000,390901594.000000,15.173460963101,0.006760321429,0.097931446087,0.288456820670,0
902129,non_list1,control_candidate,339,339,1,,2016-01_to_2018-05,29,29,29,508222.344828,14738448.000000,833440495.000000,13.138676285113,-0.010422291206,0.276653534889,0.017683863561,0
902131,non_list1,control_candidate,339,339,1,,2016-01_to_2018-05,29,29,29,7198078.827586,208744286.000000,5468947747.000000,15.789324857805,-0.012644966633,0.238317865358,0.038169003555,0
902139,non_list1,control_candidate,339,339,1,,2016-01_to_2018-05,29,29,29,464946.482759,13483448.000000,8201912190.000000,13.049679737887,0.064752195961,0.881425947315,0.001643939570,0
902140,non_list1,control_candidate,334,334,1,,2016-01_to_2018-05,29,29,29,22514533.172414,652921462.000000,3247551211.000000,16.929671621849,-0.005209614090,0.190956724769,0.201050397539,0
902190,non_list1,control_candidate,334|339,,0,ambiguous_naics3_candidates,2016-01_to_2018-05,29,29,29,27504690.931034,797636037.000000,2733200066.000000,17.129867163758,0.009256176119,0.155729197760,0.291832290992,0
902212,pure_list1,treated_candidate,334,334,1,,2016-01_to_2018-05,29,29,29,12621384.965517,366020164.000000,1423077395.000000,16.350903231988,-0.006331259099,0.207669234711,0.257203273192,0
902214,pure_list1,treated_candidate,334,334,1,,2016-01_to_2018-05,29,29,29,3253725.931034,94358052.000000,2786124786.000000,14.995311645303,0.007165624019,0.360369696326,0.033867130602,0
902219,pure_list1,treated_candidate,334,334,1,,2016-01_to_2018-05,29,29,29,1633936.896552,47384170.000000,694202495.000000,14.306503546674,0.000926606799,0.325553179323,0.068256986025,0
902221,pure_list1,treated_candidate,334,334,1,,2016-01_to_2018-05,29,27,27,238174.931034,6907073.000000,86736964.000000,12.380764885603,-0.096020346819,3.306940679533,0.079632404473,0
902230,pure_list1,treated_candidate,334,334,1,,2016-01_to_2018-05,29,29,29,694416.862069,20138089.000000,853056589.000000,13.450829165023,0.022974552604,0.282353039149,0.023606979021,0
902300,non_list1,control_candidate,339,339,1,,2016-01_to_2018-05,29,29,29,8922677.448276,258757646.000000,1213448588.000000,16.004106733953,0.009447828281,0.241184313598,0.213241540316,0
902410,pure_list1,treated_candidate,334,334,1,,2016-01_to_2018-05,29,29,29,409905.000000,11887245.000000,115456459.000000,12.923683144102,-0.005730795349,0.346756859442,0.102958683325,0
902480,pure_list1,treated_candidate,334,334,1,,2016-01_to_2018-05,29,29,29,522133.517241,15141872.000000,194281079.000000,13.165680529532,0.003470948141,0.278898351719,0.077937965333,0
902490,pure_list1,treated_candidate,334,334,1,,2016-01_to_2018-05,29,29,29,341585.206897,9905971.000000,154560846.000000,12.741355362144,-0.001552264105,0.393081060171,0.064091076468,0
902511,non_list1,control_candidate,334|339,,0,ambiguous_naics3_candidates,2016-01_to_2018-05,29,29,29,986080.413793,28596332.000000,36620772.000000,13.801494199946,0.012235550600,0.188605023295,0.780877366539,0
902690,pure_list1,treated_candidate,334,334,1,,2016-01_to_2018-05,29,29,29,9071423.206897,263071273.000000,1329118235.000000,16.020639833678,0.013015348201,0.165358578053,0.197929172945,0
902720,pure_list1,treated_candidate,334,334,1,,2016-01_to_2018-05,29,29,29,4372147.620690,126792281.000000,589127041.000000,15.290765121454,0.000175031572,0.208692874174,0.215220609777,0
902730,pure_list1,treated_candidate,334,334,1,,2016-01_to_2018-05,29,29,29,4378492.517241,126976283.000000,999766654.000000,15.292215277354,-0.007142870772,0.223486251887,0.127005919323,0
902750,pure_list1,treated_candidate,333|334,,0,ambiguous_naics3_candidates,2016-01_to_2018-05,29,29,29,11936297.931034,346152640.000000,2943109476.000000,16.295094645602,0.012660088655,0.195718915489,0.117614598717,0
902780,pure_list1,treated_candidate,334,334,1,,2016-01_to_2018-05,29,29,29,11779720.310345,341611889.000000,3565907681.000000,16.281890078042,0.002113402146,0.260147989314,0.095799420389,0
902890,pure_list1,treated_candidate,334,334,1,,2016-01_to_2018-05,29,29,29,5284036.172414,153237049.000000,1034402146.000000,15.480200979500,0.009197848838,0.233337626682,0.148140691309,0
903010,pure_list1,treated_candidate,334,334,1,,2016-01_to_2018-05,29,29,29,679955.655172,19718714.000000,476596025.000000,13.429784332727,0.107427043689,1.224550623751,0.041374063076,0
903039,pure_list1,treated_candidate,334,334,1,,2016-01_to_2018-05,29,29,29,1581478.413793,45862874.000000,353781422.000000,14.273871304756,0.004371037203,0.212228487588,0.129636185362,0
903040,pure_list1,treated_candidate,334,334,1,,2016-01_to_2018-05,29,29,29,7021519.965517,203624079.000000,2020787417.000000,15.764490414289,0.009626890199,0.258739267379,0.100764720369,0
903082,pure_list1,treated_candidate,334,334,1,,2016-01_to_2018-05,29,29,29,3508695.620690,101752173.000000,843833520.000000,15.070755193344,0.019006514604,0.609855263166,0.120583231868,0
903110,pure_list1,treated_candidate,333,333,1,,2016-01_to_2018-05,29,29,29,631914.965517,18325534.000000,124497809.000000,13.356511698335,0.017374559465,0.495764268650,0.147195634583,0
903120,pure_list1,treated_candidate,334|337,,0,ambiguous_naics3_candidates,2016-01_to_2018-05,29,29,29,312989.862069,9076706.000000,304845370.000000,12.653929274428,0.022182045755,0.656436213018,0.029774787132,0
903141,pure_list1,treated_candidate,333,333,1,,2016-01_to_2018-05,29,29,29,193065.551724,5598901.000000,827600187.000000,12.170790236034,0.019610820690,1.401497835872,0.006765224426,0
903149,pure_list1,treated_candidate,332|333,,0,ambiguous_naics3_candidates,2016-01_to_2018-05,29,29,29,10109771.965517,293183387.000000,2110156504.000000,16.129013134317,0.014819235335,0.233623779223,0.138939167045,0
903180,pure_list1,treated_candidate,334,334,1,,2016-01_to_2018-05,29,29,29,28051524.551724,813494212.000000,6432365579.000000,17.149553575325,0.002890153155,0.194751569505,0.126468901994,0
903210,pure_list1,treated_candidate,334,334,1,,2016-01_to_2018-05,29,29,29,31211017.655172,905119512.000000,2172733869.000000,17.256281752457,0.017700715399,0.229645464422,0.416580937460,0
903220,pure_list1,treated_candidate,334,334,1,,2016-01_to_2018-05,29,29,29,45535.068966,1320517.000000,112550965.000000,10.726260015416,0.026249740667,0.562208463127,0.011732613754,0
903281,pure_list1,treated_candidate,334,334,1,,2016-01_to_2018-05,29,29,29,537769.034483,15595302.000000,138908086.000000,13.195186302564,0.032368017671,0.378259962331,0.112270656440,0
903289,pure_list1,treated_candidate,334|335|336,,0,ambiguous_naics3_candidates,2016-01_to_2018-05,29,29,29,28201030.206897,817829876.000000,7547583911.000000,17.154869102860,0.001228601234,0.151799998396,0.108356513242,0
910111,non_list1,control_candidate,334|335,,0,ambiguous_naics3_candidates,2016-01_to_2018-05,29,28,28,137541.793103,3988712.000000,246424012.000000,11.831690370240,0.016738542915,2.357021241854,0.016186377162,0
910119,non_list1,control_candidate,316|334|335,,0,ambiguous_naics3_candidates,2016-01_to_2018-05,29,27,27,67875.103448,1968378.000000,4090178.000000,11.125439314169,0.027630273277,2.935294595004,0.481245070508,0
910121,non_list1,control_candidate,334,334,1,,2016-01_to_2018-05,29,29,29,349630.275862,10139278.000000,1655733502.000000,12.764634380610,0.094187582380,1.438871046688,0.006123737901,0
910211,non_list1,control_candidate,334|335,,0,ambiguous_naics3_candidates,2016-01_to_2018-05,29,29,29,12652466.103448,366921517.000000,3227981594.000000,16.353362782063,-0.023418234083,0.313938782217,0.113669023913,0
910212,non_list1,control_candidate,334,334,1,,2016-01_to_2018-05,29,29,29,11730705.931034,340190472.000000,468511322.000000,16.277720485739,-0.020055359869,0.394996453435,0.726109393787,0
910219,non_list1,control_candidate,334|335,,0,ambiguous_naics3_candidates,2016-01_to_2018-05,29,29,29,2679887.517241,77716738.000000,185366594.000000,14.801285753578,-0.029231646415,0.324501200403,0.419259675236,0
910221,non_list1,control_candidate,334,334,1,,2016-01_to_2018-05,29,29,29,1596891.206897,46309845.000000,3113846749.000000,14.283569927672,-0.006022075235,0.380113569128,0.014872229988,0
910229,non_list1,control_candidate,334,334,1,,2016-01_to_2018-05,29,29,29,138700.344828,4022310.000000,297760735.000000,11.840078302201,0.025669322924,1.282503989573,0.013508530599,0
910291,non_list1,control_candidate,334|335,,0,ambiguous_naics3_candidates,2016-01_to_2018-05,29,29,29,324102.206897,9398964.000000,17506536.000000,12.688817283856,-0.016868250946,0.451781681951,0.536883138960,0
910310,non_list1,control_candidate,334|335,,0,ambiguous_naics3_candidates,2016-01_to_2018-05,29,29,29,305010.965517,8845318.000000,12448965.000000,12.628106286024,-0.009294935318,0.465338196390,0.710526377092,0
910511,non_list1,control_candidate,334|335,,0,ambiguous_naics3_candidates,2016-01_to_2018-05,29,29,29,4646815.241379,134757642.000000,136817054.000000,15.351692863790,0.003085890918,0.300928081556,0.984947695190,0
910519,non_list1,control_candidate,334,334,1,,2016-01_to_2018-05,29,29,29,214488.206897,6220158.000000,8198110.000000,12.276014698586,-0.007749426826,0.686766758163,0.758730731839,0
910521,non_list1,control_candidate,334|335,,0,ambiguous_naics3_candidates,2016-01_to_2018-05,29,29,29,6992265.551724,202775701.000000,232835689.000000,15.760315317977,-0.000791212636,0.182086034056,0.870896132251,0
910529,non_list1,control_candidate,334,334,1,,2016-01_to_2018-05,29,29,29,851418.379310,24691133.000000,35369243.000000,13.654660093816,0.001190892535,0.205190070751,0.698096167905,0
910591,non_list1,control_candidate,334|335,,0,ambiguous_naics3_candidates,2016-01_to_2018-05,29,29,29,2092688.931034,60687979.000000,71587404.000000,14.553960844746,0.000767324649,0.247594454596,0.847746609166,0
910599,non_list1,control_candidate,334,334,1,,2016-01_to_2018-05,29,29,29,235730.413793,6836182.000000,33027922.000000,12.370448358758,-0.000578679345,0.330088800356,0.206981898528,0
910811,non_list1,control_candidate,334|335,,0,ambiguous_naics3_candidates,2016-01_to_2018-05,29,27,27,22800.517241,661215.000000,24992489.000000,10.034582358403,-0.161195721618,2.678786672648,0.026456548605,0
910820,non_list1,control_candidate,334,334,1,,2016-01_to_2018-05,29,26,26,19884.241379,576643.000000,27380554.000000,9.897733096332,-0.171088517889,3.111987075237,0.021060311636,0
910910,non_list1,control_candidate,334|335,,0,ambiguous_naics3_candidates,2016-01_to_2018-05,29,29,29,109227.551724,3167599.000000,4279945.000000,11.601197770793,-0.031782996464,0.632761267550,0.740102734965,0
910990,non_list1,control_candidate,334,334,1,,2016-01_to_2018-05,29,27,27,39365.827586,1141609.000000,12224189.000000,10.580678801220,-0.112252091854,2.804683846342,0.093389344684,0
911090,non_list1,control_candidate,334,334,1,,2016-01_to_2018-05,29,28,28,29945.965517,868433.000000,2128725.000000,10.307183280121,-0.046314816426,2.071810317571,0.407959224418,0
911120,non_list1,control_candidate,334,334,1,,2016-01_to_2018-05,29,29,29,839654.172414,24349971.000000,35916948.000000,13.640746577506,-0.023587347527,0.533608537742,0.677952118872,0
911180,non_list1,control_candidate,334,334,1,,2016-01_to_2018-05,29,28,28,79781.034483,2313650.000000,3019763.000000,11.287053626297,0.025989076859,2.376951166340,0.766169398062,0
911190,non_list1,control_candidate,334,334,1,,2016-01_to_2018-05,29,29,29,78567.965517,2278471.000000,21213172.000000,11.271732059700,0.030069905529,0.716930769884,0.107408312156,0
911220,non_list1,control_candidate,334,334,1,,2016-01_to_2018-05,29,28,28,33404.793103,968739.000000,2774987.000000,10.416484610136,0.037864036935,2.108983089725,0.349096770543,0
911290,non_list1,control_candidate,334,334,1,,2016-01_to_2018-05,29,24,24,15641.482759,453603.000000,1020355.000000,9.657745745658,0.094261070203,3.760256101799,0.444554101269,0
911320,non_list1,control_candidate,339,339,1,,2016-01_to_2018-05,29,29,29,1592568.724138,46184493.000000,64484534.000000,14.280859448288,-0.010411452650,0.227466173191,0.716210386199,0
911390,non_list1,control_candidate,316|339,,0,ambiguous_naics3_candidates,2016-01_to_2018-05,29,29,29,5916840.241379,171588367.000000,243902638.000000,15.593313290368,0.001321475735,0.281081605459,0.703511730775,0
911430,non_list1,control_candidate,334,334,1,,2016-01_to_2018-05,29,29,29,161783.620690,4691725.000000,16626198.000000,11.994021227727,-0.012444053855,0.417232477816,0.282188687997,0
911440,non_list1,control_candidate,334,334,1,,2016-01_to_2018-05,29,26,26,11556.206897,335130.000000,2828532.000000,9.355064495087,0.009857254668,2.925919486088,0.118481954597,0
911490,non_list1,control_candidate,334,334,1,,2016-01_to_2018-05,29,29,29,583219.827586,16913375.000000,82718778.000000,13.276321171635,-0.023048213317,0.437870040507,0.204468385643,0
920110,non_list1,control_candidate,339,339,1,,2016-01_to_2018-05,29,29,29,454421.689655,13178229.000000,105352057.000000,13.026783078362,0.006674080095,0.251141893917,0.125087533887,0
920120,non_list1,control_candidate,339,339,1,,2016-01_to_2018-05,29,29,29,621794.275862,18032034.000000,166192410.000000,13.340366179058,-0.001526262603,0.381127066021,0.108500947787,0
920210,non_list1,control_candidate,339,339,1,,2016-01_to_2018-05,29,29,29,2764187.103448,80161426.000000,96756190.000000,14.832257516347,-0.003916426415,0.239605443636,0.828488864640,0
920290,non_list1,control_candidate,339,339,1,,2016-01_to_2018-05,29,29,29,6495966.724138,188383035.000000,364656806.000000,15.686692192236,0.013081399118,0.394928662605,0.516603644579,0
920510,non_list1,control_candidate,339,339,1,,2016-01_to_2018-05,29,29,29,2729297.241379,79149620.000000,190323979.000000,14.819555079677,-0.001312680195,0.291701090765,0.415867829245,0
920590,non_list1,control_candidate,339,339,1,,2016-01_to_2018-05,29,29,29,3122002.517241,90538073.000000,314301919.000000,14.953985506656,0.004152880381,0.245527536206,0.288060834271,0
920600,non_list1,control_candidate,339,339,1,,2016-01_to_2018-05,29,29,29,3800055.517241,110201610.000000,270826763.000000,15.150526497544,-0.003834517233,0.260380486058,0.406908123774,0
920710,non_list1,control_candidate,339,339,1,,2016-01_to_2018-05,29,29,29,10905180.275862,316250228.000000,544758702.000000,16.204748580667,-0.001058742228,0.402061334410,0.580532677751,0
920790,non_list1,control_candidate,339,339,1,,2016-01_to_2018-05,29,29,29,8427230.862069,244389695.000000,579284592.000000,15.946978908565,-0.001998399176,0.343163743377,0.421881918447,0
920810,non_list1,control_candidate,339,339,1,,2016-01_to_2018-05,29,29,29,2003859.689655,58111931.000000,60276732.000000,14.510586222630,0.009275828376,0.830592621220,0.964085627602,0
920890,non_list1,control_candidate,339,339,1,,2016-01_to_2018-05,29,29,29,530323.758621,15379389.000000,25413602.000000,13.181244849987,-0.017786184447,0.317739862331,0.605163683605,0
920930,non_list1,control_candidate,339,339,1,,2016-01_to_2018-05,29,29,29,141700.206897,4109306.000000,47778189.000000,11.861475942908,0.004026130505,0.512194291887,0.086007989964,0
920991,non_list1,control_candidate,339,339,1,,2016-01_to_2018-05,29,29,29,85601.310345,2482438.000000,16139847.000000,11.357467551775,0.077059774615,1.083209995268,0.153808025566,0
920992,non_list1,control_candidate,339,339,1,,2016-01_to_2018-05,29,29,29,1182527.000000,34293283.000000,92266630.000000,13.983165077715,-0.005333298996,0.188992264844,0.371675902761,0
920994,non_list1,control_candidate,339,339,1,,2016-01_to_2018-05,29,29,29,1527598.034483,44300343.000000,130656342.000000,14.239207802285,0.010722971828,0.258235389212,0.339060028177,0
920999,non_list1,control_candidate,339,339,1,,2016-01_to_2018-05,29,29,29,2187070.000000,63425030.000000,209566356.000000,14.598073763695,-0.006471678052,0.155628784945,0.302648913741,0
930320,non_list1,control_candidate,332,332,1,,2016-01_to_2018-05,29,29,29,1288637.413793,37370485.000000,538710961.000000,14.069096725729,-0.006508647129,0.540182467764,0.069370196089,0
930400,non_list1,control_candidate,332,332,1,,2016-01_to_2018-05,29,29,29,5168130.689655,149875790.000000,383638491.000000,15.458021805864,0.001118619432,0.233233735035,0.390669324158,0
930510,non_list1,control_candidate,332,332,1,,2016-01_to_2018-05,29,28,28,44306.482759,1284888.000000,557015006.000000,10.698908852799,-0.010259831993,2.190516210508,0.002306738573,0
930520,non_list1,control_candidate,332,332,1,,2016-01_to_2018-05,29,29,29,2104891.241379,61041846.000000,552782081.000000,14.559774832044,0.000046612708,0.274342692203,0.110426600460,0
930599,non_list1,control_candidate,332,332,1,,2016-01_to_2018-05,29,29,29,1546775.620690,44856493.000000,102042161.000000,14.251683723971,-0.002883776185,0.264042638352,0.439587838599,0
930629,non_list1,control_candidate,332,332,1,,2016-01_to_2018-05,29,29,29,737963.965517,21400955.000000,107173087.000000,13.511651630257,-0.012904374271,0.302291513318,0.199685906220,0
930690,non_list1,control_candidate,332|336,,0,ambiguous_naics3_candidates,2016-01_to_2018-05,29,29,29,417228.758621,12099634.000000,1124709081.000000,12.941392328953,-0.033291105246,0.485287876744,0.010758012187,0
930700,non_list1,control_candidate,332,332,1,,2016-01_to_2018-05,29,29,29,1021372.413793,29619800.000000,48620606.000000,13.836658763675,0.001418020505,0.339989023743,0.609202608458,0
940110,non_list1,control_candidate,336,336,1,,2016-01_to_2018-05,29,29,29,1351694.655172,39199145.000000,1681455698.000000,14.116870403124,0.074112563316,1.029112508728,0.023312624321,0
940210,non_list1,control_candidate,339,339,1,,2016-01_to_2018-05,29,29,29,3297458.448276,95626295.000000,152977922.000000,15.008662865780,0.007374568372,0.179315818567,0.625098666198,0
940290,non_list1,control_candidate,337|339,,0,ambiguous_naics3_candidates,2016-01_to_2018-05,29,29,29,21311649.827586,618037845.000000,1985122595.000000,16.874764468347,0.015852428741,0.208074925149,0.311334849826,0
940430,non_list1,control_candidate,314,314,1,,2016-01_to_2018-05,29,29,29,9926147.862069,287858288.000000,316827966.000000,16.110683132203,-0.001999393434,0.186133361211,0.908563381050,0
940490,non_list1,control_candidate,314,314,1,,2016-01_to_2018-05,29,29,29,157233893.379310,4559782908.000000,5785902208.000000,18.873245027818,0.004393062474,0.146549254770,0.788085028761,0
950300,non_list1,control_candidate,339,339,1,,2016-01_to_2018-05,29,29,29,947190113.517241,27468513292.000000,32132402991.000000,20.669010385508,-0.000596589549,0.405207960004,0.854854002039,0
950420,non_list1,control_candidate,339,339,1,,2016-01_to_2018-05,29,29,29,3528695.310345,102332164.000000,149853004.000000,15.076439043512,0.004841438978,0.421720385148,0.682883634418,0
950430,non_list1,control_candidate,339,339,1,,2016-01_to_2018-05,29,29,29,24943392.379310,723358379.000000,1806398620.000000,17.032119550681,0.006404556227,0.143495176936,0.400442278349,0
950440,non_list1,control_candidate,323,323,1,,2016-01_to_2018-05,29,29,29,7336621.310345,212762018.000000,274151712.000000,15.808389118975,0.035509945873,0.652621195694,0.776074008248,0
950450,non_list1,control_candidate,339,339,1,,2016-01_to_2018-05,29,29,29,333866507.068965,9682128705.000000,10039084766.000000,19.626251794609,0.025178992395,0.475739454204,0.964443366171,0
950490,non_list1,control_candidate,339,339,1,,2016-01_to_2018-05,29,29,29,60372438.241379,1750800709.000000,2203723207.000000,17.916043254816,0.017923871163,0.495174490428,0.794473962718,0
950510,non_list1,control_candidate,327|339,,0,ambiguous_naics3_candidates,2016-01_to_2018-05,29,29,29,142205488.827586,4123959176.000000,4490932539.000000,18.772783680971,0.001895932344,1.798398245307,0.918285710192,0
950590,non_list1,control_candidate,322|339,,0,ambiguous_naics3_candidates,2016-01_to_2018-05,29,29,29,67781668.620690,1965668390.000000,2146597533.000000,18.031802356780,-0.004691580310,0.679024040179,0.915713523276,0
950611,non_list1,control_candidate,339,339,1,,2016-01_to_2018-05,29,29,29,1709257.758621,49568475.000000,268312045.000000,14.351570360011,-0.014771855134,0.730658115731,0.184741892597,0
950612,non_list1,control_candidate,339,339,1,,2016-01_to_2018-05,29,28,28,1105699.413793,32065283.000000,111778909.000000,13.915989550767,0.078765873039,2.744309022406,0.286863445769,0
950619,non_list1,control_candidate,339,339,1,,2016-01_to_2018-05,29,29,29,459733.448276,13332270.000000,37850458.000000,13.038404315415,0.003574877401,1.063832590193,0.352235367931,0
950621,non_list1,control_candidate,339,339,1,,2016-01_to_2018-05,29,29,29,326709.862069,9474586.000000,37715519.000000,12.696830844875,-0.004333569878,0.426267694383,0.251211868515,0
950629,non_list1,control_candidate,339,339,1,,2016-01_to_2018-05,29,29,29,24534063.931034,711487854.000000,1051381766.000000,17.015573115145,-0.003246790731,0.503156457576,0.676716942417,0
950631,non_list1,control_candidate,339,339,1,,2016-01_to_2018-05,29,29,29,23230189.034483,673675482.000000,956950030.000000,16.960963285276,-0.001152808403,0.343132587002,0.703981880851,0
950632,non_list1,control_candidate,339,339,1,,2016-01_to_2018-05,29,29,29,2406836.068966,69798246.000000,399260700.000000,14.693824023974,0.013756358642,0.333440305587,0.174818723706,0
950639,non_list1,control_candidate,339,339,1,,2016-01_to_2018-05,29,29,29,18343865.103448,531972088.000000,826429416.000000,16.724805804292,0.001016015021,0.124064211710,0.643699362221,0
950640,non_list1,control_candidate,339,339,1,,2016-01_to_2018-05,29,29,29,2846307.551724,82542919.000000,125905260.000000,14.861533467681,0.014597999402,0.607205996671,0.655595477107,0
950651,non_list1,control_candidate,339,339,1,,2016-01_to_2018-05,29,29,29,3170949.586207,91957538.000000,106757315.000000,14.969541970367,0.002867813836,0.307166763004,0.861369902381,0
950659,non_list1,control_candidate,339,339,1,,2016-01_to_2018-05,29,29,29,1287359.068966,37333413.000000,45769185.000000,14.068104221315,0.003391524024,0.372849944589,0.815688830815,0
950661,non_list1,control_candidate,339,339,1,,2016-01_to_2018-05,29,29,29,3200795.448276,92823068.000000,149755616.000000,14.978910226888,-0.000874696125,0.177363646993,0.619830297383,0
950662,non_list1,control_candidate,339,339,1,,2016-01_to_2018-05,29,29,29,12488486.655172,362166113.000000,544031282.000000,16.340317790317,-0.010680548431,0.163155512230,0.665708250578,0
950669,non_list1,control_candidate,339,339,1,,2016-01_to_2018-05,29,29,29,8305753.793103,240866860.000000,332170828.000000,15.932459181078,0.000975529788,0.342926561399,0.725129480666,0
950670,non_list1,control_candidate,339,339,1,,2016-01_to_2018-05,29,29,29,6696978.724138,194212383.000000,291126515.000000,15.717167195284,-0.005914486080,0.368810735439,0.667106474311,0
950691,non_list1,control_candidate,339,339,1,,2016-01_to_2018-05,29,29,29,122004764.103448,3538138159.000000,5022359904.000000,18.619570660160,0.005582848440,0.224532955869,0.704477223184,0
950699,non_list1,control_candidate,339,339,1,,2016-01_to_2018-05,29,29,29,94615989.206897,2743863687.000000,4176431403.000000,18.365337049409,0.003816576200,0.239546836280,0.656987610291,0
950710,non_list1,control_candidate,339,339,1,,2016-01_to_2018-05,29,29,29,13952981.310345,404636458.000000,480019981.000000,16.451203829071,-0.002007948608,0.334528075427,0.842957530970,0
950720,non_list1,control_candidate,339,339,1,,2016-01_to_2018-05,29,29,29,1428996.586207,41440901.000000,87995100.000000,14.172483767762,0.000977486800,0.243257474436,0.470945552650,0
950730,non_list1,control_candidate,339,339,1,,2016-01_to_2018-05,29,29,29,14924724.896552,432817022.000000,666376639.000000,16.518529851684,0.004850219614,0.297865075563,0.649508095976,0
950790,non_list1,control_candidate,314|339,,0,ambiguous_naics3_candidates,2016-01_to_2018-05,29,29,29,11159458.448276,323624295.000000,563973357.000000,16.227798077210,-0.000776122869,0.159288185690,0.573829048807,0
950810,non_list1,control_candidate,333,333,1,,2016-01_to_2018-05,29,26,26,41750.241379,1210757.000000,48523091.000000,10.639484463473,-0.003689275905,3.276427174339,0.024952182045,0
950890,non_list1,control_candidate,333,333,1,,2016-01_to_2018-05,29,29,29,2695732.758621,78176250.000000,685877493.000000,14.807180991917,0.001783670434,0.259956885180,0.113979902822,0
960190,non_list1,control_candidate,339,339,1,,2016-01_to_2018-05,29,29,29,359159.551724,10415627.000000,74196882.000000,12.791524786785,0.007944930965,0.286665732799,0.140378230449,0
960200,non_list1,control_candidate,325|339,,0,ambiguous_naics3_candidates,2016-01_to_2018-05,29,29,29,3404799.344828,98739181.000000,492404827.000000,15.040696859966,0.006097683087,0.450048496445,0.200524396971,0
960310,non_list1,control_candidate,339,339,1,,2016-01_to_2018-05,29,28,28,43312.241379,1256055.000000,49662306.000000,10.676213672768,-0.030189206838,2.059732708291,0.025291918583,0
960321,non_list1,control_candidate,339,339,1,,2016-01_to_2018-05,29,29,29,11897636.931034,345031471.000000,562265186.000000,16.291850445189,0.003846653348,0.142542725570,0.613645446297,0
960329,non_list1,control_candidate,339,339,1,,2016-01_to_2018-05,29,29,29,10358023.551724,300382683.000000,362856306.000000,16.153272096278,-0.000782732337,0.177133320559,0.827828200952,0
960330,non_list1,control_candidate,339,339,1,,2016-01_to_2018-05,29,29,29,29559891.827586,857236863.000000,1059126987.000000,17.201929028449,-0.002784326680,0.178472689211,0.809380625290,0
960340,non_list1,control_candidate,339,339,1,,2016-01_to_2018-05,29,29,29,9203027.275862,266887791.000000,323054116.000000,16.035043148278,0.003708496669,0.162006826475,0.826139577804,0
960350,non_list1,control_candidate,339,339,1,,2016-01_to_2018-05,29,29,29,2207258.517241,64010497.000000,190915497.000000,14.607262266564,0.003495509958,0.154952377300,0.335281828903,0
960390,non_list1,control_candidate,339,339,1,,2016-01_to_2018-05,29,29,29,40930227.517241,1186976598.000000,1664914447.000000,17.527379431576,0.003023475348,0.142829667259,0.712935490553,0
960400,non_list1,control_candidate,332,332,1,,2016-01_to_2018-05,29,28,28,78862.586207,2287015.000000,3049753.000000,11.275474882011,0.064551162658,2.139375859401,0.749901713352,0
960500,non_list1,control_candidate,316,316,1,,2016-01_to_2018-05,29,29,29,1607126.862069,46606679.000000,52676001.000000,14.289959207248,-0.009900647316,0.292095340140,0.884780129760,0
960810,non_list1,control_candidate,339,339,1,,2016-01_to_2018-05,29,29,29,21642659.034483,627637112.000000,1469073472.000000,16.890176926499,-0.004661372446,0.193329983825,0.427233303141,0
960820,non_list1,control_candidate,339,339,1,,2016-01_to_2018-05,29,29,29,11957512.241379,346767855.000000,689458721.000000,16.296870361906,-0.000582551867,0.276596533757,0.502956659243,0
960830,non_list1,control_candidate,339,339,1,,2016-01_to_2018-05,29,29,29,624921.413793,18122721.000000,79220234.000000,13.345382783082,-0.001437200075,0.295630654933,0.228763790322,0
960840,non_list1,control_candidate,339,339,1,,2016-01_to_2018-05,29,29,29,1986871.000000,57619259.000000,208597738.000000,14.502072100737,-0.011972306163,0.415669692799,0.276221878302,0
960850,non_list1,control_candidate,339,339,1,,2016-01_to_2018-05,29,27,27,92009.758621,2668283.000000,4087106.000000,11.429660790723,-0.062444447505,3.025314158110,0.652853877536,0
960860,non_list1,control_candidate,339,339,1,,2016-01_to_2018-05,29,29,29,135118.620690,3918440.000000,32612488.000000,11.813915744267,-0.022231798084,0.446038765706,0.120151519872,0
960891,non_list1,control_candidate,339,339,1,,2016-01_to_2018-05,29,28,28,121845.034483,3533506.000000,37531063.000000,11.710513514271,0.083273745992,2.206492753986,0.094148838790,0
960899,non_list1,control_candidate,339,339,1,,2016-01_to_2018-05,29,29,29,622690.137931,18058014.000000,121929101.000000,13.341805909076,0.004736238127,0.348510146839,0.148102576431,0
960910,non_list1,control_candidate,339,339,1,,2016-01_to_2018-05,29,29,29,6504883.965517,188641635.000000,692242085.000000,15.688063985763,-0.020924082486,0.395202113152,0.272508186208,0
960920,non_list1,control_candidate,339,339,1,,2016-01_to_2018-05,29,29,29,375404.965517,10886744.000000,28393958.000000,12.835763294104,-0.048715119962,0.685444107867,0.383417627088,0
960990,non_list1,control_candidate,339,339,1,,2016-01_to_2018-05,29,29,29,5665300.068966,164293702.000000,239836705.000000,15.549870596481,-0.005806807544,0.224279843998,0.685023178583,0
961000,non_list1,control_candidate,339,339,1,,2016-01_to_2018-05,29,29,29,9231356.482759,267709338.000000,315876218.000000,16.038116668553,0.005387062789,0.270503642010,0.847513433253,0
961100,non_list1,control_candidate,339,339,1,,2016-01_to_2018-05,29,29,29,2379276.344828,68999014.000000,126739983.000000,14.682307362914,0.004147728935,0.336366357927,0.544413943941,0
961210,non_list1,control_candidate,339,339,1,,2016-01_to_2018-05,29,29,29,1605430.413793,46557482.000000,112634707.000000,14.288903072068,-0.002207974797,0.268223171447,0.413349341780,0
961220,non_list1,control_candidate,339,339,1,,2016-01_to_2018-05,29,29,29,287384.448276,8334149.000000,22417408.000000,12.568579619041,0.001525373603,0.483007636739,0.371771303801,0
961310,non_list1,control_candidate,339,339,1,,2016-01_to_2018-05,29,29,29,1107957.827586,32130777.000000,326579165.000000,13.918029986381,0.023567869679,0.335500964285,0.098385875290,0
961320,non_list1,control_candidate,339,339,1,,2016-01_to_2018-05,29,29,29,1302345.655172,37768024.000000,42432779.000000,14.079678314525,0.014145735448,0.283559372245,0.890067181318,0
961380,non_list1,control_candidate,339,339,1,,2016-01_to_2018-05,29,29,29,4865038.965517,141086130.000000,208062271.000000,15.397585488474,0.016394243265,0.247040754362,0.678095693765,0
961390,non_list1,control_candidate,339,339,1,,2016-01_to_2018-05,29,29,29,372595.275862,10805263.000000,35134280.000000,12.828250742097,-0.025942795782,0.454911198314,0.307541893558,0
961400,non_list1,control_candidate,321|339,,0,ambiguous_naics3_candidates,2016-01_to_2018-05,29,29,29,1279775.275862,37113483.000000,61863106.000000,14.062195836136,0.014204772475,0.227897637304,0.599929188812,0
961511,non_list1,control_candidate,326,326,1,,2016-01_to_2018-05,29,29,29,6772085.310345,196390474.000000,216301655.000000,15.728319767332,0.001389007106,0.251114000535,0.907947162956,0
961519,non_list1,control_candidate,332,332,1,,2016-01_to_2018-05,29,29,29,6375888.103448,184900755.000000,198194772.000000,15.668034106492,0.005060440780,0.201383193305,0.932924481984,0
961590,non_list1,control_candidate,326|332,,0,ambiguous_naics3_candidates,2016-01_to_2018-05,29,29,29,4767034.137931,138243990.000000,158383747.000000,15.377235105238,-0.005005811246,0.195638602512,0.872842022105,0
961610,non_list1,control_candidate,339,339,1,,2016-01_to_2018-05,29,29,29,5719204.206897,165856922.000000,308124827.000000,15.559340403858,-0.002743626782,0.232511253165,0.538278345224,0
961620,non_list1,control_candidate,314,314,1,,2016-01_to_2018-05,29,29,29,5174252.586207,150053325.000000,178901805.000000,15.459205652164,-0.001611145942,0.250833589434,0.838746847747,0
961700,non_list1,control_candidate,332,332,1,,2016-01_to_2018-05,29,29,29,36419043.586207,1056152264.000000,1094327382.000000,17.410602398702,-0.014021707988,0.290553342289,0.965115450250,0
961800,non_list1,control_candidate,339,339,1,,2016-01_to_2018-05,29,29,29,3805462.172414,110358403.000000,214248009.000000,15.151948269180,-0.016085177931,0.314459485932,0.515096516019,0
961900,non_list1,control_candidate,314|322,,0,ambiguous_naics3_candidates,2016-01_to_2018-05,29,29,29,7855042.206897,227796224.000000,2769274493.000000,15.876666330216,0.002957567254,0.170213408943,0.082258448765,0
970110,non_list1,control_candidate,930,930,1,,2016-01_to_2018-05,29,29,29,7943408.827586,230358856.000000,16631320258.000000,15.887853190355,-0.014308143051,0.457022768856,0.013850906147,0
970190,non_list1,control_candidate,930,930,1,,2016-01_to_2018-05,29,29,29,508812.931034,14755575.000000,576757243.000000,13.139837670811,0.030011571938,0.637787904456,0.025583683914,0
970200,non_list1,control_candidate,930,930,1,,2016-01_to_2018-05,29,26,26,83412.000000,2418948.000000,591279743.000000,11.331559451499,0.045920062886,3.530520665537,0.004091038174,0
970300,non_list1,control_candidate,930,930,1,,2016-01_to_2018-05,29,29,29,2148895.068966,62317957.000000,3224901512.000000,14.580464811945,0.017448154161,0.778285355346,0.019323987653,0
970500,non_list1,control_candidate,930,930,1,,2016-01_to_2018-05,29,29,29,3727960.482759,108110854.000000,831821306.000000,15.131372122856,0.031542731357,0.587095164371,0.129968844535,0
970600,non_list1,control_candidate,930,930,1,,2016-01_to_2018-05,29,29,29,10101886.931034,292954721.000000,3100895214.000000,16.128232888208,-0.029154108255,1.047182456520,0.094474240754,0
980100,non_list1,control_candidate,980,980,1,,2016-01_to_2018-05,29,29,29,185319298.724138,5374259663.000000,151107870855.000000,19.037590839767,0.012017073671,0.182701449492,0.035565716283,0
980200,non_list1,control_candidate,980|990,,0,ambiguous_naics3_candidates,2016-01_to_2018-05,29,29,29,2442782.965517,70840706.000000,10974158014.000000,14.708648916333,0.002638619615,0.548830587145,0.006455229268,0
981000,non_list1,control_candidate,313|315|326|327|332|333|334|336|337|339|990,,0,ambiguous_naics3_candidates,2016-01_to_2018-05,29,29,29,873510.413793,25331802.000000,787539974.000000,13.680276475206,-0.010644538144,0.688332655390,0.032165734866,0
981700,non_list1,control_candidate,314|325|333|334|990,,0,ambiguous_naics3_candidates,2016-01_to_2018-05,29,29,29,29799246.275862,864178142.000000,2170228260.000000,17.209993691957,0.019494077218,0.238448806176,0.398196889206,0
981800,non_list1,control_candidate,990,990,1,,2016-01_to_2018-05,29,28,28,1974310.482759,57255004.000000,351467024.000000,14.495730279212,-0.079258115018,3.506219223825,0.162902918596,0
999995,non_list1,control_candidate,990,990,1,,2016-01_to_2018-05,29,29,29,266769248.206897,7736308198.000000,41565201460.000000,19.401894607518,0.004668181068,0.077566470201,0.186124640956,0
