policy_id,policy_name,hs6_2017,effective_dates,source_scope_entries,matched_2018_hts10_count,fallback_hs6_only_scope_entries,source_urls,expansion_status
us_201_solar_2018,Section 201 solar,850131,2018-02-07,us_201_solar_2018:rule:007=8541.40.60;8501.31.80;8501.61.00;8507.20.80,3,,https://www.govinfo.gov/content/pkg/DCPD-201800044/pdf/DCPD-201800044.pdf,official_scope_expanded_on_valid_2018_hts_universe
us_201_solar_2018,Section 201 solar,850161,2018-02-07,us_201_solar_2018:rule:007=8541.40.60;8501.31.80;8501.61.00;8507.20.80,3,,https://www.govinfo.gov/content/pkg/DCPD-201800044/pdf/DCPD-201800044.pdf,official_scope_expanded_on_valid_2018_hts_universe
us_201_solar_2018,Section 201 solar,850720,2018-02-07,us_201_solar_2018:rule:007=8541.40.60;8501.31.80;8501.61.00;8507.20.80,9,,https://www.govinfo.gov/content/pkg/DCPD-201800044/pdf/DCPD-201800044.pdf,official_scope_expanded_on_valid_2018_hts_universe
us_201_solar_2018,Section 201 solar,854140,2018-02-07,us_201_solar_2018:rule:007=8541.40.60;8501.31.80;8501.61.00;8507.20.80,8,,https://www.govinfo.gov/content/pkg/DCPD-201800044/pdf/DCPD-201800044.pdf,official_scope_expanded_on_valid_2018_hts_universe
us_201_washers_2018,Section 201 washers,845011,2018-02-07,us_201_washers_2018:rule:008=8450.11.00;8450.20.00;8450.90.20;8450.90.60,3,,https://www.govinfo.gov/content/pkg/DCPD-201800045/pdf/DCPD-201800045.pdf,official_scope_expanded_on_valid_2018_hts_universe
us_201_washers_2018,Section 201 washers,845020,2018-02-07,us_201_washers_2018:rule:008=8450.11.00;8450.20.00;8450.90.20;8450.90.60,3,,https://www.govinfo.gov/content/pkg/DCPD-201800045/pdf/DCPD-201800045.pdf,official_scope_expanded_on_valid_2018_hts_universe
us_201_washers_2018,Section 201 washers,845090,2018-02-07,us_201_washers_2018:rule:008=8450.11.00;8450.20.00;8450.90.20;8450.90.60,2,,https://www.govinfo.gov/content/pkg/DCPD-201800045/pdf/DCPD-201800045.pdf,official_scope_expanded_on_valid_2018_hts_universe
us_232_aluminum_2018,Section 232 aluminum,760110,2018-03-23,us_232_aluminum_2018:rule:006=7601;7604;7605;7606;7607;7608;7609;7616.99.51.60;7616.99.51.70,2,,https://www.govinfo.gov/content/pkg/FR-2018-03-15/pdf/2018-05477.pdf,official_scope_expanded_on_valid_2018_hts_universe
us_232_aluminum_2018,Section 232 aluminum,760120,2018-03-23,us_232_aluminum_2018:rule:006=7601;7604;7605;7606;7607;7608;7609;7616.99.51.60;7616.99.51.70,7,,https://www.govinfo.gov/content/pkg/FR-2018-03-15/pdf/2018-05477.pdf,official_scope_expanded_on_valid_2018_hts_universe
us_232_aluminum_2018,Section 232 aluminum,760410,2018-03-23,us_232_aluminum_2018:rule:006=7601;7604;7605;7606;7607;7608;7609;7616.99.51.60;7616.99.51.70,5,,https://www.govinfo.gov/content/pkg/FR-2018-03-15/pdf/2018-05477.pdf,official_scope_expanded_on_valid_2018_hts_universe
us_232_aluminum_2018,Section 232 aluminum,760421,2018-03-23,us_232_aluminum_2018:rule:006=7601;7604;7605;7606;7607;7608;7609;7616.99.51.60;7616.99.51.70,1,,https://www.govinfo.gov/content/pkg/FR-2018-03-15/pdf/2018-05477.pdf,official_scope_expanded_on_valid_2018_hts_universe
us_232_aluminum_2018,Section 232 aluminum,760429,2018-03-23,us_232_aluminum_2018:rule:006=7601;7604;7605;7606;7607;7608;7609;7616.99.51.60;7616.99.51.70,5,,https://www.govinfo.gov/content/pkg/FR-2018-03-15/pdf/2018-05477.pdf,official_scope_expanded_on_valid_2018_hts_universe
us_232_aluminum_2018,Section 232 aluminum,760511,2018-03-23,us_232_aluminum_2018:rule:006=7601;7604;7605;7606;7607;7608;7609;7616.99.51.60;7616.99.51.70,2,,https://www.govinfo.gov/content/pkg/FR-2018-03-15/pdf/2018-05477.pdf,official_scope_expanded_on_valid_2018_hts_universe
us_232_aluminum_2018,Section 232 aluminum,760519,2018-03-23,us_232_aluminum_2018:rule:006=7601;7604;7605;7606;7607;7608;7609;7616.99.51.60;7616.99.51.70,1,,https://www.govinfo.gov/content/pkg/FR-2018-03-15/pdf/2018-05477.pdf,official_scope_expanded_on_valid_2018_hts_universe
us_232_aluminum_2018,Section 232 aluminum,760521,2018-03-23,us_232_aluminum_2018:rule:006=7601;7604;7605;7606;7607;7608;7609;7616.99.51.60;7616.99.51.70,2,,https://www.govinfo.gov/content/pkg/FR-2018-03-15/pdf/2018-05477.pdf,official_scope_expanded_on_valid_2018_hts_universe
us_232_aluminum_2018,Section 232 aluminum,760529,2018-03-23,us_232_aluminum_2018:rule:006=7601;7604;7605;7606;7607;7608;7609;7616.99.51.60;7616.99.51.70,1,,https://www.govinfo.gov/content/pkg/FR-2018-03-15/pdf/2018-05477.pdf,official_scope_expanded_on_valid_2018_hts_universe
us_232_aluminum_2018,Section 232 aluminum,760611,2018-03-23,us_232_aluminum_2018:rule:006=7601;7604;7605;7606;7607;7608;7609;7616.99.51.60;7616.99.51.70,3,,https://www.govinfo.gov/content/pkg/FR-2018-03-15/pdf/2018-05477.pdf,official_scope_expanded_on_valid_2018_hts_universe
us_232_aluminum_2018,Section 232 aluminum,760612,2018-03-23,us_232_aluminum_2018:rule:006=7601;7604;7605;7606;7607;7608;7609;7616.99.51.60;7616.99.51.70,5,,https://www.govinfo.gov/content/pkg/FR-2018-03-15/pdf/2018-05477.pdf,official_scope_expanded_on_valid_2018_hts_universe
us_232_aluminum_2018,Section 232 aluminum,760691,2018-03-23,us_232_aluminum_2018:rule:006=7601;7604;7605;7606;7607;7608;7609;7616.99.51.60;7616.99.51.70,8,,https://www.govinfo.gov/content/pkg/FR-2018-03-15/pdf/2018-05477.pdf,official_scope_expanded_on_valid_2018_hts_universe
us_232_aluminum_2018,Section 232 aluminum,760692,2018-03-23,us_232_aluminum_2018:rule:006=7601;7604;7605;7606;7607;7608;7609;7616.99.51.60;7616.99.51.70,8,,https://www.govinfo.gov/content/pkg/FR-2018-03-15/pdf/2018-05477.pdf,official_scope_expanded_on_valid_2018_hts_universe
us_232_aluminum_2018,Section 232 aluminum,760711,2018-03-23,us_232_aluminum_2018:rule:006=7601;7604;7605;7606;7607;7608;7609;7616.99.51.60;7616.99.51.70,7,,https://www.govinfo.gov/content/pkg/FR-2018-03-15/pdf/2018-05477.pdf,official_scope_expanded_on_valid_2018_hts_universe
us_232_aluminum_2018,Section 232 aluminum,760719,2018-03-23,us_232_aluminum_2018:rule:006=7601;7604;7605;7606;7607;7608;7609;7616.99.51.60;7616.99.51.70,3,,https://www.govinfo.gov/content/pkg/FR-2018-03-15/pdf/2018-05477.pdf,official_scope_expanded_on_valid_2018_hts_universe
us_232_aluminum_2018,Section 232 aluminum,760720,2018-03-23,us_232_aluminum_2018:rule:006=7601;7604;7605;7606;7607;7608;7609;7616.99.51.60;7616.99.51.70,2,,https://www.govinfo.gov/content/pkg/FR-2018-03-15/pdf/2018-05477.pdf,official_scope_expanded_on_valid_2018_hts_universe
us_232_aluminum_2018,Section 232 aluminum,760810,2018-03-23,us_232_aluminum_2018:rule:006=7601;7604;7605;7606;7607;7608;7609;7616.99.51.60;7616.99.51.70,2,,https://www.govinfo.gov/content/pkg/FR-2018-03-15/pdf/2018-05477.pdf,official_scope_expanded_on_valid_2018_hts_universe
us_232_aluminum_2018,Section 232 aluminum,760820,2018-03-23,us_232_aluminum_2018:rule:006=7601;7604;7605;7606;7607;7608;7609;7616.99.51.60;7616.99.51.70,2,,https://www.govinfo.gov/content/pkg/FR-2018-03-15/pdf/2018-05477.pdf,official_scope_expanded_on_valid_2018_hts_universe
us_232_aluminum_2018,Section 232 aluminum,760900,2018-03-23,us_232_aluminum_2018:rule:006=7601;7604;7605;7606;7607;7608;7609;7616.99.51.60;7616.99.51.70,1,,https://www.govinfo.gov/content/pkg/FR-2018-03-15/pdf/2018-05477.pdf,official_scope_expanded_on_valid_2018_hts_universe
us_232_aluminum_2018,Section 232 aluminum,761699,2018-03-23,us_232_aluminum_2018:rule:006=7601;7604;7605;7606;7607;7608;7609;7616.99.51.60;7616.99.51.70,2,,https://www.govinfo.gov/content/pkg/FR-2018-03-15/pdf/2018-05477.pdf,official_scope_expanded_on_valid_2018_hts_universe
us_232_steel_2018,Section 232 steel,720610,2018-03-23,us_232_steel_2018:rule:001=7206.10–7216.50,1,,https://www.govinfo.gov/content/pkg/FR-2018-03-15/pdf/2018-05478.pdf,official_scope_expanded_on_valid_2018_hts_universe
us_232_steel_2018,Section 232 steel,720690,2018-03-23,us_232_steel_2018:rule:001=7206.10–7216.50,1,,https://www.govinfo.gov/content/pkg/FR-2018-03-15/pdf/2018-05478.pdf,official_scope_expanded_on_valid_2018_hts_universe
us_232_steel_2018,Section 232 steel,720711,2018-03-23,us_232_steel_2018:rule:001=7206.10–7216.50,1,,https://www.govinfo.gov/content/pkg/FR-2018-03-15/pdf/2018-05478.pdf,official_scope_expanded_on_valid_2018_hts_universe
us_232_steel_2018,Section 232 steel,720712,2018-03-23,us_232_steel_2018:rule:001=7206.10–7216.50,2,,https://www.govinfo.gov/content/pkg/FR-2018-03-15/pdf/2018-05478.pdf,official_scope_expanded_on_valid_2018_hts_universe
us_232_steel_2018,Section 232 steel,720719,2018-03-23,us_232_steel_2018:rule:001=7206.10–7216.50,2,,https://www.govinfo.gov/content/pkg/FR-2018-03-15/pdf/2018-05478.pdf,official_scope_expanded_on_valid_2018_hts_universe
us_232_steel_2018,Section 232 steel,720720,2018-03-23,us_232_steel_2018:rule:001=7206.10–7216.50,4,,https://www.govinfo.gov/content/pkg/FR-2018-03-15/pdf/2018-05478.pdf,official_scope_expanded_on_valid_2018_hts_universe
us_232_steel_2018,Section 232 steel,720810,2018-03-23,us_232_steel_2018:rule:001=7206.10–7216.50,3,,https://www.govinfo.gov/content/pkg/FR-2018-03-15/pdf/2018-05478.pdf,official_scope_expanded_on_valid_2018_hts_universe
us_232_steel_2018,Section 232 steel,720825,2018-03-23,us_232_steel_2018:rule:001=7206.10–7216.50,2,,https://www.govinfo.gov/content/pkg/FR-2018-03-15/pdf/2018-05478.pdf,official_scope_expanded_on_valid_2018_hts_universe
us_232_steel_2018,Section 232 steel,720826,2018-03-23,us_232_steel_2018:rule:001=7206.10–7216.50,2,,https://www.govinfo.gov/content/pkg/FR-2018-03-15/pdf/2018-05478.pdf,official_scope_expanded_on_valid_2018_hts_universe
us_232_steel_2018,Section 232 steel,720827,2018-03-23,us_232_steel_2018:rule:001=7206.10–7216.50,2,,https://www.govinfo.gov/content/pkg/FR-2018-03-15/pdf/2018-05478.pdf,official_scope_expanded_on_valid_2018_hts_universe
us_232_steel_2018,Section 232 steel,720836,2018-03-23,us_232_steel_2018:rule:001=7206.10–7216.50,2,,https://www.govinfo.gov/content/pkg/FR-2018-03-15/pdf/2018-05478.pdf,official_scope_expanded_on_valid_2018_hts_universe
us_232_steel_2018,Section 232 steel,720837,2018-03-23,us_232_steel_2018:rule:001=7206.10–7216.50,2,,https://www.govinfo.gov/content/pkg/FR-2018-03-15/pdf/2018-05478.pdf,official_scope_expanded_on_valid_2018_hts_universe
us_232_steel_2018,Section 232 steel,720838,2018-03-23,us_232_steel_2018:rule:001=7206.10–7216.50,3,,https://www.govinfo.gov/content/pkg/FR-2018-03-15/pdf/2018-05478.pdf,official_scope_expanded_on_valid_2018_hts_universe
us_232_steel_2018,Section 232 steel,720839,2018-03-23,us_232_steel_2018:rule:001=7206.10–7216.50,3,,https://www.govinfo.gov/content/pkg/FR-2018-03-15/pdf/2018-05478.pdf,official_scope_expanded_on_valid_2018_hts_universe
us_232_steel_2018,Section 232 steel,720840,2018-03-23,us_232_steel_2018:rule:001=7206.10–7216.50,4,,https://www.govinfo.gov/content/pkg/FR-2018-03-15/pdf/2018-05478.pdf,official_scope_expanded_on_valid_2018_hts_universe
us_232_steel_2018,Section 232 steel,720851,2018-03-23,us_232_steel_2018:rule:001=7206.10–7216.50,3,,https://www.govinfo.gov/content/pkg/FR-2018-03-15/pdf/2018-05478.pdf,official_scope_expanded_on_valid_2018_hts_universe
us_232_steel_2018,Section 232 steel,720852,2018-03-23,us_232_steel_2018:rule:001=7206.10–7216.50,1,,https://www.govinfo.gov/content/pkg/FR-2018-03-15/pdf/2018-05478.pdf,official_scope_expanded_on_valid_2018_hts_universe
us_232_steel_2018,Section 232 steel,720853,2018-03-23,us_232_steel_2018:rule:001=7206.10–7216.50,1,,https://www.govinfo.gov/content/pkg/FR-2018-03-15/pdf/2018-05478.pdf,official_scope_expanded_on_valid_2018_hts_universe
us_232_steel_2018,Section 232 steel,720854,2018-03-23,us_232_steel_2018:rule:001=7206.10–7216.50,1,,https://www.govinfo.gov/content/pkg/FR-2018-03-15/pdf/2018-05478.pdf,official_scope_expanded_on_valid_2018_hts_universe
us_232_steel_2018,Section 232 steel,720890,2018-03-23,us_232_steel_2018:rule:001=7206.10–7216.50,1,,https://www.govinfo.gov/content/pkg/FR-2018-03-15/pdf/2018-05478.pdf,official_scope_expanded_on_valid_2018_hts_universe
us_232_steel_2018,Section 232 steel,720915,2018-03-23,us_232_steel_2018:rule:001=7206.10–7216.50,1,,https://www.govinfo.gov/content/pkg/FR-2018-03-15/pdf/2018-05478.pdf,official_scope_expanded_on_valid_2018_hts_universe
us_232_steel_2018,Section 232 steel,720916,2018-03-23,us_232_steel_2018:rule:001=7206.10–7216.50,4,,https://www.govinfo.gov/content/pkg/FR-2018-03-15/pdf/2018-05478.pdf,official_scope_expanded_on_valid_2018_hts_universe
us_232_steel_2018,Section 232 steel,720917,2018-03-23,us_232_steel_2018:rule:001=7206.10–7216.50,4,,https://www.govinfo.gov/content/pkg/FR-2018-03-15/pdf/2018-05478.pdf,official_scope_expanded_on_valid_2018_hts_universe
us_232_steel_2018,Section 232 steel,720918,2018-03-23,us_232_steel_2018:rule:001=7206.10–7216.50,6,,https://www.govinfo.gov/content/pkg/FR-2018-03-15/pdf/2018-05478.pdf,official_scope_expanded_on_valid_2018_hts_universe
us_232_steel_2018,Section 232 steel,720925,2018-03-23,us_232_steel_2018:rule:001=7206.10–7216.50,1,,https://www.govinfo.gov/content/pkg/FR-2018-03-15/pdf/2018-05478.pdf,official_scope_expanded_on_valid_2018_hts_universe
us_232_steel_2018,Section 232 steel,720926,2018-03-23,us_232_steel_2018:rule:001=7206.10–7216.50,1,,https://www.govinfo.gov/content/pkg/FR-2018-03-15/pdf/2018-05478.pdf,official_scope_expanded_on_valid_2018_hts_universe
us_232_steel_2018,Section 232 steel,720927,2018-03-23,us_232_steel_2018:rule:001=7206.10–7216.50,1,,https://www.govinfo.gov/content/pkg/FR-2018-03-15/pdf/2018-05478.pdf,official_scope_expanded_on_valid_2018_hts_universe
us_232_steel_2018,Section 232 steel,720928,2018-03-23,us_232_steel_2018:rule:001=7206.10–7216.50,1,,https://www.govinfo.gov/content/pkg/FR-2018-03-15/pdf/2018-05478.pdf,official_scope_expanded_on_valid_2018_hts_universe
us_232_steel_2018,Section 232 steel,720990,2018-03-23,us_232_steel_2018:rule:001=7206.10–7216.50,1,,https://www.govinfo.gov/content/pkg/FR-2018-03-15/pdf/2018-05478.pdf,official_scope_expanded_on_valid_2018_hts_universe
us_232_steel_2018,Section 232 steel,721011,2018-03-23,us_232_steel_2018:rule:001=7206.10–7216.50,1,,https://www.govinfo.gov/content/pkg/FR-2018-03-15/pdf/2018-05478.pdf,official_scope_expanded_on_valid_2018_hts_universe
us_232_steel_2018,Section 232 steel,721012,2018-03-23,us_232_steel_2018:rule:001=7206.10–7216.50,1,,https://www.govinfo.gov/content/pkg/FR-2018-03-15/pdf/2018-05478.pdf,official_scope_expanded_on_valid_2018_hts_universe
us_232_steel_2018,Section 232 steel,721020,2018-03-23,us_232_steel_2018:rule:001=7206.10–7216.50,1,,https://www.govinfo.gov/content/pkg/FR-2018-03-15/pdf/2018-05478.pdf,official_scope_expanded_on_valid_2018_hts_universe
us_232_steel_2018,Section 232 steel,721030,2018-03-23,us_232_steel_2018:rule:001=7206.10–7216.50,2,,https://www.govinfo.gov/content/pkg/FR-2018-03-15/pdf/2018-05478.pdf,official_scope_expanded_on_valid_2018_hts_universe
us_232_steel_2018,Section 232 steel,721041,2018-03-23,us_232_steel_2018:rule:001=7206.10–7216.50,1,,https://www.govinfo.gov/content/pkg/FR-2018-03-15/pdf/2018-05478.pdf,official_scope_expanded_on_valid_2018_hts_universe
us_232_steel_2018,Section 232 steel,721049,2018-03-23,us_232_steel_2018:rule:001=7206.10–7216.50,3,,https://www.govinfo.gov/content/pkg/FR-2018-03-15/pdf/2018-05478.pdf,official_scope_expanded_on_valid_2018_hts_universe
us_232_steel_2018,Section 232 steel,721050,2018-03-23,us_232_steel_2018:rule:001=7206.10–7216.50,1,,https://www.govinfo.gov/content/pkg/FR-2018-03-15/pdf/2018-05478.pdf,official_scope_expanded_on_valid_2018_hts_universe
us_232_steel_2018,Section 232 steel,721061,2018-03-23,us_232_steel_2018:rule:001=7206.10–7216.50,1,,https://www.govinfo.gov/content/pkg/FR-2018-03-15/pdf/2018-05478.pdf,official_scope_expanded_on_valid_2018_hts_universe
us_232_steel_2018,Section 232 steel,721069,2018-03-23,us_232_steel_2018:rule:001=7206.10–7216.50,1,,https://www.govinfo.gov/content/pkg/FR-2018-03-15/pdf/2018-05478.pdf,official_scope_expanded_on_valid_2018_hts_universe
us_232_steel_2018,Section 232 steel,721070,2018-03-23,us_232_steel_2018:rule:001=7206.10–7216.50,4,,https://www.govinfo.gov/content/pkg/FR-2018-03-15/pdf/2018-05478.pdf,official_scope_expanded_on_valid_2018_hts_universe
us_232_steel_2018,Section 232 steel,721090,2018-03-23,us_232_steel_2018:rule:001=7206.10–7216.50,3,,https://www.govinfo.gov/content/pkg/FR-2018-03-15/pdf/2018-05478.pdf,official_scope_expanded_on_valid_2018_hts_universe
us_232_steel_2018,Section 232 steel,721113,2018-03-23,us_232_steel_2018:rule:001=7206.10–7216.50,1,,https://www.govinfo.gov/content/pkg/FR-2018-03-15/pdf/2018-05478.pdf,official_scope_expanded_on_valid_2018_hts_universe
us_232_steel_2018,Section 232 steel,721114,2018-03-23,us_232_steel_2018:rule:001=7206.10–7216.50,3,,https://www.govinfo.gov/content/pkg/FR-2018-03-15/pdf/2018-05478.pdf,official_scope_expanded_on_valid_2018_hts_universe
us_232_steel_2018,Section 232 steel,721119,2018-03-23,us_232_steel_2018:rule:001=7206.10–7216.50,8,,https://www.govinfo.gov/content/pkg/FR-2018-03-15/pdf/2018-05478.pdf,official_scope_expanded_on_valid_2018_hts_universe
us_232_steel_2018,Section 232 steel,721123,2018-03-23,us_232_steel_2018:rule:001=7206.10–7216.50,7,,https://www.govinfo.gov/content/pkg/FR-2018-03-15/pdf/2018-05478.pdf,official_scope_expanded_on_valid_2018_hts_universe
us_232_steel_2018,Section 232 steel,721129,2018-03-23,us_232_steel_2018:rule:001=7206.10–7216.50,5,,https://www.govinfo.gov/content/pkg/FR-2018-03-15/pdf/2018-05478.pdf,official_scope_expanded_on_valid_2018_hts_universe
us_232_steel_2018,Section 232 steel,721190,2018-03-23,us_232_steel_2018:rule:001=7206.10–7216.50,1,,https://www.govinfo.gov/content/pkg/FR-2018-03-15/pdf/2018-05478.pdf,official_scope_expanded_on_valid_2018_hts_universe
us_232_steel_2018,Section 232 steel,721210,2018-03-23,us_232_steel_2018:rule:001=7206.10–7216.50,1,,https://www.govinfo.gov/content/pkg/FR-2018-03-15/pdf/2018-05478.pdf,official_scope_expanded_on_valid_2018_hts_universe
us_232_steel_2018,Section 232 steel,721220,2018-03-23,us_232_steel_2018:rule:001=7206.10–7216.50,1,,https://www.govinfo.gov/content/pkg/FR-2018-03-15/pdf/2018-05478.pdf,official_scope_expanded_on_valid_2018_hts_universe
us_232_steel_2018,Section 232 steel,721230,2018-03-23,us_232_steel_2018:rule:001=7206.10–7216.50,4,,https://www.govinfo.gov/content/pkg/FR-2018-03-15/pdf/2018-05478.pdf,official_scope_expanded_on_valid_2018_hts_universe
us_232_steel_2018,Section 232 steel,721240,2018-03-23,us_232_steel_2018:rule:001=7206.10–7216.50,2,,https://www.govinfo.gov/content/pkg/FR-2018-03-15/pdf/2018-05478.pdf,official_scope_expanded_on_valid_2018_hts_universe
us_232_steel_2018,Section 232 steel,721250,2018-03-23,us_232_steel_2018:rule:001=7206.10–7216.50,1,,https://www.govinfo.gov/content/pkg/FR-2018-03-15/pdf/2018-05478.pdf,official_scope_expanded_on_valid_2018_hts_universe
us_232_steel_2018,Section 232 steel,721260,2018-03-23,us_232_steel_2018:rule:001=7206.10–7216.50,1,,https://www.govinfo.gov/content/pkg/FR-2018-03-15/pdf/2018-05478.pdf,official_scope_expanded_on_valid_2018_hts_universe
us_232_steel_2018,Section 232 steel,721310,2018-03-23,us_232_steel_2018:rule:001=7206.10–7216.50,1,,https://www.govinfo.gov/content/pkg/FR-2018-03-15/pdf/2018-05478.pdf,official_scope_expanded_on_valid_2018_hts_universe
us_232_steel_2018,Section 232 steel,721320,2018-03-23,us_232_steel_2018:rule:001=7206.10–7216.50,2,,https://www.govinfo.gov/content/pkg/FR-2018-03-15/pdf/2018-05478.pdf,official_scope_expanded_on_valid_2018_hts_universe
us_232_steel_2018,Section 232 steel,721391,2018-03-23,us_232_steel_2018:rule:001=7206.10–7216.50,6,,https://www.govinfo.gov/content/pkg/FR-2018-03-15/pdf/2018-05478.pdf,official_scope_expanded_on_valid_2018_hts_universe
us_232_steel_2018,Section 232 steel,721399,2018-03-23,us_232_steel_2018:rule:001=7206.10–7216.50,3,,https://www.govinfo.gov/content/pkg/FR-2018-03-15/pdf/2018-05478.pdf,official_scope_expanded_on_valid_2018_hts_universe
us_232_steel_2018,Section 232 steel,721410,2018-03-23,us_232_steel_2018:rule:001=7206.10–7216.50,1,,https://www.govinfo.gov/content/pkg/FR-2018-03-15/pdf/2018-05478.pdf,official_scope_expanded_on_valid_2018_hts_universe
us_232_steel_2018,Section 232 steel,721420,2018-03-23,us_232_steel_2018:rule:001=7206.10–7216.50,1,,https://www.govinfo.gov/content/pkg/FR-2018-03-15/pdf/2018-05478.pdf,official_scope_expanded_on_valid_2018_hts_universe
us_232_steel_2018,Section 232 steel,721430,2018-03-23,us_232_steel_2018:rule:001=7206.10–7216.50,2,,https://www.govinfo.gov/content/pkg/FR-2018-03-15/pdf/2018-05478.pdf,official_scope_expanded_on_valid_2018_hts_universe
us_232_steel_2018,Section 232 steel,721491,2018-03-23,us_232_steel_2018:rule:001=7206.10–7216.50,4,,https://www.govinfo.gov/content/pkg/FR-2018-03-15/pdf/2018-05478.pdf,official_scope_expanded_on_valid_2018_hts_universe
us_232_steel_2018,Section 232 steel,721499,2018-03-23,us_232_steel_2018:rule:001=7206.10–7216.50,10,,https://www.govinfo.gov/content/pkg/FR-2018-03-15/pdf/2018-05478.pdf,official_scope_expanded_on_valid_2018_hts_universe
us_232_steel_2018,Section 232 steel,721510,2018-03-23,us_232_steel_2018:rule:001=7206.10–7216.50,2,,https://www.govinfo.gov/content/pkg/FR-2018-03-15/pdf/2018-05478.pdf,official_scope_expanded_on_valid_2018_hts_universe
us_232_steel_2018,Section 232 steel,721550,2018-03-23,us_232_steel_2018:rule:001=7206.10–7216.50,7,,https://www.govinfo.gov/content/pkg/FR-2018-03-15/pdf/2018-05478.pdf,official_scope_expanded_on_valid_2018_hts_universe
us_232_steel_2018,Section 232 steel,721590,2018-03-23,us_232_steel_2018:rule:001=7206.10–7216.50,3,,https://www.govinfo.gov/content/pkg/FR-2018-03-15/pdf/2018-05478.pdf,official_scope_expanded_on_valid_2018_hts_universe
us_232_steel_2018,Section 232 steel,721610,2018-03-23,us_232_steel_2018:rule:001=7206.10–7216.50,2,,https://www.govinfo.gov/content/pkg/FR-2018-03-15/pdf/2018-05478.pdf,official_scope_expanded_on_valid_2018_hts_universe
us_232_steel_2018,Section 232 steel,721621,2018-03-23,us_232_steel_2018:rule:001=7206.10–7216.50,1,,https://www.govinfo.gov/content/pkg/FR-2018-03-15/pdf/2018-05478.pdf,official_scope_expanded_on_valid_2018_hts_universe
us_232_steel_2018,Section 232 steel,721622,2018-03-23,us_232_steel_2018:rule:001=7206.10–7216.50,1,,https://www.govinfo.gov/content/pkg/FR-2018-03-15/pdf/2018-05478.pdf,official_scope_expanded_on_valid_2018_hts_universe
us_232_steel_2018,Section 232 steel,721631,2018-03-23,us_232_steel_2018:rule:001=7206.10–7216.50,1,,https://www.govinfo.gov/content/pkg/FR-2018-03-15/pdf/2018-05478.pdf,official_scope_expanded_on_valid_2018_hts_universe
us_232_steel_2018,Section 232 steel,721632,2018-03-23,us_232_steel_2018:rule:001=7206.10–7216.50,1,,https://www.govinfo.gov/content/pkg/FR-2018-03-15/pdf/2018-05478.pdf,official_scope_expanded_on_valid_2018_hts_universe
us_232_steel_2018,Section 232 steel,721633,2018-03-23,us_232_steel_2018:rule:001=7206.10–7216.50,3,,https://www.govinfo.gov/content/pkg/FR-2018-03-15/pdf/2018-05478.pdf,official_scope_expanded_on_valid_2018_hts_universe
us_232_steel_2018,Section 232 steel,721640,2018-03-23,us_232_steel_2018:rule:001=7206.10–7216.50,2,,https://www.govinfo.gov/content/pkg/FR-2018-03-15/pdf/2018-05478.pdf,official_scope_expanded_on_valid_2018_hts_universe
us_232_steel_2018,Section 232 steel,721650,2018-03-23,us_232_steel_2018:rule:001=7206.10–7216.50,1,,https://www.govinfo.gov/content/pkg/FR-2018-03-15/pdf/2018-05478.pdf,official_scope_expanded_on_valid_2018_hts_universe
us_232_steel_2018,Section 232 steel,721699,2018-03-23,us_232_steel_2018:rule:002=7216.99–7301.10,2,,https://www.govinfo.gov/content/pkg/FR-2018-03-15/pdf/2018-05478.pdf,official_scope_expanded_on_valid_2018_hts_universe
us_232_steel_2018,Section 232 steel,721710,2018-03-23,us_232_steel_2018:rule:002=7216.99–7301.10,19,,https://www.govinfo.gov/content/pkg/FR-2018-03-15/pdf/2018-05478.pdf,official_scope_expanded_on_valid_2018_hts_universe
us_232_steel_2018,Section 232 steel,721720,2018-03-23,us_232_steel_2018:rule:002=7216.99–7301.10,12,,https://www.govinfo.gov/content/pkg/FR-2018-03-15/pdf/2018-05478.pdf,official_scope_expanded_on_valid_2018_hts_universe
us_232_steel_2018,Section 232 steel,721730,2018-03-23,us_232_steel_2018:rule:002=7216.99–7301.10,13,,https://www.govinfo.gov/content/pkg/FR-2018-03-15/pdf/2018-05478.pdf,official_scope_expanded_on_valid_2018_hts_universe
us_232_steel_2018,Section 232 steel,721790,2018-03-23,us_232_steel_2018:rule:002=7216.99–7301.10,4,,https://www.govinfo.gov/content/pkg/FR-2018-03-15/pdf/2018-05478.pdf,official_scope_expanded_on_valid_2018_hts_universe
us_232_steel_2018,Section 232 steel,721810,2018-03-23,us_232_steel_2018:rule:002=7216.99–7301.10,1,,https://www.govinfo.gov/content/pkg/FR-2018-03-15/pdf/2018-05478.pdf,official_scope_expanded_on_valid_2018_hts_universe
us_232_steel_2018,Section 232 steel,721891,2018-03-23,us_232_steel_2018:rule:002=7216.99–7301.10,3,,https://www.govinfo.gov/content/pkg/FR-2018-03-15/pdf/2018-05478.pdf,official_scope_expanded_on_valid_2018_hts_universe
us_232_steel_2018,Section 232 steel,721899,2018-03-23,us_232_steel_2018:rule:002=7216.99–7301.10,5,,https://www.govinfo.gov/content/pkg/FR-2018-03-15/pdf/2018-05478.pdf,official_scope_expanded_on_valid_2018_hts_universe
us_232_steel_2018,Section 232 steel,721911,2018-03-23,us_232_steel_2018:rule:002=7216.99–7301.10,2,,https://www.govinfo.gov/content/pkg/FR-2018-03-15/pdf/2018-05478.pdf,official_scope_expanded_on_valid_2018_hts_universe
us_232_steel_2018,Section 232 steel,721912,2018-03-23,us_232_steel_2018:rule:002=7216.99–7301.10,9,,https://www.govinfo.gov/content/pkg/FR-2018-03-15/pdf/2018-05478.pdf,official_scope_expanded_on_valid_2018_hts_universe
us_232_steel_2018,Section 232 steel,721913,2018-03-23,us_232_steel_2018:rule:002=7216.99–7301.10,5,,https://www.govinfo.gov/content/pkg/FR-2018-03-15/pdf/2018-05478.pdf,official_scope_expanded_on_valid_2018_hts_universe
us_232_steel_2018,Section 232 steel,721914,2018-03-23,us_232_steel_2018:rule:002=7216.99–7301.10,3,,https://www.govinfo.gov/content/pkg/FR-2018-03-15/pdf/2018-05478.pdf,official_scope_expanded_on_valid_2018_hts_universe
us_232_steel_2018,Section 232 steel,721921,2018-03-23,us_232_steel_2018:rule:002=7216.99–7301.10,4,,https://www.govinfo.gov/content/pkg/FR-2018-03-15/pdf/2018-05478.pdf,official_scope_expanded_on_valid_2018_hts_universe
us_232_steel_2018,Section 232 steel,721922,2018-03-23,us_232_steel_2018:rule:002=7216.99–7301.10,10,,https://www.govinfo.gov/content/pkg/FR-2018-03-15/pdf/2018-05478.pdf,official_scope_expanded_on_valid_2018_hts_universe
us_232_steel_2018,Section 232 steel,721923,2018-03-23,us_232_steel_2018:rule:002=7216.99–7301.10,2,,https://www.govinfo.gov/content/pkg/FR-2018-03-15/pdf/2018-05478.pdf,official_scope_expanded_on_valid_2018_hts_universe
us_232_steel_2018,Section 232 steel,721924,2018-03-23,us_232_steel_2018:rule:002=7216.99–7301.10,2,,https://www.govinfo.gov/content/pkg/FR-2018-03-15/pdf/2018-05478.pdf,official_scope_expanded_on_valid_2018_hts_universe
us_232_steel_2018,Section 232 steel,721931,2018-03-23,us_232_steel_2018:rule:002=7216.99–7301.10,2,,https://www.govinfo.gov/content/pkg/FR-2018-03-15/pdf/2018-05478.pdf,official_scope_expanded_on_valid_2018_hts_universe
us_232_steel_2018,Section 232 steel,721932,2018-03-23,us_232_steel_2018:rule:002=7216.99–7301.10,10,,https://www.govinfo.gov/content/pkg/FR-2018-03-15/pdf/2018-05478.pdf,official_scope_expanded_on_valid_2018_hts_universe
us_232_steel_2018,Section 232 steel,721933,2018-03-23,us_232_steel_2018:rule:002=7216.99–7301.10,11,,https://www.govinfo.gov/content/pkg/FR-2018-03-15/pdf/2018-05478.pdf,official_scope_expanded_on_valid_2018_hts_universe
us_232_steel_2018,Section 232 steel,721934,2018-03-23,us_232_steel_2018:rule:002=7216.99–7301.10,6,,https://www.govinfo.gov/content/pkg/FR-2018-03-15/pdf/2018-05478.pdf,official_scope_expanded_on_valid_2018_hts_universe
us_232_steel_2018,Section 232 steel,721935,2018-03-23,us_232_steel_2018:rule:002=7216.99–7301.10,5,,https://www.govinfo.gov/content/pkg/FR-2018-03-15/pdf/2018-05478.pdf,official_scope_expanded_on_valid_2018_hts_universe
us_232_steel_2018,Section 232 steel,721990,2018-03-23,us_232_steel_2018:rule:002=7216.99–7301.10,5,,https://www.govinfo.gov/content/pkg/FR-2018-03-15/pdf/2018-05478.pdf,official_scope_expanded_on_valid_2018_hts_universe
us_232_steel_2018,Section 232 steel,722011,2018-03-23,us_232_steel_2018:rule:002=7216.99–7301.10,1,,https://www.govinfo.gov/content/pkg/FR-2018-03-15/pdf/2018-05478.pdf,official_scope_expanded_on_valid_2018_hts_universe
us_232_steel_2018,Section 232 steel,722012,2018-03-23,us_232_steel_2018:rule:002=7216.99–7301.10,2,,https://www.govinfo.gov/content/pkg/FR-2018-03-15/pdf/2018-05478.pdf,official_scope_expanded_on_valid_2018_hts_universe
us_232_steel_2018,Section 232 steel,722020,2018-03-23,us_232_steel_2018:rule:002=7216.99–7301.10,17,,https://www.govinfo.gov/content/pkg/FR-2018-03-15/pdf/2018-05478.pdf,official_scope_expanded_on_valid_2018_hts_universe
us_232_steel_2018,Section 232 steel,722090,2018-03-23,us_232_steel_2018:rule:002=7216.99–7301.10,4,,https://www.govinfo.gov/content/pkg/FR-2018-03-15/pdf/2018-05478.pdf,official_scope_expanded_on_valid_2018_hts_universe
us_232_steel_2018,Section 232 steel,722100,2018-03-23,us_232_steel_2018:rule:002=7216.99–7301.10,6,,https://www.govinfo.gov/content/pkg/FR-2018-03-15/pdf/2018-05478.pdf,official_scope_expanded_on_valid_2018_hts_universe
us_232_steel_2018,Section 232 steel,722211,2018-03-23,us_232_steel_2018:rule:002=7216.99–7301.10,6,,https://www.govinfo.gov/content/pkg/FR-2018-03-15/pdf/2018-05478.pdf,official_scope_expanded_on_valid_2018_hts_universe
us_232_steel_2018,Section 232 steel,722219,2018-03-23,us_232_steel_2018:rule:002=7216.99–7301.10,4,,https://www.govinfo.gov/content/pkg/FR-2018-03-15/pdf/2018-05478.pdf,official_scope_expanded_on_valid_2018_hts_universe
us_232_steel_2018,Section 232 steel,722220,2018-03-23,us_232_steel_2018:rule:002=7216.99–7301.10,10,,https://www.govinfo.gov/content/pkg/FR-2018-03-15/pdf/2018-05478.pdf,official_scope_expanded_on_valid_2018_hts_universe
us_232_steel_2018,Section 232 steel,722230,2018-03-23,us_232_steel_2018:rule:002=7216.99–7301.10,6,,https://www.govinfo.gov/content/pkg/FR-2018-03-15/pdf/2018-05478.pdf,official_scope_expanded_on_valid_2018_hts_universe
us_232_steel_2018,Section 232 steel,722240,2018-03-23,us_232_steel_2018:rule:002=7216.99–7301.10,5,,https://www.govinfo.gov/content/pkg/FR-2018-03-15/pdf/2018-05478.pdf,official_scope_expanded_on_valid_2018_hts_universe
us_232_steel_2018,Section 232 steel,722300,2018-03-23,us_232_steel_2018:rule:002=7216.99–7301.10,8,,https://www.govinfo.gov/content/pkg/FR-2018-03-15/pdf/2018-05478.pdf,official_scope_expanded_on_valid_2018_hts_universe
us_232_steel_2018,Section 232 steel,722410,2018-03-23,us_232_steel_2018:rule:002=7216.99–7301.10,3,,https://www.govinfo.gov/content/pkg/FR-2018-03-15/pdf/2018-05478.pdf,official_scope_expanded_on_valid_2018_hts_universe
us_232_steel_2018,Section 232 steel,722490,2018-03-23,us_232_steel_2018:rule:002=7216.99–7301.10,8,,https://www.govinfo.gov/content/pkg/FR-2018-03-15/pdf/2018-05478.pdf,official_scope_expanded_on_valid_2018_hts_universe
us_232_steel_2018,Section 232 steel,722511,2018-03-23,us_232_steel_2018:rule:002=7216.99–7301.10,1,,https://www.govinfo.gov/content/pkg/FR-2018-03-15/pdf/2018-05478.pdf,official_scope_expanded_on_valid_2018_hts_universe
us_232_steel_2018,Section 232 steel,722519,2018-03-23,us_232_steel_2018:rule:002=7216.99–7301.10,1,,https://www.govinfo.gov/content/pkg/FR-2018-03-15/pdf/2018-05478.pdf,official_scope_expanded_on_valid_2018_hts_universe
us_232_steel_2018,Section 232 steel,722530,2018-03-23,us_232_steel_2018:rule:002=7216.99–7301.10,7,,https://www.govinfo.gov/content/pkg/FR-2018-03-15/pdf/2018-05478.pdf,official_scope_expanded_on_valid_2018_hts_universe
us_232_steel_2018,Section 232 steel,722540,2018-03-23,us_232_steel_2018:rule:002=7216.99–7301.10,8,,https://www.govinfo.gov/content/pkg/FR-2018-03-15/pdf/2018-05478.pdf,official_scope_expanded_on_valid_2018_hts_universe
us_232_steel_2018,Section 232 steel,722550,2018-03-23,us_232_steel_2018:rule:002=7216.99–7301.10,7,,https://www.govinfo.gov/content/pkg/FR-2018-03-15/pdf/2018-05478.pdf,official_scope_expanded_on_valid_2018_hts_universe
us_232_steel_2018,Section 232 steel,722591,2018-03-23,us_232_steel_2018:rule:002=7216.99–7301.10,1,,https://www.govinfo.gov/content/pkg/FR-2018-03-15/pdf/2018-05478.pdf,official_scope_expanded_on_valid_2018_hts_universe
us_232_steel_2018,Section 232 steel,722592,2018-03-23,us_232_steel_2018:rule:002=7216.99–7301.10,1,,https://www.govinfo.gov/content/pkg/FR-2018-03-15/pdf/2018-05478.pdf,official_scope_expanded_on_valid_2018_hts_universe
us_232_steel_2018,Section 232 steel,722599,2018-03-23,us_232_steel_2018:rule:002=7216.99–7301.10,2,,https://www.govinfo.gov/content/pkg/FR-2018-03-15/pdf/2018-05478.pdf,official_scope_expanded_on_valid_2018_hts_universe
us_232_steel_2018,Section 232 steel,722611,2018-03-23,us_232_steel_2018:rule:002=7216.99–7301.10,3,,https://www.govinfo.gov/content/pkg/FR-2018-03-15/pdf/2018-05478.pdf,official_scope_expanded_on_valid_2018_hts_universe
us_232_steel_2018,Section 232 steel,722619,2018-03-23,us_232_steel_2018:rule:002=7216.99–7301.10,2,,https://www.govinfo.gov/content/pkg/FR-2018-03-15/pdf/2018-05478.pdf,official_scope_expanded_on_valid_2018_hts_universe
us_232_steel_2018,Section 232 steel,722620,2018-03-23,us_232_steel_2018:rule:002=7216.99–7301.10,1,,https://www.govinfo.gov/content/pkg/FR-2018-03-15/pdf/2018-05478.pdf,official_scope_expanded_on_valid_2018_hts_universe
us_232_steel_2018,Section 232 steel,722691,2018-03-23,us_232_steel_2018:rule:002=7216.99–7301.10,8,,https://www.govinfo.gov/content/pkg/FR-2018-03-15/pdf/2018-05478.pdf,official_scope_expanded_on_valid_2018_hts_universe
us_232_steel_2018,Section 232 steel,722692,2018-03-23,us_232_steel_2018:rule:002=7216.99–7301.10,9,,https://www.govinfo.gov/content/pkg/FR-2018-03-15/pdf/2018-05478.pdf,official_scope_expanded_on_valid_2018_hts_universe
us_232_steel_2018,Section 232 steel,722699,2018-03-23,us_232_steel_2018:rule:002=7216.99–7301.10,3,,https://www.govinfo.gov/content/pkg/FR-2018-03-15/pdf/2018-05478.pdf,official_scope_expanded_on_valid_2018_hts_universe
us_232_steel_2018,Section 232 steel,722710,2018-03-23,us_232_steel_2018:rule:002=7216.99–7301.10,1,,https://www.govinfo.gov/content/pkg/FR-2018-03-15/pdf/2018-05478.pdf,official_scope_expanded_on_valid_2018_hts_universe
us_232_steel_2018,Section 232 steel,722720,2018-03-23,us_232_steel_2018:rule:002=7216.99–7301.10,2,,https://www.govinfo.gov/content/pkg/FR-2018-03-15/pdf/2018-05478.pdf,official_scope_expanded_on_valid_2018_hts_universe
us_232_steel_2018,Section 232 steel,722790,2018-03-23,us_232_steel_2018:rule:002=7216.99–7301.10,11,,https://www.govinfo.gov/content/pkg/FR-2018-03-15/pdf/2018-05478.pdf,official_scope_expanded_on_valid_2018_hts_universe
us_232_steel_2018,Section 232 steel,722810,2018-03-23,us_232_steel_2018:rule:002=7216.99–7301.10,3,,https://www.govinfo.gov/content/pkg/FR-2018-03-15/pdf/2018-05478.pdf,official_scope_expanded_on_valid_2018_hts_universe
us_232_steel_2018,Section 232 steel,722820,2018-03-23,us_232_steel_2018:rule:002=7216.99–7301.10,2,,https://www.govinfo.gov/content/pkg/FR-2018-03-15/pdf/2018-05478.pdf,official_scope_expanded_on_valid_2018_hts_universe
us_232_steel_2018,Section 232 steel,722830,2018-03-23,us_232_steel_2018:rule:002=7216.99–7301.10,9,,https://www.govinfo.gov/content/pkg/FR-2018-03-15/pdf/2018-05478.pdf,official_scope_expanded_on_valid_2018_hts_universe
us_232_steel_2018,Section 232 steel,722840,2018-03-23,us_232_steel_2018:rule:002=7216.99–7301.10,1,,https://www.govinfo.gov/content/pkg/FR-2018-03-15/pdf/2018-05478.pdf,official_scope_expanded_on_valid_2018_hts_universe
us_232_steel_2018,Section 232 steel,722850,2018-03-23,us_232_steel_2018:rule:002=7216.99–7301.10,9,,https://www.govinfo.gov/content/pkg/FR-2018-03-15/pdf/2018-05478.pdf,official_scope_expanded_on_valid_2018_hts_universe
us_232_steel_2018,Section 232 steel,722860,2018-03-23,us_232_steel_2018:rule:002=7216.99–7301.10,4,,https://www.govinfo.gov/content/pkg/FR-2018-03-15/pdf/2018-05478.pdf,official_scope_expanded_on_valid_2018_hts_universe
us_232_steel_2018,Section 232 steel,722870,2018-03-23,us_232_steel_2018:rule:002=7216.99–7301.10,6,,https://www.govinfo.gov/content/pkg/FR-2018-03-15/pdf/2018-05478.pdf,official_scope_expanded_on_valid_2018_hts_universe
us_232_steel_2018,Section 232 steel,722880,2018-03-23,us_232_steel_2018:rule:002=7216.99–7301.10,1,,https://www.govinfo.gov/content/pkg/FR-2018-03-15/pdf/2018-05478.pdf,official_scope_expanded_on_valid_2018_hts_universe
us_232_steel_2018,Section 232 steel,722920,2018-03-23,us_232_steel_2018:rule:002=7216.99–7301.10,3,,https://www.govinfo.gov/content/pkg/FR-2018-03-15/pdf/2018-05478.pdf,official_scope_expanded_on_valid_2018_hts_universe
us_232_steel_2018,Section 232 steel,722990,2018-03-23,us_232_steel_2018:rule:002=7216.99–7301.10,8,,https://www.govinfo.gov/content/pkg/FR-2018-03-15/pdf/2018-05478.pdf,official_scope_expanded_on_valid_2018_hts_universe
us_232_steel_2018,Section 232 steel,730110,2018-03-23,us_232_steel_2018:rule:002=7216.99–7301.10,1,,https://www.govinfo.gov/content/pkg/FR-2018-03-15/pdf/2018-05478.pdf,official_scope_expanded_on_valid_2018_hts_universe
us_232_steel_2018,Section 232 steel,730210,2018-03-23,us_232_steel_2018:rule:003=7302.10,11,,https://www.govinfo.gov/content/pkg/FR-2018-03-15/pdf/2018-05478.pdf,official_scope_expanded_on_valid_2018_hts_universe
us_232_steel_2018,Section 232 steel,730240,2018-03-23,us_232_steel_2018:rule:004=7302.40–7302.90,1,,https://www.govinfo.gov/content/pkg/FR-2018-03-15/pdf/2018-05478.pdf,official_scope_expanded_on_valid_2018_hts_universe
us_232_steel_2018,Section 232 steel,730290,2018-03-23,us_232_steel_2018:rule:004=7302.40–7302.90,2,,https://www.govinfo.gov/content/pkg/FR-2018-03-15/pdf/2018-05478.pdf,official_scope_expanded_on_valid_2018_hts_universe
us_232_steel_2018,Section 232 steel,730411,2018-03-23,us_232_steel_2018:rule:005=7304.10–7306.90,3,,https://www.govinfo.gov/content/pkg/FR-2018-03-15/pdf/2018-05478.pdf,official_scope_expanded_on_valid_2018_hts_universe
us_232_steel_2018,Section 232 steel,730419,2018-03-23,us_232_steel_2018:rule:005=7304.10–7306.90,8,,https://www.govinfo.gov/content/pkg/FR-2018-03-15/pdf/2018-05478.pdf,official_scope_expanded_on_valid_2018_hts_universe
us_232_steel_2018,Section 232 steel,730422,2018-03-23,us_232_steel_2018:rule:005=7304.10–7306.90,3,,https://www.govinfo.gov/content/pkg/FR-2018-03-15/pdf/2018-05478.pdf,official_scope_expanded_on_valid_2018_hts_universe
us_232_steel_2018,Section 232 steel,730423,2018-03-23,us_232_steel_2018:rule:005=7304.10–7306.90,4,,https://www.govinfo.gov/content/pkg/FR-2018-03-15/pdf/2018-05478.pdf,official_scope_expanded_on_valid_2018_hts_universe
us_232_steel_2018,Section 232 steel,730424,2018-03-23,us_232_steel_2018:rule:005=7304.10–7306.90,18,,https://www.govinfo.gov/content/pkg/FR-2018-03-15/pdf/2018-05478.pdf,official_scope_expanded_on_valid_2018_hts_universe
us_232_steel_2018,Section 232 steel,730429,2018-03-23,us_232_steel_2018:rule:005=7304.10–7306.90,38,,https://www.govinfo.gov/content/pkg/FR-2018-03-15/pdf/2018-05478.pdf,official_scope_expanded_on_valid_2018_hts_universe
us_232_steel_2018,Section 232 steel,730431,2018-03-23,us_232_steel_2018:rule:005=7304.10–7306.90,3,,https://www.govinfo.gov/content/pkg/FR-2018-03-15/pdf/2018-05478.pdf,official_scope_expanded_on_valid_2018_hts_universe
us_232_steel_2018,Section 232 steel,730439,2018-03-23,us_232_steel_2018:rule:005=7304.10–7306.90,20,,https://www.govinfo.gov/content/pkg/FR-2018-03-15/pdf/2018-05478.pdf,official_scope_expanded_on_valid_2018_hts_universe
us_232_steel_2018,Section 232 steel,730441,2018-03-23,us_232_steel_2018:rule:005=7304.10–7306.90,6,,https://www.govinfo.gov/content/pkg/FR-2018-03-15/pdf/2018-05478.pdf,official_scope_expanded_on_valid_2018_hts_universe
us_232_steel_2018,Section 232 steel,730449,2018-03-23,us_232_steel_2018:rule:005=7304.10–7306.90,4,,https://www.govinfo.gov/content/pkg/FR-2018-03-15/pdf/2018-05478.pdf,official_scope_expanded_on_valid_2018_hts_universe
us_232_steel_2018,Section 232 steel,730451,2018-03-23,us_232_steel_2018:rule:005=7304.10–7306.90,5,,https://www.govinfo.gov/content/pkg/FR-2018-03-15/pdf/2018-05478.pdf,official_scope_expanded_on_valid_2018_hts_universe
us_232_steel_2018,Section 232 steel,730459,2018-03-23,us_232_steel_2018:rule:005=7304.10–7306.90,23,,https://www.govinfo.gov/content/pkg/FR-2018-03-15/pdf/2018-05478.pdf,official_scope_expanded_on_valid_2018_hts_universe
us_232_steel_2018,Section 232 steel,730490,2018-03-23,us_232_steel_2018:rule:005=7304.10–7306.90,4,,https://www.govinfo.gov/content/pkg/FR-2018-03-15/pdf/2018-05478.pdf,official_scope_expanded_on_valid_2018_hts_universe
us_232_steel_2018,Section 232 steel,730511,2018-03-23,us_232_steel_2018:rule:005=7304.10–7306.90,3,,https://www.govinfo.gov/content/pkg/FR-2018-03-15/pdf/2018-05478.pdf,official_scope_expanded_on_valid_2018_hts_universe
us_232_steel_2018,Section 232 steel,730512,2018-03-23,us_232_steel_2018:rule:005=7304.10–7306.90,3,,https://www.govinfo.gov/content/pkg/FR-2018-03-15/pdf/2018-05478.pdf,official_scope_expanded_on_valid_2018_hts_universe
us_232_steel_2018,Section 232 steel,730519,2018-03-23,us_232_steel_2018:rule:005=7304.10–7306.90,3,,https://www.govinfo.gov/content/pkg/FR-2018-03-15/pdf/2018-05478.pdf,official_scope_expanded_on_valid_2018_hts_universe
us_232_steel_2018,Section 232 steel,730520,2018-03-23,us_232_steel_2018:rule:005=7304.10–7306.90,4,,https://www.govinfo.gov/content/pkg/FR-2018-03-15/pdf/2018-05478.pdf,official_scope_expanded_on_valid_2018_hts_universe
us_232_steel_2018,Section 232 steel,730531,2018-03-23,us_232_steel_2018:rule:005=7304.10–7306.90,4,,https://www.govinfo.gov/content/pkg/FR-2018-03-15/pdf/2018-05478.pdf,official_scope_expanded_on_valid_2018_hts_universe
us_232_steel_2018,Section 232 steel,730539,2018-03-23,us_232_steel_2018:rule:005=7304.10–7306.90,2,,https://www.govinfo.gov/content/pkg/FR-2018-03-15/pdf/2018-05478.pdf,official_scope_expanded_on_valid_2018_hts_universe
us_232_steel_2018,Section 232 steel,730590,2018-03-23,us_232_steel_2018:rule:005=7304.10–7306.90,2,,https://www.govinfo.gov/content/pkg/FR-2018-03-15/pdf/2018-05478.pdf,official_scope_expanded_on_valid_2018_hts_universe
us_232_steel_2018,Section 232 steel,730611,2018-03-23,us_232_steel_2018:rule:005=7304.10–7306.90,2,,https://www.govinfo.gov/content/pkg/FR-2018-03-15/pdf/2018-05478.pdf,official_scope_expanded_on_valid_2018_hts_universe
us_232_steel_2018,Section 232 steel,730619,2018-03-23,us_232_steel_2018:rule:005=7304.10–7306.90,4,,https://www.govinfo.gov/content/pkg/FR-2018-03-15/pdf/2018-05478.pdf,official_scope_expanded_on_valid_2018_hts_universe
us_232_steel_2018,Section 232 steel,730621,2018-03-23,us_232_steel_2018:rule:005=7304.10–7306.90,4,,https://www.govinfo.gov/content/pkg/FR-2018-03-15/pdf/2018-05478.pdf,official_scope_expanded_on_valid_2018_hts_universe
us_232_steel_2018,Section 232 steel,730629,2018-03-23,us_232_steel_2018:rule:005=7304.10–7306.90,9,,https://www.govinfo.gov/content/pkg/FR-2018-03-15/pdf/2018-05478.pdf,official_scope_expanded_on_valid_2018_hts_universe
us_232_steel_2018,Section 232 steel,730630,2018-03-23,us_232_steel_2018:rule:005=7304.10–7306.90,13,,https://www.govinfo.gov/content/pkg/FR-2018-03-15/pdf/2018-05478.pdf,official_scope_expanded_on_valid_2018_hts_universe
us_232_steel_2018,Section 232 steel,730640,2018-03-23,us_232_steel_2018:rule:005=7304.10–7306.90,13,,https://www.govinfo.gov/content/pkg/FR-2018-03-15/pdf/2018-05478.pdf,official_scope_expanded_on_valid_2018_hts_universe
us_232_steel_2018,Section 232 steel,730650,2018-03-23,us_232_steel_2018:rule:005=7304.10–7306.90,6,,https://www.govinfo.gov/content/pkg/FR-2018-03-15/pdf/2018-05478.pdf,official_scope_expanded_on_valid_2018_hts_universe
us_232_steel_2018,Section 232 steel,730661,2018-03-23,us_232_steel_2018:rule:005=7304.10–7306.90,5,,https://www.govinfo.gov/content/pkg/FR-2018-03-15/pdf/2018-05478.pdf,official_scope_expanded_on_valid_2018_hts_universe
us_232_steel_2018,Section 232 steel,730669,2018-03-23,us_232_steel_2018:rule:005=7304.10–7306.90,5,,https://www.govinfo.gov/content/pkg/FR-2018-03-15/pdf/2018-05478.pdf,official_scope_expanded_on_valid_2018_hts_universe
us_232_steel_2018,Section 232 steel,730690,2018-03-23,us_232_steel_2018:rule:005=7304.10–7306.90,2,,https://www.govinfo.gov/content/pkg/FR-2018-03-15/pdf/2018-05478.pdf,official_scope_expanded_on_valid_2018_hts_universe
us_301_list1_2018,Section 301 List 1,284590,2018-07-06,us_301_list1_2018:2845.90.00=2845.90.00,1,,https://ustr.gov/sites/default/files/2018-13248.pdf,official_scope_expanded_on_valid_2018_hts_universe
us_301_list1_2018,Section 301 List 1,401130,2018-07-06,us_301_list1_2018:4011.30.00=4011.30.00,2,,https://ustr.gov/sites/default/files/2018-13248.pdf,official_scope_expanded_on_valid_2018_hts_universe
us_301_list1_2018,Section 301 List 1,401213,2018-07-06,us_301_list1_2018:4012.13.00=4012.13.00,2,,https://ustr.gov/sites/default/files/2018-13248.pdf,official_scope_expanded_on_valid_2018_hts_universe
us_301_list1_2018,Section 301 List 1,840110,2018-07-06,us_301_list1_2018:8401.10.00=8401.10.00,1,,https://ustr.gov/sites/default/files/2018-13248.pdf,official_scope_expanded_on_valid_2018_hts_universe
us_301_list1_2018,Section 301 List 1,840120,2018-07-06,us_301_list1_2018:8401.20.00=8401.20.00,1,,https://ustr.gov/sites/default/files/2018-13248.pdf,official_scope_expanded_on_valid_2018_hts_universe
us_301_list1_2018,Section 301 List 1,840130,2018-07-06,us_301_list1_2018:8401.30.00=8401.30.00,1,,https://ustr.gov/sites/default/files/2018-13248.pdf,official_scope_expanded_on_valid_2018_hts_universe
us_301_list1_2018,Section 301 List 1,840140,2018-07-06,us_301_list1_2018:8401.40.00=8401.40.00,1,,https://ustr.gov/sites/default/files/2018-13248.pdf,official_scope_expanded_on_valid_2018_hts_universe
us_301_list1_2018,Section 301 List 1,840211,2018-07-06,us_301_list1_2018:8402.11.00=8402.11.00,1,,https://ustr.gov/sites/default/files/2018-13248.pdf,official_scope_expanded_on_valid_2018_hts_universe
us_301_list1_2018,Section 301 List 1,840212,2018-07-06,us_301_list1_2018:8402.12.00=8402.12.00,1,,https://ustr.gov/sites/default/files/2018-13248.pdf,official_scope_expanded_on_valid_2018_hts_universe
us_301_list1_2018,Section 301 List 1,840219,2018-07-06,us_301_list1_2018:8402.19.00=8402.19.00,1,,https://ustr.gov/sites/default/files/2018-13248.pdf,official_scope_expanded_on_valid_2018_hts_universe
us_301_list1_2018,Section 301 List 1,840220,2018-07-06,us_301_list1_2018:8402.20.00=8402.20.00,1,,https://ustr.gov/sites/default/files/2018-13248.pdf,official_scope_expanded_on_valid_2018_hts_universe
us_301_list1_2018,Section 301 List 1,840290,2018-07-06,us_301_list1_2018:8402.90.00=8402.90.00,2,,https://ustr.gov/sites/default/files/2018-13248.pdf,official_scope_expanded_on_valid_2018_hts_universe
us_301_list1_2018,Section 301 List 1,840420,2018-07-06,us_301_list1_2018:8404.20.00=8404.20.00,1,,https://ustr.gov/sites/default/files/2018-13248.pdf,official_scope_expanded_on_valid_2018_hts_universe
us_301_list1_2018,Section 301 List 1,840490,2018-07-06,us_301_list1_2018:8404.90.00=8404.90.00,1,,https://ustr.gov/sites/default/files/2018-13248.pdf,official_scope_expanded_on_valid_2018_hts_universe
us_301_list1_2018,Section 301 List 1,840510,2018-07-06,us_301_list1_2018:8405.10.00=8405.10.00,1,,https://ustr.gov/sites/default/files/2018-13248.pdf,official_scope_expanded_on_valid_2018_hts_universe
us_301_list1_2018,Section 301 List 1,840590,2018-07-06,us_301_list1_2018:8405.90.00=8405.90.00,1,,https://ustr.gov/sites/default/files/2018-13248.pdf,official_scope_expanded_on_valid_2018_hts_universe
us_301_list1_2018,Section 301 List 1,840610,2018-07-06,us_301_list1_2018:8406.10.10=8406.10.10|us_301_list1_2018:8406.10.90=8406.10.90,2,,https://ustr.gov/sites/default/files/2018-13248.pdf,official_scope_expanded_on_valid_2018_hts_universe
us_301_list1_2018,Section 301 List 1,840681,2018-07-06,us_301_list1_2018:8406.81.90=8406.81.90,1,,https://ustr.gov/sites/default/files/2018-13248.pdf,official_scope_expanded_on_valid_2018_hts_universe
us_301_list1_2018,Section 301 List 1,840682,2018-07-06,us_301_list1_2018:8406.82.90=8406.82.90,1,,https://ustr.gov/sites/default/files/2018-13248.pdf,official_scope_expanded_on_valid_2018_hts_universe
us_301_list1_2018,Section 301 List 1,840710,2018-07-06,us_301_list1_2018:8407.10.00=8407.10.00,4,,https://ustr.gov/sites/default/files/2018-13248.pdf,official_scope_expanded_on_valid_2018_hts_universe
us_301_list1_2018,Section 301 List 1,840721,2018-07-06,us_301_list1_2018:8407.21.00=8407.21.00,2,,https://ustr.gov/sites/default/files/2018-13248.pdf,official_scope_expanded_on_valid_2018_hts_universe
us_301_list1_2018,Section 301 List 1,840729,2018-07-06,us_301_list1_2018:8407.29.00=8407.29.00,4,,https://ustr.gov/sites/default/files/2018-13248.pdf,official_scope_expanded_on_valid_2018_hts_universe
us_301_list1_2018,Section 301 List 1,840810,2018-07-06,us_301_list1_2018:8408.10.00=8408.10.00,6,,https://ustr.gov/sites/default/files/2018-13248.pdf,official_scope_expanded_on_valid_2018_hts_universe
us_301_list1_2018,Section 301 List 1,840890,2018-07-06,us_301_list1_2018:8408.90.10=8408.90.10|us_301_list1_2018:8408.90.90=8408.90.90,7,,https://ustr.gov/sites/default/files/2018-13248.pdf,official_scope_expanded_on_valid_2018_hts_universe
us_301_list1_2018,Section 301 List 1,840910,2018-07-06,us_301_list1_2018:8409.10.00=8409.10.00,2,,https://ustr.gov/sites/default/files/2018-13248.pdf,official_scope_expanded_on_valid_2018_hts_universe
us_301_list1_2018,Section 301 List 1,841011,2018-07-06,us_301_list1_2018:8410.11.00=8410.11.00,1,,https://ustr.gov/sites/default/files/2018-13248.pdf,official_scope_expanded_on_valid_2018_hts_universe
us_301_list1_2018,Section 301 List 1,841012,2018-07-06,us_301_list1_2018:8410.12.00=8410.12.00,1,,https://ustr.gov/sites/default/files/2018-13248.pdf,official_scope_expanded_on_valid_2018_hts_universe
us_301_list1_2018,Section 301 List 1,841013,2018-07-06,us_301_list1_2018:8410.13.00=8410.13.00,1,,https://ustr.gov/sites/default/files/2018-13248.pdf,official_scope_expanded_on_valid_2018_hts_universe
us_301_list1_2018,Section 301 List 1,841090,2018-07-06,us_301_list1_2018:8410.90.00=8410.90.00,1,,https://ustr.gov/sites/default/files/2018-13248.pdf,official_scope_expanded_on_valid_2018_hts_universe
us_301_list1_2018,Section 301 List 1,841111,2018-07-06,us_301_list1_2018:8411.11.40=8411.11.40|us_301_list1_2018:8411.11.80=8411.11.80,2,,https://ustr.gov/sites/default/files/2018-13248.pdf,official_scope_expanded_on_valid_2018_hts_universe
us_301_list1_2018,Section 301 List 1,841112,2018-07-06,us_301_list1_2018:8411.12.40=8411.12.40|us_301_list1_2018:8411.12.80=8411.12.80,2,,https://ustr.gov/sites/default/files/2018-13248.pdf,official_scope_expanded_on_valid_2018_hts_universe
us_301_list1_2018,Section 301 List 1,841121,2018-07-06,us_301_list1_2018:8411.21.40=8411.21.40|us_301_list1_2018:8411.21.80=8411.21.80,2,,https://ustr.gov/sites/default/files/2018-13248.pdf,official_scope_expanded_on_valid_2018_hts_universe
us_301_list1_2018,Section 301 List 1,841122,2018-07-06,us_301_list1_2018:8411.22.40=8411.22.40|us_301_list1_2018:8411.22.80=8411.22.80,2,,https://ustr.gov/sites/default/files/2018-13248.pdf,official_scope_expanded_on_valid_2018_hts_universe
us_301_list1_2018,Section 301 List 1,841181,2018-07-06,us_301_list1_2018:8411.81.40=8411.81.40|us_301_list1_2018:8411.81.80=8411.81.80,2,,https://ustr.gov/sites/default/files/2018-13248.pdf,official_scope_expanded_on_valid_2018_hts_universe
us_301_list1_2018,Section 301 List 1,841182,2018-07-06,us_301_list1_2018:8411.82.40=8411.82.40|us_301_list1_2018:8411.82.80=8411.82.80,2,,https://ustr.gov/sites/default/files/2018-13248.pdf,official_scope_expanded_on_valid_2018_hts_universe
us_301_list1_2018,Section 301 List 1,841191,2018-07-06,us_301_list1_2018:8411.91.10=8411.91.10|us_301_list1_2018:8411.91.90=8411.91.90,6,,https://ustr.gov/sites/default/files/2018-13248.pdf,official_scope_expanded_on_valid_2018_hts_universe
us_301_list1_2018,Section 301 List 1,841199,2018-07-06,us_301_list1_2018:8411.99.10=8411.99.10|us_301_list1_2018:8411.99.90=8411.99.90,7,,https://ustr.gov/sites/default/files/2018-13248.pdf,official_scope_expanded_on_valid_2018_hts_universe
us_301_list1_2018,Section 301 List 1,841210,2018-07-06,us_301_list1_2018:8412.10.00=8412.10.00,2,,https://ustr.gov/sites/default/files/2018-13248.pdf,official_scope_expanded_on_valid_2018_hts_universe
us_301_list1_2018,Section 301 List 1,841221,2018-07-06,us_301_list1_2018:8412.21.00=8412.21.00,5,,https://ustr.gov/sites/default/files/2018-13248.pdf,official_scope_expanded_on_valid_2018_hts_universe
us_301_list1_2018,Section 301 List 1,841229,2018-07-06,us_301_list1_2018:8412.29.40=8412.29.40|us_301_list1_2018:8412.29.80=8412.29.80,6,,https://ustr.gov/sites/default/files/2018-13248.pdf,official_scope_expanded_on_valid_2018_hts_universe
us_301_list1_2018,Section 301 List 1,841231,2018-07-06,us_301_list1_2018:8412.31.00=8412.31.00,2,,https://ustr.gov/sites/default/files/2018-13248.pdf,official_scope_expanded_on_valid_2018_hts_universe
us_301_list1_2018,Section 301 List 1,841239,2018-07-06,us_301_list1_2018:8412.39.00=8412.39.00,2,,https://ustr.gov/sites/default/files/2018-13248.pdf,official_scope_expanded_on_valid_2018_hts_universe
us_301_list1_2018,Section 301 List 1,841280,2018-07-06,us_301_list1_2018:8412.80.10=8412.80.10|us_301_list1_2018:8412.80.90=8412.80.90,2,,https://ustr.gov/sites/default/files/2018-13248.pdf,official_scope_expanded_on_valid_2018_hts_universe
us_301_list1_2018,Section 301 List 1,841290,2018-07-06,us_301_list1_2018:8412.90.10=8412.90.10,1,,https://ustr.gov/sites/default/files/2018-13248.pdf,official_scope_expanded_on_valid_2018_hts_universe
us_301_list1_2018,Section 301 List 1,841319,2018-07-06,us_301_list1_2018:8413.19.00=8413.19.00,1,,https://ustr.gov/sites/default/files/2018-13248.pdf,official_scope_expanded_on_valid_2018_hts_universe
us_301_list1_2018,Section 301 List 1,841340,2018-07-06,us_301_list1_2018:8413.40.00=8413.40.00,1,,https://ustr.gov/sites/default/files/2018-13248.pdf,official_scope_expanded_on_valid_2018_hts_universe
us_301_list1_2018,Section 301 List 1,841350,2018-07-06,us_301_list1_2018:8413.50.00=8413.50.00,5,,https://ustr.gov/sites/default/files/2018-13248.pdf,official_scope_expanded_on_valid_2018_hts_universe
us_301_list1_2018,Section 301 List 1,841360,2018-07-06,us_301_list1_2018:8413.60.00=8413.60.00,6,,https://ustr.gov/sites/default/files/2018-13248.pdf,official_scope_expanded_on_valid_2018_hts_universe
us_301_list1_2018,Section 301 List 1,841370,2018-07-06,us_301_list1_2018:8413.70.10=8413.70.10|us_301_list1_2018:8413.70.20=8413.70.20,9,,https://ustr.gov/sites/default/files/2018-13248.pdf,official_scope_expanded_on_valid_2018_hts_universe
us_301_list1_2018,Section 301 List 1,841381,2018-07-06,us_301_list1_2018:8413.81.00=8413.81.00,3,,https://ustr.gov/sites/default/files/2018-13248.pdf,official_scope_expanded_on_valid_2018_hts_universe
us_301_list1_2018,Section 301 List 1,841382,2018-07-06,us_301_list1_2018:8413.82.00=8413.82.00,1,,https://ustr.gov/sites/default/files/2018-13248.pdf,official_scope_expanded_on_valid_2018_hts_universe
us_301_list1_2018,Section 301 List 1,841391,2018-07-06,us_301_list1_2018:8413.91.10=8413.91.10|us_301_list1_2018:8413.91.20=8413.91.20|us_301_list1_2018:8413.91.90=8413.91.90,8,,https://ustr.gov/sites/default/files/2018-13248.pdf,official_scope_expanded_on_valid_2018_hts_universe
us_301_list1_2018,Section 301 List 1,841430,2018-07-06,us_301_list1_2018:8414.30.40=8414.30.40|us_301_list1_2018:8414.30.80=8414.30.80,9,,https://ustr.gov/sites/default/files/2018-13248.pdf,official_scope_expanded_on_valid_2018_hts_universe
us_301_list1_2018,Section 301 List 1,841459,2018-07-06,us_301_list1_2018:8414.59.30=8414.59.30,1,,https://ustr.gov/sites/default/files/2018-13248.pdf,official_scope_expanded_on_valid_2018_hts_universe
us_301_list1_2018,Section 301 List 1,841480,2018-07-06,us_301_list1_2018:8414.80.05=8414.80.05|us_301_list1_2018:8414.80.20=8414.80.20,6,,https://ustr.gov/sites/default/files/2018-13248.pdf,official_scope_expanded_on_valid_2018_hts_universe
us_301_list1_2018,Section 301 List 1,841490,2018-07-06,us_301_list1_2018:8414.90.30=8414.90.30|us_301_list1_2018:8414.90.41=8414.90.41|us_301_list1_2018:8414.90.90=8414.90.90,11,,https://ustr.gov/sites/default/files/2018-13248.pdf,official_scope_expanded_on_valid_2018_hts_universe
us_301_list1_2018,Section 301 List 1,841690,2018-07-06,us_301_list1_2018:8416.90.00=8416.90.00,1,,https://ustr.gov/sites/default/files/2018-13248.pdf,official_scope_expanded_on_valid_2018_hts_universe
us_301_list1_2018,Section 301 List 1,841710,2018-07-06,us_301_list1_2018:8417.10.00=8417.10.00,1,,https://ustr.gov/sites/default/files/2018-13248.pdf,official_scope_expanded_on_valid_2018_hts_universe
us_301_list1_2018,Section 301 List 1,841780,2018-07-06,us_301_list1_2018:8417.80.00=8417.80.00,1,,https://ustr.gov/sites/default/files/2018-13248.pdf,official_scope_expanded_on_valid_2018_hts_universe
us_301_list1_2018,Section 301 List 1,841790,2018-07-06,us_301_list1_2018:8417.90.00=8417.90.00,1,,https://ustr.gov/sites/default/files/2018-13248.pdf,official_scope_expanded_on_valid_2018_hts_universe
us_301_list1_2018,Section 301 List 1,841869,2018-07-06,us_301_list1_2018:8418.69.01=8418.69.01,7,,https://ustr.gov/sites/default/files/2018-13248.pdf,official_scope_expanded_on_valid_2018_hts_universe
us_301_list1_2018,Section 301 List 1,841911,2018-07-06,us_301_list1_2018:8419.11.00=8419.11.00,1,,https://ustr.gov/sites/default/files/2018-13248.pdf,official_scope_expanded_on_valid_2018_hts_universe
us_301_list1_2018,Section 301 List 1,841919,2018-07-06,us_301_list1_2018:8419.19.00=8419.19.00,3,,https://ustr.gov/sites/default/files/2018-13248.pdf,official_scope_expanded_on_valid_2018_hts_universe
us_301_list1_2018,Section 301 List 1,841931,2018-07-06,us_301_list1_2018:8419.31.00=8419.31.00,1,,https://ustr.gov/sites/default/files/2018-13248.pdf,official_scope_expanded_on_valid_2018_hts_universe
us_301_list1_2018,Section 301 List 1,841932,2018-07-06,us_301_list1_2018:8419.32.10=8419.32.10|us_301_list1_2018:8419.32.50=8419.32.50,2,,https://ustr.gov/sites/default/files/2018-13248.pdf,official_scope_expanded_on_valid_2018_hts_universe
us_301_list1_2018,Section 301 List 1,841939,2018-07-06,us_301_list1_2018:8419.39.01=8419.39.01,2,,https://ustr.gov/sites/default/files/2018-13248.pdf,official_scope_expanded_on_valid_2018_hts_universe
us_301_list1_2018,Section 301 List 1,841940,2018-07-06,us_301_list1_2018:8419.40.00=8419.40.00,2,,https://ustr.gov/sites/default/files/2018-13248.pdf,official_scope_expanded_on_valid_2018_hts_universe
us_301_list1_2018,Section 301 List 1,841950,2018-07-06,us_301_list1_2018:8419.50.10=8419.50.10|us_301_list1_2018:8419.50.50=8419.50.50,2,,https://ustr.gov/sites/default/files/2018-13248.pdf,official_scope_expanded_on_valid_2018_hts_universe
us_301_list1_2018,Section 301 List 1,841960,2018-07-06,us_301_list1_2018:8419.60.50=8419.60.50,1,,https://ustr.gov/sites/default/files/2018-13248.pdf,official_scope_expanded_on_valid_2018_hts_universe
us_301_list1_2018,Section 301 List 1,841989,2018-07-06,us_301_list1_2018:8419.89.60=8419.89.60,1,,https://ustr.gov/sites/default/files/2018-13248.pdf,official_scope_expanded_on_valid_2018_hts_universe
us_301_list1_2018,Section 301 List 1,841990,2018-07-06,us_301_list1_2018:8419.90.10=8419.90.10|us_301_list1_2018:8419.90.20=8419.90.20|us_301_list1_2018:8419.90.30=8419.90.30|us_301_list1_2018:8419.90.50=8419.90.50|us_301_list1_2018:8419.90.85=8419.90.85|us_301_list1_2018:8419.90.95=8419.90.95,8,,https://ustr.gov/sites/default/files/2018-13248.pdf,official_scope_expanded_on_valid_2018_hts_universe
us_301_list1_2018,Section 301 List 1,842010,2018-07-06,us_301_list1_2018:8420.10.90=8420.10.90,2,,https://ustr.gov/sites/default/files/2018-13248.pdf,official_scope_expanded_on_valid_2018_hts_universe
us_301_list1_2018,Section 301 List 1,842091,2018-07-06,us_301_list1_2018:8420.91.10=8420.91.10|us_301_list1_2018:8420.91.20=8420.91.20|us_301_list1_2018:8420.91.90=8420.91.90,3,,https://ustr.gov/sites/default/files/2018-13248.pdf,official_scope_expanded_on_valid_2018_hts_universe
us_301_list1_2018,Section 301 List 1,842099,2018-07-06,us_301_list1_2018:8420.99.20=8420.99.20|us_301_list1_2018:8420.99.90=8420.99.90,2,,https://ustr.gov/sites/default/files/2018-13248.pdf,official_scope_expanded_on_valid_2018_hts_universe
us_301_list1_2018,Section 301 List 1,842119,2018-07-06,us_301_list1_2018:8421.19.00=8421.19.00,1,,https://ustr.gov/sites/default/files/2018-13248.pdf,official_scope_expanded_on_valid_2018_hts_universe
us_301_list1_2018,Section 301 List 1,842121,2018-07-06,us_301_list1_2018:8421.21.00=8421.21.00,1,,https://ustr.gov/sites/default/files/2018-13248.pdf,official_scope_expanded_on_valid_2018_hts_universe
us_301_list1_2018,Section 301 List 1,842122,2018-07-06,us_301_list1_2018:8421.22.00=8421.22.00,1,,https://ustr.gov/sites/default/files/2018-13248.pdf,official_scope_expanded_on_valid_2018_hts_universe
us_301_list1_2018,Section 301 List 1,842129,2018-07-06,us_301_list1_2018:8421.29.00=8421.29.00,4,,https://ustr.gov/sites/default/files/2018-13248.pdf,official_scope_expanded_on_valid_2018_hts_universe
us_301_list1_2018,Section 301 List 1,842139,2018-07-06,us_301_list1_2018:8421.39.40=8421.39.40|us_301_list1_2018:8421.39.80=8421.39.80,8,,https://ustr.gov/sites/default/files/2018-13248.pdf,official_scope_expanded_on_valid_2018_hts_universe
us_301_list1_2018,Section 301 List 1,842191,2018-07-06,us_301_list1_2018:8421.91.60=8421.91.60,1,,https://ustr.gov/sites/default/files/2018-13248.pdf,official_scope_expanded_on_valid_2018_hts_universe
us_301_list1_2018,Section 301 List 1,842199,2018-07-06,us_301_list1_2018:8421.99.00=8421.99.00,2,,https://ustr.gov/sites/default/files/2018-13248.pdf,official_scope_expanded_on_valid_2018_hts_universe
us_301_list1_2018,Section 301 List 1,842219,2018-07-06,us_301_list1_2018:8422.19.00=8422.19.00,1,,https://ustr.gov/sites/default/files/2018-13248.pdf,official_scope_expanded_on_valid_2018_hts_universe
us_301_list1_2018,Section 301 List 1,842220,2018-07-06,us_301_list1_2018:8422.20.00=8422.20.00,1,,https://ustr.gov/sites/default/files/2018-13248.pdf,official_scope_expanded_on_valid_2018_hts_universe
us_301_list1_2018,Section 301 List 1,842230,2018-07-06,us_301_list1_2018:8422.30.11=8422.30.11|us_301_list1_2018:8422.30.91=8422.30.91,13,,https://ustr.gov/sites/default/files/2018-13248.pdf,official_scope_expanded_on_valid_2018_hts_universe
us_301_list1_2018,Section 301 List 1,842240,2018-07-06,us_301_list1_2018:8422.40.11=8422.40.11|us_301_list1_2018:8422.40.91=8422.40.91,7,,https://ustr.gov/sites/default/files/2018-13248.pdf,official_scope_expanded_on_valid_2018_hts_universe
us_301_list1_2018,Section 301 List 1,842290,2018-07-06,us_301_list1_2018:8422.90.06=8422.90.06|us_301_list1_2018:8422.90.91=8422.90.91,6,,https://ustr.gov/sites/default/files/2018-13248.pdf,official_scope_expanded_on_valid_2018_hts_universe
us_301_list1_2018,Section 301 List 1,842320,2018-07-06,us_301_list1_2018:8423.20.10=8423.20.10|us_301_list1_2018:8423.20.90=8423.20.90,2,,https://ustr.gov/sites/default/files/2018-13248.pdf,official_scope_expanded_on_valid_2018_hts_universe
us_301_list1_2018,Section 301 List 1,842330,2018-07-06,us_301_list1_2018:8423.30.00=8423.30.00,1,,https://ustr.gov/sites/default/files/2018-13248.pdf,official_scope_expanded_on_valid_2018_hts_universe
us_301_list1_2018,Section 301 List 1,842382,2018-07-06,us_301_list1_2018:8423.82.00=8423.82.00,2,,https://ustr.gov/sites/default/files/2018-13248.pdf,official_scope_expanded_on_valid_2018_hts_universe
us_301_list1_2018,Section 301 List 1,842389,2018-07-06,us_301_list1_2018:8423.89.10=8423.89.10|us_301_list1_2018:8423.89.90=8423.89.90,2,,https://ustr.gov/sites/default/files/2018-13248.pdf,official_scope_expanded_on_valid_2018_hts_universe
us_301_list1_2018,Section 301 List 1,842390,2018-07-06,us_301_list1_2018:8423.90.10=8423.90.10|us_301_list1_2018:8423.90.90=8423.90.90,2,,https://ustr.gov/sites/default/files/2018-13248.pdf,official_scope_expanded_on_valid_2018_hts_universe
us_301_list1_2018,Section 301 List 1,842489,2018-07-06,us_301_list1_2018:8424.89.10=8424.89.10,1,,https://ustr.gov/sites/default/files/2018-13248.pdf,official_scope_expanded_on_valid_2018_hts_universe
us_301_list1_2018,Section 301 List 1,842490,2018-07-06,us_301_list1_2018:8424.90.20=8424.90.20,1,,https://ustr.gov/sites/default/files/2018-13248.pdf,official_scope_expanded_on_valid_2018_hts_universe
us_301_list1_2018,Section 301 List 1,842511,2018-07-06,us_301_list1_2018:8425.11.00=8425.11.00,1,,https://ustr.gov/sites/default/files/2018-13248.pdf,official_scope_expanded_on_valid_2018_hts_universe
us_301_list1_2018,Section 301 List 1,842539,2018-07-06,us_301_list1_2018:8425.39.01=8425.39.01,1,,https://ustr.gov/sites/default/files/2018-13248.pdf,official_scope_expanded_on_valid_2018_hts_universe
us_301_list1_2018,Section 301 List 1,842641,2018-07-06,us_301_list1_2018:8426.41.00=8426.41.00,3,,https://ustr.gov/sites/default/files/2018-13248.pdf,official_scope_expanded_on_valid_2018_hts_universe
us_301_list1_2018,Section 301 List 1,842649,2018-07-06,us_301_list1_2018:8426.49.00=8426.49.00,2,,https://ustr.gov/sites/default/files/2018-13248.pdf,official_scope_expanded_on_valid_2018_hts_universe
us_301_list1_2018,Section 301 List 1,842699,2018-07-06,us_301_list1_2018:8426.99.00=8426.99.00,1,,https://ustr.gov/sites/default/files/2018-13248.pdf,official_scope_expanded_on_valid_2018_hts_universe
us_301_list1_2018,Section 301 List 1,842710,2018-07-06,us_301_list1_2018:8427.10.40=8427.10.40|us_301_list1_2018:8427.10.80=8427.10.80,4,,https://ustr.gov/sites/default/files/2018-13248.pdf,official_scope_expanded_on_valid_2018_hts_universe
us_301_list1_2018,Section 301 List 1,842720,2018-07-06,us_301_list1_2018:8427.20.40=8427.20.40|us_301_list1_2018:8427.20.80=8427.20.80,2,,https://ustr.gov/sites/default/files/2018-13248.pdf,official_scope_expanded_on_valid_2018_hts_universe
us_301_list1_2018,Section 301 List 1,842820,2018-07-06,us_301_list1_2018:8428.20.00=8428.20.00,2,,https://ustr.gov/sites/default/files/2018-13248.pdf,official_scope_expanded_on_valid_2018_hts_universe
us_301_list1_2018,Section 301 List 1,842831,2018-07-06,us_301_list1_2018:8428.31.00=8428.31.00,1,,https://ustr.gov/sites/default/files/2018-13248.pdf,official_scope_expanded_on_valid_2018_hts_universe
us_301_list1_2018,Section 301 List 1,842832,2018-07-06,us_301_list1_2018:8428.32.00=8428.32.00,1,,https://ustr.gov/sites/default/files/2018-13248.pdf,official_scope_expanded_on_valid_2018_hts_universe
us_301_list1_2018,Section 301 List 1,842833,2018-07-06,us_301_list1_2018:8428.33.00=8428.33.00,1,,https://ustr.gov/sites/default/files/2018-13248.pdf,official_scope_expanded_on_valid_2018_hts_universe
us_301_list1_2018,Section 301 List 1,842839,2018-07-06,us_301_list1_2018:8428.39.00=8428.39.00,1,,https://ustr.gov/sites/default/files/2018-13248.pdf,official_scope_expanded_on_valid_2018_hts_universe
us_301_list1_2018,Section 301 List 1,842890,2018-07-06,us_301_list1_2018:8428.90.02=8428.90.02,3,,https://ustr.gov/sites/default/files/2018-13248.pdf,official_scope_expanded_on_valid_2018_hts_universe
us_301_list1_2018,Section 301 List 1,842911,2018-07-06,us_301_list1_2018:8429.11.00=8429.11.00,2,,https://ustr.gov/sites/default/files/2018-13248.pdf,official_scope_expanded_on_valid_2018_hts_universe
us_301_list1_2018,Section 301 List 1,842919,2018-07-06,us_301_list1_2018:8429.19.00=8429.19.00,2,,https://ustr.gov/sites/default/files/2018-13248.pdf,official_scope_expanded_on_valid_2018_hts_universe
us_301_list1_2018,Section 301 List 1,842920,2018-07-06,us_301_list1_2018:8429.20.00=8429.20.00,1,,https://ustr.gov/sites/default/files/2018-13248.pdf,official_scope_expanded_on_valid_2018_hts_universe
us_301_list1_2018,Section 301 List 1,842930,2018-07-06,us_301_list1_2018:8429.30.00=8429.30.00,3,,https://ustr.gov/sites/default/files/2018-13248.pdf,official_scope_expanded_on_valid_2018_hts_universe
us_301_list1_2018,Section 301 List 1,842940,2018-07-06,us_301_list1_2018:8429.40.00=8429.40.00,3,,https://ustr.gov/sites/default/files/2018-13248.pdf,official_scope_expanded_on_valid_2018_hts_universe
us_301_list1_2018,Section 301 List 1,842951,2018-07-06,us_301_list1_2018:8429.51.10=8429.51.10|us_301_list1_2018:8429.51.50=8429.51.50,17,,https://ustr.gov/sites/default/files/2018-13248.pdf,official_scope_expanded_on_valid_2018_hts_universe
us_301_list1_2018,Section 301 List 1,842952,2018-07-06,us_301_list1_2018:8429.52.10=8429.52.10|us_301_list1_2018:8429.52.50=8429.52.50,7,,https://ustr.gov/sites/default/files/2018-13248.pdf,official_scope_expanded_on_valid_2018_hts_universe
us_301_list1_2018,Section 301 List 1,842959,2018-07-06,us_301_list1_2018:8429.59.10=8429.59.10|us_301_list1_2018:8429.59.50=8429.59.50,7,,https://ustr.gov/sites/default/files/2018-13248.pdf,official_scope_expanded_on_valid_2018_hts_universe
us_301_list1_2018,Section 301 List 1,843010,2018-07-06,us_301_list1_2018:8430.10.00=8430.10.00,1,,https://ustr.gov/sites/default/files/2018-13248.pdf,official_scope_expanded_on_valid_2018_hts_universe
us_301_list1_2018,Section 301 List 1,843031,2018-07-06,us_301_list1_2018:8430.31.00=8430.31.00,2,,https://ustr.gov/sites/default/files/2018-13248.pdf,official_scope_expanded_on_valid_2018_hts_universe
us_301_list1_2018,Section 301 List 1,843039,2018-07-06,us_301_list1_2018:8430.39.00=8430.39.00,2,,https://ustr.gov/sites/default/files/2018-13248.pdf,official_scope_expanded_on_valid_2018_hts_universe
us_301_list1_2018,Section 301 List 1,843041,2018-07-06,us_301_list1_2018:8430.41.00=8430.41.00,1,,https://ustr.gov/sites/default/files/2018-13248.pdf,official_scope_expanded_on_valid_2018_hts_universe
us_301_list1_2018,Section 301 List 1,843049,2018-07-06,us_301_list1_2018:8430.49.80=8430.49.80,5,,https://ustr.gov/sites/default/files/2018-13248.pdf,official_scope_expanded_on_valid_2018_hts_universe
us_301_list1_2018,Section 301 List 1,843050,2018-07-06,us_301_list1_2018:8430.50.50=8430.50.50,1,,https://ustr.gov/sites/default/files/2018-13248.pdf,official_scope_expanded_on_valid_2018_hts_universe
us_301_list1_2018,Section 301 List 1,843061,2018-07-06,us_301_list1_2018:8430.61.00=8430.61.00,1,,https://ustr.gov/sites/default/files/2018-13248.pdf,official_scope_expanded_on_valid_2018_hts_universe
us_301_list1_2018,Section 301 List 1,843069,2018-07-06,us_301_list1_2018:8430.69.01=8430.69.01,1,,https://ustr.gov/sites/default/files/2018-13248.pdf,official_scope_expanded_on_valid_2018_hts_universe
us_301_list1_2018,Section 301 List 1,843110,2018-07-06,us_301_list1_2018:8431.10.00=8431.10.00,2,,https://ustr.gov/sites/default/files/2018-13248.pdf,official_scope_expanded_on_valid_2018_hts_universe
us_301_list1_2018,Section 301 List 1,843120,2018-07-06,us_301_list1_2018:8431.20.00=8431.20.00,1,,https://ustr.gov/sites/default/files/2018-13248.pdf,official_scope_expanded_on_valid_2018_hts_universe
us_301_list1_2018,Section 301 List 1,843131,2018-07-06,us_301_list1_2018:8431.31.00=8431.31.00,3,,https://ustr.gov/sites/default/files/2018-13248.pdf,official_scope_expanded_on_valid_2018_hts_universe
us_301_list1_2018,Section 301 List 1,843139,2018-07-06,us_301_list1_2018:8431.39.00=8431.39.00,4,,https://ustr.gov/sites/default/files/2018-13248.pdf,official_scope_expanded_on_valid_2018_hts_universe
us_301_list1_2018,Section 301 List 1,843141,2018-07-06,us_301_list1_2018:8431.41.00=8431.41.00,4,,https://ustr.gov/sites/default/files/2018-13248.pdf,official_scope_expanded_on_valid_2018_hts_universe
us_301_list1_2018,Section 301 List 1,843142,2018-07-06,us_301_list1_2018:8431.42.00=8431.42.00,1,,https://ustr.gov/sites/default/files/2018-13248.pdf,official_scope_expanded_on_valid_2018_hts_universe
us_301_list1_2018,Section 301 List 1,843143,2018-07-06,us_301_list1_2018:8431.43.40=8431.43.40|us_301_list1_2018:8431.43.80=8431.43.80,5,,https://ustr.gov/sites/default/files/2018-13248.pdf,official_scope_expanded_on_valid_2018_hts_universe
us_301_list1_2018,Section 301 List 1,843149,2018-07-06,us_301_list1_2018:8431.49.10=8431.49.10|us_301_list1_2018:8431.49.90=8431.49.90,20,,https://ustr.gov/sites/default/files/2018-13248.pdf,official_scope_expanded_on_valid_2018_hts_universe
us_301_list1_2018,Section 301 List 1,843210,2018-07-06,us_301_list1_2018:8432.10.00=8432.10.00,3,,https://ustr.gov/sites/default/files/2018-13248.pdf,official_scope_expanded_on_valid_2018_hts_universe
us_301_list1_2018,Section 301 List 1,843221,2018-07-06,us_301_list1_2018:8432.21.00=8432.21.00,1,,https://ustr.gov/sites/default/files/2018-13248.pdf,official_scope_expanded_on_valid_2018_hts_universe
us_301_list1_2018,Section 301 List 1,843280,2018-07-06,us_301_list1_2018:8432.80.00=8432.80.00,2,,https://ustr.gov/sites/default/files/2018-13248.pdf,official_scope_expanded_on_valid_2018_hts_universe
us_301_list1_2018,Section 301 List 1,843290,2018-07-06,us_301_list1_2018:8432.90.00=8432.90.00,6,,https://ustr.gov/sites/default/files/2018-13248.pdf,official_scope_expanded_on_valid_2018_hts_universe
us_301_list1_2018,Section 301 List 1,843320,2018-07-06,us_301_list1_2018:8433.20.00=8433.20.00,3,,https://ustr.gov/sites/default/files/2018-13248.pdf,official_scope_expanded_on_valid_2018_hts_universe
us_301_list1_2018,Section 301 List 1,843330,2018-07-06,us_301_list1_2018:8433.30.00=8433.30.00,1,,https://ustr.gov/sites/default/files/2018-13248.pdf,official_scope_expanded_on_valid_2018_hts_universe
us_301_list1_2018,Section 301 List 1,843340,2018-07-06,us_301_list1_2018:8433.40.00=8433.40.00,1,,https://ustr.gov/sites/default/files/2018-13248.pdf,official_scope_expanded_on_valid_2018_hts_universe
us_301_list1_2018,Section 301 List 1,843351,2018-07-06,us_301_list1_2018:8433.51.00=8433.51.00,2,,https://ustr.gov/sites/default/files/2018-13248.pdf,official_scope_expanded_on_valid_2018_hts_universe
us_301_list1_2018,Section 301 List 1,843352,2018-07-06,us_301_list1_2018:8433.52.00=8433.52.00,1,,https://ustr.gov/sites/default/files/2018-13248.pdf,official_scope_expanded_on_valid_2018_hts_universe
us_301_list1_2018,Section 301 List 1,843353,2018-07-06,us_301_list1_2018:8433.53.00=8433.53.00,1,,https://ustr.gov/sites/default/files/2018-13248.pdf,official_scope_expanded_on_valid_2018_hts_universe
us_301_list1_2018,Section 301 List 1,843359,2018-07-06,us_301_list1_2018:8433.59.00=8433.59.00,2,,https://ustr.gov/sites/default/files/2018-13248.pdf,official_scope_expanded_on_valid_2018_hts_universe
us_301_list1_2018,Section 301 List 1,843360,2018-07-06,us_301_list1_2018:8433.60.00=8433.60.00,2,,https://ustr.gov/sites/default/files/2018-13248.pdf,official_scope_expanded_on_valid_2018_hts_universe
us_301_list1_2018,Section 301 List 1,843390,2018-07-06,us_301_list1_2018:8433.90.50=8433.90.50,5,,https://ustr.gov/sites/default/files/2018-13248.pdf,official_scope_expanded_on_valid_2018_hts_universe
us_301_list1_2018,Section 301 List 1,843420,2018-07-06,us_301_list1_2018:8434.20.00=8434.20.00,1,,https://ustr.gov/sites/default/files/2018-13248.pdf,official_scope_expanded_on_valid_2018_hts_universe
us_301_list1_2018,Section 301 List 1,843490,2018-07-06,us_301_list1_2018:8434.90.00=8434.90.00,1,,https://ustr.gov/sites/default/files/2018-13248.pdf,official_scope_expanded_on_valid_2018_hts_universe
us_301_list1_2018,Section 301 List 1,843610,2018-07-06,us_301_list1_2018:8436.10.00=8436.10.00,1,,https://ustr.gov/sites/default/files/2018-13248.pdf,official_scope_expanded_on_valid_2018_hts_universe
us_301_list1_2018,Section 301 List 1,843621,2018-07-06,us_301_list1_2018:8436.21.00=8436.21.00,1,,https://ustr.gov/sites/default/files/2018-13248.pdf,official_scope_expanded_on_valid_2018_hts_universe
us_301_list1_2018,Section 301 List 1,843629,2018-07-06,us_301_list1_2018:8436.29.00=8436.29.00,1,,https://ustr.gov/sites/default/files/2018-13248.pdf,official_scope_expanded_on_valid_2018_hts_universe
us_301_list1_2018,Section 301 List 1,843680,2018-07-06,us_301_list1_2018:8436.80.00=8436.80.00,5,,https://ustr.gov/sites/default/files/2018-13248.pdf,official_scope_expanded_on_valid_2018_hts_universe
us_301_list1_2018,Section 301 List 1,843691,2018-07-06,us_301_list1_2018:8436.91.00=8436.91.00,2,,https://ustr.gov/sites/default/files/2018-13248.pdf,official_scope_expanded_on_valid_2018_hts_universe
us_301_list1_2018,Section 301 List 1,843699,2018-07-06,us_301_list1_2018:8436.99.00=8436.99.00,6,,https://ustr.gov/sites/default/files/2018-13248.pdf,official_scope_expanded_on_valid_2018_hts_universe
us_301_list1_2018,Section 301 List 1,843710,2018-07-06,us_301_list1_2018:8437.10.00=8437.10.00,1,,https://ustr.gov/sites/default/files/2018-13248.pdf,official_scope_expanded_on_valid_2018_hts_universe
us_301_list1_2018,Section 301 List 1,843780,2018-07-06,us_301_list1_2018:8437.80.00=8437.80.00,2,,https://ustr.gov/sites/default/files/2018-13248.pdf,official_scope_expanded_on_valid_2018_hts_universe
us_301_list1_2018,Section 301 List 1,843790,2018-07-06,us_301_list1_2018:8437.90.00=8437.90.00,2,,https://ustr.gov/sites/default/files/2018-13248.pdf,official_scope_expanded_on_valid_2018_hts_universe
us_301_list1_2018,Section 301 List 1,843850,2018-07-06,us_301_list1_2018:8438.50.00=8438.50.00,2,,https://ustr.gov/sites/default/files/2018-13248.pdf,official_scope_expanded_on_valid_2018_hts_universe
us_301_list1_2018,Section 301 List 1,843860,2018-07-06,us_301_list1_2018:8438.60.00=8438.60.00,1,,https://ustr.gov/sites/default/files/2018-13248.pdf,official_scope_expanded_on_valid_2018_hts_universe
us_301_list1_2018,Section 301 List 1,843880,2018-07-06,us_301_list1_2018:8438.80.00=8438.80.00,1,,https://ustr.gov/sites/default/files/2018-13248.pdf,official_scope_expanded_on_valid_2018_hts_universe
us_301_list1_2018,Section 301 List 1,843890,2018-07-06,us_301_list1_2018:8438.90.90=8438.90.90,4,,https://ustr.gov/sites/default/files/2018-13248.pdf,official_scope_expanded_on_valid_2018_hts_universe
us_301_list1_2018,Section 301 List 1,843910,2018-07-06,us_301_list1_2018:8439.10.00=8439.10.00,2,,https://ustr.gov/sites/default/files/2018-13248.pdf,official_scope_expanded_on_valid_2018_hts_universe
us_301_list1_2018,Section 301 List 1,843920,2018-07-06,us_301_list1_2018:8439.20.00=8439.20.00,2,,https://ustr.gov/sites/default/files/2018-13248.pdf,official_scope_expanded_on_valid_2018_hts_universe
us_301_list1_2018,Section 301 List 1,843930,2018-07-06,us_301_list1_2018:8439.30.00=8439.30.00,1,,https://ustr.gov/sites/default/files/2018-13248.pdf,official_scope_expanded_on_valid_2018_hts_universe
us_301_list1_2018,Section 301 List 1,843991,2018-07-06,us_301_list1_2018:8439.91.10=8439.91.10|us_301_list1_2018:8439.91.90=8439.91.90,2,,https://ustr.gov/sites/default/files/2018-13248.pdf,official_scope_expanded_on_valid_2018_hts_universe
us_301_list1_2018,Section 301 List 1,843999,2018-07-06,us_301_list1_2018:8439.99.10=8439.99.10|us_301_list1_2018:8439.99.50=8439.99.50,2,,https://ustr.gov/sites/default/files/2018-13248.pdf,official_scope_expanded_on_valid_2018_hts_universe
us_301_list1_2018,Section 301 List 1,844120,2018-07-06,us_301_list1_2018:8441.20.00=8441.20.00,1,,https://ustr.gov/sites/default/files/2018-13248.pdf,official_scope_expanded_on_valid_2018_hts_universe
us_301_list1_2018,Section 301 List 1,844130,2018-07-06,us_301_list1_2018:8441.30.00=8441.30.00,1,,https://ustr.gov/sites/default/files/2018-13248.pdf,official_scope_expanded_on_valid_2018_hts_universe
us_301_list1_2018,Section 301 List 1,844140,2018-07-06,us_301_list1_2018:8441.40.00=8441.40.00,1,,https://ustr.gov/sites/default/files/2018-13248.pdf,official_scope_expanded_on_valid_2018_hts_universe
us_301_list1_2018,Section 301 List 1,844180,2018-07-06,us_301_list1_2018:8441.80.00=8441.80.00,1,,https://ustr.gov/sites/default/files/2018-13248.pdf,official_scope_expanded_on_valid_2018_hts_universe
us_301_list1_2018,Section 301 List 1,844190,2018-07-06,us_301_list1_2018:8441.90.00=8441.90.00,1,,https://ustr.gov/sites/default/files/2018-13248.pdf,official_scope_expanded_on_valid_2018_hts_universe
us_301_list1_2018,Section 301 List 1,844230,2018-07-06,us_301_list1_2018:8442.30.01=8442.30.01,2,,https://ustr.gov/sites/default/files/2018-13248.pdf,official_scope_expanded_on_valid_2018_hts_universe
us_301_list1_2018,Section 301 List 1,844240,2018-07-06,us_301_list1_2018:8442.40.00=8442.40.00,1,,https://ustr.gov/sites/default/files/2018-13248.pdf,official_scope_expanded_on_valid_2018_hts_universe
us_301_list1_2018,Section 301 List 1,844311,2018-07-06,us_301_list1_2018:8443.11.10=8443.11.10|us_301_list1_2018:8443.11.50=8443.11.50,2,,https://ustr.gov/sites/default/files/2018-13248.pdf,official_scope_expanded_on_valid_2018_hts_universe
us_301_list1_2018,Section 301 List 1,844312,2018-07-06,us_301_list1_2018:8443.12.00=8443.12.00,1,,https://ustr.gov/sites/default/files/2018-13248.pdf,official_scope_expanded_on_valid_2018_hts_universe
us_301_list1_2018,Section 301 List 1,844313,2018-07-06,us_301_list1_2018:8443.13.00=8443.13.00,1,,https://ustr.gov/sites/default/files/2018-13248.pdf,official_scope_expanded_on_valid_2018_hts_universe
us_301_list1_2018,Section 301 List 1,844314,2018-07-06,us_301_list1_2018:8443.14.00=8443.14.00,1,,https://ustr.gov/sites/default/files/2018-13248.pdf,official_scope_expanded_on_valid_2018_hts_universe
us_301_list1_2018,Section 301 List 1,844317,2018-07-06,us_301_list1_2018:8443.17.00=8443.17.00,1,,https://ustr.gov/sites/default/files/2018-13248.pdf,official_scope_expanded_on_valid_2018_hts_universe
us_301_list1_2018,Section 301 List 1,844319,2018-07-06,us_301_list1_2018:8443.19.30=8443.19.30,1,,https://ustr.gov/sites/default/files/2018-13248.pdf,official_scope_expanded_on_valid_2018_hts_universe
us_301_list1_2018,Section 301 List 1,844391,2018-07-06,us_301_list1_2018:8443.91.10=8443.91.10,1,,https://ustr.gov/sites/default/files/2018-13248.pdf,official_scope_expanded_on_valid_2018_hts_universe
us_301_list1_2018,Section 301 List 1,844399,2018-07-06,us_301_list1_2018:8443.99.20=8443.99.20|us_301_list1_2018:8443.99.45=8443.99.45,3,,https://ustr.gov/sites/default/files/2018-13248.pdf,official_scope_expanded_on_valid_2018_hts_universe
us_301_list1_2018,Section 301 List 1,844400,2018-07-06,us_301_list1_2018:8444.00.00=8444.00.00,2,,https://ustr.gov/sites/default/files/2018-13248.pdf,official_scope_expanded_on_valid_2018_hts_universe
us_301_list1_2018,Section 301 List 1,845410,2018-07-06,us_301_list1_2018:8454.10.00=8454.10.00,1,,https://ustr.gov/sites/default/files/2018-13248.pdf,official_scope_expanded_on_valid_2018_hts_universe
us_301_list1_2018,Section 301 List 1,845430,2018-07-06,us_301_list1_2018:8454.30.00=8454.30.00,2,,https://ustr.gov/sites/default/files/2018-13248.pdf,official_scope_expanded_on_valid_2018_hts_universe
us_301_list1_2018,Section 301 List 1,845490,2018-07-06,us_301_list1_2018:8454.90.00=8454.90.00,4,,https://ustr.gov/sites/default/files/2018-13248.pdf,official_scope_expanded_on_valid_2018_hts_universe
us_301_list1_2018,Section 301 List 1,845510,2018-07-06,us_301_list1_2018:8455.10.00=8455.10.00,1,,https://ustr.gov/sites/default/files/2018-13248.pdf,official_scope_expanded_on_valid_2018_hts_universe
us_301_list1_2018,Section 301 List 1,845521,2018-07-06,us_301_list1_2018:8455.21.00=8455.21.00,1,,https://ustr.gov/sites/default/files/2018-13248.pdf,official_scope_expanded_on_valid_2018_hts_universe
us_301_list1_2018,Section 301 List 1,845522,2018-07-06,us_301_list1_2018:8455.22.00=8455.22.00,1,,https://ustr.gov/sites/default/files/2018-13248.pdf,official_scope_expanded_on_valid_2018_hts_universe
us_301_list1_2018,Section 301 List 1,845530,2018-07-06,us_301_list1_2018:8455.30.00=8455.30.00,9,,https://ustr.gov/sites/default/files/2018-13248.pdf,official_scope_expanded_on_valid_2018_hts_universe
us_301_list1_2018,Section 301 List 1,845590,2018-07-06,us_301_list1_2018:8455.90.80=8455.90.80,1,,https://ustr.gov/sites/default/files/2018-13248.pdf,official_scope_expanded_on_valid_2018_hts_universe
us_301_list1_2018,Section 301 List 1,845611,2018-07-06,us_301_list1_2018:8456.11.10=8456.11.10|us_301_list1_2018:8456.11.70=8456.11.70|us_301_list1_2018:8456.11.90=8456.11.90,4,,https://ustr.gov/sites/default/files/2018-13248.pdf,official_scope_expanded_on_valid_2018_hts_universe
us_301_list1_2018,Section 301 List 1,845612,2018-07-06,us_301_list1_2018:8456.12.10=8456.12.10|us_301_list1_2018:8456.12.70=8456.12.70|us_301_list1_2018:8456.12.90=8456.12.90,4,,https://ustr.gov/sites/default/files/2018-13248.pdf,official_scope_expanded_on_valid_2018_hts_universe
us_301_list1_2018,Section 301 List 1,845620,2018-07-06,us_301_list1_2018:8456.20.10=8456.20.10|us_301_list1_2018:8456.20.50=8456.20.50,3,,https://ustr.gov/sites/default/files/2018-13248.pdf,official_scope_expanded_on_valid_2018_hts_universe
us_301_list1_2018,Section 301 List 1,845630,2018-07-06,us_301_list1_2018:8456.30.10=8456.30.10|us_301_list1_2018:8456.30.50=8456.30.50,4,,https://ustr.gov/sites/default/files/2018-13248.pdf,official_scope_expanded_on_valid_2018_hts_universe
us_301_list1_2018,Section 301 List 1,845640,2018-07-06,us_301_list1_2018:8456.40.10=8456.40.10|us_301_list1_2018:8456.40.90=8456.40.90,3,,https://ustr.gov/sites/default/files/2018-13248.pdf,official_scope_expanded_on_valid_2018_hts_universe
us_301_list1_2018,Section 301 List 1,845650,2018-07-06,us_301_list1_2018:8456.50.00=8456.50.00,1,,https://ustr.gov/sites/default/files/2018-13248.pdf,official_scope_expanded_on_valid_2018_hts_universe
us_301_list1_2018,Section 301 List 1,845690,2018-07-06,us_301_list1_2018:8456.90.31=8456.90.31|us_301_list1_2018:8456.90.71=8456.90.71,2,,https://ustr.gov/sites/default/files/2018-13248.pdf,official_scope_expanded_on_valid_2018_hts_universe
us_301_list1_2018,Section 301 List 1,845710,2018-07-06,us_301_list1_2018:8457.10.00=8457.10.00,8,,https://ustr.gov/sites/default/files/2018-13248.pdf,official_scope_expanded_on_valid_2018_hts_universe
us_301_list1_2018,Section 301 List 1,845720,2018-07-06,us_301_list1_2018:8457.20.00=8457.20.00,2,,https://ustr.gov/sites/default/files/2018-13248.pdf,official_scope_expanded_on_valid_2018_hts_universe
us_301_list1_2018,Section 301 List 1,845730,2018-07-06,us_301_list1_2018:8457.30.00=8457.30.00,2,,https://ustr.gov/sites/default/files/2018-13248.pdf,official_scope_expanded_on_valid_2018_hts_universe
us_301_list1_2018,Section 301 List 1,845811,2018-07-06,us_301_list1_2018:8458.11.00=8458.11.00,5,,https://ustr.gov/sites/default/files/2018-13248.pdf,official_scope_expanded_on_valid_2018_hts_universe
us_301_list1_2018,Section 301 List 1,845819,2018-07-06,us_301_list1_2018:8458.19.00=8458.19.00,6,,https://ustr.gov/sites/default/files/2018-13248.pdf,official_scope_expanded_on_valid_2018_hts_universe
us_301_list1_2018,Section 301 List 1,845891,2018-07-06,us_301_list1_2018:8458.91.10=8458.91.10|us_301_list1_2018:8458.91.50=8458.91.50,6,,https://ustr.gov/sites/default/files/2018-13248.pdf,official_scope_expanded_on_valid_2018_hts_universe
us_301_list1_2018,Section 301 List 1,845899,2018-07-06,us_301_list1_2018:8458.99.10=8458.99.10|us_301_list1_2018:8458.99.50=8458.99.50,5,,https://ustr.gov/sites/default/files/2018-13248.pdf,official_scope_expanded_on_valid_2018_hts_universe
us_301_list1_2018,Section 301 List 1,845910,2018-07-06,us_301_list1_2018:8459.10.00=8459.10.00,1,,https://ustr.gov/sites/default/files/2018-13248.pdf,official_scope_expanded_on_valid_2018_hts_universe
us_301_list1_2018,Section 301 List 1,845921,2018-07-06,us_301_list1_2018:8459.21.00=8459.21.00,2,,https://ustr.gov/sites/default/files/2018-13248.pdf,official_scope_expanded_on_valid_2018_hts_universe
us_301_list1_2018,Section 301 List 1,845931,2018-07-06,us_301_list1_2018:8459.31.00=8459.31.00,4,,https://ustr.gov/sites/default/files/2018-13248.pdf,official_scope_expanded_on_valid_2018_hts_universe
us_301_list1_2018,Section 301 List 1,845939,2018-07-06,us_301_list1_2018:8459.39.00=8459.39.00,4,,https://ustr.gov/sites/default/files/2018-13248.pdf,official_scope_expanded_on_valid_2018_hts_universe
us_301_list1_2018,Section 301 List 1,845941,2018-07-06,us_301_list1_2018:8459.41.00=8459.41.00,4,,https://ustr.gov/sites/default/files/2018-13248.pdf,official_scope_expanded_on_valid_2018_hts_universe
us_301_list1_2018,Section 301 List 1,845949,2018-07-06,us_301_list1_2018:8459.49.00=8459.49.00,4,,https://ustr.gov/sites/default/files/2018-13248.pdf,official_scope_expanded_on_valid_2018_hts_universe
us_301_list1_2018,Section 301 List 1,845951,2018-07-06,us_301_list1_2018:8459.51.00=8459.51.00,2,,https://ustr.gov/sites/default/files/2018-13248.pdf,official_scope_expanded_on_valid_2018_hts_universe
us_301_list1_2018,Section 301 List 1,845961,2018-07-06,us_301_list1_2018:8459.61.00=8459.61.00,2,,https://ustr.gov/sites/default/files/2018-13248.pdf,official_scope_expanded_on_valid_2018_hts_universe
us_301_list1_2018,Section 301 List 1,845969,2018-07-06,us_301_list1_2018:8459.69.00=8459.69.00,5,,https://ustr.gov/sites/default/files/2018-13248.pdf,official_scope_expanded_on_valid_2018_hts_universe
us_301_list1_2018,Section 301 List 1,845970,2018-07-06,us_301_list1_2018:8459.70.40=8459.70.40|us_301_list1_2018:8459.70.80=8459.70.80,4,,https://ustr.gov/sites/default/files/2018-13248.pdf,official_scope_expanded_on_valid_2018_hts_universe
us_301_list1_2018,Section 301 List 1,846012,2018-07-06,us_301_list1_2018:8460.12.00=8460.12.00,2,,https://ustr.gov/sites/default/files/2018-13248.pdf,official_scope_expanded_on_valid_2018_hts_universe
us_301_list1_2018,Section 301 List 1,846019,2018-07-06,us_301_list1_2018:8460.19.01=8460.19.01,3,,https://ustr.gov/sites/default/files/2018-13248.pdf,official_scope_expanded_on_valid_2018_hts_universe
us_301_list1_2018,Section 301 List 1,846022,2018-07-06,us_301_list1_2018:8460.22.00=8460.22.00,2,,https://ustr.gov/sites/default/files/2018-13248.pdf,official_scope_expanded_on_valid_2018_hts_universe
us_301_list1_2018,Section 301 List 1,846023,2018-07-06,us_301_list1_2018:8460.23.00=8460.23.00,2,,https://ustr.gov/sites/default/files/2018-13248.pdf,official_scope_expanded_on_valid_2018_hts_universe
us_301_list1_2018,Section 301 List 1,846024,2018-07-06,us_301_list1_2018:8460.24.00=8460.24.00,4,,https://ustr.gov/sites/default/files/2018-13248.pdf,official_scope_expanded_on_valid_2018_hts_universe
us_301_list1_2018,Section 301 List 1,846029,2018-07-06,us_301_list1_2018:8460.29.01=8460.29.01,4,,https://ustr.gov/sites/default/files/2018-13248.pdf,official_scope_expanded_on_valid_2018_hts_universe
us_301_list1_2018,Section 301 List 1,846031,2018-07-06,us_301_list1_2018:8460.31.00=8460.31.00,2,,https://ustr.gov/sites/default/files/2018-13248.pdf,official_scope_expanded_on_valid_2018_hts_universe
us_301_list1_2018,Section 301 List 1,846040,2018-07-06,us_301_list1_2018:8460.40.40=8460.40.40|us_301_list1_2018:8460.40.80=8460.40.80,5,,https://ustr.gov/sites/default/files/2018-13248.pdf,official_scope_expanded_on_valid_2018_hts_universe
us_301_list1_2018,Section 301 List 1,846090,2018-07-06,us_301_list1_2018:8460.90.40=8460.90.40|us_301_list1_2018:8460.90.80=8460.90.80,5,,https://ustr.gov/sites/default/files/2018-13248.pdf,official_scope_expanded_on_valid_2018_hts_universe
us_301_list1_2018,Section 301 List 1,846120,2018-07-06,us_301_list1_2018:8461.20.40=8461.20.40|us_301_list1_2018:8461.20.80=8461.20.80,4,,https://ustr.gov/sites/default/files/2018-13248.pdf,official_scope_expanded_on_valid_2018_hts_universe
us_301_list1_2018,Section 301 List 1,846130,2018-07-06,us_301_list1_2018:8461.30.40=8461.30.40|us_301_list1_2018:8461.30.80=8461.30.80,5,,https://ustr.gov/sites/default/files/2018-13248.pdf,official_scope_expanded_on_valid_2018_hts_universe
us_301_list1_2018,Section 301 List 1,846140,2018-07-06,us_301_list1_2018:8461.40.10=8461.40.10|us_301_list1_2018:8461.40.50=8461.40.50,9,,https://ustr.gov/sites/default/files/2018-13248.pdf,official_scope_expanded_on_valid_2018_hts_universe
us_301_list1_2018,Section 301 List 1,846150,2018-07-06,us_301_list1_2018:8461.50.40=8461.50.40,2,,https://ustr.gov/sites/default/files/2018-13248.pdf,official_scope_expanded_on_valid_2018_hts_universe
us_301_list1_2018,Section 301 List 1,846190,2018-07-06,us_301_list1_2018:8461.90.30=8461.90.30|us_301_list1_2018:8461.90.60=8461.90.60,10,,https://ustr.gov/sites/default/files/2018-13248.pdf,official_scope_expanded_on_valid_2018_hts_universe
us_301_list1_2018,Section 301 List 1,846210,2018-07-06,us_301_list1_2018:8462.10.00=8462.10.00,4,,https://ustr.gov/sites/default/files/2018-13248.pdf,official_scope_expanded_on_valid_2018_hts_universe
us_301_list1_2018,Section 301 List 1,846221,2018-07-06,us_301_list1_2018:8462.21.00=8462.21.00,1,,https://ustr.gov/sites/default/files/2018-13248.pdf,official_scope_expanded_on_valid_2018_hts_universe
us_301_list1_2018,Section 301 List 1,846229,2018-07-06,us_301_list1_2018:8462.29.00=8462.29.00,5,,https://ustr.gov/sites/default/files/2018-13248.pdf,official_scope_expanded_on_valid_2018_hts_universe
us_301_list1_2018,Section 301 List 1,846231,2018-07-06,us_301_list1_2018:8462.31.00=8462.31.00,2,,https://ustr.gov/sites/default/files/2018-13248.pdf,official_scope_expanded_on_valid_2018_hts_universe
us_301_list1_2018,Section 301 List 1,846239,2018-07-06,us_301_list1_2018:8462.39.00=8462.39.00,3,,https://ustr.gov/sites/default/files/2018-13248.pdf,official_scope_expanded_on_valid_2018_hts_universe
us_301_list1_2018,Section 301 List 1,846241,2018-07-06,us_301_list1_2018:8462.41.00=8462.41.00,2,,https://ustr.gov/sites/default/files/2018-13248.pdf,official_scope_expanded_on_valid_2018_hts_universe
us_301_list1_2018,Section 301 List 1,846249,2018-07-06,us_301_list1_2018:8462.49.00=8462.49.00,3,,https://ustr.gov/sites/default/files/2018-13248.pdf,official_scope_expanded_on_valid_2018_hts_universe
us_301_list1_2018,Section 301 List 1,846291,2018-07-06,us_301_list1_2018:8462.91.40=8462.91.40|us_301_list1_2018:8462.91.80=8462.91.80,4,,https://ustr.gov/sites/default/files/2018-13248.pdf,official_scope_expanded_on_valid_2018_hts_universe
us_301_list1_2018,Section 301 List 1,846299,2018-07-06,us_301_list1_2018:8462.99.40=8462.99.40|us_301_list1_2018:8462.99.80=8462.99.80,6,,https://ustr.gov/sites/default/files/2018-13248.pdf,official_scope_expanded_on_valid_2018_hts_universe
us_301_list1_2018,Section 301 List 1,846310,2018-07-06,us_301_list1_2018:8463.10.00=8463.10.00,3,,https://ustr.gov/sites/default/files/2018-13248.pdf,official_scope_expanded_on_valid_2018_hts_universe
us_301_list1_2018,Section 301 List 1,846320,2018-07-06,us_301_list1_2018:8463.20.00=8463.20.00,3,,https://ustr.gov/sites/default/files/2018-13248.pdf,official_scope_expanded_on_valid_2018_hts_universe
us_301_list1_2018,Section 301 List 1,846330,2018-07-06,us_301_list1_2018:8463.30.00=8463.30.00,3,,https://ustr.gov/sites/default/files/2018-13248.pdf,official_scope_expanded_on_valid_2018_hts_universe
us_301_list1_2018,Section 301 List 1,846390,2018-07-06,us_301_list1_2018:8463.90.00=8463.90.00,3,,https://ustr.gov/sites/default/files/2018-13248.pdf,official_scope_expanded_on_valid_2018_hts_universe
us_301_list1_2018,Section 301 List 1,846420,2018-07-06,us_301_list1_2018:8464.20.01=8464.20.01,2,,https://ustr.gov/sites/default/files/2018-13248.pdf,official_scope_expanded_on_valid_2018_hts_universe
us_301_list1_2018,Section 301 List 1,846490,2018-07-06,us_301_list1_2018:8464.90.01=8464.90.01,2,,https://ustr.gov/sites/default/files/2018-13248.pdf,official_scope_expanded_on_valid_2018_hts_universe
us_301_list1_2018,Section 301 List 1,846510,2018-07-06,us_301_list1_2018:8465.10.00=8465.10.00,6,,https://ustr.gov/sites/default/files/2018-13248.pdf,official_scope_expanded_on_valid_2018_hts_universe
us_301_list1_2018,Section 301 List 1,846592,2018-07-06,us_301_list1_2018:8465.92.00=8465.92.00,17,,https://ustr.gov/sites/default/files/2018-13248.pdf,official_scope_expanded_on_valid_2018_hts_universe
us_301_list1_2018,Section 301 List 1,846593,2018-07-06,us_301_list1_2018:8465.93.00=8465.93.00,8,,https://ustr.gov/sites/default/files/2018-13248.pdf,official_scope_expanded_on_valid_2018_hts_universe
us_301_list1_2018,Section 301 List 1,846594,2018-07-06,us_301_list1_2018:8465.94.00=8465.94.00,8,,https://ustr.gov/sites/default/files/2018-13248.pdf,official_scope_expanded_on_valid_2018_hts_universe
us_301_list1_2018,Section 301 List 1,846599,2018-07-06,us_301_list1_2018:8465.99.02=8465.99.02,4,,https://ustr.gov/sites/default/files/2018-13248.pdf,official_scope_expanded_on_valid_2018_hts_universe
us_301_list1_2018,Section 301 List 1,846610,2018-07-06,us_301_list1_2018:8466.10.01=8466.10.01,3,,https://ustr.gov/sites/default/files/2018-13248.pdf,official_scope_expanded_on_valid_2018_hts_universe
us_301_list1_2018,Section 301 List 1,846620,2018-07-06,us_301_list1_2018:8466.20.10=8466.20.10|us_301_list1_2018:8466.20.80=8466.20.80,6,,https://ustr.gov/sites/default/files/2018-13248.pdf,official_scope_expanded_on_valid_2018_hts_universe
us_301_list1_2018,Section 301 List 1,846630,2018-07-06,us_301_list1_2018:8466.30.10=8466.30.10|us_301_list1_2018:8466.30.60=8466.30.60,3,,https://ustr.gov/sites/default/files/2018-13248.pdf,official_scope_expanded_on_valid_2018_hts_universe
us_301_list1_2018,Section 301 List 1,846691,2018-07-06,us_301_list1_2018:8466.91.50=8466.91.50,1,,https://ustr.gov/sites/default/files/2018-13248.pdf,official_scope_expanded_on_valid_2018_hts_universe
us_301_list1_2018,Section 301 List 1,846692,2018-07-06,us_301_list1_2018:8466.92.10=8466.92.10|us_301_list1_2018:8466.92.50=8466.92.50,3,,https://ustr.gov/sites/default/files/2018-13248.pdf,official_scope_expanded_on_valid_2018_hts_universe
us_301_list1_2018,Section 301 List 1,846693,2018-07-06,us_301_list1_2018:8466.93.11=8466.93.11|us_301_list1_2018:8466.93.30=8466.93.30|us_301_list1_2018:8466.93.53=8466.93.53|us_301_list1_2018:8466.93.60=8466.93.60|us_301_list1_2018:8466.93.75=8466.93.75|us_301_list1_2018:8466.93.96=8466.93.96|us_301_list1_2018:8466.93.98=8466.93.98,10,,https://ustr.gov/sites/default/files/2018-13248.pdf,official_scope_expanded_on_valid_2018_hts_universe
us_301_list1_2018,Section 301 List 1,846694,2018-07-06,us_301_list1_2018:8466.94.20=8466.94.20|us_301_list1_2018:8466.94.40=8466.94.40|us_301_list1_2018:8466.94.65=8466.94.65|us_301_list1_2018:8466.94.85=8466.94.85,6,,https://ustr.gov/sites/default/files/2018-13248.pdf,official_scope_expanded_on_valid_2018_hts_universe
us_301_list1_2018,Section 301 List 1,846711,2018-07-06,us_301_list1_2018:8467.11.10=8467.11.10|us_301_list1_2018:8467.11.50=8467.11.50,6,,https://ustr.gov/sites/default/files/2018-13248.pdf,official_scope_expanded_on_valid_2018_hts_universe
us_301_list1_2018,Section 301 List 1,846820,2018-07-06,us_301_list1_2018:8468.20.50=8468.20.50,1,,https://ustr.gov/sites/default/files/2018-13248.pdf,official_scope_expanded_on_valid_2018_hts_universe
us_301_list1_2018,Section 301 List 1,846880,2018-07-06,us_301_list1_2018:8468.80.50=8468.80.50,1,,https://ustr.gov/sites/default/files/2018-13248.pdf,official_scope_expanded_on_valid_2018_hts_universe
us_301_list1_2018,Section 301 List 1,847170,2018-07-06,us_301_list1_2018:8471.70.30=8471.70.30|us_301_list1_2018:8471.70.40=8471.70.40|us_301_list1_2018:8471.70.60=8471.70.60|us_301_list1_2018:8471.70.90=8471.70.90,6,,https://ustr.gov/sites/default/files/2018-13248.pdf,official_scope_expanded_on_valid_2018_hts_universe
us_301_list1_2018,Section 301 List 1,847330,2018-07-06,us_301_list1_2018:8473.30.20=8473.30.20,1,,https://ustr.gov/sites/default/files/2018-13248.pdf,official_scope_expanded_on_valid_2018_hts_universe
us_301_list1_2018,Section 301 List 1,847340,2018-07-06,us_301_list1_2018:8473.40.10=8473.40.10|us_301_list1_2018:8473.40.86=8473.40.86,2,,https://ustr.gov/sites/default/files/2018-13248.pdf,official_scope_expanded_on_valid_2018_hts_universe
us_301_list1_2018,Section 301 List 1,847350,2018-07-06,us_301_list1_2018:8473.50.30=8473.50.30,1,,https://ustr.gov/sites/default/files/2018-13248.pdf,official_scope_expanded_on_valid_2018_hts_universe
us_301_list1_2018,Section 301 List 1,847410,2018-07-06,us_301_list1_2018:8474.10.00=8474.10.00,2,,https://ustr.gov/sites/default/files/2018-13248.pdf,official_scope_expanded_on_valid_2018_hts_universe
us_301_list1_2018,Section 301 List 1,847420,2018-07-06,us_301_list1_2018:8474.20.00=8474.20.00,3,,https://ustr.gov/sites/default/files/2018-13248.pdf,official_scope_expanded_on_valid_2018_hts_universe
us_301_list1_2018,Section 301 List 1,847431,2018-07-06,us_301_list1_2018:8474.31.00=8474.31.00,1,,https://ustr.gov/sites/default/files/2018-13248.pdf,official_scope_expanded_on_valid_2018_hts_universe
us_301_list1_2018,Section 301 List 1,847432,2018-07-06,us_301_list1_2018:8474.32.00=8474.32.00,1,,https://ustr.gov/sites/default/files/2018-13248.pdf,official_scope_expanded_on_valid_2018_hts_universe
us_301_list1_2018,Section 301 List 1,847439,2018-07-06,us_301_list1_2018:8474.39.00=8474.39.00,1,,https://ustr.gov/sites/default/files/2018-13248.pdf,official_scope_expanded_on_valid_2018_hts_universe
us_301_list1_2018,Section 301 List 1,847480,2018-07-06,us_301_list1_2018:8474.80.00=8474.80.00,4,,https://ustr.gov/sites/default/files/2018-13248.pdf,official_scope_expanded_on_valid_2018_hts_universe
us_301_list1_2018,Section 301 List 1,847490,2018-07-06,us_301_list1_2018:8474.90.00=8474.90.00,4,,https://ustr.gov/sites/default/files/2018-13248.pdf,official_scope_expanded_on_valid_2018_hts_universe
us_301_list1_2018,Section 301 List 1,847510,2018-07-06,us_301_list1_2018:8475.10.00=8475.10.00,1,,https://ustr.gov/sites/default/files/2018-13248.pdf,official_scope_expanded_on_valid_2018_hts_universe
us_301_list1_2018,Section 301 List 1,847521,2018-07-06,us_301_list1_2018:8475.21.00=8475.21.00,1,,https://ustr.gov/sites/default/files/2018-13248.pdf,official_scope_expanded_on_valid_2018_hts_universe
us_301_list1_2018,Section 301 List 1,847590,2018-07-06,us_301_list1_2018:8475.90.10=8475.90.10|us_301_list1_2018:8475.90.90=8475.90.90,2,,https://ustr.gov/sites/default/files/2018-13248.pdf,official_scope_expanded_on_valid_2018_hts_universe
us_301_list1_2018,Section 301 List 1,847710,2018-07-06,us_301_list1_2018:8477.10.30=8477.10.30|us_301_list1_2018:8477.10.40=8477.10.40|us_301_list1_2018:8477.10.90=8477.10.90,7,,https://ustr.gov/sites/default/files/2018-13248.pdf,official_scope_expanded_on_valid_2018_hts_universe
us_301_list1_2018,Section 301 List 1,847720,2018-07-06,us_301_list1_2018:8477.20.00=8477.20.00,6,,https://ustr.gov/sites/default/files/2018-13248.pdf,official_scope_expanded_on_valid_2018_hts_universe
us_301_list1_2018,Section 301 List 1,847730,2018-07-06,us_301_list1_2018:8477.30.00=8477.30.00,1,,https://ustr.gov/sites/default/files/2018-13248.pdf,official_scope_expanded_on_valid_2018_hts_universe
us_301_list1_2018,Section 301 List 1,847740,2018-07-06,us_301_list1_2018:8477.40.01=8477.40.01,1,,https://ustr.gov/sites/default/files/2018-13248.pdf,official_scope_expanded_on_valid_2018_hts_universe
us_301_list1_2018,Section 301 List 1,847751,2018-07-06,us_301_list1_2018:8477.51.00=8477.51.00,2,,https://ustr.gov/sites/default/files/2018-13248.pdf,official_scope_expanded_on_valid_2018_hts_universe
us_301_list1_2018,Section 301 List 1,847780,2018-07-06,us_301_list1_2018:8477.80.00=8477.80.00,1,,https://ustr.gov/sites/default/files/2018-13248.pdf,official_scope_expanded_on_valid_2018_hts_universe
us_301_list1_2018,Section 301 List 1,847790,2018-07-06,us_301_list1_2018:8477.90.25=8477.90.25|us_301_list1_2018:8477.90.45=8477.90.45|us_301_list1_2018:8477.90.65=8477.90.65|us_301_list1_2018:8477.90.85=8477.90.85,9,,https://ustr.gov/sites/default/files/2018-13248.pdf,official_scope_expanded_on_valid_2018_hts_universe
us_301_list1_2018,Section 301 List 1,847910,2018-07-06,us_301_list1_2018:8479.10.00=8479.10.00,3,,https://ustr.gov/sites/default/files/2018-13248.pdf,official_scope_expanded_on_valid_2018_hts_universe
us_301_list1_2018,Section 301 List 1,847920,2018-07-06,us_301_list1_2018:8479.20.00=8479.20.00,1,,https://ustr.gov/sites/default/files/2018-13248.pdf,official_scope_expanded_on_valid_2018_hts_universe
us_301_list1_2018,Section 301 List 1,847930,2018-07-06,us_301_list1_2018:8479.30.00=8479.30.00,1,,https://ustr.gov/sites/default/files/2018-13248.pdf,official_scope_expanded_on_valid_2018_hts_universe
us_301_list1_2018,Section 301 List 1,847940,2018-07-06,us_301_list1_2018:8479.40.00=8479.40.00,1,,https://ustr.gov/sites/default/files/2018-13248.pdf,official_scope_expanded_on_valid_2018_hts_universe
us_301_list1_2018,Section 301 List 1,847950,2018-07-06,us_301_list1_2018:8479.50.00=8479.50.00,1,,https://ustr.gov/sites/default/files/2018-13248.pdf,official_scope_expanded_on_valid_2018_hts_universe
us_301_list1_2018,Section 301 List 1,847981,2018-07-06,us_301_list1_2018:8479.81.00=8479.81.00,1,,https://ustr.gov/sites/default/files/2018-13248.pdf,official_scope_expanded_on_valid_2018_hts_universe
us_301_list1_2018,Section 301 List 1,847982,2018-07-06,us_301_list1_2018:8479.82.00=8479.82.00,2,,https://ustr.gov/sites/default/files/2018-13248.pdf,official_scope_expanded_on_valid_2018_hts_universe
us_301_list1_2018,Section 301 List 1,847989,2018-07-06,us_301_list1_2018:8479.89.83=8479.89.83|us_301_list1_2018:8479.89.92=8479.89.92,2,,https://ustr.gov/sites/default/files/2018-13248.pdf,official_scope_expanded_on_valid_2018_hts_universe
us_301_list1_2018,Section 301 List 1,847990,2018-07-06,us_301_list1_2018:8479.90.94=8479.90.94,5,,https://ustr.gov/sites/default/files/2018-13248.pdf,official_scope_expanded_on_valid_2018_hts_universe
us_301_list1_2018,Section 301 List 1,848020,2018-07-06,us_301_list1_2018:8480.20.00=8480.20.00,1,,https://ustr.gov/sites/default/files/2018-13248.pdf,official_scope_expanded_on_valid_2018_hts_universe
us_301_list1_2018,Section 301 List 1,848030,2018-07-06,us_301_list1_2018:8480.30.00=8480.30.00,1,,https://ustr.gov/sites/default/files/2018-13248.pdf,official_scope_expanded_on_valid_2018_hts_universe
us_301_list1_2018,Section 301 List 1,848041,2018-07-06,us_301_list1_2018:8480.41.00=8480.41.00,1,,https://ustr.gov/sites/default/files/2018-13248.pdf,official_scope_expanded_on_valid_2018_hts_universe
us_301_list1_2018,Section 301 List 1,848049,2018-07-06,us_301_list1_2018:8480.49.00=8480.49.00,3,,https://ustr.gov/sites/default/files/2018-13248.pdf,official_scope_expanded_on_valid_2018_hts_universe
us_301_list1_2018,Section 301 List 1,848050,2018-07-06,us_301_list1_2018:8480.50.00=8480.50.00,2,,https://ustr.gov/sites/default/files/2018-13248.pdf,official_scope_expanded_on_valid_2018_hts_universe
us_301_list1_2018,Section 301 List 1,848071,2018-07-06,us_301_list1_2018:8480.71.10=8480.71.10|us_301_list1_2018:8480.71.40=8480.71.40|us_301_list1_2018:8480.71.80=8480.71.80,3,us_301_list1_2018:8480.71.40=8480.71.40,https://ustr.gov/sites/default/files/2018-13248.pdf,official_scope_expanded_with_same_revision_hs6_fallback
us_301_list1_2018,Section 301 List 1,848110,2018-07-06,us_301_list1_2018:8481.10.00=8481.10.00,4,,https://ustr.gov/sites/default/files/2018-13248.pdf,official_scope_expanded_on_valid_2018_hts_universe
us_301_list1_2018,Section 301 List 1,848120,2018-07-06,us_301_list1_2018:8481.20.00=8481.20.00,8,,https://ustr.gov/sites/default/files/2018-13248.pdf,official_scope_expanded_on_valid_2018_hts_universe
us_301_list1_2018,Section 301 List 1,848130,2018-07-06,us_301_list1_2018:8481.30.20=8481.30.20|us_301_list1_2018:8481.30.90=8481.30.90,3,,https://ustr.gov/sites/default/files/2018-13248.pdf,official_scope_expanded_on_valid_2018_hts_universe
us_301_list1_2018,Section 301 List 1,848140,2018-07-06,us_301_list1_2018:8481.40.00=8481.40.00,1,,https://ustr.gov/sites/default/files/2018-13248.pdf,official_scope_expanded_on_valid_2018_hts_universe
us_301_list1_2018,Section 301 List 1,848190,2018-07-06,us_301_list1_2018:8481.90.90=8481.90.90,5,,https://ustr.gov/sites/default/files/2018-13248.pdf,official_scope_expanded_on_valid_2018_hts_universe
us_301_list1_2018,Section 301 List 1,848210,2018-07-06,us_301_list1_2018:8482.10.50=8482.10.50,15,,https://ustr.gov/sites/default/files/2018-13248.pdf,official_scope_expanded_on_valid_2018_hts_universe
us_301_list1_2018,Section 301 List 1,848220,2018-07-06,us_301_list1_2018:8482.20.00=8482.20.00,9,,https://ustr.gov/sites/default/files/2018-13248.pdf,official_scope_expanded_on_valid_2018_hts_universe
us_301_list1_2018,Section 301 List 1,848230,2018-07-06,us_301_list1_2018:8482.30.00=8482.30.00,2,,https://ustr.gov/sites/default/files/2018-13248.pdf,official_scope_expanded_on_valid_2018_hts_universe
us_301_list1_2018,Section 301 List 1,848240,2018-07-06,us_301_list1_2018:8482.40.00=8482.40.00,1,,https://ustr.gov/sites/default/files/2018-13248.pdf,official_scope_expanded_on_valid_2018_hts_universe
us_301_list1_2018,Section 301 List 1,848250,2018-07-06,us_301_list1_2018:8482.50.00=8482.50.00,1,,https://ustr.gov/sites/default/files/2018-13248.pdf,official_scope_expanded_on_valid_2018_hts_universe
us_301_list1_2018,Section 301 List 1,848280,2018-07-06,us_301_list1_2018:8482.80.00=8482.80.00,4,,https://ustr.gov/sites/default/files/2018-13248.pdf,official_scope_expanded_on_valid_2018_hts_universe
us_301_list1_2018,Section 301 List 1,848291,2018-07-06,us_301_list1_2018:8482.91.00=8482.91.00,7,,https://ustr.gov/sites/default/files/2018-13248.pdf,official_scope_expanded_on_valid_2018_hts_universe
us_301_list1_2018,Section 301 List 1,848299,2018-07-06,us_301_list1_2018:8482.99.05=8482.99.05|us_301_list1_2018:8482.99.15=8482.99.15|us_301_list1_2018:8482.99.25=8482.99.25|us_301_list1_2018:8482.99.35=8482.99.35|us_301_list1_2018:8482.99.45=8482.99.45|us_301_list1_2018:8482.99.65=8482.99.65,14,,https://ustr.gov/sites/default/files/2018-13248.pdf,official_scope_expanded_on_valid_2018_hts_universe
us_301_list1_2018,Section 301 List 1,848330,2018-07-06,us_301_list1_2018:8483.30.40=8483.30.40,2,,https://ustr.gov/sites/default/files/2018-13248.pdf,official_scope_expanded_on_valid_2018_hts_universe
us_301_list1_2018,Section 301 List 1,848340,2018-07-06,us_301_list1_2018:8483.40.10=8483.40.10|us_301_list1_2018:8483.40.30=8483.40.30|us_301_list1_2018:8483.40.80=8483.40.80|us_301_list1_2018:8483.40.90=8483.40.90,5,,https://ustr.gov/sites/default/files/2018-13248.pdf,official_scope_expanded_on_valid_2018_hts_universe
us_301_list1_2018,Section 301 List 1,848350,2018-07-06,us_301_list1_2018:8483.50.60=8483.50.60|us_301_list1_2018:8483.50.90=8483.50.90,3,,https://ustr.gov/sites/default/files/2018-13248.pdf,official_scope_expanded_on_valid_2018_hts_universe
us_301_list1_2018,Section 301 List 1,848360,2018-07-06,us_301_list1_2018:8483.60.40=8483.60.40,2,,https://ustr.gov/sites/default/files/2018-13248.pdf,official_scope_expanded_on_valid_2018_hts_universe
us_301_list1_2018,Section 301 List 1,848390,2018-07-06,us_301_list1_2018:8483.90.10=8483.90.10|us_301_list1_2018:8483.90.20=8483.90.20|us_301_list1_2018:8483.90.30=8483.90.30|us_301_list1_2018:8483.90.70=8483.90.70|us_301_list1_2018:8483.90.80=8483.90.80,8,,https://ustr.gov/sites/default/files/2018-13248.pdf,official_scope_expanded_on_valid_2018_hts_universe
us_301_list1_2018,Section 301 List 1,848410,2018-07-06,us_301_list1_2018:8484.10.00=8484.10.00,1,,https://ustr.gov/sites/default/files/2018-13248.pdf,official_scope_expanded_on_valid_2018_hts_universe
us_301_list1_2018,Section 301 List 1,848420,2018-07-06,us_301_list1_2018:8484.20.00=8484.20.00,1,,https://ustr.gov/sites/default/files/2018-13248.pdf,official_scope_expanded_on_valid_2018_hts_universe
us_301_list1_2018,Section 301 List 1,848490,2018-07-06,us_301_list1_2018:8484.90.00=8484.90.00,1,,https://ustr.gov/sites/default/files/2018-13248.pdf,official_scope_expanded_on_valid_2018_hts_universe
us_301_list1_2018,Section 301 List 1,848710,2018-07-06,us_301_list1_2018:8487.10.00=8487.10.00,2,,https://ustr.gov/sites/default/files/2018-13248.pdf,official_scope_expanded_on_valid_2018_hts_universe
us_301_list1_2018,Section 301 List 1,848790,2018-07-06,us_301_list1_2018:8487.90.00=8487.90.00,2,,https://ustr.gov/sites/default/files/2018-13248.pdf,official_scope_expanded_on_valid_2018_hts_universe
us_301_list1_2018,Section 301 List 1,850110,2018-07-06,us_301_list1_2018:8501.10.40=8501.10.40,4,,https://ustr.gov/sites/default/files/2018-13248.pdf,official_scope_expanded_on_valid_2018_hts_universe
us_301_list1_2018,Section 301 List 1,850120,2018-07-06,us_301_list1_2018:8501.20.20=8501.20.20|us_301_list1_2018:8501.20.50=8501.20.50|us_301_list1_2018:8501.20.60=8501.20.60,3,,https://ustr.gov/sites/default/files/2018-13248.pdf,official_scope_expanded_on_valid_2018_hts_universe
us_301_list1_2018,Section 301 List 1,850131,2018-07-06,us_301_list1_2018:8501.31.20=8501.31.20|us_301_list1_2018:8501.31.50=8501.31.50|us_301_list1_2018:8501.31.60=8501.31.60,3,,https://ustr.gov/sites/default/files/2018-13248.pdf,official_scope_expanded_on_valid_2018_hts_universe
us_301_list1_2018,Section 301 List 1,850132,2018-07-06,us_301_list1_2018:8501.32.45=8501.32.45|us_301_list1_2018:8501.32.55=8501.32.55,3,,https://ustr.gov/sites/default/files/2018-13248.pdf,official_scope_expanded_on_valid_2018_hts_universe
us_301_list1_2018,Section 301 List 1,850133,2018-07-06,us_301_list1_2018:8501.33.40=8501.33.40|us_301_list1_2018:8501.33.60=8501.33.60,3,,https://ustr.gov/sites/default/files/2018-13248.pdf,official_scope_expanded_on_valid_2018_hts_universe
us_301_list1_2018,Section 301 List 1,850134,2018-07-06,us_301_list1_2018:8501.34.30=8501.34.30|us_301_list1_2018:8501.34.60=8501.34.60,2,,https://ustr.gov/sites/default/files/2018-13248.pdf,official_scope_expanded_on_valid_2018_hts_universe
us_301_list1_2018,Section 301 List 1,850151,2018-07-06,us_301_list1_2018:8501.51.20=8501.51.20|us_301_list1_2018:8501.51.40=8501.51.40|us_301_list1_2018:8501.51.50=8501.51.50|us_301_list1_2018:8501.51.60=8501.51.60,8,,https://ustr.gov/sites/default/files/2018-13248.pdf,official_scope_expanded_on_valid_2018_hts_universe
us_301_list1_2018,Section 301 List 1,850152,2018-07-06,us_301_list1_2018:8501.52.80=8501.52.80,2,,https://ustr.gov/sites/default/files/2018-13248.pdf,official_scope_expanded_on_valid_2018_hts_universe
us_301_list1_2018,Section 301 List 1,850153,2018-07-06,us_301_list1_2018:8501.53.40=8501.53.40|us_301_list1_2018:8501.53.80=8501.53.80,4,,https://ustr.gov/sites/default/files/2018-13248.pdf,official_scope_expanded_on_valid_2018_hts_universe
us_301_list1_2018,Section 301 List 1,850162,2018-07-06,us_301_list1_2018:8501.62.00=8501.62.00,1,,https://ustr.gov/sites/default/files/2018-13248.pdf,official_scope_expanded_on_valid_2018_hts_universe
us_301_list1_2018,Section 301 List 1,850163,2018-07-06,us_301_list1_2018:8501.63.00=8501.63.00,1,,https://ustr.gov/sites/default/files/2018-13248.pdf,official_scope_expanded_on_valid_2018_hts_universe
us_301_list1_2018,Section 301 List 1,850164,2018-07-06,us_301_list1_2018:8501.64.00=8501.64.00,4,,https://ustr.gov/sites/default/files/2018-13248.pdf,official_scope_expanded_on_valid_2018_hts_universe
us_301_list1_2018,Section 301 List 1,850211,2018-07-06,us_301_list1_2018:8502.11.00=8502.11.00,1,,https://ustr.gov/sites/default/files/2018-13248.pdf,official_scope_expanded_on_valid_2018_hts_universe
us_301_list1_2018,Section 301 List 1,850212,2018-07-06,us_301_list1_2018:8502.12.00=8502.12.00,1,,https://ustr.gov/sites/default/files/2018-13248.pdf,official_scope_expanded_on_valid_2018_hts_universe
us_301_list1_2018,Section 301 List 1,850213,2018-07-06,us_301_list1_2018:8502.13.00=8502.13.00,2,,https://ustr.gov/sites/default/files/2018-13248.pdf,official_scope_expanded_on_valid_2018_hts_universe
us_301_list1_2018,Section 301 List 1,850231,2018-07-06,us_301_list1_2018:8502.31.00=8502.31.00,1,,https://ustr.gov/sites/default/files/2018-13248.pdf,official_scope_expanded_on_valid_2018_hts_universe
us_301_list1_2018,Section 301 List 1,850239,2018-07-06,us_301_list1_2018:8502.39.00=8502.39.00,2,,https://ustr.gov/sites/default/files/2018-13248.pdf,official_scope_expanded_on_valid_2018_hts_universe
us_301_list1_2018,Section 301 List 1,850240,2018-07-06,us_301_list1_2018:8502.40.00=8502.40.00,1,,https://ustr.gov/sites/default/files/2018-13248.pdf,official_scope_expanded_on_valid_2018_hts_universe
us_301_list1_2018,Section 301 List 1,850300,2018-07-06,us_301_list1_2018:8503.00.20=8503.00.20|us_301_list1_2018:8503.00.35=8503.00.35|us_301_list1_2018:8503.00.45=8503.00.45|us_301_list1_2018:8503.00.65=8503.00.65|us_301_list1_2018:8503.00.75=8503.00.75|us_301_list1_2018:8503.00.90=8503.00.90,6,,https://ustr.gov/sites/default/files/2018-13248.pdf,official_scope_expanded_on_valid_2018_hts_universe
us_301_list1_2018,Section 301 List 1,850421,2018-07-06,us_301_list1_2018:8504.21.00=8504.21.00,4,,https://ustr.gov/sites/default/files/2018-13248.pdf,official_scope_expanded_on_valid_2018_hts_universe
us_301_list1_2018,Section 301 List 1,850422,2018-07-06,us_301_list1_2018:8504.22.00=8504.22.00,2,,https://ustr.gov/sites/default/files/2018-13248.pdf,official_scope_expanded_on_valid_2018_hts_universe
us_301_list1_2018,Section 301 List 1,850423,2018-07-06,us_301_list1_2018:8504.23.00=8504.23.00,3,,https://ustr.gov/sites/default/files/2018-13248.pdf,official_scope_expanded_on_valid_2018_hts_universe
us_301_list1_2018,Section 301 List 1,850432,2018-07-06,us_301_list1_2018:8504.32.00=8504.32.00,1,,https://ustr.gov/sites/default/files/2018-13248.pdf,official_scope_expanded_on_valid_2018_hts_universe
us_301_list1_2018,Section 301 List 1,850433,2018-07-06,us_301_list1_2018:8504.33.00=8504.33.00,2,,https://ustr.gov/sites/default/files/2018-13248.pdf,official_scope_expanded_on_valid_2018_hts_universe
us_301_list1_2018,Section 301 List 1,850434,2018-07-06,us_301_list1_2018:8504.34.00=8504.34.00,1,,https://ustr.gov/sites/default/files/2018-13248.pdf,official_scope_expanded_on_valid_2018_hts_universe
us_301_list1_2018,Section 301 List 1,850440,2018-07-06,us_301_list1_2018:8504.40.40=8504.40.40,1,,https://ustr.gov/sites/default/files/2018-13248.pdf,official_scope_expanded_on_valid_2018_hts_universe
us_301_list1_2018,Section 301 List 1,850490,2018-07-06,us_301_list1_2018:8504.90.41=8504.90.41|us_301_list1_2018:8504.90.65=8504.90.65|us_301_list1_2018:8504.90.75=8504.90.75|us_301_list1_2018:8504.90.96=8504.90.96,11,,https://ustr.gov/sites/default/files/2018-13248.pdf,official_scope_expanded_on_valid_2018_hts_universe
us_301_list1_2018,Section 301 List 1,850519,2018-07-06,us_301_list1_2018:8505.19.10=8505.19.10,1,,https://ustr.gov/sites/default/files/2018-13248.pdf,official_scope_expanded_on_valid_2018_hts_universe
us_301_list1_2018,Section 301 List 1,850520,2018-07-06,us_301_list1_2018:8505.20.00=8505.20.00,1,,https://ustr.gov/sites/default/files/2018-13248.pdf,official_scope_expanded_on_valid_2018_hts_universe
us_301_list1_2018,Section 301 List 1,850590,2018-07-06,us_301_list1_2018:8505.90.30=8505.90.30|us_301_list1_2018:8505.90.40=8505.90.40|us_301_list1_2018:8505.90.70=8505.90.70|us_301_list1_2018:8505.90.75=8505.90.75,4,,https://ustr.gov/sites/default/files/2018-13248.pdf,official_scope_expanded_on_valid_2018_hts_universe
us_301_list1_2018,Section 301 List 1,850640,2018-07-06,us_301_list1_2018:8506.40.10=8506.40.10|us_301_list1_2018:8506.40.50=8506.40.50,2,,https://ustr.gov/sites/default/files/2018-13248.pdf,official_scope_expanded_on_valid_2018_hts_universe
us_301_list1_2018,Section 301 List 1,850650,2018-07-06,us_301_list1_2018:8506.50.00=8506.50.00,1,,https://ustr.gov/sites/default/files/2018-13248.pdf,official_scope_expanded_on_valid_2018_hts_universe
us_301_list1_2018,Section 301 List 1,850660,2018-07-06,us_301_list1_2018:8506.60.00=8506.60.00,1,,https://ustr.gov/sites/default/files/2018-13248.pdf,official_scope_expanded_on_valid_2018_hts_universe
us_301_list1_2018,Section 301 List 1,850690,2018-07-06,us_301_list1_2018:8506.90.00=8506.90.00,1,,https://ustr.gov/sites/default/files/2018-13248.pdf,official_scope_expanded_on_valid_2018_hts_universe
us_301_list1_2018,Section 301 List 1,850790,2018-07-06,us_301_list1_2018:8507.90.80=8507.90.80,1,,https://ustr.gov/sites/default/files/2018-13248.pdf,official_scope_expanded_on_valid_2018_hts_universe
us_301_list1_2018,Section 301 List 1,851410,2018-07-06,us_301_list1_2018:8514.10.00=8514.10.00,1,,https://ustr.gov/sites/default/files/2018-13248.pdf,official_scope_expanded_on_valid_2018_hts_universe
us_301_list1_2018,Section 301 List 1,851420,2018-07-06,us_301_list1_2018:8514.20.60=8514.20.60|us_301_list1_2018:8514.20.80=8514.20.80,2,,https://ustr.gov/sites/default/files/2018-13248.pdf,official_scope_expanded_on_valid_2018_hts_universe
us_301_list1_2018,Section 301 List 1,851430,2018-07-06,us_301_list1_2018:8514.30.10=8514.30.10|us_301_list1_2018:8514.30.90=8514.30.90,2,,https://ustr.gov/sites/default/files/2018-13248.pdf,official_scope_expanded_on_valid_2018_hts_universe
us_301_list1_2018,Section 301 List 1,851440,2018-07-06,us_301_list1_2018:8514.40.00=8514.40.00,1,,https://ustr.gov/sites/default/files/2018-13248.pdf,official_scope_expanded_on_valid_2018_hts_universe
us_301_list1_2018,Section 301 List 1,851490,2018-07-06,us_301_list1_2018:8514.90.80=8514.90.80,1,,https://ustr.gov/sites/default/files/2018-13248.pdf,official_scope_expanded_on_valid_2018_hts_universe
us_301_list1_2018,Section 301 List 1,851511,2018-07-06,us_301_list1_2018:8515.11.00=8515.11.00,1,,https://ustr.gov/sites/default/files/2018-13248.pdf,official_scope_expanded_on_valid_2018_hts_universe
us_301_list1_2018,Section 301 List 1,851519,2018-07-06,us_301_list1_2018:8515.19.00=8515.19.00,1,,https://ustr.gov/sites/default/files/2018-13248.pdf,official_scope_expanded_on_valid_2018_hts_universe
us_301_list1_2018,Section 301 List 1,851521,2018-07-06,us_301_list1_2018:8515.21.00=8515.21.00,1,,https://ustr.gov/sites/default/files/2018-13248.pdf,official_scope_expanded_on_valid_2018_hts_universe
us_301_list1_2018,Section 301 List 1,851529,2018-07-06,us_301_list1_2018:8515.29.00=8515.29.00,1,,https://ustr.gov/sites/default/files/2018-13248.pdf,official_scope_expanded_on_valid_2018_hts_universe
us_301_list1_2018,Section 301 List 1,851531,2018-07-06,us_301_list1_2018:8515.31.00=8515.31.00,1,,https://ustr.gov/sites/default/files/2018-13248.pdf,official_scope_expanded_on_valid_2018_hts_universe
us_301_list1_2018,Section 301 List 1,851539,2018-07-06,us_301_list1_2018:8515.39.00=8515.39.00,3,,https://ustr.gov/sites/default/files/2018-13248.pdf,official_scope_expanded_on_valid_2018_hts_universe
us_301_list1_2018,Section 301 List 1,851580,2018-07-06,us_301_list1_2018:8515.80.00=8515.80.00,2,,https://ustr.gov/sites/default/files/2018-13248.pdf,official_scope_expanded_on_valid_2018_hts_universe
us_301_list1_2018,Section 301 List 1,851590,2018-07-06,us_301_list1_2018:8515.90.20=8515.90.20|us_301_list1_2018:8515.90.40=8515.90.40,2,,https://ustr.gov/sites/default/files/2018-13248.pdf,official_scope_expanded_on_valid_2018_hts_universe
us_301_list1_2018,Section 301 List 1,852550,2018-07-06,us_301_list1_2018:8525.50.70=8525.50.70,2,,https://ustr.gov/sites/default/files/2018-13248.pdf,official_scope_expanded_on_valid_2018_hts_universe
us_301_list1_2018,Section 301 List 1,852560,2018-07-06,us_301_list1_2018:8525.60.10=8525.60.10|us_301_list1_2018:8525.60.20=8525.60.20,6,,https://ustr.gov/sites/default/files/2018-13248.pdf,official_scope_expanded_on_valid_2018_hts_universe
us_301_list1_2018,Section 301 List 1,852580,2018-07-06,us_301_list1_2018:8525.80.10=8525.80.10|us_301_list1_2018:8525.80.20=8525.80.20,2,,https://ustr.gov/sites/default/files/2018-13248.pdf,official_scope_expanded_on_valid_2018_hts_universe
us_301_list1_2018,Section 301 List 1,852610,2018-07-06,us_301_list1_2018:8526.10.00=8526.10.00,2,,https://ustr.gov/sites/default/files/2018-13248.pdf,official_scope_expanded_on_valid_2018_hts_universe
us_301_list1_2018,Section 301 List 1,852691,2018-07-06,us_301_list1_2018:8526.91.00=8526.91.00,2,,https://ustr.gov/sites/default/files/2018-13248.pdf,official_scope_expanded_on_valid_2018_hts_universe
us_301_list1_2018,Section 301 List 1,852692,2018-07-06,us_301_list1_2018:8526.92.50=8526.92.50,1,,https://ustr.gov/sites/default/files/2018-13248.pdf,official_scope_expanded_on_valid_2018_hts_universe
us_301_list1_2018,Section 301 List 1,852799,2018-07-06,us_301_list1_2018:8527.99.15=8527.99.15|us_301_list1_2018:8527.99.40=8527.99.40,2,,https://ustr.gov/sites/default/files/2018-13248.pdf,official_scope_expanded_on_valid_2018_hts_universe
us_301_list1_2018,Section 301 List 1,852910,2018-07-06,us_301_list1_2018:8529.10.40=8529.10.40,2,,https://ustr.gov/sites/default/files/2018-13248.pdf,official_scope_expanded_on_valid_2018_hts_universe
us_301_list1_2018,Section 301 List 1,852990,2018-07-06,us_301_list1_2018:8529.90.05=8529.90.05|us_301_list1_2018:8529.90.06=8529.90.06|us_301_list1_2018:8529.90.09=8529.90.09|us_301_list1_2018:8529.90.16=8529.90.16|us_301_list1_2018:8529.90.19=8529.90.19|us_301_list1_2018:8529.90.22=8529.90.22|us_301_list1_2018:8529.90.24=8529.90.24|us_301_list1_2018:8529.90.29=8529.90.29|us_301_list1_2018:8529.90.33=8529.90.33|us_301_list1_2018:8529.90.46=8529.90.46|us_301_list1_2018:8529.90.63=8529.90.63|us_301_list1_2018:8529.90.68=8529.90.68|us_301_list1_2018:8529.90.73=8529.90.73|us_301_list1_2018:8529.90.78=8529.90.78|us_301_list1_2018:8529.90.81=8529.90.81|us_301_list1_2018:8529.90.83=8529.90.83|us_301_list1_2018:8529.90.89=8529.90.89|us_301_list1_2018:8529.90.93=8529.90.93|us_301_list1_2018:8529.90.95=8529.90.95|us_301_list1_2018:8529.90.97=8529.90.97|us_301_list1_2018:8529.90.99=8529.90.99,30,,https://ustr.gov/sites/default/files/2018-13248.pdf,official_scope_expanded_on_valid_2018_hts_universe
us_301_list1_2018,Section 301 List 1,853010,2018-07-06,us_301_list1_2018:8530.10.00=8530.10.00,1,,https://ustr.gov/sites/default/files/2018-13248.pdf,official_scope_expanded_on_valid_2018_hts_universe
us_301_list1_2018,Section 301 List 1,853080,2018-07-06,us_301_list1_2018:8530.80.00=8530.80.00,1,,https://ustr.gov/sites/default/files/2018-13248.pdf,official_scope_expanded_on_valid_2018_hts_universe
us_301_list1_2018,Section 301 List 1,853090,2018-07-06,us_301_list1_2018:8530.90.00=8530.90.00,1,,https://ustr.gov/sites/default/files/2018-13248.pdf,official_scope_expanded_on_valid_2018_hts_universe
us_301_list1_2018,Section 301 List 1,853210,2018-07-06,us_301_list1_2018:8532.10.00=8532.10.00,1,,https://ustr.gov/sites/default/files/2018-13248.pdf,official_scope_expanded_on_valid_2018_hts_universe
us_301_list1_2018,Section 301 List 1,853221,2018-07-06,us_301_list1_2018:8532.21.00=8532.21.00,4,,https://ustr.gov/sites/default/files/2018-13248.pdf,official_scope_expanded_on_valid_2018_hts_universe
us_301_list1_2018,Section 301 List 1,853222,2018-07-06,us_301_list1_2018:8532.22.00=8532.22.00,4,,https://ustr.gov/sites/default/files/2018-13248.pdf,official_scope_expanded_on_valid_2018_hts_universe
us_301_list1_2018,Section 301 List 1,853223,2018-07-06,us_301_list1_2018:8532.23.00=8532.23.00,3,,https://ustr.gov/sites/default/files/2018-13248.pdf,official_scope_expanded_on_valid_2018_hts_universe
us_301_list1_2018,Section 301 List 1,853224,2018-07-06,us_301_list1_2018:8532.24.00=8532.24.00,3,,https://ustr.gov/sites/default/files/2018-13248.pdf,official_scope_expanded_on_valid_2018_hts_universe
us_301_list1_2018,Section 301 List 1,853225,2018-07-06,us_301_list1_2018:8532.25.00=8532.25.00,9,,https://ustr.gov/sites/default/files/2018-13248.pdf,official_scope_expanded_on_valid_2018_hts_universe
us_301_list1_2018,Section 301 List 1,853229,2018-07-06,us_301_list1_2018:8532.29.00=8532.29.00,2,,https://ustr.gov/sites/default/files/2018-13248.pdf,official_scope_expanded_on_valid_2018_hts_universe
us_301_list1_2018,Section 301 List 1,853230,2018-07-06,us_301_list1_2018:8532.30.00=8532.30.00,2,,https://ustr.gov/sites/default/files/2018-13248.pdf,official_scope_expanded_on_valid_2018_hts_universe
us_301_list1_2018,Section 301 List 1,853290,2018-07-06,us_301_list1_2018:8532.90.00=8532.90.00,1,,https://ustr.gov/sites/default/files/2018-13248.pdf,official_scope_expanded_on_valid_2018_hts_universe
us_301_list1_2018,Section 301 List 1,853310,2018-07-06,us_301_list1_2018:8533.10.00=8533.10.00,5,,https://ustr.gov/sites/default/files/2018-13248.pdf,official_scope_expanded_on_valid_2018_hts_universe
us_301_list1_2018,Section 301 List 1,853321,2018-07-06,us_301_list1_2018:8533.21.00=8533.21.00,9,,https://ustr.gov/sites/default/files/2018-13248.pdf,official_scope_expanded_on_valid_2018_hts_universe
us_301_list1_2018,Section 301 List 1,853329,2018-07-06,us_301_list1_2018:8533.29.00=8533.29.00,1,,https://ustr.gov/sites/default/files/2018-13248.pdf,official_scope_expanded_on_valid_2018_hts_universe
us_301_list1_2018,Section 301 List 1,853331,2018-07-06,us_301_list1_2018:8533.31.00=8533.31.00,1,,https://ustr.gov/sites/default/files/2018-13248.pdf,official_scope_expanded_on_valid_2018_hts_universe
us_301_list1_2018,Section 301 List 1,853340,2018-07-06,us_301_list1_2018:8533.40.40=8533.40.40|us_301_list1_2018:8533.40.80=8533.40.80,5,,https://ustr.gov/sites/default/files/2018-13248.pdf,official_scope_expanded_on_valid_2018_hts_universe
us_301_list1_2018,Section 301 List 1,853390,2018-07-06,us_301_list1_2018:8533.90.80=8533.90.80,1,,https://ustr.gov/sites/default/files/2018-13248.pdf,official_scope_expanded_on_valid_2018_hts_universe
us_301_list1_2018,Section 301 List 1,853510,2018-07-06,us_301_list1_2018:8535.10.00=8535.10.00,2,,https://ustr.gov/sites/default/files/2018-13248.pdf,official_scope_expanded_on_valid_2018_hts_universe
us_301_list1_2018,Section 301 List 1,853521,2018-07-06,us_301_list1_2018:8535.21.00=8535.21.00,1,,https://ustr.gov/sites/default/files/2018-13248.pdf,official_scope_expanded_on_valid_2018_hts_universe
us_301_list1_2018,Section 301 List 1,853529,2018-07-06,us_301_list1_2018:8535.29.00=8535.29.00,2,,https://ustr.gov/sites/default/files/2018-13248.pdf,official_scope_expanded_on_valid_2018_hts_universe
us_301_list1_2018,Section 301 List 1,853530,2018-07-06,us_301_list1_2018:8535.30.00=8535.30.00,2,,https://ustr.gov/sites/default/files/2018-13248.pdf,official_scope_expanded_on_valid_2018_hts_universe
us_301_list1_2018,Section 301 List 1,853590,2018-07-06,us_301_list1_2018:8535.90.40=8535.90.40|us_301_list1_2018:8535.90.80=8535.90.80,4,,https://ustr.gov/sites/default/files/2018-13248.pdf,official_scope_expanded_on_valid_2018_hts_universe
us_301_list1_2018,Section 301 List 1,853610,2018-07-06,us_301_list1_2018:8536.10.00=8536.10.00,2,,https://ustr.gov/sites/default/files/2018-13248.pdf,official_scope_expanded_on_valid_2018_hts_universe
us_301_list1_2018,Section 301 List 1,853620,2018-07-06,us_301_list1_2018:8536.20.00=8536.20.00,2,,https://ustr.gov/sites/default/files/2018-13248.pdf,official_scope_expanded_on_valid_2018_hts_universe
us_301_list1_2018,Section 301 List 1,853630,2018-07-06,us_301_list1_2018:8536.30.40=8536.30.40,1,,https://ustr.gov/sites/default/files/2018-13248.pdf,official_scope_expanded_on_valid_2018_hts_universe
us_301_list1_2018,Section 301 List 1,853641,2018-07-06,us_301_list1_2018:8536.41.00=8536.41.00,6,,https://ustr.gov/sites/default/files/2018-13248.pdf,official_scope_expanded_on_valid_2018_hts_universe
us_301_list1_2018,Section 301 List 1,853649,2018-07-06,us_301_list1_2018:8536.49.00=8536.49.00,5,,https://ustr.gov/sites/default/files/2018-13248.pdf,official_scope_expanded_on_valid_2018_hts_universe
us_301_list1_2018,Section 301 List 1,853650,2018-07-06,us_301_list1_2018:8536.50.40=8536.50.40|us_301_list1_2018:8536.50.90=8536.50.90,12,,https://ustr.gov/sites/default/files/2018-13248.pdf,official_scope_expanded_on_valid_2018_hts_universe
us_301_list1_2018,Section 301 List 1,853669,2018-07-06,us_301_list1_2018:8536.69.40=8536.69.40,5,,https://ustr.gov/sites/default/files/2018-13248.pdf,official_scope_expanded_on_valid_2018_hts_universe
us_301_list1_2018,Section 301 List 1,853690,2018-07-06,us_301_list1_2018:8536.90.40=8536.90.40|us_301_list1_2018:8536.90.85=8536.90.85,4,,https://ustr.gov/sites/default/files/2018-13248.pdf,official_scope_expanded_on_valid_2018_hts_universe
us_301_list1_2018,Section 301 List 1,853710,2018-07-06,us_301_list1_2018:8537.10.60=8537.10.60|us_301_list1_2018:8537.10.80=8537.10.80,2,,https://ustr.gov/sites/default/files/2018-13248.pdf,official_scope_expanded_on_valid_2018_hts_universe
us_301_list1_2018,Section 301 List 1,853720,2018-07-06,us_301_list1_2018:8537.20.00=8537.20.00,2,,https://ustr.gov/sites/default/files/2018-13248.pdf,official_scope_expanded_on_valid_2018_hts_universe
us_301_list1_2018,Section 301 List 1,853810,2018-07-06,us_301_list1_2018:8538.10.00=8538.10.00,1,,https://ustr.gov/sites/default/files/2018-13248.pdf,official_scope_expanded_on_valid_2018_hts_universe
us_301_list1_2018,Section 301 List 1,853890,2018-07-06,us_301_list1_2018:8538.90.40=8538.90.40|us_301_list1_2018:8538.90.60=8538.90.60|us_301_list1_2018:8538.90.81=8538.90.81,6,,https://ustr.gov/sites/default/files/2018-13248.pdf,official_scope_expanded_on_valid_2018_hts_universe
us_301_list1_2018,Section 301 List 1,853941,2018-07-06,us_301_list1_2018:8539.41.00=8539.41.00,1,,https://ustr.gov/sites/default/files/2018-13248.pdf,official_scope_expanded_on_valid_2018_hts_universe
us_301_list1_2018,Section 301 List 1,853990,2018-07-06,us_301_list1_2018:8539.90.00=8539.90.00,1,,https://ustr.gov/sites/default/files/2018-13248.pdf,official_scope_expanded_on_valid_2018_hts_universe
us_301_list1_2018,Section 301 List 1,854079,2018-07-06,us_301_list1_2018:8540.79.10=8540.79.10|us_301_list1_2018:8540.79.20=8540.79.20,2,,https://ustr.gov/sites/default/files/2018-13248.pdf,official_scope_expanded_on_valid_2018_hts_universe
us_301_list1_2018,Section 301 List 1,854089,2018-07-06,us_301_list1_2018:8540.89.00=8540.89.00,4,,https://ustr.gov/sites/default/files/2018-13248.pdf,official_scope_expanded_on_valid_2018_hts_universe
us_301_list1_2018,Section 301 List 1,854121,2018-07-06,us_301_list1_2018:8541.21.00=8541.21.00,3,,https://ustr.gov/sites/default/files/2018-13248.pdf,official_scope_expanded_on_valid_2018_hts_universe
us_301_list1_2018,Section 301 List 1,854129,2018-07-06,us_301_list1_2018:8541.29.00=8541.29.00,3,,https://ustr.gov/sites/default/files/2018-13248.pdf,official_scope_expanded_on_valid_2018_hts_universe
us_301_list1_2018,Section 301 List 1,854130,2018-07-06,us_301_list1_2018:8541.30.00=8541.30.00,2,,https://ustr.gov/sites/default/files/2018-13248.pdf,official_scope_expanded_on_valid_2018_hts_universe
us_301_list1_2018,Section 301 List 1,854140,2018-07-06,us_301_list1_2018:8541.40.20=8541.40.20|us_301_list1_2018:8541.40.70=8541.40.70|us_301_list1_2018:8541.40.80=8541.40.80|us_301_list1_2018:8541.40.95=8541.40.95,5,,https://ustr.gov/sites/default/files/2018-13248.pdf,official_scope_expanded_on_valid_2018_hts_universe
us_301_list1_2018,Section 301 List 1,854150,2018-07-06,us_301_list1_2018:8541.50.00=8541.50.00,2,,https://ustr.gov/sites/default/files/2018-13248.pdf,official_scope_expanded_on_valid_2018_hts_universe
us_301_list1_2018,Section 301 List 1,854160,2018-07-06,us_301_list1_2018:8541.60.00=8541.60.00,6,,https://ustr.gov/sites/default/files/2018-13248.pdf,official_scope_expanded_on_valid_2018_hts_universe
us_301_list1_2018,Section 301 List 1,854190,2018-07-06,us_301_list1_2018:8541.90.00=8541.90.00,1,,https://ustr.gov/sites/default/files/2018-13248.pdf,official_scope_expanded_on_valid_2018_hts_universe
us_301_list1_2018,Section 301 List 1,854310,2018-07-06,us_301_list1_2018:8543.10.00=8543.10.00,1,,https://ustr.gov/sites/default/files/2018-13248.pdf,official_scope_expanded_on_valid_2018_hts_universe
us_301_list1_2018,Section 301 List 1,854320,2018-07-06,us_301_list1_2018:8543.20.00=8543.20.00,1,,https://ustr.gov/sites/default/files/2018-13248.pdf,official_scope_expanded_on_valid_2018_hts_universe
us_301_list1_2018,Section 301 List 1,854330,2018-07-06,us_301_list1_2018:8543.30.20=8543.30.20|us_301_list1_2018:8543.30.90=8543.30.90,3,,https://ustr.gov/sites/default/files/2018-13248.pdf,official_scope_expanded_on_valid_2018_hts_universe
us_301_list1_2018,Section 301 List 1,854370,2018-07-06,us_301_list1_2018:8543.70.20=8543.70.20|us_301_list1_2018:8543.70.42=8543.70.42|us_301_list1_2018:8543.70.60=8543.70.60|us_301_list1_2018:8543.70.80=8543.70.80|us_301_list1_2018:8543.70.95=8543.70.95|us_301_list1_2018:8543.70.97=8543.70.97,6,,https://ustr.gov/sites/default/files/2018-13248.pdf,official_scope_expanded_on_valid_2018_hts_universe
us_301_list1_2018,Section 301 List 1,854390,2018-07-06,us_301_list1_2018:8543.90.12=8543.90.12|us_301_list1_2018:8543.90.15=8543.90.15|us_301_list1_2018:8543.90.35=8543.90.35|us_301_list1_2018:8543.90.65=8543.90.65|us_301_list1_2018:8543.90.68=8543.90.68,5,,https://ustr.gov/sites/default/files/2018-13248.pdf,official_scope_expanded_on_valid_2018_hts_universe
us_301_list1_2018,Section 301 List 1,854411,2018-07-06,us_301_list1_2018:8544.11.00=8544.11.00,3,,https://ustr.gov/sites/default/files/2018-13248.pdf,official_scope_expanded_on_valid_2018_hts_universe
us_301_list1_2018,Section 301 List 1,854419,2018-07-06,us_301_list1_2018:8544.19.00=8544.19.00,1,,https://ustr.gov/sites/default/files/2018-13248.pdf,official_scope_expanded_on_valid_2018_hts_universe
us_301_list1_2018,Section 301 List 1,854430,2018-07-06,us_301_list1_2018:8544.30.00=8544.30.00,1,,https://ustr.gov/sites/default/files/2018-13248.pdf,official_scope_expanded_on_valid_2018_hts_universe
us_301_list1_2018,Section 301 List 1,854449,2018-07-06,us_301_list1_2018:8544.49.30=8544.49.30|us_301_list1_2018:8544.49.90=8544.49.90,3,,https://ustr.gov/sites/default/files/2018-13248.pdf,official_scope_expanded_on_valid_2018_hts_universe
us_301_list1_2018,Section 301 List 1,854460,2018-07-06,us_301_list1_2018:8544.60.20=8544.60.20|us_301_list1_2018:8544.60.40=8544.60.40,2,,https://ustr.gov/sites/default/files/2018-13248.pdf,official_scope_expanded_on_valid_2018_hts_universe
us_301_list1_2018,Section 301 List 1,854470,2018-07-06,us_301_list1_2018:8544.70.00=8544.70.00,1,,https://ustr.gov/sites/default/files/2018-13248.pdf,official_scope_expanded_on_valid_2018_hts_universe
us_301_list1_2018,Section 301 List 1,860110,2018-07-06,us_301_list1_2018:8601.10.00=8601.10.00,1,,https://ustr.gov/sites/default/files/2018-13248.pdf,official_scope_expanded_on_valid_2018_hts_universe
us_301_list1_2018,Section 301 List 1,860310,2018-07-06,us_301_list1_2018:8603.10.00=8603.10.00,1,,https://ustr.gov/sites/default/files/2018-13248.pdf,official_scope_expanded_on_valid_2018_hts_universe
us_301_list1_2018,Section 301 List 1,860390,2018-07-06,us_301_list1_2018:8603.90.00=8603.90.00,1,,https://ustr.gov/sites/default/files/2018-13248.pdf,official_scope_expanded_on_valid_2018_hts_universe
us_301_list1_2018,Section 301 List 1,860400,2018-07-06,us_301_list1_2018:8604.00.00=8604.00.00,1,,https://ustr.gov/sites/default/files/2018-13248.pdf,official_scope_expanded_on_valid_2018_hts_universe
us_301_list1_2018,Section 301 List 1,860712,2018-07-06,us_301_list1_2018:8607.12.00=8607.12.00,1,,https://ustr.gov/sites/default/files/2018-13248.pdf,official_scope_expanded_on_valid_2018_hts_universe
us_301_list1_2018,Section 301 List 1,860719,2018-07-06,us_301_list1_2018:8607.19.06=8607.19.06|us_301_list1_2018:8607.19.12=8607.19.12|us_301_list1_2018:8607.19.15=8607.19.15|us_301_list1_2018:8607.19.90=8607.19.90,4,,https://ustr.gov/sites/default/files/2018-13248.pdf,official_scope_expanded_on_valid_2018_hts_universe
us_301_list1_2018,Section 301 List 1,860721,2018-07-06,us_301_list1_2018:8607.21.10=8607.21.10|us_301_list1_2018:8607.21.50=8607.21.50,2,,https://ustr.gov/sites/default/files/2018-13248.pdf,official_scope_expanded_on_valid_2018_hts_universe
us_301_list1_2018,Section 301 List 1,860729,2018-07-06,us_301_list1_2018:8607.29.10=8607.29.10|us_301_list1_2018:8607.29.50=8607.29.50,2,,https://ustr.gov/sites/default/files/2018-13248.pdf,official_scope_expanded_on_valid_2018_hts_universe
us_301_list1_2018,Section 301 List 1,860791,2018-07-06,us_301_list1_2018:8607.91.00=8607.91.00,1,,https://ustr.gov/sites/default/files/2018-13248.pdf,official_scope_expanded_on_valid_2018_hts_universe
us_301_list1_2018,Section 301 List 1,860799,2018-07-06,us_301_list1_2018:8607.99.10=8607.99.10|us_301_list1_2018:8607.99.50=8607.99.50,2,,https://ustr.gov/sites/default/files/2018-13248.pdf,official_scope_expanded_on_valid_2018_hts_universe
us_301_list1_2018,Section 301 List 1,860800,2018-07-06,us_301_list1_2018:8608.00.00=8608.00.00,1,,https://ustr.gov/sites/default/files/2018-13248.pdf,official_scope_expanded_on_valid_2018_hts_universe
us_301_list1_2018,Section 301 List 1,870110,2018-07-06,us_301_list1_2018:8701.10.01=8701.10.01,1,,https://ustr.gov/sites/default/files/2018-13248.pdf,official_scope_expanded_on_valid_2018_hts_universe
us_301_list1_2018,Section 301 List 1,870130,2018-07-06,us_301_list1_2018:8701.30.10=8701.30.10,6,,https://ustr.gov/sites/default/files/2018-13248.pdf,official_scope_expanded_on_valid_2018_hts_universe
us_301_list1_2018,Section 301 List 1,870210,2018-07-06,us_301_list1_2018:8702.10.31=8702.10.31|us_301_list1_2018:8702.10.61=8702.10.61,2,,https://ustr.gov/sites/default/files/2018-13248.pdf,official_scope_expanded_on_valid_2018_hts_universe
us_301_list1_2018,Section 301 List 1,870220,2018-07-06,us_301_list1_2018:8702.20.31=8702.20.31|us_301_list1_2018:8702.20.61=8702.20.61,2,,https://ustr.gov/sites/default/files/2018-13248.pdf,official_scope_expanded_on_valid_2018_hts_universe
us_301_list1_2018,Section 301 List 1,870230,2018-07-06,us_301_list1_2018:8702.30.31=8702.30.31|us_301_list1_2018:8702.30.61=8702.30.61,2,,https://ustr.gov/sites/default/files/2018-13248.pdf,official_scope_expanded_on_valid_2018_hts_universe
us_301_list1_2018,Section 301 List 1,870240,2018-07-06,us_301_list1_2018:8702.40.31=8702.40.31|us_301_list1_2018:8702.40.61=8702.40.61,2,,https://ustr.gov/sites/default/files/2018-13248.pdf,official_scope_expanded_on_valid_2018_hts_universe
us_301_list1_2018,Section 301 List 1,870290,2018-07-06,us_301_list1_2018:8702.90.31=8702.90.31|us_301_list1_2018:8702.90.61=8702.90.61,2,,https://ustr.gov/sites/default/files/2018-13248.pdf,official_scope_expanded_on_valid_2018_hts_universe
us_301_list1_2018,Section 301 List 1,870321,2018-07-06,us_301_list1_2018:8703.21.01=8703.21.01,3,,https://ustr.gov/sites/default/files/2018-13248.pdf,official_scope_expanded_on_valid_2018_hts_universe
us_301_list1_2018,Section 301 List 1,870322,2018-07-06,us_301_list1_2018:8703.22.01=8703.22.01,1,,https://ustr.gov/sites/default/files/2018-13248.pdf,official_scope_expanded_on_valid_2018_hts_universe
us_301_list1_2018,Section 301 List 1,870323,2018-07-06,us_301_list1_2018:8703.23.01=8703.23.01,7,,https://ustr.gov/sites/default/files/2018-13248.pdf,official_scope_expanded_on_valid_2018_hts_universe
us_301_list1_2018,Section 301 List 1,870324,2018-07-06,us_301_list1_2018:8703.24.01=8703.24.01,6,,https://ustr.gov/sites/default/files/2018-13248.pdf,official_scope_expanded_on_valid_2018_hts_universe
us_301_list1_2018,Section 301 List 1,870331,2018-07-06,us_301_list1_2018:8703.31.01=8703.31.01,1,,https://ustr.gov/sites/default/files/2018-13248.pdf,official_scope_expanded_on_valid_2018_hts_universe
us_301_list1_2018,Section 301 List 1,870332,2018-07-06,us_301_list1_2018:8703.32.01=8703.32.01,2,,https://ustr.gov/sites/default/files/2018-13248.pdf,official_scope_expanded_on_valid_2018_hts_universe
us_301_list1_2018,Section 301 List 1,870333,2018-07-06,us_301_list1_2018:8703.33.01=8703.33.01,4,,https://ustr.gov/sites/default/files/2018-13248.pdf,official_scope_expanded_on_valid_2018_hts_universe
us_301_list1_2018,Section 301 List 1,870340,2018-07-06,us_301_list1_2018:8703.40.00=8703.40.00,13,,https://ustr.gov/sites/default/files/2018-13248.pdf,official_scope_expanded_on_valid_2018_hts_universe
us_301_list1_2018,Section 301 List 1,870350,2018-07-06,us_301_list1_2018:8703.50.00=8703.50.00,7,,https://ustr.gov/sites/default/files/2018-13248.pdf,official_scope_expanded_on_valid_2018_hts_universe
us_301_list1_2018,Section 301 List 1,870360,2018-07-06,us_301_list1_2018:8703.60.00=8703.60.00,13,,https://ustr.gov/sites/default/files/2018-13248.pdf,official_scope_expanded_on_valid_2018_hts_universe
us_301_list1_2018,Section 301 List 1,870370,2018-07-06,us_301_list1_2018:8703.70.00=8703.70.00,7,,https://ustr.gov/sites/default/files/2018-13248.pdf,official_scope_expanded_on_valid_2018_hts_universe
us_301_list1_2018,Section 301 List 1,870380,2018-07-06,us_301_list1_2018:8703.80.00=8703.80.00,1,,https://ustr.gov/sites/default/files/2018-13248.pdf,official_scope_expanded_on_valid_2018_hts_universe
us_301_list1_2018,Section 301 List 1,870390,2018-07-06,us_301_list1_2018:8703.90.01=8703.90.01,1,,https://ustr.gov/sites/default/files/2018-13248.pdf,official_scope_expanded_on_valid_2018_hts_universe
us_301_list1_2018,Section 301 List 1,870410,2018-07-06,us_301_list1_2018:8704.10.10=8704.10.10|us_301_list1_2018:8704.10.50=8704.10.50,6,,https://ustr.gov/sites/default/files/2018-13248.pdf,official_scope_expanded_on_valid_2018_hts_universe
us_301_list1_2018,Section 301 List 1,870421,2018-07-06,us_301_list1_2018:8704.21.00=8704.21.00,1,,https://ustr.gov/sites/default/files/2018-13248.pdf,official_scope_expanded_on_valid_2018_hts_universe
us_301_list1_2018,Section 301 List 1,870422,2018-07-06,us_301_list1_2018:8704.22.10=8704.22.10|us_301_list1_2018:8704.22.50=8704.22.50,8,,https://ustr.gov/sites/default/files/2018-13248.pdf,official_scope_expanded_on_valid_2018_hts_universe
us_301_list1_2018,Section 301 List 1,870423,2018-07-06,us_301_list1_2018:8704.23.00=8704.23.00,1,,https://ustr.gov/sites/default/files/2018-13248.pdf,official_scope_expanded_on_valid_2018_hts_universe
us_301_list1_2018,Section 301 List 1,870431,2018-07-06,us_301_list1_2018:8704.31.00=8704.31.00,2,,https://ustr.gov/sites/default/files/2018-13248.pdf,official_scope_expanded_on_valid_2018_hts_universe
us_301_list1_2018,Section 301 List 1,870432,2018-07-06,us_301_list1_2018:8704.32.00=8704.32.00,5,,https://ustr.gov/sites/default/files/2018-13248.pdf,official_scope_expanded_on_valid_2018_hts_universe
us_301_list1_2018,Section 301 List 1,870530,2018-07-06,us_301_list1_2018:8705.30.00=8705.30.00,1,,https://ustr.gov/sites/default/files/2018-13248.pdf,official_scope_expanded_on_valid_2018_hts_universe
us_301_list1_2018,Section 301 List 1,870540,2018-07-06,us_301_list1_2018:8705.40.00=8705.40.00,1,,https://ustr.gov/sites/default/files/2018-13248.pdf,official_scope_expanded_on_valid_2018_hts_universe
us_301_list1_2018,Section 301 List 1,870600,2018-07-06,us_301_list1_2018:8706.00.25=8706.00.25|us_301_list1_2018:8706.00.30=8706.00.30,2,,https://ustr.gov/sites/default/files/2018-13248.pdf,official_scope_expanded_on_valid_2018_hts_universe
us_301_list1_2018,Section 301 List 1,870911,2018-07-06,us_301_list1_2018:8709.11.00=8709.11.00,2,,https://ustr.gov/sites/default/files/2018-13248.pdf,official_scope_expanded_on_valid_2018_hts_universe
us_301_list1_2018,Section 301 List 1,870919,2018-07-06,us_301_list1_2018:8709.19.00=8709.19.00,2,,https://ustr.gov/sites/default/files/2018-13248.pdf,official_scope_expanded_on_valid_2018_hts_universe
us_301_list1_2018,Section 301 List 1,870990,2018-07-06,us_301_list1_2018:8709.90.00=8709.90.00,3,,https://ustr.gov/sites/default/files/2018-13248.pdf,official_scope_expanded_on_valid_2018_hts_universe
us_301_list1_2018,Section 301 List 1,871150,2018-07-06,us_301_list1_2018:8711.50.00=8711.50.00,2,,https://ustr.gov/sites/default/files/2018-13248.pdf,official_scope_expanded_on_valid_2018_hts_universe
us_301_list1_2018,Section 301 List 1,880211,2018-07-06,us_301_list1_2018:8802.11.00=8802.11.00,5,,https://ustr.gov/sites/default/files/2018-13248.pdf,official_scope_expanded_on_valid_2018_hts_universe
us_301_list1_2018,Section 301 List 1,880212,2018-07-06,us_301_list1_2018:8802.12.00=8802.12.00,4,,https://ustr.gov/sites/default/files/2018-13248.pdf,official_scope_expanded_on_valid_2018_hts_universe
us_301_list1_2018,Section 301 List 1,880220,2018-07-06,us_301_list1_2018:8802.20.00=8802.20.00,8,,https://ustr.gov/sites/default/files/2018-13248.pdf,official_scope_expanded_on_valid_2018_hts_universe
us_301_list1_2018,Section 301 List 1,880230,2018-07-06,us_301_list1_2018:8802.30.00=8802.30.00,8,,https://ustr.gov/sites/default/files/2018-13248.pdf,official_scope_expanded_on_valid_2018_hts_universe
us_301_list1_2018,Section 301 List 1,880240,2018-07-06,us_301_list1_2018:8802.40.00=8802.40.00,8,,https://ustr.gov/sites/default/files/2018-13248.pdf,official_scope_expanded_on_valid_2018_hts_universe
us_301_list1_2018,Section 301 List 1,880260,2018-07-06,us_301_list1_2018:8802.60.30=8802.60.30|us_301_list1_2018:8802.60.90=8802.60.90,3,,https://ustr.gov/sites/default/files/2018-13248.pdf,official_scope_expanded_on_valid_2018_hts_universe
us_301_list1_2018,Section 301 List 1,880310,2018-07-06,us_301_list1_2018:8803.10.00=8803.10.00,3,,https://ustr.gov/sites/default/files/2018-13248.pdf,official_scope_expanded_on_valid_2018_hts_universe
us_301_list1_2018,Section 301 List 1,880320,2018-07-06,us_301_list1_2018:8803.20.00=8803.20.00,3,,https://ustr.gov/sites/default/files/2018-13248.pdf,official_scope_expanded_on_valid_2018_hts_universe
us_301_list1_2018,Section 301 List 1,880330,2018-07-06,us_301_list1_2018:8803.30.00=8803.30.00,3,,https://ustr.gov/sites/default/files/2018-13248.pdf,official_scope_expanded_on_valid_2018_hts_universe
us_301_list1_2018,Section 301 List 1,880390,2018-07-06,us_301_list1_2018:8803.90.30=8803.90.30|us_301_list1_2018:8803.90.90=8803.90.90,4,,https://ustr.gov/sites/default/files/2018-13248.pdf,official_scope_expanded_on_valid_2018_hts_universe
us_301_list1_2018,Section 301 List 1,880510,2018-07-06,us_301_list1_2018:8805.10.00=8805.10.00,1,,https://ustr.gov/sites/default/files/2018-13248.pdf,official_scope_expanded_on_valid_2018_hts_universe
us_301_list1_2018,Section 301 List 1,880521,2018-07-06,us_301_list1_2018:8805.21.00=8805.21.00,1,,https://ustr.gov/sites/default/files/2018-13248.pdf,official_scope_expanded_on_valid_2018_hts_universe
us_301_list1_2018,Section 301 List 1,880529,2018-07-06,us_301_list1_2018:8805.29.00=8805.29.00,1,,https://ustr.gov/sites/default/files/2018-13248.pdf,official_scope_expanded_on_valid_2018_hts_universe
us_301_list1_2018,Section 301 List 1,890110,2018-07-06,us_301_list1_2018:8901.10.00=8901.10.00,1,,https://ustr.gov/sites/default/files/2018-13248.pdf,official_scope_expanded_on_valid_2018_hts_universe
us_301_list1_2018,Section 301 List 1,890120,2018-07-06,us_301_list1_2018:8901.20.00=8901.20.00,1,,https://ustr.gov/sites/default/files/2018-13248.pdf,official_scope_expanded_on_valid_2018_hts_universe
us_301_list1_2018,Section 301 List 1,890190,2018-07-06,us_301_list1_2018:8901.90.00=8901.90.00,1,,https://ustr.gov/sites/default/files/2018-13248.pdf,official_scope_expanded_on_valid_2018_hts_universe
us_301_list1_2018,Section 301 List 1,890200,2018-07-06,us_301_list1_2018:8902.00.00=8902.00.00,1,,https://ustr.gov/sites/default/files/2018-13248.pdf,official_scope_expanded_on_valid_2018_hts_universe
us_301_list1_2018,Section 301 List 1,890400,2018-07-06,us_301_list1_2018:8904.00.00=8904.00.00,1,,https://ustr.gov/sites/default/files/2018-13248.pdf,official_scope_expanded_on_valid_2018_hts_universe
us_301_list1_2018,Section 301 List 1,890510,2018-07-06,us_301_list1_2018:8905.10.00=8905.10.00,1,,https://ustr.gov/sites/default/files/2018-13248.pdf,official_scope_expanded_on_valid_2018_hts_universe
us_301_list1_2018,Section 301 List 1,890520,2018-07-06,us_301_list1_2018:8905.20.00=8905.20.00,1,,https://ustr.gov/sites/default/files/2018-13248.pdf,official_scope_expanded_on_valid_2018_hts_universe
us_301_list1_2018,Section 301 List 1,890590,2018-07-06,us_301_list1_2018:8905.90.50=8905.90.50,1,,https://ustr.gov/sites/default/files/2018-13248.pdf,official_scope_expanded_on_valid_2018_hts_universe
us_301_list1_2018,Section 301 List 1,890690,2018-07-06,us_301_list1_2018:8906.90.00=8906.90.00,2,,https://ustr.gov/sites/default/files/2018-13248.pdf,official_scope_expanded_on_valid_2018_hts_universe
us_301_list1_2018,Section 301 List 1,890800,2018-07-06,us_301_list1_2018:8908.00.00=8908.00.00,1,,https://ustr.gov/sites/default/files/2018-13248.pdf,official_scope_expanded_on_valid_2018_hts_universe
us_301_list1_2018,Section 301 List 1,900290,2018-07-06,us_301_list1_2018:9002.90.20=9002.90.20|us_301_list1_2018:9002.90.40=9002.90.40|us_301_list1_2018:9002.90.70=9002.90.70|us_301_list1_2018:9002.90.95=9002.90.95,4,,https://ustr.gov/sites/default/files/2018-13248.pdf,official_scope_expanded_on_valid_2018_hts_universe
us_301_list1_2018,Section 301 List 1,901110,2018-07-06,us_301_list1_2018:9011.10.40=9011.10.40|us_301_list1_2018:9011.10.80=9011.10.80,2,,https://ustr.gov/sites/default/files/2018-13248.pdf,official_scope_expanded_on_valid_2018_hts_universe
us_301_list1_2018,Section 301 List 1,901120,2018-07-06,us_301_list1_2018:9011.20.40=9011.20.40,1,,https://ustr.gov/sites/default/files/2018-13248.pdf,official_scope_expanded_on_valid_2018_hts_universe
us_301_list1_2018,Section 301 List 1,901190,2018-07-06,us_301_list1_2018:9011.90.00=9011.90.00,1,,https://ustr.gov/sites/default/files/2018-13248.pdf,official_scope_expanded_on_valid_2018_hts_universe
us_301_list1_2018,Section 301 List 1,901210,2018-07-06,us_301_list1_2018:9012.10.00=9012.10.00,1,,https://ustr.gov/sites/default/files/2018-13248.pdf,official_scope_expanded_on_valid_2018_hts_universe
us_301_list1_2018,Section 301 List 1,901290,2018-07-06,us_301_list1_2018:9012.90.00=9012.90.00,1,,https://ustr.gov/sites/default/files/2018-13248.pdf,official_scope_expanded_on_valid_2018_hts_universe
us_301_list1_2018,Section 301 List 1,901310,2018-07-06,us_301_list1_2018:9013.10.45=9013.10.45,1,,https://ustr.gov/sites/default/files/2018-13248.pdf,official_scope_expanded_on_valid_2018_hts_universe
us_301_list1_2018,Section 301 List 1,901320,2018-07-06,us_301_list1_2018:9013.20.00=9013.20.00,1,,https://ustr.gov/sites/default/files/2018-13248.pdf,official_scope_expanded_on_valid_2018_hts_universe
us_301_list1_2018,Section 301 List 1,901380,2018-07-06,us_301_list1_2018:9013.80.70=9013.80.70,1,,https://ustr.gov/sites/default/files/2018-13248.pdf,official_scope_expanded_on_valid_2018_hts_universe
us_301_list1_2018,Section 301 List 1,901410,2018-07-06,us_301_list1_2018:9014.10.70=9014.10.70,2,,https://ustr.gov/sites/default/files/2018-13248.pdf,official_scope_expanded_on_valid_2018_hts_universe
us_301_list1_2018,Section 301 List 1,901420,2018-07-06,us_301_list1_2018:9014.20.20=9014.20.20|us_301_list1_2018:9014.20.40=9014.20.40|us_301_list1_2018:9014.20.60=9014.20.60|us_301_list1_2018:9014.20.80=9014.20.80,5,,https://ustr.gov/sites/default/files/2018-13248.pdf,official_scope_expanded_on_valid_2018_hts_universe
us_301_list1_2018,Section 301 List 1,901480,2018-07-06,us_301_list1_2018:9014.80.10=9014.80.10|us_301_list1_2018:9014.80.20=9014.80.20|us_301_list1_2018:9014.80.40=9014.80.40|us_301_list1_2018:9014.80.50=9014.80.50,4,,https://ustr.gov/sites/default/files/2018-13248.pdf,official_scope_expanded_on_valid_2018_hts_universe
us_301_list1_2018,Section 301 List 1,901490,2018-07-06,us_301_list1_2018:9014.90.10=9014.90.10|us_301_list1_2018:9014.90.20=9014.90.20|us_301_list1_2018:9014.90.40=9014.90.40|us_301_list1_2018:9014.90.60=9014.90.60,5,,https://ustr.gov/sites/default/files/2018-13248.pdf,official_scope_expanded_on_valid_2018_hts_universe
us_301_list1_2018,Section 301 List 1,901510,2018-07-06,us_301_list1_2018:9015.10.80=9015.10.80,1,,https://ustr.gov/sites/default/files/2018-13248.pdf,official_scope_expanded_on_valid_2018_hts_universe
us_301_list1_2018,Section 301 List 1,901520,2018-07-06,us_301_list1_2018:9015.20.40=9015.20.40|us_301_list1_2018:9015.20.80=9015.20.80,2,,https://ustr.gov/sites/default/files/2018-13248.pdf,official_scope_expanded_on_valid_2018_hts_universe
us_301_list1_2018,Section 301 List 1,901540,2018-07-06,us_301_list1_2018:9015.40.40=9015.40.40|us_301_list1_2018:9015.40.80=9015.40.80,2,,https://ustr.gov/sites/default/files/2018-13248.pdf,official_scope_expanded_on_valid_2018_hts_universe
us_301_list1_2018,Section 301 List 1,901580,2018-07-06,us_301_list1_2018:9015.80.20=9015.80.20|us_301_list1_2018:9015.80.60=9015.80.60|us_301_list1_2018:9015.80.80=9015.80.80,4,,https://ustr.gov/sites/default/files/2018-13248.pdf,official_scope_expanded_on_valid_2018_hts_universe
us_301_list1_2018,Section 301 List 1,901811,2018-07-06,us_301_list1_2018:9018.11.30=9018.11.30|us_301_list1_2018:9018.11.60=9018.11.60|us_301_list1_2018:9018.11.90=9018.11.90,3,,https://ustr.gov/sites/default/files/2018-13248.pdf,official_scope_expanded_on_valid_2018_hts_universe
us_301_list1_2018,Section 301 List 1,901812,2018-07-06,us_301_list1_2018:9018.12.00=9018.12.00,1,,https://ustr.gov/sites/default/files/2018-13248.pdf,official_scope_expanded_on_valid_2018_hts_universe
us_301_list1_2018,Section 301 List 1,901813,2018-07-06,us_301_list1_2018:9018.13.00=9018.13.00,1,,https://ustr.gov/sites/default/files/2018-13248.pdf,official_scope_expanded_on_valid_2018_hts_universe
us_301_list1_2018,Section 301 List 1,901814,2018-07-06,us_301_list1_2018:9018.14.00=9018.14.00,1,,https://ustr.gov/sites/default/files/2018-13248.pdf,official_scope_expanded_on_valid_2018_hts_universe
us_301_list1_2018,Section 301 List 1,901819,2018-07-06,us_301_list1_2018:9018.19.40=9018.19.40|us_301_list1_2018:9018.19.55=9018.19.55|us_301_list1_2018:9018.19.75=9018.19.75|us_301_list1_2018:9018.19.95=9018.19.95,7,,https://ustr.gov/sites/default/files/2018-13248.pdf,official_scope_expanded_on_valid_2018_hts_universe
us_301_list1_2018,Section 301 List 1,901820,2018-07-06,us_301_list1_2018:9018.20.00=9018.20.00,2,,https://ustr.gov/sites/default/files/2018-13248.pdf,official_scope_expanded_on_valid_2018_hts_universe
us_301_list1_2018,Section 301 List 1,901890,2018-07-06,us_301_list1_2018:9018.90.20=9018.90.20|us_301_list1_2018:9018.90.30=9018.90.30|us_301_list1_2018:9018.90.60=9018.90.60|us_301_list1_2018:9018.90.75=9018.90.75,8,,https://ustr.gov/sites/default/files/2018-13248.pdf,official_scope_expanded_on_valid_2018_hts_universe
us_301_list1_2018,Section 301 List 1,902150,2018-07-06,us_301_list1_2018:9021.50.00=9021.50.00,1,,https://ustr.gov/sites/default/files/2018-13248.pdf,official_scope_expanded_on_valid_2018_hts_universe
us_301_list1_2018,Section 301 List 1,902212,2018-07-06,us_301_list1_2018:9022.12.00=9022.12.00,1,,https://ustr.gov/sites/default/files/2018-13248.pdf,official_scope_expanded_on_valid_2018_hts_universe
us_301_list1_2018,Section 301 List 1,902213,2018-07-06,us_301_list1_2018:9022.13.00=9022.13.00,1,,https://ustr.gov/sites/default/files/2018-13248.pdf,official_scope_expanded_on_valid_2018_hts_universe
us_301_list1_2018,Section 301 List 1,902214,2018-07-06,us_301_list1_2018:9022.14.00=9022.14.00,1,,https://ustr.gov/sites/default/files/2018-13248.pdf,official_scope_expanded_on_valid_2018_hts_universe
us_301_list1_2018,Section 301 List 1,902219,2018-07-06,us_301_list1_2018:9022.19.00=9022.19.00,1,,https://ustr.gov/sites/default/files/2018-13248.pdf,official_scope_expanded_on_valid_2018_hts_universe
us_301_list1_2018,Section 301 List 1,902221,2018-07-06,us_301_list1_2018:9022.21.00=9022.21.00,1,,https://ustr.gov/sites/default/files/2018-13248.pdf,official_scope_expanded_on_valid_2018_hts_universe
us_301_list1_2018,Section 301 List 1,902229,2018-07-06,us_301_list1_2018:9022.29.80=9022.29.80,1,,https://ustr.gov/sites/default/files/2018-13248.pdf,official_scope_expanded_on_valid_2018_hts_universe
us_301_list1_2018,Section 301 List 1,902230,2018-07-06,us_301_list1_2018:9022.30.00=9022.30.00,1,,https://ustr.gov/sites/default/files/2018-13248.pdf,official_scope_expanded_on_valid_2018_hts_universe
us_301_list1_2018,Section 301 List 1,902290,2018-07-06,us_301_list1_2018:9022.90.05=9022.90.05|us_301_list1_2018:9022.90.15=9022.90.15|us_301_list1_2018:9022.90.25=9022.90.25|us_301_list1_2018:9022.90.40=9022.90.40|us_301_list1_2018:9022.90.60=9022.90.60|us_301_list1_2018:9022.90.95=9022.90.95,6,,https://ustr.gov/sites/default/files/2018-13248.pdf,official_scope_expanded_on_valid_2018_hts_universe
us_301_list1_2018,Section 301 List 1,902410,2018-07-06,us_301_list1_2018:9024.10.00=9024.10.00,1,,https://ustr.gov/sites/default/files/2018-13248.pdf,official_scope_expanded_on_valid_2018_hts_universe
us_301_list1_2018,Section 301 List 1,902480,2018-07-06,us_301_list1_2018:9024.80.00=9024.80.00,1,,https://ustr.gov/sites/default/files/2018-13248.pdf,official_scope_expanded_on_valid_2018_hts_universe
us_301_list1_2018,Section 301 List 1,902490,2018-07-06,us_301_list1_2018:9024.90.00=9024.90.00,2,,https://ustr.gov/sites/default/files/2018-13248.pdf,official_scope_expanded_on_valid_2018_hts_universe
us_301_list1_2018,Section 301 List 1,902610,2018-07-06,us_301_list1_2018:9026.10.20=9026.10.20,2,,https://ustr.gov/sites/default/files/2018-13248.pdf,official_scope_expanded_on_valid_2018_hts_universe
us_301_list1_2018,Section 301 List 1,902620,2018-07-06,us_301_list1_2018:9026.20.40=9026.20.40,1,,https://ustr.gov/sites/default/files/2018-13248.pdf,official_scope_expanded_on_valid_2018_hts_universe
us_301_list1_2018,Section 301 List 1,902680,2018-07-06,us_301_list1_2018:9026.80.20=9026.80.20,1,,https://ustr.gov/sites/default/files/2018-13248.pdf,official_scope_expanded_on_valid_2018_hts_universe
us_301_list1_2018,Section 301 List 1,902690,2018-07-06,us_301_list1_2018:9026.90.20=9026.90.20|us_301_list1_2018:9026.90.40=9026.90.40|us_301_list1_2018:9026.90.60=9026.90.60,3,,https://ustr.gov/sites/default/files/2018-13248.pdf,official_scope_expanded_on_valid_2018_hts_universe
us_301_list1_2018,Section 301 List 1,902720,2018-07-06,us_301_list1_2018:9027.20.50=9027.20.50|us_301_list1_2018:9027.20.80=9027.20.80,7,,https://ustr.gov/sites/default/files/2018-13248.pdf,official_scope_expanded_on_valid_2018_hts_universe
us_301_list1_2018,Section 301 List 1,902730,2018-07-06,us_301_list1_2018:9027.30.40=9027.30.40|us_301_list1_2018:9027.30.80=9027.30.80,4,,https://ustr.gov/sites/default/files/2018-13248.pdf,official_scope_expanded_on_valid_2018_hts_universe
us_301_list1_2018,Section 301 List 1,902750,2018-07-06,us_301_list1_2018:9027.50.10=9027.50.10|us_301_list1_2018:9027.50.40=9027.50.40|us_301_list1_2018:9027.50.80=9027.50.80,8,,https://ustr.gov/sites/default/files/2018-13248.pdf,official_scope_expanded_on_valid_2018_hts_universe
us_301_list1_2018,Section 301 List 1,902780,2018-07-06,us_301_list1_2018:9027.80.25=9027.80.25|us_301_list1_2018:9027.80.45=9027.80.45|us_301_list1_2018:9027.80.80=9027.80.80,8,,https://ustr.gov/sites/default/files/2018-13248.pdf,official_scope_expanded_on_valid_2018_hts_universe
us_301_list1_2018,Section 301 List 1,902790,2018-07-06,us_301_list1_2018:9027.90.45=9027.90.45|us_301_list1_2018:9027.90.54=9027.90.54|us_301_list1_2018:9027.90.56=9027.90.56|us_301_list1_2018:9027.90.59=9027.90.59|us_301_list1_2018:9027.90.64=9027.90.64|us_301_list1_2018:9027.90.84=9027.90.84|us_301_list1_2018:9027.90.88=9027.90.88,12,,https://ustr.gov/sites/default/files/2018-13248.pdf,official_scope_expanded_on_valid_2018_hts_universe
us_301_list1_2018,Section 301 List 1,902890,2018-07-06,us_301_list1_2018:9028.90.00=9028.90.00,2,,https://ustr.gov/sites/default/files/2018-13248.pdf,official_scope_expanded_on_valid_2018_hts_universe
us_301_list1_2018,Section 301 List 1,903010,2018-07-06,us_301_list1_2018:9030.10.00=9030.10.00,1,,https://ustr.gov/sites/default/files/2018-13248.pdf,official_scope_expanded_on_valid_2018_hts_universe
us_301_list1_2018,Section 301 List 1,903020,2018-07-06,us_301_list1_2018:9030.20.05=9030.20.05,1,,https://ustr.gov/sites/default/files/2018-13248.pdf,official_scope_expanded_on_valid_2018_hts_universe
us_301_list1_2018,Section 301 List 1,903033,2018-07-06,us_301_list1_2018:9030.33.34=9030.33.34|us_301_list1_2018:9030.33.38=9030.33.38,2,,https://ustr.gov/sites/default/files/2018-13248.pdf,official_scope_expanded_on_valid_2018_hts_universe
us_301_list1_2018,Section 301 List 1,903039,2018-07-06,us_301_list1_2018:9030.39.01=9030.39.01,1,,https://ustr.gov/sites/default/files/2018-13248.pdf,official_scope_expanded_on_valid_2018_hts_universe
us_301_list1_2018,Section 301 List 1,903040,2018-07-06,us_301_list1_2018:9030.40.00=9030.40.00,1,,https://ustr.gov/sites/default/files/2018-13248.pdf,official_scope_expanded_on_valid_2018_hts_universe
us_301_list1_2018,Section 301 List 1,903082,2018-07-06,us_301_list1_2018:9030.82.00=9030.82.00,1,,https://ustr.gov/sites/default/files/2018-13248.pdf,official_scope_expanded_on_valid_2018_hts_universe
us_301_list1_2018,Section 301 List 1,903090,2018-07-06,us_301_list1_2018:9030.90.25=9030.90.25|us_301_list1_2018:9030.90.46=9030.90.46|us_301_list1_2018:9030.90.66=9030.90.66|us_301_list1_2018:9030.90.68=9030.90.68|us_301_list1_2018:9030.90.84=9030.90.84|us_301_list1_2018:9030.90.89=9030.90.89,13,,https://ustr.gov/sites/default/files/2018-13248.pdf,official_scope_expanded_on_valid_2018_hts_universe
us_301_list1_2018,Section 301 List 1,903110,2018-07-06,us_301_list1_2018:9031.10.00=9031.10.00,1,,https://ustr.gov/sites/default/files/2018-13248.pdf,official_scope_expanded_on_valid_2018_hts_universe
us_301_list1_2018,Section 301 List 1,903120,2018-07-06,us_301_list1_2018:9031.20.00=9031.20.00,1,,https://ustr.gov/sites/default/files/2018-13248.pdf,official_scope_expanded_on_valid_2018_hts_universe
us_301_list1_2018,Section 301 List 1,903141,2018-07-06,us_301_list1_2018:9031.41.00=9031.41.00,3,,https://ustr.gov/sites/default/files/2018-13248.pdf,official_scope_expanded_on_valid_2018_hts_universe
us_301_list1_2018,Section 301 List 1,903149,2018-07-06,us_301_list1_2018:9031.49.10=9031.49.10|us_301_list1_2018:9031.49.40=9031.49.40|us_301_list1_2018:9031.49.70=9031.49.70|us_301_list1_2018:9031.49.90=9031.49.90,4,,https://ustr.gov/sites/default/files/2018-13248.pdf,official_scope_expanded_on_valid_2018_hts_universe
us_301_list1_2018,Section 301 List 1,903180,2018-07-06,us_301_list1_2018:9031.80.40=9031.80.40|us_301_list1_2018:9031.80.80=9031.80.80,4,,https://ustr.gov/sites/default/files/2018-13248.pdf,official_scope_expanded_on_valid_2018_hts_universe
us_301_list1_2018,Section 301 List 1,903190,2018-07-06,us_301_list1_2018:9031.90.21=9031.90.21|us_301_list1_2018:9031.90.54=9031.90.54|us_301_list1_2018:9031.90.59=9031.90.59|us_301_list1_2018:9031.90.70=9031.90.70|us_301_list1_2018:9031.90.91=9031.90.91,7,,https://ustr.gov/sites/default/files/2018-13248.pdf,official_scope_expanded_on_valid_2018_hts_universe
us_301_list1_2018,Section 301 List 1,903210,2018-07-06,us_301_list1_2018:9032.10.00=9032.10.00,3,,https://ustr.gov/sites/default/files/2018-13248.pdf,official_scope_expanded_on_valid_2018_hts_universe
us_301_list1_2018,Section 301 List 1,903220,2018-07-06,us_301_list1_2018:9032.20.00=9032.20.00,1,,https://ustr.gov/sites/default/files/2018-13248.pdf,official_scope_expanded_on_valid_2018_hts_universe
us_301_list1_2018,Section 301 List 1,903281,2018-07-06,us_301_list1_2018:9032.81.00=9032.81.00,3,,https://ustr.gov/sites/default/files/2018-13248.pdf,official_scope_expanded_on_valid_2018_hts_universe
us_301_list1_2018,Section 301 List 1,903289,2018-07-06,us_301_list1_2018:9032.89.20=9032.89.20|us_301_list1_2018:9032.89.40=9032.89.40|us_301_list1_2018:9032.89.60=9032.89.60,11,,https://ustr.gov/sites/default/files/2018-13248.pdf,official_scope_expanded_on_valid_2018_hts_universe
us_301_list1_2018,Section 301 List 1,903290,2018-07-06,us_301_list1_2018:9032.90.21=9032.90.21|us_301_list1_2018:9032.90.41=9032.90.41|us_301_list1_2018:9032.90.61=9032.90.61,6,,https://ustr.gov/sites/default/files/2018-13248.pdf,official_scope_expanded_on_valid_2018_hts_universe
us_301_list1_2018,Section 301 List 1,903300,2018-07-06,us_301_list1_2018:9033.00.20=9033.00.20|us_301_list1_2018:9033.00.30=9033.00.30|us_301_list1_2018:9033.00.90=9033.00.90,3,,https://ustr.gov/sites/default/files/2018-13248.pdf,official_scope_expanded_on_valid_2018_hts_universe
us_301_list2_2018,Section 301 List 2,271019,2018-08-23,us_301_list2_2018:2710.19.30=2710.19.30|us_301_list2_2018:2710.19.35=2710.19.35|us_301_list2_2018:2710.19.40=2710.19.40,9,,https://ustr.gov/sites/default/files/enforcement/301Investigations/2018-17709.pdf,official_scope_expanded_on_valid_2018_hts_universe
us_301_list2_2018,Section 301 List 2,340319,2018-08-23,us_301_list2_2018:3403.19.10=3403.19.10|us_301_list2_2018:3403.19.50=3403.19.50,2,,https://ustr.gov/sites/default/files/enforcement/301Investigations/2018-17709.pdf,official_scope_expanded_on_valid_2018_hts_universe
us_301_list2_2018,Section 301 List 2,340399,2018-08-23,us_301_list2_2018:3403.99.00=3403.99.00,1,,https://ustr.gov/sites/default/files/enforcement/301Investigations/2018-17709.pdf,official_scope_expanded_on_valid_2018_hts_universe
us_301_list2_2018,Section 301 List 2,381121,2018-08-23,us_301_list2_2018:3811.21.00=3811.21.00,1,,https://ustr.gov/sites/default/files/enforcement/301Investigations/2018-17709.pdf,official_scope_expanded_on_valid_2018_hts_universe
us_301_list2_2018,Section 301 List 2,381129,2018-08-23,us_301_list2_2018:3811.29.00=3811.29.00,1,,https://ustr.gov/sites/default/files/enforcement/301Investigations/2018-17709.pdf,official_scope_expanded_on_valid_2018_hts_universe
us_301_list2_2018,Section 301 List 2,390110,2018-08-23,us_301_list2_2018:3901.10.10=3901.10.10|us_301_list2_2018:3901.10.50=3901.10.50,4,,https://ustr.gov/sites/default/files/enforcement/301Investigations/2018-17709.pdf,official_scope_expanded_on_valid_2018_hts_universe
us_301_list2_2018,Section 301 List 2,390120,2018-08-23,us_301_list2_2018:3901.20.10=3901.20.10|us_301_list2_2018:3901.20.50=3901.20.50,2,,https://ustr.gov/sites/default/files/enforcement/301Investigations/2018-17709.pdf,official_scope_expanded_on_valid_2018_hts_universe
us_301_list2_2018,Section 301 List 2,390130,2018-08-23,us_301_list2_2018:3901.30.20=3901.30.20|us_301_list2_2018:3901.30.60=3901.30.60,2,,https://ustr.gov/sites/default/files/enforcement/301Investigations/2018-17709.pdf,official_scope_expanded_on_valid_2018_hts_universe
us_301_list2_2018,Section 301 List 2,390190,2018-08-23,us_301_list2_2018:3901.90.10=3901.90.10|us_301_list2_2018:3901.90.55=3901.90.55|us_301_list2_2018:3901.90.90=3901.90.90,3,,https://ustr.gov/sites/default/files/enforcement/301Investigations/2018-17709.pdf,official_scope_expanded_on_valid_2018_hts_universe
us_301_list2_2018,Section 301 List 2,390210,2018-08-23,us_301_list2_2018:3902.10.00=3902.10.00,1,,https://ustr.gov/sites/default/files/enforcement/301Investigations/2018-17709.pdf,official_scope_expanded_on_valid_2018_hts_universe
us_301_list2_2018,Section 301 List 2,390220,2018-08-23,us_301_list2_2018:3902.20.10=3902.20.10|us_301_list2_2018:3902.20.50=3902.20.50,2,,https://ustr.gov/sites/default/files/enforcement/301Investigations/2018-17709.pdf,official_scope_expanded_on_valid_2018_hts_universe
us_301_list2_2018,Section 301 List 2,390230,2018-08-23,us_301_list2_2018:3902.30.00=3902.30.00,1,,https://ustr.gov/sites/default/files/enforcement/301Investigations/2018-17709.pdf,official_scope_expanded_on_valid_2018_hts_universe
us_301_list2_2018,Section 301 List 2,390290,2018-08-23,us_301_list2_2018:3902.90.00=3902.90.00,2,,https://ustr.gov/sites/default/files/enforcement/301Investigations/2018-17709.pdf,official_scope_expanded_on_valid_2018_hts_universe
us_301_list2_2018,Section 301 List 2,390311,2018-08-23,us_301_list2_2018:3903.11.00=3903.11.00,1,,https://ustr.gov/sites/default/files/enforcement/301Investigations/2018-17709.pdf,official_scope_expanded_on_valid_2018_hts_universe
us_301_list2_2018,Section 301 List 2,390319,2018-08-23,us_301_list2_2018:3903.19.00=3903.19.00,1,,https://ustr.gov/sites/default/files/enforcement/301Investigations/2018-17709.pdf,official_scope_expanded_on_valid_2018_hts_universe
us_301_list2_2018,Section 301 List 2,390320,2018-08-23,us_301_list2_2018:3903.20.00=3903.20.00,1,,https://ustr.gov/sites/default/files/enforcement/301Investigations/2018-17709.pdf,official_scope_expanded_on_valid_2018_hts_universe
us_301_list2_2018,Section 301 List 2,390330,2018-08-23,us_301_list2_2018:3903.30.00=3903.30.00,1,,https://ustr.gov/sites/default/files/enforcement/301Investigations/2018-17709.pdf,official_scope_expanded_on_valid_2018_hts_universe
us_301_list2_2018,Section 301 List 2,390390,2018-08-23,us_301_list2_2018:3903.90.10=3903.90.10|us_301_list2_2018:3903.90.50=3903.90.50,2,,https://ustr.gov/sites/default/files/enforcement/301Investigations/2018-17709.pdf,official_scope_expanded_on_valid_2018_hts_universe
us_301_list2_2018,Section 301 List 2,390410,2018-08-23,us_301_list2_2018:3904.10.00=3904.10.00,1,,https://ustr.gov/sites/default/files/enforcement/301Investigations/2018-17709.pdf,official_scope_expanded_on_valid_2018_hts_universe
us_301_list2_2018,Section 301 List 2,390421,2018-08-23,us_301_list2_2018:3904.21.00=3904.21.00,1,,https://ustr.gov/sites/default/files/enforcement/301Investigations/2018-17709.pdf,official_scope_expanded_on_valid_2018_hts_universe
us_301_list2_2018,Section 301 List 2,390422,2018-08-23,us_301_list2_2018:3904.22.00=3904.22.00,1,,https://ustr.gov/sites/default/files/enforcement/301Investigations/2018-17709.pdf,official_scope_expanded_on_valid_2018_hts_universe
us_301_list2_2018,Section 301 List 2,390430,2018-08-23,us_301_list2_2018:3904.30.20=3904.30.20|us_301_list2_2018:3904.30.60=3904.30.60,2,,https://ustr.gov/sites/default/files/enforcement/301Investigations/2018-17709.pdf,official_scope_expanded_on_valid_2018_hts_universe
us_301_list2_2018,Section 301 List 2,390440,2018-08-23,us_301_list2_2018:3904.40.00=3904.40.00,1,,https://ustr.gov/sites/default/files/enforcement/301Investigations/2018-17709.pdf,official_scope_expanded_on_valid_2018_hts_universe
us_301_list2_2018,Section 301 List 2,390450,2018-08-23,us_301_list2_2018:3904.50.00=3904.50.00,1,,https://ustr.gov/sites/default/files/enforcement/301Investigations/2018-17709.pdf,official_scope_expanded_on_valid_2018_hts_universe
us_301_list2_2018,Section 301 List 2,390461,2018-08-23,us_301_list2_2018:3904.61.00=3904.61.00,2,,https://ustr.gov/sites/default/files/enforcement/301Investigations/2018-17709.pdf,official_scope_expanded_on_valid_2018_hts_universe
us_301_list2_2018,Section 301 List 2,390469,2018-08-23,us_301_list2_2018:3904.69.10=3904.69.10|us_301_list2_2018:3904.69.50=3904.69.50,2,,https://ustr.gov/sites/default/files/enforcement/301Investigations/2018-17709.pdf,official_scope_expanded_on_valid_2018_hts_universe
us_301_list2_2018,Section 301 List 2,390490,2018-08-23,us_301_list2_2018:3904.90.10=3904.90.10|us_301_list2_2018:3904.90.50=3904.90.50,2,,https://ustr.gov/sites/default/files/enforcement/301Investigations/2018-17709.pdf,official_scope_expanded_on_valid_2018_hts_universe
us_301_list2_2018,Section 301 List 2,390512,2018-08-23,us_301_list2_2018:3905.12.00=3905.12.00,1,,https://ustr.gov/sites/default/files/enforcement/301Investigations/2018-17709.pdf,official_scope_expanded_on_valid_2018_hts_universe
us_301_list2_2018,Section 301 List 2,390519,2018-08-23,us_301_list2_2018:3905.19.00=3905.19.00,1,,https://ustr.gov/sites/default/files/enforcement/301Investigations/2018-17709.pdf,official_scope_expanded_on_valid_2018_hts_universe
us_301_list2_2018,Section 301 List 2,390521,2018-08-23,us_301_list2_2018:3905.21.00=3905.21.00,1,,https://ustr.gov/sites/default/files/enforcement/301Investigations/2018-17709.pdf,official_scope_expanded_on_valid_2018_hts_universe
us_301_list2_2018,Section 301 List 2,390529,2018-08-23,us_301_list2_2018:3905.29.00=3905.29.00,1,,https://ustr.gov/sites/default/files/enforcement/301Investigations/2018-17709.pdf,official_scope_expanded_on_valid_2018_hts_universe
us_301_list2_2018,Section 301 List 2,390530,2018-08-23,us_301_list2_2018:3905.30.00=3905.30.00,1,,https://ustr.gov/sites/default/files/enforcement/301Investigations/2018-17709.pdf,official_scope_expanded_on_valid_2018_hts_universe
us_301_list2_2018,Section 301 List 2,390591,2018-08-23,us_301_list2_2018:3905.91.10=3905.91.10|us_301_list2_2018:3905.91.50=3905.91.50,2,,https://ustr.gov/sites/default/files/enforcement/301Investigations/2018-17709.pdf,official_scope_expanded_on_valid_2018_hts_universe
us_301_list2_2018,Section 301 List 2,390599,2018-08-23,us_301_list2_2018:3905.99.80=3905.99.80,1,,https://ustr.gov/sites/default/files/enforcement/301Investigations/2018-17709.pdf,official_scope_expanded_on_valid_2018_hts_universe
us_301_list2_2018,Section 301 List 2,390610,2018-08-23,us_301_list2_2018:3906.10.00=3906.10.00,1,,https://ustr.gov/sites/default/files/enforcement/301Investigations/2018-17709.pdf,official_scope_expanded_on_valid_2018_hts_universe
us_301_list2_2018,Section 301 List 2,390690,2018-08-23,us_301_list2_2018:3906.90.10=3906.90.10|us_301_list2_2018:3906.90.20=3906.90.20|us_301_list2_2018:3906.90.50=3906.90.50,3,,https://ustr.gov/sites/default/files/enforcement/301Investigations/2018-17709.pdf,official_scope_expanded_on_valid_2018_hts_universe
us_301_list2_2018,Section 301 List 2,390710,2018-08-23,us_301_list2_2018:3907.10.00=3907.10.00,1,,https://ustr.gov/sites/default/files/enforcement/301Investigations/2018-17709.pdf,official_scope_expanded_on_valid_2018_hts_universe
us_301_list2_2018,Section 301 List 2,390720,2018-08-23,us_301_list2_2018:3907.20.00=3907.20.00,1,,https://ustr.gov/sites/default/files/enforcement/301Investigations/2018-17709.pdf,official_scope_expanded_on_valid_2018_hts_universe
us_301_list2_2018,Section 301 List 2,390730,2018-08-23,us_301_list2_2018:3907.30.00=3907.30.00,1,,https://ustr.gov/sites/default/files/enforcement/301Investigations/2018-17709.pdf,official_scope_expanded_on_valid_2018_hts_universe
us_301_list2_2018,Section 301 List 2,390740,2018-08-23,us_301_list2_2018:3907.40.00=3907.40.00,1,,https://ustr.gov/sites/default/files/enforcement/301Investigations/2018-17709.pdf,official_scope_expanded_on_valid_2018_hts_universe
us_301_list2_2018,Section 301 List 2,390750,2018-08-23,us_301_list2_2018:3907.50.00=3907.50.00,1,,https://ustr.gov/sites/default/files/enforcement/301Investigations/2018-17709.pdf,official_scope_expanded_on_valid_2018_hts_universe
us_301_list2_2018,Section 301 List 2,390761,2018-08-23,us_301_list2_2018:3907.61.00=3907.61.00,3,,https://ustr.gov/sites/default/files/enforcement/301Investigations/2018-17709.pdf,official_scope_expanded_on_valid_2018_hts_universe
us_301_list2_2018,Section 301 List 2,390769,2018-08-23,us_301_list2_2018:3907.69.00=3907.69.00,3,,https://ustr.gov/sites/default/files/enforcement/301Investigations/2018-17709.pdf,official_scope_expanded_on_valid_2018_hts_universe
us_301_list2_2018,Section 301 List 2,390770,2018-08-23,us_301_list2_2018:3907.70.00=3907.70.00,1,,https://ustr.gov/sites/default/files/enforcement/301Investigations/2018-17709.pdf,official_scope_expanded_on_valid_2018_hts_universe
us_301_list2_2018,Section 301 List 2,390791,2018-08-23,us_301_list2_2018:3907.91.20=3907.91.20|us_301_list2_2018:3907.91.40=3907.91.40|us_301_list2_2018:3907.91.50=3907.91.50,3,,https://ustr.gov/sites/default/files/enforcement/301Investigations/2018-17709.pdf,official_scope_expanded_on_valid_2018_hts_universe
us_301_list2_2018,Section 301 List 2,390799,2018-08-23,us_301_list2_2018:3907.99.20=3907.99.20|us_301_list2_2018:3907.99.50=3907.99.50,3,,https://ustr.gov/sites/default/files/enforcement/301Investigations/2018-17709.pdf,official_scope_expanded_on_valid_2018_hts_universe
us_301_list2_2018,Section 301 List 2,390810,2018-08-23,us_301_list2_2018:3908.10.00=3908.10.00,1,,https://ustr.gov/sites/default/files/enforcement/301Investigations/2018-17709.pdf,official_scope_expanded_on_valid_2018_hts_universe
us_301_list2_2018,Section 301 List 2,390890,2018-08-23,us_301_list2_2018:3908.90.20=3908.90.20|us_301_list2_2018:3908.90.70=3908.90.70,2,,https://ustr.gov/sites/default/files/enforcement/301Investigations/2018-17709.pdf,official_scope_expanded_on_valid_2018_hts_universe
us_301_list2_2018,Section 301 List 2,390910,2018-08-23,us_301_list2_2018:3909.10.00=3909.10.00,1,,https://ustr.gov/sites/default/files/enforcement/301Investigations/2018-17709.pdf,official_scope_expanded_on_valid_2018_hts_universe
us_301_list2_2018,Section 301 List 2,390920,2018-08-23,us_301_list2_2018:3909.20.00=3909.20.00,1,,https://ustr.gov/sites/default/files/enforcement/301Investigations/2018-17709.pdf,official_scope_expanded_on_valid_2018_hts_universe
us_301_list2_2018,Section 301 List 2,390940,2018-08-23,us_301_list2_2018:3909.40.00=3909.40.00,1,,https://ustr.gov/sites/default/files/enforcement/301Investigations/2018-17709.pdf,official_scope_expanded_on_valid_2018_hts_universe
us_301_list2_2018,Section 301 List 2,390950,2018-08-23,us_301_list2_2018:3909.50.10=3909.50.10|us_301_list2_2018:3909.50.20=3909.50.20|us_301_list2_2018:3909.50.50=3909.50.50,3,,https://ustr.gov/sites/default/files/enforcement/301Investigations/2018-17709.pdf,official_scope_expanded_on_valid_2018_hts_universe
us_301_list2_2018,Section 301 List 2,391000,2018-08-23,us_301_list2_2018:3910.00.00=3910.00.00,1,,https://ustr.gov/sites/default/files/enforcement/301Investigations/2018-17709.pdf,official_scope_expanded_on_valid_2018_hts_universe
us_301_list2_2018,Section 301 List 2,391110,2018-08-23,us_301_list2_2018:3911.10.00=3911.10.00,1,,https://ustr.gov/sites/default/files/enforcement/301Investigations/2018-17709.pdf,official_scope_expanded_on_valid_2018_hts_universe
us_301_list2_2018,Section 301 List 2,391190,2018-08-23,us_301_list2_2018:3911.90.10=3911.90.10|us_301_list2_2018:3911.90.15=3911.90.15|us_301_list2_2018:3911.90.25=3911.90.25|us_301_list2_2018:3911.90.35=3911.90.35|us_301_list2_2018:3911.90.45=3911.90.45|us_301_list2_2018:3911.90.70=3911.90.70|us_301_list2_2018:3911.90.90=3911.90.90,8,,https://ustr.gov/sites/default/files/enforcement/301Investigations/2018-17709.pdf,official_scope_expanded_on_valid_2018_hts_universe
us_301_list2_2018,Section 301 List 2,391212,2018-08-23,us_301_list2_2018:3912.12.00=3912.12.00,1,,https://ustr.gov/sites/default/files/enforcement/301Investigations/2018-17709.pdf,official_scope_expanded_on_valid_2018_hts_universe
us_301_list2_2018,Section 301 List 2,391220,2018-08-23,us_301_list2_2018:3912.20.00=3912.20.00,1,,https://ustr.gov/sites/default/files/enforcement/301Investigations/2018-17709.pdf,official_scope_expanded_on_valid_2018_hts_universe
us_301_list2_2018,Section 301 List 2,391239,2018-08-23,us_301_list2_2018:3912.39.00=3912.39.00,1,,https://ustr.gov/sites/default/files/enforcement/301Investigations/2018-17709.pdf,official_scope_expanded_on_valid_2018_hts_universe
us_301_list2_2018,Section 301 List 2,391290,2018-08-23,us_301_list2_2018:3912.90.00=3912.90.00,2,,https://ustr.gov/sites/default/files/enforcement/301Investigations/2018-17709.pdf,official_scope_expanded_on_valid_2018_hts_universe
us_301_list2_2018,Section 301 List 2,391390,2018-08-23,us_301_list2_2018:3913.90.10=3913.90.10|us_301_list2_2018:3913.90.50=3913.90.50,2,,https://ustr.gov/sites/default/files/enforcement/301Investigations/2018-17709.pdf,official_scope_expanded_on_valid_2018_hts_universe
us_301_list2_2018,Section 301 List 2,391400,2018-08-23,us_301_list2_2018:3914.00.20=3914.00.20|us_301_list2_2018:3914.00.60=3914.00.60,2,,https://ustr.gov/sites/default/files/enforcement/301Investigations/2018-17709.pdf,official_scope_expanded_on_valid_2018_hts_universe
us_301_list2_2018,Section 301 List 2,391610,2018-08-23,us_301_list2_2018:3916.10.00=3916.10.00,1,,https://ustr.gov/sites/default/files/enforcement/301Investigations/2018-17709.pdf,official_scope_expanded_on_valid_2018_hts_universe
us_301_list2_2018,Section 301 List 2,391620,2018-08-23,us_301_list2_2018:3916.20.00=3916.20.00,3,,https://ustr.gov/sites/default/files/enforcement/301Investigations/2018-17709.pdf,official_scope_expanded_on_valid_2018_hts_universe
us_301_list2_2018,Section 301 List 2,391690,2018-08-23,us_301_list2_2018:3916.90.10=3916.90.10|us_301_list2_2018:3916.90.30=3916.90.30|us_301_list2_2018:3916.90.50=3916.90.50,3,,https://ustr.gov/sites/default/files/enforcement/301Investigations/2018-17709.pdf,official_scope_expanded_on_valid_2018_hts_universe
us_301_list2_2018,Section 301 List 2,391721,2018-08-23,us_301_list2_2018:3917.21.00=3917.21.00,1,,https://ustr.gov/sites/default/files/enforcement/301Investigations/2018-17709.pdf,official_scope_expanded_on_valid_2018_hts_universe
us_301_list2_2018,Section 301 List 2,391722,2018-08-23,us_301_list2_2018:3917.22.00=3917.22.00,1,,https://ustr.gov/sites/default/files/enforcement/301Investigations/2018-17709.pdf,official_scope_expanded_on_valid_2018_hts_universe
us_301_list2_2018,Section 301 List 2,391723,2018-08-23,us_301_list2_2018:3917.23.00=3917.23.00,1,,https://ustr.gov/sites/default/files/enforcement/301Investigations/2018-17709.pdf,official_scope_expanded_on_valid_2018_hts_universe
us_301_list2_2018,Section 301 List 2,391729,2018-08-23,us_301_list2_2018:3917.29.00=3917.29.00,2,,https://ustr.gov/sites/default/files/enforcement/301Investigations/2018-17709.pdf,official_scope_expanded_on_valid_2018_hts_universe
us_301_list2_2018,Section 301 List 2,391731,2018-08-23,us_301_list2_2018:3917.31.00=3917.31.00,1,,https://ustr.gov/sites/default/files/enforcement/301Investigations/2018-17709.pdf,official_scope_expanded_on_valid_2018_hts_universe
us_301_list2_2018,Section 301 List 2,391732,2018-08-23,us_301_list2_2018:3917.32.00=3917.32.00,3,,https://ustr.gov/sites/default/files/enforcement/301Investigations/2018-17709.pdf,official_scope_expanded_on_valid_2018_hts_universe
us_301_list2_2018,Section 301 List 2,391740,2018-08-23,us_301_list2_2018:3917.40.00=3917.40.00,2,,https://ustr.gov/sites/default/files/enforcement/301Investigations/2018-17709.pdf,official_scope_expanded_on_valid_2018_hts_universe
us_301_list2_2018,Section 301 List 2,391910,2018-08-23,us_301_list2_2018:3919.10.10=3919.10.10|us_301_list2_2018:3919.10.20=3919.10.20,7,,https://ustr.gov/sites/default/files/enforcement/301Investigations/2018-17709.pdf,official_scope_expanded_on_valid_2018_hts_universe
us_301_list2_2018,Section 301 List 2,391990,2018-08-23,us_301_list2_2018:3919.90.10=3919.90.10|us_301_list2_2018:3919.90.50=3919.90.50,6,,https://ustr.gov/sites/default/files/enforcement/301Investigations/2018-17709.pdf,official_scope_expanded_on_valid_2018_hts_universe
us_301_list2_2018,Section 301 List 2,392010,2018-08-23,us_301_list2_2018:3920.10.00=3920.10.00,1,,https://ustr.gov/sites/default/files/enforcement/301Investigations/2018-17709.pdf,official_scope_expanded_on_valid_2018_hts_universe
us_301_list2_2018,Section 301 List 2,392020,2018-08-23,us_301_list2_2018:3920.20.00=3920.20.00,3,,https://ustr.gov/sites/default/files/enforcement/301Investigations/2018-17709.pdf,official_scope_expanded_on_valid_2018_hts_universe
us_301_list2_2018,Section 301 List 2,392030,2018-08-23,us_301_list2_2018:3920.30.00=3920.30.00,1,,https://ustr.gov/sites/default/files/enforcement/301Investigations/2018-17709.pdf,official_scope_expanded_on_valid_2018_hts_universe
us_301_list2_2018,Section 301 List 2,392043,2018-08-23,us_301_list2_2018:3920.43.10=3920.43.10|us_301_list2_2018:3920.43.50=3920.43.50,2,,https://ustr.gov/sites/default/files/enforcement/301Investigations/2018-17709.pdf,official_scope_expanded_on_valid_2018_hts_universe
us_301_list2_2018,Section 301 List 2,392049,2018-08-23,us_301_list2_2018:3920.49.00=3920.49.00,1,,https://ustr.gov/sites/default/files/enforcement/301Investigations/2018-17709.pdf,official_scope_expanded_on_valid_2018_hts_universe
us_301_list2_2018,Section 301 List 2,392051,2018-08-23,us_301_list2_2018:3920.51.10=3920.51.10|us_301_list2_2018:3920.51.50=3920.51.50,2,,https://ustr.gov/sites/default/files/enforcement/301Investigations/2018-17709.pdf,official_scope_expanded_on_valid_2018_hts_universe
us_301_list2_2018,Section 301 List 2,392059,2018-08-23,us_301_list2_2018:3920.59.10=3920.59.10|us_301_list2_2018:3920.59.40=3920.59.40|us_301_list2_2018:3920.59.80=3920.59.80,3,,https://ustr.gov/sites/default/files/enforcement/301Investigations/2018-17709.pdf,official_scope_expanded_on_valid_2018_hts_universe
us_301_list2_2018,Section 301 List 2,392061,2018-08-23,us_301_list2_2018:3920.61.00=3920.61.00,1,,https://ustr.gov/sites/default/files/enforcement/301Investigations/2018-17709.pdf,official_scope_expanded_on_valid_2018_hts_universe
us_301_list2_2018,Section 301 List 2,392062,2018-08-23,us_301_list2_2018:3920.62.00=3920.62.00,3,,https://ustr.gov/sites/default/files/enforcement/301Investigations/2018-17709.pdf,official_scope_expanded_on_valid_2018_hts_universe
us_301_list2_2018,Section 301 List 2,392063,2018-08-23,us_301_list2_2018:3920.63.10=3920.63.10|us_301_list2_2018:3920.63.20=3920.63.20,2,,https://ustr.gov/sites/default/files/enforcement/301Investigations/2018-17709.pdf,official_scope_expanded_on_valid_2018_hts_universe
us_301_list2_2018,Section 301 List 2,392069,2018-08-23,us_301_list2_2018:3920.69.00=3920.69.00,1,,https://ustr.gov/sites/default/files/enforcement/301Investigations/2018-17709.pdf,official_scope_expanded_on_valid_2018_hts_universe
us_301_list2_2018,Section 301 List 2,392071,2018-08-23,us_301_list2_2018:3920.71.00=3920.71.00,1,,https://ustr.gov/sites/default/files/enforcement/301Investigations/2018-17709.pdf,official_scope_expanded_on_valid_2018_hts_universe
us_301_list2_2018,Section 301 List 2,392073,2018-08-23,us_301_list2_2018:3920.73.00=3920.73.00,1,,https://ustr.gov/sites/default/files/enforcement/301Investigations/2018-17709.pdf,official_scope_expanded_on_valid_2018_hts_universe
us_301_list2_2018,Section 301 List 2,392079,2018-08-23,us_301_list2_2018:3920.79.05=3920.79.05|us_301_list2_2018:3920.79.10=3920.79.10|us_301_list2_2018:3920.79.50=3920.79.50,3,,https://ustr.gov/sites/default/files/enforcement/301Investigations/2018-17709.pdf,official_scope_expanded_on_valid_2018_hts_universe
us_301_list2_2018,Section 301 List 2,392091,2018-08-23,us_301_list2_2018:3920.91.00=3920.91.00,1,,https://ustr.gov/sites/default/files/enforcement/301Investigations/2018-17709.pdf,official_scope_expanded_on_valid_2018_hts_universe
us_301_list2_2018,Section 301 List 2,392092,2018-08-23,us_301_list2_2018:3920.92.00=3920.92.00,1,,https://ustr.gov/sites/default/files/enforcement/301Investigations/2018-17709.pdf,official_scope_expanded_on_valid_2018_hts_universe
us_301_list2_2018,Section 301 List 2,392093,2018-08-23,us_301_list2_2018:3920.93.00=3920.93.00,1,,https://ustr.gov/sites/default/files/enforcement/301Investigations/2018-17709.pdf,official_scope_expanded_on_valid_2018_hts_universe
us_301_list2_2018,Section 301 List 2,392094,2018-08-23,us_301_list2_2018:3920.94.00=3920.94.00,1,,https://ustr.gov/sites/default/files/enforcement/301Investigations/2018-17709.pdf,official_scope_expanded_on_valid_2018_hts_universe
us_301_list2_2018,Section 301 List 2,392099,2018-08-23,us_301_list2_2018:3920.99.10=3920.99.10|us_301_list2_2018:3920.99.20=3920.99.20|us_301_list2_2018:3920.99.50=3920.99.50,3,,https://ustr.gov/sites/default/files/enforcement/301Investigations/2018-17709.pdf,official_scope_expanded_on_valid_2018_hts_universe
us_301_list2_2018,Section 301 List 2,392111,2018-08-23,us_301_list2_2018:3921.11.00=3921.11.00,1,,https://ustr.gov/sites/default/files/enforcement/301Investigations/2018-17709.pdf,official_scope_expanded_on_valid_2018_hts_universe
us_301_list2_2018,Section 301 List 2,392112,2018-08-23,us_301_list2_2018:3921.12.11=3921.12.11|us_301_list2_2018:3921.12.15=3921.12.15|us_301_list2_2018:3921.12.19=3921.12.19|us_301_list2_2018:3921.12.50=3921.12.50,5,,https://ustr.gov/sites/default/files/enforcement/301Investigations/2018-17709.pdf,official_scope_expanded_on_valid_2018_hts_universe
us_301_list2_2018,Section 301 List 2,392113,2018-08-23,us_301_list2_2018:3921.13.11=3921.13.11|us_301_list2_2018:3921.13.15=3921.13.15|us_301_list2_2018:3921.13.19=3921.13.19|us_301_list2_2018:3921.13.50=3921.13.50,5,,https://ustr.gov/sites/default/files/enforcement/301Investigations/2018-17709.pdf,official_scope_expanded_on_valid_2018_hts_universe
us_301_list2_2018,Section 301 List 2,392114,2018-08-23,us_301_list2_2018:3921.14.00=3921.14.00,1,,https://ustr.gov/sites/default/files/enforcement/301Investigations/2018-17709.pdf,official_scope_expanded_on_valid_2018_hts_universe
us_301_list2_2018,Section 301 List 2,392119,2018-08-23,us_301_list2_2018:3921.19.00=3921.19.00,1,,https://ustr.gov/sites/default/files/enforcement/301Investigations/2018-17709.pdf,official_scope_expanded_on_valid_2018_hts_universe
us_301_list2_2018,Section 301 List 2,392190,2018-08-23,us_301_list2_2018:3921.90.11=3921.90.11|us_301_list2_2018:3921.90.15=3921.90.15|us_301_list2_2018:3921.90.19=3921.90.19|us_301_list2_2018:3921.90.21=3921.90.21|us_301_list2_2018:3921.90.25=3921.90.25|us_301_list2_2018:3921.90.29=3921.90.29|us_301_list2_2018:3921.90.40=3921.90.40|us_301_list2_2018:3921.90.50=3921.90.50,12,,https://ustr.gov/sites/default/files/enforcement/301Investigations/2018-17709.pdf,official_scope_expanded_on_valid_2018_hts_universe
us_301_list2_2018,Section 301 List 2,700220,2018-08-23,us_301_list2_2018:7002.20.10=7002.20.10,1,,https://ustr.gov/sites/default/files/enforcement/301Investigations/2018-17709.pdf,official_scope_expanded_on_valid_2018_hts_universe
us_301_list2_2018,Section 301 List 2,730810,2018-08-23,us_301_list2_2018:7308.10.00=7308.10.00,1,,https://ustr.gov/sites/default/files/enforcement/301Investigations/2018-17709.pdf,official_scope_expanded_on_valid_2018_hts_universe
us_301_list2_2018,Section 301 List 2,730820,2018-08-23,us_301_list2_2018:7308.20.00=7308.20.00,2,,https://ustr.gov/sites/default/files/enforcement/301Investigations/2018-17709.pdf,official_scope_expanded_on_valid_2018_hts_universe
us_301_list2_2018,Section 301 List 2,730890,2018-08-23,us_301_list2_2018:7308.90.30=7308.90.30|us_301_list2_2018:7308.90.60=7308.90.60|us_301_list2_2018:7308.90.70=7308.90.70|us_301_list2_2018:7308.90.95=7308.90.95,6,,https://ustr.gov/sites/default/files/enforcement/301Investigations/2018-17709.pdf,official_scope_expanded_on_valid_2018_hts_universe
us_301_list2_2018,Section 301 List 2,761410,2018-08-23,us_301_list2_2018:7614.10.10=7614.10.10,1,,https://ustr.gov/sites/default/files/enforcement/301Investigations/2018-17709.pdf,official_scope_expanded_on_valid_2018_hts_universe
us_301_list2_2018,Section 301 List 2,761490,2018-08-23,us_301_list2_2018:7614.90.20=7614.90.20,1,,https://ustr.gov/sites/default/files/enforcement/301Investigations/2018-17709.pdf,official_scope_expanded_on_valid_2018_hts_universe
us_301_list2_2018,Section 301 List 2,840682,2018-08-23,us_301_list2_2018:8406.82.10=8406.82.10,4,,https://ustr.gov/sites/default/files/enforcement/301Investigations/2018-17709.pdf,official_scope_expanded_on_valid_2018_hts_universe
us_301_list2_2018,Section 301 List 2,840734,2018-08-23,us_301_list2_2018:8407.34.05=8407.34.05|us_301_list2_2018:8407.34.35=8407.34.35,6,,https://ustr.gov/sites/default/files/enforcement/301Investigations/2018-17709.pdf,official_scope_expanded_on_valid_2018_hts_universe
us_301_list2_2018,Section 301 List 2,840790,2018-08-23,us_301_list2_2018:8407.90.10=8407.90.10|us_301_list2_2018:8407.90.90=8407.90.90,9,,https://ustr.gov/sites/default/files/enforcement/301Investigations/2018-17709.pdf,official_scope_expanded_on_valid_2018_hts_universe
us_301_list2_2018,Section 301 List 2,840820,2018-08-23,us_301_list2_2018:8408.20.10=8408.20.10,2,,https://ustr.gov/sites/default/files/enforcement/301Investigations/2018-17709.pdf,official_scope_expanded_on_valid_2018_hts_universe
us_301_list2_2018,Section 301 List 2,841960,2018-08-23,us_301_list2_2018:8419.60.10=8419.60.10,1,,https://ustr.gov/sites/default/files/enforcement/301Investigations/2018-17709.pdf,official_scope_expanded_on_valid_2018_hts_universe
us_301_list2_2018,Section 301 List 2,841989,2018-08-23,us_301_list2_2018:8419.89.10=8419.89.10|us_301_list2_2018:8419.89.95=8419.89.95,6,,https://ustr.gov/sites/default/files/enforcement/301Investigations/2018-17709.pdf,official_scope_expanded_on_valid_2018_hts_universe
us_301_list2_2018,Section 301 List 2,842010,2018-08-23,us_301_list2_2018:8420.10.20=8420.10.20,1,,https://ustr.gov/sites/default/files/enforcement/301Investigations/2018-17709.pdf,official_scope_expanded_on_valid_2018_hts_universe
us_301_list2_2018,Section 301 List 2,842099,2018-08-23,us_301_list2_2018:8420.99.10=8420.99.10,1,,https://ustr.gov/sites/default/files/enforcement/301Investigations/2018-17709.pdf,official_scope_expanded_on_valid_2018_hts_universe
us_301_list2_2018,Section 301 List 2,842482,2018-08-23,us_301_list2_2018:8424.82.00=8424.82.00,3,,https://ustr.gov/sites/default/files/enforcement/301Investigations/2018-17709.pdf,official_scope_expanded_on_valid_2018_hts_universe
us_301_list2_2018,Section 301 List 2,842489,2018-08-23,us_301_list2_2018:8424.89.90=8424.89.90,1,,https://ustr.gov/sites/default/files/enforcement/301Investigations/2018-17709.pdf,official_scope_expanded_on_valid_2018_hts_universe
us_301_list2_2018,Section 301 List 2,843229,2018-08-23,us_301_list2_2018:8432.29.00=8432.29.00,4,,https://ustr.gov/sites/default/files/enforcement/301Investigations/2018-17709.pdf,official_scope_expanded_on_valid_2018_hts_universe
us_301_list2_2018,Section 301 List 2,843231,2018-08-23,us_301_list2_2018:8432.31.00=8432.31.00,2,,https://ustr.gov/sites/default/files/enforcement/301Investigations/2018-17709.pdf,official_scope_expanded_on_valid_2018_hts_universe
us_301_list2_2018,Section 301 List 2,843239,2018-08-23,us_301_list2_2018:8432.39.00=8432.39.00,2,,https://ustr.gov/sites/default/files/enforcement/301Investigations/2018-17709.pdf,official_scope_expanded_on_valid_2018_hts_universe
us_301_list2_2018,Section 301 List 2,843242,2018-08-23,us_301_list2_2018:8432.42.00=8432.42.00,1,,https://ustr.gov/sites/default/files/enforcement/301Investigations/2018-17709.pdf,official_scope_expanded_on_valid_2018_hts_universe
us_301_list2_2018,Section 301 List 2,844399,2018-08-23,us_301_list2_2018:8443.99.40=8443.99.40,1,,https://ustr.gov/sites/default/files/enforcement/301Investigations/2018-17709.pdf,official_scope_expanded_on_valid_2018_hts_universe
us_301_list2_2018,Section 301 List 2,845590,2018-08-23,us_301_list2_2018:8455.90.40=8455.90.40,1,,https://ustr.gov/sites/default/files/enforcement/301Investigations/2018-17709.pdf,official_scope_expanded_on_valid_2018_hts_universe
us_301_list2_2018,Section 301 List 2,846410,2018-08-23,us_301_list2_2018:8464.10.01=8464.10.01,1,,https://ustr.gov/sites/default/files/enforcement/301Investigations/2018-17709.pdf,official_scope_expanded_on_valid_2018_hts_universe
us_301_list2_2018,Section 301 List 2,846595,2018-08-23,us_301_list2_2018:8465.95.00=8465.95.00,9,,https://ustr.gov/sites/default/files/enforcement/301Investigations/2018-17709.pdf,official_scope_expanded_on_valid_2018_hts_universe
us_301_list2_2018,Section 301 List 2,846630,2018-08-23,us_301_list2_2018:8466.30.80=8466.30.80,1,,https://ustr.gov/sites/default/files/enforcement/301Investigations/2018-17709.pdf,official_scope_expanded_on_valid_2018_hts_universe
us_301_list2_2018,Section 301 List 2,847350,2018-08-23,us_301_list2_2018:8473.50.60=8473.50.60|us_301_list2_2018:8473.50.90=8473.50.90,2,,https://ustr.gov/sites/default/files/enforcement/301Investigations/2018-17709.pdf,official_scope_expanded_on_valid_2018_hts_universe
us_301_list2_2018,Section 301 List 2,847529,2018-08-23,us_301_list2_2018:8475.29.00=8475.29.00,1,,https://ustr.gov/sites/default/files/enforcement/301Investigations/2018-17709.pdf,official_scope_expanded_on_valid_2018_hts_universe
us_301_list2_2018,Section 301 List 2,848330,2018-08-23,us_301_list2_2018:8483.30.80=8483.30.80,6,,https://ustr.gov/sites/default/files/enforcement/301Investigations/2018-17709.pdf,official_scope_expanded_on_valid_2018_hts_universe
us_301_list2_2018,Section 301 List 2,848610,2018-08-23,us_301_list2_2018:8486.10.00=8486.10.00,1,,https://ustr.gov/sites/default/files/enforcement/301Investigations/2018-17709.pdf,official_scope_expanded_on_valid_2018_hts_universe
us_301_list2_2018,Section 301 List 2,848620,2018-08-23,us_301_list2_2018:8486.20.00=8486.20.00,1,,https://ustr.gov/sites/default/files/enforcement/301Investigations/2018-17709.pdf,official_scope_expanded_on_valid_2018_hts_universe
us_301_list2_2018,Section 301 List 2,848630,2018-08-23,us_301_list2_2018:8486.30.00=8486.30.00,1,,https://ustr.gov/sites/default/files/enforcement/301Investigations/2018-17709.pdf,official_scope_expanded_on_valid_2018_hts_universe
us_301_list2_2018,Section 301 List 2,848640,2018-08-23,us_301_list2_2018:8486.40.00=8486.40.00,3,,https://ustr.gov/sites/default/files/enforcement/301Investigations/2018-17709.pdf,official_scope_expanded_on_valid_2018_hts_universe
us_301_list2_2018,Section 301 List 2,848690,2018-08-23,us_301_list2_2018:8486.90.00=8486.90.00,1,,https://ustr.gov/sites/default/files/enforcement/301Investigations/2018-17709.pdf,official_scope_expanded_on_valid_2018_hts_universe
us_301_list2_2018,Section 301 List 2,850110,2018-08-23,us_301_list2_2018:8501.10.20=8501.10.20|us_301_list2_2018:8501.10.60=8501.10.60,5,,https://ustr.gov/sites/default/files/enforcement/301Investigations/2018-17709.pdf,official_scope_expanded_on_valid_2018_hts_universe
us_301_list2_2018,Section 301 List 2,850120,2018-08-23,us_301_list2_2018:8501.20.40=8501.20.40,1,,https://ustr.gov/sites/default/files/enforcement/301Investigations/2018-17709.pdf,official_scope_expanded_on_valid_2018_hts_universe
us_301_list2_2018,Section 301 List 2,850131,2018-08-23,us_301_list2_2018:8501.31.40=8501.31.40|us_301_list2_2018:8501.31.80=8501.31.80,4,,https://ustr.gov/sites/default/files/enforcement/301Investigations/2018-17709.pdf,official_scope_expanded_on_valid_2018_hts_universe
us_301_list2_2018,Section 301 List 2,850132,2018-08-23,us_301_list2_2018:8501.32.20=8501.32.20|us_301_list2_2018:8501.32.60=8501.32.60,4,,https://ustr.gov/sites/default/files/enforcement/301Investigations/2018-17709.pdf,official_scope_expanded_on_valid_2018_hts_universe
us_301_list2_2018,Section 301 List 2,850133,2018-08-23,us_301_list2_2018:8501.33.20=8501.33.20|us_301_list2_2018:8501.33.30=8501.33.30,3,,https://ustr.gov/sites/default/files/enforcement/301Investigations/2018-17709.pdf,official_scope_expanded_on_valid_2018_hts_universe
us_301_list2_2018,Section 301 List 2,850152,2018-08-23,us_301_list2_2018:8501.52.40=8501.52.40,1,,https://ustr.gov/sites/default/files/enforcement/301Investigations/2018-17709.pdf,official_scope_expanded_on_valid_2018_hts_universe
us_301_list2_2018,Section 301 List 2,850153,2018-08-23,us_301_list2_2018:8501.53.60=8501.53.60,1,,https://ustr.gov/sites/default/files/enforcement/301Investigations/2018-17709.pdf,official_scope_expanded_on_valid_2018_hts_universe
us_301_list2_2018,Section 301 List 2,850300,2018-08-23,us_301_list2_2018:8503.00.95=8503.00.95,4,,https://ustr.gov/sites/default/files/enforcement/301Investigations/2018-17709.pdf,official_scope_expanded_on_valid_2018_hts_universe
us_301_list2_2018,Section 301 List 2,850780,2018-08-23,us_301_list2_2018:8507.80.40=8507.80.40|us_301_list2_2018:8507.80.81=8507.80.81,2,,https://ustr.gov/sites/default/files/enforcement/301Investigations/2018-17709.pdf,official_scope_expanded_on_valid_2018_hts_universe
us_301_list2_2018,Section 301 List 2,851180,2018-08-23,us_301_list2_2018:8511.80.20=8511.80.20|us_301_list2_2018:8511.80.40=8511.80.40,2,,https://ustr.gov/sites/default/files/enforcement/301Investigations/2018-17709.pdf,official_scope_expanded_on_valid_2018_hts_universe
us_301_list2_2018,Section 301 List 2,851190,2018-08-23,us_301_list2_2018:8511.90.20=8511.90.20|us_301_list2_2018:8511.90.40=8511.90.40,2,,https://ustr.gov/sites/default/files/enforcement/301Investigations/2018-17709.pdf,official_scope_expanded_on_valid_2018_hts_universe
us_301_list2_2018,Section 301 List 2,852910,2018-08-23,us_301_list2_2018:8529.10.91=8529.10.91,1,,https://ustr.gov/sites/default/files/enforcement/301Investigations/2018-17709.pdf,official_scope_expanded_on_valid_2018_hts_universe
us_301_list2_2018,Section 301 List 2,853390,2018-08-23,us_301_list2_2018:8533.90.40=8533.90.40,1,,https://ustr.gov/sites/default/files/enforcement/301Investigations/2018-17709.pdf,official_scope_expanded_on_valid_2018_hts_universe
us_301_list2_2018,Section 301 List 2,853630,2018-08-23,us_301_list2_2018:8536.30.80=8536.30.80,1,,https://ustr.gov/sites/default/files/enforcement/301Investigations/2018-17709.pdf,official_scope_expanded_on_valid_2018_hts_universe
us_301_list2_2018,Section 301 List 2,853650,2018-08-23,us_301_list2_2018:8536.50.70=8536.50.70,1,,https://ustr.gov/sites/default/files/enforcement/301Investigations/2018-17709.pdf,official_scope_expanded_on_valid_2018_hts_universe
us_301_list2_2018,Section 301 List 2,853670,2018-08-23,us_301_list2_2018:8536.70.00=8536.70.00,1,,https://ustr.gov/sites/default/files/enforcement/301Investigations/2018-17709.pdf,official_scope_expanded_on_valid_2018_hts_universe
us_301_list2_2018,Section 301 List 2,853710,2018-08-23,us_301_list2_2018:8537.10.30=8537.10.30,1,,https://ustr.gov/sites/default/files/enforcement/301Investigations/2018-17709.pdf,official_scope_expanded_on_valid_2018_hts_universe
us_301_list2_2018,Section 301 List 2,854110,2018-08-23,us_301_list2_2018:8541.10.00=8541.10.00,5,,https://ustr.gov/sites/default/files/enforcement/301Investigations/2018-17709.pdf,official_scope_expanded_on_valid_2018_hts_universe
us_301_list2_2018,Section 301 List 2,854140,2018-08-23,us_301_list2_2018:8541.40.60=8541.40.60,8,,https://ustr.gov/sites/default/files/enforcement/301Investigations/2018-17709.pdf,official_scope_expanded_on_valid_2018_hts_universe
us_301_list2_2018,Section 301 List 2,854231,2018-08-23,us_301_list2_2018:8542.31.00=8542.31.00,1,,https://ustr.gov/sites/default/files/enforcement/301Investigations/2018-17709.pdf,official_scope_expanded_on_valid_2018_hts_universe
us_301_list2_2018,Section 301 List 2,854232,2018-08-23,us_301_list2_2018:8542.32.00=8542.32.00,9,,https://ustr.gov/sites/default/files/enforcement/301Investigations/2018-17709.pdf,official_scope_expanded_on_valid_2018_hts_universe
us_301_list2_2018,Section 301 List 2,854233,2018-08-23,us_301_list2_2018:8542.33.00=8542.33.00,1,,https://ustr.gov/sites/default/files/enforcement/301Investigations/2018-17709.pdf,official_scope_expanded_on_valid_2018_hts_universe
us_301_list2_2018,Section 301 List 2,854239,2018-08-23,us_301_list2_2018:8542.39.00=8542.39.00,1,,https://ustr.gov/sites/default/files/enforcement/301Investigations/2018-17709.pdf,official_scope_expanded_on_valid_2018_hts_universe
us_301_list2_2018,Section 301 List 2,854290,2018-08-23,us_301_list2_2018:8542.90.00=8542.90.00,1,,https://ustr.gov/sites/default/files/enforcement/301Investigations/2018-17709.pdf,official_scope_expanded_on_valid_2018_hts_universe
us_301_list2_2018,Section 301 List 2,854370,2018-08-23,us_301_list2_2018:8543.70.45=8543.70.45|us_301_list2_2018:8543.70.99=8543.70.99,6,,https://ustr.gov/sites/default/files/enforcement/301Investigations/2018-17709.pdf,official_scope_expanded_on_valid_2018_hts_universe
us_301_list2_2018,Section 301 List 2,854449,2018-08-23,us_301_list2_2018:8544.49.10=8544.49.10|us_301_list2_2018:8544.49.20=8544.49.20,2,,https://ustr.gov/sites/default/files/enforcement/301Investigations/2018-17709.pdf,official_scope_expanded_on_valid_2018_hts_universe
us_301_list2_2018,Section 301 List 2,854460,2018-08-23,us_301_list2_2018:8544.60.60=8544.60.60,1,,https://ustr.gov/sites/default/files/enforcement/301Investigations/2018-17709.pdf,official_scope_expanded_on_valid_2018_hts_universe
us_301_list2_2018,Section 301 List 2,860120,2018-08-23,us_301_list2_2018:8601.20.00=8601.20.00,1,,https://ustr.gov/sites/default/files/enforcement/301Investigations/2018-17709.pdf,official_scope_expanded_on_valid_2018_hts_universe
us_301_list2_2018,Section 301 List 2,860210,2018-08-23,us_301_list2_2018:8602.10.00=8602.10.00,1,,https://ustr.gov/sites/default/files/enforcement/301Investigations/2018-17709.pdf,official_scope_expanded_on_valid_2018_hts_universe
us_301_list2_2018,Section 301 List 2,860500,2018-08-23,us_301_list2_2018:8605.00.00=8605.00.00,1,,https://ustr.gov/sites/default/files/enforcement/301Investigations/2018-17709.pdf,official_scope_expanded_on_valid_2018_hts_universe
us_301_list2_2018,Section 301 List 2,860610,2018-08-23,us_301_list2_2018:8606.10.00=8606.10.00,1,,https://ustr.gov/sites/default/files/enforcement/301Investigations/2018-17709.pdf,official_scope_expanded_on_valid_2018_hts_universe
us_301_list2_2018,Section 301 List 2,860630,2018-08-23,us_301_list2_2018:8606.30.00=8606.30.00,1,,https://ustr.gov/sites/default/files/enforcement/301Investigations/2018-17709.pdf,official_scope_expanded_on_valid_2018_hts_universe
us_301_list2_2018,Section 301 List 2,860691,2018-08-23,us_301_list2_2018:8606.91.00=8606.91.00,1,,https://ustr.gov/sites/default/files/enforcement/301Investigations/2018-17709.pdf,official_scope_expanded_on_valid_2018_hts_universe
us_301_list2_2018,Section 301 List 2,860692,2018-08-23,us_301_list2_2018:8606.92.00=8606.92.00,1,,https://ustr.gov/sites/default/files/enforcement/301Investigations/2018-17709.pdf,official_scope_expanded_on_valid_2018_hts_universe
us_301_list2_2018,Section 301 List 2,860699,2018-08-23,us_301_list2_2018:8606.99.01=8606.99.01,2,,https://ustr.gov/sites/default/files/enforcement/301Investigations/2018-17709.pdf,official_scope_expanded_on_valid_2018_hts_universe
us_301_list2_2018,Section 301 List 2,860711,2018-08-23,us_301_list2_2018:8607.11.00=8607.11.00,1,,https://ustr.gov/sites/default/files/enforcement/301Investigations/2018-17709.pdf,official_scope_expanded_on_valid_2018_hts_universe
us_301_list2_2018,Section 301 List 2,860719,2018-08-23,us_301_list2_2018:8607.19.03=8607.19.03|us_301_list2_2018:8607.19.30=8607.19.30,4,,https://ustr.gov/sites/default/files/enforcement/301Investigations/2018-17709.pdf,official_scope_expanded_on_valid_2018_hts_universe
us_301_list2_2018,Section 301 List 2,860730,2018-08-23,us_301_list2_2018:8607.30.10=8607.30.10|us_301_list2_2018:8607.30.50=8607.30.50,2,,https://ustr.gov/sites/default/files/enforcement/301Investigations/2018-17709.pdf,official_scope_expanded_on_valid_2018_hts_universe
us_301_list2_2018,Section 301 List 2,870120,2018-08-23,us_301_list2_2018:8701.20.00=8701.20.00,3,,https://ustr.gov/sites/default/files/enforcement/301Investigations/2018-17709.pdf,official_scope_expanded_on_valid_2018_hts_universe
us_301_list2_2018,Section 301 List 2,870130,2018-08-23,us_301_list2_2018:8701.30.50=8701.30.50,6,,https://ustr.gov/sites/default/files/enforcement/301Investigations/2018-17709.pdf,official_scope_expanded_on_valid_2018_hts_universe
us_301_list2_2018,Section 301 List 2,870191,2018-08-23,us_301_list2_2018:8701.91.10=8701.91.10|us_301_list2_2018:8701.91.50=8701.91.50,2,,https://ustr.gov/sites/default/files/enforcement/301Investigations/2018-17709.pdf,official_scope_expanded_on_valid_2018_hts_universe
us_301_list2_2018,Section 301 List 2,870192,2018-08-23,us_301_list2_2018:8701.92.10=8701.92.10|us_301_list2_2018:8701.92.50=8701.92.50,2,,https://ustr.gov/sites/default/files/enforcement/301Investigations/2018-17709.pdf,official_scope_expanded_on_valid_2018_hts_universe
us_301_list2_2018,Section 301 List 2,870193,2018-08-23,us_301_list2_2018:8701.93.10=8701.93.10|us_301_list2_2018:8701.93.50=8701.93.50,2,,https://ustr.gov/sites/default/files/enforcement/301Investigations/2018-17709.pdf,official_scope_expanded_on_valid_2018_hts_universe
us_301_list2_2018,Section 301 List 2,870194,2018-08-23,us_301_list2_2018:8701.94.10=8701.94.10|us_301_list2_2018:8701.94.50=8701.94.50,2,,https://ustr.gov/sites/default/files/enforcement/301Investigations/2018-17709.pdf,official_scope_expanded_on_valid_2018_hts_universe
us_301_list2_2018,Section 301 List 2,870195,2018-08-23,us_301_list2_2018:8701.95.10=8701.95.10|us_301_list2_2018:8701.95.50=8701.95.50,2,,https://ustr.gov/sites/default/files/enforcement/301Investigations/2018-17709.pdf,official_scope_expanded_on_valid_2018_hts_universe
us_301_list2_2018,Section 301 List 2,870490,2018-08-23,us_301_list2_2018:8704.90.00=8704.90.00,1,,https://ustr.gov/sites/default/files/enforcement/301Investigations/2018-17709.pdf,official_scope_expanded_on_valid_2018_hts_universe
us_301_list2_2018,Section 301 List 2,870510,2018-08-23,us_301_list2_2018:8705.10.00=8705.10.00,2,,https://ustr.gov/sites/default/files/enforcement/301Investigations/2018-17709.pdf,official_scope_expanded_on_valid_2018_hts_universe
us_301_list2_2018,Section 301 List 2,870520,2018-08-23,us_301_list2_2018:8705.20.00=8705.20.00,1,,https://ustr.gov/sites/default/files/enforcement/301Investigations/2018-17709.pdf,official_scope_expanded_on_valid_2018_hts_universe
us_301_list2_2018,Section 301 List 2,870590,2018-08-23,us_301_list2_2018:8705.90.00=8705.90.00,1,,https://ustr.gov/sites/default/files/enforcement/301Investigations/2018-17709.pdf,official_scope_expanded_on_valid_2018_hts_universe
us_301_list2_2018,Section 301 List 2,871110,2018-08-23,us_301_list2_2018:8711.10.00=8711.10.00,1,,https://ustr.gov/sites/default/files/enforcement/301Investigations/2018-17709.pdf,official_scope_expanded_on_valid_2018_hts_universe
us_301_list2_2018,Section 301 List 2,871160,2018-08-23,us_301_list2_2018:8711.60.00=8711.60.00,1,,https://ustr.gov/sites/default/files/enforcement/301Investigations/2018-17709.pdf,official_scope_expanded_on_valid_2018_hts_universe
us_301_list2_2018,Section 301 List 2,871190,2018-08-23,us_301_list2_2018:8711.90.01=8711.90.01,1,,https://ustr.gov/sites/default/files/enforcement/301Investigations/2018-17709.pdf,official_scope_expanded_on_valid_2018_hts_universe
us_301_list2_2018,Section 301 List 2,890130,2018-08-23,us_301_list2_2018:8901.30.00=8901.30.00,1,,https://ustr.gov/sites/default/files/enforcement/301Investigations/2018-17709.pdf,official_scope_expanded_on_valid_2018_hts_universe
us_301_list2_2018,Section 301 List 2,900110,2018-08-23,us_301_list2_2018:9001.10.00=9001.10.00,5,,https://ustr.gov/sites/default/files/enforcement/301Investigations/2018-17709.pdf,official_scope_expanded_on_valid_2018_hts_universe
us_301_list2_2018,Section 301 List 2,900120,2018-08-23,us_301_list2_2018:9001.20.00=9001.20.00,1,,https://ustr.gov/sites/default/files/enforcement/301Investigations/2018-17709.pdf,official_scope_expanded_on_valid_2018_hts_universe
us_301_list2_2018,Section 301 List 2,901410,2018-08-23,us_301_list2_2018:9014.10.90=9014.10.90,1,,https://ustr.gov/sites/default/files/enforcement/301Investigations/2018-17709.pdf,official_scope_expanded_on_valid_2018_hts_universe
us_301_list2_2018,Section 301 List 2,902519,2018-08-23,us_301_list2_2018:9025.19.40=9025.19.40|us_301_list2_2018:9025.19.80=9025.19.80,3,,https://ustr.gov/sites/default/files/enforcement/301Investigations/2018-17709.pdf,official_scope_expanded_on_valid_2018_hts_universe
us_301_list2_2018,Section 301 List 2,902580,2018-08-23,us_301_list2_2018:9025.80.10=9025.80.10,1,,https://ustr.gov/sites/default/files/enforcement/301Investigations/2018-17709.pdf,official_scope_expanded_on_valid_2018_hts_universe
us_301_list2_2018,Section 301 List 2,902710,2018-08-23,us_301_list2_2018:9027.10.20=9027.10.20,1,,https://ustr.gov/sites/default/files/enforcement/301Investigations/2018-17709.pdf,official_scope_expanded_on_valid_2018_hts_universe
us_301_list2_2018,Section 301 List 2,902810,2018-08-23,us_301_list2_2018:9028.10.00=9028.10.00,1,,https://ustr.gov/sites/default/files/enforcement/301Investigations/2018-17709.pdf,official_scope_expanded_on_valid_2018_hts_universe
us_301_list2_2018,Section 301 List 2,902820,2018-08-23,us_301_list2_2018:9028.20.00=9028.20.00,1,,https://ustr.gov/sites/default/files/enforcement/301Investigations/2018-17709.pdf,official_scope_expanded_on_valid_2018_hts_universe
us_301_list2_2018,Section 301 List 2,902830,2018-08-23,us_301_list2_2018:9028.30.00=9028.30.00,1,,https://ustr.gov/sites/default/files/enforcement/301Investigations/2018-17709.pdf,official_scope_expanded_on_valid_2018_hts_universe
us_301_list2_2018,Section 301 List 2,902920,2018-08-23,us_301_list2_2018:9029.20.40=9029.20.40,2,,https://ustr.gov/sites/default/files/enforcement/301Investigations/2018-17709.pdf,official_scope_expanded_on_valid_2018_hts_universe
us_301_list2_2018,Section 301 List 2,902990,2018-08-23,us_301_list2_2018:9029.90.80=9029.90.80,2,,https://ustr.gov/sites/default/files/enforcement/301Investigations/2018-17709.pdf,official_scope_expanded_on_valid_2018_hts_universe
us_301_list2_2018,Section 301 List 2,903031,2018-08-23,us_301_list2_2018:9030.31.00=9030.31.00,1,,https://ustr.gov/sites/default/files/enforcement/301Investigations/2018-17709.pdf,official_scope_expanded_on_valid_2018_hts_universe
us_301_list2_2018,Section 301 List 2,903032,2018-08-23,us_301_list2_2018:9030.32.00=9030.32.00,1,,https://ustr.gov/sites/default/files/enforcement/301Investigations/2018-17709.pdf,official_scope_expanded_on_valid_2018_hts_universe
us_301_list2_2018,Section 301 List 2,903084,2018-08-23,us_301_list2_2018:9030.84.00=9030.84.00,1,,https://ustr.gov/sites/default/files/enforcement/301Investigations/2018-17709.pdf,official_scope_expanded_on_valid_2018_hts_universe
us_301_list2_2018,Section 301 List 2,903089,2018-08-23,us_301_list2_2018:9030.89.01=9030.89.01,1,,https://ustr.gov/sites/default/files/enforcement/301Investigations/2018-17709.pdf,official_scope_expanded_on_valid_2018_hts_universe
us_301_list3_2018,Section 301 List 3,020329,2018-09-24,us_301_list3_2018:0203.29.20=0203.29.20|us_301_list3_2018:0203.29.40=0203.29.40,2,,https://www.govinfo.gov/content/pkg/FR-2018-09-21/pdf/FR-2018-09-21.pdf,official_scope_expanded_on_valid_2018_hts_universe
us_301_list3_2018,Section 301 List 3,020610,2018-09-24,us_301_list3_2018:0206.10.00=0206.10.00,1,,https://www.govinfo.gov/content/pkg/FR-2018-09-21/pdf/FR-2018-09-21.pdf,official_scope_expanded_on_valid_2018_hts_universe
us_301_list3_2018,Section 301 List 3,020810,2018-09-24,us_301_list3_2018:0208.10.00=0208.10.00,1,,https://www.govinfo.gov/content/pkg/FR-2018-09-21/pdf/FR-2018-09-21.pdf,official_scope_expanded_on_valid_2018_hts_universe
us_301_list3_2018,Section 301 List 3,020890,2018-09-24,us_301_list3_2018:0208.90.20=0208.90.20|us_301_list3_2018:0208.90.25=0208.90.25,2,,https://www.govinfo.gov/content/pkg/FR-2018-09-21/pdf/FR-2018-09-21.pdf,official_scope_expanded_on_valid_2018_hts_universe
us_301_list3_2018,Section 301 List 3,021019,2018-09-24,us_301_list3_2018:0210.19.00=0210.19.00,2,,https://www.govinfo.gov/content/pkg/FR-2018-09-21/pdf/FR-2018-09-21.pdf,official_scope_expanded_on_valid_2018_hts_universe
us_301_list3_2018,Section 301 List 3,030111,2018-09-24,us_301_list3_2018:0301.11.00=0301.11.00,3,,https://www.govinfo.gov/content/pkg/FR-2018-09-21/pdf/FR-2018-09-21.pdf,official_scope_expanded_on_valid_2018_hts_universe
us_301_list3_2018,Section 301 List 3,030119,2018-09-24,us_301_list3_2018:0301.19.00=0301.19.00,1,,https://www.govinfo.gov/content/pkg/FR-2018-09-21/pdf/FR-2018-09-21.pdf,official_scope_expanded_on_valid_2018_hts_universe
us_301_list3_2018,Section 301 List 3,030191,2018-09-24,us_301_list3_2018:0301.91.00=0301.91.00,1,,https://www.govinfo.gov/content/pkg/FR-2018-09-21/pdf/FR-2018-09-21.pdf,official_scope_expanded_on_valid_2018_hts_universe
us_301_list3_2018,Section 301 List 3,030192,2018-09-24,us_301_list3_2018:0301.92.00=0301.92.00,1,,https://www.govinfo.gov/content/pkg/FR-2018-09-21/pdf/FR-2018-09-21.pdf,official_scope_expanded_on_valid_2018_hts_universe
us_301_list3_2018,Section 301 List 3,030193,2018-09-24,us_301_list3_2018:0301.93.02=0301.93.02,2,,https://www.govinfo.gov/content/pkg/FR-2018-09-21/pdf/FR-2018-09-21.pdf,official_scope_expanded_on_valid_2018_hts_universe
us_301_list3_2018,Section 301 List 3,030194,2018-09-24,us_301_list3_2018:0301.94.01=0301.94.01,1,,https://www.govinfo.gov/content/pkg/FR-2018-09-21/pdf/FR-2018-09-21.pdf,official_scope_expanded_on_valid_2018_hts_universe
us_301_list3_2018,Section 301 List 3,030195,2018-09-24,us_301_list3_2018:0301.95.00=0301.95.00,1,,https://www.govinfo.gov/content/pkg/FR-2018-09-21/pdf/FR-2018-09-21.pdf,official_scope_expanded_on_valid_2018_hts_universe
us_301_list3_2018,Section 301 List 3,030199,2018-09-24,us_301_list3_2018:0301.99.03=0301.99.03,3,,https://www.govinfo.gov/content/pkg/FR-2018-09-21/pdf/FR-2018-09-21.pdf,official_scope_expanded_on_valid_2018_hts_universe
us_301_list3_2018,Section 301 List 3,030211,2018-09-24,us_301_list3_2018:0302.11.00=0302.11.00,2,,https://www.govinfo.gov/content/pkg/FR-2018-09-21/pdf/FR-2018-09-21.pdf,official_scope_expanded_on_valid_2018_hts_universe
us_301_list3_2018,Section 301 List 3,030213,2018-09-24,us_301_list3_2018:0302.13.00=0302.13.00,8,,https://www.govinfo.gov/content/pkg/FR-2018-09-21/pdf/FR-2018-09-21.pdf,official_scope_expanded_on_valid_2018_hts_universe
us_301_list3_2018,Section 301 List 3,030214,2018-09-24,us_301_list3_2018:0302.14.00=0302.14.00,3,,https://www.govinfo.gov/content/pkg/FR-2018-09-21/pdf/FR-2018-09-21.pdf,official_scope_expanded_on_valid_2018_hts_universe
us_301_list3_2018,Section 301 List 3,030219,2018-09-24,us_301_list3_2018:0302.19.00=0302.19.00,1,,https://www.govinfo.gov/content/pkg/FR-2018-09-21/pdf/FR-2018-09-21.pdf,official_scope_expanded_on_valid_2018_hts_universe
us_301_list3_2018,Section 301 List 3,030221,2018-09-24,us_301_list3_2018:0302.21.00=0302.21.00,3,,https://www.govinfo.gov/content/pkg/FR-2018-09-21/pdf/FR-2018-09-21.pdf,official_scope_expanded_on_valid_2018_hts_universe
us_301_list3_2018,Section 301 List 3,030222,2018-09-24,us_301_list3_2018:0302.22.00=0302.22.00,1,,https://www.govinfo.gov/content/pkg/FR-2018-09-21/pdf/FR-2018-09-21.pdf,official_scope_expanded_on_valid_2018_hts_universe
us_301_list3_2018,Section 301 List 3,030223,2018-09-24,us_301_list3_2018:0302.23.00=0302.23.00,1,,https://www.govinfo.gov/content/pkg/FR-2018-09-21/pdf/FR-2018-09-21.pdf,official_scope_expanded_on_valid_2018_hts_universe
us_301_list3_2018,Section 301 List 3,030224,2018-09-24,us_301_list3_2018:0302.24.00=0302.24.00,1,,https://www.govinfo.gov/content/pkg/FR-2018-09-21/pdf/FR-2018-09-21.pdf,official_scope_expanded_on_valid_2018_hts_universe
us_301_list3_2018,Section 301 List 3,030229,2018-09-24,us_301_list3_2018:0302.29.01=0302.29.01,2,,https://www.govinfo.gov/content/pkg/FR-2018-09-21/pdf/FR-2018-09-21.pdf,official_scope_expanded_on_valid_2018_hts_universe
us_301_list3_2018,Section 301 List 3,030231,2018-09-24,us_301_list3_2018:0302.31.00=0302.31.00,1,,https://www.govinfo.gov/content/pkg/FR-2018-09-21/pdf/FR-2018-09-21.pdf,official_scope_expanded_on_valid_2018_hts_universe
us_301_list3_2018,Section 301 List 3,030232,2018-09-24,us_301_list3_2018:0302.32.00=0302.32.00,1,,https://www.govinfo.gov/content/pkg/FR-2018-09-21/pdf/FR-2018-09-21.pdf,official_scope_expanded_on_valid_2018_hts_universe
us_301_list3_2018,Section 301 List 3,030233,2018-09-24,us_301_list3_2018:0302.33.00=0302.33.00,1,,https://www.govinfo.gov/content/pkg/FR-2018-09-21/pdf/FR-2018-09-21.pdf,official_scope_expanded_on_valid_2018_hts_universe
us_301_list3_2018,Section 301 List 3,030234,2018-09-24,us_301_list3_2018:0302.34.00=0302.34.00,1,,https://www.govinfo.gov/content/pkg/FR-2018-09-21/pdf/FR-2018-09-21.pdf,official_scope_expanded_on_valid_2018_hts_universe
us_301_list3_2018,Section 301 List 3,030235,2018-09-24,us_301_list3_2018:0302.35.01=0302.35.01,1,,https://www.govinfo.gov/content/pkg/FR-2018-09-21/pdf/FR-2018-09-21.pdf,official_scope_expanded_on_valid_2018_hts_universe
us_301_list3_2018,Section 301 List 3,030236,2018-09-24,us_301_list3_2018:0302.36.00=0302.36.00,1,,https://www.govinfo.gov/content/pkg/FR-2018-09-21/pdf/FR-2018-09-21.pdf,official_scope_expanded_on_valid_2018_hts_universe
us_301_list3_2018,Section 301 List 3,030239,2018-09-24,us_301_list3_2018:0302.39.02=0302.39.02,1,,https://www.govinfo.gov/content/pkg/FR-2018-09-21/pdf/FR-2018-09-21.pdf,official_scope_expanded_on_valid_2018_hts_universe
us_301_list3_2018,Section 301 List 3,030241,2018-09-24,us_301_list3_2018:0302.41.00=0302.41.00,1,,https://www.govinfo.gov/content/pkg/FR-2018-09-21/pdf/FR-2018-09-21.pdf,official_scope_expanded_on_valid_2018_hts_universe
us_301_list3_2018,Section 301 List 3,030242,2018-09-24,us_301_list3_2018:0302.42.00=0302.42.00,1,,https://www.govinfo.gov/content/pkg/FR-2018-09-21/pdf/FR-2018-09-21.pdf,official_scope_expanded_on_valid_2018_hts_universe
us_301_list3_2018,Section 301 List 3,030243,2018-09-24,us_301_list3_2018:0302.43.00=0302.43.00,1,,https://www.govinfo.gov/content/pkg/FR-2018-09-21/pdf/FR-2018-09-21.pdf,official_scope_expanded_on_valid_2018_hts_universe
us_301_list3_2018,Section 301 List 3,030244,2018-09-24,us_301_list3_2018:0302.44.00=0302.44.00,1,,https://www.govinfo.gov/content/pkg/FR-2018-09-21/pdf/FR-2018-09-21.pdf,official_scope_expanded_on_valid_2018_hts_universe
us_301_list3_2018,Section 301 List 3,030245,2018-09-24,us_301_list3_2018:0302.45.11=0302.45.11|us_301_list3_2018:0302.45.50=0302.45.50,2,,https://www.govinfo.gov/content/pkg/FR-2018-09-21/pdf/FR-2018-09-21.pdf,official_scope_expanded_on_valid_2018_hts_universe
us_301_list3_2018,Section 301 List 3,030246,2018-09-24,us_301_list3_2018:0302.46.11=0302.46.11|us_301_list3_2018:0302.46.50=0302.46.50,2,,https://www.govinfo.gov/content/pkg/FR-2018-09-21/pdf/FR-2018-09-21.pdf,official_scope_expanded_on_valid_2018_hts_universe
us_301_list3_2018,Section 301 List 3,030247,2018-09-24,us_301_list3_2018:0302.47.00=0302.47.00,2,,https://www.govinfo.gov/content/pkg/FR-2018-09-21/pdf/FR-2018-09-21.pdf,official_scope_expanded_on_valid_2018_hts_universe
us_301_list3_2018,Section 301 List 3,030249,2018-09-24,us_301_list3_2018:0302.49.00=0302.49.00,1,,https://www.govinfo.gov/content/pkg/FR-2018-09-21/pdf/FR-2018-09-21.pdf,official_scope_expanded_on_valid_2018_hts_universe
us_301_list3_2018,Section 301 List 3,030251,2018-09-24,us_301_list3_2018:0302.51.00=0302.51.00,2,,https://www.govinfo.gov/content/pkg/FR-2018-09-21/pdf/FR-2018-09-21.pdf,official_scope_expanded_on_valid_2018_hts_universe
us_301_list3_2018,Section 301 List 3,030252,2018-09-24,us_301_list3_2018:0302.52.00=0302.52.00,1,,https://www.govinfo.gov/content/pkg/FR-2018-09-21/pdf/FR-2018-09-21.pdf,official_scope_expanded_on_valid_2018_hts_universe
us_301_list3_2018,Section 301 List 3,030253,2018-09-24,us_301_list3_2018:0302.53.00=0302.53.00,1,,https://www.govinfo.gov/content/pkg/FR-2018-09-21/pdf/FR-2018-09-21.pdf,official_scope_expanded_on_valid_2018_hts_universe
us_301_list3_2018,Section 301 List 3,030254,2018-09-24,us_301_list3_2018:0302.54.11=0302.54.11|us_301_list3_2018:0302.54.50=0302.54.50,2,,https://www.govinfo.gov/content/pkg/FR-2018-09-21/pdf/FR-2018-09-21.pdf,official_scope_expanded_on_valid_2018_hts_universe
us_301_list3_2018,Section 301 List 3,030255,2018-09-24,us_301_list3_2018:0302.55.11=0302.55.11|us_301_list3_2018:0302.55.50=0302.55.50,2,,https://www.govinfo.gov/content/pkg/FR-2018-09-21/pdf/FR-2018-09-21.pdf,official_scope_expanded_on_valid_2018_hts_universe
us_301_list3_2018,Section 301 List 3,030256,2018-09-24,us_301_list3_2018:0302.56.11=0302.56.11|us_301_list3_2018:0302.56.50=0302.56.50,2,,https://www.govinfo.gov/content/pkg/FR-2018-09-21/pdf/FR-2018-09-21.pdf,official_scope_expanded_on_valid_2018_hts_universe
us_301_list3_2018,Section 301 List 3,030259,2018-09-24,us_301_list3_2018:0302.59.11=0302.59.11|us_301_list3_2018:0302.59.50=0302.59.50,3,,https://www.govinfo.gov/content/pkg/FR-2018-09-21/pdf/FR-2018-09-21.pdf,official_scope_expanded_on_valid_2018_hts_universe
us_301_list3_2018,Section 301 List 3,030271,2018-09-24,us_301_list3_2018:0302.71.11=0302.71.11|us_301_list3_2018:0302.71.50=0302.71.50,2,,https://www.govinfo.gov/content/pkg/FR-2018-09-21/pdf/FR-2018-09-21.pdf,official_scope_expanded_on_valid_2018_hts_universe
us_301_list3_2018,Section 301 List 3,030272,2018-09-24,us_301_list3_2018:0302.72.11=0302.72.11|us_301_list3_2018:0302.72.50=0302.72.50,4,,https://www.govinfo.gov/content/pkg/FR-2018-09-21/pdf/FR-2018-09-21.pdf,official_scope_expanded_on_valid_2018_hts_universe
us_301_list3_2018,Section 301 List 3,030273,2018-09-24,us_301_list3_2018:0302.73.11=0302.73.11|us_301_list3_2018:0302.73.50=0302.73.50,2,,https://www.govinfo.gov/content/pkg/FR-2018-09-21/pdf/FR-2018-09-21.pdf,official_scope_expanded_on_valid_2018_hts_universe
us_301_list3_2018,Section 301 List 3,030274,2018-09-24,us_301_list3_2018:0302.74.00=0302.74.00,1,,https://www.govinfo.gov/content/pkg/FR-2018-09-21/pdf/FR-2018-09-21.pdf,official_scope_expanded_on_valid_2018_hts_universe
us_301_list3_2018,Section 301 List 3,030279,2018-09-24,us_301_list3_2018:0302.79.11=0302.79.11|us_301_list3_2018:0302.79.50=0302.79.50,3,,https://www.govinfo.gov/content/pkg/FR-2018-09-21/pdf/FR-2018-09-21.pdf,official_scope_expanded_on_valid_2018_hts_universe
us_301_list3_2018,Section 301 List 3,030281,2018-09-24,us_301_list3_2018:0302.81.00=0302.81.00,2,,https://www.govinfo.gov/content/pkg/FR-2018-09-21/pdf/FR-2018-09-21.pdf,official_scope_expanded_on_valid_2018_hts_universe
us_301_list3_2018,Section 301 List 3,030282,2018-09-24,us_301_list3_2018:0302.82.00=0302.82.00,1,,https://www.govinfo.gov/content/pkg/FR-2018-09-21/pdf/FR-2018-09-21.pdf,official_scope_expanded_on_valid_2018_hts_universe
us_301_list3_2018,Section 301 List 3,030283,2018-09-24,us_301_list3_2018:0302.83.00=0302.83.00,1,,https://www.govinfo.gov/content/pkg/FR-2018-09-21/pdf/FR-2018-09-21.pdf,official_scope_expanded_on_valid_2018_hts_universe
us_301_list3_2018,Section 301 List 3,030284,2018-09-24,us_301_list3_2018:0302.84.11=0302.84.11|us_301_list3_2018:0302.84.50=0302.84.50,2,,https://www.govinfo.gov/content/pkg/FR-2018-09-21/pdf/FR-2018-09-21.pdf,official_scope_expanded_on_valid_2018_hts_universe
us_301_list3_2018,Section 301 List 3,030285,2018-09-24,us_301_list3_2018:0302.85.11=0302.85.11|us_301_list3_2018:0302.85.50=0302.85.50,2,,https://www.govinfo.gov/content/pkg/FR-2018-09-21/pdf/FR-2018-09-21.pdf,official_scope_expanded_on_valid_2018_hts_universe
us_301_list3_2018,Section 301 List 3,030289,2018-09-24,us_301_list3_2018:0302.89.11=0302.89.11|us_301_list3_2018:0302.89.50=0302.89.50,21,,https://www.govinfo.gov/content/pkg/FR-2018-09-21/pdf/FR-2018-09-21.pdf,official_scope_expanded_on_valid_2018_hts_universe
us_301_list3_2018,Section 301 List 3,030291,2018-09-24,us_301_list3_2018:0302.91.20=0302.91.20|us_301_list3_2018:0302.91.40=0302.91.40,3,,https://www.govinfo.gov/content/pkg/FR-2018-09-21/pdf/FR-2018-09-21.pdf,official_scope_expanded_on_valid_2018_hts_universe
us_301_list3_2018,Section 301 List 3,030292,2018-09-24,us_301_list3_2018:0302.92.00=0302.92.00,1,,https://www.govinfo.gov/content/pkg/FR-2018-09-21/pdf/FR-2018-09-21.pdf,official_scope_expanded_on_valid_2018_hts_universe
us_301_list3_2018,Section 301 List 3,030299,2018-09-24,us_301_list3_2018:0302.99.00=0302.99.00,1,,https://www.govinfo.gov/content/pkg/FR-2018-09-21/pdf/FR-2018-09-21.pdf,official_scope_expanded_on_valid_2018_hts_universe
us_301_list3_2018,Section 301 List 3,030311,2018-09-24,us_301_list3_2018:0303.11.00=0303.11.00,1,,https://www.govinfo.gov/content/pkg/FR-2018-09-21/pdf/FR-2018-09-21.pdf,official_scope_expanded_on_valid_2018_hts_universe
us_301_list3_2018,Section 301 List 3,030312,2018-09-24,us_301_list3_2018:0303.12.00=0303.12.00,5,,https://www.govinfo.gov/content/pkg/FR-2018-09-21/pdf/FR-2018-09-21.pdf,official_scope_expanded_on_valid_2018_hts_universe
us_301_list3_2018,Section 301 List 3,030313,2018-09-24,us_301_list3_2018:0303.13.00=0303.13.00,1,,https://www.govinfo.gov/content/pkg/FR-2018-09-21/pdf/FR-2018-09-21.pdf,official_scope_expanded_on_valid_2018_hts_universe
us_301_list3_2018,Section 301 List 3,030314,2018-09-24,us_301_list3_2018:0303.14.00=0303.14.00,1,,https://www.govinfo.gov/content/pkg/FR-2018-09-21/pdf/FR-2018-09-21.pdf,official_scope_expanded_on_valid_2018_hts_universe
us_301_list3_2018,Section 301 List 3,030319,2018-09-24,us_301_list3_2018:0303.19.01=0303.19.01,1,,https://www.govinfo.gov/content/pkg/FR-2018-09-21/pdf/FR-2018-09-21.pdf,official_scope_expanded_on_valid_2018_hts_universe
us_301_list3_2018,Section 301 List 3,030323,2018-09-24,us_301_list3_2018:0303.23.00=0303.23.00,1,,https://www.govinfo.gov/content/pkg/FR-2018-09-21/pdf/FR-2018-09-21.pdf,official_scope_expanded_on_valid_2018_hts_universe
us_301_list3_2018,Section 301 List 3,030324,2018-09-24,us_301_list3_2018:0303.24.00=0303.24.00,3,,https://www.govinfo.gov/content/pkg/FR-2018-09-21/pdf/FR-2018-09-21.pdf,official_scope_expanded_on_valid_2018_hts_universe
us_301_list3_2018,Section 301 List 3,030325,2018-09-24,us_301_list3_2018:0303.25.01=0303.25.01,1,,https://www.govinfo.gov/content/pkg/FR-2018-09-21/pdf/FR-2018-09-21.pdf,official_scope_expanded_on_valid_2018_hts_universe
us_301_list3_2018,Section 301 List 3,030326,2018-09-24,us_301_list3_2018:0303.26.00=0303.26.00,1,,https://www.govinfo.gov/content/pkg/FR-2018-09-21/pdf/FR-2018-09-21.pdf,official_scope_expanded_on_valid_2018_hts_universe
us_301_list3_2018,Section 301 List 3,030329,2018-09-24,us_301_list3_2018:0303.29.01=0303.29.01,2,,https://www.govinfo.gov/content/pkg/FR-2018-09-21/pdf/FR-2018-09-21.pdf,official_scope_expanded_on_valid_2018_hts_universe
us_301_list3_2018,Section 301 List 3,030331,2018-09-24,us_301_list3_2018:0303.31.00=0303.31.00,3,,https://www.govinfo.gov/content/pkg/FR-2018-09-21/pdf/FR-2018-09-21.pdf,official_scope_expanded_on_valid_2018_hts_universe
us_301_list3_2018,Section 301 List 3,030332,2018-09-24,us_301_list3_2018:0303.32.00=0303.32.00,1,,https://www.govinfo.gov/content/pkg/FR-2018-09-21/pdf/FR-2018-09-21.pdf,official_scope_expanded_on_valid_2018_hts_universe
us_301_list3_2018,Section 301 List 3,030333,2018-09-24,us_301_list3_2018:0303.33.00=0303.33.00,1,,https://www.govinfo.gov/content/pkg/FR-2018-09-21/pdf/FR-2018-09-21.pdf,official_scope_expanded_on_valid_2018_hts_universe
us_301_list3_2018,Section 301 List 3,030334,2018-09-24,us_301_list3_2018:0303.34.00=0303.34.00,1,,https://www.govinfo.gov/content/pkg/FR-2018-09-21/pdf/FR-2018-09-21.pdf,official_scope_expanded_on_valid_2018_hts_universe
us_301_list3_2018,Section 301 List 3,030339,2018-09-24,us_301_list3_2018:0303.39.01=0303.39.01,4,,https://www.govinfo.gov/content/pkg/FR-2018-09-21/pdf/FR-2018-09-21.pdf,official_scope_expanded_on_valid_2018_hts_universe
us_301_list3_2018,Section 301 List 3,030341,2018-09-24,us_301_list3_2018:0303.41.00=0303.41.00,1,,https://www.govinfo.gov/content/pkg/FR-2018-09-21/pdf/FR-2018-09-21.pdf,official_scope_expanded_on_valid_2018_hts_universe
us_301_list3_2018,Section 301 List 3,030342,2018-09-24,us_301_list3_2018:0303.42.00=0303.42.00,3,,https://www.govinfo.gov/content/pkg/FR-2018-09-21/pdf/FR-2018-09-21.pdf,official_scope_expanded_on_valid_2018_hts_universe
us_301_list3_2018,Section 301 List 3,030343,2018-09-24,us_301_list3_2018:0303.43.00=0303.43.00,1,,https://www.govinfo.gov/content/pkg/FR-2018-09-21/pdf/FR-2018-09-21.pdf,official_scope_expanded_on_valid_2018_hts_universe
us_301_list3_2018,Section 301 List 3,030344,2018-09-24,us_301_list3_2018:0303.44.00=0303.44.00,1,,https://www.govinfo.gov/content/pkg/FR-2018-09-21/pdf/FR-2018-09-21.pdf,official_scope_expanded_on_valid_2018_hts_universe
us_301_list3_2018,Section 301 List 3,030345,2018-09-24,us_301_list3_2018:0303.45.01=0303.45.01,2,,https://www.govinfo.gov/content/pkg/FR-2018-09-21/pdf/FR-2018-09-21.pdf,official_scope_expanded_on_valid_2018_hts_universe
us_301_list3_2018,Section 301 List 3,030346,2018-09-24,us_301_list3_2018:0303.46.00=0303.46.00,1,,https://www.govinfo.gov/content/pkg/FR-2018-09-21/pdf/FR-2018-09-21.pdf,official_scope_expanded_on_valid_2018_hts_universe
us_301_list3_2018,Section 301 List 3,030349,2018-09-24,us_301_list3_2018:0303.49.02=0303.49.02,1,,https://www.govinfo.gov/content/pkg/FR-2018-09-21/pdf/FR-2018-09-21.pdf,official_scope_expanded_on_valid_2018_hts_universe
us_301_list3_2018,Section 301 List 3,030351,2018-09-24,us_301_list3_2018:0303.51.00=0303.51.00,1,,https://www.govinfo.gov/content/pkg/FR-2018-09-21/pdf/FR-2018-09-21.pdf,official_scope_expanded_on_valid_2018_hts_universe
us_301_list3_2018,Section 301 List 3,030353,2018-09-24,us_301_list3_2018:0303.53.00=0303.53.00,1,,https://www.govinfo.gov/content/pkg/FR-2018-09-21/pdf/FR-2018-09-21.pdf,official_scope_expanded_on_valid_2018_hts_universe
us_301_list3_2018,Section 301 List 3,030354,2018-09-24,us_301_list3_2018:0303.54.00=0303.54.00,1,,https://www.govinfo.gov/content/pkg/FR-2018-09-21/pdf/FR-2018-09-21.pdf,official_scope_expanded_on_valid_2018_hts_universe
us_301_list3_2018,Section 301 List 3,030355,2018-09-24,us_301_list3_2018:0303.55.00=0303.55.00,1,,https://www.govinfo.gov/content/pkg/FR-2018-09-21/pdf/FR-2018-09-21.pdf,official_scope_expanded_on_valid_2018_hts_universe
us_301_list3_2018,Section 301 List 3,030356,2018-09-24,us_301_list3_2018:0303.56.00=0303.56.00,1,,https://www.govinfo.gov/content/pkg/FR-2018-09-21/pdf/FR-2018-09-21.pdf,official_scope_expanded_on_valid_2018_hts_universe
us_301_list3_2018,Section 301 List 3,030357,2018-09-24,us_301_list3_2018:0303.57.00=0303.57.00,2,,https://www.govinfo.gov/content/pkg/FR-2018-09-21/pdf/FR-2018-09-21.pdf,official_scope_expanded_on_valid_2018_hts_universe
us_301_list3_2018,Section 301 List 3,030359,2018-09-24,us_301_list3_2018:0303.59.00=0303.59.00,1,,https://www.govinfo.gov/content/pkg/FR-2018-09-21/pdf/FR-2018-09-21.pdf,official_scope_expanded_on_valid_2018_hts_universe
us_301_list3_2018,Section 301 List 3,030363,2018-09-24,us_301_list3_2018:0303.63.00=0303.63.00,2,,https://www.govinfo.gov/content/pkg/FR-2018-09-21/pdf/FR-2018-09-21.pdf,official_scope_expanded_on_valid_2018_hts_universe
us_301_list3_2018,Section 301 List 3,030364,2018-09-24,us_301_list3_2018:0303.64.00=0303.64.00,1,,https://www.govinfo.gov/content/pkg/FR-2018-09-21/pdf/FR-2018-09-21.pdf,official_scope_expanded_on_valid_2018_hts_universe
us_301_list3_2018,Section 301 List 3,030365,2018-09-24,us_301_list3_2018:0303.65.00=0303.65.00,1,,https://www.govinfo.gov/content/pkg/FR-2018-09-21/pdf/FR-2018-09-21.pdf,official_scope_expanded_on_valid_2018_hts_universe
us_301_list3_2018,Section 301 List 3,030366,2018-09-24,us_301_list3_2018:0303.66.00=0303.66.00,1,,https://www.govinfo.gov/content/pkg/FR-2018-09-21/pdf/FR-2018-09-21.pdf,official_scope_expanded_on_valid_2018_hts_universe
us_301_list3_2018,Section 301 List 3,030367,2018-09-24,us_301_list3_2018:0303.67.00=0303.67.00,1,,https://www.govinfo.gov/content/pkg/FR-2018-09-21/pdf/FR-2018-09-21.pdf,official_scope_expanded_on_valid_2018_hts_universe
us_301_list3_2018,Section 301 List 3,030368,2018-09-24,us_301_list3_2018:0303.68.00=0303.68.00,1,,https://www.govinfo.gov/content/pkg/FR-2018-09-21/pdf/FR-2018-09-21.pdf,official_scope_expanded_on_valid_2018_hts_universe
us_301_list3_2018,Section 301 List 3,030381,2018-09-24,us_301_list3_2018:0303.81.00=0303.81.00,2,,https://www.govinfo.gov/content/pkg/FR-2018-09-21/pdf/FR-2018-09-21.pdf,official_scope_expanded_on_valid_2018_hts_universe
us_301_list3_2018,Section 301 List 3,030382,2018-09-24,us_301_list3_2018:0303.82.00=0303.82.00,1,,https://www.govinfo.gov/content/pkg/FR-2018-09-21/pdf/FR-2018-09-21.pdf,official_scope_expanded_on_valid_2018_hts_universe
us_301_list3_2018,Section 301 List 3,030383,2018-09-24,us_301_list3_2018:0303.83.00=0303.83.00,1,,https://www.govinfo.gov/content/pkg/FR-2018-09-21/pdf/FR-2018-09-21.pdf,official_scope_expanded_on_valid_2018_hts_universe
us_301_list3_2018,Section 301 List 3,030384,2018-09-24,us_301_list3_2018:0303.84.00=0303.84.00,1,,https://www.govinfo.gov/content/pkg/FR-2018-09-21/pdf/FR-2018-09-21.pdf,official_scope_expanded_on_valid_2018_hts_universe
us_301_list3_2018,Section 301 List 3,030389,2018-09-24,us_301_list3_2018:0303.89.00=0303.89.00,20,,https://www.govinfo.gov/content/pkg/FR-2018-09-21/pdf/FR-2018-09-21.pdf,official_scope_expanded_on_valid_2018_hts_universe
us_301_list3_2018,Section 301 List 3,030391,2018-09-24,us_301_list3_2018:0303.91.20=0303.91.20|us_301_list3_2018:0303.91.40=0303.91.40,6,,https://www.govinfo.gov/content/pkg/FR-2018-09-21/pdf/FR-2018-09-21.pdf,official_scope_expanded_on_valid_2018_hts_universe
us_301_list3_2018,Section 301 List 3,030392,2018-09-24,us_301_list3_2018:0303.92.00=0303.92.00,1,,https://www.govinfo.gov/content/pkg/FR-2018-09-21/pdf/FR-2018-09-21.pdf,official_scope_expanded_on_valid_2018_hts_universe
us_301_list3_2018,Section 301 List 3,030399,2018-09-24,us_301_list3_2018:0303.99.00=0303.99.00,1,,https://www.govinfo.gov/content/pkg/FR-2018-09-21/pdf/FR-2018-09-21.pdf,official_scope_expanded_on_valid_2018_hts_universe
us_301_list3_2018,Section 301 List 3,030431,2018-09-24,us_301_list3_2018:0304.31.00=0304.31.00,1,,https://www.govinfo.gov/content/pkg/FR-2018-09-21/pdf/FR-2018-09-21.pdf,official_scope_expanded_on_valid_2018_hts_universe
us_301_list3_2018,Section 301 List 3,030432,2018-09-24,us_301_list3_2018:0304.32.00=0304.32.00,3,,https://www.govinfo.gov/content/pkg/FR-2018-09-21/pdf/FR-2018-09-21.pdf,official_scope_expanded_on_valid_2018_hts_universe
us_301_list3_2018,Section 301 List 3,030433,2018-09-24,us_301_list3_2018:0304.33.00=0304.33.00,1,,https://www.govinfo.gov/content/pkg/FR-2018-09-21/pdf/FR-2018-09-21.pdf,official_scope_expanded_on_valid_2018_hts_universe
us_301_list3_2018,Section 301 List 3,030439,2018-09-24,us_301_list3_2018:0304.39.00=0304.39.00,1,,https://www.govinfo.gov/content/pkg/FR-2018-09-21/pdf/FR-2018-09-21.pdf,official_scope_expanded_on_valid_2018_hts_universe
us_301_list3_2018,Section 301 List 3,030441,2018-09-24,us_301_list3_2018:0304.41.00=0304.41.00,3,,https://www.govinfo.gov/content/pkg/FR-2018-09-21/pdf/FR-2018-09-21.pdf,official_scope_expanded_on_valid_2018_hts_universe
us_301_list3_2018,Section 301 List 3,030442,2018-09-24,us_301_list3_2018:0304.42.00=0304.42.00,1,,https://www.govinfo.gov/content/pkg/FR-2018-09-21/pdf/FR-2018-09-21.pdf,official_scope_expanded_on_valid_2018_hts_universe
us_301_list3_2018,Section 301 List 3,030443,2018-09-24,us_301_list3_2018:0304.43.00=0304.43.00,5,,https://www.govinfo.gov/content/pkg/FR-2018-09-21/pdf/FR-2018-09-21.pdf,official_scope_expanded_on_valid_2018_hts_universe
us_301_list3_2018,Section 301 List 3,030444,2018-09-24,us_301_list3_2018:0304.44.00=0304.44.00,6,,https://www.govinfo.gov/content/pkg/FR-2018-09-21/pdf/FR-2018-09-21.pdf,official_scope_expanded_on_valid_2018_hts_universe
us_301_list3_2018,Section 301 List 3,030445,2018-09-24,us_301_list3_2018:0304.45.00=0304.45.00,1,,https://www.govinfo.gov/content/pkg/FR-2018-09-21/pdf/FR-2018-09-21.pdf,official_scope_expanded_on_valid_2018_hts_universe
us_301_list3_2018,Section 301 List 3,030446,2018-09-24,us_301_list3_2018:0304.46.00=0304.46.00,1,,https://www.govinfo.gov/content/pkg/FR-2018-09-21/pdf/FR-2018-09-21.pdf,official_scope_expanded_on_valid_2018_hts_universe
us_301_list3_2018,Section 301 List 3,030447,2018-09-24,us_301_list3_2018:0304.47.00=0304.47.00,1,,https://www.govinfo.gov/content/pkg/FR-2018-09-21/pdf/FR-2018-09-21.pdf,official_scope_expanded_on_valid_2018_hts_universe
us_301_list3_2018,Section 301 List 3,030448,2018-09-24,us_301_list3_2018:0304.48.00=0304.48.00,1,,https://www.govinfo.gov/content/pkg/FR-2018-09-21/pdf/FR-2018-09-21.pdf,official_scope_expanded_on_valid_2018_hts_universe
us_301_list3_2018,Section 301 List 3,030449,2018-09-24,us_301_list3_2018:0304.49.01=0304.49.01,8,,https://www.govinfo.gov/content/pkg/FR-2018-09-21/pdf/FR-2018-09-21.pdf,official_scope_expanded_on_valid_2018_hts_universe
us_301_list3_2018,Section 301 List 3,030451,2018-09-24,us_301_list3_2018:0304.51.01=0304.51.01,5,,https://www.govinfo.gov/content/pkg/FR-2018-09-21/pdf/FR-2018-09-21.pdf,official_scope_expanded_on_valid_2018_hts_universe
us_301_list3_2018,Section 301 List 3,030452,2018-09-24,us_301_list3_2018:0304.52.00=0304.52.00,4,,https://www.govinfo.gov/content/pkg/FR-2018-09-21/pdf/FR-2018-09-21.pdf,official_scope_expanded_on_valid_2018_hts_universe
us_301_list3_2018,Section 301 List 3,030453,2018-09-24,us_301_list3_2018:0304.53.00=0304.53.00,6,,https://www.govinfo.gov/content/pkg/FR-2018-09-21/pdf/FR-2018-09-21.pdf,official_scope_expanded_on_valid_2018_hts_universe
us_301_list3_2018,Section 301 List 3,030454,2018-09-24,us_301_list3_2018:0304.54.00=0304.54.00,1,,https://www.govinfo.gov/content/pkg/FR-2018-09-21/pdf/FR-2018-09-21.pdf,official_scope_expanded_on_valid_2018_hts_universe
us_301_list3_2018,Section 301 List 3,030455,2018-09-24,us_301_list3_2018:0304.55.00=0304.55.00,1,,https://www.govinfo.gov/content/pkg/FR-2018-09-21/pdf/FR-2018-09-21.pdf,official_scope_expanded_on_valid_2018_hts_universe
us_301_list3_2018,Section 301 List 3,030456,2018-09-24,us_301_list3_2018:0304.56.00=0304.56.00,1,,https://www.govinfo.gov/content/pkg/FR-2018-09-21/pdf/FR-2018-09-21.pdf,official_scope_expanded_on_valid_2018_hts_universe
us_301_list3_2018,Section 301 List 3,030457,2018-09-24,us_301_list3_2018:0304.57.00=0304.57.00,1,,https://www.govinfo.gov/content/pkg/FR-2018-09-21/pdf/FR-2018-09-21.pdf,official_scope_expanded_on_valid_2018_hts_universe
us_301_list3_2018,Section 301 List 3,030459,2018-09-24,us_301_list3_2018:0304.59.00=0304.59.00,16,,https://www.govinfo.gov/content/pkg/FR-2018-09-21/pdf/FR-2018-09-21.pdf,official_scope_expanded_on_valid_2018_hts_universe
us_301_list3_2018,Section 301 List 3,030461,2018-09-24,us_301_list3_2018:0304.61.00=0304.61.00,1,,https://www.govinfo.gov/content/pkg/FR-2018-09-21/pdf/FR-2018-09-21.pdf,official_scope_expanded_on_valid_2018_hts_universe
us_301_list3_2018,Section 301 List 3,030462,2018-09-24,us_301_list3_2018:0304.62.00=0304.62.00,4,,https://www.govinfo.gov/content/pkg/FR-2018-09-21/pdf/FR-2018-09-21.pdf,official_scope_expanded_on_valid_2018_hts_universe
us_301_list3_2018,Section 301 List 3,030463,2018-09-24,us_301_list3_2018:0304.63.00=0304.63.00,1,,https://www.govinfo.gov/content/pkg/FR-2018-09-21/pdf/FR-2018-09-21.pdf,official_scope_expanded_on_valid_2018_hts_universe
us_301_list3_2018,Section 301 List 3,030469,2018-09-24,us_301_list3_2018:0304.69.00=0304.69.00,1,,https://www.govinfo.gov/content/pkg/FR-2018-09-21/pdf/FR-2018-09-21.pdf,official_scope_expanded_on_valid_2018_hts_universe
us_301_list3_2018,Section 301 List 3,030472,2018-09-24,us_301_list3_2018:0304.72.50=0304.72.50,1,,https://www.govinfo.gov/content/pkg/FR-2018-09-21/pdf/FR-2018-09-21.pdf,official_scope_expanded_on_valid_2018_hts_universe
us_301_list3_2018,Section 301 List 3,030473,2018-09-24,us_301_list3_2018:0304.73.10=0304.73.10|us_301_list3_2018:0304.73.50=0304.73.50,2,,https://www.govinfo.gov/content/pkg/FR-2018-09-21/pdf/FR-2018-09-21.pdf,official_scope_expanded_on_valid_2018_hts_universe
us_301_list3_2018,Section 301 List 3,030474,2018-09-24,us_301_list3_2018:0304.74.10=0304.74.10|us_301_list3_2018:0304.74.50=0304.74.50,2,,https://www.govinfo.gov/content/pkg/FR-2018-09-21/pdf/FR-2018-09-21.pdf,official_scope_expanded_on_valid_2018_hts_universe
us_301_list3_2018,Section 301 List 3,030479,2018-09-24,us_301_list3_2018:0304.79.10=0304.79.10|us_301_list3_2018:0304.79.50=0304.79.50,4,,https://www.govinfo.gov/content/pkg/FR-2018-09-21/pdf/FR-2018-09-21.pdf,official_scope_expanded_on_valid_2018_hts_universe
us_301_list3_2018,Section 301 List 3,030481,2018-09-24,us_301_list3_2018:0304.81.10=0304.81.10|us_301_list3_2018:0304.81.50=0304.81.50,3,,https://www.govinfo.gov/content/pkg/FR-2018-09-21/pdf/FR-2018-09-21.pdf,official_scope_expanded_on_valid_2018_hts_universe
us_301_list3_2018,Section 301 List 3,030482,2018-09-24,us_301_list3_2018:0304.82.10=0304.82.10|us_301_list3_2018:0304.82.50=0304.82.50,2,,https://www.govinfo.gov/content/pkg/FR-2018-09-21/pdf/FR-2018-09-21.pdf,official_scope_expanded_on_valid_2018_hts_universe
us_301_list3_2018,Section 301 List 3,030483,2018-09-24,us_301_list3_2018:0304.83.10=0304.83.10|us_301_list3_2018:0304.83.50=0304.83.50,12,,https://www.govinfo.gov/content/pkg/FR-2018-09-21/pdf/FR-2018-09-21.pdf,official_scope_expanded_on_valid_2018_hts_universe
us_301_list3_2018,Section 301 List 3,030484,2018-09-24,us_301_list3_2018:0304.84.00=0304.84.00,1,,https://www.govinfo.gov/content/pkg/FR-2018-09-21/pdf/FR-2018-09-21.pdf,official_scope_expanded_on_valid_2018_hts_universe
us_301_list3_2018,Section 301 List 3,030485,2018-09-24,us_301_list3_2018:0304.85.00=0304.85.00,1,,https://www.govinfo.gov/content/pkg/FR-2018-09-21/pdf/FR-2018-09-21.pdf,official_scope_expanded_on_valid_2018_hts_universe
us_301_list3_2018,Section 301 List 3,030486,2018-09-24,us_301_list3_2018:0304.86.00=0304.86.00,1,,https://www.govinfo.gov/content/pkg/FR-2018-09-21/pdf/FR-2018-09-21.pdf,official_scope_expanded_on_valid_2018_hts_universe
us_301_list3_2018,Section 301 List 3,030487,2018-09-24,us_301_list3_2018:0304.87.00=0304.87.00,1,,https://www.govinfo.gov/content/pkg/FR-2018-09-21/pdf/FR-2018-09-21.pdf,official_scope_expanded_on_valid_2018_hts_universe
us_301_list3_2018,Section 301 List 3,030488,2018-09-24,us_301_list3_2018:0304.88.00=0304.88.00,1,,https://www.govinfo.gov/content/pkg/FR-2018-09-21/pdf/FR-2018-09-21.pdf,official_scope_expanded_on_valid_2018_hts_universe
us_301_list3_2018,Section 301 List 3,030489,2018-09-24,us_301_list3_2018:0304.89.10=0304.89.10|us_301_list3_2018:0304.89.50=0304.89.50,21,,https://www.govinfo.gov/content/pkg/FR-2018-09-21/pdf/FR-2018-09-21.pdf,official_scope_expanded_on_valid_2018_hts_universe
us_301_list3_2018,Section 301 List 3,030491,2018-09-24,us_301_list3_2018:0304.91.10=0304.91.10|us_301_list3_2018:0304.91.90=0304.91.90,2,,https://www.govinfo.gov/content/pkg/FR-2018-09-21/pdf/FR-2018-09-21.pdf,official_scope_expanded_on_valid_2018_hts_universe
us_301_list3_2018,Section 301 List 3,030492,2018-09-24,us_301_list3_2018:0304.92.10=0304.92.10|us_301_list3_2018:0304.92.90=0304.92.90,2,,https://www.govinfo.gov/content/pkg/FR-2018-09-21/pdf/FR-2018-09-21.pdf,official_scope_expanded_on_valid_2018_hts_universe
us_301_list3_2018,Section 301 List 3,030493,2018-09-24,us_301_list3_2018:0304.93.10=0304.93.10|us_301_list3_2018:0304.93.90=0304.93.90,4,,https://www.govinfo.gov/content/pkg/FR-2018-09-21/pdf/FR-2018-09-21.pdf,official_scope_expanded_on_valid_2018_hts_universe
us_301_list3_2018,Section 301 List 3,030494,2018-09-24,us_301_list3_2018:0304.94.90=0304.94.90,1,,https://www.govinfo.gov/content/pkg/FR-2018-09-21/pdf/FR-2018-09-21.pdf,official_scope_expanded_on_valid_2018_hts_universe
us_301_list3_2018,Section 301 List 3,030495,2018-09-24,us_301_list3_2018:0304.95.10=0304.95.10,7,,https://www.govinfo.gov/content/pkg/FR-2018-09-21/pdf/FR-2018-09-21.pdf,official_scope_expanded_on_valid_2018_hts_universe
us_301_list3_2018,Section 301 List 3,030496,2018-09-24,us_301_list3_2018:0304.96.00=0304.96.00,1,,https://www.govinfo.gov/content/pkg/FR-2018-09-21/pdf/FR-2018-09-21.pdf,official_scope_expanded_on_valid_2018_hts_universe
us_301_list3_2018,Section 301 List 3,030497,2018-09-24,us_301_list3_2018:0304.97.00=0304.97.00,1,,https://www.govinfo.gov/content/pkg/FR-2018-09-21/pdf/FR-2018-09-21.pdf,official_scope_expanded_on_valid_2018_hts_universe
us_301_list3_2018,Section 301 List 3,030499,2018-09-24,us_301_list3_2018:0304.99.11=0304.99.11|us_301_list3_2018:0304.99.91=0304.99.91,12,,https://www.govinfo.gov/content/pkg/FR-2018-09-21/pdf/FR-2018-09-21.pdf,official_scope_expanded_on_valid_2018_hts_universe
us_301_list3_2018,Section 301 List 3,030510,2018-09-24,us_301_list3_2018:0305.10.20=0305.10.20|us_301_list3_2018:0305.10.40=0305.10.40,2,,https://www.govinfo.gov/content/pkg/FR-2018-09-21/pdf/FR-2018-09-21.pdf,official_scope_expanded_on_valid_2018_hts_universe
us_301_list3_2018,Section 301 List 3,030520,2018-09-24,us_301_list3_2018:0305.20.20=0305.20.20|us_301_list3_2018:0305.20.40=0305.20.40,4,,https://www.govinfo.gov/content/pkg/FR-2018-09-21/pdf/FR-2018-09-21.pdf,official_scope_expanded_on_valid_2018_hts_universe
us_301_list3_2018,Section 301 List 3,030531,2018-09-24,us_301_list3_2018:0305.31.01=0305.31.01,1,,https://www.govinfo.gov/content/pkg/FR-2018-09-21/pdf/FR-2018-09-21.pdf,official_scope_expanded_on_valid_2018_hts_universe
us_301_list3_2018,Section 301 List 3,030532,2018-09-24,us_301_list3_2018:0305.32.00=0305.32.00,2,,https://www.govinfo.gov/content/pkg/FR-2018-09-21/pdf/FR-2018-09-21.pdf,official_scope_expanded_on_valid_2018_hts_universe
us_301_list3_2018,Section 301 List 3,030539,2018-09-24,us_301_list3_2018:0305.39.20=0305.39.20|us_301_list3_2018:0305.39.40=0305.39.40|us_301_list3_2018:0305.39.61=0305.39.61,4,,https://www.govinfo.gov/content/pkg/FR-2018-09-21/pdf/FR-2018-09-21.pdf,official_scope_expanded_on_valid_2018_hts_universe
us_301_list3_2018,Section 301 List 3,030541,2018-09-24,us_301_list3_2018:0305.41.00=0305.41.00,1,,https://www.govinfo.gov/content/pkg/FR-2018-09-21/pdf/FR-2018-09-21.pdf,official_scope_expanded_on_valid_2018_hts_universe
us_301_list3_2018,Section 301 List 3,030542,2018-09-24,us_301_list3_2018:0305.42.00=0305.42.00,3,,https://www.govinfo.gov/content/pkg/FR-2018-09-21/pdf/FR-2018-09-21.pdf,official_scope_expanded_on_valid_2018_hts_universe
us_301_list3_2018,Section 301 List 3,030543,2018-09-24,us_301_list3_2018:0305.43.00=0305.43.00,1,,https://www.govinfo.gov/content/pkg/FR-2018-09-21/pdf/FR-2018-09-21.pdf,official_scope_expanded_on_valid_2018_hts_universe
us_301_list3_2018,Section 301 List 3,030544,2018-09-24,us_301_list3_2018:0305.44.01=0305.44.01,1,,https://www.govinfo.gov/content/pkg/FR-2018-09-21/pdf/FR-2018-09-21.pdf,official_scope_expanded_on_valid_2018_hts_universe
us_301_list3_2018,Section 301 List 3,030549,2018-09-24,us_301_list3_2018:0305.49.20=0305.49.20|us_301_list3_2018:0305.49.40=0305.49.40,3,,https://www.govinfo.gov/content/pkg/FR-2018-09-21/pdf/FR-2018-09-21.pdf,official_scope_expanded_on_valid_2018_hts_universe
us_301_list3_2018,Section 301 List 3,030551,2018-09-24,us_301_list3_2018:0305.51.00=0305.51.00,1,,https://www.govinfo.gov/content/pkg/FR-2018-09-21/pdf/FR-2018-09-21.pdf,official_scope_expanded_on_valid_2018_hts_universe
us_301_list3_2018,Section 301 List 3,030552,2018-09-24,us_301_list3_2018:0305.52.00=0305.52.00,1,,https://www.govinfo.gov/content/pkg/FR-2018-09-21/pdf/FR-2018-09-21.pdf,official_scope_expanded_on_valid_2018_hts_universe
us_301_list3_2018,Section 301 List 3,030553,2018-09-24,us_301_list3_2018:0305.53.00=0305.53.00,1,,https://www.govinfo.gov/content/pkg/FR-2018-09-21/pdf/FR-2018-09-21.pdf,official_scope_expanded_on_valid_2018_hts_universe
us_301_list3_2018,Section 301 List 3,030554,2018-09-24,us_301_list3_2018:0305.54.00=0305.54.00,1,,https://www.govinfo.gov/content/pkg/FR-2018-09-21/pdf/FR-2018-09-21.pdf,official_scope_expanded_on_valid_2018_hts_universe
us_301_list3_2018,Section 301 List 3,030559,2018-09-24,us_301_list3_2018:0305.59.00=0305.59.00,1,,https://www.govinfo.gov/content/pkg/FR-2018-09-21/pdf/FR-2018-09-21.pdf,official_scope_expanded_on_valid_2018_hts_universe
us_301_list3_2018,Section 301 List 3,030561,2018-09-24,us_301_list3_2018:0305.61.20=0305.61.20|us_301_list3_2018:0305.61.40=0305.61.40,2,,https://www.govinfo.gov/content/pkg/FR-2018-09-21/pdf/FR-2018-09-21.pdf,official_scope_expanded_on_valid_2018_hts_universe
us_301_list3_2018,Section 301 List 3,030562,2018-09-24,us_301_list3_2018:0305.62.00=0305.62.00,8,,https://www.govinfo.gov/content/pkg/FR-2018-09-21/pdf/FR-2018-09-21.pdf,official_scope_expanded_on_valid_2018_hts_universe
us_301_list3_2018,Section 301 List 3,030563,2018-09-24,us_301_list3_2018:0305.63.20=0305.63.20|us_301_list3_2018:0305.63.40=0305.63.40|us_301_list3_2018:0305.63.60=0305.63.60,3,,https://www.govinfo.gov/content/pkg/FR-2018-09-21/pdf/FR-2018-09-21.pdf,official_scope_expanded_on_valid_2018_hts_universe
us_301_list3_2018,Section 301 List 3,030564,2018-09-24,us_301_list3_2018:0305.64.10=0305.64.10|us_301_list3_2018:0305.64.50=0305.64.50,2,,https://www.govinfo.gov/content/pkg/FR-2018-09-21/pdf/FR-2018-09-21.pdf,official_scope_expanded_on_valid_2018_hts_universe
us_301_list3_2018,Section 301 List 3,030569,2018-09-24,us_301_list3_2018:0305.69.10=0305.69.10|us_301_list3_2018:0305.69.20=0305.69.20|us_301_list3_2018:0305.69.30=0305.69.30|us_301_list3_2018:0305.69.40=0305.69.40|us_301_list3_2018:0305.69.50=0305.69.50|us_301_list3_2018:0305.69.60=0305.69.60,11,,https://www.govinfo.gov/content/pkg/FR-2018-09-21/pdf/FR-2018-09-21.pdf,official_scope_expanded_on_valid_2018_hts_universe
us_301_list3_2018,Section 301 List 3,030571,2018-09-24,us_301_list3_2018:0305.71.00=0305.71.00,1,,https://www.govinfo.gov/content/pkg/FR-2018-09-21/pdf/FR-2018-09-21.pdf,official_scope_expanded_on_valid_2018_hts_universe
us_301_list3_2018,Section 301 List 3,030572,2018-09-24,us_301_list3_2018:0305.72.00=0305.72.00,1,,https://www.govinfo.gov/content/pkg/FR-2018-09-21/pdf/FR-2018-09-21.pdf,official_scope_expanded_on_valid_2018_hts_universe
us_301_list3_2018,Section 301 List 3,030579,2018-09-24,us_301_list3_2018:0305.79.00=0305.79.00,1,,https://www.govinfo.gov/content/pkg/FR-2018-09-21/pdf/FR-2018-09-21.pdf,official_scope_expanded_on_valid_2018_hts_universe
us_301_list3_2018,Section 301 List 3,030611,2018-09-24,us_301_list3_2018:0306.11.00=0306.11.00,2,,https://www.govinfo.gov/content/pkg/FR-2018-09-21/pdf/FR-2018-09-21.pdf,official_scope_expanded_on_valid_2018_hts_universe
us_301_list3_2018,Section 301 List 3,030612,2018-09-24,us_301_list3_2018:0306.12.00=0306.12.00,4,,https://www.govinfo.gov/content/pkg/FR-2018-09-21/pdf/FR-2018-09-21.pdf,official_scope_expanded_on_valid_2018_hts_universe
us_301_list3_2018,Section 301 List 3,030614,2018-09-24,us_301_list3_2018:0306.14.20=0306.14.20|us_301_list3_2018:0306.14.40=0306.14.40,9,,https://www.govinfo.gov/content/pkg/FR-2018-09-21/pdf/FR-2018-09-21.pdf,official_scope_expanded_on_valid_2018_hts_universe
us_301_list3_2018,Section 301 List 3,030615,2018-09-24,us_301_list3_2018:0306.15.00=0306.15.00,1,,https://www.govinfo.gov/content/pkg/FR-2018-09-21/pdf/FR-2018-09-21.pdf,official_scope_expanded_on_valid_2018_hts_universe
us_301_list3_2018,Section 301 List 3,030616,2018-09-24,us_301_list3_2018:0306.16.00=0306.16.00,10,,https://www.govinfo.gov/content/pkg/FR-2018-09-21/pdf/FR-2018-09-21.pdf,official_scope_expanded_on_valid_2018_hts_universe
us_301_list3_2018,Section 301 List 3,030617,2018-09-24,us_301_list3_2018:0306.17.00=0306.17.00,10,,https://www.govinfo.gov/content/pkg/FR-2018-09-21/pdf/FR-2018-09-21.pdf,official_scope_expanded_on_valid_2018_hts_universe
us_301_list3_2018,Section 301 List 3,030619,2018-09-24,us_301_list3_2018:0306.19.00=0306.19.00,3,,https://www.govinfo.gov/content/pkg/FR-2018-09-21/pdf/FR-2018-09-21.pdf,official_scope_expanded_on_valid_2018_hts_universe
us_301_list3_2018,Section 301 List 3,030631,2018-09-24,us_301_list3_2018:0306.31.00=0306.31.00,1,,https://www.govinfo.gov/content/pkg/FR-2018-09-21/pdf/FR-2018-09-21.pdf,official_scope_expanded_on_valid_2018_hts_universe
us_301_list3_2018,Section 301 List 3,030632,2018-09-24,us_301_list3_2018:0306.32.00=0306.32.00,2,,https://www.govinfo.gov/content/pkg/FR-2018-09-21/pdf/FR-2018-09-21.pdf,official_scope_expanded_on_valid_2018_hts_universe
us_301_list3_2018,Section 301 List 3,030633,2018-09-24,us_301_list3_2018:0306.33.20=0306.33.20|us_301_list3_2018:0306.33.40=0306.33.40,2,,https://www.govinfo.gov/content/pkg/FR-2018-09-21/pdf/FR-2018-09-21.pdf,official_scope_expanded_on_valid_2018_hts_universe
us_301_list3_2018,Section 301 List 3,030634,2018-09-24,us_301_list3_2018:0306.34.00=0306.34.00,1,,https://www.govinfo.gov/content/pkg/FR-2018-09-21/pdf/FR-2018-09-21.pdf,official_scope_expanded_on_valid_2018_hts_universe
us_301_list3_2018,Section 301 List 3,030635,2018-09-24,us_301_list3_2018:0306.35.00=0306.35.00,2,,https://www.govinfo.gov/content/pkg/FR-2018-09-21/pdf/FR-2018-09-21.pdf,official_scope_expanded_on_valid_2018_hts_universe
us_301_list3_2018,Section 301 List 3,030636,2018-09-24,us_301_list3_2018:0306.36.00=0306.36.00,2,,https://www.govinfo.gov/content/pkg/FR-2018-09-21/pdf/FR-2018-09-21.pdf,official_scope_expanded_on_valid_2018_hts_universe
us_301_list3_2018,Section 301 List 3,030639,2018-09-24,us_301_list3_2018:0306.39.00=0306.39.00,1,,https://www.govinfo.gov/content/pkg/FR-2018-09-21/pdf/FR-2018-09-21.pdf,official_scope_expanded_on_valid_2018_hts_universe
us_301_list3_2018,Section 301 List 3,030691,2018-09-24,us_301_list3_2018:0306.91.00=0306.91.00,1,,https://www.govinfo.gov/content/pkg/FR-2018-09-21/pdf/FR-2018-09-21.pdf,official_scope_expanded_on_valid_2018_hts_universe
us_301_list3_2018,Section 301 List 3,030692,2018-09-24,us_301_list3_2018:0306.92.00=0306.92.00,1,,https://www.govinfo.gov/content/pkg/FR-2018-09-21/pdf/FR-2018-09-21.pdf,official_scope_expanded_on_valid_2018_hts_universe
us_301_list3_2018,Section 301 List 3,030693,2018-09-24,us_301_list3_2018:0306.93.20=0306.93.20|us_301_list3_2018:0306.93.40=0306.93.40,2,,https://www.govinfo.gov/content/pkg/FR-2018-09-21/pdf/FR-2018-09-21.pdf,official_scope_expanded_on_valid_2018_hts_universe
us_301_list3_2018,Section 301 List 3,030694,2018-09-24,us_301_list3_2018:0306.94.00=0306.94.00,1,,https://www.govinfo.gov/content/pkg/FR-2018-09-21/pdf/FR-2018-09-21.pdf,official_scope_expanded_on_valid_2018_hts_universe
us_301_list3_2018,Section 301 List 3,030695,2018-09-24,us_301_list3_2018:0306.95.00=0306.95.00,2,,https://www.govinfo.gov/content/pkg/FR-2018-09-21/pdf/FR-2018-09-21.pdf,official_scope_expanded_on_valid_2018_hts_universe
us_301_list3_2018,Section 301 List 3,030699,2018-09-24,us_301_list3_2018:0306.99.00=0306.99.00,1,,https://www.govinfo.gov/content/pkg/FR-2018-09-21/pdf/FR-2018-09-21.pdf,official_scope_expanded_on_valid_2018_hts_universe
us_301_list3_2018,Section 301 List 3,030711,2018-09-24,us_301_list3_2018:0307.11.00=0307.11.00,3,,https://www.govinfo.gov/content/pkg/FR-2018-09-21/pdf/FR-2018-09-21.pdf,official_scope_expanded_on_valid_2018_hts_universe
us_301_list3_2018,Section 301 List 3,030712,2018-09-24,us_301_list3_2018:0307.12.00=0307.12.00,2,,https://www.govinfo.gov/content/pkg/FR-2018-09-21/pdf/FR-2018-09-21.pdf,official_scope_expanded_on_valid_2018_hts_universe
us_301_list3_2018,Section 301 List 3,030719,2018-09-24,us_301_list3_2018:0307.19.01=0307.19.01,2,,https://www.govinfo.gov/content/pkg/FR-2018-09-21/pdf/FR-2018-09-21.pdf,official_scope_expanded_on_valid_2018_hts_universe
us_301_list3_2018,Section 301 List 3,030721,2018-09-24,us_301_list3_2018:0307.21.00=0307.21.00,1,,https://www.govinfo.gov/content/pkg/FR-2018-09-21/pdf/FR-2018-09-21.pdf,official_scope_expanded_on_valid_2018_hts_universe
us_301_list3_2018,Section 301 List 3,030722,2018-09-24,us_301_list3_2018:0307.22.00=0307.22.00,1,,https://www.govinfo.gov/content/pkg/FR-2018-09-21/pdf/FR-2018-09-21.pdf,official_scope_expanded_on_valid_2018_hts_universe
us_301_list3_2018,Section 301 List 3,030729,2018-09-24,us_301_list3_2018:0307.29.01=0307.29.01,1,,https://www.govinfo.gov/content/pkg/FR-2018-09-21/pdf/FR-2018-09-21.pdf,official_scope_expanded_on_valid_2018_hts_universe
us_301_list3_2018,Section 301 List 3,030731,2018-09-24,us_301_list3_2018:0307.31.00=0307.31.00,2,,https://www.govinfo.gov/content/pkg/FR-2018-09-21/pdf/FR-2018-09-21.pdf,official_scope_expanded_on_valid_2018_hts_universe
us_301_list3_2018,Section 301 List 3,030732,2018-09-24,us_301_list3_2018:0307.32.00=0307.32.00,1,,https://www.govinfo.gov/content/pkg/FR-2018-09-21/pdf/FR-2018-09-21.pdf,official_scope_expanded_on_valid_2018_hts_universe
us_301_list3_2018,Section 301 List 3,030739,2018-09-24,us_301_list3_2018:0307.39.01=0307.39.01,1,,https://www.govinfo.gov/content/pkg/FR-2018-09-21/pdf/FR-2018-09-21.pdf,official_scope_expanded_on_valid_2018_hts_universe
us_301_list3_2018,Section 301 List 3,030742,2018-09-24,us_301_list3_2018:0307.42.00=0307.42.00,3,,https://www.govinfo.gov/content/pkg/FR-2018-09-21/pdf/FR-2018-09-21.pdf,official_scope_expanded_on_valid_2018_hts_universe
us_301_list3_2018,Section 301 List 3,030743,2018-09-24,us_301_list3_2018:0307.43.00=0307.43.00,6,,https://www.govinfo.gov/content/pkg/FR-2018-09-21/pdf/FR-2018-09-21.pdf,official_scope_expanded_on_valid_2018_hts_universe
us_301_list3_2018,Section 301 List 3,030749,2018-09-24,us_301_list3_2018:0307.49.01=0307.49.01,5,,https://www.govinfo.gov/content/pkg/FR-2018-09-21/pdf/FR-2018-09-21.pdf,official_scope_expanded_on_valid_2018_hts_universe
us_301_list3_2018,Section 301 List 3,030751,2018-09-24,us_301_list3_2018:0307.51.00=0307.51.00,1,,https://www.govinfo.gov/content/pkg/FR-2018-09-21/pdf/FR-2018-09-21.pdf,official_scope_expanded_on_valid_2018_hts_universe
us_301_list3_2018,Section 301 List 3,030752,2018-09-24,us_301_list3_2018:0307.52.00=0307.52.00,1,,https://www.govinfo.gov/content/pkg/FR-2018-09-21/pdf/FR-2018-09-21.pdf,official_scope_expanded_on_valid_2018_hts_universe
us_301_list3_2018,Section 301 List 3,030759,2018-09-24,us_301_list3_2018:0307.59.01=0307.59.01,1,,https://www.govinfo.gov/content/pkg/FR-2018-09-21/pdf/FR-2018-09-21.pdf,official_scope_expanded_on_valid_2018_hts_universe
us_301_list3_2018,Section 301 List 3,030760,2018-09-24,us_301_list3_2018:0307.60.00=0307.60.00,1,,https://www.govinfo.gov/content/pkg/FR-2018-09-21/pdf/FR-2018-09-21.pdf,official_scope_expanded_on_valid_2018_hts_universe
us_301_list3_2018,Section 301 List 3,030771,2018-09-24,us_301_list3_2018:0307.71.00=0307.71.00,3,,https://www.govinfo.gov/content/pkg/FR-2018-09-21/pdf/FR-2018-09-21.pdf,official_scope_expanded_on_valid_2018_hts_universe
us_301_list3_2018,Section 301 List 3,030772,2018-09-24,us_301_list3_2018:0307.72.00=0307.72.00,4,,https://www.govinfo.gov/content/pkg/FR-2018-09-21/pdf/FR-2018-09-21.pdf,official_scope_expanded_on_valid_2018_hts_universe
us_301_list3_2018,Section 301 List 3,030779,2018-09-24,us_301_list3_2018:0307.79.01=0307.79.01,4,,https://www.govinfo.gov/content/pkg/FR-2018-09-21/pdf/FR-2018-09-21.pdf,official_scope_expanded_on_valid_2018_hts_universe
us_301_list3_2018,Section 301 List 3,030781,2018-09-24,us_301_list3_2018:0307.81.00=0307.81.00,1,,https://www.govinfo.gov/content/pkg/FR-2018-09-21/pdf/FR-2018-09-21.pdf,official_scope_expanded_on_valid_2018_hts_universe
us_301_list3_2018,Section 301 List 3,030782,2018-09-24,us_301_list3_2018:0307.82.00=0307.82.00,1,,https://www.govinfo.gov/content/pkg/FR-2018-09-21/pdf/FR-2018-09-21.pdf,official_scope_expanded_on_valid_2018_hts_universe
us_301_list3_2018,Section 301 List 3,030783,2018-09-24,us_301_list3_2018:0307.83.00=0307.83.00,1,,https://www.govinfo.gov/content/pkg/FR-2018-09-21/pdf/FR-2018-09-21.pdf,official_scope_expanded_on_valid_2018_hts_universe
us_301_list3_2018,Section 301 List 3,030784,2018-09-24,us_301_list3_2018:0307.84.00=0307.84.00,1,,https://www.govinfo.gov/content/pkg/FR-2018-09-21/pdf/FR-2018-09-21.pdf,official_scope_expanded_on_valid_2018_hts_universe
us_301_list3_2018,Section 301 List 3,030787,2018-09-24,us_301_list3_2018:0307.87.00=0307.87.00,1,,https://www.govinfo.gov/content/pkg/FR-2018-09-21/pdf/FR-2018-09-21.pdf,official_scope_expanded_on_valid_2018_hts_universe
us_301_list3_2018,Section 301 List 3,030788,2018-09-24,us_301_list3_2018:0307.88.00=0307.88.00,1,,https://www.govinfo.gov/content/pkg/FR-2018-09-21/pdf/FR-2018-09-21.pdf,official_scope_expanded_on_valid_2018_hts_universe
us_301_list3_2018,Section 301 List 3,030791,2018-09-24,us_301_list3_2018:0307.91.02=0307.91.02,2,,https://www.govinfo.gov/content/pkg/FR-2018-09-21/pdf/FR-2018-09-21.pdf,official_scope_expanded_on_valid_2018_hts_universe
us_301_list3_2018,Section 301 List 3,030792,2018-09-24,us_301_list3_2018:0307.92.00=0307.92.00,2,,https://www.govinfo.gov/content/pkg/FR-2018-09-21/pdf/FR-2018-09-21.pdf,official_scope_expanded_on_valid_2018_hts_universe
us_301_list3_2018,Section 301 List 3,030799,2018-09-24,us_301_list3_2018:0307.99.02=0307.99.02,1,,https://www.govinfo.gov/content/pkg/FR-2018-09-21/pdf/FR-2018-09-21.pdf,official_scope_expanded_on_valid_2018_hts_universe
us_301_list3_2018,Section 301 List 3,030811,2018-09-24,us_301_list3_2018:0308.11.00=0308.11.00,1,,https://www.govinfo.gov/content/pkg/FR-2018-09-21/pdf/FR-2018-09-21.pdf,official_scope_expanded_on_valid_2018_hts_universe
us_301_list3_2018,Section 301 List 3,030812,2018-09-24,us_301_list3_2018:0308.12.00=0308.12.00,1,,https://www.govinfo.gov/content/pkg/FR-2018-09-21/pdf/FR-2018-09-21.pdf,official_scope_expanded_on_valid_2018_hts_universe
us_301_list3_2018,Section 301 List 3,030819,2018-09-24,us_301_list3_2018:0308.19.01=0308.19.01,1,,https://www.govinfo.gov/content/pkg/FR-2018-09-21/pdf/FR-2018-09-21.pdf,official_scope_expanded_on_valid_2018_hts_universe
us_301_list3_2018,Section 301 List 3,030821,2018-09-24,us_301_list3_2018:0308.21.00=0308.21.00,2,,https://www.govinfo.gov/content/pkg/FR-2018-09-21/pdf/FR-2018-09-21.pdf,official_scope_expanded_on_valid_2018_hts_universe
us_301_list3_2018,Section 301 List 3,030822,2018-09-24,us_301_list3_2018:0308.22.00=0308.22.00,1,,https://www.govinfo.gov/content/pkg/FR-2018-09-21/pdf/FR-2018-09-21.pdf,official_scope_expanded_on_valid_2018_hts_universe
us_301_list3_2018,Section 301 List 3,030829,2018-09-24,us_301_list3_2018:0308.29.01=0308.29.01,1,,https://www.govinfo.gov/content/pkg/FR-2018-09-21/pdf/FR-2018-09-21.pdf,official_scope_expanded_on_valid_2018_hts_universe
us_301_list3_2018,Section 301 List 3,030830,2018-09-24,us_301_list3_2018:0308.30.00=0308.30.00,1,,https://www.govinfo.gov/content/pkg/FR-2018-09-21/pdf/FR-2018-09-21.pdf,official_scope_expanded_on_valid_2018_hts_universe
us_301_list3_2018,Section 301 List 3,030890,2018-09-24,us_301_list3_2018:0308.90.00=0308.90.00,1,,https://www.govinfo.gov/content/pkg/FR-2018-09-21/pdf/FR-2018-09-21.pdf,official_scope_expanded_on_valid_2018_hts_universe
us_301_list3_2018,Section 301 List 3,040410,2018-09-24,us_301_list3_2018:0404.10.05=0404.10.05|us_301_list3_2018:0404.10.08=0404.10.08|us_301_list3_2018:0404.10.11=0404.10.11|us_301_list3_2018:0404.10.15=0404.10.15|us_301_list3_2018:0404.10.20=0404.10.20|us_301_list3_2018:0404.10.48=0404.10.48|us_301_list3_2018:0404.10.50=0404.10.50|us_301_list3_2018:0404.10.90=0404.10.90,9,,https://www.govinfo.gov/content/pkg/FR-2018-09-21/pdf/FR-2018-09-21.pdf,official_scope_expanded_on_valid_2018_hts_universe
us_301_list3_2018,Section 301 List 3,040510,2018-09-24,us_301_list3_2018:0405.10.05=0405.10.05|us_301_list3_2018:0405.10.10=0405.10.10|us_301_list3_2018:0405.10.20=0405.10.20,3,,https://www.govinfo.gov/content/pkg/FR-2018-09-21/pdf/FR-2018-09-21.pdf,official_scope_expanded_on_valid_2018_hts_universe
us_301_list3_2018,Section 301 List 3,040719,2018-09-24,us_301_list3_2018:0407.19.00=0407.19.00,1,,https://www.govinfo.gov/content/pkg/FR-2018-09-21/pdf/FR-2018-09-21.pdf,official_scope_expanded_on_valid_2018_hts_universe
us_301_list3_2018,Section 301 List 3,040721,2018-09-24,us_301_list3_2018:0407.21.00=0407.21.00,2,,https://www.govinfo.gov/content/pkg/FR-2018-09-21/pdf/FR-2018-09-21.pdf,official_scope_expanded_on_valid_2018_hts_universe
us_301_list3_2018,Section 301 List 3,040729,2018-09-24,us_301_list3_2018:0407.29.00=0407.29.00,1,,https://www.govinfo.gov/content/pkg/FR-2018-09-21/pdf/FR-2018-09-21.pdf,official_scope_expanded_on_valid_2018_hts_universe
us_301_list3_2018,Section 301 List 3,040790,2018-09-24,us_301_list3_2018:0407.90.00=0407.90.00,1,,https://www.govinfo.gov/content/pkg/FR-2018-09-21/pdf/FR-2018-09-21.pdf,official_scope_expanded_on_valid_2018_hts_universe
us_301_list3_2018,Section 301 List 3,040811,2018-09-24,us_301_list3_2018:0408.11.00=0408.11.00,1,,https://www.govinfo.gov/content/pkg/FR-2018-09-21/pdf/FR-2018-09-21.pdf,official_scope_expanded_on_valid_2018_hts_universe
us_301_list3_2018,Section 301 List 3,040819,2018-09-24,us_301_list3_2018:0408.19.00=0408.19.00,1,,https://www.govinfo.gov/content/pkg/FR-2018-09-21/pdf/FR-2018-09-21.pdf,official_scope_expanded_on_valid_2018_hts_universe
us_301_list3_2018,Section 301 List 3,040899,2018-09-24,us_301_list3_2018:0408.99.00=0408.99.00,1,,https://www.govinfo.gov/content/pkg/FR-2018-09-21/pdf/FR-2018-09-21.pdf,official_scope_expanded_on_valid_2018_hts_universe
us_301_list3_2018,Section 301 List 3,040900,2018-09-24,us_301_list3_2018:0409.00.00=0409.00.00,6,,https://www.govinfo.gov/content/pkg/FR-2018-09-21/pdf/FR-2018-09-21.pdf,official_scope_expanded_on_valid_2018_hts_universe
us_301_list3_2018,Section 301 List 3,041000,2018-09-24,us_301_list3_2018:0410.00.00=0410.00.00,1,,https://www.govinfo.gov/content/pkg/FR-2018-09-21/pdf/FR-2018-09-21.pdf,official_scope_expanded_on_valid_2018_hts_universe
us_301_list3_2018,Section 301 List 3,050590,2018-09-24,us_301_list3_2018:0505.90.20=0505.90.20|us_301_list3_2018:0505.90.60=0505.90.60,3,,https://www.govinfo.gov/content/pkg/FR-2018-09-21/pdf/FR-2018-09-21.pdf,official_scope_expanded_on_valid_2018_hts_universe
us_301_list3_2018,Section 301 List 3,050610,2018-09-24,us_301_list3_2018:0506.10.00=0506.10.00,1,,https://www.govinfo.gov/content/pkg/FR-2018-09-21/pdf/FR-2018-09-21.pdf,official_scope_expanded_on_valid_2018_hts_universe
us_301_list3_2018,Section 301 List 3,050690,2018-09-24,us_301_list3_2018:0506.90.00=0506.90.00,2,,https://www.govinfo.gov/content/pkg/FR-2018-09-21/pdf/FR-2018-09-21.pdf,official_scope_expanded_on_valid_2018_hts_universe
us_301_list3_2018,Section 301 List 3,050790,2018-09-24,us_301_list3_2018:0507.90.00=0507.90.00,2,,https://www.govinfo.gov/content/pkg/FR-2018-09-21/pdf/FR-2018-09-21.pdf,official_scope_expanded_on_valid_2018_hts_universe
us_301_list3_2018,Section 301 List 3,050800,2018-09-24,us_301_list3_2018:0508.00.00=0508.00.00,1,,https://www.govinfo.gov/content/pkg/FR-2018-09-21/pdf/FR-2018-09-21.pdf,official_scope_expanded_on_valid_2018_hts_universe
us_301_list3_2018,Section 301 List 3,051000,2018-09-24,us_301_list3_2018:0510.00.40=0510.00.40,3,,https://www.govinfo.gov/content/pkg/FR-2018-09-21/pdf/FR-2018-09-21.pdf,official_scope_expanded_on_valid_2018_hts_universe
us_301_list3_2018,Section 301 List 3,051110,2018-09-24,us_301_list3_2018:0511.10.00=0511.10.00,2,,https://www.govinfo.gov/content/pkg/FR-2018-09-21/pdf/FR-2018-09-21.pdf,official_scope_expanded_on_valid_2018_hts_universe
us_301_list3_2018,Section 301 List 3,051191,2018-09-24,us_301_list3_2018:0511.91.00=0511.91.00,2,,https://www.govinfo.gov/content/pkg/FR-2018-09-21/pdf/FR-2018-09-21.pdf,official_scope_expanded_on_valid_2018_hts_universe
us_301_list3_2018,Section 301 List 3,051199,2018-09-24,us_301_list3_2018:0511.99.20=0511.99.20|us_301_list3_2018:0511.99.30=0511.99.30|us_301_list3_2018:0511.99.33=0511.99.33|us_301_list3_2018:0511.99.36=0511.99.36|us_301_list3_2018:0511.99.40=0511.99.40,10,,https://www.govinfo.gov/content/pkg/FR-2018-09-21/pdf/FR-2018-09-21.pdf,official_scope_expanded_on_valid_2018_hts_universe
us_301_list3_2018,Section 301 List 3,070310,2018-09-24,us_301_list3_2018:0703.10.20=0703.10.20|us_301_list3_2018:0703.10.30=0703.10.30|us_301_list3_2018:0703.10.40=0703.10.40,3,,https://www.govinfo.gov/content/pkg/FR-2018-09-21/pdf/FR-2018-09-21.pdf,official_scope_expanded_on_valid_2018_hts_universe
us_301_list3_2018,Section 301 List 3,070320,2018-09-24,us_301_list3_2018:0703.20.00=0703.20.00,4,,https://www.govinfo.gov/content/pkg/FR-2018-09-21/pdf/FR-2018-09-21.pdf,official_scope_expanded_on_valid_2018_hts_universe
us_301_list3_2018,Section 301 List 3,070390,2018-09-24,us_301_list3_2018:0703.90.00=0703.90.00,1,,https://www.govinfo.gov/content/pkg/FR-2018-09-21/pdf/FR-2018-09-21.pdf,official_scope_expanded_on_valid_2018_hts_universe
us_301_list3_2018,Section 301 List 3,070410,2018-09-24,us_301_list3_2018:0704.10.20=0704.10.20|us_301_list3_2018:0704.10.40=0704.10.40|us_301_list3_2018:0704.10.60=0704.10.60,3,,https://www.govinfo.gov/content/pkg/FR-2018-09-21/pdf/FR-2018-09-21.pdf,official_scope_expanded_on_valid_2018_hts_universe
us_301_list3_2018,Section 301 List 3,070490,2018-09-24,us_301_list3_2018:0704.90.20=0704.90.20|us_301_list3_2018:0704.90.40=0704.90.40,3,,https://www.govinfo.gov/content/pkg/FR-2018-09-21/pdf/FR-2018-09-21.pdf,official_scope_expanded_on_valid_2018_hts_universe
us_301_list3_2018,Section 301 List 3,070610,2018-09-24,us_301_list3_2018:0706.10.05=0706.10.05|us_301_list3_2018:0706.10.10=0706.10.10|us_301_list3_2018:0706.10.20=0706.10.20|us_301_list3_2018:0706.10.40=0706.10.40,4,,https://www.govinfo.gov/content/pkg/FR-2018-09-21/pdf/FR-2018-09-21.pdf,official_scope_expanded_on_valid_2018_hts_universe
us_301_list3_2018,Section 301 List 3,070690,2018-09-24,us_301_list3_2018:0706.90.20=0706.90.20|us_301_list3_2018:0706.90.30=0706.90.30|us_301_list3_2018:0706.90.40=0706.90.40,3,,https://www.govinfo.gov/content/pkg/FR-2018-09-21/pdf/FR-2018-09-21.pdf,official_scope_expanded_on_valid_2018_hts_universe
us_301_list3_2018,Section 301 List 3,070700,2018-09-24,us_301_list3_2018:0707.00.50=0707.00.50,2,,https://www.govinfo.gov/content/pkg/FR-2018-09-21/pdf/FR-2018-09-21.pdf,official_scope_expanded_on_valid_2018_hts_universe
us_301_list3_2018,Section 301 List 3,070810,2018-09-24,us_301_list3_2018:0708.10.20=0708.10.20|us_301_list3_2018:0708.10.40=0708.10.40,2,,https://www.govinfo.gov/content/pkg/FR-2018-09-21/pdf/FR-2018-09-21.pdf,official_scope_expanded_on_valid_2018_hts_universe
us_301_list3_2018,Section 301 List 3,070820,2018-09-24,us_301_list3_2018:0708.20.20=0708.20.20|us_301_list3_2018:0708.20.90=0708.20.90,4,,https://www.govinfo.gov/content/pkg/FR-2018-09-21/pdf/FR-2018-09-21.pdf,official_scope_expanded_on_valid_2018_hts_universe
us_301_list3_2018,Section 301 List 3,070890,2018-09-24,us_301_list3_2018:0708.90.15=0708.90.15|us_301_list3_2018:0708.90.40=0708.90.40,2,,https://www.govinfo.gov/content/pkg/FR-2018-09-21/pdf/FR-2018-09-21.pdf,official_scope_expanded_on_valid_2018_hts_universe
us_301_list3_2018,Section 301 List 3,070940,2018-09-24,us_301_list3_2018:0709.40.20=0709.40.20|us_301_list3_2018:0709.40.40=0709.40.40|us_301_list3_2018:0709.40.60=0709.40.60,3,,https://www.govinfo.gov/content/pkg/FR-2018-09-21/pdf/FR-2018-09-21.pdf,official_scope_expanded_on_valid_2018_hts_universe
us_301_list3_2018,Section 301 List 3,070951,2018-09-24,us_301_list3_2018:0709.51.01=0709.51.01,1,,https://www.govinfo.gov/content/pkg/FR-2018-09-21/pdf/FR-2018-09-21.pdf,official_scope_expanded_on_valid_2018_hts_universe
us_301_list3_2018,Section 301 List 3,070959,2018-09-24,us_301_list3_2018:0709.59.10=0709.59.10|us_301_list3_2018:0709.59.90=0709.59.90,2,,https://www.govinfo.gov/content/pkg/FR-2018-09-21/pdf/FR-2018-09-21.pdf,official_scope_expanded_on_valid_2018_hts_universe
us_301_list3_2018,Section 301 List 3,070960,2018-09-24,us_301_list3_2018:0709.60.20=0709.60.20|us_301_list3_2018:0709.60.40=0709.60.40,8,,https://www.govinfo.gov/content/pkg/FR-2018-09-21/pdf/FR-2018-09-21.pdf,official_scope_expanded_on_valid_2018_hts_universe
us_301_list3_2018,Section 301 List 3,070993,2018-09-24,us_301_list3_2018:0709.93.20=0709.93.20,3,,https://www.govinfo.gov/content/pkg/FR-2018-09-21/pdf/FR-2018-09-21.pdf,official_scope_expanded_on_valid_2018_hts_universe
us_301_list3_2018,Section 301 List 3,070999,2018-09-24,us_301_list3_2018:0709.99.05=0709.99.05|us_301_list3_2018:0709.99.10=0709.99.10|us_301_list3_2018:0709.99.14=0709.99.14|us_301_list3_2018:0709.99.30=0709.99.30|us_301_list3_2018:0709.99.45=0709.99.45|us_301_list3_2018:0709.99.90=0709.99.90,6,,https://www.govinfo.gov/content/pkg/FR-2018-09-21/pdf/FR-2018-09-21.pdf,official_scope_expanded_on_valid_2018_hts_universe
us_301_list3_2018,Section 301 List 3,071010,2018-09-24,us_301_list3_2018:0710.10.00=0710.10.00,1,,https://www.govinfo.gov/content/pkg/FR-2018-09-21/pdf/FR-2018-09-21.pdf,official_scope_expanded_on_valid_2018_hts_universe
us_301_list3_2018,Section 301 List 3,071021,2018-09-24,us_301_list3_2018:0710.21.20=0710.21.20|us_301_list3_2018:0710.21.40=0710.21.40,2,,https://www.govinfo.gov/content/pkg/FR-2018-09-21/pdf/FR-2018-09-21.pdf,official_scope_expanded_on_valid_2018_hts_universe
us_301_list3_2018,Section 301 List 3,071022,2018-09-24,us_301_list3_2018:0710.22.10=0710.22.10|us_301_list3_2018:0710.22.15=0710.22.15|us_301_list3_2018:0710.22.20=0710.22.20|us_301_list3_2018:0710.22.25=0710.22.25|us_301_list3_2018:0710.22.37=0710.22.37|us_301_list3_2018:0710.22.40=0710.22.40,7,,https://www.govinfo.gov/content/pkg/FR-2018-09-21/pdf/FR-2018-09-21.pdf,official_scope_expanded_on_valid_2018_hts_universe
us_301_list3_2018,Section 301 List 3,071029,2018-09-24,us_301_list3_2018:0710.29.05=0710.29.05|us_301_list3_2018:0710.29.25=0710.29.25|us_301_list3_2018:0710.29.30=0710.29.30|us_301_list3_2018:0710.29.40=0710.29.40,4,,https://www.govinfo.gov/content/pkg/FR-2018-09-21/pdf/FR-2018-09-21.pdf,official_scope_expanded_on_valid_2018_hts_universe
us_301_list3_2018,Section 301 List 3,071030,2018-09-24,us_301_list3_2018:0710.30.00=0710.30.00,1,,https://www.govinfo.gov/content/pkg/FR-2018-09-21/pdf/FR-2018-09-21.pdf,official_scope_expanded_on_valid_2018_hts_universe
us_301_list3_2018,Section 301 List 3,071040,2018-09-24,us_301_list3_2018:0710.40.00=0710.40.00,1,,https://www.govinfo.gov/content/pkg/FR-2018-09-21/pdf/FR-2018-09-21.pdf,official_scope_expanded_on_valid_2018_hts_universe
us_301_list3_2018,Section 301 List 3,071080,2018-09-24,us_301_list3_2018:0710.80.15=0710.80.15|us_301_list3_2018:0710.80.20=0710.80.20|us_301_list3_2018:0710.80.40=0710.80.40|us_301_list3_2018:0710.80.45=0710.80.45|us_301_list3_2018:0710.80.50=0710.80.50|us_301_list3_2018:0710.80.65=0710.80.65|us_301_list3_2018:0710.80.70=0710.80.70|us_301_list3_2018:0710.80.93=0710.80.93|us_301_list3_2018:0710.80.97=0710.80.97,15,,https://www.govinfo.gov/content/pkg/FR-2018-09-21/pdf/FR-2018-09-21.pdf,official_scope_expanded_on_valid_2018_hts_universe
us_301_list3_2018,Section 301 List 3,071090,2018-09-24,us_301_list3_2018:0710.90.11=0710.90.11|us_301_list3_2018:0710.90.91=0710.90.91,2,,https://www.govinfo.gov/content/pkg/FR-2018-09-21/pdf/FR-2018-09-21.pdf,official_scope_expanded_on_valid_2018_hts_universe
us_301_list3_2018,Section 301 List 3,071140,2018-09-24,us_301_list3_2018:0711.40.00=0711.40.00,1,,https://www.govinfo.gov/content/pkg/FR-2018-09-21/pdf/FR-2018-09-21.pdf,official_scope_expanded_on_valid_2018_hts_universe
us_301_list3_2018,Section 301 List 3,071151,2018-09-24,us_301_list3_2018:0711.51.00=0711.51.00,1,,https://www.govinfo.gov/content/pkg/FR-2018-09-21/pdf/FR-2018-09-21.pdf,official_scope_expanded_on_valid_2018_hts_universe
us_301_list3_2018,Section 301 List 3,071159,2018-09-24,us_301_list3_2018:0711.59.10=0711.59.10,1,,https://www.govinfo.gov/content/pkg/FR-2018-09-21/pdf/FR-2018-09-21.pdf,official_scope_expanded_on_valid_2018_hts_universe
us_301_list3_2018,Section 301 List 3,071190,2018-09-24,us_301_list3_2018:0711.90.20=0711.90.20|us_301_list3_2018:0711.90.50=0711.90.50|us_301_list3_2018:0711.90.65=0711.90.65,3,,https://www.govinfo.gov/content/pkg/FR-2018-09-21/pdf/FR-2018-09-21.pdf,official_scope_expanded_on_valid_2018_hts_universe
us_301_list3_2018,Section 301 List 3,071220,2018-09-24,us_301_list3_2018:0712.20.20=0712.20.20|us_301_list3_2018:0712.20.40=0712.20.40,2,,https://www.govinfo.gov/content/pkg/FR-2018-09-21/pdf/FR-2018-09-21.pdf,official_scope_expanded_on_valid_2018_hts_universe
us_301_list3_2018,Section 301 List 3,071231,2018-09-24,us_301_list3_2018:0712.31.10=0712.31.10|us_301_list3_2018:0712.31.20=0712.31.20,2,,https://www.govinfo.gov/content/pkg/FR-2018-09-21/pdf/FR-2018-09-21.pdf,official_scope_expanded_on_valid_2018_hts_universe
us_301_list3_2018,Section 301 List 3,071232,2018-09-24,us_301_list3_2018:0712.32.00=0712.32.00,1,,https://www.govinfo.gov/content/pkg/FR-2018-09-21/pdf/FR-2018-09-21.pdf,official_scope_expanded_on_valid_2018_hts_universe
us_301_list3_2018,Section 301 List 3,071233,2018-09-24,us_301_list3_2018:0712.33.00=0712.33.00,1,,https://www.govinfo.gov/content/pkg/FR-2018-09-21/pdf/FR-2018-09-21.pdf,official_scope_expanded_on_valid_2018_hts_universe
us_301_list3_2018,Section 301 List 3,071239,2018-09-24,us_301_list3_2018:0712.39.10=0712.39.10|us_301_list3_2018:0712.39.20=0712.39.20|us_301_list3_2018:0712.39.40=0712.39.40,3,,https://www.govinfo.gov/content/pkg/FR-2018-09-21/pdf/FR-2018-09-21.pdf,official_scope_expanded_on_valid_2018_hts_universe
us_301_list3_2018,Section 301 List 3,071290,2018-09-24,us_301_list3_2018:0712.90.10=0712.90.10|us_301_list3_2018:0712.90.15=0712.90.15|us_301_list3_2018:0712.90.20=0712.90.20|us_301_list3_2018:0712.90.30=0712.90.30|us_301_list3_2018:0712.90.40=0712.90.40|us_301_list3_2018:0712.90.60=0712.90.60|us_301_list3_2018:0712.90.65=0712.90.65|us_301_list3_2018:0712.90.70=0712.90.70|us_301_list3_2018:0712.90.74=0712.90.74|us_301_list3_2018:0712.90.78=0712.90.78|us_301_list3_2018:0712.90.85=0712.90.85,17,,https://www.govinfo.gov/content/pkg/FR-2018-09-21/pdf/FR-2018-09-21.pdf,official_scope_expanded_on_valid_2018_hts_universe
us_301_list3_2018,Section 301 List 3,071310,2018-09-24,us_301_list3_2018:0713.10.10=0713.10.10|us_301_list3_2018:0713.10.20=0713.10.20|us_301_list3_2018:0713.10.40=0713.10.40,7,,https://www.govinfo.gov/content/pkg/FR-2018-09-21/pdf/FR-2018-09-21.pdf,official_scope_expanded_on_valid_2018_hts_universe
us_301_list3_2018,Section 301 List 3,071320,2018-09-24,us_301_list3_2018:0713.20.10=0713.20.10|us_301_list3_2018:0713.20.20=0713.20.20,3,,https://www.govinfo.gov/content/pkg/FR-2018-09-21/pdf/FR-2018-09-21.pdf,official_scope_expanded_on_valid_2018_hts_universe
us_301_list3_2018,Section 301 List 3,071331,2018-09-24,us_301_list3_2018:0713.31.10=0713.31.10|us_301_list3_2018:0713.31.20=0713.31.20|us_301_list3_2018:0713.31.40=0713.31.40,3,,https://www.govinfo.gov/content/pkg/FR-2018-09-21/pdf/FR-2018-09-21.pdf,official_scope_expanded_on_valid_2018_hts_universe
us_301_list3_2018,Section 301 List 3,071332,2018-09-24,us_301_list3_2018:0713.32.10=0713.32.10|us_301_list3_2018:0713.32.20=0713.32.20,2,,https://www.govinfo.gov/content/pkg/FR-2018-09-21/pdf/FR-2018-09-21.pdf,official_scope_expanded_on_valid_2018_hts_universe
us_301_list3_2018,Section 301 List 3,071333,2018-09-24,us_301_list3_2018:0713.33.10=0713.33.10|us_301_list3_2018:0713.33.20=0713.33.20|us_301_list3_2018:0713.33.40=0713.33.40,10,,https://www.govinfo.gov/content/pkg/FR-2018-09-21/pdf/FR-2018-09-21.pdf,official_scope_expanded_on_valid_2018_hts_universe
us_301_list3_2018,Section 301 List 3,071334,2018-09-24,us_301_list3_2018:0713.34.20=0713.34.20|us_301_list3_2018:0713.34.40=0713.34.40,2,,https://www.govinfo.gov/content/pkg/FR-2018-09-21/pdf/FR-2018-09-21.pdf,official_scope_expanded_on_valid_2018_hts_universe
us_301_list3_2018,Section 301 List 3,071335,2018-09-24,us_301_list3_2018:0713.35.00=0713.35.00,1,,https://www.govinfo.gov/content/pkg/FR-2018-09-21/pdf/FR-2018-09-21.pdf,official_scope_expanded_on_valid_2018_hts_universe
us_301_list3_2018,Section 301 List 3,071339,2018-09-24,us_301_list3_2018:0713.39.11=0713.39.11|us_301_list3_2018:0713.39.21=0713.39.21|us_301_list3_2018:0713.39.41=0713.39.41,16,,https://www.govinfo.gov/content/pkg/FR-2018-09-21/pdf/FR-2018-09-21.pdf,official_scope_expanded_on_valid_2018_hts_universe
us_301_list3_2018,Section 301 List 3,071340,2018-09-24,us_301_list3_2018:0713.40.10=0713.40.10|us_301_list3_2018:0713.40.20=0713.40.20,5,,https://www.govinfo.gov/content/pkg/FR-2018-09-21/pdf/FR-2018-09-21.pdf,official_scope_expanded_on_valid_2018_hts_universe
us_301_list3_2018,Section 301 List 3,071350,2018-09-24,us_301_list3_2018:0713.50.10=0713.50.10|us_301_list3_2018:0713.50.20=0713.50.20,2,,https://www.govinfo.gov/content/pkg/FR-2018-09-21/pdf/FR-2018-09-21.pdf,official_scope_expanded_on_valid_2018_hts_universe
us_301_list3_2018,Section 301 List 3,071360,2018-09-24,us_301_list3_2018:0713.60.60=0713.60.60|us_301_list3_2018:0713.60.80=0713.60.80,2,,https://www.govinfo.gov/content/pkg/FR-2018-09-21/pdf/FR-2018-09-21.pdf,official_scope_expanded_on_valid_2018_hts_universe
us_301_list3_2018,Section 301 List 3,071390,2018-09-24,us_301_list3_2018:0713.90.11=0713.90.11|us_301_list3_2018:0713.90.50=0713.90.50|us_301_list3_2018:0713.90.61=0713.90.61|us_301_list3_2018:0713.90.81=0713.90.81,4,,https://www.govinfo.gov/content/pkg/FR-2018-09-21/pdf/FR-2018-09-21.pdf,official_scope_expanded_on_valid_2018_hts_universe
us_301_list3_2018,Section 301 List 3,071410,2018-09-24,us_301_list3_2018:0714.10.20=0714.10.20,1,,https://www.govinfo.gov/content/pkg/FR-2018-09-21/pdf/FR-2018-09-21.pdf,official_scope_expanded_on_valid_2018_hts_universe
us_301_list3_2018,Section 301 List 3,071420,2018-09-24,us_301_list3_2018:0714.20.10=0714.20.10|us_301_list3_2018:0714.20.20=0714.20.20,2,,https://www.govinfo.gov/content/pkg/FR-2018-09-21/pdf/FR-2018-09-21.pdf,official_scope_expanded_on_valid_2018_hts_universe
us_301_list3_2018,Section 301 List 3,071430,2018-09-24,us_301_list3_2018:0714.30.10=0714.30.10|us_301_list3_2018:0714.30.20=0714.30.20|us_301_list3_2018:0714.30.60=0714.30.60,3,,https://www.govinfo.gov/content/pkg/FR-2018-09-21/pdf/FR-2018-09-21.pdf,official_scope_expanded_on_valid_2018_hts_universe
us_301_list3_2018,Section 301 List 3,071440,2018-09-24,us_301_list3_2018:0714.40.10=0714.40.10|us_301_list3_2018:0714.40.20=0714.40.20|us_301_list3_2018:0714.40.50=0714.40.50|us_301_list3_2018:0714.40.60=0714.40.60,4,,https://www.govinfo.gov/content/pkg/FR-2018-09-21/pdf/FR-2018-09-21.pdf,official_scope_expanded_on_valid_2018_hts_universe
us_301_list3_2018,Section 301 List 3,071450,2018-09-24,us_301_list3_2018:0714.50.10=0714.50.10|us_301_list3_2018:0714.50.20=0714.50.20|us_301_list3_2018:0714.50.50=0714.50.50|us_301_list3_2018:0714.50.60=0714.50.60,4,,https://www.govinfo.gov/content/pkg/FR-2018-09-21/pdf/FR-2018-09-21.pdf,official_scope_expanded_on_valid_2018_hts_universe
us_301_list3_2018,Section 301 List 3,071490,2018-09-24,us_301_list3_2018:0714.90.05=0714.90.05|us_301_list3_2018:0714.90.39=0714.90.39|us_301_list3_2018:0714.90.41=0714.90.41|us_301_list3_2018:0714.90.42=0714.90.42|us_301_list3_2018:0714.90.44=0714.90.44|us_301_list3_2018:0714.90.46=0714.90.46|us_301_list3_2018:0714.90.48=0714.90.48|us_301_list3_2018:0714.90.51=0714.90.51|us_301_list3_2018:0714.90.61=0714.90.61,9,,https://www.govinfo.gov/content/pkg/FR-2018-09-21/pdf/FR-2018-09-21.pdf,official_scope_expanded_on_valid_2018_hts_universe
us_301_list3_2018,Section 301 List 3,080111,2018-09-24,us_301_list3_2018:0801.11.00=0801.11.00,1,,https://www.govinfo.gov/content/pkg/FR-2018-09-21/pdf/FR-2018-09-21.pdf,official_scope_expanded_on_valid_2018_hts_universe
us_301_list3_2018,Section 301 List 3,080119,2018-09-24,us_301_list3_2018:0801.19.01=0801.19.01,2,,https://www.govinfo.gov/content/pkg/FR-2018-09-21/pdf/FR-2018-09-21.pdf,official_scope_expanded_on_valid_2018_hts_universe
us_301_list3_2018,Section 301 List 3,080131,2018-09-24,us_301_list3_2018:0801.31.00=0801.31.00,1,,https://www.govinfo.gov/content/pkg/FR-2018-09-21/pdf/FR-2018-09-21.pdf,official_scope_expanded_on_valid_2018_hts_universe
us_301_list3_2018,Section 301 List 3,080132,2018-09-24,us_301_list3_2018:0801.32.00=0801.32.00,1,,https://www.govinfo.gov/content/pkg/FR-2018-09-21/pdf/FR-2018-09-21.pdf,official_scope_expanded_on_valid_2018_hts_universe
us_301_list3_2018,Section 301 List 3,080211,2018-09-24,us_301_list3_2018:0802.11.00=0802.11.00,1,,https://www.govinfo.gov/content/pkg/FR-2018-09-21/pdf/FR-2018-09-21.pdf,official_scope_expanded_on_valid_2018_hts_universe
us_301_list3_2018,Section 301 List 3,080212,2018-09-24,us_301_list3_2018:0802.12.00=0802.12.00,2,,https://www.govinfo.gov/content/pkg/FR-2018-09-21/pdf/FR-2018-09-21.pdf,official_scope_expanded_on_valid_2018_hts_universe
us_301_list3_2018,Section 301 List 3,080222,2018-09-24,us_301_list3_2018:0802.22.00=0802.22.00,1,,https://www.govinfo.gov/content/pkg/FR-2018-09-21/pdf/FR-2018-09-21.pdf,official_scope_expanded_on_valid_2018_hts_universe
us_301_list3_2018,Section 301 List 3,080231,2018-09-24,us_301_list3_2018:0802.31.00=0802.31.00,1,,https://www.govinfo.gov/content/pkg/FR-2018-09-21/pdf/FR-2018-09-21.pdf,official_scope_expanded_on_valid_2018_hts_universe
us_301_list3_2018,Section 301 List 3,080232,2018-09-24,us_301_list3_2018:0802.32.00=0802.32.00,1,,https://www.govinfo.gov/content/pkg/FR-2018-09-21/pdf/FR-2018-09-21.pdf,official_scope_expanded_on_valid_2018_hts_universe
us_301_list3_2018,Section 301 List 3,080241,2018-09-24,us_301_list3_2018:0802.41.00=0802.41.00,1,,https://www.govinfo.gov/content/pkg/FR-2018-09-21/pdf/FR-2018-09-21.pdf,official_scope_expanded_on_valid_2018_hts_universe
us_301_list3_2018,Section 301 List 3,080242,2018-09-24,us_301_list3_2018:0802.42.00=0802.42.00,1,,https://www.govinfo.gov/content/pkg/FR-2018-09-21/pdf/FR-2018-09-21.pdf,official_scope_expanded_on_valid_2018_hts_universe
us_301_list3_2018,Section 301 List 3,080251,2018-09-24,us_301_list3_2018:0802.51.00=0802.51.00,1,,https://www.govinfo.gov/content/pkg/FR-2018-09-21/pdf/FR-2018-09-21.pdf,official_scope_expanded_on_valid_2018_hts_universe
us_301_list3_2018,Section 301 List 3,080252,2018-09-24,us_301_list3_2018:0802.52.00=0802.52.00,1,,https://www.govinfo.gov/content/pkg/FR-2018-09-21/pdf/FR-2018-09-21.pdf,official_scope_expanded_on_valid_2018_hts_universe
us_301_list3_2018,Section 301 List 3,080262,2018-09-24,us_301_list3_2018:0802.62.00=0802.62.00,1,,https://www.govinfo.gov/content/pkg/FR-2018-09-21/pdf/FR-2018-09-21.pdf,official_scope_expanded_on_valid_2018_hts_universe
us_301_list3_2018,Section 301 List 3,080280,2018-09-24,us_301_list3_2018:0802.80.20=0802.80.20,1,,https://www.govinfo.gov/content/pkg/FR-2018-09-21/pdf/FR-2018-09-21.pdf,official_scope_expanded_on_valid_2018_hts_universe
us_301_list3_2018,Section 301 List 3,080290,2018-09-24,us_301_list3_2018:0802.90.10=0802.90.10|us_301_list3_2018:0802.90.15=0802.90.15,2,,https://www.govinfo.gov/content/pkg/FR-2018-09-21/pdf/FR-2018-09-21.pdf,official_scope_expanded_on_valid_2018_hts_universe
us_301_list3_2018,Section 301 List 3,080310,2018-09-24,us_301_list3_2018:0803.10.20=0803.10.20,1,,https://www.govinfo.gov/content/pkg/FR-2018-09-21/pdf/FR-2018-09-21.pdf,official_scope_expanded_on_valid_2018_hts_universe
us_301_list3_2018,Section 301 List 3,080390,2018-09-24,us_301_list3_2018:0803.90.00=0803.90.00,3,,https://www.govinfo.gov/content/pkg/FR-2018-09-21/pdf/FR-2018-09-21.pdf,official_scope_expanded_on_valid_2018_hts_universe
us_301_list3_2018,Section 301 List 3,080410,2018-09-24,us_301_list3_2018:0804.10.20=0804.10.20|us_301_list3_2018:0804.10.40=0804.10.40|us_301_list3_2018:0804.10.60=0804.10.60|us_301_list3_2018:0804.10.80=0804.10.80,4,,https://www.govinfo.gov/content/pkg/FR-2018-09-21/pdf/FR-2018-09-21.pdf,official_scope_expanded_on_valid_2018_hts_universe
us_301_list3_2018,Section 301 List 3,080420,2018-09-24,us_301_list3_2018:0804.20.40=0804.20.40|us_301_list3_2018:0804.20.60=0804.20.60|us_301_list3_2018:0804.20.80=0804.20.80,3,,https://www.govinfo.gov/content/pkg/FR-2018-09-21/pdf/FR-2018-09-21.pdf,official_scope_expanded_on_valid_2018_hts_universe
us_301_list3_2018,Section 301 List 3,080430,2018-09-24,us_301_list3_2018:0804.30.20=0804.30.20|us_301_list3_2018:0804.30.40=0804.30.40|us_301_list3_2018:0804.30.60=0804.30.60,3,,https://www.govinfo.gov/content/pkg/FR-2018-09-21/pdf/FR-2018-09-21.pdf,official_scope_expanded_on_valid_2018_hts_universe
us_301_list3_2018,Section 301 List 3,080450,2018-09-24,us_301_list3_2018:0804.50.40=0804.50.40|us_301_list3_2018:0804.50.60=0804.50.60|us_301_list3_2018:0804.50.80=0804.50.80,8,,https://www.govinfo.gov/content/pkg/FR-2018-09-21/pdf/FR-2018-09-21.pdf,official_scope_expanded_on_valid_2018_hts_universe
us_301_list3_2018,Section 301 List 3,080510,2018-09-24,us_301_list3_2018:0805.10.00=0805.10.00,2,,https://www.govinfo.gov/content/pkg/FR-2018-09-21/pdf/FR-2018-09-21.pdf,official_scope_expanded_on_valid_2018_hts_universe
us_301_list3_2018,Section 301 List 3,080521,2018-09-24,us_301_list3_2018:0805.21.00=0805.21.00,2,,https://www.govinfo.gov/content/pkg/FR-2018-09-21/pdf/FR-2018-09-21.pdf,official_scope_expanded_on_valid_2018_hts_universe
us_301_list3_2018,Section 301 List 3,080522,2018-09-24,us_301_list3_2018:0805.22.00=0805.22.00,1,,https://www.govinfo.gov/content/pkg/FR-2018-09-21/pdf/FR-2018-09-21.pdf,official_scope_expanded_on_valid_2018_hts_universe
us_301_list3_2018,Section 301 List 3,080529,2018-09-24,us_301_list3_2018:0805.29.00=0805.29.00,1,,https://www.govinfo.gov/content/pkg/FR-2018-09-21/pdf/FR-2018-09-21.pdf,official_scope_expanded_on_valid_2018_hts_universe
us_301_list3_2018,Section 301 List 3,080620,2018-09-24,us_301_list3_2018:0806.20.10=0806.20.10|us_301_list3_2018:0806.20.20=0806.20.20|us_301_list3_2018:0806.20.90=0806.20.90,5,,https://www.govinfo.gov/content/pkg/FR-2018-09-21/pdf/FR-2018-09-21.pdf,official_scope_expanded_on_valid_2018_hts_universe
us_301_list3_2018,Section 301 List 3,080810,2018-09-24,us_301_list3_2018:0808.10.00=0808.10.00,3,,https://www.govinfo.gov/content/pkg/FR-2018-09-21/pdf/FR-2018-09-21.pdf,official_scope_expanded_on_valid_2018_hts_universe
us_301_list3_2018,Section 301 List 3,080830,2018-09-24,us_301_list3_2018:0808.30.20=0808.30.20|us_301_list3_2018:0808.30.40=0808.30.40,4,,https://www.govinfo.gov/content/pkg/FR-2018-09-21/pdf/FR-2018-09-21.pdf,official_scope_expanded_on_valid_2018_hts_universe
us_301_list3_2018,Section 301 List 3,080840,2018-09-24,us_301_list3_2018:0808.40.20=0808.40.20|us_301_list3_2018:0808.40.40=0808.40.40,4,,https://www.govinfo.gov/content/pkg/FR-2018-09-21/pdf/FR-2018-09-21.pdf,official_scope_expanded_on_valid_2018_hts_universe
us_301_list3_2018,Section 301 List 3,080929,2018-09-24,us_301_list3_2018:0809.29.00=0809.29.00,1,,https://www.govinfo.gov/content/pkg/FR-2018-09-21/pdf/FR-2018-09-21.pdf,official_scope_expanded_on_valid_2018_hts_universe
us_301_list3_2018,Section 301 List 3,080930,2018-09-24,us_301_list3_2018:0809.30.20=0809.30.20|us_301_list3_2018:0809.30.40=0809.30.40,3,,https://www.govinfo.gov/content/pkg/FR-2018-09-21/pdf/FR-2018-09-21.pdf,official_scope_expanded_on_valid_2018_hts_universe
us_301_list3_2018,Section 301 List 3,081010,2018-09-24,us_301_list3_2018:0810.10.20=0810.10.20|us_301_list3_2018:0810.10.40=0810.10.40,2,,https://www.govinfo.gov/content/pkg/FR-2018-09-21/pdf/FR-2018-09-21.pdf,official_scope_expanded_on_valid_2018_hts_universe
us_301_list3_2018,Section 301 List 3,081020,2018-09-24,us_301_list3_2018:0810.20.10=0810.20.10,4,,https://www.govinfo.gov/content/pkg/FR-2018-09-21/pdf/FR-2018-09-21.pdf,official_scope_expanded_on_valid_2018_hts_universe
us_301_list3_2018,Section 301 List 3,081030,2018-09-24,us_301_list3_2018:0810.30.00=0810.30.00,0,us_301_list3_2018:0810.30.00=0810.30.00,https://www.govinfo.gov/content/pkg/FR-2018-09-21/pdf/FR-2018-09-21.pdf,official_scope_recorded_at_same_revision_hs6_no_trade_line
us_301_list3_2018,Section 301 List 3,081040,2018-09-24,us_301_list3_2018:0810.40.00=0810.40.00,5,,https://www.govinfo.gov/content/pkg/FR-2018-09-21/pdf/FR-2018-09-21.pdf,official_scope_expanded_on_valid_2018_hts_universe
us_301_list3_2018,Section 301 List 3,081070,2018-09-24,us_301_list3_2018:0810.70.00=0810.70.00,1,,https://www.govinfo.gov/content/pkg/FR-2018-09-21/pdf/FR-2018-09-21.pdf,official_scope_expanded_on_valid_2018_hts_universe
us_301_list3_2018,Section 301 List 3,081090,2018-09-24,us_301_list3_2018:0810.90.27=0810.90.27|us_301_list3_2018:0810.90.46=0810.90.46,3,,https://www.govinfo.gov/content/pkg/FR-2018-09-21/pdf/FR-2018-09-21.pdf,official_scope_expanded_on_valid_2018_hts_universe
us_301_list3_2018,Section 301 List 3,081110,2018-09-24,us_301_list3_2018:0811.10.00=0811.10.00,4,,https://www.govinfo.gov/content/pkg/FR-2018-09-21/pdf/FR-2018-09-21.pdf,official_scope_expanded_on_valid_2018_hts_universe
us_301_list3_2018,Section 301 List 3,081120,2018-09-24,us_301_list3_2018:0811.20.20=0811.20.20|us_301_list3_2018:0811.20.40=0811.20.40,5,,https://www.govinfo.gov/content/pkg/FR-2018-09-21/pdf/FR-2018-09-21.pdf,official_scope_expanded_on_valid_2018_hts_universe
us_301_list3_2018,Section 301 List 3,081190,2018-09-24,us_301_list3_2018:0811.90.10=0811.90.10|us_301_list3_2018:0811.90.20=0811.90.20|us_301_list3_2018:0811.90.22=0811.90.22|us_301_list3_2018:0811.90.25=0811.90.25|us_301_list3_2018:0811.90.30=0811.90.30|us_301_list3_2018:0811.90.35=0811.90.35|us_301_list3_2018:0811.90.40=0811.90.40|us_301_list3_2018:0811.90.50=0811.90.50|us_301_list3_2018:0811.90.52=0811.90.52|us_301_list3_2018:0811.90.55=0811.90.55|us_301_list3_2018:0811.90.80=0811.90.80,16,,https://www.govinfo.gov/content/pkg/FR-2018-09-21/pdf/FR-2018-09-21.pdf,official_scope_expanded_on_valid_2018_hts_universe
us_301_list3_2018,Section 301 List 3,081290,2018-09-24,us_301_list3_2018:0812.90.10=0812.90.10|us_301_list3_2018:0812.90.20=0812.90.20|us_301_list3_2018:0812.90.30=0812.90.30|us_301_list3_2018:0812.90.40=0812.90.40|us_301_list3_2018:0812.90.50=0812.90.50|us_301_list3_2018:0812.90.90=0812.90.90,6,,https://www.govinfo.gov/content/pkg/FR-2018-09-21/pdf/FR-2018-09-21.pdf,official_scope_expanded_on_valid_2018_hts_universe
us_301_list3_2018,Section 301 List 3,081310,2018-09-24,us_301_list3_2018:0813.10.00=0813.10.00,1,,https://www.govinfo.gov/content/pkg/FR-2018-09-21/pdf/FR-2018-09-21.pdf,official_scope_expanded_on_valid_2018_hts_universe
us_301_list3_2018,Section 301 List 3,081320,2018-09-24,us_301_list3_2018:0813.20.10=0813.20.10|us_301_list3_2018:0813.20.20=0813.20.20,2,,https://www.govinfo.gov/content/pkg/FR-2018-09-21/pdf/FR-2018-09-21.pdf,official_scope_expanded_on_valid_2018_hts_universe
us_301_list3_2018,Section 301 List 3,081330,2018-09-24,us_301_list3_2018:0813.30.00=0813.30.00,1,,https://www.govinfo.gov/content/pkg/FR-2018-09-21/pdf/FR-2018-09-21.pdf,official_scope_expanded_on_valid_2018_hts_universe
us_301_list3_2018,Section 301 List 3,081340,2018-09-24,us_301_list3_2018:0813.40.10=0813.40.10|us_301_list3_2018:0813.40.15=0813.40.15|us_301_list3_2018:0813.40.20=0813.40.20|us_301_list3_2018:0813.40.30=0813.40.30|us_301_list3_2018:0813.40.40=0813.40.40|us_301_list3_2018:0813.40.80=0813.40.80|us_301_list3_2018:0813.40.90=0813.40.90,9,,https://www.govinfo.gov/content/pkg/FR-2018-09-21/pdf/FR-2018-09-21.pdf,official_scope_expanded_on_valid_2018_hts_universe
us_301_list3_2018,Section 301 List 3,081350,2018-09-24,us_301_list3_2018:0813.50.00=0813.50.00,3,,https://www.govinfo.gov/content/pkg/FR-2018-09-21/pdf/FR-2018-09-21.pdf,official_scope_expanded_on_valid_2018_hts_universe
us_301_list3_2018,Section 301 List 3,081400,2018-09-24,us_301_list3_2018:0814.00.10=0814.00.10|us_301_list3_2018:0814.00.40=0814.00.40|us_301_list3_2018:0814.00.80=0814.00.80,3,,https://www.govinfo.gov/content/pkg/FR-2018-09-21/pdf/FR-2018-09-21.pdf,official_scope_expanded_on_valid_2018_hts_universe
us_301_list3_2018,Section 301 List 3,100111,2018-09-24,us_301_list3_2018:1001.11.00=1001.11.00,1,,https://www.govinfo.gov/content/pkg/FR-2018-09-21/pdf/FR-2018-09-21.pdf,official_scope_expanded_on_valid_2018_hts_universe
us_301_list3_2018,Section 301 List 3,100199,2018-09-24,us_301_list3_2018:1001.99.00=1001.99.00,12,,https://www.govinfo.gov/content/pkg/FR-2018-09-21/pdf/FR-2018-09-21.pdf,official_scope_expanded_on_valid_2018_hts_universe
us_301_list3_2018,Section 301 List 3,100310,2018-09-24,us_301_list3_2018:1003.10.00=1003.10.00,1,,https://www.govinfo.gov/content/pkg/FR-2018-09-21/pdf/FR-2018-09-21.pdf,official_scope_expanded_on_valid_2018_hts_universe
us_301_list3_2018,Section 301 List 3,100390,2018-09-24,us_301_list3_2018:1003.90.20=1003.90.20|us_301_list3_2018:1003.90.40=1003.90.40,3,,https://www.govinfo.gov/content/pkg/FR-2018-09-21/pdf/FR-2018-09-21.pdf,official_scope_expanded_on_valid_2018_hts_universe
us_301_list3_2018,Section 301 List 3,100410,2018-09-24,us_301_list3_2018:1004.10.00=1004.10.00,1,,https://www.govinfo.gov/content/pkg/FR-2018-09-21/pdf/FR-2018-09-21.pdf,official_scope_expanded_on_valid_2018_hts_universe
us_301_list3_2018,Section 301 List 3,100490,2018-09-24,us_301_list3_2018:1004.90.00=1004.90.00,2,,https://www.govinfo.gov/content/pkg/FR-2018-09-21/pdf/FR-2018-09-21.pdf,official_scope_expanded_on_valid_2018_hts_universe
us_301_list3_2018,Section 301 List 3,100590,2018-09-24,us_301_list3_2018:1005.90.20=1005.90.20|us_301_list3_2018:1005.90.40=1005.90.40,4,,https://www.govinfo.gov/content/pkg/FR-2018-09-21/pdf/FR-2018-09-21.pdf,official_scope_expanded_on_valid_2018_hts_universe
us_301_list3_2018,Section 301 List 3,100620,2018-09-24,us_301_list3_2018:1006.20.20=1006.20.20|us_301_list3_2018:1006.20.40=1006.20.40,5,,https://www.govinfo.gov/content/pkg/FR-2018-09-21/pdf/FR-2018-09-21.pdf,official_scope_expanded_on_valid_2018_hts_universe
us_301_list3_2018,Section 301 List 3,100630,2018-09-24,us_301_list3_2018:1006.30.10=1006.30.10|us_301_list3_2018:1006.30.90=1006.30.90,7,,https://www.govinfo.gov/content/pkg/FR-2018-09-21/pdf/FR-2018-09-21.pdf,official_scope_expanded_on_valid_2018_hts_universe
us_301_list3_2018,Section 301 List 3,100640,2018-09-24,us_301_list3_2018:1006.40.00=1006.40.00,1,,https://www.govinfo.gov/content/pkg/FR-2018-09-21/pdf/FR-2018-09-21.pdf,official_scope_expanded_on_valid_2018_hts_universe
us_301_list3_2018,Section 301 List 3,100710,2018-09-24,us_301_list3_2018:1007.10.00=1007.10.00,1,,https://www.govinfo.gov/content/pkg/FR-2018-09-21/pdf/FR-2018-09-21.pdf,official_scope_expanded_on_valid_2018_hts_universe
us_301_list3_2018,Section 301 List 3,100790,2018-09-24,us_301_list3_2018:1007.90.00=1007.90.00,1,,https://www.govinfo.gov/content/pkg/FR-2018-09-21/pdf/FR-2018-09-21.pdf,official_scope_expanded_on_valid_2018_hts_universe
us_301_list3_2018,Section 301 List 3,100810,2018-09-24,us_301_list3_2018:1008.10.00=1008.10.00,1,,https://www.govinfo.gov/content/pkg/FR-2018-09-21/pdf/FR-2018-09-21.pdf,official_scope_expanded_on_valid_2018_hts_universe
us_301_list3_2018,Section 301 List 3,100821,2018-09-24,us_301_list3_2018:1008.21.00=1008.21.00,1,,https://www.govinfo.gov/content/pkg/FR-2018-09-21/pdf/FR-2018-09-21.pdf,official_scope_expanded_on_valid_2018_hts_universe
us_301_list3_2018,Section 301 List 3,100829,2018-09-24,us_301_list3_2018:1008.29.00=1008.29.00,1,,https://www.govinfo.gov/content/pkg/FR-2018-09-21/pdf/FR-2018-09-21.pdf,official_scope_expanded_on_valid_2018_hts_universe
us_301_list3_2018,Section 301 List 3,100830,2018-09-24,us_301_list3_2018:1008.30.00=1008.30.00,1,,https://www.govinfo.gov/content/pkg/FR-2018-09-21/pdf/FR-2018-09-21.pdf,official_scope_expanded_on_valid_2018_hts_universe
us_301_list3_2018,Section 301 List 3,100850,2018-09-24,us_301_list3_2018:1008.50.00=1008.50.00,2,,https://www.govinfo.gov/content/pkg/FR-2018-09-21/pdf/FR-2018-09-21.pdf,official_scope_expanded_on_valid_2018_hts_universe
us_301_list3_2018,Section 301 List 3,100890,2018-09-24,us_301_list3_2018:1008.90.01=1008.90.01,2,,https://www.govinfo.gov/content/pkg/FR-2018-09-21/pdf/FR-2018-09-21.pdf,official_scope_expanded_on_valid_2018_hts_universe
us_301_list3_2018,Section 301 List 3,110100,2018-09-24,us_301_list3_2018:1101.00.00=1101.00.00,6,,https://www.govinfo.gov/content/pkg/FR-2018-09-21/pdf/FR-2018-09-21.pdf,official_scope_expanded_on_valid_2018_hts_universe
us_301_list3_2018,Section 301 List 3,110220,2018-09-24,us_301_list3_2018:1102.20.00=1102.20.00,1,,https://www.govinfo.gov/content/pkg/FR-2018-09-21/pdf/FR-2018-09-21.pdf,official_scope_expanded_on_valid_2018_hts_universe
us_301_list3_2018,Section 301 List 3,110290,2018-09-24,us_301_list3_2018:1102.90.20=1102.90.20|us_301_list3_2018:1102.90.25=1102.90.25|us_301_list3_2018:1102.90.27=1102.90.27|us_301_list3_2018:1102.90.30=1102.90.30|us_301_list3_2018:1102.90.60=1102.90.60,5,,https://www.govinfo.gov/content/pkg/FR-2018-09-21/pdf/FR-2018-09-21.pdf,official_scope_expanded_on_valid_2018_hts_universe
us_301_list3_2018,Section 301 List 3,110311,2018-09-24,us_301_list3_2018:1103.11.00=1103.11.00,2,,https://www.govinfo.gov/content/pkg/FR-2018-09-21/pdf/FR-2018-09-21.pdf,official_scope_expanded_on_valid_2018_hts_universe
us_301_list3_2018,Section 301 List 3,110313,2018-09-24,us_301_list3_2018:1103.13.00=1103.13.00,2,,https://www.govinfo.gov/content/pkg/FR-2018-09-21/pdf/FR-2018-09-21.pdf,official_scope_expanded_on_valid_2018_hts_universe
us_301_list3_2018,Section 301 List 3,110319,2018-09-24,us_301_list3_2018:1103.19.12=1103.19.12|us_301_list3_2018:1103.19.14=1103.19.14|us_301_list3_2018:1103.19.90=1103.19.90,3,,https://www.govinfo.gov/content/pkg/FR-2018-09-21/pdf/FR-2018-09-21.pdf,official_scope_expanded_on_valid_2018_hts_universe
us_301_list3_2018,Section 301 List 3,110320,2018-09-24,us_301_list3_2018:1103.20.00=1103.20.00,2,,https://www.govinfo.gov/content/pkg/FR-2018-09-21/pdf/FR-2018-09-21.pdf,official_scope_expanded_on_valid_2018_hts_universe
us_301_list3_2018,Section 301 List 3,110412,2018-09-24,us_301_list3_2018:1104.12.00=1104.12.00,1,,https://www.govinfo.gov/content/pkg/FR-2018-09-21/pdf/FR-2018-09-21.pdf,official_scope_expanded_on_valid_2018_hts_universe
us_301_list3_2018,Section 301 List 3,110419,2018-09-24,us_301_list3_2018:1104.19.10=1104.19.10|us_301_list3_2018:1104.19.90=1104.19.90,2,,https://www.govinfo.gov/content/pkg/FR-2018-09-21/pdf/FR-2018-09-21.pdf,official_scope_expanded_on_valid_2018_hts_universe
us_301_list3_2018,Section 301 List 3,110422,2018-09-24,us_301_list3_2018:1104.22.00=1104.22.00,1,,https://www.govinfo.gov/content/pkg/FR-2018-09-21/pdf/FR-2018-09-21.pdf,official_scope_expanded_on_valid_2018_hts_universe
us_301_list3_2018,Section 301 List 3,110423,2018-09-24,us_301_list3_2018:1104.23.00=1104.23.00,1,,https://www.govinfo.gov/content/pkg/FR-2018-09-21/pdf/FR-2018-09-21.pdf,official_scope_expanded_on_valid_2018_hts_universe
us_301_list3_2018,Section 301 List 3,110429,2018-09-24,us_301_list3_2018:1104.29.10=1104.29.10|us_301_list3_2018:1104.29.90=1104.29.90,2,,https://www.govinfo.gov/content/pkg/FR-2018-09-21/pdf/FR-2018-09-21.pdf,official_scope_expanded_on_valid_2018_hts_universe
us_301_list3_2018,Section 301 List 3,110430,2018-09-24,us_301_list3_2018:1104.30.00=1104.30.00,1,,https://www.govinfo.gov/content/pkg/FR-2018-09-21/pdf/FR-2018-09-21.pdf,official_scope_expanded_on_valid_2018_hts_universe
us_301_list3_2018,Section 301 List 3,110510,2018-09-24,us_301_list3_2018:1105.10.00=1105.10.00,1,,https://www.govinfo.gov/content/pkg/FR-2018-09-21/pdf/FR-2018-09-21.pdf,official_scope_expanded_on_valid_2018_hts_universe
us_301_list3_2018,Section 301 List 3,110520,2018-09-24,us_301_list3_2018:1105.20.00=1105.20.00,1,,https://www.govinfo.gov/content/pkg/FR-2018-09-21/pdf/FR-2018-09-21.pdf,official_scope_expanded_on_valid_2018_hts_universe
us_301_list3_2018,Section 301 List 3,110610,2018-09-24,us_301_list3_2018:1106.10.00=1106.10.00,1,,https://www.govinfo.gov/content/pkg/FR-2018-09-21/pdf/FR-2018-09-21.pdf,official_scope_expanded_on_valid_2018_hts_universe
us_301_list3_2018,Section 301 List 3,110620,2018-09-24,us_301_list3_2018:1106.20.10=1106.20.10|us_301_list3_2018:1106.20.90=1106.20.90,2,,https://www.govinfo.gov/content/pkg/FR-2018-09-21/pdf/FR-2018-09-21.pdf,official_scope_expanded_on_valid_2018_hts_universe
us_301_list3_2018,Section 301 List 3,110630,2018-09-24,us_301_list3_2018:1106.30.20=1106.30.20|us_301_list3_2018:1106.30.40=1106.30.40,2,,https://www.govinfo.gov/content/pkg/FR-2018-09-21/pdf/FR-2018-09-21.pdf,official_scope_expanded_on_valid_2018_hts_universe
us_301_list3_2018,Section 301 List 3,110710,2018-09-24,us_301_list3_2018:1107.10.00=1107.10.00,1,,https://www.govinfo.gov/content/pkg/FR-2018-09-21/pdf/FR-2018-09-21.pdf,official_scope_expanded_on_valid_2018_hts_universe
us_301_list3_2018,Section 301 List 3,110720,2018-09-24,us_301_list3_2018:1107.20.00=1107.20.00,1,,https://www.govinfo.gov/content/pkg/FR-2018-09-21/pdf/FR-2018-09-21.pdf,official_scope_expanded_on_valid_2018_hts_universe
us_301_list3_2018,Section 301 List 3,110811,2018-09-24,us_301_list3_2018:1108.11.00=1108.11.00,2,,https://www.govinfo.gov/content/pkg/FR-2018-09-21/pdf/FR-2018-09-21.pdf,official_scope_expanded_on_valid_2018_hts_universe
us_301_list3_2018,Section 301 List 3,110812,2018-09-24,us_301_list3_2018:1108.12.00=1108.12.00,2,,https://www.govinfo.gov/content/pkg/FR-2018-09-21/pdf/FR-2018-09-21.pdf,official_scope_expanded_on_valid_2018_hts_universe
us_301_list3_2018,Section 301 List 3,110813,2018-09-24,us_301_list3_2018:1108.13.00=1108.13.00,2,,https://www.govinfo.gov/content/pkg/FR-2018-09-21/pdf/FR-2018-09-21.pdf,official_scope_expanded_on_valid_2018_hts_universe
us_301_list3_2018,Section 301 List 3,110814,2018-09-24,us_301_list3_2018:1108.14.00=1108.14.00,1,,https://www.govinfo.gov/content/pkg/FR-2018-09-21/pdf/FR-2018-09-21.pdf,official_scope_expanded_on_valid_2018_hts_universe
us_301_list3_2018,Section 301 List 3,110819,2018-09-24,us_301_list3_2018:1108.19.00=1108.19.00,2,,https://www.govinfo.gov/content/pkg/FR-2018-09-21/pdf/FR-2018-09-21.pdf,official_scope_expanded_on_valid_2018_hts_universe
us_301_list3_2018,Section 301 List 3,110820,2018-09-24,us_301_list3_2018:1108.20.00=1108.20.00,1,,https://www.govinfo.gov/content/pkg/FR-2018-09-21/pdf/FR-2018-09-21.pdf,official_scope_expanded_on_valid_2018_hts_universe
us_301_list3_2018,Section 301 List 3,110900,2018-09-24,us_301_list3_2018:1109.00.10=1109.00.10|us_301_list3_2018:1109.00.90=1109.00.90,2,,https://www.govinfo.gov/content/pkg/FR-2018-09-21/pdf/FR-2018-09-21.pdf,official_scope_expanded_on_valid_2018_hts_universe
us_301_list3_2018,Section 301 List 3,120110,2018-09-24,us_301_list3_2018:1201.10.00=1201.10.00,1,,https://www.govinfo.gov/content/pkg/FR-2018-09-21/pdf/FR-2018-09-21.pdf,official_scope_expanded_on_valid_2018_hts_universe
us_301_list3_2018,Section 301 List 3,120190,2018-09-24,us_301_list3_2018:1201.90.00=1201.90.00,3,,https://www.govinfo.gov/content/pkg/FR-2018-09-21/pdf/FR-2018-09-21.pdf,official_scope_expanded_on_valid_2018_hts_universe
us_301_list3_2018,Section 301 List 3,120230,2018-09-24,us_301_list3_2018:1202.30.40=1202.30.40,1,,https://www.govinfo.gov/content/pkg/FR-2018-09-21/pdf/FR-2018-09-21.pdf,official_scope_expanded_on_valid_2018_hts_universe
us_301_list3_2018,Section 301 List 3,120400,2018-09-24,us_301_list3_2018:1204.00.00=1204.00.00,4,,https://www.govinfo.gov/content/pkg/FR-2018-09-21/pdf/FR-2018-09-21.pdf,official_scope_expanded_on_valid_2018_hts_universe
us_301_list3_2018,Section 301 List 3,120510,2018-09-24,us_301_list3_2018:1205.10.00=1205.10.00,3,,https://www.govinfo.gov/content/pkg/FR-2018-09-21/pdf/FR-2018-09-21.pdf,official_scope_expanded_on_valid_2018_hts_universe
us_301_list3_2018,Section 301 List 3,120590,2018-09-24,us_301_list3_2018:1205.90.00=1205.90.00,3,,https://www.govinfo.gov/content/pkg/FR-2018-09-21/pdf/FR-2018-09-21.pdf,official_scope_expanded_on_valid_2018_hts_universe
us_301_list3_2018,Section 301 List 3,120600,2018-09-24,us_301_list3_2018:1206.00.00=1206.00.00,5,,https://www.govinfo.gov/content/pkg/FR-2018-09-21/pdf/FR-2018-09-21.pdf,official_scope_expanded_on_valid_2018_hts_universe
us_301_list3_2018,Section 301 List 3,120740,2018-09-24,us_301_list3_2018:1207.40.00=1207.40.00,1,,https://www.govinfo.gov/content/pkg/FR-2018-09-21/pdf/FR-2018-09-21.pdf,official_scope_expanded_on_valid_2018_hts_universe
us_301_list3_2018,Section 301 List 3,120750,2018-09-24,us_301_list3_2018:1207.50.00=1207.50.00,1,,https://www.govinfo.gov/content/pkg/FR-2018-09-21/pdf/FR-2018-09-21.pdf,official_scope_expanded_on_valid_2018_hts_universe
us_301_list3_2018,Section 301 List 3,120760,2018-09-24,us_301_list3_2018:1207.60.00=1207.60.00,0,us_301_list3_2018:1207.60.00=1207.60.00,https://www.govinfo.gov/content/pkg/FR-2018-09-21/pdf/FR-2018-09-21.pdf,official_scope_recorded_at_same_revision_hs6_no_trade_line
us_301_list3_2018,Section 301 List 3,120770,2018-09-24,us_301_list3_2018:1207.70.00=1207.70.00,3,,https://www.govinfo.gov/content/pkg/FR-2018-09-21/pdf/FR-2018-09-21.pdf,official_scope_expanded_on_valid_2018_hts_universe
us_301_list3_2018,Section 301 List 3,120791,2018-09-24,us_301_list3_2018:1207.91.00=1207.91.00,1,,https://www.govinfo.gov/content/pkg/FR-2018-09-21/pdf/FR-2018-09-21.pdf,official_scope_expanded_on_valid_2018_hts_universe
us_301_list3_2018,Section 301 List 3,120799,2018-09-24,us_301_list3_2018:1207.99.03=1207.99.03,3,,https://www.govinfo.gov/content/pkg/FR-2018-09-21/pdf/FR-2018-09-21.pdf,official_scope_expanded_on_valid_2018_hts_universe
us_301_list3_2018,Section 301 List 3,120810,2018-09-24,us_301_list3_2018:1208.10.00=1208.10.00,2,,https://www.govinfo.gov/content/pkg/FR-2018-09-21/pdf/FR-2018-09-21.pdf,official_scope_expanded_on_valid_2018_hts_universe
us_301_list3_2018,Section 301 List 3,120890,2018-09-24,us_301_list3_2018:1208.90.00=1208.90.00,1,,https://www.govinfo.gov/content/pkg/FR-2018-09-21/pdf/FR-2018-09-21.pdf,official_scope_expanded_on_valid_2018_hts_universe
us_301_list3_2018,Section 301 List 3,120910,2018-09-24,us_301_list3_2018:1209.10.00=1209.10.00,1,,https://www.govinfo.gov/content/pkg/FR-2018-09-21/pdf/FR-2018-09-21.pdf,official_scope_expanded_on_valid_2018_hts_universe
us_301_list3_2018,Section 301 List 3,120921,2018-09-24,us_301_list3_2018:1209.21.00=1209.21.00,2,,https://www.govinfo.gov/content/pkg/FR-2018-09-21/pdf/FR-2018-09-21.pdf,official_scope_expanded_on_valid_2018_hts_universe
us_301_list3_2018,Section 301 List 3,120925,2018-09-24,us_301_list3_2018:1209.25.00=1209.25.00,2,,https://www.govinfo.gov/content/pkg/FR-2018-09-21/pdf/FR-2018-09-21.pdf,official_scope_expanded_on_valid_2018_hts_universe
us_301_list3_2018,Section 301 List 3,120929,2018-09-24,us_301_list3_2018:1209.29.10=1209.29.10|us_301_list3_2018:1209.29.91=1209.29.91,15,,https://www.govinfo.gov/content/pkg/FR-2018-09-21/pdf/FR-2018-09-21.pdf,official_scope_expanded_on_valid_2018_hts_universe
us_301_list3_2018,Section 301 List 3,120930,2018-09-24,us_301_list3_2018:1209.30.00=1209.30.00,2,,https://www.govinfo.gov/content/pkg/FR-2018-09-21/pdf/FR-2018-09-21.pdf,official_scope_expanded_on_valid_2018_hts_universe
us_301_list3_2018,Section 301 List 3,120991,2018-09-24,us_301_list3_2018:1209.91.10=1209.91.10|us_301_list3_2018:1209.91.20=1209.91.20|us_301_list3_2018:1209.91.40=1209.91.40|us_301_list3_2018:1209.91.50=1209.91.50|us_301_list3_2018:1209.91.60=1209.91.60|us_301_list3_2018:1209.91.80=1209.91.80,22,,https://www.govinfo.gov/content/pkg/FR-2018-09-21/pdf/FR-2018-09-21.pdf,official_scope_expanded_on_valid_2018_hts_universe
us_301_list3_2018,Section 301 List 3,120999,2018-09-24,us_301_list3_2018:1209.99.20=1209.99.20|us_301_list3_2018:1209.99.41=1209.99.41,3,,https://www.govinfo.gov/content/pkg/FR-2018-09-21/pdf/FR-2018-09-21.pdf,official_scope_expanded_on_valid_2018_hts_universe
us_301_list3_2018,Section 301 List 3,121010,2018-09-24,us_301_list3_2018:1210.10.00=1210.10.00,1,,https://www.govinfo.gov/content/pkg/FR-2018-09-21/pdf/FR-2018-09-21.pdf,official_scope_expanded_on_valid_2018_hts_universe
us_301_list3_2018,Section 301 List 3,121120,2018-09-24,us_301_list3_2018:1211.20.10=1211.20.10|us_301_list3_2018:1211.20.15=1211.20.15,3,,https://www.govinfo.gov/content/pkg/FR-2018-09-21/pdf/FR-2018-09-21.pdf,official_scope_expanded_on_valid_2018_hts_universe
us_301_list3_2018,Section 301 List 3,121130,2018-09-24,us_301_list3_2018:1211.30.00=1211.30.00,1,,https://www.govinfo.gov/content/pkg/FR-2018-09-21/pdf/FR-2018-09-21.pdf,official_scope_expanded_on_valid_2018_hts_universe
us_301_list3_2018,Section 301 List 3,121140,2018-09-24,us_301_list3_2018:1211.40.00=1211.40.00,1,,https://www.govinfo.gov/content/pkg/FR-2018-09-21/pdf/FR-2018-09-21.pdf,official_scope_expanded_on_valid_2018_hts_universe
us_301_list3_2018,Section 301 List 3,121150,2018-09-24,us_301_list3_2018:1211.50.00=1211.50.00,1,,https://www.govinfo.gov/content/pkg/FR-2018-09-21/pdf/FR-2018-09-21.pdf,official_scope_expanded_on_valid_2018_hts_universe
us_301_list3_2018,Section 301 List 3,121190,2018-09-24,us_301_list3_2018:1211.90.20=1211.90.20|us_301_list3_2018:1211.90.40=1211.90.40|us_301_list3_2018:1211.90.92=1211.90.92|us_301_list3_2018:1211.90.93=1211.90.93,10,,https://www.govinfo.gov/content/pkg/FR-2018-09-21/pdf/FR-2018-09-21.pdf,official_scope_expanded_on_valid_2018_hts_universe
us_301_list3_2018,Section 301 List 3,121221,2018-09-24,us_301_list3_2018:1212.21.00=1212.21.00,1,,https://www.govinfo.gov/content/pkg/FR-2018-09-21/pdf/FR-2018-09-21.pdf,official_scope_expanded_on_valid_2018_hts_universe
us_301_list3_2018,Section 301 List 3,121229,2018-09-24,us_301_list3_2018:1212.29.00=1212.29.00,1,,https://www.govinfo.gov/content/pkg/FR-2018-09-21/pdf/FR-2018-09-21.pdf,official_scope_expanded_on_valid_2018_hts_universe
us_301_list3_2018,Section 301 List 3,121292,2018-09-24,us_301_list3_2018:1212.92.00=1212.92.00,1,,https://www.govinfo.gov/content/pkg/FR-2018-09-21/pdf/FR-2018-09-21.pdf,official_scope_expanded_on_valid_2018_hts_universe
us_301_list3_2018,Section 301 List 3,121299,2018-09-24,us_301_list3_2018:1212.99.20=1212.99.20|us_301_list3_2018:1212.99.30=1212.99.30|us_301_list3_2018:1212.99.92=1212.99.92,3,,https://www.govinfo.gov/content/pkg/FR-2018-09-21/pdf/FR-2018-09-21.pdf,official_scope_expanded_on_valid_2018_hts_universe
us_301_list3_2018,Section 301 List 3,121300,2018-09-24,us_301_list3_2018:1213.00.00=1213.00.00,1,,https://www.govinfo.gov/content/pkg/FR-2018-09-21/pdf/FR-2018-09-21.pdf,official_scope_expanded_on_valid_2018_hts_universe
us_301_list3_2018,Section 301 List 3,121410,2018-09-24,us_301_list3_2018:1214.10.00=1214.10.00,5,,https://www.govinfo.gov/content/pkg/FR-2018-09-21/pdf/FR-2018-09-21.pdf,official_scope_expanded_on_valid_2018_hts_universe
us_301_list3_2018,Section 301 List 3,121490,2018-09-24,us_301_list3_2018:1214.90.00=1214.90.00,5,,https://www.govinfo.gov/content/pkg/FR-2018-09-21/pdf/FR-2018-09-21.pdf,official_scope_expanded_on_valid_2018_hts_universe
us_301_list3_2018,Section 301 List 3,140110,2018-09-24,us_301_list3_2018:1401.10.00=1401.10.00,1,,https://www.govinfo.gov/content/pkg/FR-2018-09-21/pdf/FR-2018-09-21.pdf,official_scope_expanded_on_valid_2018_hts_universe
us_301_list3_2018,Section 301 List 3,140190,2018-09-24,us_301_list3_2018:1401.90.20=1401.90.20|us_301_list3_2018:1401.90.40=1401.90.40,2,,https://www.govinfo.gov/content/pkg/FR-2018-09-21/pdf/FR-2018-09-21.pdf,official_scope_expanded_on_valid_2018_hts_universe
us_301_list3_2018,Section 301 List 3,140420,2018-09-24,us_301_list3_2018:1404.20.00=1404.20.00,1,,https://www.govinfo.gov/content/pkg/FR-2018-09-21/pdf/FR-2018-09-21.pdf,official_scope_expanded_on_valid_2018_hts_universe
us_301_list3_2018,Section 301 List 3,140490,2018-09-24,us_301_list3_2018:1404.90.10=1404.90.10|us_301_list3_2018:1404.90.30=1404.90.30|us_301_list3_2018:1404.90.40=1404.90.40|us_301_list3_2018:1404.90.90=1404.90.90,6,,https://www.govinfo.gov/content/pkg/FR-2018-09-21/pdf/FR-2018-09-21.pdf,official_scope_expanded_on_valid_2018_hts_universe
us_301_list3_2018,Section 301 List 3,150410,2018-09-24,us_301_list3_2018:1504.10.20=1504.10.20|us_301_list3_2018:1504.10.40=1504.10.40,2,,https://www.govinfo.gov/content/pkg/FR-2018-09-21/pdf/FR-2018-09-21.pdf,official_scope_expanded_on_valid_2018_hts_universe
us_301_list3_2018,Section 301 List 3,150420,2018-09-24,us_301_list3_2018:1504.20.20=1504.20.20|us_301_list3_2018:1504.20.40=1504.20.40|us_301_list3_2018:1504.20.60=1504.20.60,4,,https://www.govinfo.gov/content/pkg/FR-2018-09-21/pdf/FR-2018-09-21.pdf,official_scope_expanded_on_valid_2018_hts_universe
us_301_list3_2018,Section 301 List 3,150500,2018-09-24,us_301_list3_2018:1505.00.10=1505.00.10|us_301_list3_2018:1505.00.90=1505.00.90,2,,https://www.govinfo.gov/content/pkg/FR-2018-09-21/pdf/FR-2018-09-21.pdf,official_scope_expanded_on_valid_2018_hts_universe
us_301_list3_2018,Section 301 List 3,150600,2018-09-24,us_301_list3_2018:1506.00.00=1506.00.00,1,,https://www.govinfo.gov/content/pkg/FR-2018-09-21/pdf/FR-2018-09-21.pdf,official_scope_expanded_on_valid_2018_hts_universe
us_301_list3_2018,Section 301 List 3,160232,2018-09-24,us_301_list3_2018:1602.32.00=1602.32.00,3,,https://www.govinfo.gov/content/pkg/FR-2018-09-21/pdf/FR-2018-09-21.pdf,official_scope_expanded_on_valid_2018_hts_universe
us_301_list3_2018,Section 301 List 3,160300,2018-09-24,us_301_list3_2018:1603.00.10=1603.00.10|us_301_list3_2018:1603.00.90=1603.00.90,3,,https://www.govinfo.gov/content/pkg/FR-2018-09-21/pdf/FR-2018-09-21.pdf,official_scope_expanded_on_valid_2018_hts_universe
us_301_list3_2018,Section 301 List 3,160411,2018-09-24,us_301_list3_2018:1604.11.20=1604.11.20|us_301_list3_2018:1604.11.40=1604.11.40,8,,https://www.govinfo.gov/content/pkg/FR-2018-09-21/pdf/FR-2018-09-21.pdf,official_scope_expanded_on_valid_2018_hts_universe
us_301_list3_2018,Section 301 List 3,160412,2018-09-24,us_301_list3_2018:1604.12.20=1604.12.20|us_301_list3_2018:1604.12.40=1604.12.40|us_301_list3_2018:1604.12.60=1604.12.60,6,,https://www.govinfo.gov/content/pkg/FR-2018-09-21/pdf/FR-2018-09-21.pdf,official_scope_expanded_on_valid_2018_hts_universe
us_301_list3_2018,Section 301 List 3,160413,2018-09-24,us_301_list3_2018:1604.13.10=1604.13.10|us_301_list3_2018:1604.13.20=1604.13.20|us_301_list3_2018:1604.13.30=1604.13.30|us_301_list3_2018:1604.13.40=1604.13.40|us_301_list3_2018:1604.13.90=1604.13.90,5,,https://www.govinfo.gov/content/pkg/FR-2018-09-21/pdf/FR-2018-09-21.pdf,official_scope_expanded_on_valid_2018_hts_universe
us_301_list3_2018,Section 301 List 3,160414,2018-09-24,us_301_list3_2018:1604.14.10=1604.14.10|us_301_list3_2018:1604.14.22=1604.14.22|us_301_list3_2018:1604.14.30=1604.14.30|us_301_list3_2018:1604.14.40=1604.14.40|us_301_list3_2018:1604.14.50=1604.14.50|us_301_list3_2018:1604.14.70=1604.14.70|us_301_list3_2018:1604.14.80=1604.14.80,15,,https://www.govinfo.gov/content/pkg/FR-2018-09-21/pdf/FR-2018-09-21.pdf,official_scope_expanded_on_valid_2018_hts_universe
us_301_list3_2018,Section 301 List 3,160415,2018-09-24,us_301_list3_2018:1604.15.00=1604.15.00,1,,https://www.govinfo.gov/content/pkg/FR-2018-09-21/pdf/FR-2018-09-21.pdf,official_scope_expanded_on_valid_2018_hts_universe
us_301_list3_2018,Section 301 List 3,160416,2018-09-24,us_301_list3_2018:1604.16.20=1604.16.20|us_301_list3_2018:1604.16.40=1604.16.40|us_301_list3_2018:1604.16.60=1604.16.60,3,,https://www.govinfo.gov/content/pkg/FR-2018-09-21/pdf/FR-2018-09-21.pdf,official_scope_expanded_on_valid_2018_hts_universe
us_301_list3_2018,Section 301 List 3,160417,2018-09-24,us_301_list3_2018:1604.17.10=1604.17.10|us_301_list3_2018:1604.17.40=1604.17.40|us_301_list3_2018:1604.17.50=1604.17.50|us_301_list3_2018:1604.17.60=1604.17.60|us_301_list3_2018:1604.17.80=1604.17.80,5,,https://www.govinfo.gov/content/pkg/FR-2018-09-21/pdf/FR-2018-09-21.pdf,official_scope_expanded_on_valid_2018_hts_universe
us_301_list3_2018,Section 301 List 3,160418,2018-09-24,us_301_list3_2018:1604.18.10=1604.18.10|us_301_list3_2018:1604.18.90=1604.18.90,2,,https://www.govinfo.gov/content/pkg/FR-2018-09-21/pdf/FR-2018-09-21.pdf,official_scope_expanded_on_valid_2018_hts_universe
us_301_list3_2018,Section 301 List 3,160419,2018-09-24,us_301_list3_2018:1604.19.10=1604.19.10|us_301_list3_2018:1604.19.22=1604.19.22|us_301_list3_2018:1604.19.25=1604.19.25|us_301_list3_2018:1604.19.32=1604.19.32|us_301_list3_2018:1604.19.41=1604.19.41|us_301_list3_2018:1604.19.51=1604.19.51|us_301_list3_2018:1604.19.61=1604.19.61|us_301_list3_2018:1604.19.82=1604.19.82,8,,https://www.govinfo.gov/content/pkg/FR-2018-09-21/pdf/FR-2018-09-21.pdf,official_scope_expanded_on_valid_2018_hts_universe
us_301_list3_2018,Section 301 List 3,160420,2018-09-24,us_301_list3_2018:1604.20.05=1604.20.05|us_301_list3_2018:1604.20.10=1604.20.10|us_301_list3_2018:1604.20.15=1604.20.15|us_301_list3_2018:1604.20.20=1604.20.20|us_301_list3_2018:1604.20.25=1604.20.25|us_301_list3_2018:1604.20.30=1604.20.30|us_301_list3_2018:1604.20.40=1604.20.40|us_301_list3_2018:1604.20.50=1604.20.50|us_301_list3_2018:1604.20.60=1604.20.60,12,,https://www.govinfo.gov/content/pkg/FR-2018-09-21/pdf/FR-2018-09-21.pdf,official_scope_expanded_on_valid_2018_hts_universe
us_301_list3_2018,Section 301 List 3,160431,2018-09-24,us_301_list3_2018:1604.31.00=1604.31.00,1,,https://www.govinfo.gov/content/pkg/FR-2018-09-21/pdf/FR-2018-09-21.pdf,official_scope_expanded_on_valid_2018_hts_universe
us_301_list3_2018,Section 301 List 3,160432,2018-09-24,us_301_list3_2018:1604.32.30=1604.32.30|us_301_list3_2018:1604.32.40=1604.32.40,2,,https://www.govinfo.gov/content/pkg/FR-2018-09-21/pdf/FR-2018-09-21.pdf,official_scope_expanded_on_valid_2018_hts_universe
us_301_list3_2018,Section 301 List 3,160510,2018-09-24,us_301_list3_2018:1605.10.05=1605.10.05|us_301_list3_2018:1605.10.20=1605.10.20|us_301_list3_2018:1605.10.40=1605.10.40|us_301_list3_2018:1605.10.60=1605.10.60,19,,https://www.govinfo.gov/content/pkg/FR-2018-09-21/pdf/FR-2018-09-21.pdf,official_scope_expanded_on_valid_2018_hts_universe
us_301_list3_2018,Section 301 List 3,160521,2018-09-24,us_301_list3_2018:1605.21.05=1605.21.05|us_301_list3_2018:1605.21.10=1605.21.10,4,,https://www.govinfo.gov/content/pkg/FR-2018-09-21/pdf/FR-2018-09-21.pdf,official_scope_expanded_on_valid_2018_hts_universe
us_301_list3_2018,Section 301 List 3,160529,2018-09-24,us_301_list3_2018:1605.29.05=1605.29.05|us_301_list3_2018:1605.29.10=1605.29.10,3,,https://www.govinfo.gov/content/pkg/FR-2018-09-21/pdf/FR-2018-09-21.pdf,official_scope_expanded_on_valid_2018_hts_universe
us_301_list3_2018,Section 301 List 3,160530,2018-09-24,us_301_list3_2018:1605.30.05=1605.30.05|us_301_list3_2018:1605.30.10=1605.30.10,6,,https://www.govinfo.gov/content/pkg/FR-2018-09-21/pdf/FR-2018-09-21.pdf,official_scope_expanded_on_valid_2018_hts_universe
us_301_list3_2018,Section 301 List 3,160540,2018-09-24,us_301_list3_2018:1605.40.05=1605.40.05|us_301_list3_2018:1605.40.10=1605.40.10,3,,https://www.govinfo.gov/content/pkg/FR-2018-09-21/pdf/FR-2018-09-21.pdf,official_scope_expanded_on_valid_2018_hts_universe
us_301_list3_2018,Section 301 List 3,160551,2018-09-24,us_301_list3_2018:1605.51.05=1605.51.05|us_301_list3_2018:1605.51.40=1605.51.40|us_301_list3_2018:1605.51.50=1605.51.50,3,,https://www.govinfo.gov/content/pkg/FR-2018-09-21/pdf/FR-2018-09-21.pdf,official_scope_expanded_on_valid_2018_hts_universe
us_301_list3_2018,Section 301 List 3,160552,2018-09-24,us_301_list3_2018:1605.52.05=1605.52.05|us_301_list3_2018:1605.52.60=1605.52.60,2,,https://www.govinfo.gov/content/pkg/FR-2018-09-21/pdf/FR-2018-09-21.pdf,official_scope_expanded_on_valid_2018_hts_universe
us_301_list3_2018,Section 301 List 3,160553,2018-09-24,us_301_list3_2018:1605.53.05=1605.53.05|us_301_list3_2018:1605.53.60=1605.53.60,2,,https://www.govinfo.gov/content/pkg/FR-2018-09-21/pdf/FR-2018-09-21.pdf,official_scope_expanded_on_valid_2018_hts_universe
us_301_list3_2018,Section 301 List 3,160554,2018-09-24,us_301_list3_2018:1605.54.05=1605.54.05|us_301_list3_2018:1605.54.60=1605.54.60,4,,https://www.govinfo.gov/content/pkg/FR-2018-09-21/pdf/FR-2018-09-21.pdf,official_scope_expanded_on_valid_2018_hts_universe
us_301_list3_2018,Section 301 List 3,160555,2018-09-24,us_301_list3_2018:1605.55.05=1605.55.05|us_301_list3_2018:1605.55.60=1605.55.60,2,,https://www.govinfo.gov/content/pkg/FR-2018-09-21/pdf/FR-2018-09-21.pdf,official_scope_expanded_on_valid_2018_hts_universe
us_301_list3_2018,Section 301 List 3,160556,2018-09-24,us_301_list3_2018:1605.56.05=1605.56.05|us_301_list3_2018:1605.56.10=1605.56.10|us_301_list3_2018:1605.56.15=1605.56.15|us_301_list3_2018:1605.56.20=1605.56.20|us_301_list3_2018:1605.56.30=1605.56.30|us_301_list3_2018:1605.56.60=1605.56.60,6,,https://www.govinfo.gov/content/pkg/FR-2018-09-21/pdf/FR-2018-09-21.pdf,official_scope_expanded_on_valid_2018_hts_universe
us_301_list3_2018,Section 301 List 3,160557,2018-09-24,us_301_list3_2018:1605.57.05=1605.57.05|us_301_list3_2018:1605.57.60=1605.57.60,2,,https://www.govinfo.gov/content/pkg/FR-2018-09-21/pdf/FR-2018-09-21.pdf,official_scope_expanded_on_valid_2018_hts_universe
us_301_list3_2018,Section 301 List 3,160558,2018-09-24,us_301_list3_2018:1605.58.05=1605.58.05|us_301_list3_2018:1605.58.55=1605.58.55,2,,https://www.govinfo.gov/content/pkg/FR-2018-09-21/pdf/FR-2018-09-21.pdf,official_scope_expanded_on_valid_2018_hts_universe
us_301_list3_2018,Section 301 List 3,160559,2018-09-24,us_301_list3_2018:1605.59.05=1605.59.05|us_301_list3_2018:1605.59.60=1605.59.60,2,,https://www.govinfo.gov/content/pkg/FR-2018-09-21/pdf/FR-2018-09-21.pdf,official_scope_expanded_on_valid_2018_hts_universe
us_301_list3_2018,Section 301 List 3,160561,2018-09-24,us_301_list3_2018:1605.61.00=1605.61.00,1,,https://www.govinfo.gov/content/pkg/FR-2018-09-21/pdf/FR-2018-09-21.pdf,official_scope_expanded_on_valid_2018_hts_universe
us_301_list3_2018,Section 301 List 3,160562,2018-09-24,us_301_list3_2018:1605.62.00=1605.62.00,1,,https://www.govinfo.gov/content/pkg/FR-2018-09-21/pdf/FR-2018-09-21.pdf,official_scope_expanded_on_valid_2018_hts_universe
us_301_list3_2018,Section 301 List 3,160563,2018-09-24,us_301_list3_2018:1605.63.00=1605.63.00,1,,https://www.govinfo.gov/content/pkg/FR-2018-09-21/pdf/FR-2018-09-21.pdf,official_scope_expanded_on_valid_2018_hts_universe
us_301_list3_2018,Section 301 List 3,160569,2018-09-24,us_301_list3_2018:1605.69.00=1605.69.00,1,,https://www.govinfo.gov/content/pkg/FR-2018-09-21/pdf/FR-2018-09-21.pdf,official_scope_expanded_on_valid_2018_hts_universe
us_301_list3_2018,Section 301 List 3,170199,2018-09-24,us_301_list3_2018:1701.99.10=1701.99.10|us_301_list3_2018:1701.99.50=1701.99.50,7,,https://www.govinfo.gov/content/pkg/FR-2018-09-21/pdf/FR-2018-09-21.pdf,official_scope_expanded_on_valid_2018_hts_universe
us_301_list3_2018,Section 301 List 3,170290,2018-09-24,us_301_list3_2018:1702.90.90=1702.90.90,1,,https://www.govinfo.gov/content/pkg/FR-2018-09-21/pdf/FR-2018-09-21.pdf,official_scope_expanded_on_valid_2018_hts_universe
us_301_list3_2018,Section 301 List 3,170490,2018-09-24,us_301_list3_2018:1704.90.35=1704.90.35|us_301_list3_2018:1704.90.90=1704.90.90,4,,https://www.govinfo.gov/content/pkg/FR-2018-09-21/pdf/FR-2018-09-21.pdf,official_scope_expanded_on_valid_2018_hts_universe
us_301_list3_2018,Section 301 List 3,190190,2018-09-24,us_301_list3_2018:1901.90.91=1901.90.91,3,,https://www.govinfo.gov/content/pkg/FR-2018-09-21/pdf/FR-2018-09-21.pdf,official_scope_expanded_on_valid_2018_hts_universe
us_301_list3_2018,Section 301 List 3,190219,2018-09-24,us_301_list3_2018:1902.19.20=1902.19.20|us_301_list3_2018:1902.19.40=1902.19.40,5,,https://www.govinfo.gov/content/pkg/FR-2018-09-21/pdf/FR-2018-09-21.pdf,official_scope_expanded_on_valid_2018_hts_universe
us_301_list3_2018,Section 301 List 3,190220,2018-09-24,us_301_list3_2018:1902.20.00=1902.20.00,3,,https://www.govinfo.gov/content/pkg/FR-2018-09-21/pdf/FR-2018-09-21.pdf,official_scope_expanded_on_valid_2018_hts_universe
us_301_list3_2018,Section 301 List 3,190230,2018-09-24,us_301_list3_2018:1902.30.00=1902.30.00,3,,https://www.govinfo.gov/content/pkg/FR-2018-09-21/pdf/FR-2018-09-21.pdf,official_scope_expanded_on_valid_2018_hts_universe
us_301_list3_2018,Section 301 List 3,190590,2018-09-24,us_301_list3_2018:1905.90.10=1905.90.10,5,,https://www.govinfo.gov/content/pkg/FR-2018-09-21/pdf/FR-2018-09-21.pdf,official_scope_expanded_on_valid_2018_hts_universe
us_301_list3_2018,Section 301 List 3,200110,2018-09-24,us_301_list3_2018:2001.10.00=2001.10.00,1,,https://www.govinfo.gov/content/pkg/FR-2018-09-21/pdf/FR-2018-09-21.pdf,official_scope_expanded_on_valid_2018_hts_universe
us_301_list3_2018,Section 301 List 3,200190,2018-09-24,us_301_list3_2018:2001.90.20=2001.90.20|us_301_list3_2018:2001.90.25=2001.90.25|us_301_list3_2018:2001.90.30=2001.90.30|us_301_list3_2018:2001.90.34=2001.90.34|us_301_list3_2018:2001.90.35=2001.90.35|us_301_list3_2018:2001.90.38=2001.90.38|us_301_list3_2018:2001.90.42=2001.90.42|us_301_list3_2018:2001.90.48=2001.90.48|us_301_list3_2018:2001.90.50=2001.90.50|us_301_list3_2018:2001.90.60=2001.90.60,10,,https://www.govinfo.gov/content/pkg/FR-2018-09-21/pdf/FR-2018-09-21.pdf,official_scope_expanded_on_valid_2018_hts_universe
us_301_list3_2018,Section 301 List 3,200210,2018-09-24,us_301_list3_2018:2002.10.00=2002.10.00,2,,https://www.govinfo.gov/content/pkg/FR-2018-09-21/pdf/FR-2018-09-21.pdf,official_scope_expanded_on_valid_2018_hts_universe
us_301_list3_2018,Section 301 List 3,200290,2018-09-24,us_301_list3_2018:2002.90.40=2002.90.40|us_301_list3_2018:2002.90.80=2002.90.80,6,,https://www.govinfo.gov/content/pkg/FR-2018-09-21/pdf/FR-2018-09-21.pdf,official_scope_expanded_on_valid_2018_hts_universe
us_301_list3_2018,Section 301 List 3,200310,2018-09-24,us_301_list3_2018:2003.10.01=2003.10.01,6,,https://www.govinfo.gov/content/pkg/FR-2018-09-21/pdf/FR-2018-09-21.pdf,official_scope_expanded_on_valid_2018_hts_universe
us_301_list3_2018,Section 301 List 3,200390,2018-09-24,us_301_list3_2018:2003.90.10=2003.90.10|us_301_list3_2018:2003.90.80=2003.90.80,3,,https://www.govinfo.gov/content/pkg/FR-2018-09-21/pdf/FR-2018-09-21.pdf,official_scope_expanded_on_valid_2018_hts_universe
us_301_list3_2018,Section 301 List 3,200410,2018-09-24,us_301_list3_2018:2004.10.80=2004.10.80,2,,https://www.govinfo.gov/content/pkg/FR-2018-09-21/pdf/FR-2018-09-21.pdf,official_scope_expanded_on_valid_2018_hts_universe
us_301_list3_2018,Section 301 List 3,200490,2018-09-24,us_301_list3_2018:2004.90.80=2004.90.80|us_301_list3_2018:2004.90.85=2004.90.85,5,,https://www.govinfo.gov/content/pkg/FR-2018-09-21/pdf/FR-2018-09-21.pdf,official_scope_expanded_on_valid_2018_hts_universe
us_301_list3_2018,Section 301 List 3,200520,2018-09-24,us_301_list3_2018:2005.20.00=2005.20.00,3,,https://www.govinfo.gov/content/pkg/FR-2018-09-21/pdf/FR-2018-09-21.pdf,official_scope_expanded_on_valid_2018_hts_universe
us_301_list3_2018,Section 301 List 3,200540,2018-09-24,us_301_list3_2018:2005.40.00=2005.40.00,1,,https://www.govinfo.gov/content/pkg/FR-2018-09-21/pdf/FR-2018-09-21.pdf,official_scope_expanded_on_valid_2018_hts_universe
us_301_list3_2018,Section 301 List 3,200551,2018-09-24,us_301_list3_2018:2005.51.20=2005.51.20|us_301_list3_2018:2005.51.40=2005.51.40,4,,https://www.govinfo.gov/content/pkg/FR-2018-09-21/pdf/FR-2018-09-21.pdf,official_scope_expanded_on_valid_2018_hts_universe
us_301_list3_2018,Section 301 List 3,200559,2018-09-24,us_301_list3_2018:2005.59.00=2005.59.00,1,,https://www.govinfo.gov/content/pkg/FR-2018-09-21/pdf/FR-2018-09-21.pdf,official_scope_expanded_on_valid_2018_hts_universe
us_301_list3_2018,Section 301 List 3,200560,2018-09-24,us_301_list3_2018:2005.60.00=2005.60.00,1,,https://www.govinfo.gov/content/pkg/FR-2018-09-21/pdf/FR-2018-09-21.pdf,official_scope_expanded_on_valid_2018_hts_universe
us_301_list3_2018,Section 301 List 3,200570,2018-09-24,us_301_list3_2018:2005.70.25=2005.70.25|us_301_list3_2018:2005.70.60=2005.70.60|us_301_list3_2018:2005.70.70=2005.70.70|us_301_list3_2018:2005.70.75=2005.70.75|us_301_list3_2018:2005.70.97=2005.70.97,17,,https://www.govinfo.gov/content/pkg/FR-2018-09-21/pdf/FR-2018-09-21.pdf,official_scope_expanded_on_valid_2018_hts_universe
us_301_list3_2018,Section 301 List 3,200580,2018-09-24,us_301_list3_2018:2005.80.00=2005.80.00,1,,https://www.govinfo.gov/content/pkg/FR-2018-09-21/pdf/FR-2018-09-21.pdf,official_scope_expanded_on_valid_2018_hts_universe
us_301_list3_2018,Section 301 List 3,200591,2018-09-24,us_301_list3_2018:2005.91.60=2005.91.60|us_301_list3_2018:2005.91.97=2005.91.97,2,,https://www.govinfo.gov/content/pkg/FR-2018-09-21/pdf/FR-2018-09-21.pdf,official_scope_expanded_on_valid_2018_hts_universe
us_301_list3_2018,Section 301 List 3,200599,2018-09-24,us_301_list3_2018:2005.99.10=2005.99.10|us_301_list3_2018:2005.99.20=2005.99.20|us_301_list3_2018:2005.99.30=2005.99.30|us_301_list3_2018:2005.99.41=2005.99.41|us_301_list3_2018:2005.99.50=2005.99.50|us_301_list3_2018:2005.99.55=2005.99.55|us_301_list3_2018:2005.99.80=2005.99.80|us_301_list3_2018:2005.99.85=2005.99.85|us_301_list3_2018:2005.99.97=2005.99.97,12,,https://www.govinfo.gov/content/pkg/FR-2018-09-21/pdf/FR-2018-09-21.pdf,official_scope_expanded_on_valid_2018_hts_universe
us_301_list3_2018,Section 301 List 3,200600,2018-09-24,us_301_list3_2018:2006.00.20=2006.00.20|us_301_list3_2018:2006.00.30=2006.00.30|us_301_list3_2018:2006.00.40=2006.00.40|us_301_list3_2018:2006.00.50=2006.00.50|us_301_list3_2018:2006.00.60=2006.00.60|us_301_list3_2018:2006.00.70=2006.00.70|us_301_list3_2018:2006.00.90=2006.00.90,7,,https://www.govinfo.gov/content/pkg/FR-2018-09-21/pdf/FR-2018-09-21.pdf,official_scope_expanded_on_valid_2018_hts_universe
us_301_list3_2018,Section 301 List 3,200710,2018-09-24,us_301_list3_2018:2007.10.00=2007.10.00,1,,https://www.govinfo.gov/content/pkg/FR-2018-09-21/pdf/FR-2018-09-21.pdf,official_scope_expanded_on_valid_2018_hts_universe
us_301_list3_2018,Section 301 List 3,200791,2018-09-24,us_301_list3_2018:2007.91.10=2007.91.10|us_301_list3_2018:2007.91.40=2007.91.40,2,,https://www.govinfo.gov/content/pkg/FR-2018-09-21/pdf/FR-2018-09-21.pdf,official_scope_expanded_on_valid_2018_hts_universe
us_301_list3_2018,Section 301 List 3,200799,2018-09-24,us_301_list3_2018:2007.99.05=2007.99.05|us_301_list3_2018:2007.99.10=2007.99.10|us_301_list3_2018:2007.99.15=2007.99.15|us_301_list3_2018:2007.99.20=2007.99.20|us_301_list3_2018:2007.99.25=2007.99.25|us_301_list3_2018:2007.99.35=2007.99.35|us_301_list3_2018:2007.99.40=2007.99.40|us_301_list3_2018:2007.99.45=2007.99.45|us_301_list3_2018:2007.99.48=2007.99.48|us_301_list3_2018:2007.99.50=2007.99.50|us_301_list3_2018:2007.99.60=2007.99.60|us_301_list3_2018:2007.99.65=2007.99.65|us_301_list3_2018:2007.99.70=2007.99.70|us_301_list3_2018:2007.99.75=2007.99.75,16,,https://www.govinfo.gov/content/pkg/FR-2018-09-21/pdf/FR-2018-09-21.pdf,official_scope_expanded_on_valid_2018_hts_universe
us_301_list3_2018,Section 301 List 3,200811,2018-09-24,us_301_list3_2018:2008.11.02=2008.11.02|us_301_list3_2018:2008.11.05=2008.11.05|us_301_list3_2018:2008.11.15=2008.11.15|us_301_list3_2018:2008.11.22=2008.11.22|us_301_list3_2018:2008.11.25=2008.11.25|us_301_list3_2018:2008.11.42=2008.11.42|us_301_list3_2018:2008.11.45=2008.11.45,7,,https://www.govinfo.gov/content/pkg/FR-2018-09-21/pdf/FR-2018-09-21.pdf,official_scope_expanded_on_valid_2018_hts_universe
us_301_list3_2018,Section 301 List 3,200819,2018-09-24,us_301_list3_2018:2008.19.10=2008.19.10|us_301_list3_2018:2008.19.15=2008.19.15|us_301_list3_2018:2008.19.20=2008.19.20|us_301_list3_2018:2008.19.25=2008.19.25|us_301_list3_2018:2008.19.30=2008.19.30|us_301_list3_2018:2008.19.40=2008.19.40|us_301_list3_2018:2008.19.50=2008.19.50|us_301_list3_2018:2008.19.85=2008.19.85|us_301_list3_2018:2008.19.90=2008.19.90,12,,https://www.govinfo.gov/content/pkg/FR-2018-09-21/pdf/FR-2018-09-21.pdf,official_scope_expanded_on_valid_2018_hts_universe
us_301_list3_2018,Section 301 List 3,200820,2018-09-24,us_301_list3_2018:2008.20.00=2008.20.00,2,,https://www.govinfo.gov/content/pkg/FR-2018-09-21/pdf/FR-2018-09-21.pdf,official_scope_expanded_on_valid_2018_hts_universe
us_301_list3_2018,Section 301 List 3,200830,2018-09-24,us_301_list3_2018:2008.30.10=2008.30.10|us_301_list3_2018:2008.30.20=2008.30.20|us_301_list3_2018:2008.30.30=2008.30.30|us_301_list3_2018:2008.30.40=2008.30.40|us_301_list3_2018:2008.30.42=2008.30.42|us_301_list3_2018:2008.30.46=2008.30.46|us_301_list3_2018:2008.30.48=2008.30.48|us_301_list3_2018:2008.30.55=2008.30.55|us_301_list3_2018:2008.30.70=2008.30.70|us_301_list3_2018:2008.30.80=2008.30.80|us_301_list3_2018:2008.30.96=2008.30.96,12,,https://www.govinfo.gov/content/pkg/FR-2018-09-21/pdf/FR-2018-09-21.pdf,official_scope_expanded_on_valid_2018_hts_universe
us_301_list3_2018,Section 301 List 3,200840,2018-09-24,us_301_list3_2018:2008.40.00=2008.40.00,2,,https://www.govinfo.gov/content/pkg/FR-2018-09-21/pdf/FR-2018-09-21.pdf,official_scope_expanded_on_valid_2018_hts_universe
us_301_list3_2018,Section 301 List 3,200850,2018-09-24,us_301_list3_2018:2008.50.20=2008.50.20|us_301_list3_2018:2008.50.40=2008.50.40,2,,https://www.govinfo.gov/content/pkg/FR-2018-09-21/pdf/FR-2018-09-21.pdf,official_scope_expanded_on_valid_2018_hts_universe
us_301_list3_2018,Section 301 List 3,200860,2018-09-24,us_301_list3_2018:2008.60.00=2008.60.00,3,,https://www.govinfo.gov/content/pkg/FR-2018-09-21/pdf/FR-2018-09-21.pdf,official_scope_expanded_on_valid_2018_hts_universe
us_301_list3_2018,Section 301 List 3,200870,2018-09-24,us_301_list3_2018:2008.70.10=2008.70.10|us_301_list3_2018:2008.70.20=2008.70.20,4,,https://www.govinfo.gov/content/pkg/FR-2018-09-21/pdf/FR-2018-09-21.pdf,official_scope_expanded_on_valid_2018_hts_universe
us_301_list3_2018,Section 301 List 3,200880,2018-09-24,us_301_list3_2018:2008.80.00=2008.80.00,1,,https://www.govinfo.gov/content/pkg/FR-2018-09-21/pdf/FR-2018-09-21.pdf,official_scope_expanded_on_valid_2018_hts_universe
us_301_list3_2018,Section 301 List 3,200893,2018-09-24,us_301_list3_2018:2008.93.00=2008.93.00,1,,https://www.govinfo.gov/content/pkg/FR-2018-09-21/pdf/FR-2018-09-21.pdf,official_scope_expanded_on_valid_2018_hts_universe
us_301_list3_2018,Section 301 List 3,200897,2018-09-24,us_301_list3_2018:2008.97.10=2008.97.10|us_301_list3_2018:2008.97.90=2008.97.90,8,,https://www.govinfo.gov/content/pkg/FR-2018-09-21/pdf/FR-2018-09-21.pdf,official_scope_expanded_on_valid_2018_hts_universe
us_301_list3_2018,Section 301 List 3,200899,2018-09-24,us_301_list3_2018:2008.99.05=2008.99.05|us_301_list3_2018:2008.99.15=2008.99.15|us_301_list3_2018:2008.99.18=2008.99.18|us_301_list3_2018:2008.99.21=2008.99.21|us_301_list3_2018:2008.99.23=2008.99.23|us_301_list3_2018:2008.99.25=2008.99.25|us_301_list3_2018:2008.99.28=2008.99.28|us_301_list3_2018:2008.99.29=2008.99.29|us_301_list3_2018:2008.99.30=2008.99.30|us_301_list3_2018:2008.99.35=2008.99.35|us_301_list3_2018:2008.99.40=2008.99.40|us_301_list3_2018:2008.99.50=2008.99.50|us_301_list3_2018:2008.99.60=2008.99.60|us_301_list3_2018:2008.99.61=2008.99.61|us_301_list3_2018:2008.99.63=2008.99.63|us_301_list3_2018:2008.99.70=2008.99.70|us_301_list3_2018:2008.99.71=2008.99.71|us_301_list3_2018:2008.99.80=2008.99.80|us_301_list3_2018:2008.99.91=2008.99.91,23,,https://www.govinfo.gov/content/pkg/FR-2018-09-21/pdf/FR-2018-09-21.pdf,official_scope_expanded_on_valid_2018_hts_universe
us_301_list3_2018,Section 301 List 3,200911,2018-09-24,us_301_list3_2018:2009.11.00=2009.11.00,3,,https://www.govinfo.gov/content/pkg/FR-2018-09-21/pdf/FR-2018-09-21.pdf,official_scope_expanded_on_valid_2018_hts_universe
us_301_list3_2018,Section 301 List 3,200929,2018-09-24,us_301_list3_2018:2009.29.00=2009.29.00,2,,https://www.govinfo.gov/content/pkg/FR-2018-09-21/pdf/FR-2018-09-21.pdf,official_scope_expanded_on_valid_2018_hts_universe
us_301_list3_2018,Section 301 List 3,200931,2018-09-24,us_301_list3_2018:2009.31.20=2009.31.20|us_301_list3_2018:2009.31.40=2009.31.40|us_301_list3_2018:2009.31.60=2009.31.60,6,,https://www.govinfo.gov/content/pkg/FR-2018-09-21/pdf/FR-2018-09-21.pdf,official_scope_expanded_on_valid_2018_hts_universe
us_301_list3_2018,Section 301 List 3,200939,2018-09-24,us_301_list3_2018:2009.39.60=2009.39.60,3,,https://www.govinfo.gov/content/pkg/FR-2018-09-21/pdf/FR-2018-09-21.pdf,official_scope_expanded_on_valid_2018_hts_universe
us_301_list3_2018,Section 301 List 3,200941,2018-09-24,us_301_list3_2018:2009.41.40=2009.41.40,2,,https://www.govinfo.gov/content/pkg/FR-2018-09-21/pdf/FR-2018-09-21.pdf,official_scope_expanded_on_valid_2018_hts_universe
us_301_list3_2018,Section 301 List 3,200949,2018-09-24,us_301_list3_2018:2009.49.40=2009.49.40,2,,https://www.govinfo.gov/content/pkg/FR-2018-09-21/pdf/FR-2018-09-21.pdf,official_scope_expanded_on_valid_2018_hts_universe
us_301_list3_2018,Section 301 List 3,200950,2018-09-24,us_301_list3_2018:2009.50.00=2009.50.00,2,,https://www.govinfo.gov/content/pkg/FR-2018-09-21/pdf/FR-2018-09-21.pdf,official_scope_expanded_on_valid_2018_hts_universe
us_301_list3_2018,Section 301 List 3,200969,2018-09-24,us_301_list3_2018:2009.69.00=2009.69.00,2,,https://www.govinfo.gov/content/pkg/FR-2018-09-21/pdf/FR-2018-09-21.pdf,official_scope_expanded_on_valid_2018_hts_universe
us_301_list3_2018,Section 301 List 3,200971,2018-09-24,us_301_list3_2018:2009.71.00=2009.71.00,1,,https://www.govinfo.gov/content/pkg/FR-2018-09-21/pdf/FR-2018-09-21.pdf,official_scope_expanded_on_valid_2018_hts_universe
us_301_list3_2018,Section 301 List 3,200979,2018-09-24,us_301_list3_2018:2009.79.00=2009.79.00,4,,https://www.govinfo.gov/content/pkg/FR-2018-09-21/pdf/FR-2018-09-21.pdf,official_scope_expanded_on_valid_2018_hts_universe
us_301_list3_2018,Section 301 List 3,200989,2018-09-24,us_301_list3_2018:2009.89.20=2009.89.20|us_301_list3_2018:2009.89.60=2009.89.60|us_301_list3_2018:2009.89.80=2009.89.80,10,,https://www.govinfo.gov/content/pkg/FR-2018-09-21/pdf/FR-2018-09-21.pdf,official_scope_expanded_on_valid_2018_hts_universe
us_301_list3_2018,Section 301 List 3,200990,2018-09-24,us_301_list3_2018:2009.90.40=2009.90.40,1,,https://www.govinfo.gov/content/pkg/FR-2018-09-21/pdf/FR-2018-09-21.pdf,official_scope_expanded_on_valid_2018_hts_universe
us_301_list3_2018,Section 301 List 3,210310,2018-09-24,us_301_list3_2018:2103.10.00=2103.10.00,1,,https://www.govinfo.gov/content/pkg/FR-2018-09-21/pdf/FR-2018-09-21.pdf,official_scope_expanded_on_valid_2018_hts_universe
us_301_list3_2018,Section 301 List 3,210390,2018-09-24,us_301_list3_2018:2103.90.80=2103.90.80,1,,https://www.govinfo.gov/content/pkg/FR-2018-09-21/pdf/FR-2018-09-21.pdf,official_scope_expanded_on_valid_2018_hts_universe
us_301_list3_2018,Section 301 List 3,210610,2018-09-24,us_301_list3_2018:2106.10.00=2106.10.00,1,,https://www.govinfo.gov/content/pkg/FR-2018-09-21/pdf/FR-2018-09-21.pdf,official_scope_expanded_on_valid_2018_hts_universe
us_301_list3_2018,Section 301 List 3,220110,2018-09-24,us_301_list3_2018:2201.10.00=2201.10.00,1,,https://www.govinfo.gov/content/pkg/FR-2018-09-21/pdf/FR-2018-09-21.pdf,official_scope_expanded_on_valid_2018_hts_universe
us_301_list3_2018,Section 301 List 3,220190,2018-09-24,us_301_list3_2018:2201.90.00=2201.90.00,1,,https://www.govinfo.gov/content/pkg/FR-2018-09-21/pdf/FR-2018-09-21.pdf,official_scope_expanded_on_valid_2018_hts_universe
us_301_list3_2018,Section 301 List 3,220210,2018-09-24,us_301_list3_2018:2202.10.00=2202.10.00,3,,https://www.govinfo.gov/content/pkg/FR-2018-09-21/pdf/FR-2018-09-21.pdf,official_scope_expanded_on_valid_2018_hts_universe
us_301_list3_2018,Section 301 List 3,220299,2018-09-24,us_301_list3_2018:2202.99.30=2202.99.30|us_301_list3_2018:2202.99.35=2202.99.35|us_301_list3_2018:2202.99.36=2202.99.36|us_301_list3_2018:2202.99.37=2202.99.37|us_301_list3_2018:2202.99.90=2202.99.90,5,,https://www.govinfo.gov/content/pkg/FR-2018-09-21/pdf/FR-2018-09-21.pdf,official_scope_expanded_on_valid_2018_hts_universe
us_301_list3_2018,Section 301 List 3,220300,2018-09-24,us_301_list3_2018:2203.00.00=2203.00.00,3,,https://www.govinfo.gov/content/pkg/FR-2018-09-21/pdf/FR-2018-09-21.pdf,official_scope_expanded_on_valid_2018_hts_universe
us_301_list3_2018,Section 301 List 3,220410,2018-09-24,us_301_list3_2018:2204.10.00=2204.10.00,3,,https://www.govinfo.gov/content/pkg/FR-2018-09-21/pdf/FR-2018-09-21.pdf,official_scope_expanded_on_valid_2018_hts_universe
us_301_list3_2018,Section 301 List 3,220421,2018-09-24,us_301_list3_2018:2204.21.20=2204.21.20|us_301_list3_2018:2204.21.30=2204.21.30|us_301_list3_2018:2204.21.50=2204.21.50|us_301_list3_2018:2204.21.60=2204.21.60|us_301_list3_2018:2204.21.80=2204.21.80,14,,https://www.govinfo.gov/content/pkg/FR-2018-09-21/pdf/FR-2018-09-21.pdf,official_scope_expanded_on_valid_2018_hts_universe
us_301_list3_2018,Section 301 List 3,220600,2018-09-24,us_301_list3_2018:2206.00.45=2206.00.45|us_301_list3_2018:2206.00.90=2206.00.90,2,,https://www.govinfo.gov/content/pkg/FR-2018-09-21/pdf/FR-2018-09-21.pdf,official_scope_expanded_on_valid_2018_hts_universe
us_301_list3_2018,Section 301 List 3,220710,2018-09-24,us_301_list3_2018:2207.10.30=2207.10.30|us_301_list3_2018:2207.10.60=2207.10.60,3,,https://www.govinfo.gov/content/pkg/FR-2018-09-21/pdf/FR-2018-09-21.pdf,official_scope_expanded_on_valid_2018_hts_universe
us_301_list3_2018,Section 301 List 3,220900,2018-09-24,us_301_list3_2018:2209.00.00=2209.00.00,1,,https://www.govinfo.gov/content/pkg/FR-2018-09-21/pdf/FR-2018-09-21.pdf,official_scope_expanded_on_valid_2018_hts_universe
us_301_list3_2018,Section 301 List 3,230110,2018-09-24,us_301_list3_2018:2301.10.00=2301.10.00,1,,https://www.govinfo.gov/content/pkg/FR-2018-09-21/pdf/FR-2018-09-21.pdf,official_scope_expanded_on_valid_2018_hts_universe
us_301_list3_2018,Section 301 List 3,230120,2018-09-24,us_301_list3_2018:2301.20.00=2301.20.00,2,,https://www.govinfo.gov/content/pkg/FR-2018-09-21/pdf/FR-2018-09-21.pdf,official_scope_expanded_on_valid_2018_hts_universe
us_301_list3_2018,Section 301 List 3,230230,2018-09-24,us_301_list3_2018:2302.30.00=2302.30.00,2,,https://www.govinfo.gov/content/pkg/FR-2018-09-21/pdf/FR-2018-09-21.pdf,official_scope_expanded_on_valid_2018_hts_universe
us_301_list3_2018,Section 301 List 3,230240,2018-09-24,us_301_list3_2018:2302.40.01=2302.40.01,4,,https://www.govinfo.gov/content/pkg/FR-2018-09-21/pdf/FR-2018-09-21.pdf,official_scope_expanded_on_valid_2018_hts_universe
us_301_list3_2018,Section 301 List 3,230250,2018-09-24,us_301_list3_2018:2302.50.00=2302.50.00,1,,https://www.govinfo.gov/content/pkg/FR-2018-09-21/pdf/FR-2018-09-21.pdf,official_scope_expanded_on_valid_2018_hts_universe
us_301_list3_2018,Section 301 List 3,230310,2018-09-24,us_301_list3_2018:2303.10.00=2303.10.00,3,,https://www.govinfo.gov/content/pkg/FR-2018-09-21/pdf/FR-2018-09-21.pdf,official_scope_expanded_on_valid_2018_hts_universe
us_301_list3_2018,Section 301 List 3,230320,2018-09-24,us_301_list3_2018:2303.20.00=2303.20.00,2,,https://www.govinfo.gov/content/pkg/FR-2018-09-21/pdf/FR-2018-09-21.pdf,official_scope_expanded_on_valid_2018_hts_universe
us_301_list3_2018,Section 301 List 3,230330,2018-09-24,us_301_list3_2018:2303.30.00=2303.30.00,1,,https://www.govinfo.gov/content/pkg/FR-2018-09-21/pdf/FR-2018-09-21.pdf,official_scope_expanded_on_valid_2018_hts_universe
us_301_list3_2018,Section 301 List 3,230400,2018-09-24,us_301_list3_2018:2304.00.00=2304.00.00,1,,https://www.govinfo.gov/content/pkg/FR-2018-09-21/pdf/FR-2018-09-21.pdf,official_scope_expanded_on_valid_2018_hts_universe
us_301_list3_2018,Section 301 List 3,230500,2018-09-24,us_301_list3_2018:2305.00.00=2305.00.00,1,,https://www.govinfo.gov/content/pkg/FR-2018-09-21/pdf/FR-2018-09-21.pdf,official_scope_expanded_on_valid_2018_hts_universe
us_301_list3_2018,Section 301 List 3,230620,2018-09-24,us_301_list3_2018:2306.20.00=2306.20.00,1,,https://www.govinfo.gov/content/pkg/FR-2018-09-21/pdf/FR-2018-09-21.pdf,official_scope_expanded_on_valid_2018_hts_universe
us_301_list3_2018,Section 301 List 3,230630,2018-09-24,us_301_list3_2018:2306.30.00=2306.30.00,1,,https://www.govinfo.gov/content/pkg/FR-2018-09-21/pdf/FR-2018-09-21.pdf,official_scope_expanded_on_valid_2018_hts_universe
us_301_list3_2018,Section 301 List 3,230641,2018-09-24,us_301_list3_2018:2306.41.00=2306.41.00,1,,https://www.govinfo.gov/content/pkg/FR-2018-09-21/pdf/FR-2018-09-21.pdf,official_scope_expanded_on_valid_2018_hts_universe
us_301_list3_2018,Section 301 List 3,230649,2018-09-24,us_301_list3_2018:2306.49.00=2306.49.00,1,,https://www.govinfo.gov/content/pkg/FR-2018-09-21/pdf/FR-2018-09-21.pdf,official_scope_expanded_on_valid_2018_hts_universe
us_301_list3_2018,Section 301 List 3,230690,2018-09-24,us_301_list3_2018:2306.90.01=2306.90.01,3,,https://www.govinfo.gov/content/pkg/FR-2018-09-21/pdf/FR-2018-09-21.pdf,official_scope_expanded_on_valid_2018_hts_universe
us_301_list3_2018,Section 301 List 3,230800,2018-09-24,us_301_list3_2018:2308.00.95=2308.00.95|us_301_list3_2018:2308.00.98=2308.00.98,3,,https://www.govinfo.gov/content/pkg/FR-2018-09-21/pdf/FR-2018-09-21.pdf,official_scope_expanded_on_valid_2018_hts_universe
us_301_list3_2018,Section 301 List 3,230910,2018-09-24,us_301_list3_2018:2309.10.00=2309.10.00,2,,https://www.govinfo.gov/content/pkg/FR-2018-09-21/pdf/FR-2018-09-21.pdf,official_scope_expanded_on_valid_2018_hts_universe
us_301_list3_2018,Section 301 List 3,230990,2018-09-24,us_301_list3_2018:2309.90.10=2309.90.10|us_301_list3_2018:2309.90.70=2309.90.70|us_301_list3_2018:2309.90.95=2309.90.95,10,,https://www.govinfo.gov/content/pkg/FR-2018-09-21/pdf/FR-2018-09-21.pdf,official_scope_expanded_on_valid_2018_hts_universe
us_301_list3_2018,Section 301 List 3,240110,2018-09-24,us_301_list3_2018:2401.10.44=2401.10.44,1,,https://www.govinfo.gov/content/pkg/FR-2018-09-21/pdf/FR-2018-09-21.pdf,official_scope_expanded_on_valid_2018_hts_universe
us_301_list3_2018,Section 301 List 3,240120,2018-09-24,us_301_list3_2018:2401.20.05=2401.20.05|us_301_list3_2018:2401.20.14=2401.20.14|us_301_list3_2018:2401.20.18=2401.20.18|us_301_list3_2018:2401.20.23=2401.20.23|us_301_list3_2018:2401.20.26=2401.20.26|us_301_list3_2018:2401.20.29=2401.20.29|us_301_list3_2018:2401.20.31=2401.20.31|us_301_list3_2018:2401.20.33=2401.20.33|us_301_list3_2018:2401.20.35=2401.20.35|us_301_list3_2018:2401.20.57=2401.20.57|us_301_list3_2018:2401.20.60=2401.20.60|us_301_list3_2018:2401.20.75=2401.20.75|us_301_list3_2018:2401.20.83=2401.20.83|us_301_list3_2018:2401.20.85=2401.20.85|us_301_list3_2018:2401.20.87=2401.20.87,56,,https://www.govinfo.gov/content/pkg/FR-2018-09-21/pdf/FR-2018-09-21.pdf,official_scope_expanded_on_valid_2018_hts_universe
us_301_list3_2018,Section 301 List 3,240130,2018-09-24,us_301_list3_2018:2401.30.03=2401.30.03|us_301_list3_2018:2401.30.06=2401.30.06|us_301_list3_2018:2401.30.09=2401.30.09|us_301_list3_2018:2401.30.13=2401.30.13|us_301_list3_2018:2401.30.16=2401.30.16|us_301_list3_2018:2401.30.19=2401.30.19|us_301_list3_2018:2401.30.23=2401.30.23|us_301_list3_2018:2401.30.25=2401.30.25|us_301_list3_2018:2401.30.27=2401.30.27|us_301_list3_2018:2401.30.33=2401.30.33|us_301_list3_2018:2401.30.35=2401.30.35|us_301_list3_2018:2401.30.37=2401.30.37|us_301_list3_2018:2401.30.70=2401.30.70,55,,https://www.govinfo.gov/content/pkg/FR-2018-09-21/pdf/FR-2018-09-21.pdf,official_scope_expanded_on_valid_2018_hts_universe
us_301_list3_2018,Section 301 List 3,240210,2018-09-24,us_301_list3_2018:2402.10.30=2402.10.30|us_301_list3_2018:2402.10.60=2402.10.60|us_301_list3_2018:2402.10.80=2402.10.80,6,,https://www.govinfo.gov/content/pkg/FR-2018-09-21/pdf/FR-2018-09-21.pdf,official_scope_expanded_on_valid_2018_hts_universe
us_301_list3_2018,Section 301 List 3,240220,2018-09-24,us_301_list3_2018:2402.20.10=2402.20.10|us_301_list3_2018:2402.20.80=2402.20.80|us_301_list3_2018:2402.20.90=2402.20.90,3,,https://www.govinfo.gov/content/pkg/FR-2018-09-21/pdf/FR-2018-09-21.pdf,official_scope_expanded_on_valid_2018_hts_universe
us_301_list3_2018,Section 301 List 3,240290,2018-09-24,us_301_list3_2018:2402.90.00=2402.90.00,1,,https://www.govinfo.gov/content/pkg/FR-2018-09-21/pdf/FR-2018-09-21.pdf,official_scope_expanded_on_valid_2018_hts_universe
us_301_list3_2018,Section 301 List 3,240311,2018-09-24,us_301_list3_2018:2403.11.00=2403.11.00,1,,https://www.govinfo.gov/content/pkg/FR-2018-09-21/pdf/FR-2018-09-21.pdf,official_scope_expanded_on_valid_2018_hts_universe
us_301_list3_2018,Section 301 List 3,240319,2018-09-24,us_301_list3_2018:2403.19.20=2403.19.20|us_301_list3_2018:2403.19.30=2403.19.30|us_301_list3_2018:2403.19.60=2403.19.60|us_301_list3_2018:2403.19.90=2403.19.90,15,,https://www.govinfo.gov/content/pkg/FR-2018-09-21/pdf/FR-2018-09-21.pdf,official_scope_expanded_on_valid_2018_hts_universe
us_301_list3_2018,Section 301 List 3,240391,2018-09-24,us_301_list3_2018:2403.91.43=2403.91.43,4,,https://www.govinfo.gov/content/pkg/FR-2018-09-21/pdf/FR-2018-09-21.pdf,official_scope_expanded_on_valid_2018_hts_universe
us_301_list3_2018,Section 301 List 3,240399,2018-09-24,us_301_list3_2018:2403.99.20=2403.99.20|us_301_list3_2018:2403.99.30=2403.99.30|us_301_list3_2018:2403.99.60=2403.99.60|us_301_list3_2018:2403.99.90=2403.99.90,15,,https://www.govinfo.gov/content/pkg/FR-2018-09-21/pdf/FR-2018-09-21.pdf,official_scope_expanded_on_valid_2018_hts_universe
us_301_list3_2018,Section 301 List 3,250100,2018-09-24,us_301_list3_2018:2501.00.00=2501.00.00,1,,https://www.govinfo.gov/content/pkg/FR-2018-09-21/pdf/FR-2018-09-21.pdf,official_scope_expanded_on_valid_2018_hts_universe
us_301_list3_2018,Section 301 List 3,250200,2018-09-24,us_301_list3_2018:2502.00.00=2502.00.00,1,,https://www.govinfo.gov/content/pkg/FR-2018-09-21/pdf/FR-2018-09-21.pdf,official_scope_expanded_on_valid_2018_hts_universe
us_301_list3_2018,Section 301 List 3,250300,2018-09-24,us_301_list3_2018:2503.00.00=2503.00.00,2,,https://www.govinfo.gov/content/pkg/FR-2018-09-21/pdf/FR-2018-09-21.pdf,official_scope_expanded_on_valid_2018_hts_universe
us_301_list3_2018,Section 301 List 3,250510,2018-09-24,us_301_list3_2018:2505.10.10=2505.10.10|us_301_list3_2018:2505.10.50=2505.10.50,2,,https://www.govinfo.gov/content/pkg/FR-2018-09-21/pdf/FR-2018-09-21.pdf,official_scope_expanded_on_valid_2018_hts_universe
us_301_list3_2018,Section 301 List 3,250590,2018-09-24,us_301_list3_2018:2505.90.00=2505.90.00,1,,https://www.govinfo.gov/content/pkg/FR-2018-09-21/pdf/FR-2018-09-21.pdf,official_scope_expanded_on_valid_2018_hts_universe
us_301_list3_2018,Section 301 List 3,250610,2018-09-24,us_301_list3_2018:2506.10.00=2506.10.00,2,,https://www.govinfo.gov/content/pkg/FR-2018-09-21/pdf/FR-2018-09-21.pdf,official_scope_expanded_on_valid_2018_hts_universe
us_301_list3_2018,Section 301 List 3,250620,2018-09-24,us_301_list3_2018:2506.20.00=2506.20.00,2,,https://www.govinfo.gov/content/pkg/FR-2018-09-21/pdf/FR-2018-09-21.pdf,official_scope_expanded_on_valid_2018_hts_universe
us_301_list3_2018,Section 301 List 3,250700,2018-09-24,us_301_list3_2018:2507.00.00=2507.00.00,1,,https://www.govinfo.gov/content/pkg/FR-2018-09-21/pdf/FR-2018-09-21.pdf,official_scope_expanded_on_valid_2018_hts_universe
us_301_list3_2018,Section 301 List 3,250810,2018-09-24,us_301_list3_2018:2508.10.00=2508.10.00,1,,https://www.govinfo.gov/content/pkg/FR-2018-09-21/pdf/FR-2018-09-21.pdf,official_scope_expanded_on_valid_2018_hts_universe
us_301_list3_2018,Section 301 List 3,250840,2018-09-24,us_301_list3_2018:2508.40.01=2508.40.01,3,,https://www.govinfo.gov/content/pkg/FR-2018-09-21/pdf/FR-2018-09-21.pdf,official_scope_expanded_on_valid_2018_hts_universe
us_301_list3_2018,Section 301 List 3,250850,2018-09-24,us_301_list3_2018:2508.50.00=2508.50.00,1,,https://www.govinfo.gov/content/pkg/FR-2018-09-21/pdf/FR-2018-09-21.pdf,official_scope_expanded_on_valid_2018_hts_universe
us_301_list3_2018,Section 301 List 3,250860,2018-09-24,us_301_list3_2018:2508.60.00=2508.60.00,1,,https://www.govinfo.gov/content/pkg/FR-2018-09-21/pdf/FR-2018-09-21.pdf,official_scope_expanded_on_valid_2018_hts_universe
us_301_list3_2018,Section 301 List 3,250870,2018-09-24,us_301_list3_2018:2508.70.00=2508.70.00,1,,https://www.govinfo.gov/content/pkg/FR-2018-09-21/pdf/FR-2018-09-21.pdf,official_scope_expanded_on_valid_2018_hts_universe
us_301_list3_2018,Section 301 List 3,250900,2018-09-24,us_301_list3_2018:2509.00.10=2509.00.10|us_301_list3_2018:2509.00.20=2509.00.20,2,,https://www.govinfo.gov/content/pkg/FR-2018-09-21/pdf/FR-2018-09-21.pdf,official_scope_expanded_on_valid_2018_hts_universe
us_301_list3_2018,Section 301 List 3,251010,2018-09-24,us_301_list3_2018:2510.10.00=2510.10.00,1,,https://www.govinfo.gov/content/pkg/FR-2018-09-21/pdf/FR-2018-09-21.pdf,official_scope_expanded_on_valid_2018_hts_universe
us_301_list3_2018,Section 301 List 3,251020,2018-09-24,us_301_list3_2018:2510.20.00=2510.20.00,1,,https://www.govinfo.gov/content/pkg/FR-2018-09-21/pdf/FR-2018-09-21.pdf,official_scope_expanded_on_valid_2018_hts_universe
us_301_list3_2018,Section 301 List 3,251120,2018-09-24,us_301_list3_2018:2511.20.00=2511.20.00,1,,https://www.govinfo.gov/content/pkg/FR-2018-09-21/pdf/FR-2018-09-21.pdf,official_scope_expanded_on_valid_2018_hts_universe
us_301_list3_2018,Section 301 List 3,251200,2018-09-24,us_301_list3_2018:2512.00.00=2512.00.00,1,,https://www.govinfo.gov/content/pkg/FR-2018-09-21/pdf/FR-2018-09-21.pdf,official_scope_expanded_on_valid_2018_hts_universe
us_301_list3_2018,Section 301 List 3,251310,2018-09-24,us_301_list3_2018:2513.10.00=2513.10.00,2,,https://www.govinfo.gov/content/pkg/FR-2018-09-21/pdf/FR-2018-09-21.pdf,official_scope_expanded_on_valid_2018_hts_universe
us_301_list3_2018,Section 301 List 3,251320,2018-09-24,us_301_list3_2018:2513.20.10=2513.20.10|us_301_list3_2018:2513.20.90=2513.20.90,2,,https://www.govinfo.gov/content/pkg/FR-2018-09-21/pdf/FR-2018-09-21.pdf,official_scope_expanded_on_valid_2018_hts_universe
us_301_list3_2018,Section 301 List 3,251400,2018-09-24,us_301_list3_2018:2514.00.00=2514.00.00,1,,https://www.govinfo.gov/content/pkg/FR-2018-09-21/pdf/FR-2018-09-21.pdf,official_scope_expanded_on_valid_2018_hts_universe
us_301_list3_2018,Section 301 List 3,251511,2018-09-24,us_301_list3_2018:2515.11.00=2515.11.00,1,,https://www.govinfo.gov/content/pkg/FR-2018-09-21/pdf/FR-2018-09-21.pdf,official_scope_expanded_on_valid_2018_hts_universe
us_301_list3_2018,Section 301 List 3,251512,2018-09-24,us_301_list3_2018:2515.12.10=2515.12.10|us_301_list3_2018:2515.12.20=2515.12.20,2,,https://www.govinfo.gov/content/pkg/FR-2018-09-21/pdf/FR-2018-09-21.pdf,official_scope_expanded_on_valid_2018_hts_universe
us_301_list3_2018,Section 301 List 3,251520,2018-09-24,us_301_list3_2018:2515.20.00=2515.20.00,1,,https://www.govinfo.gov/content/pkg/FR-2018-09-21/pdf/FR-2018-09-21.pdf,official_scope_expanded_on_valid_2018_hts_universe
us_301_list3_2018,Section 301 List 3,251611,2018-09-24,us_301_list3_2018:2516.11.00=2516.11.00,1,,https://www.govinfo.gov/content/pkg/FR-2018-09-21/pdf/FR-2018-09-21.pdf,official_scope_expanded_on_valid_2018_hts_universe
us_301_list3_2018,Section 301 List 3,251612,2018-09-24,us_301_list3_2018:2516.12.00=2516.12.00,2,,https://www.govinfo.gov/content/pkg/FR-2018-09-21/pdf/FR-2018-09-21.pdf,official_scope_expanded_on_valid_2018_hts_universe
us_301_list3_2018,Section 301 List 3,251620,2018-09-24,us_301_list3_2018:2516.20.10=2516.20.10|us_301_list3_2018:2516.20.20=2516.20.20,2,,https://www.govinfo.gov/content/pkg/FR-2018-09-21/pdf/FR-2018-09-21.pdf,official_scope_expanded_on_valid_2018_hts_universe
us_301_list3_2018,Section 301 List 3,251690,2018-09-24,us_301_list3_2018:2516.90.00=2516.90.00,2,,https://www.govinfo.gov/content/pkg/FR-2018-09-21/pdf/FR-2018-09-21.pdf,official_scope_expanded_on_valid_2018_hts_universe
us_301_list3_2018,Section 301 List 3,251710,2018-09-24,us_301_list3_2018:2517.10.00=2517.10.00,3,,https://www.govinfo.gov/content/pkg/FR-2018-09-21/pdf/FR-2018-09-21.pdf,official_scope_expanded_on_valid_2018_hts_universe
us_301_list3_2018,Section 301 List 3,251720,2018-09-24,us_301_list3_2018:2517.20.00=2517.20.00,1,,https://www.govinfo.gov/content/pkg/FR-2018-09-21/pdf/FR-2018-09-21.pdf,official_scope_expanded_on_valid_2018_hts_universe
us_301_list3_2018,Section 301 List 3,251730,2018-09-24,us_301_list3_2018:2517.30.00=2517.30.00,1,,https://www.govinfo.gov/content/pkg/FR-2018-09-21/pdf/FR-2018-09-21.pdf,official_scope_expanded_on_valid_2018_hts_universe
us_301_list3_2018,Section 301 List 3,251741,2018-09-24,us_301_list3_2018:2517.41.00=2517.41.00,1,,https://www.govinfo.gov/content/pkg/FR-2018-09-21/pdf/FR-2018-09-21.pdf,official_scope_expanded_on_valid_2018_hts_universe
us_301_list3_2018,Section 301 List 3,251749,2018-09-24,us_301_list3_2018:2517.49.00=2517.49.00,1,,https://www.govinfo.gov/content/pkg/FR-2018-09-21/pdf/FR-2018-09-21.pdf,official_scope_expanded_on_valid_2018_hts_universe
us_301_list3_2018,Section 301 List 3,251810,2018-09-24,us_301_list3_2018:2518.10.00=2518.10.00,1,,https://www.govinfo.gov/content/pkg/FR-2018-09-21/pdf/FR-2018-09-21.pdf,official_scope_expanded_on_valid_2018_hts_universe
us_301_list3_2018,Section 301 List 3,251820,2018-09-24,us_301_list3_2018:2518.20.00=2518.20.00,1,,https://www.govinfo.gov/content/pkg/FR-2018-09-21/pdf/FR-2018-09-21.pdf,official_scope_expanded_on_valid_2018_hts_universe
us_301_list3_2018,Section 301 List 3,251830,2018-09-24,us_301_list3_2018:2518.30.00=2518.30.00,1,,https://www.govinfo.gov/content/pkg/FR-2018-09-21/pdf/FR-2018-09-21.pdf,official_scope_expanded_on_valid_2018_hts_universe
us_301_list3_2018,Section 301 List 3,252010,2018-09-24,us_301_list3_2018:2520.10.00=2520.10.00,1,,https://www.govinfo.gov/content/pkg/FR-2018-09-21/pdf/FR-2018-09-21.pdf,official_scope_expanded_on_valid_2018_hts_universe
us_301_list3_2018,Section 301 List 3,252020,2018-09-24,us_301_list3_2018:2520.20.00=2520.20.00,1,,https://www.govinfo.gov/content/pkg/FR-2018-09-21/pdf/FR-2018-09-21.pdf,official_scope_expanded_on_valid_2018_hts_universe
us_301_list3_2018,Section 301 List 3,252100,2018-09-24,us_301_list3_2018:2521.00.00=2521.00.00,1,,https://www.govinfo.gov/content/pkg/FR-2018-09-21/pdf/FR-2018-09-21.pdf,official_scope_expanded_on_valid_2018_hts_universe
us_301_list3_2018,Section 301 List 3,252210,2018-09-24,us_301_list3_2018:2522.10.00=2522.10.00,1,,https://www.govinfo.gov/content/pkg/FR-2018-09-21/pdf/FR-2018-09-21.pdf,official_scope_expanded_on_valid_2018_hts_universe
us_301_list3_2018,Section 301 List 3,252220,2018-09-24,us_301_list3_2018:2522.20.00=2522.20.00,1,,https://www.govinfo.gov/content/pkg/FR-2018-09-21/pdf/FR-2018-09-21.pdf,official_scope_expanded_on_valid_2018_hts_universe
us_301_list3_2018,Section 301 List 3,252230,2018-09-24,us_301_list3_2018:2522.30.00=2522.30.00,1,,https://www.govinfo.gov/content/pkg/FR-2018-09-21/pdf/FR-2018-09-21.pdf,official_scope_expanded_on_valid_2018_hts_universe
us_301_list3_2018,Section 301 List 3,252310,2018-09-24,us_301_list3_2018:2523.10.00=2523.10.00,1,,https://www.govinfo.gov/content/pkg/FR-2018-09-21/pdf/FR-2018-09-21.pdf,official_scope_expanded_on_valid_2018_hts_universe
us_301_list3_2018,Section 301 List 3,252321,2018-09-24,us_301_list3_2018:2523.21.00=2523.21.00,1,,https://www.govinfo.gov/content/pkg/FR-2018-09-21/pdf/FR-2018-09-21.pdf,official_scope_expanded_on_valid_2018_hts_universe
us_301_list3_2018,Section 301 List 3,252329,2018-09-24,us_301_list3_2018:2523.29.00=2523.29.00,1,,https://www.govinfo.gov/content/pkg/FR-2018-09-21/pdf/FR-2018-09-21.pdf,official_scope_expanded_on_valid_2018_hts_universe
us_301_list3_2018,Section 301 List 3,252330,2018-09-24,us_301_list3_2018:2523.30.00=2523.30.00,1,,https://www.govinfo.gov/content/pkg/FR-2018-09-21/pdf/FR-2018-09-21.pdf,official_scope_expanded_on_valid_2018_hts_universe
us_301_list3_2018,Section 301 List 3,252390,2018-09-24,us_301_list3_2018:2523.90.00=2523.90.00,1,,https://www.govinfo.gov/content/pkg/FR-2018-09-21/pdf/FR-2018-09-21.pdf,official_scope_expanded_on_valid_2018_hts_universe
us_301_list3_2018,Section 301 List 3,252410,2018-09-24,us_301_list3_2018:2524.10.00=2524.10.00,1,,https://www.govinfo.gov/content/pkg/FR-2018-09-21/pdf/FR-2018-09-21.pdf,official_scope_expanded_on_valid_2018_hts_universe
us_301_list3_2018,Section 301 List 3,252490,2018-09-24,us_301_list3_2018:2524.90.00=2524.90.00,6,,https://www.govinfo.gov/content/pkg/FR-2018-09-21/pdf/FR-2018-09-21.pdf,official_scope_expanded_on_valid_2018_hts_universe
us_301_list3_2018,Section 301 List 3,252510,2018-09-24,us_301_list3_2018:2525.10.00=2525.10.00,3,,https://www.govinfo.gov/content/pkg/FR-2018-09-21/pdf/FR-2018-09-21.pdf,official_scope_expanded_on_valid_2018_hts_universe
us_301_list3_2018,Section 301 List 3,252520,2018-09-24,us_301_list3_2018:2525.20.00=2525.20.00,1,,https://www.govinfo.gov/content/pkg/FR-2018-09-21/pdf/FR-2018-09-21.pdf,official_scope_expanded_on_valid_2018_hts_universe
us_301_list3_2018,Section 301 List 3,252530,2018-09-24,us_301_list3_2018:2525.30.00=2525.30.00,1,,https://www.govinfo.gov/content/pkg/FR-2018-09-21/pdf/FR-2018-09-21.pdf,official_scope_expanded_on_valid_2018_hts_universe
us_301_list3_2018,Section 301 List 3,252800,2018-09-24,us_301_list3_2018:2528.00.00=2528.00.00,3,,https://www.govinfo.gov/content/pkg/FR-2018-09-21/pdf/FR-2018-09-21.pdf,official_scope_expanded_on_valid_2018_hts_universe
us_301_list3_2018,Section 301 List 3,252910,2018-09-24,us_301_list3_2018:2529.10.00=2529.10.00,1,,https://www.govinfo.gov/content/pkg/FR-2018-09-21/pdf/FR-2018-09-21.pdf,official_scope_expanded_on_valid_2018_hts_universe
us_301_list3_2018,Section 301 List 3,252930,2018-09-24,us_301_list3_2018:2529.30.00=2529.30.00,2,,https://www.govinfo.gov/content/pkg/FR-2018-09-21/pdf/FR-2018-09-21.pdf,official_scope_expanded_on_valid_2018_hts_universe
us_301_list3_2018,Section 301 List 3,253010,2018-09-24,us_301_list3_2018:2530.10.00=2530.10.00,1,,https://www.govinfo.gov/content/pkg/FR-2018-09-21/pdf/FR-2018-09-21.pdf,official_scope_expanded_on_valid_2018_hts_universe
us_301_list3_2018,Section 301 List 3,253020,2018-09-24,us_301_list3_2018:2530.20.10=2530.20.10|us_301_list3_2018:2530.20.20=2530.20.20,2,,https://www.govinfo.gov/content/pkg/FR-2018-09-21/pdf/FR-2018-09-21.pdf,official_scope_expanded_on_valid_2018_hts_universe
us_301_list3_2018,Section 301 List 3,253090,2018-09-24,us_301_list3_2018:2530.90.10=2530.90.10|us_301_list3_2018:2530.90.20=2530.90.20,2,,https://www.govinfo.gov/content/pkg/FR-2018-09-21/pdf/FR-2018-09-21.pdf,official_scope_expanded_on_valid_2018_hts_universe
us_301_list3_2018,Section 301 List 3,260111,2018-09-24,us_301_list3_2018:2601.11.00=2601.11.00,3,,https://www.govinfo.gov/content/pkg/FR-2018-09-21/pdf/FR-2018-09-21.pdf,official_scope_expanded_on_valid_2018_hts_universe
us_301_list3_2018,Section 301 List 3,260112,2018-09-24,us_301_list3_2018:2601.12.00=2601.12.00,3,,https://www.govinfo.gov/content/pkg/FR-2018-09-21/pdf/FR-2018-09-21.pdf,official_scope_expanded_on_valid_2018_hts_universe
us_301_list3_2018,Section 301 List 3,260120,2018-09-24,us_301_list3_2018:2601.20.00=2601.20.00,1,,https://www.govinfo.gov/content/pkg/FR-2018-09-21/pdf/FR-2018-09-21.pdf,official_scope_expanded_on_valid_2018_hts_universe
us_301_list3_2018,Section 301 List 3,260400,2018-09-24,us_301_list3_2018:2604.00.00=2604.00.00,2,,https://www.govinfo.gov/content/pkg/FR-2018-09-21/pdf/FR-2018-09-21.pdf,official_scope_expanded_on_valid_2018_hts_universe
us_301_list3_2018,Section 301 List 3,260700,2018-09-24,us_301_list3_2018:2607.00.00=2607.00.00,5,,https://www.govinfo.gov/content/pkg/FR-2018-09-21/pdf/FR-2018-09-21.pdf,official_scope_expanded_on_valid_2018_hts_universe
us_301_list3_2018,Section 301 List 3,261210,2018-09-24,us_301_list3_2018:2612.10.00=2612.10.00,1,,https://www.govinfo.gov/content/pkg/FR-2018-09-21/pdf/FR-2018-09-21.pdf,official_scope_expanded_on_valid_2018_hts_universe
us_301_list3_2018,Section 301 List 3,261400,2018-09-24,us_301_list3_2018:2614.00.30=2614.00.30|us_301_list3_2018:2614.00.60=2614.00.60,3,,https://www.govinfo.gov/content/pkg/FR-2018-09-21/pdf/FR-2018-09-21.pdf,official_scope_expanded_on_valid_2018_hts_universe
us_301_list3_2018,Section 301 List 3,261510,2018-09-24,us_301_list3_2018:2615.10.00=2615.10.00,1,,https://www.govinfo.gov/content/pkg/FR-2018-09-21/pdf/FR-2018-09-21.pdf,official_scope_expanded_on_valid_2018_hts_universe
us_301_list3_2018,Section 301 List 3,261590,2018-09-24,us_301_list3_2018:2615.90.30=2615.90.30|us_301_list3_2018:2615.90.60=2615.90.60,4,,https://www.govinfo.gov/content/pkg/FR-2018-09-21/pdf/FR-2018-09-21.pdf,official_scope_expanded_on_valid_2018_hts_universe
us_301_list3_2018,Section 301 List 3,261610,2018-09-24,us_301_list3_2018:2616.10.00=2616.10.00,5,,https://www.govinfo.gov/content/pkg/FR-2018-09-21/pdf/FR-2018-09-21.pdf,official_scope_expanded_on_valid_2018_hts_universe
us_301_list3_2018,Section 301 List 3,261690,2018-09-24,us_301_list3_2018:2616.90.00=2616.90.00,5,,https://www.govinfo.gov/content/pkg/FR-2018-09-21/pdf/FR-2018-09-21.pdf,official_scope_expanded_on_valid_2018_hts_universe
us_301_list3_2018,Section 301 List 3,261790,2018-09-24,us_301_list3_2018:2617.90.00=2617.90.00,2,,https://www.govinfo.gov/content/pkg/FR-2018-09-21/pdf/FR-2018-09-21.pdf,official_scope_expanded_on_valid_2018_hts_universe
us_301_list3_2018,Section 301 List 3,261800,2018-09-24,us_301_list3_2018:2618.00.00=2618.00.00,1,,https://www.govinfo.gov/content/pkg/FR-2018-09-21/pdf/FR-2018-09-21.pdf,official_scope_expanded_on_valid_2018_hts_universe
us_301_list3_2018,Section 301 List 3,261900,2018-09-24,us_301_list3_2018:2619.00.30=2619.00.30|us_301_list3_2018:2619.00.90=2619.00.90,2,,https://www.govinfo.gov/content/pkg/FR-2018-09-21/pdf/FR-2018-09-21.pdf,official_scope_expanded_on_valid_2018_hts_universe
us_301_list3_2018,Section 301 List 3,262011,2018-09-24,us_301_list3_2018:2620.11.00=2620.11.00,1,,https://www.govinfo.gov/content/pkg/FR-2018-09-21/pdf/FR-2018-09-21.pdf,official_scope_expanded_on_valid_2018_hts_universe
us_301_list3_2018,Section 301 List 3,262019,2018-09-24,us_301_list3_2018:2620.19.30=2620.19.30|us_301_list3_2018:2620.19.60=2620.19.60,6,,https://www.govinfo.gov/content/pkg/FR-2018-09-21/pdf/FR-2018-09-21.pdf,official_scope_expanded_on_valid_2018_hts_universe
us_301_list3_2018,Section 301 List 3,262021,2018-09-24,us_301_list3_2018:2620.21.00=2620.21.00,5,,https://www.govinfo.gov/content/pkg/FR-2018-09-21/pdf/FR-2018-09-21.pdf,official_scope_expanded_on_valid_2018_hts_universe
us_301_list3_2018,Section 301 List 3,262029,2018-09-24,us_301_list3_2018:2620.29.00=2620.29.00,5,,https://www.govinfo.gov/content/pkg/FR-2018-09-21/pdf/FR-2018-09-21.pdf,official_scope_expanded_on_valid_2018_hts_universe
us_301_list3_2018,Section 301 List 3,262030,2018-09-24,us_301_list3_2018:2620.30.00=2620.30.00,5,,https://www.govinfo.gov/content/pkg/FR-2018-09-21/pdf/FR-2018-09-21.pdf,official_scope_expanded_on_valid_2018_hts_universe
us_301_list3_2018,Section 301 List 3,262060,2018-09-24,us_301_list3_2018:2620.60.10=2620.60.10|us_301_list3_2018:2620.60.90=2620.60.90,2,,https://www.govinfo.gov/content/pkg/FR-2018-09-21/pdf/FR-2018-09-21.pdf,official_scope_expanded_on_valid_2018_hts_universe
us_301_list3_2018,Section 301 List 3,262091,2018-09-24,us_301_list3_2018:2620.91.00=2620.91.00,1,,https://www.govinfo.gov/content/pkg/FR-2018-09-21/pdf/FR-2018-09-21.pdf,official_scope_expanded_on_valid_2018_hts_universe
us_301_list3_2018,Section 301 List 3,262099,2018-09-24,us_301_list3_2018:2620.99.10=2620.99.10|us_301_list3_2018:2620.99.20=2620.99.20|us_301_list3_2018:2620.99.30=2620.99.30|us_301_list3_2018:2620.99.50=2620.99.50|us_301_list3_2018:2620.99.75=2620.99.75|us_301_list3_2018:2620.99.85=2620.99.85,10,,https://www.govinfo.gov/content/pkg/FR-2018-09-21/pdf/FR-2018-09-21.pdf,official_scope_expanded_on_valid_2018_hts_universe
us_301_list3_2018,Section 301 List 3,262190,2018-09-24,us_301_list3_2018:2621.90.00=2621.90.00,1,,https://www.govinfo.gov/content/pkg/FR-2018-09-21/pdf/FR-2018-09-21.pdf,official_scope_expanded_on_valid_2018_hts_universe
us_301_list3_2018,Section 301 List 3,270111,2018-09-24,us_301_list3_2018:2701.11.00=2701.11.00,1,,https://www.govinfo.gov/content/pkg/FR-2018-09-21/pdf/FR-2018-09-21.pdf,official_scope_expanded_on_valid_2018_hts_universe
us_301_list3_2018,Section 301 List 3,270112,2018-09-24,us_301_list3_2018:2701.12.00=2701.12.00,2,,https://www.govinfo.gov/content/pkg/FR-2018-09-21/pdf/FR-2018-09-21.pdf,official_scope_expanded_on_valid_2018_hts_universe
us_301_list3_2018,Section 301 List 3,270119,2018-09-24,us_301_list3_2018:2701.19.00=2701.19.00,2,,https://www.govinfo.gov/content/pkg/FR-2018-09-21/pdf/FR-2018-09-21.pdf,official_scope_expanded_on_valid_2018_hts_universe
us_301_list3_2018,Section 301 List 3,270120,2018-09-24,us_301_list3_2018:2701.20.00=2701.20.00,1,,https://www.govinfo.gov/content/pkg/FR-2018-09-21/pdf/FR-2018-09-21.pdf,official_scope_expanded_on_valid_2018_hts_universe
us_301_list3_2018,Section 301 List 3,270210,2018-09-24,us_301_list3_2018:2702.10.00=2702.10.00,1,,https://www.govinfo.gov/content/pkg/FR-2018-09-21/pdf/FR-2018-09-21.pdf,official_scope_expanded_on_valid_2018_hts_universe
us_301_list3_2018,Section 301 List 3,270220,2018-09-24,us_301_list3_2018:2702.20.00=2702.20.00,1,,https://www.govinfo.gov/content/pkg/FR-2018-09-21/pdf/FR-2018-09-21.pdf,official_scope_expanded_on_valid_2018_hts_universe
us_301_list3_2018,Section 301 List 3,270300,2018-09-24,us_301_list3_2018:2703.00.00=2703.00.00,1,,https://www.govinfo.gov/content/pkg/FR-2018-09-21/pdf/FR-2018-09-21.pdf,official_scope_expanded_on_valid_2018_hts_universe
us_301_list3_2018,Section 301 List 3,270500,2018-09-24,us_301_list3_2018:2705.00.00=2705.00.00,1,,https://www.govinfo.gov/content/pkg/FR-2018-09-21/pdf/FR-2018-09-21.pdf,official_scope_expanded_on_valid_2018_hts_universe
us_301_list3_2018,Section 301 List 3,270600,2018-09-24,us_301_list3_2018:2706.00.00=2706.00.00,1,,https://www.govinfo.gov/content/pkg/FR-2018-09-21/pdf/FR-2018-09-21.pdf,official_scope_expanded_on_valid_2018_hts_universe
us_301_list3_2018,Section 301 List 3,270710,2018-09-24,us_301_list3_2018:2707.10.00=2707.10.00,1,,https://www.govinfo.gov/content/pkg/FR-2018-09-21/pdf/FR-2018-09-21.pdf,official_scope_expanded_on_valid_2018_hts_universe
us_301_list3_2018,Section 301 List 3,270720,2018-09-24,us_301_list3_2018:2707.20.00=2707.20.00,1,,https://www.govinfo.gov/content/pkg/FR-2018-09-21/pdf/FR-2018-09-21.pdf,official_scope_expanded_on_valid_2018_hts_universe
us_301_list3_2018,Section 301 List 3,270730,2018-09-24,us_301_list3_2018:2707.30.00=2707.30.00,4,,https://www.govinfo.gov/content/pkg/FR-2018-09-21/pdf/FR-2018-09-21.pdf,official_scope_expanded_on_valid_2018_hts_universe
us_301_list3_2018,Section 301 List 3,270740,2018-09-24,us_301_list3_2018:2707.40.00=2707.40.00,1,,https://www.govinfo.gov/content/pkg/FR-2018-09-21/pdf/FR-2018-09-21.pdf,official_scope_expanded_on_valid_2018_hts_universe
us_301_list3_2018,Section 301 List 3,270750,2018-09-24,us_301_list3_2018:2707.50.00=2707.50.00,1,,https://www.govinfo.gov/content/pkg/FR-2018-09-21/pdf/FR-2018-09-21.pdf,official_scope_expanded_on_valid_2018_hts_universe
us_301_list3_2018,Section 301 List 3,270791,2018-09-24,us_301_list3_2018:2707.91.00=2707.91.00,1,,https://www.govinfo.gov/content/pkg/FR-2018-09-21/pdf/FR-2018-09-21.pdf,official_scope_expanded_on_valid_2018_hts_universe
us_301_list3_2018,Section 301 List 3,270799,2018-09-24,us_301_list3_2018:2707.99.10=2707.99.10|us_301_list3_2018:2707.99.20=2707.99.20|us_301_list3_2018:2707.99.40=2707.99.40|us_301_list3_2018:2707.99.55=2707.99.55|us_301_list3_2018:2707.99.59=2707.99.59|us_301_list3_2018:2707.99.90=2707.99.90,7,,https://www.govinfo.gov/content/pkg/FR-2018-09-21/pdf/FR-2018-09-21.pdf,official_scope_expanded_on_valid_2018_hts_universe
us_301_list3_2018,Section 301 List 3,270810,2018-09-24,us_301_list3_2018:2708.10.00=2708.10.00,1,,https://www.govinfo.gov/content/pkg/FR-2018-09-21/pdf/FR-2018-09-21.pdf,official_scope_expanded_on_valid_2018_hts_universe
us_301_list3_2018,Section 301 List 3,270820,2018-09-24,us_301_list3_2018:2708.20.00=2708.20.00,1,,https://www.govinfo.gov/content/pkg/FR-2018-09-21/pdf/FR-2018-09-21.pdf,official_scope_expanded_on_valid_2018_hts_universe
us_301_list3_2018,Section 301 List 3,270900,2018-09-24,us_301_list3_2018:2709.00.10=2709.00.10|us_301_list3_2018:2709.00.20=2709.00.20,3,,https://www.govinfo.gov/content/pkg/FR-2018-09-21/pdf/FR-2018-09-21.pdf,official_scope_expanded_on_valid_2018_hts_universe
us_301_list3_2018,Section 301 List 3,271012,2018-09-24,us_301_list3_2018:2710.12.15=2710.12.15|us_301_list3_2018:2710.12.18=2710.12.18|us_301_list3_2018:2710.12.25=2710.12.25|us_301_list3_2018:2710.12.45=2710.12.45|us_301_list3_2018:2710.12.90=2710.12.90,11,,https://www.govinfo.gov/content/pkg/FR-2018-09-21/pdf/FR-2018-09-21.pdf,official_scope_expanded_on_valid_2018_hts_universe
us_301_list3_2018,Section 301 List 3,271019,2018-09-24,us_301_list3_2018:2710.19.06=2710.19.06|us_301_list3_2018:2710.19.11=2710.19.11|us_301_list3_2018:2710.19.16=2710.19.16|us_301_list3_2018:2710.19.24=2710.19.24|us_301_list3_2018:2710.19.25=2710.19.25|us_301_list3_2018:2710.19.26=2710.19.26|us_301_list3_2018:2710.19.45=2710.19.45|us_301_list3_2018:2710.19.90=2710.19.90,27,,https://www.govinfo.gov/content/pkg/FR-2018-09-21/pdf/FR-2018-09-21.pdf,official_scope_expanded_on_valid_2018_hts_universe
us_301_list3_2018,Section 301 List 3,271020,2018-09-24,us_301_list3_2018:2710.20.05=2710.20.05|us_301_list3_2018:2710.20.10=2710.20.10|us_301_list3_2018:2710.20.15=2710.20.15|us_301_list3_2018:2710.20.25=2710.20.25,17,,https://www.govinfo.gov/content/pkg/FR-2018-09-21/pdf/FR-2018-09-21.pdf,official_scope_expanded_on_valid_2018_hts_universe
us_301_list3_2018,Section 301 List 3,271111,2018-09-24,us_301_list3_2018:2711.11.00=2711.11.00,1,,https://www.govinfo.gov/content/pkg/FR-2018-09-21/pdf/FR-2018-09-21.pdf,official_scope_expanded_on_valid_2018_hts_universe
us_301_list3_2018,Section 301 List 3,271112,2018-09-24,us_301_list3_2018:2711.12.00=2711.12.00,2,,https://www.govinfo.gov/content/pkg/FR-2018-09-21/pdf/FR-2018-09-21.pdf,official_scope_expanded_on_valid_2018_hts_universe
us_301_list3_2018,Section 301 List 3,271113,2018-09-24,us_301_list3_2018:2711.13.00=2711.13.00,2,,https://www.govinfo.gov/content/pkg/FR-2018-09-21/pdf/FR-2018-09-21.pdf,official_scope_expanded_on_valid_2018_hts_universe
us_301_list3_2018,Section 301 List 3,271114,2018-09-24,us_301_list3_2018:2711.14.00=2711.14.00,4,,https://www.govinfo.gov/content/pkg/FR-2018-09-21/pdf/FR-2018-09-21.pdf,official_scope_expanded_on_valid_2018_hts_universe
us_301_list3_2018,Section 301 List 3,271119,2018-09-24,us_301_list3_2018:2711.19.00=2711.19.00,2,,https://www.govinfo.gov/content/pkg/FR-2018-09-21/pdf/FR-2018-09-21.pdf,official_scope_expanded_on_valid_2018_hts_universe
us_301_list3_2018,Section 301 List 3,271121,2018-09-24,us_301_list3_2018:2711.21.00=2711.21.00,1,,https://www.govinfo.gov/content/pkg/FR-2018-09-21/pdf/FR-2018-09-21.pdf,official_scope_expanded_on_valid_2018_hts_universe
us_301_list3_2018,Section 301 List 3,271129,2018-09-24,us_301_list3_2018:2711.29.00=2711.29.00,5,,https://www.govinfo.gov/content/pkg/FR-2018-09-21/pdf/FR-2018-09-21.pdf,official_scope_expanded_on_valid_2018_hts_universe
us_301_list3_2018,Section 301 List 3,271210,2018-09-24,us_301_list3_2018:2712.10.00=2712.10.00,1,,https://www.govinfo.gov/content/pkg/FR-2018-09-21/pdf/FR-2018-09-21.pdf,official_scope_expanded_on_valid_2018_hts_universe
us_301_list3_2018,Section 301 List 3,271290,2018-09-24,us_301_list3_2018:2712.90.10=2712.90.10|us_301_list3_2018:2712.90.20=2712.90.20,2,,https://www.govinfo.gov/content/pkg/FR-2018-09-21/pdf/FR-2018-09-21.pdf,official_scope_expanded_on_valid_2018_hts_universe
us_301_list3_2018,Section 301 List 3,271311,2018-09-24,us_301_list3_2018:2713.11.00=2713.11.00,1,,https://www.govinfo.gov/content/pkg/FR-2018-09-21/pdf/FR-2018-09-21.pdf,official_scope_expanded_on_valid_2018_hts_universe
us_301_list3_2018,Section 301 List 3,271312,2018-09-24,us_301_list3_2018:2713.12.00=2713.12.00,1,,https://www.govinfo.gov/content/pkg/FR-2018-09-21/pdf/FR-2018-09-21.pdf,official_scope_expanded_on_valid_2018_hts_universe
us_301_list3_2018,Section 301 List 3,271320,2018-09-24,us_301_list3_2018:2713.20.00=2713.20.00,1,,https://www.govinfo.gov/content/pkg/FR-2018-09-21/pdf/FR-2018-09-21.pdf,official_scope_expanded_on_valid_2018_hts_universe
us_301_list3_2018,Section 301 List 3,271390,2018-09-24,us_301_list3_2018:2713.90.00=2713.90.00,1,,https://www.govinfo.gov/content/pkg/FR-2018-09-21/pdf/FR-2018-09-21.pdf,official_scope_expanded_on_valid_2018_hts_universe
us_301_list3_2018,Section 301 List 3,271410,2018-09-24,us_301_list3_2018:2714.10.00=2714.10.00,1,,https://www.govinfo.gov/content/pkg/FR-2018-09-21/pdf/FR-2018-09-21.pdf,official_scope_expanded_on_valid_2018_hts_universe
us_301_list3_2018,Section 301 List 3,271490,2018-09-24,us_301_list3_2018:2714.90.00=2714.90.00,1,,https://www.govinfo.gov/content/pkg/FR-2018-09-21/pdf/FR-2018-09-21.pdf,official_scope_expanded_on_valid_2018_hts_universe
us_301_list3_2018,Section 301 List 3,271500,2018-09-24,us_301_list3_2018:2715.00.00=2715.00.00,1,,https://www.govinfo.gov/content/pkg/FR-2018-09-21/pdf/FR-2018-09-21.pdf,official_scope_expanded_on_valid_2018_hts_universe
us_301_list3_2018,Section 301 List 3,280110,2018-09-24,us_301_list3_2018:2801.10.00=2801.10.00,1,,https://www.govinfo.gov/content/pkg/FR-2018-09-21/pdf/FR-2018-09-21.pdf,official_scope_expanded_on_valid_2018_hts_universe
us_301_list3_2018,Section 301 List 3,280120,2018-09-24,us_301_list3_2018:2801.20.00=2801.20.00,1,,https://www.govinfo.gov/content/pkg/FR-2018-09-21/pdf/FR-2018-09-21.pdf,official_scope_expanded_on_valid_2018_hts_universe
us_301_list3_2018,Section 301 List 3,280130,2018-09-24,us_301_list3_2018:2801.30.10=2801.30.10|us_301_list3_2018:2801.30.20=2801.30.20,2,,https://www.govinfo.gov/content/pkg/FR-2018-09-21/pdf/FR-2018-09-21.pdf,official_scope_expanded_on_valid_2018_hts_universe
us_301_list3_2018,Section 301 List 3,280200,2018-09-24,us_301_list3_2018:2802.00.00=2802.00.00,1,,https://www.govinfo.gov/content/pkg/FR-2018-09-21/pdf/FR-2018-09-21.pdf,official_scope_expanded_on_valid_2018_hts_universe
us_301_list3_2018,Section 301 List 3,280300,2018-09-24,us_301_list3_2018:2803.00.00=2803.00.00,2,,https://www.govinfo.gov/content/pkg/FR-2018-09-21/pdf/FR-2018-09-21.pdf,official_scope_expanded_on_valid_2018_hts_universe
us_301_list3_2018,Section 301 List 3,280410,2018-09-24,us_301_list3_2018:2804.10.00=2804.10.00,1,,https://www.govinfo.gov/content/pkg/FR-2018-09-21/pdf/FR-2018-09-21.pdf,official_scope_expanded_on_valid_2018_hts_universe
us_301_list3_2018,Section 301 List 3,280421,2018-09-24,us_301_list3_2018:2804.21.00=2804.21.00,1,,https://www.govinfo.gov/content/pkg/FR-2018-09-21/pdf/FR-2018-09-21.pdf,official_scope_expanded_on_valid_2018_hts_universe
us_301_list3_2018,Section 301 List 3,280429,2018-09-24,us_301_list3_2018:2804.29.00=2804.29.00,2,,https://www.govinfo.gov/content/pkg/FR-2018-09-21/pdf/FR-2018-09-21.pdf,official_scope_expanded_on_valid_2018_hts_universe
us_301_list3_2018,Section 301 List 3,280430,2018-09-24,us_301_list3_2018:2804.30.00=2804.30.00,1,,https://www.govinfo.gov/content/pkg/FR-2018-09-21/pdf/FR-2018-09-21.pdf,official_scope_expanded_on_valid_2018_hts_universe
us_301_list3_2018,Section 301 List 3,280440,2018-09-24,us_301_list3_2018:2804.40.00=2804.40.00,1,,https://www.govinfo.gov/content/pkg/FR-2018-09-21/pdf/FR-2018-09-21.pdf,official_scope_expanded_on_valid_2018_hts_universe
us_301_list3_2018,Section 301 List 3,280450,2018-09-24,us_301_list3_2018:2804.50.00=2804.50.00,2,,https://www.govinfo.gov/content/pkg/FR-2018-09-21/pdf/FR-2018-09-21.pdf,official_scope_expanded_on_valid_2018_hts_universe
us_301_list3_2018,Section 301 List 3,280461,2018-09-24,us_301_list3_2018:2804.61.00=2804.61.00,1,,https://www.govinfo.gov/content/pkg/FR-2018-09-21/pdf/FR-2018-09-21.pdf,official_scope_expanded_on_valid_2018_hts_universe
us_301_list3_2018,Section 301 List 3,280480,2018-09-24,us_301_list3_2018:2804.80.00=2804.80.00,1,,https://www.govinfo.gov/content/pkg/FR-2018-09-21/pdf/FR-2018-09-21.pdf,official_scope_expanded_on_valid_2018_hts_universe
us_301_list3_2018,Section 301 List 3,280490,2018-09-24,us_301_list3_2018:2804.90.00=2804.90.00,1,,https://www.govinfo.gov/content/pkg/FR-2018-09-21/pdf/FR-2018-09-21.pdf,official_scope_expanded_on_valid_2018_hts_universe
us_301_list3_2018,Section 301 List 3,280511,2018-09-24,us_301_list3_2018:2805.11.00=2805.11.00,1,,https://www.govinfo.gov/content/pkg/FR-2018-09-21/pdf/FR-2018-09-21.pdf,official_scope_expanded_on_valid_2018_hts_universe
us_301_list3_2018,Section 301 List 3,280512,2018-09-24,us_301_list3_2018:2805.12.00=2805.12.00,1,,https://www.govinfo.gov/content/pkg/FR-2018-09-21/pdf/FR-2018-09-21.pdf,official_scope_expanded_on_valid_2018_hts_universe
us_301_list3_2018,Section 301 List 3,280519,2018-09-24,us_301_list3_2018:2805.19.10=2805.19.10|us_301_list3_2018:2805.19.20=2805.19.20|us_301_list3_2018:2805.19.90=2805.19.90,3,,https://www.govinfo.gov/content/pkg/FR-2018-09-21/pdf/FR-2018-09-21.pdf,official_scope_expanded_on_valid_2018_hts_universe
us_301_list3_2018,Section 301 List 3,280540,2018-09-24,us_301_list3_2018:2805.40.00=2805.40.00,1,,https://www.govinfo.gov/content/pkg/FR-2018-09-21/pdf/FR-2018-09-21.pdf,official_scope_expanded_on_valid_2018_hts_universe
us_301_list3_2018,Section 301 List 3,280610,2018-09-24,us_301_list3_2018:2806.10.00=2806.10.00,1,,https://www.govinfo.gov/content/pkg/FR-2018-09-21/pdf/FR-2018-09-21.pdf,official_scope_expanded_on_valid_2018_hts_universe
us_301_list3_2018,Section 301 List 3,280620,2018-09-24,us_301_list3_2018:2806.20.00=2806.20.00,1,,https://www.govinfo.gov/content/pkg/FR-2018-09-21/pdf/FR-2018-09-21.pdf,official_scope_expanded_on_valid_2018_hts_universe
us_301_list3_2018,Section 301 List 3,280700,2018-09-24,us_301_list3_2018:2807.00.00=2807.00.00,1,,https://www.govinfo.gov/content/pkg/FR-2018-09-21/pdf/FR-2018-09-21.pdf,official_scope_expanded_on_valid_2018_hts_universe
us_301_list3_2018,Section 301 List 3,280800,2018-09-24,us_301_list3_2018:2808.00.00=2808.00.00,2,,https://www.govinfo.gov/content/pkg/FR-2018-09-21/pdf/FR-2018-09-21.pdf,official_scope_expanded_on_valid_2018_hts_universe
us_301_list3_2018,Section 301 List 3,280910,2018-09-24,us_301_list3_2018:2809.10.00=2809.10.00,1,,https://www.govinfo.gov/content/pkg/FR-2018-09-21/pdf/FR-2018-09-21.pdf,official_scope_expanded_on_valid_2018_hts_universe
us_301_list3_2018,Section 301 List 3,280920,2018-09-24,us_301_list3_2018:2809.20.00=2809.20.00,4,,https://www.govinfo.gov/content/pkg/FR-2018-09-21/pdf/FR-2018-09-21.pdf,official_scope_expanded_on_valid_2018_hts_universe
us_301_list3_2018,Section 301 List 3,281000,2018-09-24,us_301_list3_2018:2810.00.00=2810.00.00,1,,https://www.govinfo.gov/content/pkg/FR-2018-09-21/pdf/FR-2018-09-21.pdf,official_scope_expanded_on_valid_2018_hts_universe
us_301_list3_2018,Section 301 List 3,281111,2018-09-24,us_301_list3_2018:2811.11.00=2811.11.00,1,,https://www.govinfo.gov/content/pkg/FR-2018-09-21/pdf/FR-2018-09-21.pdf,official_scope_expanded_on_valid_2018_hts_universe
us_301_list3_2018,Section 301 List 3,281112,2018-09-24,us_301_list3_2018:2811.12.00=2811.12.00,1,,https://www.govinfo.gov/content/pkg/FR-2018-09-21/pdf/FR-2018-09-21.pdf,official_scope_expanded_on_valid_2018_hts_universe
us_301_list3_2018,Section 301 List 3,281119,2018-09-24,us_301_list3_2018:2811.19.30=2811.19.30|us_301_list3_2018:2811.19.61=2811.19.61,3,,https://www.govinfo.gov/content/pkg/FR-2018-09-21/pdf/FR-2018-09-21.pdf,official_scope_expanded_on_valid_2018_hts_universe
us_301_list3_2018,Section 301 List 3,281121,2018-09-24,us_301_list3_2018:2811.21.00=2811.21.00,1,,https://www.govinfo.gov/content/pkg/FR-2018-09-21/pdf/FR-2018-09-21.pdf,official_scope_expanded_on_valid_2018_hts_universe
us_301_list3_2018,Section 301 List 3,281122,2018-09-24,us_301_list3_2018:2811.22.10=2811.22.10|us_301_list3_2018:2811.22.50=2811.22.50,2,,https://www.govinfo.gov/content/pkg/FR-2018-09-21/pdf/FR-2018-09-21.pdf,official_scope_expanded_on_valid_2018_hts_universe
us_301_list3_2018,Section 301 List 3,281129,2018-09-24,us_301_list3_2018:2811.29.10=2811.29.10|us_301_list3_2018:2811.29.20=2811.29.20|us_301_list3_2018:2811.29.30=2811.29.30|us_301_list3_2018:2811.29.50=2811.29.50,4,,https://www.govinfo.gov/content/pkg/FR-2018-09-21/pdf/FR-2018-09-21.pdf,official_scope_expanded_on_valid_2018_hts_universe
us_301_list3_2018,Section 301 List 3,281211,2018-09-24,us_301_list3_2018:2812.11.00=2812.11.00,1,,https://www.govinfo.gov/content/pkg/FR-2018-09-21/pdf/FR-2018-09-21.pdf,official_scope_expanded_on_valid_2018_hts_universe
us_301_list3_2018,Section 301 List 3,281212,2018-09-24,us_301_list3_2018:2812.12.00=2812.12.00,1,,https://www.govinfo.gov/content/pkg/FR-2018-09-21/pdf/FR-2018-09-21.pdf,official_scope_expanded_on_valid_2018_hts_universe
us_301_list3_2018,Section 301 List 3,281213,2018-09-24,us_301_list3_2018:2812.13.00=2812.13.00,1,,https://www.govinfo.gov/content/pkg/FR-2018-09-21/pdf/FR-2018-09-21.pdf,official_scope_expanded_on_valid_2018_hts_universe
us_301_list3_2018,Section 301 List 3,281214,2018-09-24,us_301_list3_2018:2812.14.00=2812.14.00,1,,https://www.govinfo.gov/content/pkg/FR-2018-09-21/pdf/FR-2018-09-21.pdf,official_scope_expanded_on_valid_2018_hts_universe
us_301_list3_2018,Section 301 List 3,281215,2018-09-24,us_301_list3_2018:2812.15.00=2812.15.00,1,,https://www.govinfo.gov/content/pkg/FR-2018-09-21/pdf/FR-2018-09-21.pdf,official_scope_expanded_on_valid_2018_hts_universe
us_301_list3_2018,Section 301 List 3,281216,2018-09-24,us_301_list3_2018:2812.16.00=2812.16.00,1,,https://www.govinfo.gov/content/pkg/FR-2018-09-21/pdf/FR-2018-09-21.pdf,official_scope_expanded_on_valid_2018_hts_universe
us_301_list3_2018,Section 301 List 3,281217,2018-09-24,us_301_list3_2018:2812.17.00=2812.17.00,1,,https://www.govinfo.gov/content/pkg/FR-2018-09-21/pdf/FR-2018-09-21.pdf,official_scope_expanded_on_valid_2018_hts_universe
us_301_list3_2018,Section 301 List 3,281219,2018-09-24,us_301_list3_2018:2812.19.00=2812.19.00,1,,https://www.govinfo.gov/content/pkg/FR-2018-09-21/pdf/FR-2018-09-21.pdf,official_scope_expanded_on_valid_2018_hts_universe
us_301_list3_2018,Section 301 List 3,281290,2018-09-24,us_301_list3_2018:2812.90.00=2812.90.00,1,,https://www.govinfo.gov/content/pkg/FR-2018-09-21/pdf/FR-2018-09-21.pdf,official_scope_expanded_on_valid_2018_hts_universe
us_301_list3_2018,Section 301 List 3,281310,2018-09-24,us_301_list3_2018:2813.10.00=2813.10.00,1,,https://www.govinfo.gov/content/pkg/FR-2018-09-21/pdf/FR-2018-09-21.pdf,official_scope_expanded_on_valid_2018_hts_universe
us_301_list3_2018,Section 301 List 3,281390,2018-09-24,us_301_list3_2018:2813.90.10=2813.90.10|us_301_list3_2018:2813.90.20=2813.90.20|us_301_list3_2018:2813.90.50=2813.90.50,3,,https://www.govinfo.gov/content/pkg/FR-2018-09-21/pdf/FR-2018-09-21.pdf,official_scope_expanded_on_valid_2018_hts_universe
us_301_list3_2018,Section 301 List 3,281410,2018-09-24,us_301_list3_2018:2814.10.00=2814.10.00,1,,https://www.govinfo.gov/content/pkg/FR-2018-09-21/pdf/FR-2018-09-21.pdf,official_scope_expanded_on_valid_2018_hts_universe
us_301_list3_2018,Section 301 List 3,281420,2018-09-24,us_301_list3_2018:2814.20.00=2814.20.00,1,,https://www.govinfo.gov/content/pkg/FR-2018-09-21/pdf/FR-2018-09-21.pdf,official_scope_expanded_on_valid_2018_hts_universe
us_301_list3_2018,Section 301 List 3,281511,2018-09-24,us_301_list3_2018:2815.11.00=2815.11.00,1,,https://www.govinfo.gov/content/pkg/FR-2018-09-21/pdf/FR-2018-09-21.pdf,official_scope_expanded_on_valid_2018_hts_universe
us_301_list3_2018,Section 301 List 3,281512,2018-09-24,us_301_list3_2018:2815.12.00=2815.12.00,1,,https://www.govinfo.gov/content/pkg/FR-2018-09-21/pdf/FR-2018-09-21.pdf,official_scope_expanded_on_valid_2018_hts_universe
us_301_list3_2018,Section 301 List 3,281520,2018-09-24,us_301_list3_2018:2815.20.00=2815.20.00,2,,https://www.govinfo.gov/content/pkg/FR-2018-09-21/pdf/FR-2018-09-21.pdf,official_scope_expanded_on_valid_2018_hts_universe
us_301_list3_2018,Section 301 List 3,281530,2018-09-24,us_301_list3_2018:2815.30.00=2815.30.00,1,,https://www.govinfo.gov/content/pkg/FR-2018-09-21/pdf/FR-2018-09-21.pdf,official_scope_expanded_on_valid_2018_hts_universe
us_301_list3_2018,Section 301 List 3,281610,2018-09-24,us_301_list3_2018:2816.10.00=2816.10.00,1,,https://www.govinfo.gov/content/pkg/FR-2018-09-21/pdf/FR-2018-09-21.pdf,official_scope_expanded_on_valid_2018_hts_universe
us_301_list3_2018,Section 301 List 3,281640,2018-09-24,us_301_list3_2018:2816.40.10=2816.40.10,1,,https://www.govinfo.gov/content/pkg/FR-2018-09-21/pdf/FR-2018-09-21.pdf,official_scope_expanded_on_valid_2018_hts_universe
us_301_list3_2018,Section 301 List 3,281700,2018-09-24,us_301_list3_2018:2817.00.00=2817.00.00,1,,https://www.govinfo.gov/content/pkg/FR-2018-09-21/pdf/FR-2018-09-21.pdf,official_scope_expanded_on_valid_2018_hts_universe
us_301_list3_2018,Section 301 List 3,281830,2018-09-24,us_301_list3_2018:2818.30.00=2818.30.00,1,,https://www.govinfo.gov/content/pkg/FR-2018-09-21/pdf/FR-2018-09-21.pdf,official_scope_expanded_on_valid_2018_hts_universe
us_301_list3_2018,Section 301 List 3,281910,2018-09-24,us_301_list3_2018:2819.10.00=2819.10.00,1,,https://www.govinfo.gov/content/pkg/FR-2018-09-21/pdf/FR-2018-09-21.pdf,official_scope_expanded_on_valid_2018_hts_universe
us_301_list3_2018,Section 301 List 3,281990,2018-09-24,us_301_list3_2018:2819.90.00=2819.90.00,1,,https://www.govinfo.gov/content/pkg/FR-2018-09-21/pdf/FR-2018-09-21.pdf,official_scope_expanded_on_valid_2018_hts_universe
us_301_list3_2018,Section 301 List 3,282010,2018-09-24,us_301_list3_2018:2820.10.00=2820.10.00,1,,https://www.govinfo.gov/content/pkg/FR-2018-09-21/pdf/FR-2018-09-21.pdf,official_scope_expanded_on_valid_2018_hts_universe
us_301_list3_2018,Section 301 List 3,282090,2018-09-24,us_301_list3_2018:2820.90.00=2820.90.00,1,,https://www.govinfo.gov/content/pkg/FR-2018-09-21/pdf/FR-2018-09-21.pdf,official_scope_expanded_on_valid_2018_hts_universe
us_301_list3_2018,Section 301 List 3,282110,2018-09-24,us_301_list3_2018:2821.10.00=2821.10.00,5,,https://www.govinfo.gov/content/pkg/FR-2018-09-21/pdf/FR-2018-09-21.pdf,official_scope_expanded_on_valid_2018_hts_universe
us_301_list3_2018,Section 301 List 3,282120,2018-09-24,us_301_list3_2018:2821.20.00=2821.20.00,1,,https://www.govinfo.gov/content/pkg/FR-2018-09-21/pdf/FR-2018-09-21.pdf,official_scope_expanded_on_valid_2018_hts_universe
us_301_list3_2018,Section 301 List 3,282200,2018-09-24,us_301_list3_2018:2822.00.00=2822.00.00,1,,https://www.govinfo.gov/content/pkg/FR-2018-09-21/pdf/FR-2018-09-21.pdf,official_scope_expanded_on_valid_2018_hts_universe
us_301_list3_2018,Section 301 List 3,282300,2018-09-24,us_301_list3_2018:2823.00.00=2823.00.00,1,,https://www.govinfo.gov/content/pkg/FR-2018-09-21/pdf/FR-2018-09-21.pdf,official_scope_expanded_on_valid_2018_hts_universe
us_301_list3_2018,Section 301 List 3,282410,2018-09-24,us_301_list3_2018:2824.10.00=2824.10.00,1,,https://www.govinfo.gov/content/pkg/FR-2018-09-21/pdf/FR-2018-09-21.pdf,official_scope_expanded_on_valid_2018_hts_universe
us_301_list3_2018,Section 301 List 3,282490,2018-09-24,us_301_list3_2018:2824.90.10=2824.90.10|us_301_list3_2018:2824.90.20=2824.90.20|us_301_list3_2018:2824.90.50=2824.90.50,3,,https://www.govinfo.gov/content/pkg/FR-2018-09-21/pdf/FR-2018-09-21.pdf,official_scope_expanded_on_valid_2018_hts_universe
us_301_list3_2018,Section 301 List 3,282510,2018-09-24,us_301_list3_2018:2825.10.00=2825.10.00,1,,https://www.govinfo.gov/content/pkg/FR-2018-09-21/pdf/FR-2018-09-21.pdf,official_scope_expanded_on_valid_2018_hts_universe
us_301_list3_2018,Section 301 List 3,282520,2018-09-24,us_301_list3_2018:2825.20.00=2825.20.00,1,,https://www.govinfo.gov/content/pkg/FR-2018-09-21/pdf/FR-2018-09-21.pdf,official_scope_expanded_on_valid_2018_hts_universe
us_301_list3_2018,Section 301 List 3,282530,2018-09-24,us_301_list3_2018:2825.30.00=2825.30.00,2,,https://www.govinfo.gov/content/pkg/FR-2018-09-21/pdf/FR-2018-09-21.pdf,official_scope_expanded_on_valid_2018_hts_universe
us_301_list3_2018,Section 301 List 3,282540,2018-09-24,us_301_list3_2018:2825.40.00=2825.40.00,1,,https://www.govinfo.gov/content/pkg/FR-2018-09-21/pdf/FR-2018-09-21.pdf,official_scope_expanded_on_valid_2018_hts_universe
us_301_list3_2018,Section 301 List 3,282550,2018-09-24,us_301_list3_2018:2825.50.10=2825.50.10|us_301_list3_2018:2825.50.20=2825.50.20|us_301_list3_2018:2825.50.30=2825.50.30,3,,https://www.govinfo.gov/content/pkg/FR-2018-09-21/pdf/FR-2018-09-21.pdf,official_scope_expanded_on_valid_2018_hts_universe
us_301_list3_2018,Section 301 List 3,282560,2018-09-24,us_301_list3_2018:2825.60.00=2825.60.00,1,,https://www.govinfo.gov/content/pkg/FR-2018-09-21/pdf/FR-2018-09-21.pdf,official_scope_expanded_on_valid_2018_hts_universe
us_301_list3_2018,Section 301 List 3,282590,2018-09-24,us_301_list3_2018:2825.90.10=2825.90.10|us_301_list3_2018:2825.90.15=2825.90.15|us_301_list3_2018:2825.90.75=2825.90.75|us_301_list3_2018:2825.90.90=2825.90.90,4,,https://www.govinfo.gov/content/pkg/FR-2018-09-21/pdf/FR-2018-09-21.pdf,official_scope_expanded_on_valid_2018_hts_universe
us_301_list3_2018,Section 301 List 3,282612,2018-09-24,us_301_list3_2018:2826.12.00=2826.12.00,1,,https://www.govinfo.gov/content/pkg/FR-2018-09-21/pdf/FR-2018-09-21.pdf,official_scope_expanded_on_valid_2018_hts_universe
us_301_list3_2018,Section 301 List 3,282619,2018-09-24,us_301_list3_2018:2826.19.10=2826.19.10|us_301_list3_2018:2826.19.20=2826.19.20|us_301_list3_2018:2826.19.90=2826.19.90,3,,https://www.govinfo.gov/content/pkg/FR-2018-09-21/pdf/FR-2018-09-21.pdf,official_scope_expanded_on_valid_2018_hts_universe
us_301_list3_2018,Section 301 List 3,282630,2018-09-24,us_301_list3_2018:2826.30.00=2826.30.00,1,,https://www.govinfo.gov/content/pkg/FR-2018-09-21/pdf/FR-2018-09-21.pdf,official_scope_expanded_on_valid_2018_hts_universe
us_301_list3_2018,Section 301 List 3,282690,2018-09-24,us_301_list3_2018:2826.90.10=2826.90.10,1,,https://www.govinfo.gov/content/pkg/FR-2018-09-21/pdf/FR-2018-09-21.pdf,official_scope_expanded_on_valid_2018_hts_universe
us_301_list3_2018,Section 301 List 3,282710,2018-09-24,us_301_list3_2018:2827.10.00=2827.10.00,1,,https://www.govinfo.gov/content/pkg/FR-2018-09-21/pdf/FR-2018-09-21.pdf,official_scope_expanded_on_valid_2018_hts_universe
us_301_list3_2018,Section 301 List 3,282720,2018-09-24,us_301_list3_2018:2827.20.00=2827.20.00,1,,https://www.govinfo.gov/content/pkg/FR-2018-09-21/pdf/FR-2018-09-21.pdf,official_scope_expanded_on_valid_2018_hts_universe
us_301_list3_2018,Section 301 List 3,282731,2018-09-24,us_301_list3_2018:2827.31.00=2827.31.00,1,,https://www.govinfo.gov/content/pkg/FR-2018-09-21/pdf/FR-2018-09-21.pdf,official_scope_expanded_on_valid_2018_hts_universe
us_301_list3_2018,Section 301 List 3,282732,2018-09-24,us_301_list3_2018:2827.32.00=2827.32.00,1,,https://www.govinfo.gov/content/pkg/FR-2018-09-21/pdf/FR-2018-09-21.pdf,official_scope_expanded_on_valid_2018_hts_universe
us_301_list3_2018,Section 301 List 3,282735,2018-09-24,us_301_list3_2018:2827.35.00=2827.35.00,1,,https://www.govinfo.gov/content/pkg/FR-2018-09-21/pdf/FR-2018-09-21.pdf,official_scope_expanded_on_valid_2018_hts_universe
us_301_list3_2018,Section 301 List 3,282739,2018-09-24,us_301_list3_2018:2827.39.30=2827.39.30|us_301_list3_2018:2827.39.45=2827.39.45|us_301_list3_2018:2827.39.55=2827.39.55|us_301_list3_2018:2827.39.60=2827.39.60|us_301_list3_2018:2827.39.65=2827.39.65|us_301_list3_2018:2827.39.90=2827.39.90,6,,https://www.govinfo.gov/content/pkg/FR-2018-09-21/pdf/FR-2018-09-21.pdf,official_scope_expanded_on_valid_2018_hts_universe
us_301_list3_2018,Section 301 List 3,282741,2018-09-24,us_301_list3_2018:2827.41.00=2827.41.00,1,,https://www.govinfo.gov/content/pkg/FR-2018-09-21/pdf/FR-2018-09-21.pdf,official_scope_expanded_on_valid_2018_hts_universe
us_301_list3_2018,Section 301 List 3,282749,2018-09-24,us_301_list3_2018:2827.49.10=2827.49.10,1,,https://www.govinfo.gov/content/pkg/FR-2018-09-21/pdf/FR-2018-09-21.pdf,official_scope_expanded_on_valid_2018_hts_universe
us_301_list3_2018,Section 301 List 3,282751,2018-09-24,us_301_list3_2018:2827.51.00=2827.51.00,1,,https://www.govinfo.gov/content/pkg/FR-2018-09-21/pdf/FR-2018-09-21.pdf,official_scope_expanded_on_valid_2018_hts_universe
us_301_list3_2018,Section 301 List 3,282759,2018-09-24,us_301_list3_2018:2827.59.25=2827.59.25|us_301_list3_2018:2827.59.51=2827.59.51,2,,https://www.govinfo.gov/content/pkg/FR-2018-09-21/pdf/FR-2018-09-21.pdf,official_scope_expanded_on_valid_2018_hts_universe
us_301_list3_2018,Section 301 List 3,282760,2018-09-24,us_301_list3_2018:2827.60.10=2827.60.10|us_301_list3_2018:2827.60.20=2827.60.20|us_301_list3_2018:2827.60.51=2827.60.51,3,,https://www.govinfo.gov/content/pkg/FR-2018-09-21/pdf/FR-2018-09-21.pdf,official_scope_expanded_on_valid_2018_hts_universe
us_301_list3_2018,Section 301 List 3,282810,2018-09-24,us_301_list3_2018:2828.10.00=2828.10.00,1,,https://www.govinfo.gov/content/pkg/FR-2018-09-21/pdf/FR-2018-09-21.pdf,official_scope_expanded_on_valid_2018_hts_universe
us_301_list3_2018,Section 301 List 3,282890,2018-09-24,us_301_list3_2018:2828.90.00=2828.90.00,1,,https://www.govinfo.gov/content/pkg/FR-2018-09-21/pdf/FR-2018-09-21.pdf,official_scope_expanded_on_valid_2018_hts_universe
us_301_list3_2018,Section 301 List 3,282911,2018-09-24,us_301_list3_2018:2829.11.00=2829.11.00,1,,https://www.govinfo.gov/content/pkg/FR-2018-09-21/pdf/FR-2018-09-21.pdf,official_scope_expanded_on_valid_2018_hts_universe
us_301_list3_2018,Section 301 List 3,282919,2018-09-24,us_301_list3_2018:2829.19.01=2829.19.01,1,,https://www.govinfo.gov/content/pkg/FR-2018-09-21/pdf/FR-2018-09-21.pdf,official_scope_expanded_on_valid_2018_hts_universe
us_301_list3_2018,Section 301 List 3,282990,2018-09-24,us_301_list3_2018:2829.90.05=2829.90.05|us_301_list3_2018:2829.90.40=2829.90.40|us_301_list3_2018:2829.90.61=2829.90.61,3,,https://www.govinfo.gov/content/pkg/FR-2018-09-21/pdf/FR-2018-09-21.pdf,official_scope_expanded_on_valid_2018_hts_universe
us_301_list3_2018,Section 301 List 3,283010,2018-09-24,us_301_list3_2018:2830.10.00=2830.10.00,1,,https://www.govinfo.gov/content/pkg/FR-2018-09-21/pdf/FR-2018-09-21.pdf,official_scope_expanded_on_valid_2018_hts_universe
us_301_list3_2018,Section 301 List 3,283090,2018-09-24,us_301_list3_2018:2830.90.10=2830.90.10|us_301_list3_2018:2830.90.15=2830.90.15|us_301_list3_2018:2830.90.20=2830.90.20|us_301_list3_2018:2830.90.90=2830.90.90,4,,https://www.govinfo.gov/content/pkg/FR-2018-09-21/pdf/FR-2018-09-21.pdf,official_scope_expanded_on_valid_2018_hts_universe
us_301_list3_2018,Section 301 List 3,283110,2018-09-24,us_301_list3_2018:2831.10.10=2831.10.10|us_301_list3_2018:2831.10.50=2831.10.50,2,,https://www.govinfo.gov/content/pkg/FR-2018-09-21/pdf/FR-2018-09-21.pdf,official_scope_expanded_on_valid_2018_hts_universe
us_301_list3_2018,Section 301 List 3,283190,2018-09-24,us_301_list3_2018:2831.90.00=2831.90.00,1,,https://www.govinfo.gov/content/pkg/FR-2018-09-21/pdf/FR-2018-09-21.pdf,official_scope_expanded_on_valid_2018_hts_universe
us_301_list3_2018,Section 301 List 3,283210,2018-09-24,us_301_list3_2018:2832.10.00=2832.10.00,1,,https://www.govinfo.gov/content/pkg/FR-2018-09-21/pdf/FR-2018-09-21.pdf,official_scope_expanded_on_valid_2018_hts_universe
us_301_list3_2018,Section 301 List 3,283220,2018-09-24,us_301_list3_2018:2832.20.00=2832.20.00,1,,https://www.govinfo.gov/content/pkg/FR-2018-09-21/pdf/FR-2018-09-21.pdf,official_scope_expanded_on_valid_2018_hts_universe
us_301_list3_2018,Section 301 List 3,283230,2018-09-24,us_301_list3_2018:2832.30.10=2832.30.10|us_301_list3_2018:2832.30.50=2832.30.50,2,,https://www.govinfo.gov/content/pkg/FR-2018-09-21/pdf/FR-2018-09-21.pdf,official_scope_expanded_on_valid_2018_hts_universe
us_301_list3_2018,Section 301 List 3,283311,2018-09-24,us_301_list3_2018:2833.11.10=2833.11.10|us_301_list3_2018:2833.11.50=2833.11.50,3,,https://www.govinfo.gov/content/pkg/FR-2018-09-21/pdf/FR-2018-09-21.pdf,official_scope_expanded_on_valid_2018_hts_universe
us_301_list3_2018,Section 301 List 3,283319,2018-09-24,us_301_list3_2018:2833.19.00=2833.19.00,1,,https://www.govinfo.gov/content/pkg/FR-2018-09-21/pdf/FR-2018-09-21.pdf,official_scope_expanded_on_valid_2018_hts_universe
us_301_list3_2018,Section 301 List 3,283321,2018-09-24,us_301_list3_2018:2833.21.00=2833.21.00,1,,https://www.govinfo.gov/content/pkg/FR-2018-09-21/pdf/FR-2018-09-21.pdf,official_scope_expanded_on_valid_2018_hts_universe
us_301_list3_2018,Section 301 List 3,283322,2018-09-24,us_301_list3_2018:2833.22.00=2833.22.00,1,,https://www.govinfo.gov/content/pkg/FR-2018-09-21/pdf/FR-2018-09-21.pdf,official_scope_expanded_on_valid_2018_hts_universe
us_301_list3_2018,Section 301 List 3,283324,2018-09-24,us_301_list3_2018:2833.24.00=2833.24.00,1,,https://www.govinfo.gov/content/pkg/FR-2018-09-21/pdf/FR-2018-09-21.pdf,official_scope_expanded_on_valid_2018_hts_universe
us_301_list3_2018,Section 301 List 3,283325,2018-09-24,us_301_list3_2018:2833.25.00=2833.25.00,1,,https://www.govinfo.gov/content/pkg/FR-2018-09-21/pdf/FR-2018-09-21.pdf,official_scope_expanded_on_valid_2018_hts_universe
us_301_list3_2018,Section 301 List 3,283327,2018-09-24,us_301_list3_2018:2833.27.00=2833.27.00,1,,https://www.govinfo.gov/content/pkg/FR-2018-09-21/pdf/FR-2018-09-21.pdf,official_scope_expanded_on_valid_2018_hts_universe
us_301_list3_2018,Section 301 List 3,283329,2018-09-24,us_301_list3_2018:2833.29.10=2833.29.10|us_301_list3_2018:2833.29.20=2833.29.20|us_301_list3_2018:2833.29.30=2833.29.30|us_301_list3_2018:2833.29.40=2833.29.40|us_301_list3_2018:2833.29.45=2833.29.45|us_301_list3_2018:2833.29.51=2833.29.51,6,,https://www.govinfo.gov/content/pkg/FR-2018-09-21/pdf/FR-2018-09-21.pdf,official_scope_expanded_on_valid_2018_hts_universe
us_301_list3_2018,Section 301 List 3,283330,2018-09-24,us_301_list3_2018:2833.30.00=2833.30.00,1,,https://www.govinfo.gov/content/pkg/FR-2018-09-21/pdf/FR-2018-09-21.pdf,official_scope_expanded_on_valid_2018_hts_universe
us_301_list3_2018,Section 301 List 3,283340,2018-09-24,us_301_list3_2018:2833.40.20=2833.40.20|us_301_list3_2018:2833.40.60=2833.40.60,4,,https://www.govinfo.gov/content/pkg/FR-2018-09-21/pdf/FR-2018-09-21.pdf,official_scope_expanded_on_valid_2018_hts_universe
us_301_list3_2018,Section 301 List 3,283410,2018-09-24,us_301_list3_2018:2834.10.10=2834.10.10|us_301_list3_2018:2834.10.50=2834.10.50,2,,https://www.govinfo.gov/content/pkg/FR-2018-09-21/pdf/FR-2018-09-21.pdf,official_scope_expanded_on_valid_2018_hts_universe
us_301_list3_2018,Section 301 List 3,283421,2018-09-24,us_301_list3_2018:2834.21.00=2834.21.00,1,,https://www.govinfo.gov/content/pkg/FR-2018-09-21/pdf/FR-2018-09-21.pdf,official_scope_expanded_on_valid_2018_hts_universe
us_301_list3_2018,Section 301 List 3,283429,2018-09-24,us_301_list3_2018:2834.29.05=2834.29.05|us_301_list3_2018:2834.29.10=2834.29.10|us_301_list3_2018:2834.29.20=2834.29.20|us_301_list3_2018:2834.29.51=2834.29.51,4,,https://www.govinfo.gov/content/pkg/FR-2018-09-21/pdf/FR-2018-09-21.pdf,official_scope_expanded_on_valid_2018_hts_universe
us_301_list3_2018,Section 301 List 3,283510,2018-09-24,us_301_list3_2018:2835.10.00=2835.10.00,1,,https://www.govinfo.gov/content/pkg/FR-2018-09-21/pdf/FR-2018-09-21.pdf,official_scope_expanded_on_valid_2018_hts_universe
us_301_list3_2018,Section 301 List 3,283522,2018-09-24,us_301_list3_2018:2835.22.00=2835.22.00,1,,https://www.govinfo.gov/content/pkg/FR-2018-09-21/pdf/FR-2018-09-21.pdf,official_scope_expanded_on_valid_2018_hts_universe
us_301_list3_2018,Section 301 List 3,283524,2018-09-24,us_301_list3_2018:2835.24.00=2835.24.00,1,,https://www.govinfo.gov/content/pkg/FR-2018-09-21/pdf/FR-2018-09-21.pdf,official_scope_expanded_on_valid_2018_hts_universe
us_301_list3_2018,Section 301 List 3,283525,2018-09-24,us_301_list3_2018:2835.25.00=2835.25.00,1,,https://www.govinfo.gov/content/pkg/FR-2018-09-21/pdf/FR-2018-09-21.pdf,official_scope_expanded_on_valid_2018_hts_universe
us_301_list3_2018,Section 301 List 3,283526,2018-09-24,us_301_list3_2018:2835.26.00=2835.26.00,1,,https://www.govinfo.gov/content/pkg/FR-2018-09-21/pdf/FR-2018-09-21.pdf,official_scope_expanded_on_valid_2018_hts_universe
us_301_list3_2018,Section 301 List 3,283529,2018-09-24,us_301_list3_2018:2835.29.10=2835.29.10|us_301_list3_2018:2835.29.20=2835.29.20|us_301_list3_2018:2835.29.30=2835.29.30|us_301_list3_2018:2835.29.51=2835.29.51,4,,https://www.govinfo.gov/content/pkg/FR-2018-09-21/pdf/FR-2018-09-21.pdf,official_scope_expanded_on_valid_2018_hts_universe
us_301_list3_2018,Section 301 List 3,283531,2018-09-24,us_301_list3_2018:2835.31.00=2835.31.00,1,,https://www.govinfo.gov/content/pkg/FR-2018-09-21/pdf/FR-2018-09-21.pdf,official_scope_expanded_on_valid_2018_hts_universe
us_301_list3_2018,Section 301 List 3,283539,2018-09-24,us_301_list3_2018:2835.39.10=2835.39.10|us_301_list3_2018:2835.39.50=2835.39.50,2,,https://www.govinfo.gov/content/pkg/FR-2018-09-21/pdf/FR-2018-09-21.pdf,official_scope_expanded_on_valid_2018_hts_universe
us_301_list3_2018,Section 301 List 3,283620,2018-09-24,us_301_list3_2018:2836.20.00=2836.20.00,1,,https://www.govinfo.gov/content/pkg/FR-2018-09-21/pdf/FR-2018-09-21.pdf,official_scope_expanded_on_valid_2018_hts_universe
us_301_list3_2018,Section 301 List 3,283630,2018-09-24,us_301_list3_2018:2836.30.00=2836.30.00,1,,https://www.govinfo.gov/content/pkg/FR-2018-09-21/pdf/FR-2018-09-21.pdf,official_scope_expanded_on_valid_2018_hts_universe
us_301_list3_2018,Section 301 List 3,283640,2018-09-24,us_301_list3_2018:2836.40.10=2836.40.10|us_301_list3_2018:2836.40.20=2836.40.20,2,,https://www.govinfo.gov/content/pkg/FR-2018-09-21/pdf/FR-2018-09-21.pdf,official_scope_expanded_on_valid_2018_hts_universe
us_301_list3_2018,Section 301 List 3,283650,2018-09-24,us_301_list3_2018:2836.50.00=2836.50.00,1,,https://www.govinfo.gov/content/pkg/FR-2018-09-21/pdf/FR-2018-09-21.pdf,official_scope_expanded_on_valid_2018_hts_universe
us_301_list3_2018,Section 301 List 3,283660,2018-09-24,us_301_list3_2018:2836.60.00=2836.60.00,1,,https://www.govinfo.gov/content/pkg/FR-2018-09-21/pdf/FR-2018-09-21.pdf,official_scope_expanded_on_valid_2018_hts_universe
us_301_list3_2018,Section 301 List 3,283691,2018-09-24,us_301_list3_2018:2836.91.00=2836.91.00,2,,https://www.govinfo.gov/content/pkg/FR-2018-09-21/pdf/FR-2018-09-21.pdf,official_scope_expanded_on_valid_2018_hts_universe
us_301_list3_2018,Section 301 List 3,283692,2018-09-24,us_301_list3_2018:2836.92.00=2836.92.00,1,,https://www.govinfo.gov/content/pkg/FR-2018-09-21/pdf/FR-2018-09-21.pdf,official_scope_expanded_on_valid_2018_hts_universe
us_301_list3_2018,Section 301 List 3,283699,2018-09-24,us_301_list3_2018:2836.99.10=2836.99.10|us_301_list3_2018:2836.99.20=2836.99.20|us_301_list3_2018:2836.99.30=2836.99.30|us_301_list3_2018:2836.99.40=2836.99.40|us_301_list3_2018:2836.99.50=2836.99.50,5,,https://www.govinfo.gov/content/pkg/FR-2018-09-21/pdf/FR-2018-09-21.pdf,official_scope_expanded_on_valid_2018_hts_universe
us_301_list3_2018,Section 301 List 3,283711,2018-09-24,us_301_list3_2018:2837.11.00=2837.11.00,1,,https://www.govinfo.gov/content/pkg/FR-2018-09-21/pdf/FR-2018-09-21.pdf,official_scope_expanded_on_valid_2018_hts_universe
us_301_list3_2018,Section 301 List 3,283720,2018-09-24,us_301_list3_2018:2837.20.10=2837.20.10|us_301_list3_2018:2837.20.51=2837.20.51,2,,https://www.govinfo.gov/content/pkg/FR-2018-09-21/pdf/FR-2018-09-21.pdf,official_scope_expanded_on_valid_2018_hts_universe
us_301_list3_2018,Section 301 List 3,283911,2018-09-24,us_301_list3_2018:2839.11.00=2839.11.00,1,,https://www.govinfo.gov/content/pkg/FR-2018-09-21/pdf/FR-2018-09-21.pdf,official_scope_expanded_on_valid_2018_hts_universe
us_301_list3_2018,Section 301 List 3,283919,2018-09-24,us_301_list3_2018:2839.19.00=2839.19.00,1,,https://www.govinfo.gov/content/pkg/FR-2018-09-21/pdf/FR-2018-09-21.pdf,official_scope_expanded_on_valid_2018_hts_universe
us_301_list3_2018,Section 301 List 3,283990,2018-09-24,us_301_list3_2018:2839.90.10=2839.90.10|us_301_list3_2018:2839.90.50=2839.90.50,2,,https://www.govinfo.gov/content/pkg/FR-2018-09-21/pdf/FR-2018-09-21.pdf,official_scope_expanded_on_valid_2018_hts_universe
us_301_list3_2018,Section 301 List 3,284011,2018-09-24,us_301_list3_2018:2840.11.00=2840.11.00,1,,https://www.govinfo.gov/content/pkg/FR-2018-09-21/pdf/FR-2018-09-21.pdf,official_scope_expanded_on_valid_2018_hts_universe
us_301_list3_2018,Section 301 List 3,284019,2018-09-24,us_301_list3_2018:2840.19.00=2840.19.00,1,,https://www.govinfo.gov/content/pkg/FR-2018-09-21/pdf/FR-2018-09-21.pdf,official_scope_expanded_on_valid_2018_hts_universe
us_301_list3_2018,Section 301 List 3,284020,2018-09-24,us_301_list3_2018:2840.20.00=2840.20.00,1,,https://www.govinfo.gov/content/pkg/FR-2018-09-21/pdf/FR-2018-09-21.pdf,official_scope_expanded_on_valid_2018_hts_universe
us_301_list3_2018,Section 301 List 3,284030,2018-09-24,us_301_list3_2018:2840.30.00=2840.30.00,2,,https://www.govinfo.gov/content/pkg/FR-2018-09-21/pdf/FR-2018-09-21.pdf,official_scope_expanded_on_valid_2018_hts_universe
us_301_list3_2018,Section 301 List 3,284130,2018-09-24,us_301_list3_2018:2841.30.00=2841.30.00,1,,https://www.govinfo.gov/content/pkg/FR-2018-09-21/pdf/FR-2018-09-21.pdf,official_scope_expanded_on_valid_2018_hts_universe
us_301_list3_2018,Section 301 List 3,284150,2018-09-24,us_301_list3_2018:2841.50.10=2841.50.10|us_301_list3_2018:2841.50.91=2841.50.91,2,,https://www.govinfo.gov/content/pkg/FR-2018-09-21/pdf/FR-2018-09-21.pdf,official_scope_expanded_on_valid_2018_hts_universe
us_301_list3_2018,Section 301 List 3,284161,2018-09-24,us_301_list3_2018:2841.61.00=2841.61.00,1,,https://www.govinfo.gov/content/pkg/FR-2018-09-21/pdf/FR-2018-09-21.pdf,official_scope_expanded_on_valid_2018_hts_universe
us_301_list3_2018,Section 301 List 3,284169,2018-09-24,us_301_list3_2018:2841.69.00=2841.69.00,2,,https://www.govinfo.gov/content/pkg/FR-2018-09-21/pdf/FR-2018-09-21.pdf,official_scope_expanded_on_valid_2018_hts_universe
us_301_list3_2018,Section 301 List 3,284190,2018-09-24,us_301_list3_2018:2841.90.10=2841.90.10|us_301_list3_2018:2841.90.20=2841.90.20|us_301_list3_2018:2841.90.30=2841.90.30|us_301_list3_2018:2841.90.40=2841.90.40|us_301_list3_2018:2841.90.45=2841.90.45|us_301_list3_2018:2841.90.50=2841.90.50,6,,https://www.govinfo.gov/content/pkg/FR-2018-09-21/pdf/FR-2018-09-21.pdf,official_scope_expanded_on_valid_2018_hts_universe
us_301_list3_2018,Section 301 List 3,284210,2018-09-24,us_301_list3_2018:2842.10.00=2842.10.00,1,,https://www.govinfo.gov/content/pkg/FR-2018-09-21/pdf/FR-2018-09-21.pdf,official_scope_expanded_on_valid_2018_hts_universe
us_301_list3_2018,Section 301 List 3,284290,2018-09-24,us_301_list3_2018:2842.90.10=2842.90.10|us_301_list3_2018:2842.90.90=2842.90.90,2,,https://www.govinfo.gov/content/pkg/FR-2018-09-21/pdf/FR-2018-09-21.pdf,official_scope_expanded_on_valid_2018_hts_universe
us_301_list3_2018,Section 301 List 3,284310,2018-09-24,us_301_list3_2018:2843.10.00=2843.10.00,1,,https://www.govinfo.gov/content/pkg/FR-2018-09-21/pdf/FR-2018-09-21.pdf,official_scope_expanded_on_valid_2018_hts_universe
us_301_list3_2018,Section 301 List 3,284321,2018-09-24,us_301_list3_2018:2843.21.00=2843.21.00,1,,https://www.govinfo.gov/content/pkg/FR-2018-09-21/pdf/FR-2018-09-21.pdf,official_scope_expanded_on_valid_2018_hts_universe
us_301_list3_2018,Section 301 List 3,284329,2018-09-24,us_301_list3_2018:2843.29.01=2843.29.01,1,,https://www.govinfo.gov/content/pkg/FR-2018-09-21/pdf/FR-2018-09-21.pdf,official_scope_expanded_on_valid_2018_hts_universe
us_301_list3_2018,Section 301 List 3,284330,2018-09-24,us_301_list3_2018:2843.30.00=2843.30.00,1,,https://www.govinfo.gov/content/pkg/FR-2018-09-21/pdf/FR-2018-09-21.pdf,official_scope_expanded_on_valid_2018_hts_universe
us_301_list3_2018,Section 301 List 3,284390,2018-09-24,us_301_list3_2018:2843.90.00=2843.90.00,1,,https://www.govinfo.gov/content/pkg/FR-2018-09-21/pdf/FR-2018-09-21.pdf,official_scope_expanded_on_valid_2018_hts_universe
us_301_list3_2018,Section 301 List 3,284410,2018-09-24,us_301_list3_2018:2844.10.10=2844.10.10|us_301_list3_2018:2844.10.20=2844.10.20|us_301_list3_2018:2844.10.50=2844.10.50,5,,https://www.govinfo.gov/content/pkg/FR-2018-09-21/pdf/FR-2018-09-21.pdf,official_scope_expanded_on_valid_2018_hts_universe
us_301_list3_2018,Section 301 List 3,284510,2018-09-24,us_301_list3_2018:2845.10.00=2845.10.00,1,,https://www.govinfo.gov/content/pkg/FR-2018-09-21/pdf/FR-2018-09-21.pdf,official_scope_expanded_on_valid_2018_hts_universe
us_301_list3_2018,Section 301 List 3,284700,2018-09-24,us_301_list3_2018:2847.00.00=2847.00.00,1,,https://www.govinfo.gov/content/pkg/FR-2018-09-21/pdf/FR-2018-09-21.pdf,official_scope_expanded_on_valid_2018_hts_universe
us_301_list3_2018,Section 301 List 3,284910,2018-09-24,us_301_list3_2018:2849.10.00=2849.10.00,1,,https://www.govinfo.gov/content/pkg/FR-2018-09-21/pdf/FR-2018-09-21.pdf,official_scope_expanded_on_valid_2018_hts_universe
us_301_list3_2018,Section 301 List 3,284990,2018-09-24,us_301_list3_2018:2849.90.10=2849.90.10|us_301_list3_2018:2849.90.20=2849.90.20|us_301_list3_2018:2849.90.50=2849.90.50,3,,https://www.govinfo.gov/content/pkg/FR-2018-09-21/pdf/FR-2018-09-21.pdf,official_scope_expanded_on_valid_2018_hts_universe
us_301_list3_2018,Section 301 List 3,285000,2018-09-24,us_301_list3_2018:2850.00.05=2850.00.05|us_301_list3_2018:2850.00.07=2850.00.07|us_301_list3_2018:2850.00.10=2850.00.10|us_301_list3_2018:2850.00.20=2850.00.20|us_301_list3_2018:2850.00.50=2850.00.50,5,,https://www.govinfo.gov/content/pkg/FR-2018-09-21/pdf/FR-2018-09-21.pdf,official_scope_expanded_on_valid_2018_hts_universe
us_301_list3_2018,Section 301 List 3,285210,2018-09-24,us_301_list3_2018:2852.10.10=2852.10.10|us_301_list3_2018:2852.10.90=2852.10.90,2,,https://www.govinfo.gov/content/pkg/FR-2018-09-21/pdf/FR-2018-09-21.pdf,official_scope_expanded_on_valid_2018_hts_universe
us_301_list3_2018,Section 301 List 3,285290,2018-09-24,us_301_list3_2018:2852.90.05=2852.90.05|us_301_list3_2018:2852.90.90=2852.90.90,2,,https://www.govinfo.gov/content/pkg/FR-2018-09-21/pdf/FR-2018-09-21.pdf,official_scope_expanded_on_valid_2018_hts_universe
us_301_list3_2018,Section 301 List 3,285310,2018-09-24,us_301_list3_2018:2853.10.00=2853.10.00,1,,https://www.govinfo.gov/content/pkg/FR-2018-09-21/pdf/FR-2018-09-21.pdf,official_scope_expanded_on_valid_2018_hts_universe
us_301_list3_2018,Section 301 List 3,285390,2018-09-24,us_301_list3_2018:2853.90.10=2853.90.10|us_301_list3_2018:2853.90.50=2853.90.50|us_301_list3_2018:2853.90.90=2853.90.90,4,,https://www.govinfo.gov/content/pkg/FR-2018-09-21/pdf/FR-2018-09-21.pdf,official_scope_expanded_on_valid_2018_hts_universe
us_301_list3_2018,Section 301 List 3,290110,2018-09-24,us_301_list3_2018:2901.10.10=2901.10.10|us_301_list3_2018:2901.10.30=2901.10.30|us_301_list3_2018:2901.10.40=2901.10.40|us_301_list3_2018:2901.10.50=2901.10.50,4,,https://www.govinfo.gov/content/pkg/FR-2018-09-21/pdf/FR-2018-09-21.pdf,official_scope_expanded_on_valid_2018_hts_universe
us_301_list3_2018,Section 301 List 3,290121,2018-09-24,us_301_list3_2018:2901.21.00=2901.21.00,1,,https://www.govinfo.gov/content/pkg/FR-2018-09-21/pdf/FR-2018-09-21.pdf,official_scope_expanded_on_valid_2018_hts_universe
us_301_list3_2018,Section 301 List 3,290122,2018-09-24,us_301_list3_2018:2901.22.00=2901.22.00,1,,https://www.govinfo.gov/content/pkg/FR-2018-09-21/pdf/FR-2018-09-21.pdf,official_scope_expanded_on_valid_2018_hts_universe
us_301_list3_2018,Section 301 List 3,290123,2018-09-24,us_301_list3_2018:2901.23.00=2901.23.00,1,,https://www.govinfo.gov/content/pkg/FR-2018-09-21/pdf/FR-2018-09-21.pdf,official_scope_expanded_on_valid_2018_hts_universe
us_301_list3_2018,Section 301 List 3,290124,2018-09-24,us_301_list3_2018:2901.24.10=2901.24.10|us_301_list3_2018:2901.24.20=2901.24.20|us_301_list3_2018:2901.24.50=2901.24.50,3,,https://www.govinfo.gov/content/pkg/FR-2018-09-21/pdf/FR-2018-09-21.pdf,official_scope_expanded_on_valid_2018_hts_universe
us_301_list3_2018,Section 301 List 3,290129,2018-09-24,us_301_list3_2018:2901.29.10=2901.29.10|us_301_list3_2018:2901.29.50=2901.29.50,3,,https://www.govinfo.gov/content/pkg/FR-2018-09-21/pdf/FR-2018-09-21.pdf,official_scope_expanded_on_valid_2018_hts_universe
us_301_list3_2018,Section 301 List 3,290211,2018-09-24,us_301_list3_2018:2902.11.00=2902.11.00,1,,https://www.govinfo.gov/content/pkg/FR-2018-09-21/pdf/FR-2018-09-21.pdf,official_scope_expanded_on_valid_2018_hts_universe
us_301_list3_2018,Section 301 List 3,290219,2018-09-24,us_301_list3_2018:2902.19.00=2902.19.00,2,,https://www.govinfo.gov/content/pkg/FR-2018-09-21/pdf/FR-2018-09-21.pdf,official_scope_expanded_on_valid_2018_hts_universe
us_301_list3_2018,Section 301 List 3,290220,2018-09-24,us_301_list3_2018:2902.20.00=2902.20.00,1,,https://www.govinfo.gov/content/pkg/FR-2018-09-21/pdf/FR-2018-09-21.pdf,official_scope_expanded_on_valid_2018_hts_universe
us_301_list3_2018,Section 301 List 3,290230,2018-09-24,us_301_list3_2018:2902.30.00=2902.30.00,1,,https://www.govinfo.gov/content/pkg/FR-2018-09-21/pdf/FR-2018-09-21.pdf,official_scope_expanded_on_valid_2018_hts_universe
us_301_list3_2018,Section 301 List 3,290241,2018-09-24,us_301_list3_2018:2902.41.00=2902.41.00,1,,https://www.govinfo.gov/content/pkg/FR-2018-09-21/pdf/FR-2018-09-21.pdf,official_scope_expanded_on_valid_2018_hts_universe
us_301_list3_2018,Section 301 List 3,290242,2018-09-24,us_301_list3_2018:2902.42.00=2902.42.00,1,,https://www.govinfo.gov/content/pkg/FR-2018-09-21/pdf/FR-2018-09-21.pdf,official_scope_expanded_on_valid_2018_hts_universe
us_301_list3_2018,Section 301 List 3,290243,2018-09-24,us_301_list3_2018:2902.43.00=2902.43.00,1,,https://www.govinfo.gov/content/pkg/FR-2018-09-21/pdf/FR-2018-09-21.pdf,official_scope_expanded_on_valid_2018_hts_universe
us_301_list3_2018,Section 301 List 3,290244,2018-09-24,us_301_list3_2018:2902.44.00=2902.44.00,1,,https://www.govinfo.gov/content/pkg/FR-2018-09-21/pdf/FR-2018-09-21.pdf,official_scope_expanded_on_valid_2018_hts_universe
us_301_list3_2018,Section 301 List 3,290250,2018-09-24,us_301_list3_2018:2902.50.00=2902.50.00,1,,https://www.govinfo.gov/content/pkg/FR-2018-09-21/pdf/FR-2018-09-21.pdf,official_scope_expanded_on_valid_2018_hts_universe
us_301_list3_2018,Section 301 List 3,290260,2018-09-24,us_301_list3_2018:2902.60.00=2902.60.00,1,,https://www.govinfo.gov/content/pkg/FR-2018-09-21/pdf/FR-2018-09-21.pdf,official_scope_expanded_on_valid_2018_hts_universe
us_301_list3_2018,Section 301 List 3,290270,2018-09-24,us_301_list3_2018:2902.70.00=2902.70.00,1,,https://www.govinfo.gov/content/pkg/FR-2018-09-21/pdf/FR-2018-09-21.pdf,official_scope_expanded_on_valid_2018_hts_universe
us_301_list3_2018,Section 301 List 3,290290,2018-09-24,us_301_list3_2018:2902.90.10=2902.90.10|us_301_list3_2018:2902.90.20=2902.90.20|us_301_list3_2018:2902.90.30=2902.90.30|us_301_list3_2018:2902.90.40=2902.90.40|us_301_list3_2018:2902.90.60=2902.90.60|us_301_list3_2018:2902.90.90=2902.90.90,7,,https://www.govinfo.gov/content/pkg/FR-2018-09-21/pdf/FR-2018-09-21.pdf,official_scope_expanded_on_valid_2018_hts_universe
us_301_list3_2018,Section 301 List 3,290311,2018-09-24,us_301_list3_2018:2903.11.00=2903.11.00,2,,https://www.govinfo.gov/content/pkg/FR-2018-09-21/pdf/FR-2018-09-21.pdf,official_scope_expanded_on_valid_2018_hts_universe
us_301_list3_2018,Section 301 List 3,290312,2018-09-24,us_301_list3_2018:2903.12.00=2903.12.00,1,,https://www.govinfo.gov/content/pkg/FR-2018-09-21/pdf/FR-2018-09-21.pdf,official_scope_expanded_on_valid_2018_hts_universe
us_301_list3_2018,Section 301 List 3,290313,2018-09-24,us_301_list3_2018:2903.13.00=2903.13.00,1,,https://www.govinfo.gov/content/pkg/FR-2018-09-21/pdf/FR-2018-09-21.pdf,official_scope_expanded_on_valid_2018_hts_universe
us_301_list3_2018,Section 301 List 3,290314,2018-09-24,us_301_list3_2018:2903.14.00=2903.14.00,1,,https://www.govinfo.gov/content/pkg/FR-2018-09-21/pdf/FR-2018-09-21.pdf,official_scope_expanded_on_valid_2018_hts_universe
us_301_list3_2018,Section 301 List 3,290315,2018-09-24,us_301_list3_2018:2903.15.00=2903.15.00,1,,https://www.govinfo.gov/content/pkg/FR-2018-09-21/pdf/FR-2018-09-21.pdf,official_scope_expanded_on_valid_2018_hts_universe
us_301_list3_2018,Section 301 List 3,290319,2018-09-24,us_301_list3_2018:2903.19.05=2903.19.05|us_301_list3_2018:2903.19.10=2903.19.10|us_301_list3_2018:2903.19.30=2903.19.30|us_301_list3_2018:2903.19.60=2903.19.60,5,,https://www.govinfo.gov/content/pkg/FR-2018-09-21/pdf/FR-2018-09-21.pdf,official_scope_expanded_on_valid_2018_hts_universe
us_301_list3_2018,Section 301 List 3,290322,2018-09-24,us_301_list3_2018:2903.22.00=2903.22.00,1,,https://www.govinfo.gov/content/pkg/FR-2018-09-21/pdf/FR-2018-09-21.pdf,official_scope_expanded_on_valid_2018_hts_universe
us_301_list3_2018,Section 301 List 3,290323,2018-09-24,us_301_list3_2018:2903.23.00=2903.23.00,1,,https://www.govinfo.gov/content/pkg/FR-2018-09-21/pdf/FR-2018-09-21.pdf,official_scope_expanded_on_valid_2018_hts_universe
us_301_list3_2018,Section 301 List 3,290329,2018-09-24,us_301_list3_2018:2903.29.00=2903.29.00,1,,https://www.govinfo.gov/content/pkg/FR-2018-09-21/pdf/FR-2018-09-21.pdf,official_scope_expanded_on_valid_2018_hts_universe
us_301_list3_2018,Section 301 List 3,290331,2018-09-24,us_301_list3_2018:2903.31.00=2903.31.00,1,,https://www.govinfo.gov/content/pkg/FR-2018-09-21/pdf/FR-2018-09-21.pdf,official_scope_expanded_on_valid_2018_hts_universe
us_301_list3_2018,Section 301 List 3,290339,2018-09-24,us_301_list3_2018:2903.39.15=2903.39.15,2,,https://www.govinfo.gov/content/pkg/FR-2018-09-21/pdf/FR-2018-09-21.pdf,official_scope_expanded_on_valid_2018_hts_universe
us_301_list3_2018,Section 301 List 3,290371,2018-09-24,us_301_list3_2018:2903.71.00=2903.71.00,1,,https://www.govinfo.gov/content/pkg/FR-2018-09-21/pdf/FR-2018-09-21.pdf,official_scope_expanded_on_valid_2018_hts_universe
us_301_list3_2018,Section 301 List 3,290372,2018-09-24,us_301_list3_2018:2903.72.00=2903.72.00,2,,https://www.govinfo.gov/content/pkg/FR-2018-09-21/pdf/FR-2018-09-21.pdf,official_scope_expanded_on_valid_2018_hts_universe
us_301_list3_2018,Section 301 List 3,290373,2018-09-24,us_301_list3_2018:2903.73.00=2903.73.00,1,,https://www.govinfo.gov/content/pkg/FR-2018-09-21/pdf/FR-2018-09-21.pdf,official_scope_expanded_on_valid_2018_hts_universe
us_301_list3_2018,Section 301 List 3,290374,2018-09-24,us_301_list3_2018:2903.74.00=2903.74.00,1,,https://www.govinfo.gov/content/pkg/FR-2018-09-21/pdf/FR-2018-09-21.pdf,official_scope_expanded_on_valid_2018_hts_universe
us_301_list3_2018,Section 301 List 3,290375,2018-09-24,us_301_list3_2018:2903.75.00=2903.75.00,1,,https://www.govinfo.gov/content/pkg/FR-2018-09-21/pdf/FR-2018-09-21.pdf,official_scope_expanded_on_valid_2018_hts_universe
us_301_list3_2018,Section 301 List 3,290376,2018-09-24,us_301_list3_2018:2903.76.00=2903.76.00,2,,https://www.govinfo.gov/content/pkg/FR-2018-09-21/pdf/FR-2018-09-21.pdf,official_scope_expanded_on_valid_2018_hts_universe
us_301_list3_2018,Section 301 List 3,290378,2018-09-24,us_301_list3_2018:2903.78.00=2903.78.00,1,,https://www.govinfo.gov/content/pkg/FR-2018-09-21/pdf/FR-2018-09-21.pdf,official_scope_expanded_on_valid_2018_hts_universe
us_301_list3_2018,Section 301 List 3,290379,2018-09-24,us_301_list3_2018:2903.79.90=2903.79.90,2,,https://www.govinfo.gov/content/pkg/FR-2018-09-21/pdf/FR-2018-09-21.pdf,official_scope_expanded_on_valid_2018_hts_universe
us_301_list3_2018,Section 301 List 3,290381,2018-09-24,us_301_list3_2018:2903.81.00=2903.81.00,1,,https://www.govinfo.gov/content/pkg/FR-2018-09-21/pdf/FR-2018-09-21.pdf,official_scope_expanded_on_valid_2018_hts_universe
us_301_list3_2018,Section 301 List 3,290382,2018-09-24,us_301_list3_2018:2903.82.00=2903.82.00,1,,https://www.govinfo.gov/content/pkg/FR-2018-09-21/pdf/FR-2018-09-21.pdf,official_scope_expanded_on_valid_2018_hts_universe
us_301_list3_2018,Section 301 List 3,290383,2018-09-24,us_301_list3_2018:2903.83.00=2903.83.00,1,,https://www.govinfo.gov/content/pkg/FR-2018-09-21/pdf/FR-2018-09-21.pdf,official_scope_expanded_on_valid_2018_hts_universe
us_301_list3_2018,Section 301 List 3,290389,2018-09-24,us_301_list3_2018:2903.89.15=2903.89.15|us_301_list3_2018:2903.89.20=2903.89.20|us_301_list3_2018:2903.89.40=2903.89.40|us_301_list3_2018:2903.89.60=2903.89.60|us_301_list3_2018:2903.89.70=2903.89.70,5,,https://www.govinfo.gov/content/pkg/FR-2018-09-21/pdf/FR-2018-09-21.pdf,official_scope_expanded_on_valid_2018_hts_universe
us_301_list3_2018,Section 301 List 3,290391,2018-09-24,us_301_list3_2018:2903.91.10=2903.91.10|us_301_list3_2018:2903.91.20=2903.91.20|us_301_list3_2018:2903.91.30=2903.91.30,3,,https://www.govinfo.gov/content/pkg/FR-2018-09-21/pdf/FR-2018-09-21.pdf,official_scope_expanded_on_valid_2018_hts_universe
us_301_list3_2018,Section 301 List 3,290392,2018-09-24,us_301_list3_2018:2903.92.00=2903.92.00,1,,https://www.govinfo.gov/content/pkg/FR-2018-09-21/pdf/FR-2018-09-21.pdf,official_scope_expanded_on_valid_2018_hts_universe
us_301_list3_2018,Section 301 List 3,290394,2018-09-24,us_301_list3_2018:2903.94.00=2903.94.00,1,,https://www.govinfo.gov/content/pkg/FR-2018-09-21/pdf/FR-2018-09-21.pdf,official_scope_expanded_on_valid_2018_hts_universe
us_301_list3_2018,Section 301 List 3,290399,2018-09-24,us_301_list3_2018:2903.99.10=2903.99.10|us_301_list3_2018:2903.99.20=2903.99.20|us_301_list3_2018:2903.99.23=2903.99.23|us_301_list3_2018:2903.99.27=2903.99.27|us_301_list3_2018:2903.99.30=2903.99.30,5,,https://www.govinfo.gov/content/pkg/FR-2018-09-21/pdf/FR-2018-09-21.pdf,official_scope_expanded_on_valid_2018_hts_universe
us_301_list3_2018,Section 301 List 3,290410,2018-09-24,us_301_list3_2018:2904.10.04=2904.10.04|us_301_list3_2018:2904.10.08=2904.10.08|us_301_list3_2018:2904.10.10=2904.10.10|us_301_list3_2018:2904.10.15=2904.10.15|us_301_list3_2018:2904.10.32=2904.10.32|us_301_list3_2018:2904.10.37=2904.10.37|us_301_list3_2018:2904.10.50=2904.10.50,7,,https://www.govinfo.gov/content/pkg/FR-2018-09-21/pdf/FR-2018-09-21.pdf,official_scope_expanded_on_valid_2018_hts_universe
us_301_list3_2018,Section 301 List 3,290420,2018-09-24,us_301_list3_2018:2904.20.10=2904.20.10|us_301_list3_2018:2904.20.15=2904.20.15|us_301_list3_2018:2904.20.20=2904.20.20|us_301_list3_2018:2904.20.30=2904.20.30|us_301_list3_2018:2904.20.35=2904.20.35|us_301_list3_2018:2904.20.40=2904.20.40|us_301_list3_2018:2904.20.45=2904.20.45|us_301_list3_2018:2904.20.50=2904.20.50,8,,https://www.govinfo.gov/content/pkg/FR-2018-09-21/pdf/FR-2018-09-21.pdf,official_scope_expanded_on_valid_2018_hts_universe
us_301_list3_2018,Section 301 List 3,290431,2018-09-24,us_301_list3_2018:2904.31.00=2904.31.00,1,,https://www.govinfo.gov/content/pkg/FR-2018-09-21/pdf/FR-2018-09-21.pdf,official_scope_expanded_on_valid_2018_hts_universe
us_301_list3_2018,Section 301 List 3,290432,2018-09-24,us_301_list3_2018:2904.32.00=2904.32.00,1,,https://www.govinfo.gov/content/pkg/FR-2018-09-21/pdf/FR-2018-09-21.pdf,official_scope_expanded_on_valid_2018_hts_universe
us_301_list3_2018,Section 301 List 3,290433,2018-09-24,us_301_list3_2018:2904.33.00=2904.33.00,1,,https://www.govinfo.gov/content/pkg/FR-2018-09-21/pdf/FR-2018-09-21.pdf,official_scope_expanded_on_valid_2018_hts_universe
us_301_list3_2018,Section 301 List 3,290434,2018-09-24,us_301_list3_2018:2904.34.00=2904.34.00,1,,https://www.govinfo.gov/content/pkg/FR-2018-09-21/pdf/FR-2018-09-21.pdf,official_scope_expanded_on_valid_2018_hts_universe
us_301_list3_2018,Section 301 List 3,290435,2018-09-24,us_301_list3_2018:2904.35.00=2904.35.00,1,,https://www.govinfo.gov/content/pkg/FR-2018-09-21/pdf/FR-2018-09-21.pdf,official_scope_expanded_on_valid_2018_hts_universe
us_301_list3_2018,Section 301 List 3,290436,2018-09-24,us_301_list3_2018:2904.36.00=2904.36.00,1,,https://www.govinfo.gov/content/pkg/FR-2018-09-21/pdf/FR-2018-09-21.pdf,official_scope_expanded_on_valid_2018_hts_universe
us_301_list3_2018,Section 301 List 3,290491,2018-09-24,us_301_list3_2018:2904.91.00=2904.91.00,1,,https://www.govinfo.gov/content/pkg/FR-2018-09-21/pdf/FR-2018-09-21.pdf,official_scope_expanded_on_valid_2018_hts_universe
us_301_list3_2018,Section 301 List 3,290499,2018-09-24,us_301_list3_2018:2904.99.04=2904.99.04|us_301_list3_2018:2904.99.08=2904.99.08|us_301_list3_2018:2904.99.15=2904.99.15|us_301_list3_2018:2904.99.20=2904.99.20|us_301_list3_2018:2904.99.30=2904.99.30|us_301_list3_2018:2904.99.35=2904.99.35|us_301_list3_2018:2904.99.40=2904.99.40|us_301_list3_2018:2904.99.47=2904.99.47|us_301_list3_2018:2904.99.50=2904.99.50,9,,https://www.govinfo.gov/content/pkg/FR-2018-09-21/pdf/FR-2018-09-21.pdf,official_scope_expanded_on_valid_2018_hts_universe
us_301_list3_2018,Section 301 List 3,290511,2018-09-24,us_301_list3_2018:2905.11.10=2905.11.10|us_301_list3_2018:2905.11.20=2905.11.20,5,,https://www.govinfo.gov/content/pkg/FR-2018-09-21/pdf/FR-2018-09-21.pdf,official_scope_expanded_on_valid_2018_hts_universe
us_301_list3_2018,Section 301 List 3,290512,2018-09-24,us_301_list3_2018:2905.12.00=2905.12.00,2,,https://www.govinfo.gov/content/pkg/FR-2018-09-21/pdf/FR-2018-09-21.pdf,official_scope_expanded_on_valid_2018_hts_universe
us_301_list3_2018,Section 301 List 3,290513,2018-09-24,us_301_list3_2018:2905.13.00=2905.13.00,1,,https://www.govinfo.gov/content/pkg/FR-2018-09-21/pdf/FR-2018-09-21.pdf,official_scope_expanded_on_valid_2018_hts_universe
us_301_list3_2018,Section 301 List 3,290514,2018-09-24,us_301_list3_2018:2905.14.10=2905.14.10|us_301_list3_2018:2905.14.50=2905.14.50,3,,https://www.govinfo.gov/content/pkg/FR-2018-09-21/pdf/FR-2018-09-21.pdf,official_scope_expanded_on_valid_2018_hts_universe
us_301_list3_2018,Section 301 List 3,290516,2018-09-24,us_301_list3_2018:2905.16.00=2905.16.00,2,,https://www.govinfo.gov/content/pkg/FR-2018-09-21/pdf/FR-2018-09-21.pdf,official_scope_expanded_on_valid_2018_hts_universe
us_301_list3_2018,Section 301 List 3,290517,2018-09-24,us_301_list3_2018:2905.17.00=2905.17.00,1,,https://www.govinfo.gov/content/pkg/FR-2018-09-21/pdf/FR-2018-09-21.pdf,official_scope_expanded_on_valid_2018_hts_universe
us_301_list3_2018,Section 301 List 3,290519,2018-09-24,us_301_list3_2018:2905.19.10=2905.19.10|us_301_list3_2018:2905.19.90=2905.19.90,5,,https://www.govinfo.gov/content/pkg/FR-2018-09-21/pdf/FR-2018-09-21.pdf,official_scope_expanded_on_valid_2018_hts_universe
us_301_list3_2018,Section 301 List 3,290522,2018-09-24,us_301_list3_2018:2905.22.10=2905.22.10|us_301_list3_2018:2905.22.20=2905.22.20|us_301_list3_2018:2905.22.50=2905.22.50,4,,https://www.govinfo.gov/content/pkg/FR-2018-09-21/pdf/FR-2018-09-21.pdf,official_scope_expanded_on_valid_2018_hts_universe
us_301_list3_2018,Section 301 List 3,290529,2018-09-24,us_301_list3_2018:2905.29.10=2905.29.10|us_301_list3_2018:2905.29.90=2905.29.90,2,,https://www.govinfo.gov/content/pkg/FR-2018-09-21/pdf/FR-2018-09-21.pdf,official_scope_expanded_on_valid_2018_hts_universe
us_301_list3_2018,Section 301 List 3,290531,2018-09-24,us_301_list3_2018:2905.31.00=2905.31.00,1,,https://www.govinfo.gov/content/pkg/FR-2018-09-21/pdf/FR-2018-09-21.pdf,official_scope_expanded_on_valid_2018_hts_universe
us_301_list3_2018,Section 301 List 3,290532,2018-09-24,us_301_list3_2018:2905.32.00=2905.32.00,1,,https://www.govinfo.gov/content/pkg/FR-2018-09-21/pdf/FR-2018-09-21.pdf,official_scope_expanded_on_valid_2018_hts_universe
us_301_list3_2018,Section 301 List 3,290539,2018-09-24,us_301_list3_2018:2905.39.10=2905.39.10|us_301_list3_2018:2905.39.20=2905.39.20|us_301_list3_2018:2905.39.60=2905.39.60|us_301_list3_2018:2905.39.90=2905.39.90,4,,https://www.govinfo.gov/content/pkg/FR-2018-09-21/pdf/FR-2018-09-21.pdf,official_scope_expanded_on_valid_2018_hts_universe
us_301_list3_2018,Section 301 List 3,290541,2018-09-24,us_301_list3_2018:2905.41.00=2905.41.00,1,,https://www.govinfo.gov/content/pkg/FR-2018-09-21/pdf/FR-2018-09-21.pdf,official_scope_expanded_on_valid_2018_hts_universe
us_301_list3_2018,Section 301 List 3,290542,2018-09-24,us_301_list3_2018:2905.42.00=2905.42.00,1,,https://www.govinfo.gov/content/pkg/FR-2018-09-21/pdf/FR-2018-09-21.pdf,official_scope_expanded_on_valid_2018_hts_universe
us_301_list3_2018,Section 301 List 3,290549,2018-09-24,us_301_list3_2018:2905.49.10=2905.49.10|us_301_list3_2018:2905.49.20=2905.49.20|us_301_list3_2018:2905.49.30=2905.49.30|us_301_list3_2018:2905.49.40=2905.49.40|us_301_list3_2018:2905.49.50=2905.49.50,5,,https://www.govinfo.gov/content/pkg/FR-2018-09-21/pdf/FR-2018-09-21.pdf,official_scope_expanded_on_valid_2018_hts_universe
us_301_list3_2018,Section 301 List 3,290559,2018-09-24,us_301_list3_2018:2905.59.10=2905.59.10|us_301_list3_2018:2905.59.30=2905.59.30|us_301_list3_2018:2905.59.90=2905.59.90,3,,https://www.govinfo.gov/content/pkg/FR-2018-09-21/pdf/FR-2018-09-21.pdf,official_scope_expanded_on_valid_2018_hts_universe
us_301_list3_2018,Section 301 List 3,290611,2018-09-24,us_301_list3_2018:2906.11.00=2906.11.00,1,,https://www.govinfo.gov/content/pkg/FR-2018-09-21/pdf/FR-2018-09-21.pdf,official_scope_expanded_on_valid_2018_hts_universe
us_301_list3_2018,Section 301 List 3,290612,2018-09-24,us_301_list3_2018:2906.12.00=2906.12.00,1,,https://www.govinfo.gov/content/pkg/FR-2018-09-21/pdf/FR-2018-09-21.pdf,official_scope_expanded_on_valid_2018_hts_universe
us_301_list3_2018,Section 301 List 3,290613,2018-09-24,us_301_list3_2018:2906.13.10=2906.13.10|us_301_list3_2018:2906.13.50=2906.13.50,2,,https://www.govinfo.gov/content/pkg/FR-2018-09-21/pdf/FR-2018-09-21.pdf,official_scope_expanded_on_valid_2018_hts_universe
us_301_list3_2018,Section 301 List 3,290619,2018-09-24,us_301_list3_2018:2906.19.10=2906.19.10|us_301_list3_2018:2906.19.30=2906.19.30|us_301_list3_2018:2906.19.50=2906.19.50,3,,https://www.govinfo.gov/content/pkg/FR-2018-09-21/pdf/FR-2018-09-21.pdf,official_scope_expanded_on_valid_2018_hts_universe
us_301_list3_2018,Section 301 List 3,290621,2018-09-24,us_301_list3_2018:2906.21.00=2906.21.00,1,,https://www.govinfo.gov/content/pkg/FR-2018-09-21/pdf/FR-2018-09-21.pdf,official_scope_expanded_on_valid_2018_hts_universe
us_301_list3_2018,Section 301 List 3,290629,2018-09-24,us_301_list3_2018:2906.29.10=2906.29.10|us_301_list3_2018:2906.29.20=2906.29.20|us_301_list3_2018:2906.29.30=2906.29.30|us_301_list3_2018:2906.29.60=2906.29.60,4,,https://www.govinfo.gov/content/pkg/FR-2018-09-21/pdf/FR-2018-09-21.pdf,official_scope_expanded_on_valid_2018_hts_universe
us_301_list3_2018,Section 301 List 3,290711,2018-09-24,us_301_list3_2018:2907.11.00=2907.11.00,1,,https://www.govinfo.gov/content/pkg/FR-2018-09-21/pdf/FR-2018-09-21.pdf,official_scope_expanded_on_valid_2018_hts_universe
us_301_list3_2018,Section 301 List 3,290712,2018-09-24,us_301_list3_2018:2907.12.00=2907.12.00,1,,https://www.govinfo.gov/content/pkg/FR-2018-09-21/pdf/FR-2018-09-21.pdf,official_scope_expanded_on_valid_2018_hts_universe
us_301_list3_2018,Section 301 List 3,290713,2018-09-24,us_301_list3_2018:2907.13.00=2907.13.00,1,,https://www.govinfo.gov/content/pkg/FR-2018-09-21/pdf/FR-2018-09-21.pdf,official_scope_expanded_on_valid_2018_hts_universe
us_301_list3_2018,Section 301 List 3,290715,2018-09-24,us_301_list3_2018:2907.15.10=2907.15.10|us_301_list3_2018:2907.15.30=2907.15.30|us_301_list3_2018:2907.15.60=2907.15.60,3,,https://www.govinfo.gov/content/pkg/FR-2018-09-21/pdf/FR-2018-09-21.pdf,official_scope_expanded_on_valid_2018_hts_universe
us_301_list3_2018,Section 301 List 3,290719,2018-09-24,us_301_list3_2018:2907.19.10=2907.19.10|us_301_list3_2018:2907.19.20=2907.19.20|us_301_list3_2018:2907.19.40=2907.19.40|us_301_list3_2018:2907.19.61=2907.19.61|us_301_list3_2018:2907.19.80=2907.19.80,5,,https://www.govinfo.gov/content/pkg/FR-2018-09-21/pdf/FR-2018-09-21.pdf,official_scope_expanded_on_valid_2018_hts_universe
us_301_list3_2018,Section 301 List 3,290721,2018-09-24,us_301_list3_2018:2907.21.00=2907.21.00,1,,https://www.govinfo.gov/content/pkg/FR-2018-09-21/pdf/FR-2018-09-21.pdf,official_scope_expanded_on_valid_2018_hts_universe
us_301_list3_2018,Section 301 List 3,290722,2018-09-24,us_301_list3_2018:2907.22.10=2907.22.10|us_301_list3_2018:2907.22.50=2907.22.50,2,,https://www.govinfo.gov/content/pkg/FR-2018-09-21/pdf/FR-2018-09-21.pdf,official_scope_expanded_on_valid_2018_hts_universe
us_301_list3_2018,Section 301 List 3,290723,2018-09-24,us_301_list3_2018:2907.23.00=2907.23.00,1,,https://www.govinfo.gov/content/pkg/FR-2018-09-21/pdf/FR-2018-09-21.pdf,official_scope_expanded_on_valid_2018_hts_universe
us_301_list3_2018,Section 301 List 3,290729,2018-09-24,us_301_list3_2018:2907.29.05=2907.29.05|us_301_list3_2018:2907.29.15=2907.29.15|us_301_list3_2018:2907.29.25=2907.29.25|us_301_list3_2018:2907.29.90=2907.29.90,4,,https://www.govinfo.gov/content/pkg/FR-2018-09-21/pdf/FR-2018-09-21.pdf,official_scope_expanded_on_valid_2018_hts_universe
us_301_list3_2018,Section 301 List 3,290811,2018-09-24,us_301_list3_2018:2908.11.00=2908.11.00,1,,https://www.govinfo.gov/content/pkg/FR-2018-09-21/pdf/FR-2018-09-21.pdf,official_scope_expanded_on_valid_2018_hts_universe
us_301_list3_2018,Section 301 List 3,290819,2018-09-24,us_301_list3_2018:2908.19.05=2908.19.05|us_301_list3_2018:2908.19.10=2908.19.10|us_301_list3_2018:2908.19.20=2908.19.20|us_301_list3_2018:2908.19.25=2908.19.25|us_301_list3_2018:2908.19.35=2908.19.35|us_301_list3_2018:2908.19.60=2908.19.60,6,,https://www.govinfo.gov/content/pkg/FR-2018-09-21/pdf/FR-2018-09-21.pdf,official_scope_expanded_on_valid_2018_hts_universe
us_301_list3_2018,Section 301 List 3,290891,2018-09-24,us_301_list3_2018:2908.91.00=2908.91.00,1,,https://www.govinfo.gov/content/pkg/FR-2018-09-21/pdf/FR-2018-09-21.pdf,official_scope_expanded_on_valid_2018_hts_universe
us_301_list3_2018,Section 301 List 3,290892,2018-09-24,us_301_list3_2018:2908.92.00=2908.92.00,1,,https://www.govinfo.gov/content/pkg/FR-2018-09-21/pdf/FR-2018-09-21.pdf,official_scope_expanded_on_valid_2018_hts_universe
us_301_list3_2018,Section 301 List 3,290899,2018-09-24,us_301_list3_2018:2908.99.03=2908.99.03|us_301_list3_2018:2908.99.09=2908.99.09|us_301_list3_2018:2908.99.12=2908.99.12|us_301_list3_2018:2908.99.15=2908.99.15|us_301_list3_2018:2908.99.20=2908.99.20|us_301_list3_2018:2908.99.33=2908.99.33|us_301_list3_2018:2908.99.40=2908.99.40|us_301_list3_2018:2908.99.80=2908.99.80|us_301_list3_2018:2908.99.90=2908.99.90,9,,https://www.govinfo.gov/content/pkg/FR-2018-09-21/pdf/FR-2018-09-21.pdf,official_scope_expanded_on_valid_2018_hts_universe
us_301_list3_2018,Section 301 List 3,290911,2018-09-24,us_301_list3_2018:2909.11.00=2909.11.00,1,,https://www.govinfo.gov/content/pkg/FR-2018-09-21/pdf/FR-2018-09-21.pdf,official_scope_expanded_on_valid_2018_hts_universe
us_301_list3_2018,Section 301 List 3,290919,2018-09-24,us_301_list3_2018:2909.19.14=2909.19.14|us_301_list3_2018:2909.19.18=2909.19.18|us_301_list3_2018:2909.19.30=2909.19.30|us_301_list3_2018:2909.19.60=2909.19.60,4,,https://www.govinfo.gov/content/pkg/FR-2018-09-21/pdf/FR-2018-09-21.pdf,official_scope_expanded_on_valid_2018_hts_universe
us_301_list3_2018,Section 301 List 3,290920,2018-09-24,us_301_list3_2018:2909.20.00=2909.20.00,1,,https://www.govinfo.gov/content/pkg/FR-2018-09-21/pdf/FR-2018-09-21.pdf,official_scope_expanded_on_valid_2018_hts_universe
us_301_list3_2018,Section 301 List 3,290930,2018-09-24,us_301_list3_2018:2909.30.05=2909.30.05|us_301_list3_2018:2909.30.20=2909.30.20|us_301_list3_2018:2909.30.40=2909.30.40|us_301_list3_2018:2909.30.60=2909.30.60,4,,https://www.govinfo.gov/content/pkg/FR-2018-09-21/pdf/FR-2018-09-21.pdf,official_scope_expanded_on_valid_2018_hts_universe
us_301_list3_2018,Section 301 List 3,290941,2018-09-24,us_301_list3_2018:2909.41.00=2909.41.00,1,,https://www.govinfo.gov/content/pkg/FR-2018-09-21/pdf/FR-2018-09-21.pdf,official_scope_expanded_on_valid_2018_hts_universe
us_301_list3_2018,Section 301 List 3,290943,2018-09-24,us_301_list3_2018:2909.43.00=2909.43.00,1,,https://www.govinfo.gov/content/pkg/FR-2018-09-21/pdf/FR-2018-09-21.pdf,official_scope_expanded_on_valid_2018_hts_universe
us_301_list3_2018,Section 301 List 3,290944,2018-09-24,us_301_list3_2018:2909.44.01=2909.44.01,2,,https://www.govinfo.gov/content/pkg/FR-2018-09-21/pdf/FR-2018-09-21.pdf,official_scope_expanded_on_valid_2018_hts_universe
us_301_list3_2018,Section 301 List 3,290949,2018-09-24,us_301_list3_2018:2909.49.05=2909.49.05|us_301_list3_2018:2909.49.10=2909.49.10|us_301_list3_2018:2909.49.15=2909.49.15|us_301_list3_2018:2909.49.20=2909.49.20|us_301_list3_2018:2909.49.30=2909.49.30|us_301_list3_2018:2909.49.60=2909.49.60,6,,https://www.govinfo.gov/content/pkg/FR-2018-09-21/pdf/FR-2018-09-21.pdf,official_scope_expanded_on_valid_2018_hts_universe
us_301_list3_2018,Section 301 List 3,290950,2018-09-24,us_301_list3_2018:2909.50.10=2909.50.10|us_301_list3_2018:2909.50.20=2909.50.20|us_301_list3_2018:2909.50.40=2909.50.40|us_301_list3_2018:2909.50.45=2909.50.45|us_301_list3_2018:2909.50.50=2909.50.50,6,,https://www.govinfo.gov/content/pkg/FR-2018-09-21/pdf/FR-2018-09-21.pdf,official_scope_expanded_on_valid_2018_hts_universe
us_301_list3_2018,Section 301 List 3,290960,2018-09-24,us_301_list3_2018:2909.60.10=2909.60.10|us_301_list3_2018:2909.60.20=2909.60.20|us_301_list3_2018:2909.60.50=2909.60.50,3,,https://www.govinfo.gov/content/pkg/FR-2018-09-21/pdf/FR-2018-09-21.pdf,official_scope_expanded_on_valid_2018_hts_universe
us_301_list3_2018,Section 301 List 3,291010,2018-09-24,us_301_list3_2018:2910.10.00=2910.10.00,1,,https://www.govinfo.gov/content/pkg/FR-2018-09-21/pdf/FR-2018-09-21.pdf,official_scope_expanded_on_valid_2018_hts_universe
us_301_list3_2018,Section 301 List 3,291020,2018-09-24,us_301_list3_2018:2910.20.00=2910.20.00,1,,https://www.govinfo.gov/content/pkg/FR-2018-09-21/pdf/FR-2018-09-21.pdf,official_scope_expanded_on_valid_2018_hts_universe
us_301_list3_2018,Section 301 List 3,291030,2018-09-24,us_301_list3_2018:2910.30.00=2910.30.00,1,,https://www.govinfo.gov/content/pkg/FR-2018-09-21/pdf/FR-2018-09-21.pdf,official_scope_expanded_on_valid_2018_hts_universe
us_301_list3_2018,Section 301 List 3,291040,2018-09-24,us_301_list3_2018:2910.40.00=2910.40.00,1,,https://www.govinfo.gov/content/pkg/FR-2018-09-21/pdf/FR-2018-09-21.pdf,official_scope_expanded_on_valid_2018_hts_universe
us_301_list3_2018,Section 301 List 3,291050,2018-09-24,us_301_list3_2018:2910.50.00=2910.50.00,1,,https://www.govinfo.gov/content/pkg/FR-2018-09-21/pdf/FR-2018-09-21.pdf,official_scope_expanded_on_valid_2018_hts_universe
us_301_list3_2018,Section 301 List 3,291090,2018-09-24,us_301_list3_2018:2910.90.10=2910.90.10|us_301_list3_2018:2910.90.20=2910.90.20|us_301_list3_2018:2910.90.91=2910.90.91,3,,https://www.govinfo.gov/content/pkg/FR-2018-09-21/pdf/FR-2018-09-21.pdf,official_scope_expanded_on_valid_2018_hts_universe
us_301_list3_2018,Section 301 List 3,291100,2018-09-24,us_301_list3_2018:2911.00.10=2911.00.10|us_301_list3_2018:2911.00.50=2911.00.50,2,,https://www.govinfo.gov/content/pkg/FR-2018-09-21/pdf/FR-2018-09-21.pdf,official_scope_expanded_on_valid_2018_hts_universe
us_301_list3_2018,Section 301 List 3,291211,2018-09-24,us_301_list3_2018:2912.11.00=2912.11.00,1,,https://www.govinfo.gov/content/pkg/FR-2018-09-21/pdf/FR-2018-09-21.pdf,official_scope_expanded_on_valid_2018_hts_universe
us_301_list3_2018,Section 301 List 3,291212,2018-09-24,us_301_list3_2018:2912.12.00=2912.12.00,1,,https://www.govinfo.gov/content/pkg/FR-2018-09-21/pdf/FR-2018-09-21.pdf,official_scope_expanded_on_valid_2018_hts_universe
us_301_list3_2018,Section 301 List 3,291219,2018-09-24,us_301_list3_2018:2912.19.10=2912.19.10|us_301_list3_2018:2912.19.20=2912.19.20|us_301_list3_2018:2912.19.25=2912.19.25|us_301_list3_2018:2912.19.30=2912.19.30|us_301_list3_2018:2912.19.50=2912.19.50,5,,https://www.govinfo.gov/content/pkg/FR-2018-09-21/pdf/FR-2018-09-21.pdf,official_scope_expanded_on_valid_2018_hts_universe
us_301_list3_2018,Section 301 List 3,291221,2018-09-24,us_301_list3_2018:2912.21.00=2912.21.00,1,,https://www.govinfo.gov/content/pkg/FR-2018-09-21/pdf/FR-2018-09-21.pdf,official_scope_expanded_on_valid_2018_hts_universe
us_301_list3_2018,Section 301 List 3,291229,2018-09-24,us_301_list3_2018:2912.29.10=2912.29.10|us_301_list3_2018:2912.29.30=2912.29.30|us_301_list3_2018:2912.29.60=2912.29.60,3,,https://www.govinfo.gov/content/pkg/FR-2018-09-21/pdf/FR-2018-09-21.pdf,official_scope_expanded_on_valid_2018_hts_universe
us_301_list3_2018,Section 301 List 3,291242,2018-09-24,us_301_list3_2018:2912.42.00=2912.42.00,1,,https://www.govinfo.gov/content/pkg/FR-2018-09-21/pdf/FR-2018-09-21.pdf,official_scope_expanded_on_valid_2018_hts_universe
us_301_list3_2018,Section 301 List 3,291249,2018-09-24,us_301_list3_2018:2912.49.10=2912.49.10|us_301_list3_2018:2912.49.15=2912.49.15|us_301_list3_2018:2912.49.26=2912.49.26|us_301_list3_2018:2912.49.55=2912.49.55|us_301_list3_2018:2912.49.60=2912.49.60|us_301_list3_2018:2912.49.90=2912.49.90,6,,https://www.govinfo.gov/content/pkg/FR-2018-09-21/pdf/FR-2018-09-21.pdf,official_scope_expanded_on_valid_2018_hts_universe
us_301_list3_2018,Section 301 List 3,291250,2018-09-24,us_301_list3_2018:2912.50.10=2912.50.10|us_301_list3_2018:2912.50.50=2912.50.50,2,,https://www.govinfo.gov/content/pkg/FR-2018-09-21/pdf/FR-2018-09-21.pdf,official_scope_expanded_on_valid_2018_hts_universe
us_301_list3_2018,Section 301 List 3,291260,2018-09-24,us_301_list3_2018:2912.60.00=2912.60.00,1,,https://www.govinfo.gov/content/pkg/FR-2018-09-21/pdf/FR-2018-09-21.pdf,official_scope_expanded_on_valid_2018_hts_universe
us_301_list3_2018,Section 301 List 3,291300,2018-09-24,us_301_list3_2018:2913.00.20=2913.00.20|us_301_list3_2018:2913.00.40=2913.00.40|us_301_list3_2018:2913.00.50=2913.00.50,3,,https://www.govinfo.gov/content/pkg/FR-2018-09-21/pdf/FR-2018-09-21.pdf,official_scope_expanded_on_valid_2018_hts_universe
us_301_list3_2018,Section 301 List 3,291411,2018-09-24,us_301_list3_2018:2914.11.10=2914.11.10|us_301_list3_2018:2914.11.50=2914.11.50,2,,https://www.govinfo.gov/content/pkg/FR-2018-09-21/pdf/FR-2018-09-21.pdf,official_scope_expanded_on_valid_2018_hts_universe
us_301_list3_2018,Section 301 List 3,291412,2018-09-24,us_301_list3_2018:2914.12.00=2914.12.00,1,,https://www.govinfo.gov/content/pkg/FR-2018-09-21/pdf/FR-2018-09-21.pdf,official_scope_expanded_on_valid_2018_hts_universe
us_301_list3_2018,Section 301 List 3,291413,2018-09-24,us_301_list3_2018:2914.13.00=2914.13.00,1,,https://www.govinfo.gov/content/pkg/FR-2018-09-21/pdf/FR-2018-09-21.pdf,official_scope_expanded_on_valid_2018_hts_universe
us_301_list3_2018,Section 301 List 3,291419,2018-09-24,us_301_list3_2018:2914.19.00=2914.19.00,1,,https://www.govinfo.gov/content/pkg/FR-2018-09-21/pdf/FR-2018-09-21.pdf,official_scope_expanded_on_valid_2018_hts_universe
us_301_list3_2018,Section 301 List 3,291422,2018-09-24,us_301_list3_2018:2914.22.10=2914.22.10|us_301_list3_2018:2914.22.20=2914.22.20,2,,https://www.govinfo.gov/content/pkg/FR-2018-09-21/pdf/FR-2018-09-21.pdf,official_scope_expanded_on_valid_2018_hts_universe
us_301_list3_2018,Section 301 List 3,291423,2018-09-24,us_301_list3_2018:2914.23.00=2914.23.00,1,,https://www.govinfo.gov/content/pkg/FR-2018-09-21/pdf/FR-2018-09-21.pdf,official_scope_expanded_on_valid_2018_hts_universe
us_301_list3_2018,Section 301 List 3,291429,2018-09-24,us_301_list3_2018:2914.29.10=2914.29.10|us_301_list3_2018:2914.29.30=2914.29.30|us_301_list3_2018:2914.29.31=2914.29.31|us_301_list3_2018:2914.29.50=2914.29.50,4,,https://www.govinfo.gov/content/pkg/FR-2018-09-21/pdf/FR-2018-09-21.pdf,official_scope_expanded_on_valid_2018_hts_universe
us_301_list3_2018,Section 301 List 3,291431,2018-09-24,us_301_list3_2018:2914.31.00=2914.31.00,1,,https://www.govinfo.gov/content/pkg/FR-2018-09-21/pdf/FR-2018-09-21.pdf,official_scope_expanded_on_valid_2018_hts_universe
us_301_list3_2018,Section 301 List 3,291439,2018-09-24,us_301_list3_2018:2914.39.10=2914.39.10|us_301_list3_2018:2914.39.90=2914.39.90,2,,https://www.govinfo.gov/content/pkg/FR-2018-09-21/pdf/FR-2018-09-21.pdf,official_scope_expanded_on_valid_2018_hts_universe
us_301_list3_2018,Section 301 List 3,291440,2018-09-24,us_301_list3_2018:2914.40.10=2914.40.10|us_301_list3_2018:2914.40.20=2914.40.20|us_301_list3_2018:2914.40.40=2914.40.40|us_301_list3_2018:2914.40.60=2914.40.60|us_301_list3_2018:2914.40.90=2914.40.90,5,,https://www.govinfo.gov/content/pkg/FR-2018-09-21/pdf/FR-2018-09-21.pdf,official_scope_expanded_on_valid_2018_hts_universe
us_301_list3_2018,Section 301 List 3,291450,2018-09-24,us_301_list3_2018:2914.50.10=2914.50.10|us_301_list3_2018:2914.50.30=2914.50.30|us_301_list3_2018:2914.50.50=2914.50.50,3,,https://www.govinfo.gov/content/pkg/FR-2018-09-21/pdf/FR-2018-09-21.pdf,official_scope_expanded_on_valid_2018_hts_universe
us_301_list3_2018,Section 301 List 3,291461,2018-09-24,us_301_list3_2018:2914.61.00=2914.61.00,1,,https://www.govinfo.gov/content/pkg/FR-2018-09-21/pdf/FR-2018-09-21.pdf,official_scope_expanded_on_valid_2018_hts_universe
us_301_list3_2018,Section 301 List 3,291469,2018-09-24,us_301_list3_2018:2914.69.10=2914.69.10,1,,https://www.govinfo.gov/content/pkg/FR-2018-09-21/pdf/FR-2018-09-21.pdf,official_scope_expanded_on_valid_2018_hts_universe
us_301_list3_2018,Section 301 List 3,291471,2018-09-24,us_301_list3_2018:2914.71.00=2914.71.00,1,,https://www.govinfo.gov/content/pkg/FR-2018-09-21/pdf/FR-2018-09-21.pdf,official_scope_expanded_on_valid_2018_hts_universe
us_301_list3_2018,Section 301 List 3,291479,2018-09-24,us_301_list3_2018:2914.79.10=2914.79.10|us_301_list3_2018:2914.79.30=2914.79.30|us_301_list3_2018:2914.79.60=2914.79.60|us_301_list3_2018:2914.79.90=2914.79.90,4,,https://www.govinfo.gov/content/pkg/FR-2018-09-21/pdf/FR-2018-09-21.pdf,official_scope_expanded_on_valid_2018_hts_universe
us_301_list3_2018,Section 301 List 3,291511,2018-09-24,us_301_list3_2018:2915.11.00=2915.11.00,1,,https://www.govinfo.gov/content/pkg/FR-2018-09-21/pdf/FR-2018-09-21.pdf,official_scope_expanded_on_valid_2018_hts_universe
us_301_list3_2018,Section 301 List 3,291512,2018-09-24,us_301_list3_2018:2915.12.00=2915.12.00,1,,https://www.govinfo.gov/content/pkg/FR-2018-09-21/pdf/FR-2018-09-21.pdf,official_scope_expanded_on_valid_2018_hts_universe
us_301_list3_2018,Section 301 List 3,291513,2018-09-24,us_301_list3_2018:2915.13.10=2915.13.10|us_301_list3_2018:2915.13.50=2915.13.50,2,,https://www.govinfo.gov/content/pkg/FR-2018-09-21/pdf/FR-2018-09-21.pdf,official_scope_expanded_on_valid_2018_hts_universe
us_301_list3_2018,Section 301 List 3,291521,2018-09-24,us_301_list3_2018:2915.21.00=2915.21.00,1,,https://www.govinfo.gov/content/pkg/FR-2018-09-21/pdf/FR-2018-09-21.pdf,official_scope_expanded_on_valid_2018_hts_universe
us_301_list3_2018,Section 301 List 3,291524,2018-09-24,us_301_list3_2018:2915.24.00=2915.24.00,1,,https://www.govinfo.gov/content/pkg/FR-2018-09-21/pdf/FR-2018-09-21.pdf,official_scope_expanded_on_valid_2018_hts_universe
us_301_list3_2018,Section 301 List 3,291529,2018-09-24,us_301_list3_2018:2915.29.10=2915.29.10|us_301_list3_2018:2915.29.20=2915.29.20|us_301_list3_2018:2915.29.30=2915.29.30|us_301_list3_2018:2915.29.50=2915.29.50,4,,https://www.govinfo.gov/content/pkg/FR-2018-09-21/pdf/FR-2018-09-21.pdf,official_scope_expanded_on_valid_2018_hts_universe
us_301_list3_2018,Section 301 List 3,291531,2018-09-24,us_301_list3_2018:2915.31.00=2915.31.00,1,,https://www.govinfo.gov/content/pkg/FR-2018-09-21/pdf/FR-2018-09-21.pdf,official_scope_expanded_on_valid_2018_hts_universe
us_301_list3_2018,Section 301 List 3,291532,2018-09-24,us_301_list3_2018:2915.32.00=2915.32.00,1,,https://www.govinfo.gov/content/pkg/FR-2018-09-21/pdf/FR-2018-09-21.pdf,official_scope_expanded_on_valid_2018_hts_universe
us_301_list3_2018,Section 301 List 3,291533,2018-09-24,us_301_list3_2018:2915.33.00=2915.33.00,1,,https://www.govinfo.gov/content/pkg/FR-2018-09-21/pdf/FR-2018-09-21.pdf,official_scope_expanded_on_valid_2018_hts_universe
us_301_list3_2018,Section 301 List 3,291536,2018-09-24,us_301_list3_2018:2915.36.00=2915.36.00,1,,https://www.govinfo.gov/content/pkg/FR-2018-09-21/pdf/FR-2018-09-21.pdf,official_scope_expanded_on_valid_2018_hts_universe
us_301_list3_2018,Section 301 List 3,291539,2018-09-24,us_301_list3_2018:2915.39.10=2915.39.10|us_301_list3_2018:2915.39.20=2915.39.20|us_301_list3_2018:2915.39.31=2915.39.31|us_301_list3_2018:2915.39.40=2915.39.40|us_301_list3_2018:2915.39.45=2915.39.45|us_301_list3_2018:2915.39.47=2915.39.47|us_301_list3_2018:2915.39.60=2915.39.60|us_301_list3_2018:2915.39.70=2915.39.70|us_301_list3_2018:2915.39.80=2915.39.80|us_301_list3_2018:2915.39.90=2915.39.90,11,,https://www.govinfo.gov/content/pkg/FR-2018-09-21/pdf/FR-2018-09-21.pdf,official_scope_expanded_on_valid_2018_hts_universe
us_301_list3_2018,Section 301 List 3,291540,2018-09-24,us_301_list3_2018:2915.40.10=2915.40.10|us_301_list3_2018:2915.40.30=2915.40.30|us_301_list3_2018:2915.40.50=2915.40.50,4,,https://www.govinfo.gov/content/pkg/FR-2018-09-21/pdf/FR-2018-09-21.pdf,official_scope_expanded_on_valid_2018_hts_universe
us_301_list3_2018,Section 301 List 3,291550,2018-09-24,us_301_list3_2018:2915.50.10=2915.50.10|us_301_list3_2018:2915.50.20=2915.50.20|us_301_list3_2018:2915.50.50=2915.50.50,3,,https://www.govinfo.gov/content/pkg/FR-2018-09-21/pdf/FR-2018-09-21.pdf,official_scope_expanded_on_valid_2018_hts_universe
us_301_list3_2018,Section 301 List 3,291560,2018-09-24,us_301_list3_2018:2915.60.10=2915.60.10|us_301_list3_2018:2915.60.50=2915.60.50,2,,https://www.govinfo.gov/content/pkg/FR-2018-09-21/pdf/FR-2018-09-21.pdf,official_scope_expanded_on_valid_2018_hts_universe
us_301_list3_2018,Section 301 List 3,291570,2018-09-24,us_301_list3_2018:2915.70.01=2915.70.01,3,,https://www.govinfo.gov/content/pkg/FR-2018-09-21/pdf/FR-2018-09-21.pdf,official_scope_expanded_on_valid_2018_hts_universe
us_301_list3_2018,Section 301 List 3,291590,2018-09-24,us_301_list3_2018:2915.90.10=2915.90.10|us_301_list3_2018:2915.90.14=2915.90.14|us_301_list3_2018:2915.90.18=2915.90.18|us_301_list3_2018:2915.90.20=2915.90.20|us_301_list3_2018:2915.90.50=2915.90.50,7,,https://www.govinfo.gov/content/pkg/FR-2018-09-21/pdf/FR-2018-09-21.pdf,official_scope_expanded_on_valid_2018_hts_universe
us_301_list3_2018,Section 301 List 3,291611,2018-09-24,us_301_list3_2018:2916.11.00=2916.11.00,1,,https://www.govinfo.gov/content/pkg/FR-2018-09-21/pdf/FR-2018-09-21.pdf,official_scope_expanded_on_valid_2018_hts_universe
us_301_list3_2018,Section 301 List 3,291612,2018-09-24,us_301_list3_2018:2916.12.10=2916.12.10|us_301_list3_2018:2916.12.50=2916.12.50,6,,https://www.govinfo.gov/content/pkg/FR-2018-09-21/pdf/FR-2018-09-21.pdf,official_scope_expanded_on_valid_2018_hts_universe
us_301_list3_2018,Section 301 List 3,291613,2018-09-24,us_301_list3_2018:2916.13.00=2916.13.00,1,,https://www.govinfo.gov/content/pkg/FR-2018-09-21/pdf/FR-2018-09-21.pdf,official_scope_expanded_on_valid_2018_hts_universe
us_301_list3_2018,Section 301 List 3,291614,2018-09-24,us_301_list3_2018:2916.14.10=2916.14.10|us_301_list3_2018:2916.14.20=2916.14.20,4,,https://www.govinfo.gov/content/pkg/FR-2018-09-21/pdf/FR-2018-09-21.pdf,official_scope_expanded_on_valid_2018_hts_universe
us_301_list3_2018,Section 301 List 3,291615,2018-09-24,us_301_list3_2018:2916.15.10=2916.15.10|us_301_list3_2018:2916.15.51=2916.15.51,2,,https://www.govinfo.gov/content/pkg/FR-2018-09-21/pdf/FR-2018-09-21.pdf,official_scope_expanded_on_valid_2018_hts_universe
us_301_list3_2018,Section 301 List 3,291616,2018-09-24,us_301_list3_2018:2916.16.00=2916.16.00,1,,https://www.govinfo.gov/content/pkg/FR-2018-09-21/pdf/FR-2018-09-21.pdf,official_scope_expanded_on_valid_2018_hts_universe
us_301_list3_2018,Section 301 List 3,291619,2018-09-24,us_301_list3_2018:2916.19.10=2916.19.10|us_301_list3_2018:2916.19.20=2916.19.20|us_301_list3_2018:2916.19.30=2916.19.30|us_301_list3_2018:2916.19.50=2916.19.50,3,us_301_list3_2018:2916.19.50=2916.19.50,https://www.govinfo.gov/content/pkg/FR-2018-09-21/pdf/FR-2018-09-21.pdf,official_scope_expanded_with_same_revision_hs6_fallback
us_301_list3_2018,Section 301 List 3,291620,2018-09-24,us_301_list3_2018:2916.20.10=2916.20.10|us_301_list3_2018:2916.20.50=2916.20.50,2,,https://www.govinfo.gov/content/pkg/FR-2018-09-21/pdf/FR-2018-09-21.pdf,official_scope_expanded_on_valid_2018_hts_universe
us_301_list3_2018,Section 301 List 3,291631,2018-09-24,us_301_list3_2018:2916.31.11=2916.31.11|us_301_list3_2018:2916.31.20=2916.31.20|us_301_list3_2018:2916.31.30=2916.31.30|us_301_list3_2018:2916.31.50=2916.31.50,6,,https://www.govinfo.gov/content/pkg/FR-2018-09-21/pdf/FR-2018-09-21.pdf,official_scope_expanded_on_valid_2018_hts_universe
us_301_list3_2018,Section 301 List 3,291632,2018-09-24,us_301_list3_2018:2916.32.10=2916.32.10|us_301_list3_2018:2916.32.20=2916.32.20,2,,https://www.govinfo.gov/content/pkg/FR-2018-09-21/pdf/FR-2018-09-21.pdf,official_scope_expanded_on_valid_2018_hts_universe
us_301_list3_2018,Section 301 List 3,291634,2018-09-24,us_301_list3_2018:2916.34.10=2916.34.10|us_301_list3_2018:2916.34.55=2916.34.55,2,,https://www.govinfo.gov/content/pkg/FR-2018-09-21/pdf/FR-2018-09-21.pdf,official_scope_expanded_on_valid_2018_hts_universe
us_301_list3_2018,Section 301 List 3,291639,2018-09-24,us_301_list3_2018:2916.39.03=2916.39.03|us_301_list3_2018:2916.39.04=2916.39.04|us_301_list3_2018:2916.39.06=2916.39.06|us_301_list3_2018:2916.39.16=2916.39.16|us_301_list3_2018:2916.39.17=2916.39.17|us_301_list3_2018:2916.39.21=2916.39.21|us_301_list3_2018:2916.39.46=2916.39.46|us_301_list3_2018:2916.39.77=2916.39.77,8,,https://www.govinfo.gov/content/pkg/FR-2018-09-21/pdf/FR-2018-09-21.pdf,official_scope_expanded_on_valid_2018_hts_universe
us_301_list3_2018,Section 301 List 3,291711,2018-09-24,us_301_list3_2018:2917.11.00=2917.11.00,1,,https://www.govinfo.gov/content/pkg/FR-2018-09-21/pdf/FR-2018-09-21.pdf,official_scope_expanded_on_valid_2018_hts_universe
us_301_list3_2018,Section 301 List 3,291712,2018-09-24,us_301_list3_2018:2917.12.10=2917.12.10|us_301_list3_2018:2917.12.20=2917.12.20|us_301_list3_2018:2917.12.50=2917.12.50,3,,https://www.govinfo.gov/content/pkg/FR-2018-09-21/pdf/FR-2018-09-21.pdf,official_scope_expanded_on_valid_2018_hts_universe
us_301_list3_2018,Section 301 List 3,291713,2018-09-24,us_301_list3_2018:2917.13.00=2917.13.00,2,,https://www.govinfo.gov/content/pkg/FR-2018-09-21/pdf/FR-2018-09-21.pdf,official_scope_expanded_on_valid_2018_hts_universe
us_301_list3_2018,Section 301 List 3,291714,2018-09-24,us_301_list3_2018:2917.14.10=2917.14.10|us_301_list3_2018:2917.14.50=2917.14.50,2,,https://www.govinfo.gov/content/pkg/FR-2018-09-21/pdf/FR-2018-09-21.pdf,official_scope_expanded_on_valid_2018_hts_universe
us_301_list3_2018,Section 301 List 3,291719,2018-09-24,us_301_list3_2018:2917.19.10=2917.19.10|us_301_list3_2018:2917.19.15=2917.19.15|us_301_list3_2018:2917.19.17=2917.19.17|us_301_list3_2018:2917.19.20=2917.19.20|us_301_list3_2018:2917.19.23=2917.19.23|us_301_list3_2018:2917.19.27=2917.19.27|us_301_list3_2018:2917.19.35=2917.19.35|us_301_list3_2018:2917.19.40=2917.19.40,8,,https://www.govinfo.gov/content/pkg/FR-2018-09-21/pdf/FR-2018-09-21.pdf,official_scope_expanded_on_valid_2018_hts_universe
us_301_list3_2018,Section 301 List 3,291720,2018-09-24,us_301_list3_2018:2917.20.00=2917.20.00,1,,https://www.govinfo.gov/content/pkg/FR-2018-09-21/pdf/FR-2018-09-21.pdf,official_scope_expanded_on_valid_2018_hts_universe
us_301_list3_2018,Section 301 List 3,291732,2018-09-24,us_301_list3_2018:2917.32.00=2917.32.00,1,,https://www.govinfo.gov/content/pkg/FR-2018-09-21/pdf/FR-2018-09-21.pdf,official_scope_expanded_on_valid_2018_hts_universe
us_301_list3_2018,Section 301 List 3,291733,2018-09-24,us_301_list3_2018:2917.33.00=2917.33.00,2,,https://www.govinfo.gov/content/pkg/FR-2018-09-21/pdf/FR-2018-09-21.pdf,official_scope_expanded_on_valid_2018_hts_universe
us_301_list3_2018,Section 301 List 3,291734,2018-09-24,us_301_list3_2018:2917.34.01=2917.34.01,2,,https://www.govinfo.gov/content/pkg/FR-2018-09-21/pdf/FR-2018-09-21.pdf,official_scope_expanded_on_valid_2018_hts_universe
us_301_list3_2018,Section 301 List 3,291735,2018-09-24,us_301_list3_2018:2917.35.00=2917.35.00,1,,https://www.govinfo.gov/content/pkg/FR-2018-09-21/pdf/FR-2018-09-21.pdf,official_scope_expanded_on_valid_2018_hts_universe
us_301_list3_2018,Section 301 List 3,291736,2018-09-24,us_301_list3_2018:2917.36.00=2917.36.00,1,,https://www.govinfo.gov/content/pkg/FR-2018-09-21/pdf/FR-2018-09-21.pdf,official_scope_expanded_on_valid_2018_hts_universe
us_301_list3_2018,Section 301 List 3,291737,2018-09-24,us_301_list3_2018:2917.37.00=2917.37.00,1,,https://www.govinfo.gov/content/pkg/FR-2018-09-21/pdf/FR-2018-09-21.pdf,official_scope_expanded_on_valid_2018_hts_universe
us_301_list3_2018,Section 301 List 3,291739,2018-09-24,us_301_list3_2018:2917.39.04=2917.39.04|us_301_list3_2018:2917.39.12=2917.39.12|us_301_list3_2018:2917.39.15=2917.39.15|us_301_list3_2018:2917.39.20=2917.39.20|us_301_list3_2018:2917.39.30=2917.39.30|us_301_list3_2018:2917.39.70=2917.39.70,6,,https://www.govinfo.gov/content/pkg/FR-2018-09-21/pdf/FR-2018-09-21.pdf,official_scope_expanded_on_valid_2018_hts_universe
us_301_list3_2018,Section 301 List 3,291811,2018-09-24,us_301_list3_2018:2918.11.10=2918.11.10|us_301_list3_2018:2918.11.51=2918.11.51,2,,https://www.govinfo.gov/content/pkg/FR-2018-09-21/pdf/FR-2018-09-21.pdf,official_scope_expanded_on_valid_2018_hts_universe
us_301_list3_2018,Section 301 List 3,291812,2018-09-24,us_301_list3_2018:2918.12.00=2918.12.00,1,,https://www.govinfo.gov/content/pkg/FR-2018-09-21/pdf/FR-2018-09-21.pdf,official_scope_expanded_on_valid_2018_hts_universe
us_301_list3_2018,Section 301 List 3,291813,2018-09-24,us_301_list3_2018:2918.13.10=2918.13.10|us_301_list3_2018:2918.13.20=2918.13.20|us_301_list3_2018:2918.13.30=2918.13.30|us_301_list3_2018:2918.13.50=2918.13.50,4,,https://www.govinfo.gov/content/pkg/FR-2018-09-21/pdf/FR-2018-09-21.pdf,official_scope_expanded_on_valid_2018_hts_universe
us_301_list3_2018,Section 301 List 3,291814,2018-09-24,us_301_list3_2018:2918.14.00=2918.14.00,1,,https://www.govinfo.gov/content/pkg/FR-2018-09-21/pdf/FR-2018-09-21.pdf,official_scope_expanded_on_valid_2018_hts_universe
us_301_list3_2018,Section 301 List 3,291815,2018-09-24,us_301_list3_2018:2918.15.10=2918.15.10|us_301_list3_2018:2918.15.50=2918.15.50,2,,https://www.govinfo.gov/content/pkg/FR-2018-09-21/pdf/FR-2018-09-21.pdf,official_scope_expanded_on_valid_2018_hts_universe
us_301_list3_2018,Section 301 List 3,291816,2018-09-24,us_301_list3_2018:2918.16.10=2918.16.10|us_301_list3_2018:2918.16.50=2918.16.50,3,,https://www.govinfo.gov/content/pkg/FR-2018-09-21/pdf/FR-2018-09-21.pdf,official_scope_expanded_on_valid_2018_hts_universe
us_301_list3_2018,Section 301 List 3,291817,2018-09-24,us_301_list3_2018:2918.17.00=2918.17.00,1,,https://www.govinfo.gov/content/pkg/FR-2018-09-21/pdf/FR-2018-09-21.pdf,official_scope_expanded_on_valid_2018_hts_universe
us_301_list3_2018,Section 301 List 3,291818,2018-09-24,us_301_list3_2018:2918.18.00=2918.18.00,1,,https://www.govinfo.gov/content/pkg/FR-2018-09-21/pdf/FR-2018-09-21.pdf,official_scope_expanded_on_valid_2018_hts_universe
us_301_list3_2018,Section 301 List 3,291819,2018-09-24,us_301_list3_2018:2918.19.11=2918.19.11|us_301_list3_2018:2918.19.12=2918.19.12|us_301_list3_2018:2918.19.15=2918.19.15|us_301_list3_2018:2918.19.60=2918.19.60|us_301_list3_2018:2918.19.90=2918.19.90,5,,https://www.govinfo.gov/content/pkg/FR-2018-09-21/pdf/FR-2018-09-21.pdf,official_scope_expanded_on_valid_2018_hts_universe
us_301_list3_2018,Section 301 List 3,291821,2018-09-24,us_301_list3_2018:2918.21.10=2918.21.10|us_301_list3_2018:2918.21.50=2918.21.50,2,,https://www.govinfo.gov/content/pkg/FR-2018-09-21/pdf/FR-2018-09-21.pdf,official_scope_expanded_on_valid_2018_hts_universe
us_301_list3_2018,Section 301 List 3,291823,2018-09-24,us_301_list3_2018:2918.23.10=2918.23.10|us_301_list3_2018:2918.23.20=2918.23.20|us_301_list3_2018:2918.23.30=2918.23.30|us_301_list3_2018:2918.23.50=2918.23.50,4,,https://www.govinfo.gov/content/pkg/FR-2018-09-21/pdf/FR-2018-09-21.pdf,official_scope_expanded_on_valid_2018_hts_universe
us_301_list3_2018,Section 301 List 3,291829,2018-09-24,us_301_list3_2018:2918.29.04=2918.29.04|us_301_list3_2018:2918.29.06=2918.29.06|us_301_list3_2018:2918.29.08=2918.29.08|us_301_list3_2018:2918.29.20=2918.29.20|us_301_list3_2018:2918.29.22=2918.29.22|us_301_list3_2018:2918.29.30=2918.29.30|us_301_list3_2018:2918.29.39=2918.29.39|us_301_list3_2018:2918.29.65=2918.29.65|us_301_list3_2018:2918.29.75=2918.29.75,9,,https://www.govinfo.gov/content/pkg/FR-2018-09-21/pdf/FR-2018-09-21.pdf,official_scope_expanded_on_valid_2018_hts_universe
us_301_list3_2018,Section 301 List 3,291830,2018-09-24,us_301_list3_2018:2918.30.10=2918.30.10|us_301_list3_2018:2918.30.15=2918.30.15|us_301_list3_2018:2918.30.25=2918.30.25|us_301_list3_2018:2918.30.30=2918.30.30|us_301_list3_2018:2918.30.70=2918.30.70|us_301_list3_2018:2918.30.90=2918.30.90,6,,https://www.govinfo.gov/content/pkg/FR-2018-09-21/pdf/FR-2018-09-21.pdf,official_scope_expanded_on_valid_2018_hts_universe
us_301_list3_2018,Section 301 List 3,291891,2018-09-24,us_301_list3_2018:2918.91.00=2918.91.00,1,,https://www.govinfo.gov/content/pkg/FR-2018-09-21/pdf/FR-2018-09-21.pdf,official_scope_expanded_on_valid_2018_hts_universe
us_301_list3_2018,Section 301 List 3,291899,2018-09-24,us_301_list3_2018:2918.99.05=2918.99.05|us_301_list3_2018:2918.99.18=2918.99.18|us_301_list3_2018:2918.99.43=2918.99.43,3,,https://www.govinfo.gov/content/pkg/FR-2018-09-21/pdf/FR-2018-09-21.pdf,official_scope_expanded_on_valid_2018_hts_universe
us_301_list3_2018,Section 301 List 3,291910,2018-09-24,us_301_list3_2018:2919.10.00=2919.10.00,1,,https://www.govinfo.gov/content/pkg/FR-2018-09-21/pdf/FR-2018-09-21.pdf,official_scope_expanded_on_valid_2018_hts_universe
us_301_list3_2018,Section 301 List 3,291990,2018-09-24,us_301_list3_2018:2919.90.15=2919.90.15|us_301_list3_2018:2919.90.25=2919.90.25|us_301_list3_2018:2919.90.30=2919.90.30|us_301_list3_2018:2919.90.50=2919.90.50,5,,https://www.govinfo.gov/content/pkg/FR-2018-09-21/pdf/FR-2018-09-21.pdf,official_scope_expanded_on_valid_2018_hts_universe
us_301_list3_2018,Section 301 List 3,292011,2018-09-24,us_301_list3_2018:2920.11.00=2920.11.00,1,,https://www.govinfo.gov/content/pkg/FR-2018-09-21/pdf/FR-2018-09-21.pdf,official_scope_expanded_on_valid_2018_hts_universe
us_301_list3_2018,Section 301 List 3,292019,2018-09-24,us_301_list3_2018:2920.19.10=2920.19.10|us_301_list3_2018:2920.19.40=2920.19.40|us_301_list3_2018:2920.19.50=2920.19.50,3,,https://www.govinfo.gov/content/pkg/FR-2018-09-21/pdf/FR-2018-09-21.pdf,official_scope_expanded_on_valid_2018_hts_universe
us_301_list3_2018,Section 301 List 3,292021,2018-09-24,us_301_list3_2018:2920.21.00=2920.21.00,1,,https://www.govinfo.gov/content/pkg/FR-2018-09-21/pdf/FR-2018-09-21.pdf,official_scope_expanded_on_valid_2018_hts_universe
us_301_list3_2018,Section 301 List 3,292023,2018-09-24,us_301_list3_2018:2920.23.00=2920.23.00,1,,https://www.govinfo.gov/content/pkg/FR-2018-09-21/pdf/FR-2018-09-21.pdf,official_scope_expanded_on_valid_2018_hts_universe
us_301_list3_2018,Section 301 List 3,292024,2018-09-24,us_301_list3_2018:2920.24.00=2920.24.00,1,,https://www.govinfo.gov/content/pkg/FR-2018-09-21/pdf/FR-2018-09-21.pdf,official_scope_expanded_on_valid_2018_hts_universe
us_301_list3_2018,Section 301 List 3,292029,2018-09-24,us_301_list3_2018:2920.29.00=2920.29.00,1,,https://www.govinfo.gov/content/pkg/FR-2018-09-21/pdf/FR-2018-09-21.pdf,official_scope_expanded_on_valid_2018_hts_universe
us_301_list3_2018,Section 301 List 3,292030,2018-09-24,us_301_list3_2018:2920.30.00=2920.30.00,1,,https://www.govinfo.gov/content/pkg/FR-2018-09-21/pdf/FR-2018-09-21.pdf,official_scope_expanded_on_valid_2018_hts_universe
us_301_list3_2018,Section 301 List 3,292090,2018-09-24,us_301_list3_2018:2920.90.10=2920.90.10|us_301_list3_2018:2920.90.20=2920.90.20,2,,https://www.govinfo.gov/content/pkg/FR-2018-09-21/pdf/FR-2018-09-21.pdf,official_scope_expanded_on_valid_2018_hts_universe
us_301_list3_2018,Section 301 List 3,292111,2018-09-24,us_301_list3_2018:2921.11.00=2921.11.00,1,,https://www.govinfo.gov/content/pkg/FR-2018-09-21/pdf/FR-2018-09-21.pdf,official_scope_expanded_on_valid_2018_hts_universe
us_301_list3_2018,Section 301 List 3,292113,2018-09-24,us_301_list3_2018:2921.13.00=2921.13.00,1,,https://www.govinfo.gov/content/pkg/FR-2018-09-21/pdf/FR-2018-09-21.pdf,official_scope_expanded_on_valid_2018_hts_universe
us_301_list3_2018,Section 301 List 3,292114,2018-09-24,us_301_list3_2018:2921.14.00=2921.14.00,1,,https://www.govinfo.gov/content/pkg/FR-2018-09-21/pdf/FR-2018-09-21.pdf,official_scope_expanded_on_valid_2018_hts_universe
us_301_list3_2018,Section 301 List 3,292119,2018-09-24,us_301_list3_2018:2921.19.11=2921.19.11|us_301_list3_2018:2921.19.31=2921.19.31|us_301_list3_2018:2921.19.61=2921.19.61,4,,https://www.govinfo.gov/content/pkg/FR-2018-09-21/pdf/FR-2018-09-21.pdf,official_scope_expanded_on_valid_2018_hts_universe
us_301_list3_2018,Section 301 List 3,292121,2018-09-24,us_301_list3_2018:2921.21.00=2921.21.00,1,,https://www.govinfo.gov/content/pkg/FR-2018-09-21/pdf/FR-2018-09-21.pdf,official_scope_expanded_on_valid_2018_hts_universe
us_301_list3_2018,Section 301 List 3,292122,2018-09-24,us_301_list3_2018:2921.22.05=2921.22.05|us_301_list3_2018:2921.22.10=2921.22.10|us_301_list3_2018:2921.22.50=2921.22.50,3,,https://www.govinfo.gov/content/pkg/FR-2018-09-21/pdf/FR-2018-09-21.pdf,official_scope_expanded_on_valid_2018_hts_universe
us_301_list3_2018,Section 301 List 3,292129,2018-09-24,us_301_list3_2018:2921.29.00=2921.29.00,4,,https://www.govinfo.gov/content/pkg/FR-2018-09-21/pdf/FR-2018-09-21.pdf,official_scope_expanded_on_valid_2018_hts_universe
us_301_list3_2018,Section 301 List 3,292130,2018-09-24,us_301_list3_2018:2921.30.05=2921.30.05|us_301_list3_2018:2921.30.10=2921.30.10|us_301_list3_2018:2921.30.30=2921.30.30|us_301_list3_2018:2921.30.50=2921.30.50,4,,https://www.govinfo.gov/content/pkg/FR-2018-09-21/pdf/FR-2018-09-21.pdf,official_scope_expanded_on_valid_2018_hts_universe
us_301_list3_2018,Section 301 List 3,292141,2018-09-24,us_301_list3_2018:2921.41.10=2921.41.10|us_301_list3_2018:2921.41.20=2921.41.20,2,,https://www.govinfo.gov/content/pkg/FR-2018-09-21/pdf/FR-2018-09-21.pdf,official_scope_expanded_on_valid_2018_hts_universe
us_301_list3_2018,Section 301 List 3,292142,2018-09-24,us_301_list3_2018:2921.42.15=2921.42.15|us_301_list3_2018:2921.42.16=2921.42.16|us_301_list3_2018:2921.42.21=2921.42.21|us_301_list3_2018:2921.42.22=2921.42.22|us_301_list3_2018:2921.42.23=2921.42.23|us_301_list3_2018:2921.42.36=2921.42.36|us_301_list3_2018:2921.42.90=2921.42.90,7,,https://www.govinfo.gov/content/pkg/FR-2018-09-21/pdf/FR-2018-09-21.pdf,official_scope_expanded_on_valid_2018_hts_universe
us_301_list3_2018,Section 301 List 3,292143,2018-09-24,us_301_list3_2018:2921.43.04=2921.43.04|us_301_list3_2018:2921.43.08=2921.43.08|us_301_list3_2018:2921.43.15=2921.43.15|us_301_list3_2018:2921.43.19=2921.43.19|us_301_list3_2018:2921.43.22=2921.43.22|us_301_list3_2018:2921.43.24=2921.43.24|us_301_list3_2018:2921.43.40=2921.43.40|us_301_list3_2018:2921.43.90=2921.43.90,10,,https://www.govinfo.gov/content/pkg/FR-2018-09-21/pdf/FR-2018-09-21.pdf,official_scope_expanded_on_valid_2018_hts_universe
us_301_list3_2018,Section 301 List 3,292144,2018-09-24,us_301_list3_2018:2921.44.05=2921.44.05|us_301_list3_2018:2921.44.10=2921.44.10|us_301_list3_2018:2921.44.20=2921.44.20|us_301_list3_2018:2921.44.70=2921.44.70,4,,https://www.govinfo.gov/content/pkg/FR-2018-09-21/pdf/FR-2018-09-21.pdf,official_scope_expanded_on_valid_2018_hts_universe
us_301_list3_2018,Section 301 List 3,292145,2018-09-24,us_301_list3_2018:2921.45.10=2921.45.10|us_301_list3_2018:2921.45.20=2921.45.20|us_301_list3_2018:2921.45.25=2921.45.25|us_301_list3_2018:2921.45.90=2921.45.90,5,,https://www.govinfo.gov/content/pkg/FR-2018-09-21/pdf/FR-2018-09-21.pdf,official_scope_expanded_on_valid_2018_hts_universe
us_301_list3_2018,Section 301 List 3,292149,2018-09-24,us_301_list3_2018:2921.49.10=2921.49.10|us_301_list3_2018:2921.49.45=2921.49.45|us_301_list3_2018:2921.49.50=2921.49.50,3,,https://www.govinfo.gov/content/pkg/FR-2018-09-21/pdf/FR-2018-09-21.pdf,official_scope_expanded_on_valid_2018_hts_universe
us_301_list3_2018,Section 301 List 3,292151,2018-09-24,us_301_list3_2018:2921.51.10=2921.51.10|us_301_list3_2018:2921.51.30=2921.51.30|us_301_list3_2018:2921.51.50=2921.51.50,3,,https://www.govinfo.gov/content/pkg/FR-2018-09-21/pdf/FR-2018-09-21.pdf,official_scope_expanded_on_valid_2018_hts_universe
us_301_list3_2018,Section 301 List 3,292159,2018-09-24,us_301_list3_2018:2921.59.04=2921.59.04|us_301_list3_2018:2921.59.08=2921.59.08|us_301_list3_2018:2921.59.17=2921.59.17|us_301_list3_2018:2921.59.20=2921.59.20|us_301_list3_2018:2921.59.30=2921.59.30|us_301_list3_2018:2921.59.40=2921.59.40|us_301_list3_2018:2921.59.80=2921.59.80,8,,https://www.govinfo.gov/content/pkg/FR-2018-09-21/pdf/FR-2018-09-21.pdf,official_scope_expanded_on_valid_2018_hts_universe
us_301_list3_2018,Section 301 List 3,292211,2018-09-24,us_301_list3_2018:2922.11.00=2922.11.00,1,,https://www.govinfo.gov/content/pkg/FR-2018-09-21/pdf/FR-2018-09-21.pdf,official_scope_expanded_on_valid_2018_hts_universe
us_301_list3_2018,Section 301 List 3,292212,2018-09-24,us_301_list3_2018:2922.12.00=2922.12.00,1,,https://www.govinfo.gov/content/pkg/FR-2018-09-21/pdf/FR-2018-09-21.pdf,official_scope_expanded_on_valid_2018_hts_universe
us_301_list3_2018,Section 301 List 3,292215,2018-09-24,us_301_list3_2018:2922.15.00=2922.15.00,1,,https://www.govinfo.gov/content/pkg/FR-2018-09-21/pdf/FR-2018-09-21.pdf,official_scope_expanded_on_valid_2018_hts_universe
us_301_list3_2018,Section 301 List 3,292216,2018-09-24,us_301_list3_2018:2922.16.00=2922.16.00,1,,https://www.govinfo.gov/content/pkg/FR-2018-09-21/pdf/FR-2018-09-21.pdf,official_scope_expanded_on_valid_2018_hts_universe
us_301_list3_2018,Section 301 List 3,292217,2018-09-24,us_301_list3_2018:2922.17.00=2922.17.00,1,,https://www.govinfo.gov/content/pkg/FR-2018-09-21/pdf/FR-2018-09-21.pdf,official_scope_expanded_on_valid_2018_hts_universe
us_301_list3_2018,Section 301 List 3,292218,2018-09-24,us_301_list3_2018:2922.18.00=2922.18.00,1,,https://www.govinfo.gov/content/pkg/FR-2018-09-21/pdf/FR-2018-09-21.pdf,official_scope_expanded_on_valid_2018_hts_universe
us_301_list3_2018,Section 301 List 3,292221,2018-09-24,us_301_list3_2018:2922.21.10=2922.21.10|us_301_list3_2018:2922.21.25=2922.21.25|us_301_list3_2018:2922.21.50=2922.21.50,3,,https://www.govinfo.gov/content/pkg/FR-2018-09-21/pdf/FR-2018-09-21.pdf,official_scope_expanded_on_valid_2018_hts_universe
us_301_list3_2018,Section 301 List 3,292229,2018-09-24,us_301_list3_2018:2922.29.03=2922.29.03|us_301_list3_2018:2922.29.08=2922.29.08|us_301_list3_2018:2922.29.10=2922.29.10|us_301_list3_2018:2922.29.13=2922.29.13|us_301_list3_2018:2922.29.20=2922.29.20|us_301_list3_2018:2922.29.26=2922.29.26|us_301_list3_2018:2922.29.27=2922.29.27|us_301_list3_2018:2922.29.29=2922.29.29|us_301_list3_2018:2922.29.61=2922.29.61|us_301_list3_2018:2922.29.81=2922.29.81,11,,https://www.govinfo.gov/content/pkg/FR-2018-09-21/pdf/FR-2018-09-21.pdf,official_scope_expanded_on_valid_2018_hts_universe
us_301_list3_2018,Section 301 List 3,292239,2018-09-24,us_301_list3_2018:2922.39.05=2922.39.05|us_301_list3_2018:2922.39.14=2922.39.14|us_301_list3_2018:2922.39.17=2922.39.17|us_301_list3_2018:2922.39.25=2922.39.25|us_301_list3_2018:2922.39.45=2922.39.45|us_301_list3_2018:2922.39.50=2922.39.50,6,,https://www.govinfo.gov/content/pkg/FR-2018-09-21/pdf/FR-2018-09-21.pdf,official_scope_expanded_on_valid_2018_hts_universe
us_301_list3_2018,Section 301 List 3,292242,2018-09-24,us_301_list3_2018:2922.42.10=2922.42.10|us_301_list3_2018:2922.42.50=2922.42.50,2,,https://www.govinfo.gov/content/pkg/FR-2018-09-21/pdf/FR-2018-09-21.pdf,official_scope_expanded_on_valid_2018_hts_universe
us_301_list3_2018,Section 301 List 3,292243,2018-09-24,us_301_list3_2018:2922.43.10=2922.43.10|us_301_list3_2018:2922.43.50=2922.43.50,2,,https://www.govinfo.gov/content/pkg/FR-2018-09-21/pdf/FR-2018-09-21.pdf,official_scope_expanded_on_valid_2018_hts_universe
us_301_list3_2018,Section 301 List 3,292249,2018-09-24,us_301_list3_2018:2922.49.05=2922.49.05|us_301_list3_2018:2922.49.10=2922.49.10|us_301_list3_2018:2922.49.26=2922.49.26|us_301_list3_2018:2922.49.30=2922.49.30|us_301_list3_2018:2922.49.37=2922.49.37|us_301_list3_2018:2922.49.43=2922.49.43|us_301_list3_2018:2922.49.49=2922.49.49|us_301_list3_2018:2922.49.60=2922.49.60|us_301_list3_2018:2922.49.80=2922.49.80,11,,https://www.govinfo.gov/content/pkg/FR-2018-09-21/pdf/FR-2018-09-21.pdf,official_scope_expanded_on_valid_2018_hts_universe
us_301_list3_2018,Section 301 List 3,292310,2018-09-24,us_301_list3_2018:2923.10.00=2923.10.00,1,,https://www.govinfo.gov/content/pkg/FR-2018-09-21/pdf/FR-2018-09-21.pdf,official_scope_expanded_on_valid_2018_hts_universe
us_301_list3_2018,Section 301 List 3,292320,2018-09-24,us_301_list3_2018:2923.20.10=2923.20.10|us_301_list3_2018:2923.20.20=2923.20.20,2,,https://www.govinfo.gov/content/pkg/FR-2018-09-21/pdf/FR-2018-09-21.pdf,official_scope_expanded_on_valid_2018_hts_universe
us_301_list3_2018,Section 301 List 3,292330,2018-09-24,us_301_list3_2018:2923.30.00=2923.30.00,1,,https://www.govinfo.gov/content/pkg/FR-2018-09-21/pdf/FR-2018-09-21.pdf,official_scope_expanded_on_valid_2018_hts_universe
us_301_list3_2018,Section 301 List 3,292340,2018-09-24,us_301_list3_2018:2923.40.00=2923.40.00,1,,https://www.govinfo.gov/content/pkg/FR-2018-09-21/pdf/FR-2018-09-21.pdf,official_scope_expanded_on_valid_2018_hts_universe
us_301_list3_2018,Section 301 List 3,292390,2018-09-24,us_301_list3_2018:2923.90.01=2923.90.01,1,,https://www.govinfo.gov/content/pkg/FR-2018-09-21/pdf/FR-2018-09-21.pdf,official_scope_expanded_on_valid_2018_hts_universe
us_301_list3_2018,Section 301 List 3,292412,2018-09-24,us_301_list3_2018:2924.12.00=2924.12.00,1,,https://www.govinfo.gov/content/pkg/FR-2018-09-21/pdf/FR-2018-09-21.pdf,official_scope_expanded_on_valid_2018_hts_universe
us_301_list3_2018,Section 301 List 3,292419,2018-09-24,us_301_list3_2018:2924.19.11=2924.19.11|us_301_list3_2018:2924.19.80=2924.19.80,5,,https://www.govinfo.gov/content/pkg/FR-2018-09-21/pdf/FR-2018-09-21.pdf,official_scope_expanded_on_valid_2018_hts_universe
us_301_list3_2018,Section 301 List 3,292421,2018-09-24,us_301_list3_2018:2924.21.04=2924.21.04|us_301_list3_2018:2924.21.08=2924.21.08|us_301_list3_2018:2924.21.12=2924.21.12|us_301_list3_2018:2924.21.16=2924.21.16|us_301_list3_2018:2924.21.20=2924.21.20|us_301_list3_2018:2924.21.45=2924.21.45|us_301_list3_2018:2924.21.50=2924.21.50,7,,https://www.govinfo.gov/content/pkg/FR-2018-09-21/pdf/FR-2018-09-21.pdf,official_scope_expanded_on_valid_2018_hts_universe
us_301_list3_2018,Section 301 List 3,292423,2018-09-24,us_301_list3_2018:2924.23.10=2924.23.10|us_301_list3_2018:2924.23.70=2924.23.70|us_301_list3_2018:2924.23.75=2924.23.75,3,,https://www.govinfo.gov/content/pkg/FR-2018-09-21/pdf/FR-2018-09-21.pdf,official_scope_expanded_on_valid_2018_hts_universe
us_301_list3_2018,Section 301 List 3,292425,2018-09-24,us_301_list3_2018:2924.25.00=2924.25.00,1,,https://www.govinfo.gov/content/pkg/FR-2018-09-21/pdf/FR-2018-09-21.pdf,official_scope_expanded_on_valid_2018_hts_universe
us_301_list3_2018,Section 301 List 3,292429,2018-09-24,us_301_list3_2018:2924.29.01=2924.29.01|us_301_list3_2018:2924.29.10=2924.29.10|us_301_list3_2018:2924.29.20=2924.29.20|us_301_list3_2018:2924.29.28=2924.29.28|us_301_list3_2018:2924.29.31=2924.29.31|us_301_list3_2018:2924.29.33=2924.29.33|us_301_list3_2018:2924.29.43=2924.29.43|us_301_list3_2018:2924.29.47=2924.29.47|us_301_list3_2018:2924.29.65=2924.29.65|us_301_list3_2018:2924.29.71=2924.29.71|us_301_list3_2018:2924.29.77=2924.29.77|us_301_list3_2018:2924.29.80=2924.29.80|us_301_list3_2018:2924.29.95=2924.29.95,16,,https://www.govinfo.gov/content/pkg/FR-2018-09-21/pdf/FR-2018-09-21.pdf,official_scope_expanded_on_valid_2018_hts_universe
us_301_list3_2018,Section 301 List 3,292511,2018-09-24,us_301_list3_2018:2925.11.00=2925.11.00,1,,https://www.govinfo.gov/content/pkg/FR-2018-09-21/pdf/FR-2018-09-21.pdf,official_scope_expanded_on_valid_2018_hts_universe
us_301_list3_2018,Section 301 List 3,292519,2018-09-24,us_301_list3_2018:2925.19.30=2925.19.30|us_301_list3_2018:2925.19.42=2925.19.42|us_301_list3_2018:2925.19.70=2925.19.70|us_301_list3_2018:2925.19.91=2925.19.91,4,,https://www.govinfo.gov/content/pkg/FR-2018-09-21/pdf/FR-2018-09-21.pdf,official_scope_expanded_on_valid_2018_hts_universe
us_301_list3_2018,Section 301 List 3,292521,2018-09-24,us_301_list3_2018:2925.21.00=2925.21.00,1,,https://www.govinfo.gov/content/pkg/FR-2018-09-21/pdf/FR-2018-09-21.pdf,official_scope_expanded_on_valid_2018_hts_universe
us_301_list3_2018,Section 301 List 3,292529,2018-09-24,us_301_list3_2018:2925.29.10=2925.29.10|us_301_list3_2018:2925.29.18=2925.29.18|us_301_list3_2018:2925.29.20=2925.29.20|us_301_list3_2018:2925.29.60=2925.29.60|us_301_list3_2018:2925.29.90=2925.29.90,5,,https://www.govinfo.gov/content/pkg/FR-2018-09-21/pdf/FR-2018-09-21.pdf,official_scope_expanded_on_valid_2018_hts_universe
us_301_list3_2018,Section 301 List 3,292610,2018-09-24,us_301_list3_2018:2926.10.00=2926.10.00,1,,https://www.govinfo.gov/content/pkg/FR-2018-09-21/pdf/FR-2018-09-21.pdf,official_scope_expanded_on_valid_2018_hts_universe
us_301_list3_2018,Section 301 List 3,292620,2018-09-24,us_301_list3_2018:2926.20.00=2926.20.00,1,,https://www.govinfo.gov/content/pkg/FR-2018-09-21/pdf/FR-2018-09-21.pdf,official_scope_expanded_on_valid_2018_hts_universe
us_301_list3_2018,Section 301 List 3,292630,2018-09-24,us_301_list3_2018:2926.30.10=2926.30.10|us_301_list3_2018:2926.30.20=2926.30.20,2,,https://www.govinfo.gov/content/pkg/FR-2018-09-21/pdf/FR-2018-09-21.pdf,official_scope_expanded_on_valid_2018_hts_universe
us_301_list3_2018,Section 301 List 3,292690,2018-09-24,us_301_list3_2018:2926.90.01=2926.90.01|us_301_list3_2018:2926.90.05=2926.90.05|us_301_list3_2018:2926.90.11=2926.90.11|us_301_list3_2018:2926.90.14=2926.90.14|us_301_list3_2018:2926.90.16=2926.90.16|us_301_list3_2018:2926.90.17=2926.90.17|us_301_list3_2018:2926.90.25=2926.90.25|us_301_list3_2018:2926.90.30=2926.90.30|us_301_list3_2018:2926.90.43=2926.90.43|us_301_list3_2018:2926.90.48=2926.90.48|us_301_list3_2018:2926.90.50=2926.90.50,12,,https://www.govinfo.gov/content/pkg/FR-2018-09-21/pdf/FR-2018-09-21.pdf,official_scope_expanded_on_valid_2018_hts_universe
us_301_list3_2018,Section 301 List 3,292700,2018-09-24,us_301_list3_2018:2927.00.03=2927.00.03|us_301_list3_2018:2927.00.06=2927.00.06|us_301_list3_2018:2927.00.15=2927.00.15|us_301_list3_2018:2927.00.18=2927.00.18|us_301_list3_2018:2927.00.25=2927.00.25|us_301_list3_2018:2927.00.30=2927.00.30|us_301_list3_2018:2927.00.40=2927.00.40|us_301_list3_2018:2927.00.50=2927.00.50,8,,https://www.govinfo.gov/content/pkg/FR-2018-09-21/pdf/FR-2018-09-21.pdf,official_scope_expanded_on_valid_2018_hts_universe
us_301_list3_2018,Section 301 List 3,292800,2018-09-24,us_301_list3_2018:2928.00.15=2928.00.15|us_301_list3_2018:2928.00.25=2928.00.25|us_301_list3_2018:2928.00.50=2928.00.50,3,,https://www.govinfo.gov/content/pkg/FR-2018-09-21/pdf/FR-2018-09-21.pdf,official_scope_expanded_on_valid_2018_hts_universe
us_301_list3_2018,Section 301 List 3,292910,2018-09-24,us_301_list3_2018:2929.10.10=2929.10.10|us_301_list3_2018:2929.10.15=2929.10.15|us_301_list3_2018:2929.10.20=2929.10.20|us_301_list3_2018:2929.10.27=2929.10.27|us_301_list3_2018:2929.10.35=2929.10.35|us_301_list3_2018:2929.10.55=2929.10.55,6,,https://www.govinfo.gov/content/pkg/FR-2018-09-21/pdf/FR-2018-09-21.pdf,official_scope_expanded_on_valid_2018_hts_universe
us_301_list3_2018,Section 301 List 3,292990,2018-09-24,us_301_list3_2018:2929.90.05=2929.90.05|us_301_list3_2018:2929.90.15=2929.90.15|us_301_list3_2018:2929.90.20=2929.90.20|us_301_list3_2018:2929.90.50=2929.90.50,6,,https://www.govinfo.gov/content/pkg/FR-2018-09-21/pdf/FR-2018-09-21.pdf,official_scope_expanded_on_valid_2018_hts_universe
us_301_list3_2018,Section 301 List 3,293020,2018-09-24,us_301_list3_2018:2930.20.10=2930.20.10|us_301_list3_2018:2930.20.90=2930.20.90,4,,https://www.govinfo.gov/content/pkg/FR-2018-09-21/pdf/FR-2018-09-21.pdf,official_scope_expanded_on_valid_2018_hts_universe
us_301_list3_2018,Section 301 List 3,293030,2018-09-24,us_301_list3_2018:2930.30.60=2930.30.60,1,,https://www.govinfo.gov/content/pkg/FR-2018-09-21/pdf/FR-2018-09-21.pdf,official_scope_expanded_on_valid_2018_hts_universe
us_301_list3_2018,Section 301 List 3,293040,2018-09-24,us_301_list3_2018:2930.40.00=2930.40.00,1,,https://www.govinfo.gov/content/pkg/FR-2018-09-21/pdf/FR-2018-09-21.pdf,official_scope_expanded_on_valid_2018_hts_universe
us_301_list3_2018,Section 301 List 3,293060,2018-09-24,us_301_list3_2018:2930.60.00=2930.60.00,1,,https://www.govinfo.gov/content/pkg/FR-2018-09-21/pdf/FR-2018-09-21.pdf,official_scope_expanded_on_valid_2018_hts_universe
us_301_list3_2018,Section 301 List 3,293090,2018-09-24,us_301_list3_2018:2930.90.10=2930.90.10|us_301_list3_2018:2930.90.26=2930.90.26|us_301_list3_2018:2930.90.29=2930.90.29|us_301_list3_2018:2930.90.30=2930.90.30|us_301_list3_2018:2930.90.42=2930.90.42|us_301_list3_2018:2930.90.43=2930.90.43|us_301_list3_2018:2930.90.46=2930.90.46|us_301_list3_2018:2930.90.49=2930.90.49,12,,https://www.govinfo.gov/content/pkg/FR-2018-09-21/pdf/FR-2018-09-21.pdf,official_scope_expanded_on_valid_2018_hts_universe
us_301_list3_2018,Section 301 List 3,293110,2018-09-24,us_301_list3_2018:2931.10.00=2931.10.00,1,,https://www.govinfo.gov/content/pkg/FR-2018-09-21/pdf/FR-2018-09-21.pdf,official_scope_expanded_on_valid_2018_hts_universe
us_301_list3_2018,Section 301 List 3,293120,2018-09-24,us_301_list3_2018:2931.20.00=2931.20.00,1,,https://www.govinfo.gov/content/pkg/FR-2018-09-21/pdf/FR-2018-09-21.pdf,official_scope_expanded_on_valid_2018_hts_universe
us_301_list3_2018,Section 301 List 3,293131,2018-09-24,us_301_list3_2018:2931.31.00=2931.31.00,1,,https://www.govinfo.gov/content/pkg/FR-2018-09-21/pdf/FR-2018-09-21.pdf,official_scope_expanded_on_valid_2018_hts_universe
us_301_list3_2018,Section 301 List 3,293132,2018-09-24,us_301_list3_2018:2931.32.00=2931.32.00,1,,https://www.govinfo.gov/content/pkg/FR-2018-09-21/pdf/FR-2018-09-21.pdf,official_scope_expanded_on_valid_2018_hts_universe
us_301_list3_2018,Section 301 List 3,293134,2018-09-24,us_301_list3_2018:2931.34.00=2931.34.00,1,,https://www.govinfo.gov/content/pkg/FR-2018-09-21/pdf/FR-2018-09-21.pdf,official_scope_expanded_on_valid_2018_hts_universe
us_301_list3_2018,Section 301 List 3,293135,2018-09-24,us_301_list3_2018:2931.35.00=2931.35.00,1,,https://www.govinfo.gov/content/pkg/FR-2018-09-21/pdf/FR-2018-09-21.pdf,official_scope_expanded_on_valid_2018_hts_universe
us_301_list3_2018,Section 301 List 3,293136,2018-09-24,us_301_list3_2018:2931.36.00=2931.36.00,1,,https://www.govinfo.gov/content/pkg/FR-2018-09-21/pdf/FR-2018-09-21.pdf,official_scope_expanded_on_valid_2018_hts_universe
us_301_list3_2018,Section 301 List 3,293137,2018-09-24,us_301_list3_2018:2931.37.00=2931.37.00,1,,https://www.govinfo.gov/content/pkg/FR-2018-09-21/pdf/FR-2018-09-21.pdf,official_scope_expanded_on_valid_2018_hts_universe
us_301_list3_2018,Section 301 List 3,293138,2018-09-24,us_301_list3_2018:2931.38.00=2931.38.00,1,,https://www.govinfo.gov/content/pkg/FR-2018-09-21/pdf/FR-2018-09-21.pdf,official_scope_expanded_on_valid_2018_hts_universe
us_301_list3_2018,Section 301 List 3,293190,2018-09-24,us_301_list3_2018:2931.90.22=2931.90.22|us_301_list3_2018:2931.90.30=2931.90.30|us_301_list3_2018:2931.90.60=2931.90.60|us_301_list3_2018:2931.90.70=2931.90.70|us_301_list3_2018:2931.90.90=2931.90.90,9,,https://www.govinfo.gov/content/pkg/FR-2018-09-21/pdf/FR-2018-09-21.pdf,official_scope_expanded_on_valid_2018_hts_universe
us_301_list3_2018,Section 301 List 3,293211,2018-09-24,us_301_list3_2018:2932.11.00=2932.11.00,1,,https://www.govinfo.gov/content/pkg/FR-2018-09-21/pdf/FR-2018-09-21.pdf,official_scope_expanded_on_valid_2018_hts_universe
us_301_list3_2018,Section 301 List 3,293212,2018-09-24,us_301_list3_2018:2932.12.00=2932.12.00,1,,https://www.govinfo.gov/content/pkg/FR-2018-09-21/pdf/FR-2018-09-21.pdf,official_scope_expanded_on_valid_2018_hts_universe
us_301_list3_2018,Section 301 List 3,293213,2018-09-24,us_301_list3_2018:2932.13.00=2932.13.00,1,,https://www.govinfo.gov/content/pkg/FR-2018-09-21/pdf/FR-2018-09-21.pdf,official_scope_expanded_on_valid_2018_hts_universe
us_301_list3_2018,Section 301 List 3,293219,2018-09-24,us_301_list3_2018:2932.19.10=2932.19.10|us_301_list3_2018:2932.19.51=2932.19.51,2,,https://www.govinfo.gov/content/pkg/FR-2018-09-21/pdf/FR-2018-09-21.pdf,official_scope_expanded_on_valid_2018_hts_universe
us_301_list3_2018,Section 301 List 3,293292,2018-09-24,us_301_list3_2018:2932.92.00=2932.92.00,1,,https://www.govinfo.gov/content/pkg/FR-2018-09-21/pdf/FR-2018-09-21.pdf,official_scope_expanded_on_valid_2018_hts_universe
us_301_list3_2018,Section 301 List 3,293293,2018-09-24,us_301_list3_2018:2932.93.00=2932.93.00,1,,https://www.govinfo.gov/content/pkg/FR-2018-09-21/pdf/FR-2018-09-21.pdf,official_scope_expanded_on_valid_2018_hts_universe
us_301_list3_2018,Section 301 List 3,293294,2018-09-24,us_301_list3_2018:2932.94.00=2932.94.00,1,,https://www.govinfo.gov/content/pkg/FR-2018-09-21/pdf/FR-2018-09-21.pdf,official_scope_expanded_on_valid_2018_hts_universe
us_301_list3_2018,Section 301 List 3,293295,2018-09-24,us_301_list3_2018:2932.95.00=2932.95.00,1,,https://www.govinfo.gov/content/pkg/FR-2018-09-21/pdf/FR-2018-09-21.pdf,official_scope_expanded_on_valid_2018_hts_universe
us_301_list3_2018,Section 301 List 3,293299,2018-09-24,us_301_list3_2018:2932.99.08=2932.99.08|us_301_list3_2018:2932.99.20=2932.99.20|us_301_list3_2018:2932.99.32=2932.99.32|us_301_list3_2018:2932.99.35=2932.99.35|us_301_list3_2018:2932.99.39=2932.99.39|us_301_list3_2018:2932.99.70=2932.99.70,6,,https://www.govinfo.gov/content/pkg/FR-2018-09-21/pdf/FR-2018-09-21.pdf,official_scope_expanded_on_valid_2018_hts_universe
us_301_list3_2018,Section 301 List 3,293319,2018-09-24,us_301_list3_2018:2933.19.08=2933.19.08|us_301_list3_2018:2933.19.15=2933.19.15|us_301_list3_2018:2933.19.18=2933.19.18|us_301_list3_2018:2933.19.23=2933.19.23|us_301_list3_2018:2933.19.30=2933.19.30|us_301_list3_2018:2933.19.35=2933.19.35|us_301_list3_2018:2933.19.37=2933.19.37|us_301_list3_2018:2933.19.43=2933.19.43|us_301_list3_2018:2933.19.45=2933.19.45|us_301_list3_2018:2933.19.70=2933.19.70|us_301_list3_2018:2933.19.90=2933.19.90,12,,https://www.govinfo.gov/content/pkg/FR-2018-09-21/pdf/FR-2018-09-21.pdf,official_scope_expanded_on_valid_2018_hts_universe
us_301_list3_2018,Section 301 List 3,293321,2018-09-24,us_301_list3_2018:2933.21.00=2933.21.00,1,,https://www.govinfo.gov/content/pkg/FR-2018-09-21/pdf/FR-2018-09-21.pdf,official_scope_expanded_on_valid_2018_hts_universe
us_301_list3_2018,Section 301 List 3,293329,2018-09-24,us_301_list3_2018:2933.29.05=2933.29.05|us_301_list3_2018:2933.29.10=2933.29.10|us_301_list3_2018:2933.29.20=2933.29.20|us_301_list3_2018:2933.29.35=2933.29.35|us_301_list3_2018:2933.29.43=2933.29.43|us_301_list3_2018:2933.29.45=2933.29.45|us_301_list3_2018:2933.29.60=2933.29.60|us_301_list3_2018:2933.29.90=2933.29.90,8,,https://www.govinfo.gov/content/pkg/FR-2018-09-21/pdf/FR-2018-09-21.pdf,official_scope_expanded_on_valid_2018_hts_universe
us_301_list3_2018,Section 301 List 3,293331,2018-09-24,us_301_list3_2018:2933.31.00=2933.31.00,1,,https://www.govinfo.gov/content/pkg/FR-2018-09-21/pdf/FR-2018-09-21.pdf,official_scope_expanded_on_valid_2018_hts_universe
us_301_list3_2018,Section 301 List 3,293332,2018-09-24,us_301_list3_2018:2933.32.10=2933.32.10|us_301_list3_2018:2933.32.50=2933.32.50,2,,https://www.govinfo.gov/content/pkg/FR-2018-09-21/pdf/FR-2018-09-21.pdf,official_scope_expanded_on_valid_2018_hts_universe
us_301_list3_2018,Section 301 List 3,293361,2018-09-24,us_301_list3_2018:2933.61.00=2933.61.00,1,,https://www.govinfo.gov/content/pkg/FR-2018-09-21/pdf/FR-2018-09-21.pdf,official_scope_expanded_on_valid_2018_hts_universe
us_301_list3_2018,Section 301 List 3,293369,2018-09-24,us_301_list3_2018:2933.69.20=2933.69.20|us_301_list3_2018:2933.69.50=2933.69.50,2,,https://www.govinfo.gov/content/pkg/FR-2018-09-21/pdf/FR-2018-09-21.pdf,official_scope_expanded_on_valid_2018_hts_universe
us_301_list3_2018,Section 301 List 3,293371,2018-09-24,us_301_list3_2018:2933.71.00=2933.71.00,1,,https://www.govinfo.gov/content/pkg/FR-2018-09-21/pdf/FR-2018-09-21.pdf,official_scope_expanded_on_valid_2018_hts_universe
us_301_list3_2018,Section 301 List 3,293379,2018-09-24,us_301_list3_2018:2933.79.04=2933.79.04|us_301_list3_2018:2933.79.08=2933.79.08|us_301_list3_2018:2933.79.15=2933.79.15|us_301_list3_2018:2933.79.20=2933.79.20|us_301_list3_2018:2933.79.30=2933.79.30|us_301_list3_2018:2933.79.40=2933.79.40|us_301_list3_2018:2933.79.85=2933.79.85,7,,https://www.govinfo.gov/content/pkg/FR-2018-09-21/pdf/FR-2018-09-21.pdf,official_scope_expanded_on_valid_2018_hts_universe
us_301_list3_2018,Section 301 List 3,293392,2018-09-24,us_301_list3_2018:2933.92.00=2933.92.00,1,,https://www.govinfo.gov/content/pkg/FR-2018-09-21/pdf/FR-2018-09-21.pdf,official_scope_expanded_on_valid_2018_hts_universe
us_301_list3_2018,Section 301 List 3,293410,2018-09-24,us_301_list3_2018:2934.10.10=2934.10.10|us_301_list3_2018:2934.10.20=2934.10.20|us_301_list3_2018:2934.10.90=2934.10.90,3,,https://www.govinfo.gov/content/pkg/FR-2018-09-21/pdf/FR-2018-09-21.pdf,official_scope_expanded_on_valid_2018_hts_universe
us_301_list3_2018,Section 301 List 3,293420,2018-09-24,us_301_list3_2018:2934.20.10=2934.20.10|us_301_list3_2018:2934.20.15=2934.20.15|us_301_list3_2018:2934.20.20=2934.20.20|us_301_list3_2018:2934.20.25=2934.20.25|us_301_list3_2018:2934.20.30=2934.20.30|us_301_list3_2018:2934.20.35=2934.20.35|us_301_list3_2018:2934.20.40=2934.20.40,7,,https://www.govinfo.gov/content/pkg/FR-2018-09-21/pdf/FR-2018-09-21.pdf,official_scope_expanded_on_valid_2018_hts_universe
us_301_list3_2018,Section 301 List 3,293980,2018-09-24,us_301_list3_2018:2939.80.00=2939.80.00,1,,https://www.govinfo.gov/content/pkg/FR-2018-09-21/pdf/FR-2018-09-21.pdf,official_scope_expanded_on_valid_2018_hts_universe
us_301_list3_2018,Section 301 List 3,294000,2018-09-24,us_301_list3_2018:2940.00.60=2940.00.60,1,,https://www.govinfo.gov/content/pkg/FR-2018-09-21/pdf/FR-2018-09-21.pdf,official_scope_expanded_on_valid_2018_hts_universe
us_301_list3_2018,Section 301 List 3,294200,2018-09-24,us_301_list3_2018:2942.00.03=2942.00.03|us_301_list3_2018:2942.00.05=2942.00.05|us_301_list3_2018:2942.00.10=2942.00.10|us_301_list3_2018:2942.00.35=2942.00.35|us_301_list3_2018:2942.00.50=2942.00.50,5,,https://www.govinfo.gov/content/pkg/FR-2018-09-21/pdf/FR-2018-09-21.pdf,official_scope_expanded_on_valid_2018_hts_universe
us_301_list3_2018,Section 301 List 3,310100,2018-09-24,us_301_list3_2018:3101.00.00=3101.00.00,1,,https://www.govinfo.gov/content/pkg/FR-2018-09-21/pdf/FR-2018-09-21.pdf,official_scope_expanded_on_valid_2018_hts_universe
us_301_list3_2018,Section 301 List 3,310210,2018-09-24,us_301_list3_2018:3102.10.00=3102.10.00,3,,https://www.govinfo.gov/content/pkg/FR-2018-09-21/pdf/FR-2018-09-21.pdf,official_scope_expanded_on_valid_2018_hts_universe
us_301_list3_2018,Section 301 List 3,310221,2018-09-24,us_301_list3_2018:3102.21.00=3102.21.00,1,,https://www.govinfo.gov/content/pkg/FR-2018-09-21/pdf/FR-2018-09-21.pdf,official_scope_expanded_on_valid_2018_hts_universe
us_301_list3_2018,Section 301 List 3,310229,2018-09-24,us_301_list3_2018:3102.29.00=3102.29.00,1,,https://www.govinfo.gov/content/pkg/FR-2018-09-21/pdf/FR-2018-09-21.pdf,official_scope_expanded_on_valid_2018_hts_universe
us_301_list3_2018,Section 301 List 3,310230,2018-09-24,us_301_list3_2018:3102.30.00=3102.30.00,1,,https://www.govinfo.gov/content/pkg/FR-2018-09-21/pdf/FR-2018-09-21.pdf,official_scope_expanded_on_valid_2018_hts_universe
us_301_list3_2018,Section 301 List 3,310240,2018-09-24,us_301_list3_2018:3102.40.00=3102.40.00,1,,https://www.govinfo.gov/content/pkg/FR-2018-09-21/pdf/FR-2018-09-21.pdf,official_scope_expanded_on_valid_2018_hts_universe
us_301_list3_2018,Section 301 List 3,310250,2018-09-24,us_301_list3_2018:3102.50.00=3102.50.00,1,,https://www.govinfo.gov/content/pkg/FR-2018-09-21/pdf/FR-2018-09-21.pdf,official_scope_expanded_on_valid_2018_hts_universe
us_301_list3_2018,Section 301 List 3,310260,2018-09-24,us_301_list3_2018:3102.60.00=3102.60.00,1,,https://www.govinfo.gov/content/pkg/FR-2018-09-21/pdf/FR-2018-09-21.pdf,official_scope_expanded_on_valid_2018_hts_universe
us_301_list3_2018,Section 301 List 3,310280,2018-09-24,us_301_list3_2018:3102.80.00=3102.80.00,1,,https://www.govinfo.gov/content/pkg/FR-2018-09-21/pdf/FR-2018-09-21.pdf,official_scope_expanded_on_valid_2018_hts_universe
us_301_list3_2018,Section 301 List 3,310290,2018-09-24,us_301_list3_2018:3102.90.01=3102.90.01,1,,https://www.govinfo.gov/content/pkg/FR-2018-09-21/pdf/FR-2018-09-21.pdf,official_scope_expanded_on_valid_2018_hts_universe
us_301_list3_2018,Section 301 List 3,310311,2018-09-24,us_301_list3_2018:3103.11.00=3103.11.00,1,,https://www.govinfo.gov/content/pkg/FR-2018-09-21/pdf/FR-2018-09-21.pdf,official_scope_expanded_on_valid_2018_hts_universe
us_301_list3_2018,Section 301 List 3,310319,2018-09-24,us_301_list3_2018:3103.19.00=3103.19.00,1,,https://www.govinfo.gov/content/pkg/FR-2018-09-21/pdf/FR-2018-09-21.pdf,official_scope_expanded_on_valid_2018_hts_universe
us_301_list3_2018,Section 301 List 3,310390,2018-09-24,us_301_list3_2018:3103.90.01=3103.90.01,1,,https://www.govinfo.gov/content/pkg/FR-2018-09-21/pdf/FR-2018-09-21.pdf,official_scope_expanded_on_valid_2018_hts_universe
us_301_list3_2018,Section 301 List 3,310420,2018-09-24,us_301_list3_2018:3104.20.00=3104.20.00,1,,https://www.govinfo.gov/content/pkg/FR-2018-09-21/pdf/FR-2018-09-21.pdf,official_scope_expanded_on_valid_2018_hts_universe
us_301_list3_2018,Section 301 List 3,310430,2018-09-24,us_301_list3_2018:3104.30.00=3104.30.00,1,,https://www.govinfo.gov/content/pkg/FR-2018-09-21/pdf/FR-2018-09-21.pdf,official_scope_expanded_on_valid_2018_hts_universe
us_301_list3_2018,Section 301 List 3,310490,2018-09-24,us_301_list3_2018:3104.90.01=3104.90.01,1,,https://www.govinfo.gov/content/pkg/FR-2018-09-21/pdf/FR-2018-09-21.pdf,official_scope_expanded_on_valid_2018_hts_universe
us_301_list3_2018,Section 301 List 3,310510,2018-09-24,us_301_list3_2018:3105.10.00=3105.10.00,1,,https://www.govinfo.gov/content/pkg/FR-2018-09-21/pdf/FR-2018-09-21.pdf,official_scope_expanded_on_valid_2018_hts_universe
us_301_list3_2018,Section 301 List 3,310520,2018-09-24,us_301_list3_2018:3105.20.00=3105.20.00,1,,https://www.govinfo.gov/content/pkg/FR-2018-09-21/pdf/FR-2018-09-21.pdf,official_scope_expanded_on_valid_2018_hts_universe
us_301_list3_2018,Section 301 List 3,310530,2018-09-24,us_301_list3_2018:3105.30.00=3105.30.00,1,,https://www.govinfo.gov/content/pkg/FR-2018-09-21/pdf/FR-2018-09-21.pdf,official_scope_expanded_on_valid_2018_hts_universe
us_301_list3_2018,Section 301 List 3,310540,2018-09-24,us_301_list3_2018:3105.40.00=3105.40.00,2,,https://www.govinfo.gov/content/pkg/FR-2018-09-21/pdf/FR-2018-09-21.pdf,official_scope_expanded_on_valid_2018_hts_universe
us_301_list3_2018,Section 301 List 3,310551,2018-09-24,us_301_list3_2018:3105.51.00=3105.51.00,1,,https://www.govinfo.gov/content/pkg/FR-2018-09-21/pdf/FR-2018-09-21.pdf,official_scope_expanded_on_valid_2018_hts_universe
us_301_list3_2018,Section 301 List 3,310559,2018-09-24,us_301_list3_2018:3105.59.00=3105.59.00,1,,https://www.govinfo.gov/content/pkg/FR-2018-09-21/pdf/FR-2018-09-21.pdf,official_scope_expanded_on_valid_2018_hts_universe
us_301_list3_2018,Section 301 List 3,310560,2018-09-24,us_301_list3_2018:3105.60.00=3105.60.00,1,,https://www.govinfo.gov/content/pkg/FR-2018-09-21/pdf/FR-2018-09-21.pdf,official_scope_expanded_on_valid_2018_hts_universe
us_301_list3_2018,Section 301 List 3,310590,2018-09-24,us_301_list3_2018:3105.90.00=3105.90.00,2,,https://www.govinfo.gov/content/pkg/FR-2018-09-21/pdf/FR-2018-09-21.pdf,official_scope_expanded_on_valid_2018_hts_universe
us_301_list3_2018,Section 301 List 3,320110,2018-09-24,us_301_list3_2018:3201.10.00=3201.10.00,1,,https://www.govinfo.gov/content/pkg/FR-2018-09-21/pdf/FR-2018-09-21.pdf,official_scope_expanded_on_valid_2018_hts_universe
us_301_list3_2018,Section 301 List 3,320120,2018-09-24,us_301_list3_2018:3201.20.00=3201.20.00,1,,https://www.govinfo.gov/content/pkg/FR-2018-09-21/pdf/FR-2018-09-21.pdf,official_scope_expanded_on_valid_2018_hts_universe
us_301_list3_2018,Section 301 List 3,320190,2018-09-24,us_301_list3_2018:3201.90.10=3201.90.10|us_301_list3_2018:3201.90.25=3201.90.25|us_301_list3_2018:3201.90.50=3201.90.50,3,,https://www.govinfo.gov/content/pkg/FR-2018-09-21/pdf/FR-2018-09-21.pdf,official_scope_expanded_on_valid_2018_hts_universe
us_301_list3_2018,Section 301 List 3,320210,2018-09-24,us_301_list3_2018:3202.10.10=3202.10.10|us_301_list3_2018:3202.10.50=3202.10.50,2,,https://www.govinfo.gov/content/pkg/FR-2018-09-21/pdf/FR-2018-09-21.pdf,official_scope_expanded_on_valid_2018_hts_universe
us_301_list3_2018,Section 301 List 3,320290,2018-09-24,us_301_list3_2018:3202.90.10=3202.90.10|us_301_list3_2018:3202.90.50=3202.90.50,2,,https://www.govinfo.gov/content/pkg/FR-2018-09-21/pdf/FR-2018-09-21.pdf,official_scope_expanded_on_valid_2018_hts_universe
us_301_list3_2018,Section 301 List 3,320300,2018-09-24,us_301_list3_2018:3203.00.10=3203.00.10|us_301_list3_2018:3203.00.30=3203.00.30|us_301_list3_2018:3203.00.80=3203.00.80,3,,https://www.govinfo.gov/content/pkg/FR-2018-09-21/pdf/FR-2018-09-21.pdf,official_scope_expanded_on_valid_2018_hts_universe
us_301_list3_2018,Section 301 List 3,320411,2018-09-24,us_301_list3_2018:3204.11.10=3204.11.10|us_301_list3_2018:3204.11.18=3204.11.18|us_301_list3_2018:3204.11.35=3204.11.35|us_301_list3_2018:3204.11.50=3204.11.50,4,,https://www.govinfo.gov/content/pkg/FR-2018-09-21/pdf/FR-2018-09-21.pdf,official_scope_expanded_on_valid_2018_hts_universe
us_301_list3_2018,Section 301 List 3,320412,2018-09-24,us_301_list3_2018:3204.12.05=3204.12.05|us_301_list3_2018:3204.12.13=3204.12.13|us_301_list3_2018:3204.12.17=3204.12.17|us_301_list3_2018:3204.12.20=3204.12.20|us_301_list3_2018:3204.12.30=3204.12.30|us_301_list3_2018:3204.12.45=3204.12.45|us_301_list3_2018:3204.12.50=3204.12.50,10,,https://www.govinfo.gov/content/pkg/FR-2018-09-21/pdf/FR-2018-09-21.pdf,official_scope_expanded_on_valid_2018_hts_universe
us_301_list3_2018,Section 301 List 3,320413,2018-09-24,us_301_list3_2018:3204.13.10=3204.13.10|us_301_list3_2018:3204.13.20=3204.13.20|us_301_list3_2018:3204.13.25=3204.13.25|us_301_list3_2018:3204.13.45=3204.13.45|us_301_list3_2018:3204.13.60=3204.13.60|us_301_list3_2018:3204.13.80=3204.13.80,6,,https://www.govinfo.gov/content/pkg/FR-2018-09-21/pdf/FR-2018-09-21.pdf,official_scope_expanded_on_valid_2018_hts_universe
us_301_list3_2018,Section 301 List 3,320414,2018-09-24,us_301_list3_2018:3204.14.10=3204.14.10|us_301_list3_2018:3204.14.20=3204.14.20|us_301_list3_2018:3204.14.25=3204.14.25|us_301_list3_2018:3204.14.30=3204.14.30|us_301_list3_2018:3204.14.50=3204.14.50,5,,https://www.govinfo.gov/content/pkg/FR-2018-09-21/pdf/FR-2018-09-21.pdf,official_scope_expanded_on_valid_2018_hts_universe
us_301_list3_2018,Section 301 List 3,320415,2018-09-24,us_301_list3_2018:3204.15.20=3204.15.20|us_301_list3_2018:3204.15.25=3204.15.25|us_301_list3_2018:3204.15.30=3204.15.30|us_301_list3_2018:3204.15.35=3204.15.35|us_301_list3_2018:3204.15.40=3204.15.40,5,,https://www.govinfo.gov/content/pkg/FR-2018-09-21/pdf/FR-2018-09-21.pdf,official_scope_expanded_on_valid_2018_hts_universe
us_301_list3_2018,Section 301 List 3,320416,2018-09-24,us_301_list3_2018:3204.16.10=3204.16.10|us_301_list3_2018:3204.16.20=3204.16.20|us_301_list3_2018:3204.16.30=3204.16.30|us_301_list3_2018:3204.16.50=3204.16.50,4,,https://www.govinfo.gov/content/pkg/FR-2018-09-21/pdf/FR-2018-09-21.pdf,official_scope_expanded_on_valid_2018_hts_universe
us_301_list3_2018,Section 301 List 3,320417,2018-09-24,us_301_list3_2018:3204.17.04=3204.17.04|us_301_list3_2018:3204.17.08=3204.17.08|us_301_list3_2018:3204.17.20=3204.17.20|us_301_list3_2018:3204.17.40=3204.17.40|us_301_list3_2018:3204.17.60=3204.17.60|us_301_list3_2018:3204.17.90=3204.17.90,35,,https://www.govinfo.gov/content/pkg/FR-2018-09-21/pdf/FR-2018-09-21.pdf,official_scope_expanded_on_valid_2018_hts_universe
us_301_list3_2018,Section 301 List 3,320419,2018-09-24,us_301_list3_2018:3204.19.06=3204.19.06|us_301_list3_2018:3204.19.11=3204.19.11|us_301_list3_2018:3204.19.20=3204.19.20|us_301_list3_2018:3204.19.25=3204.19.25|us_301_list3_2018:3204.19.30=3204.19.30|us_301_list3_2018:3204.19.35=3204.19.35|us_301_list3_2018:3204.19.50=3204.19.50,12,,https://www.govinfo.gov/content/pkg/FR-2018-09-21/pdf/FR-2018-09-21.pdf,official_scope_expanded_on_valid_2018_hts_universe
us_301_list3_2018,Section 301 List 3,320420,2018-09-24,us_301_list3_2018:3204.20.10=3204.20.10|us_301_list3_2018:3204.20.80=3204.20.80,2,,https://www.govinfo.gov/content/pkg/FR-2018-09-21/pdf/FR-2018-09-21.pdf,official_scope_expanded_on_valid_2018_hts_universe
us_301_list3_2018,Section 301 List 3,320490,2018-09-24,us_301_list3_2018:3204.90.00=3204.90.00,1,,https://www.govinfo.gov/content/pkg/FR-2018-09-21/pdf/FR-2018-09-21.pdf,official_scope_expanded_on_valid_2018_hts_universe
us_301_list3_2018,Section 301 List 3,320500,2018-09-24,us_301_list3_2018:3205.00.05=3205.00.05|us_301_list3_2018:3205.00.15=3205.00.15|us_301_list3_2018:3205.00.40=3205.00.40|us_301_list3_2018:3205.00.50=3205.00.50,11,,https://www.govinfo.gov/content/pkg/FR-2018-09-21/pdf/FR-2018-09-21.pdf,official_scope_expanded_on_valid_2018_hts_universe
us_301_list3_2018,Section 301 List 3,320611,2018-09-24,us_301_list3_2018:3206.11.00=3206.11.00,1,,https://www.govinfo.gov/content/pkg/FR-2018-09-21/pdf/FR-2018-09-21.pdf,official_scope_expanded_on_valid_2018_hts_universe
us_301_list3_2018,Section 301 List 3,320619,2018-09-24,us_301_list3_2018:3206.19.00=3206.19.00,1,,https://www.govinfo.gov/content/pkg/FR-2018-09-21/pdf/FR-2018-09-21.pdf,official_scope_expanded_on_valid_2018_hts_universe
us_301_list3_2018,Section 301 List 3,320620,2018-09-24,us_301_list3_2018:3206.20.00=3206.20.00,4,,https://www.govinfo.gov/content/pkg/FR-2018-09-21/pdf/FR-2018-09-21.pdf,official_scope_expanded_on_valid_2018_hts_universe
us_301_list3_2018,Section 301 List 3,320641,2018-09-24,us_301_list3_2018:3206.41.00=3206.41.00,1,,https://www.govinfo.gov/content/pkg/FR-2018-09-21/pdf/FR-2018-09-21.pdf,official_scope_expanded_on_valid_2018_hts_universe
us_301_list3_2018,Section 301 List 3,320642,2018-09-24,us_301_list3_2018:3206.42.00=3206.42.00,1,,https://www.govinfo.gov/content/pkg/FR-2018-09-21/pdf/FR-2018-09-21.pdf,official_scope_expanded_on_valid_2018_hts_universe
us_301_list3_2018,Section 301 List 3,320649,2018-09-24,us_301_list3_2018:3206.49.10=3206.49.10|us_301_list3_2018:3206.49.20=3206.49.20|us_301_list3_2018:3206.49.30=3206.49.30|us_301_list3_2018:3206.49.40=3206.49.40|us_301_list3_2018:3206.49.55=3206.49.55|us_301_list3_2018:3206.49.60=3206.49.60,7,,https://www.govinfo.gov/content/pkg/FR-2018-09-21/pdf/FR-2018-09-21.pdf,official_scope_expanded_on_valid_2018_hts_universe
us_301_list3_2018,Section 301 List 3,320650,2018-09-24,us_301_list3_2018:3206.50.00=3206.50.00,1,,https://www.govinfo.gov/content/pkg/FR-2018-09-21/pdf/FR-2018-09-21.pdf,official_scope_expanded_on_valid_2018_hts_universe
us_301_list3_2018,Section 301 List 3,320710,2018-09-24,us_301_list3_2018:3207.10.00=3207.10.00,1,,https://www.govinfo.gov/content/pkg/FR-2018-09-21/pdf/FR-2018-09-21.pdf,official_scope_expanded_on_valid_2018_hts_universe
us_301_list3_2018,Section 301 List 3,320720,2018-09-24,us_301_list3_2018:3207.20.00=3207.20.00,1,,https://www.govinfo.gov/content/pkg/FR-2018-09-21/pdf/FR-2018-09-21.pdf,official_scope_expanded_on_valid_2018_hts_universe
us_301_list3_2018,Section 301 List 3,320730,2018-09-24,us_301_list3_2018:3207.30.00=3207.30.00,1,,https://www.govinfo.gov/content/pkg/FR-2018-09-21/pdf/FR-2018-09-21.pdf,official_scope_expanded_on_valid_2018_hts_universe
us_301_list3_2018,Section 301 List 3,320740,2018-09-24,us_301_list3_2018:3207.40.10=3207.40.10|us_301_list3_2018:3207.40.50=3207.40.50,2,,https://www.govinfo.gov/content/pkg/FR-2018-09-21/pdf/FR-2018-09-21.pdf,official_scope_expanded_on_valid_2018_hts_universe
us_301_list3_2018,Section 301 List 3,320810,2018-09-24,us_301_list3_2018:3208.10.00=3208.10.00,1,,https://www.govinfo.gov/content/pkg/FR-2018-09-21/pdf/FR-2018-09-21.pdf,official_scope_expanded_on_valid_2018_hts_universe
us_301_list3_2018,Section 301 List 3,320820,2018-09-24,us_301_list3_2018:3208.20.00=3208.20.00,1,,https://www.govinfo.gov/content/pkg/FR-2018-09-21/pdf/FR-2018-09-21.pdf,official_scope_expanded_on_valid_2018_hts_universe
us_301_list3_2018,Section 301 List 3,320890,2018-09-24,us_301_list3_2018:3208.90.00=3208.90.00,1,,https://www.govinfo.gov/content/pkg/FR-2018-09-21/pdf/FR-2018-09-21.pdf,official_scope_expanded_on_valid_2018_hts_universe
us_301_list3_2018,Section 301 List 3,320910,2018-09-24,us_301_list3_2018:3209.10.00=3209.10.00,1,,https://www.govinfo.gov/content/pkg/FR-2018-09-21/pdf/FR-2018-09-21.pdf,official_scope_expanded_on_valid_2018_hts_universe
us_301_list3_2018,Section 301 List 3,320990,2018-09-24,us_301_list3_2018:3209.90.00=3209.90.00,1,,https://www.govinfo.gov/content/pkg/FR-2018-09-21/pdf/FR-2018-09-21.pdf,official_scope_expanded_on_valid_2018_hts_universe
us_301_list3_2018,Section 301 List 3,321000,2018-09-24,us_301_list3_2018:3210.00.00=3210.00.00,1,,https://www.govinfo.gov/content/pkg/FR-2018-09-21/pdf/FR-2018-09-21.pdf,official_scope_expanded_on_valid_2018_hts_universe
us_301_list3_2018,Section 301 List 3,321100,2018-09-24,us_301_list3_2018:3211.00.00=3211.00.00,1,,https://www.govinfo.gov/content/pkg/FR-2018-09-21/pdf/FR-2018-09-21.pdf,official_scope_expanded_on_valid_2018_hts_universe
us_301_list3_2018,Section 301 List 3,321210,2018-09-24,us_301_list3_2018:3212.10.00=3212.10.00,1,,https://www.govinfo.gov/content/pkg/FR-2018-09-21/pdf/FR-2018-09-21.pdf,official_scope_expanded_on_valid_2018_hts_universe
us_301_list3_2018,Section 301 List 3,321290,2018-09-24,us_301_list3_2018:3212.90.00=3212.90.00,2,,https://www.govinfo.gov/content/pkg/FR-2018-09-21/pdf/FR-2018-09-21.pdf,official_scope_expanded_on_valid_2018_hts_universe
us_301_list3_2018,Section 301 List 3,321310,2018-09-24,us_301_list3_2018:3213.10.00=3213.10.00,1,,https://www.govinfo.gov/content/pkg/FR-2018-09-21/pdf/FR-2018-09-21.pdf,official_scope_expanded_on_valid_2018_hts_universe
us_301_list3_2018,Section 301 List 3,321390,2018-09-24,us_301_list3_2018:3213.90.00=3213.90.00,1,,https://www.govinfo.gov/content/pkg/FR-2018-09-21/pdf/FR-2018-09-21.pdf,official_scope_expanded_on_valid_2018_hts_universe
us_301_list3_2018,Section 301 List 3,321410,2018-09-24,us_301_list3_2018:3214.10.00=3214.10.00,3,,https://www.govinfo.gov/content/pkg/FR-2018-09-21/pdf/FR-2018-09-21.pdf,official_scope_expanded_on_valid_2018_hts_universe
us_301_list3_2018,Section 301 List 3,321490,2018-09-24,us_301_list3_2018:3214.90.10=3214.90.10|us_301_list3_2018:3214.90.50=3214.90.50,2,,https://www.govinfo.gov/content/pkg/FR-2018-09-21/pdf/FR-2018-09-21.pdf,official_scope_expanded_on_valid_2018_hts_universe
us_301_list3_2018,Section 301 List 3,321511,2018-09-24,us_301_list3_2018:3215.11.10=3215.11.10|us_301_list3_2018:3215.11.30=3215.11.30|us_301_list3_2018:3215.11.90=3215.11.90,8,,https://www.govinfo.gov/content/pkg/FR-2018-09-21/pdf/FR-2018-09-21.pdf,official_scope_expanded_on_valid_2018_hts_universe
us_301_list3_2018,Section 301 List 3,321519,2018-09-24,us_301_list3_2018:3215.19.10=3215.19.10|us_301_list3_2018:3215.19.30=3215.19.30|us_301_list3_2018:3215.19.90=3215.19.90,8,,https://www.govinfo.gov/content/pkg/FR-2018-09-21/pdf/FR-2018-09-21.pdf,official_scope_expanded_on_valid_2018_hts_universe
us_301_list3_2018,Section 301 List 3,321590,2018-09-24,us_301_list3_2018:3215.90.10=3215.90.10|us_301_list3_2018:3215.90.50=3215.90.50,2,,https://www.govinfo.gov/content/pkg/FR-2018-09-21/pdf/FR-2018-09-21.pdf,official_scope_expanded_on_valid_2018_hts_universe
us_301_list3_2018,Section 301 List 3,330113,2018-09-24,us_301_list3_2018:3301.13.00=3301.13.00,1,,https://www.govinfo.gov/content/pkg/FR-2018-09-21/pdf/FR-2018-09-21.pdf,official_scope_expanded_on_valid_2018_hts_universe
us_301_list3_2018,Section 301 List 3,330290,2018-09-24,us_301_list3_2018:3302.90.10=3302.90.10|us_301_list3_2018:3302.90.20=3302.90.20,4,,https://www.govinfo.gov/content/pkg/FR-2018-09-21/pdf/FR-2018-09-21.pdf,official_scope_expanded_on_valid_2018_hts_universe
us_301_list3_2018,Section 301 List 3,330300,2018-09-24,us_301_list3_2018:3303.00.10=3303.00.10|us_301_list3_2018:3303.00.20=3303.00.20|us_301_list3_2018:3303.00.30=3303.00.30,3,,https://www.govinfo.gov/content/pkg/FR-2018-09-21/pdf/FR-2018-09-21.pdf,official_scope_expanded_on_valid_2018_hts_universe
us_301_list3_2018,Section 301 List 3,330410,2018-09-24,us_301_list3_2018:3304.10.00=3304.10.00,1,,https://www.govinfo.gov/content/pkg/FR-2018-09-21/pdf/FR-2018-09-21.pdf,official_scope_expanded_on_valid_2018_hts_universe
us_301_list3_2018,Section 301 List 3,330420,2018-09-24,us_301_list3_2018:3304.20.00=3304.20.00,1,,https://www.govinfo.gov/content/pkg/FR-2018-09-21/pdf/FR-2018-09-21.pdf,official_scope_expanded_on_valid_2018_hts_universe
us_301_list3_2018,Section 301 List 3,330430,2018-09-24,us_301_list3_2018:3304.30.00=3304.30.00,1,,https://www.govinfo.gov/content/pkg/FR-2018-09-21/pdf/FR-2018-09-21.pdf,official_scope_expanded_on_valid_2018_hts_universe
us_301_list3_2018,Section 301 List 3,330491,2018-09-24,us_301_list3_2018:3304.91.00=3304.91.00,2,,https://www.govinfo.gov/content/pkg/FR-2018-09-21/pdf/FR-2018-09-21.pdf,official_scope_expanded_on_valid_2018_hts_universe
us_301_list3_2018,Section 301 List 3,330499,2018-09-24,us_301_list3_2018:3304.99.10=3304.99.10|us_301_list3_2018:3304.99.50=3304.99.50,2,,https://www.govinfo.gov/content/pkg/FR-2018-09-21/pdf/FR-2018-09-21.pdf,official_scope_expanded_on_valid_2018_hts_universe
us_301_list3_2018,Section 301 List 3,330510,2018-09-24,us_301_list3_2018:3305.10.00=3305.10.00,1,,https://www.govinfo.gov/content/pkg/FR-2018-09-21/pdf/FR-2018-09-21.pdf,official_scope_expanded_on_valid_2018_hts_universe
us_301_list3_2018,Section 301 List 3,330520,2018-09-24,us_301_list3_2018:3305.20.00=3305.20.00,1,,https://www.govinfo.gov/content/pkg/FR-2018-09-21/pdf/FR-2018-09-21.pdf,official_scope_expanded_on_valid_2018_hts_universe
us_301_list3_2018,Section 301 List 3,330530,2018-09-24,us_301_list3_2018:3305.30.00=3305.30.00,1,,https://www.govinfo.gov/content/pkg/FR-2018-09-21/pdf/FR-2018-09-21.pdf,official_scope_expanded_on_valid_2018_hts_universe
us_301_list3_2018,Section 301 List 3,330590,2018-09-24,us_301_list3_2018:3305.90.00=3305.90.00,1,,https://www.govinfo.gov/content/pkg/FR-2018-09-21/pdf/FR-2018-09-21.pdf,official_scope_expanded_on_valid_2018_hts_universe
us_301_list3_2018,Section 301 List 3,330690,2018-09-24,us_301_list3_2018:3306.90.00=3306.90.00,1,,https://www.govinfo.gov/content/pkg/FR-2018-09-21/pdf/FR-2018-09-21.pdf,official_scope_expanded_on_valid_2018_hts_universe
us_301_list3_2018,Section 301 List 3,330710,2018-09-24,us_301_list3_2018:3307.10.10=3307.10.10|us_301_list3_2018:3307.10.20=3307.10.20,2,,https://www.govinfo.gov/content/pkg/FR-2018-09-21/pdf/FR-2018-09-21.pdf,official_scope_expanded_on_valid_2018_hts_universe
us_301_list3_2018,Section 301 List 3,330720,2018-09-24,us_301_list3_2018:3307.20.00=3307.20.00,1,,https://www.govinfo.gov/content/pkg/FR-2018-09-21/pdf/FR-2018-09-21.pdf,official_scope_expanded_on_valid_2018_hts_universe
us_301_list3_2018,Section 301 List 3,330730,2018-09-24,us_301_list3_2018:3307.30.10=3307.30.10|us_301_list3_2018:3307.30.50=3307.30.50,2,,https://www.govinfo.gov/content/pkg/FR-2018-09-21/pdf/FR-2018-09-21.pdf,official_scope_expanded_on_valid_2018_hts_universe
us_301_list3_2018,Section 301 List 3,330741,2018-09-24,us_301_list3_2018:3307.41.00=3307.41.00,1,,https://www.govinfo.gov/content/pkg/FR-2018-09-21/pdf/FR-2018-09-21.pdf,official_scope_expanded_on_valid_2018_hts_universe
us_301_list3_2018,Section 301 List 3,330749,2018-09-24,us_301_list3_2018:3307.49.00=3307.49.00,1,,https://www.govinfo.gov/content/pkg/FR-2018-09-21/pdf/FR-2018-09-21.pdf,official_scope_expanded_on_valid_2018_hts_universe
us_301_list3_2018,Section 301 List 3,330790,2018-09-24,us_301_list3_2018:3307.90.00=3307.90.00,1,,https://www.govinfo.gov/content/pkg/FR-2018-09-21/pdf/FR-2018-09-21.pdf,official_scope_expanded_on_valid_2018_hts_universe
us_301_list3_2018,Section 301 List 3,340111,2018-09-24,us_301_list3_2018:3401.11.10=3401.11.10|us_301_list3_2018:3401.11.50=3401.11.50,2,,https://www.govinfo.gov/content/pkg/FR-2018-09-21/pdf/FR-2018-09-21.pdf,official_scope_expanded_on_valid_2018_hts_universe
us_301_list3_2018,Section 301 List 3,340120,2018-09-24,us_301_list3_2018:3401.20.00=3401.20.00,1,,https://www.govinfo.gov/content/pkg/FR-2018-09-21/pdf/FR-2018-09-21.pdf,official_scope_expanded_on_valid_2018_hts_universe
us_301_list3_2018,Section 301 List 3,340130,2018-09-24,us_301_list3_2018:3401.30.10=3401.30.10|us_301_list3_2018:3401.30.50=3401.30.50,2,,https://www.govinfo.gov/content/pkg/FR-2018-09-21/pdf/FR-2018-09-21.pdf,official_scope_expanded_on_valid_2018_hts_universe
us_301_list3_2018,Section 301 List 3,340211,2018-09-24,us_301_list3_2018:3402.11.20=3402.11.20|us_301_list3_2018:3402.11.40=3402.11.40|us_301_list3_2018:3402.11.50=3402.11.50,5,,https://www.govinfo.gov/content/pkg/FR-2018-09-21/pdf/FR-2018-09-21.pdf,official_scope_expanded_on_valid_2018_hts_universe
us_301_list3_2018,Section 301 List 3,340212,2018-09-24,us_301_list3_2018:3402.12.10=3402.12.10|us_301_list3_2018:3402.12.50=3402.12.50,2,,https://www.govinfo.gov/content/pkg/FR-2018-09-21/pdf/FR-2018-09-21.pdf,official_scope_expanded_on_valid_2018_hts_universe
us_301_list3_2018,Section 301 List 3,340213,2018-09-24,us_301_list3_2018:3402.13.10=3402.13.10|us_301_list3_2018:3402.13.20=3402.13.20|us_301_list3_2018:3402.13.50=3402.13.50,5,,https://www.govinfo.gov/content/pkg/FR-2018-09-21/pdf/FR-2018-09-21.pdf,official_scope_expanded_on_valid_2018_hts_universe
us_301_list3_2018,Section 301 List 3,340219,2018-09-24,us_301_list3_2018:3402.19.10=3402.19.10|us_301_list3_2018:3402.19.50=3402.19.50,2,,https://www.govinfo.gov/content/pkg/FR-2018-09-21/pdf/FR-2018-09-21.pdf,official_scope_expanded_on_valid_2018_hts_universe
us_301_list3_2018,Section 301 List 3,340220,2018-09-24,us_301_list3_2018:3402.20.11=3402.20.11|us_301_list3_2018:3402.20.51=3402.20.51,2,,https://www.govinfo.gov/content/pkg/FR-2018-09-21/pdf/FR-2018-09-21.pdf,official_scope_expanded_on_valid_2018_hts_universe
us_301_list3_2018,Section 301 List 3,340290,2018-09-24,us_301_list3_2018:3402.90.10=3402.90.10|us_301_list3_2018:3402.90.30=3402.90.30|us_301_list3_2018:3402.90.50=3402.90.50,5,,https://www.govinfo.gov/content/pkg/FR-2018-09-21/pdf/FR-2018-09-21.pdf,official_scope_expanded_on_valid_2018_hts_universe
us_301_list3_2018,Section 301 List 3,340311,2018-09-24,us_301_list3_2018:3403.11.20=3403.11.20|us_301_list3_2018:3403.11.40=3403.11.40|us_301_list3_2018:3403.11.50=3403.11.50,3,,https://www.govinfo.gov/content/pkg/FR-2018-09-21/pdf/FR-2018-09-21.pdf,official_scope_expanded_on_valid_2018_hts_universe
us_301_list3_2018,Section 301 List 3,340391,2018-09-24,us_301_list3_2018:3403.91.10=3403.91.10|us_301_list3_2018:3403.91.50=3403.91.50,2,,https://www.govinfo.gov/content/pkg/FR-2018-09-21/pdf/FR-2018-09-21.pdf,official_scope_expanded_on_valid_2018_hts_universe
us_301_list3_2018,Section 301 List 3,340420,2018-09-24,us_301_list3_2018:3404.20.00=3404.20.00,1,,https://www.govinfo.gov/content/pkg/FR-2018-09-21/pdf/FR-2018-09-21.pdf,official_scope_expanded_on_valid_2018_hts_universe
us_301_list3_2018,Section 301 List 3,340490,2018-09-24,us_301_list3_2018:3404.90.10=3404.90.10|us_301_list3_2018:3404.90.51=3404.90.51,3,,https://www.govinfo.gov/content/pkg/FR-2018-09-21/pdf/FR-2018-09-21.pdf,official_scope_expanded_on_valid_2018_hts_universe
us_301_list3_2018,Section 301 List 3,340510,2018-09-24,us_301_list3_2018:3405.10.00=3405.10.00,1,,https://www.govinfo.gov/content/pkg/FR-2018-09-21/pdf/FR-2018-09-21.pdf,official_scope_expanded_on_valid_2018_hts_universe
us_301_list3_2018,Section 301 List 3,340520,2018-09-24,us_301_list3_2018:3405.20.00=3405.20.00,1,,https://www.govinfo.gov/content/pkg/FR-2018-09-21/pdf/FR-2018-09-21.pdf,official_scope_expanded_on_valid_2018_hts_universe
us_301_list3_2018,Section 301 List 3,340530,2018-09-24,us_301_list3_2018:3405.30.00=3405.30.00,1,,https://www.govinfo.gov/content/pkg/FR-2018-09-21/pdf/FR-2018-09-21.pdf,official_scope_expanded_on_valid_2018_hts_universe
us_301_list3_2018,Section 301 List 3,340540,2018-09-24,us_301_list3_2018:3405.40.00=3405.40.00,1,,https://www.govinfo.gov/content/pkg/FR-2018-09-21/pdf/FR-2018-09-21.pdf,official_scope_expanded_on_valid_2018_hts_universe
us_301_list3_2018,Section 301 List 3,340590,2018-09-24,us_301_list3_2018:3405.90.00=3405.90.00,1,,https://www.govinfo.gov/content/pkg/FR-2018-09-21/pdf/FR-2018-09-21.pdf,official_scope_expanded_on_valid_2018_hts_universe
us_301_list3_2018,Section 301 List 3,350211,2018-09-24,us_301_list3_2018:3502.11.00=3502.11.00,1,,https://www.govinfo.gov/content/pkg/FR-2018-09-21/pdf/FR-2018-09-21.pdf,official_scope_expanded_on_valid_2018_hts_universe
us_301_list3_2018,Section 301 List 3,350290,2018-09-24,us_301_list3_2018:3502.90.00=3502.90.00,1,,https://www.govinfo.gov/content/pkg/FR-2018-09-21/pdf/FR-2018-09-21.pdf,official_scope_expanded_on_valid_2018_hts_universe
us_301_list3_2018,Section 301 List 3,350610,2018-09-24,us_301_list3_2018:3506.10.10=3506.10.10|us_301_list3_2018:3506.10.50=3506.10.50,2,,https://www.govinfo.gov/content/pkg/FR-2018-09-21/pdf/FR-2018-09-21.pdf,official_scope_expanded_on_valid_2018_hts_universe
us_301_list3_2018,Section 301 List 3,350691,2018-09-24,us_301_list3_2018:3506.91.10=3506.91.10|us_301_list3_2018:3506.91.50=3506.91.50,2,,https://www.govinfo.gov/content/pkg/FR-2018-09-21/pdf/FR-2018-09-21.pdf,official_scope_expanded_on_valid_2018_hts_universe
us_301_list3_2018,Section 301 List 3,350699,2018-09-24,us_301_list3_2018:3506.99.00=3506.99.00,1,,https://www.govinfo.gov/content/pkg/FR-2018-09-21/pdf/FR-2018-09-21.pdf,official_scope_expanded_on_valid_2018_hts_universe
us_301_list3_2018,Section 301 List 3,350710,2018-09-24,us_301_list3_2018:3507.10.00=3507.10.00,1,,https://www.govinfo.gov/content/pkg/FR-2018-09-21/pdf/FR-2018-09-21.pdf,official_scope_expanded_on_valid_2018_hts_universe
us_301_list3_2018,Section 301 List 3,350790,2018-09-24,us_301_list3_2018:3507.90.20=3507.90.20|us_301_list3_2018:3507.90.70=3507.90.70,2,,https://www.govinfo.gov/content/pkg/FR-2018-09-21/pdf/FR-2018-09-21.pdf,official_scope_expanded_on_valid_2018_hts_universe
us_301_list3_2018,Section 301 List 3,360610,2018-09-24,us_301_list3_2018:3606.10.00=3606.10.00,1,,https://www.govinfo.gov/content/pkg/FR-2018-09-21/pdf/FR-2018-09-21.pdf,official_scope_expanded_on_valid_2018_hts_universe
us_301_list3_2018,Section 301 List 3,370110,2018-09-24,us_301_list3_2018:3701.10.00=3701.10.00,2,,https://www.govinfo.gov/content/pkg/FR-2018-09-21/pdf/FR-2018-09-21.pdf,official_scope_expanded_on_valid_2018_hts_universe
us_301_list3_2018,Section 301 List 3,370120,2018-09-24,us_301_list3_2018:3701.20.00=3701.20.00,2,,https://www.govinfo.gov/content/pkg/FR-2018-09-21/pdf/FR-2018-09-21.pdf,official_scope_expanded_on_valid_2018_hts_universe
us_301_list3_2018,Section 301 List 3,370130,2018-09-24,us_301_list3_2018:3701.30.00=3701.30.00,1,,https://www.govinfo.gov/content/pkg/FR-2018-09-21/pdf/FR-2018-09-21.pdf,official_scope_expanded_on_valid_2018_hts_universe
us_301_list3_2018,Section 301 List 3,370191,2018-09-24,us_301_list3_2018:3701.91.00=3701.91.00,2,,https://www.govinfo.gov/content/pkg/FR-2018-09-21/pdf/FR-2018-09-21.pdf,official_scope_expanded_on_valid_2018_hts_universe
us_301_list3_2018,Section 301 List 3,370199,2018-09-24,us_301_list3_2018:3701.99.30=3701.99.30|us_301_list3_2018:3701.99.60=3701.99.60,3,,https://www.govinfo.gov/content/pkg/FR-2018-09-21/pdf/FR-2018-09-21.pdf,official_scope_expanded_on_valid_2018_hts_universe
us_301_list3_2018,Section 301 List 3,370210,2018-09-24,us_301_list3_2018:3702.10.00=3702.10.00,2,,https://www.govinfo.gov/content/pkg/FR-2018-09-21/pdf/FR-2018-09-21.pdf,official_scope_expanded_on_valid_2018_hts_universe
us_301_list3_2018,Section 301 List 3,370231,2018-09-24,us_301_list3_2018:3702.31.01=3702.31.01,1,,https://www.govinfo.gov/content/pkg/FR-2018-09-21/pdf/FR-2018-09-21.pdf,official_scope_expanded_on_valid_2018_hts_universe
us_301_list3_2018,Section 301 List 3,370232,2018-09-24,us_301_list3_2018:3702.32.01=3702.32.01,2,,https://www.govinfo.gov/content/pkg/FR-2018-09-21/pdf/FR-2018-09-21.pdf,official_scope_expanded_on_valid_2018_hts_universe
us_301_list3_2018,Section 301 List 3,370239,2018-09-24,us_301_list3_2018:3702.39.01=3702.39.01,1,,https://www.govinfo.gov/content/pkg/FR-2018-09-21/pdf/FR-2018-09-21.pdf,official_scope_expanded_on_valid_2018_hts_universe
us_301_list3_2018,Section 301 List 3,370241,2018-09-24,us_301_list3_2018:3702.41.01=3702.41.01,1,,https://www.govinfo.gov/content/pkg/FR-2018-09-21/pdf/FR-2018-09-21.pdf,official_scope_expanded_on_valid_2018_hts_universe
us_301_list3_2018,Section 301 List 3,370242,2018-09-24,us_301_list3_2018:3702.42.01=3702.42.01,1,,https://www.govinfo.gov/content/pkg/FR-2018-09-21/pdf/FR-2018-09-21.pdf,official_scope_expanded_on_valid_2018_hts_universe
us_301_list3_2018,Section 301 List 3,370243,2018-09-24,us_301_list3_2018:3702.43.01=3702.43.01,1,,https://www.govinfo.gov/content/pkg/FR-2018-09-21/pdf/FR-2018-09-21.pdf,official_scope_expanded_on_valid_2018_hts_universe
us_301_list3_2018,Section 301 List 3,370244,2018-09-24,us_301_list3_2018:3702.44.01=3702.44.01,2,,https://www.govinfo.gov/content/pkg/FR-2018-09-21/pdf/FR-2018-09-21.pdf,official_scope_expanded_on_valid_2018_hts_universe
us_301_list3_2018,Section 301 List 3,370252,2018-09-24,us_301_list3_2018:3702.52.01=3702.52.01,2,,https://www.govinfo.gov/content/pkg/FR-2018-09-21/pdf/FR-2018-09-21.pdf,official_scope_expanded_on_valid_2018_hts_universe
us_301_list3_2018,Section 301 List 3,370253,2018-09-24,us_301_list3_2018:3702.53.00=3702.53.00,2,,https://www.govinfo.gov/content/pkg/FR-2018-09-21/pdf/FR-2018-09-21.pdf,official_scope_expanded_on_valid_2018_hts_universe
us_301_list3_2018,Section 301 List 3,370254,2018-09-24,us_301_list3_2018:3702.54.00=3702.54.00,2,,https://www.govinfo.gov/content/pkg/FR-2018-09-21/pdf/FR-2018-09-21.pdf,official_scope_expanded_on_valid_2018_hts_universe
us_301_list3_2018,Section 301 List 3,370255,2018-09-24,us_301_list3_2018:3702.55.00=3702.55.00,2,,https://www.govinfo.gov/content/pkg/FR-2018-09-21/pdf/FR-2018-09-21.pdf,official_scope_expanded_on_valid_2018_hts_universe
us_301_list3_2018,Section 301 List 3,370256,2018-09-24,us_301_list3_2018:3702.56.00=3702.56.00,2,,https://www.govinfo.gov/content/pkg/FR-2018-09-21/pdf/FR-2018-09-21.pdf,official_scope_expanded_on_valid_2018_hts_universe
us_301_list3_2018,Section 301 List 3,370296,2018-09-24,us_301_list3_2018:3702.96.00=3702.96.00,1,,https://www.govinfo.gov/content/pkg/FR-2018-09-21/pdf/FR-2018-09-21.pdf,official_scope_expanded_on_valid_2018_hts_universe
us_301_list3_2018,Section 301 List 3,370297,2018-09-24,us_301_list3_2018:3702.97.00=3702.97.00,1,,https://www.govinfo.gov/content/pkg/FR-2018-09-21/pdf/FR-2018-09-21.pdf,official_scope_expanded_on_valid_2018_hts_universe
us_301_list3_2018,Section 301 List 3,370298,2018-09-24,us_301_list3_2018:3702.98.00=3702.98.00,1,,https://www.govinfo.gov/content/pkg/FR-2018-09-21/pdf/FR-2018-09-21.pdf,official_scope_expanded_on_valid_2018_hts_universe
us_301_list3_2018,Section 301 List 3,370310,2018-09-24,us_301_list3_2018:3703.10.30=3703.10.30|us_301_list3_2018:3703.10.60=3703.10.60,4,,https://www.govinfo.gov/content/pkg/FR-2018-09-21/pdf/FR-2018-09-21.pdf,official_scope_expanded_on_valid_2018_hts_universe
us_301_list3_2018,Section 301 List 3,370320,2018-09-24,us_301_list3_2018:3703.20.30=3703.20.30|us_301_list3_2018:3703.20.60=3703.20.60,3,,https://www.govinfo.gov/content/pkg/FR-2018-09-21/pdf/FR-2018-09-21.pdf,official_scope_expanded_on_valid_2018_hts_universe
us_301_list3_2018,Section 301 List 3,370390,2018-09-24,us_301_list3_2018:3703.90.30=3703.90.30|us_301_list3_2018:3703.90.60=3703.90.60,4,,https://www.govinfo.gov/content/pkg/FR-2018-09-21/pdf/FR-2018-09-21.pdf,official_scope_expanded_on_valid_2018_hts_universe
us_301_list3_2018,Section 301 List 3,370400,2018-09-24,us_301_list3_2018:3704.00.00=3704.00.00,1,,https://www.govinfo.gov/content/pkg/FR-2018-09-21/pdf/FR-2018-09-21.pdf,official_scope_expanded_on_valid_2018_hts_universe
us_301_list3_2018,Section 301 List 3,370500,2018-09-24,us_301_list3_2018:3705.00.00=3705.00.00,1,,https://www.govinfo.gov/content/pkg/FR-2018-09-21/pdf/FR-2018-09-21.pdf,official_scope_expanded_on_valid_2018_hts_universe
us_301_list3_2018,Section 301 List 3,370610,2018-09-24,us_301_list3_2018:3706.10.30=3706.10.30|us_301_list3_2018:3706.10.60=3706.10.60,4,,https://www.govinfo.gov/content/pkg/FR-2018-09-21/pdf/FR-2018-09-21.pdf,official_scope_expanded_on_valid_2018_hts_universe
us_301_list3_2018,Section 301 List 3,370690,2018-09-24,us_301_list3_2018:3706.90.00=3706.90.00,2,,https://www.govinfo.gov/content/pkg/FR-2018-09-21/pdf/FR-2018-09-21.pdf,official_scope_expanded_on_valid_2018_hts_universe
us_301_list3_2018,Section 301 List 3,370710,2018-09-24,us_301_list3_2018:3707.10.00=3707.10.00,2,,https://www.govinfo.gov/content/pkg/FR-2018-09-21/pdf/FR-2018-09-21.pdf,official_scope_expanded_on_valid_2018_hts_universe
us_301_list3_2018,Section 301 List 3,370790,2018-09-24,us_301_list3_2018:3707.90.31=3707.90.31|us_301_list3_2018:3707.90.32=3707.90.32|us_301_list3_2018:3707.90.60=3707.90.60,6,,https://www.govinfo.gov/content/pkg/FR-2018-09-21/pdf/FR-2018-09-21.pdf,official_scope_expanded_on_valid_2018_hts_universe
us_301_list3_2018,Section 301 List 3,380110,2018-09-24,us_301_list3_2018:3801.10.10=3801.10.10|us_301_list3_2018:3801.10.50=3801.10.50,2,,https://www.govinfo.gov/content/pkg/FR-2018-09-21/pdf/FR-2018-09-21.pdf,official_scope_expanded_on_valid_2018_hts_universe
us_301_list3_2018,Section 301 List 3,380120,2018-09-24,us_301_list3_2018:3801.20.00=3801.20.00,1,,https://www.govinfo.gov/content/pkg/FR-2018-09-21/pdf/FR-2018-09-21.pdf,official_scope_expanded_on_valid_2018_hts_universe
us_301_list3_2018,Section 301 List 3,380130,2018-09-24,us_301_list3_2018:3801.30.00=3801.30.00,1,,https://www.govinfo.gov/content/pkg/FR-2018-09-21/pdf/FR-2018-09-21.pdf,official_scope_expanded_on_valid_2018_hts_universe
us_301_list3_2018,Section 301 List 3,380190,2018-09-24,us_301_list3_2018:3801.90.00=3801.90.00,1,,https://www.govinfo.gov/content/pkg/FR-2018-09-21/pdf/FR-2018-09-21.pdf,official_scope_expanded_on_valid_2018_hts_universe
us_301_list3_2018,Section 301 List 3,380210,2018-09-24,us_301_list3_2018:3802.10.00=3802.10.00,3,,https://www.govinfo.gov/content/pkg/FR-2018-09-21/pdf/FR-2018-09-21.pdf,official_scope_expanded_on_valid_2018_hts_universe
us_301_list3_2018,Section 301 List 3,380290,2018-09-24,us_301_list3_2018:3802.90.10=3802.90.10|us_301_list3_2018:3802.90.20=3802.90.20|us_301_list3_2018:3802.90.50=3802.90.50,3,,https://www.govinfo.gov/content/pkg/FR-2018-09-21/pdf/FR-2018-09-21.pdf,official_scope_expanded_on_valid_2018_hts_universe
us_301_list3_2018,Section 301 List 3,380300,2018-09-24,us_301_list3_2018:3803.00.00=3803.00.00,1,,https://www.govinfo.gov/content/pkg/FR-2018-09-21/pdf/FR-2018-09-21.pdf,official_scope_expanded_on_valid_2018_hts_universe
us_301_list3_2018,Section 301 List 3,380400,2018-09-24,us_301_list3_2018:3804.00.10=3804.00.10|us_301_list3_2018:3804.00.50=3804.00.50,2,,https://www.govinfo.gov/content/pkg/FR-2018-09-21/pdf/FR-2018-09-21.pdf,official_scope_expanded_on_valid_2018_hts_universe
us_301_list3_2018,Section 301 List 3,380510,2018-09-24,us_301_list3_2018:3805.10.00=3805.10.00,1,,https://www.govinfo.gov/content/pkg/FR-2018-09-21/pdf/FR-2018-09-21.pdf,official_scope_expanded_on_valid_2018_hts_universe
us_301_list3_2018,Section 301 List 3,380590,2018-09-24,us_301_list3_2018:3805.90.10=3805.90.10|us_301_list3_2018:3805.90.50=3805.90.50,2,,https://www.govinfo.gov/content/pkg/FR-2018-09-21/pdf/FR-2018-09-21.pdf,official_scope_expanded_on_valid_2018_hts_universe
us_301_list3_2018,Section 301 List 3,380610,2018-09-24,us_301_list3_2018:3806.10.00=3806.10.00,2,,https://www.govinfo.gov/content/pkg/FR-2018-09-21/pdf/FR-2018-09-21.pdf,official_scope_expanded_on_valid_2018_hts_universe
us_301_list3_2018,Section 301 List 3,380620,2018-09-24,us_301_list3_2018:3806.20.00=3806.20.00,1,,https://www.govinfo.gov/content/pkg/FR-2018-09-21/pdf/FR-2018-09-21.pdf,official_scope_expanded_on_valid_2018_hts_universe
us_301_list3_2018,Section 301 List 3,380630,2018-09-24,us_301_list3_2018:3806.30.00=3806.30.00,1,,https://www.govinfo.gov/content/pkg/FR-2018-09-21/pdf/FR-2018-09-21.pdf,official_scope_expanded_on_valid_2018_hts_universe
us_301_list3_2018,Section 301 List 3,380690,2018-09-24,us_301_list3_2018:3806.90.00=3806.90.00,1,,https://www.govinfo.gov/content/pkg/FR-2018-09-21/pdf/FR-2018-09-21.pdf,official_scope_expanded_on_valid_2018_hts_universe
us_301_list3_2018,Section 301 List 3,380700,2018-09-24,us_301_list3_2018:3807.00.00=3807.00.00,1,,https://www.govinfo.gov/content/pkg/FR-2018-09-21/pdf/FR-2018-09-21.pdf,official_scope_expanded_on_valid_2018_hts_universe
us_301_list3_2018,Section 301 List 3,380859,2018-09-24,us_301_list3_2018:3808.59.40=3808.59.40,1,,https://www.govinfo.gov/content/pkg/FR-2018-09-21/pdf/FR-2018-09-21.pdf,official_scope_expanded_on_valid_2018_hts_universe
us_301_list3_2018,Section 301 List 3,380861,2018-09-24,us_301_list3_2018:3808.61.10=3808.61.10,1,,https://www.govinfo.gov/content/pkg/FR-2018-09-21/pdf/FR-2018-09-21.pdf,official_scope_expanded_on_valid_2018_hts_universe
us_301_list3_2018,Section 301 List 3,380862,2018-09-24,us_301_list3_2018:3808.62.10=3808.62.10|us_301_list3_2018:3808.62.50=3808.62.50,2,,https://www.govinfo.gov/content/pkg/FR-2018-09-21/pdf/FR-2018-09-21.pdf,official_scope_expanded_on_valid_2018_hts_universe
us_301_list3_2018,Section 301 List 3,380869,2018-09-24,us_301_list3_2018:3808.69.10=3808.69.10|us_301_list3_2018:3808.69.50=3808.69.50,2,,https://www.govinfo.gov/content/pkg/FR-2018-09-21/pdf/FR-2018-09-21.pdf,official_scope_expanded_on_valid_2018_hts_universe
us_301_list3_2018,Section 301 List 3,380891,2018-09-24,us_301_list3_2018:3808.91.10=3808.91.10|us_301_list3_2018:3808.91.15=3808.91.15|us_301_list3_2018:3808.91.25=3808.91.25|us_301_list3_2018:3808.91.30=3808.91.30|us_301_list3_2018:3808.91.50=3808.91.50,5,,https://www.govinfo.gov/content/pkg/FR-2018-09-21/pdf/FR-2018-09-21.pdf,official_scope_expanded_on_valid_2018_hts_universe
us_301_list3_2018,Section 301 List 3,380892,2018-09-24,us_301_list3_2018:3808.92.05=3808.92.05|us_301_list3_2018:3808.92.15=3808.92.15|us_301_list3_2018:3808.92.24=3808.92.24|us_301_list3_2018:3808.92.28=3808.92.28|us_301_list3_2018:3808.92.30=3808.92.30|us_301_list3_2018:3808.92.50=3808.92.50,6,,https://www.govinfo.gov/content/pkg/FR-2018-09-21/pdf/FR-2018-09-21.pdf,official_scope_expanded_on_valid_2018_hts_universe
us_301_list3_2018,Section 301 List 3,380893,2018-09-24,us_301_list3_2018:3808.93.05=3808.93.05|us_301_list3_2018:3808.93.15=3808.93.15|us_301_list3_2018:3808.93.20=3808.93.20|us_301_list3_2018:3808.93.50=3808.93.50,5,,https://www.govinfo.gov/content/pkg/FR-2018-09-21/pdf/FR-2018-09-21.pdf,official_scope_expanded_on_valid_2018_hts_universe
us_301_list3_2018,Section 301 List 3,380894,2018-09-24,us_301_list3_2018:3808.94.10=3808.94.10|us_301_list3_2018:3808.94.50=3808.94.50,2,,https://www.govinfo.gov/content/pkg/FR-2018-09-21/pdf/FR-2018-09-21.pdf,official_scope_expanded_on_valid_2018_hts_universe
us_301_list3_2018,Section 301 List 3,380899,2018-09-24,us_301_list3_2018:3808.99.04=3808.99.04|us_301_list3_2018:3808.99.08=3808.99.08|us_301_list3_2018:3808.99.30=3808.99.30|us_301_list3_2018:3808.99.70=3808.99.70|us_301_list3_2018:3808.99.95=3808.99.95,5,,https://www.govinfo.gov/content/pkg/FR-2018-09-21/pdf/FR-2018-09-21.pdf,official_scope_expanded_on_valid_2018_hts_universe
us_301_list3_2018,Section 301 List 3,380991,2018-09-24,us_301_list3_2018:3809.91.00=3809.91.00,1,,https://www.govinfo.gov/content/pkg/FR-2018-09-21/pdf/FR-2018-09-21.pdf,official_scope_expanded_on_valid_2018_hts_universe
us_301_list3_2018,Section 301 List 3,380992,2018-09-24,us_301_list3_2018:3809.92.10=3809.92.10|us_301_list3_2018:3809.92.50=3809.92.50,2,,https://www.govinfo.gov/content/pkg/FR-2018-09-21/pdf/FR-2018-09-21.pdf,official_scope_expanded_on_valid_2018_hts_universe
us_301_list3_2018,Section 301 List 3,380993,2018-09-24,us_301_list3_2018:3809.93.10=3809.93.10|us_301_list3_2018:3809.93.50=3809.93.50,2,,https://www.govinfo.gov/content/pkg/FR-2018-09-21/pdf/FR-2018-09-21.pdf,official_scope_expanded_on_valid_2018_hts_universe
us_301_list3_2018,Section 301 List 3,381010,2018-09-24,us_301_list3_2018:3810.10.00=3810.10.00,1,,https://www.govinfo.gov/content/pkg/FR-2018-09-21/pdf/FR-2018-09-21.pdf,official_scope_expanded_on_valid_2018_hts_universe
us_301_list3_2018,Section 301 List 3,381090,2018-09-24,us_301_list3_2018:3810.90.10=3810.90.10|us_301_list3_2018:3810.90.20=3810.90.20|us_301_list3_2018:3810.90.50=3810.90.50,3,,https://www.govinfo.gov/content/pkg/FR-2018-09-21/pdf/FR-2018-09-21.pdf,official_scope_expanded_on_valid_2018_hts_universe
us_301_list3_2018,Section 301 List 3,381111,2018-09-24,us_301_list3_2018:3811.11.10=3811.11.10|us_301_list3_2018:3811.11.50=3811.11.50,2,,https://www.govinfo.gov/content/pkg/FR-2018-09-21/pdf/FR-2018-09-21.pdf,official_scope_expanded_on_valid_2018_hts_universe
us_301_list3_2018,Section 301 List 3,381119,2018-09-24,us_301_list3_2018:3811.19.00=3811.19.00,1,,https://www.govinfo.gov/content/pkg/FR-2018-09-21/pdf/FR-2018-09-21.pdf,official_scope_expanded_on_valid_2018_hts_universe
us_301_list3_2018,Section 301 List 3,381190,2018-09-24,us_301_list3_2018:3811.90.00=3811.90.00,1,,https://www.govinfo.gov/content/pkg/FR-2018-09-21/pdf/FR-2018-09-21.pdf,official_scope_expanded_on_valid_2018_hts_universe
us_301_list3_2018,Section 301 List 3,381210,2018-09-24,us_301_list3_2018:3812.10.10=3812.10.10|us_301_list3_2018:3812.10.50=3812.10.50,2,,https://www.govinfo.gov/content/pkg/FR-2018-09-21/pdf/FR-2018-09-21.pdf,official_scope_expanded_on_valid_2018_hts_universe
us_301_list3_2018,Section 301 List 3,381220,2018-09-24,us_301_list3_2018:3812.20.10=3812.20.10|us_301_list3_2018:3812.20.50=3812.20.50,2,,https://www.govinfo.gov/content/pkg/FR-2018-09-21/pdf/FR-2018-09-21.pdf,official_scope_expanded_on_valid_2018_hts_universe
us_301_list3_2018,Section 301 List 3,381231,2018-09-24,us_301_list3_2018:3812.31.00=3812.31.00,1,,https://www.govinfo.gov/content/pkg/FR-2018-09-21/pdf/FR-2018-09-21.pdf,official_scope_expanded_on_valid_2018_hts_universe
us_301_list3_2018,Section 301 List 3,381239,2018-09-24,us_301_list3_2018:3812.39.20=3812.39.20|us_301_list3_2018:3812.39.30=3812.39.30|us_301_list3_2018:3812.39.60=3812.39.60|us_301_list3_2018:3812.39.70=3812.39.70|us_301_list3_2018:3812.39.90=3812.39.90,5,,https://www.govinfo.gov/content/pkg/FR-2018-09-21/pdf/FR-2018-09-21.pdf,official_scope_expanded_on_valid_2018_hts_universe
us_301_list3_2018,Section 301 List 3,381300,2018-09-24,us_301_list3_2018:3813.00.10=3813.00.10|us_301_list3_2018:3813.00.50=3813.00.50,2,,https://www.govinfo.gov/content/pkg/FR-2018-09-21/pdf/FR-2018-09-21.pdf,official_scope_expanded_on_valid_2018_hts_universe
us_301_list3_2018,Section 301 List 3,381400,2018-09-24,us_301_list3_2018:3814.00.10=3814.00.10|us_301_list3_2018:3814.00.20=3814.00.20|us_301_list3_2018:3814.00.50=3814.00.50,4,,https://www.govinfo.gov/content/pkg/FR-2018-09-21/pdf/FR-2018-09-21.pdf,official_scope_expanded_on_valid_2018_hts_universe
us_301_list3_2018,Section 301 List 3,381511,2018-09-24,us_301_list3_2018:3815.11.00=3815.11.00,1,,https://www.govinfo.gov/content/pkg/FR-2018-09-21/pdf/FR-2018-09-21.pdf,official_scope_expanded_on_valid_2018_hts_universe
us_301_list3_2018,Section 301 List 3,381512,2018-09-24,us_301_list3_2018:3815.12.00=3815.12.00,1,,https://www.govinfo.gov/content/pkg/FR-2018-09-21/pdf/FR-2018-09-21.pdf,official_scope_expanded_on_valid_2018_hts_universe
us_301_list3_2018,Section 301 List 3,381519,2018-09-24,us_301_list3_2018:3815.19.00=3815.19.00,1,,https://www.govinfo.gov/content/pkg/FR-2018-09-21/pdf/FR-2018-09-21.pdf,official_scope_expanded_on_valid_2018_hts_universe
us_301_list3_2018,Section 301 List 3,381590,2018-09-24,us_301_list3_2018:3815.90.10=3815.90.10|us_301_list3_2018:3815.90.20=3815.90.20|us_301_list3_2018:3815.90.30=3815.90.30|us_301_list3_2018:3815.90.50=3815.90.50,4,,https://www.govinfo.gov/content/pkg/FR-2018-09-21/pdf/FR-2018-09-21.pdf,official_scope_expanded_on_valid_2018_hts_universe
us_301_list3_2018,Section 301 List 3,381600,2018-09-24,us_301_list3_2018:3816.00.00=3816.00.00,2,,https://www.govinfo.gov/content/pkg/FR-2018-09-21/pdf/FR-2018-09-21.pdf,official_scope_expanded_on_valid_2018_hts_universe
us_301_list3_2018,Section 301 List 3,381700,2018-09-24,us_301_list3_2018:3817.00.10=3817.00.10|us_301_list3_2018:3817.00.15=3817.00.15|us_301_list3_2018:3817.00.20=3817.00.20,3,,https://www.govinfo.gov/content/pkg/FR-2018-09-21/pdf/FR-2018-09-21.pdf,official_scope_expanded_on_valid_2018_hts_universe
us_301_list3_2018,Section 301 List 3,381800,2018-09-24,us_301_list3_2018:3818.00.00=3818.00.00,2,,https://www.govinfo.gov/content/pkg/FR-2018-09-21/pdf/FR-2018-09-21.pdf,official_scope_expanded_on_valid_2018_hts_universe
us_301_list3_2018,Section 301 List 3,381900,2018-09-24,us_301_list3_2018:3819.00.00=3819.00.00,2,,https://www.govinfo.gov/content/pkg/FR-2018-09-21/pdf/FR-2018-09-21.pdf,official_scope_expanded_on_valid_2018_hts_universe
us_301_list3_2018,Section 301 List 3,382410,2018-09-24,us_301_list3_2018:3824.10.00=3824.10.00,1,,https://www.govinfo.gov/content/pkg/FR-2018-09-21/pdf/FR-2018-09-21.pdf,official_scope_expanded_on_valid_2018_hts_universe
us_301_list3_2018,Section 301 List 3,382430,2018-09-24,us_301_list3_2018:3824.30.00=3824.30.00,1,,https://www.govinfo.gov/content/pkg/FR-2018-09-21/pdf/FR-2018-09-21.pdf,official_scope_expanded_on_valid_2018_hts_universe
us_301_list3_2018,Section 301 List 3,382440,2018-09-24,us_301_list3_2018:3824.40.10=3824.40.10|us_301_list3_2018:3824.40.20=3824.40.20|us_301_list3_2018:3824.40.50=3824.40.50,3,,https://www.govinfo.gov/content/pkg/FR-2018-09-21/pdf/FR-2018-09-21.pdf,official_scope_expanded_on_valid_2018_hts_universe
us_301_list3_2018,Section 301 List 3,382450,2018-09-24,us_301_list3_2018:3824.50.00=3824.50.00,2,,https://www.govinfo.gov/content/pkg/FR-2018-09-21/pdf/FR-2018-09-21.pdf,official_scope_expanded_on_valid_2018_hts_universe
us_301_list3_2018,Section 301 List 3,382471,2018-09-24,us_301_list3_2018:3824.71.01=3824.71.01,1,,https://www.govinfo.gov/content/pkg/FR-2018-09-21/pdf/FR-2018-09-21.pdf,official_scope_expanded_on_valid_2018_hts_universe
us_301_list3_2018,Section 301 List 3,382472,2018-09-24,us_301_list3_2018:3824.72.00=3824.72.00,1,,https://www.govinfo.gov/content/pkg/FR-2018-09-21/pdf/FR-2018-09-21.pdf,official_scope_expanded_on_valid_2018_hts_universe
us_301_list3_2018,Section 301 List 3,382473,2018-09-24,us_301_list3_2018:3824.73.00=3824.73.00,1,,https://www.govinfo.gov/content/pkg/FR-2018-09-21/pdf/FR-2018-09-21.pdf,official_scope_expanded_on_valid_2018_hts_universe
us_301_list3_2018,Section 301 List 3,382474,2018-09-24,us_301_list3_2018:3824.74.00=3824.74.00,1,,https://www.govinfo.gov/content/pkg/FR-2018-09-21/pdf/FR-2018-09-21.pdf,official_scope_expanded_on_valid_2018_hts_universe
us_301_list3_2018,Section 301 List 3,382475,2018-09-24,us_301_list3_2018:3824.75.00=3824.75.00,1,,https://www.govinfo.gov/content/pkg/FR-2018-09-21/pdf/FR-2018-09-21.pdf,official_scope_expanded_on_valid_2018_hts_universe
us_301_list3_2018,Section 301 List 3,382476,2018-09-24,us_301_list3_2018:3824.76.00=3824.76.00,1,,https://www.govinfo.gov/content/pkg/FR-2018-09-21/pdf/FR-2018-09-21.pdf,official_scope_expanded_on_valid_2018_hts_universe
us_301_list3_2018,Section 301 List 3,382477,2018-09-24,us_301_list3_2018:3824.77.00=3824.77.00,1,,https://www.govinfo.gov/content/pkg/FR-2018-09-21/pdf/FR-2018-09-21.pdf,official_scope_expanded_on_valid_2018_hts_universe
us_301_list3_2018,Section 301 List 3,382478,2018-09-24,us_301_list3_2018:3824.78.00=3824.78.00,2,,https://www.govinfo.gov/content/pkg/FR-2018-09-21/pdf/FR-2018-09-21.pdf,official_scope_expanded_on_valid_2018_hts_universe
us_301_list3_2018,Section 301 List 3,382479,2018-09-24,us_301_list3_2018:3824.79.10=3824.79.10|us_301_list3_2018:3824.79.90=3824.79.90,2,,https://www.govinfo.gov/content/pkg/FR-2018-09-21/pdf/FR-2018-09-21.pdf,official_scope_expanded_on_valid_2018_hts_universe
us_301_list3_2018,Section 301 List 3,382481,2018-09-24,us_301_list3_2018:3824.81.00=3824.81.00,1,,https://www.govinfo.gov/content/pkg/FR-2018-09-21/pdf/FR-2018-09-21.pdf,official_scope_expanded_on_valid_2018_hts_universe
us_301_list3_2018,Section 301 List 3,382482,2018-09-24,us_301_list3_2018:3824.82.10=3824.82.10|us_301_list3_2018:3824.82.90=3824.82.90,2,,https://www.govinfo.gov/content/pkg/FR-2018-09-21/pdf/FR-2018-09-21.pdf,official_scope_expanded_on_valid_2018_hts_universe
us_301_list3_2018,Section 301 List 3,382483,2018-09-24,us_301_list3_2018:3824.83.00=3824.83.00,1,,https://www.govinfo.gov/content/pkg/FR-2018-09-21/pdf/FR-2018-09-21.pdf,official_scope_expanded_on_valid_2018_hts_universe
us_301_list3_2018,Section 301 List 3,382484,2018-09-24,us_301_list3_2018:3824.84.00=3824.84.00,1,,https://www.govinfo.gov/content/pkg/FR-2018-09-21/pdf/FR-2018-09-21.pdf,official_scope_expanded_on_valid_2018_hts_universe
us_301_list3_2018,Section 301 List 3,382485,2018-09-24,us_301_list3_2018:3824.85.00=3824.85.00,1,,https://www.govinfo.gov/content/pkg/FR-2018-09-21/pdf/FR-2018-09-21.pdf,official_scope_expanded_on_valid_2018_hts_universe
us_301_list3_2018,Section 301 List 3,382486,2018-09-24,us_301_list3_2018:3824.86.00=3824.86.00,1,,https://www.govinfo.gov/content/pkg/FR-2018-09-21/pdf/FR-2018-09-21.pdf,official_scope_expanded_on_valid_2018_hts_universe
us_301_list3_2018,Section 301 List 3,382487,2018-09-24,us_301_list3_2018:3824.87.00=3824.87.00,1,,https://www.govinfo.gov/content/pkg/FR-2018-09-21/pdf/FR-2018-09-21.pdf,official_scope_expanded_on_valid_2018_hts_universe
us_301_list3_2018,Section 301 List 3,382488,2018-09-24,us_301_list3_2018:3824.88.00=3824.88.00,1,,https://www.govinfo.gov/content/pkg/FR-2018-09-21/pdf/FR-2018-09-21.pdf,official_scope_expanded_on_valid_2018_hts_universe
us_301_list3_2018,Section 301 List 3,382491,2018-09-24,us_301_list3_2018:3824.91.00=3824.91.00,1,,https://www.govinfo.gov/content/pkg/FR-2018-09-21/pdf/FR-2018-09-21.pdf,official_scope_expanded_on_valid_2018_hts_universe
us_301_list3_2018,Section 301 List 3,382499,2018-09-24,us_301_list3_2018:3824.99.11=3824.99.11|us_301_list3_2018:3824.99.19=3824.99.19|us_301_list3_2018:3824.99.21=3824.99.21|us_301_list3_2018:3824.99.25=3824.99.25|us_301_list3_2018:3824.99.26=3824.99.26|us_301_list3_2018:3824.99.28=3824.99.28|us_301_list3_2018:3824.99.31=3824.99.31|us_301_list3_2018:3824.99.32=3824.99.32|us_301_list3_2018:3824.99.33=3824.99.33|us_301_list3_2018:3824.99.34=3824.99.34|us_301_list3_2018:3824.99.35=3824.99.35|us_301_list3_2018:3824.99.39=3824.99.39|us_301_list3_2018:3824.99.41=3824.99.41|us_301_list3_2018:3824.99.48=3824.99.48|us_301_list3_2018:3824.99.50=3824.99.50|us_301_list3_2018:3824.99.55=3824.99.55|us_301_list3_2018:3824.99.70=3824.99.70|us_301_list3_2018:3824.99.75=3824.99.75|us_301_list3_2018:3824.99.92=3824.99.92,28,,https://www.govinfo.gov/content/pkg/FR-2018-09-21/pdf/FR-2018-09-21.pdf,official_scope_expanded_on_valid_2018_hts_universe
us_301_list3_2018,Section 301 List 3,382541,2018-09-24,us_301_list3_2018:3825.41.00=3825.41.00,1,,https://www.govinfo.gov/content/pkg/FR-2018-09-21/pdf/FR-2018-09-21.pdf,official_scope_expanded_on_valid_2018_hts_universe
us_301_list3_2018,Section 301 List 3,382549,2018-09-24,us_301_list3_2018:3825.49.00=3825.49.00,1,,https://www.govinfo.gov/content/pkg/FR-2018-09-21/pdf/FR-2018-09-21.pdf,official_scope_expanded_on_valid_2018_hts_universe
us_301_list3_2018,Section 301 List 3,382550,2018-09-24,us_301_list3_2018:3825.50.00=3825.50.00,1,,https://www.govinfo.gov/content/pkg/FR-2018-09-21/pdf/FR-2018-09-21.pdf,official_scope_expanded_on_valid_2018_hts_universe
us_301_list3_2018,Section 301 List 3,382561,2018-09-24,us_301_list3_2018:3825.61.00=3825.61.00,1,,https://www.govinfo.gov/content/pkg/FR-2018-09-21/pdf/FR-2018-09-21.pdf,official_scope_expanded_on_valid_2018_hts_universe
us_301_list3_2018,Section 301 List 3,382569,2018-09-24,us_301_list3_2018:3825.69.00=3825.69.00,1,,https://www.govinfo.gov/content/pkg/FR-2018-09-21/pdf/FR-2018-09-21.pdf,official_scope_expanded_on_valid_2018_hts_universe
us_301_list3_2018,Section 301 List 3,382590,2018-09-24,us_301_list3_2018:3825.90.00=3825.90.00,1,,https://www.govinfo.gov/content/pkg/FR-2018-09-21/pdf/FR-2018-09-21.pdf,official_scope_expanded_on_valid_2018_hts_universe
us_301_list3_2018,Section 301 List 3,382600,2018-09-24,us_301_list3_2018:3826.00.10=3826.00.10|us_301_list3_2018:3826.00.30=3826.00.30,2,,https://www.govinfo.gov/content/pkg/FR-2018-09-21/pdf/FR-2018-09-21.pdf,official_scope_expanded_on_valid_2018_hts_universe
us_301_list3_2018,Section 301 List 3,390140,2018-09-24,us_301_list3_2018:3901.40.00=3901.40.00,1,,https://www.govinfo.gov/content/pkg/FR-2018-09-21/pdf/FR-2018-09-21.pdf,official_scope_expanded_on_valid_2018_hts_universe
us_301_list3_2018,Section 301 List 3,390599,2018-09-24,us_301_list3_2018:3905.99.30=3905.99.30,1,,https://www.govinfo.gov/content/pkg/FR-2018-09-21/pdf/FR-2018-09-21.pdf,official_scope_expanded_on_valid_2018_hts_universe
us_301_list3_2018,Section 301 List 3,390931,2018-09-24,us_301_list3_2018:3909.31.00=3909.31.00,1,,https://www.govinfo.gov/content/pkg/FR-2018-09-21/pdf/FR-2018-09-21.pdf,official_scope_expanded_on_valid_2018_hts_universe
us_301_list3_2018,Section 301 List 3,390939,2018-09-24,us_301_list3_2018:3909.39.00=3909.39.00,1,,https://www.govinfo.gov/content/pkg/FR-2018-09-21/pdf/FR-2018-09-21.pdf,official_scope_expanded_on_valid_2018_hts_universe
us_301_list3_2018,Section 301 List 3,391211,2018-09-24,us_301_list3_2018:3912.11.00=3912.11.00,1,,https://www.govinfo.gov/content/pkg/FR-2018-09-21/pdf/FR-2018-09-21.pdf,official_scope_expanded_on_valid_2018_hts_universe
us_301_list3_2018,Section 301 List 3,391231,2018-09-24,us_301_list3_2018:3912.31.00=3912.31.00,2,,https://www.govinfo.gov/content/pkg/FR-2018-09-21/pdf/FR-2018-09-21.pdf,official_scope_expanded_on_valid_2018_hts_universe
us_301_list3_2018,Section 301 List 3,391390,2018-09-24,us_301_list3_2018:3913.90.20=3913.90.20,2,,https://www.govinfo.gov/content/pkg/FR-2018-09-21/pdf/FR-2018-09-21.pdf,official_scope_expanded_on_valid_2018_hts_universe
us_301_list3_2018,Section 301 List 3,391510,2018-09-24,us_301_list3_2018:3915.10.00=3915.10.00,1,,https://www.govinfo.gov/content/pkg/FR-2018-09-21/pdf/FR-2018-09-21.pdf,official_scope_expanded_on_valid_2018_hts_universe
us_301_list3_2018,Section 301 List 3,391520,2018-09-24,us_301_list3_2018:3915.20.00=3915.20.00,1,,https://www.govinfo.gov/content/pkg/FR-2018-09-21/pdf/FR-2018-09-21.pdf,official_scope_expanded_on_valid_2018_hts_universe
us_301_list3_2018,Section 301 List 3,391530,2018-09-24,us_301_list3_2018:3915.30.00=3915.30.00,1,,https://www.govinfo.gov/content/pkg/FR-2018-09-21/pdf/FR-2018-09-21.pdf,official_scope_expanded_on_valid_2018_hts_universe
us_301_list3_2018,Section 301 List 3,391590,2018-09-24,us_301_list3_2018:3915.90.00=3915.90.00,2,,https://www.govinfo.gov/content/pkg/FR-2018-09-21/pdf/FR-2018-09-21.pdf,official_scope_expanded_on_valid_2018_hts_universe
us_301_list3_2018,Section 301 List 3,391690,2018-09-24,us_301_list3_2018:3916.90.20=3916.90.20,1,,https://www.govinfo.gov/content/pkg/FR-2018-09-21/pdf/FR-2018-09-21.pdf,official_scope_expanded_on_valid_2018_hts_universe
us_301_list3_2018,Section 301 List 3,391710,2018-09-24,us_301_list3_2018:3917.10.10=3917.10.10|us_301_list3_2018:3917.10.60=3917.10.60|us_301_list3_2018:3917.10.90=3917.10.90,3,,https://www.govinfo.gov/content/pkg/FR-2018-09-21/pdf/FR-2018-09-21.pdf,official_scope_expanded_on_valid_2018_hts_universe
us_301_list3_2018,Section 301 List 3,391733,2018-09-24,us_301_list3_2018:3917.33.00=3917.33.00,1,,https://www.govinfo.gov/content/pkg/FR-2018-09-21/pdf/FR-2018-09-21.pdf,official_scope_expanded_on_valid_2018_hts_universe
us_301_list3_2018,Section 301 List 3,391739,2018-09-24,us_301_list3_2018:3917.39.00=3917.39.00,3,,https://www.govinfo.gov/content/pkg/FR-2018-09-21/pdf/FR-2018-09-21.pdf,official_scope_expanded_on_valid_2018_hts_universe
us_301_list3_2018,Section 301 List 3,391810,2018-09-24,us_301_list3_2018:3918.10.10=3918.10.10|us_301_list3_2018:3918.10.20=3918.10.20|us_301_list3_2018:3918.10.31=3918.10.31|us_301_list3_2018:3918.10.32=3918.10.32|us_301_list3_2018:3918.10.40=3918.10.40|us_301_list3_2018:3918.10.50=3918.10.50,9,,https://www.govinfo.gov/content/pkg/FR-2018-09-21/pdf/FR-2018-09-21.pdf,official_scope_expanded_on_valid_2018_hts_universe
us_301_list3_2018,Section 301 List 3,391890,2018-09-24,us_301_list3_2018:3918.90.10=3918.90.10|us_301_list3_2018:3918.90.20=3918.90.20|us_301_list3_2018:3918.90.30=3918.90.30|us_301_list3_2018:3918.90.50=3918.90.50,4,,https://www.govinfo.gov/content/pkg/FR-2018-09-21/pdf/FR-2018-09-21.pdf,official_scope_expanded_on_valid_2018_hts_universe
us_301_list3_2018,Section 301 List 3,392290,2018-09-24,us_301_list3_2018:3922.90.00=3922.90.00,1,,https://www.govinfo.gov/content/pkg/FR-2018-09-21/pdf/FR-2018-09-21.pdf,official_scope_expanded_on_valid_2018_hts_universe
us_301_list3_2018,Section 301 List 3,392310,2018-09-24,us_301_list3_2018:3923.10.20=3923.10.20|us_301_list3_2018:3923.10.90=3923.10.90,2,,https://www.govinfo.gov/content/pkg/FR-2018-09-21/pdf/FR-2018-09-21.pdf,official_scope_expanded_on_valid_2018_hts_universe
us_301_list3_2018,Section 301 List 3,392321,2018-09-24,us_301_list3_2018:3923.21.00=3923.21.00,6,,https://www.govinfo.gov/content/pkg/FR-2018-09-21/pdf/FR-2018-09-21.pdf,official_scope_expanded_on_valid_2018_hts_universe
us_301_list3_2018,Section 301 List 3,392329,2018-09-24,us_301_list3_2018:3923.29.00=3923.29.00,1,,https://www.govinfo.gov/content/pkg/FR-2018-09-21/pdf/FR-2018-09-21.pdf,official_scope_expanded_on_valid_2018_hts_universe
us_301_list3_2018,Section 301 List 3,392330,2018-09-24,us_301_list3_2018:3923.30.00=3923.30.00,2,,https://www.govinfo.gov/content/pkg/FR-2018-09-21/pdf/FR-2018-09-21.pdf,official_scope_expanded_on_valid_2018_hts_universe
us_301_list3_2018,Section 301 List 3,392340,2018-09-24,us_301_list3_2018:3923.40.00=3923.40.00,2,,https://www.govinfo.gov/content/pkg/FR-2018-09-21/pdf/FR-2018-09-21.pdf,official_scope_expanded_on_valid_2018_hts_universe
us_301_list3_2018,Section 301 List 3,392350,2018-09-24,us_301_list3_2018:3923.50.00=3923.50.00,1,,https://www.govinfo.gov/content/pkg/FR-2018-09-21/pdf/FR-2018-09-21.pdf,official_scope_expanded_on_valid_2018_hts_universe
us_301_list3_2018,Section 301 List 3,392390,2018-09-24,us_301_list3_2018:3923.90.00=3923.90.00,4,,https://www.govinfo.gov/content/pkg/FR-2018-09-21/pdf/FR-2018-09-21.pdf,official_scope_expanded_on_valid_2018_hts_universe
us_301_list3_2018,Section 301 List 3,392510,2018-09-24,us_301_list3_2018:3925.10.00=3925.10.00,1,,https://www.govinfo.gov/content/pkg/FR-2018-09-21/pdf/FR-2018-09-21.pdf,official_scope_expanded_on_valid_2018_hts_universe
us_301_list3_2018,Section 301 List 3,392590,2018-09-24,us_301_list3_2018:3925.90.00=3925.90.00,1,,https://www.govinfo.gov/content/pkg/FR-2018-09-21/pdf/FR-2018-09-21.pdf,official_scope_expanded_on_valid_2018_hts_universe
us_301_list3_2018,Section 301 List 3,392620,2018-09-24,us_301_list3_2018:3926.20.20=3926.20.20|us_301_list3_2018:3926.20.30=3926.20.30|us_301_list3_2018:3926.20.60=3926.20.60|us_301_list3_2018:3926.20.90=3926.20.90,5,,https://www.govinfo.gov/content/pkg/FR-2018-09-21/pdf/FR-2018-09-21.pdf,official_scope_expanded_on_valid_2018_hts_universe
us_301_list3_2018,Section 301 List 3,392690,2018-09-24,us_301_list3_2018:3926.90.30=3926.90.30|us_301_list3_2018:3926.90.45=3926.90.45|us_301_list3_2018:3926.90.55=3926.90.55|us_301_list3_2018:3926.90.56=3926.90.56|us_301_list3_2018:3926.90.57=3926.90.57|us_301_list3_2018:3926.90.59=3926.90.59|us_301_list3_2018:3926.90.60=3926.90.60|us_301_list3_2018:3926.90.83=3926.90.83|us_301_list3_2018:3926.90.87=3926.90.87|us_301_list3_2018:3926.90.94=3926.90.94|us_301_list3_2018:3926.90.96=3926.90.96,13,,https://www.govinfo.gov/content/pkg/FR-2018-09-21/pdf/FR-2018-09-21.pdf,official_scope_expanded_on_valid_2018_hts_universe
us_301_list3_2018,Section 301 List 3,400110,2018-09-24,us_301_list3_2018:4001.10.00=4001.10.00,1,,https://www.govinfo.gov/content/pkg/FR-2018-09-21/pdf/FR-2018-09-21.pdf,official_scope_expanded_on_valid_2018_hts_universe
us_301_list3_2018,Section 301 List 3,400121,2018-09-24,us_301_list3_2018:4001.21.00=4001.21.00,4,,https://www.govinfo.gov/content/pkg/FR-2018-09-21/pdf/FR-2018-09-21.pdf,official_scope_expanded_on_valid_2018_hts_universe
us_301_list3_2018,Section 301 List 3,400122,2018-09-24,us_301_list3_2018:4001.22.00=4001.22.00,6,,https://www.govinfo.gov/content/pkg/FR-2018-09-21/pdf/FR-2018-09-21.pdf,official_scope_expanded_on_valid_2018_hts_universe
us_301_list3_2018,Section 301 List 3,400129,2018-09-24,us_301_list3_2018:4001.29.00=4001.29.00,1,,https://www.govinfo.gov/content/pkg/FR-2018-09-21/pdf/FR-2018-09-21.pdf,official_scope_expanded_on_valid_2018_hts_universe
us_301_list3_2018,Section 301 List 3,400130,2018-09-24,us_301_list3_2018:4001.30.00=4001.30.00,4,,https://www.govinfo.gov/content/pkg/FR-2018-09-21/pdf/FR-2018-09-21.pdf,official_scope_expanded_on_valid_2018_hts_universe
us_301_list3_2018,Section 301 List 3,400211,2018-09-24,us_301_list3_2018:4002.11.00=4002.11.00,1,,https://www.govinfo.gov/content/pkg/FR-2018-09-21/pdf/FR-2018-09-21.pdf,official_scope_expanded_on_valid_2018_hts_universe
us_301_list3_2018,Section 301 List 3,400219,2018-09-24,us_301_list3_2018:4002.19.00=4002.19.00,5,,https://www.govinfo.gov/content/pkg/FR-2018-09-21/pdf/FR-2018-09-21.pdf,official_scope_expanded_on_valid_2018_hts_universe
us_301_list3_2018,Section 301 List 3,400220,2018-09-24,us_301_list3_2018:4002.20.00=4002.20.00,1,,https://www.govinfo.gov/content/pkg/FR-2018-09-21/pdf/FR-2018-09-21.pdf,official_scope_expanded_on_valid_2018_hts_universe
us_301_list3_2018,Section 301 List 3,400231,2018-09-24,us_301_list3_2018:4002.31.00=4002.31.00,1,,https://www.govinfo.gov/content/pkg/FR-2018-09-21/pdf/FR-2018-09-21.pdf,official_scope_expanded_on_valid_2018_hts_universe
us_301_list3_2018,Section 301 List 3,400239,2018-09-24,us_301_list3_2018:4002.39.00=4002.39.00,1,,https://www.govinfo.gov/content/pkg/FR-2018-09-21/pdf/FR-2018-09-21.pdf,official_scope_expanded_on_valid_2018_hts_universe
us_301_list3_2018,Section 301 List 3,400241,2018-09-24,us_301_list3_2018:4002.41.00=4002.41.00,1,,https://www.govinfo.gov/content/pkg/FR-2018-09-21/pdf/FR-2018-09-21.pdf,official_scope_expanded_on_valid_2018_hts_universe
us_301_list3_2018,Section 301 List 3,400249,2018-09-24,us_301_list3_2018:4002.49.00=4002.49.00,1,,https://www.govinfo.gov/content/pkg/FR-2018-09-21/pdf/FR-2018-09-21.pdf,official_scope_expanded_on_valid_2018_hts_universe
us_301_list3_2018,Section 301 List 3,400251,2018-09-24,us_301_list3_2018:4002.51.00=4002.51.00,1,,https://www.govinfo.gov/content/pkg/FR-2018-09-21/pdf/FR-2018-09-21.pdf,official_scope_expanded_on_valid_2018_hts_universe
us_301_list3_2018,Section 301 List 3,400259,2018-09-24,us_301_list3_2018:4002.59.00=4002.59.00,1,,https://www.govinfo.gov/content/pkg/FR-2018-09-21/pdf/FR-2018-09-21.pdf,official_scope_expanded_on_valid_2018_hts_universe
us_301_list3_2018,Section 301 List 3,400260,2018-09-24,us_301_list3_2018:4002.60.00=4002.60.00,1,,https://www.govinfo.gov/content/pkg/FR-2018-09-21/pdf/FR-2018-09-21.pdf,official_scope_expanded_on_valid_2018_hts_universe
us_301_list3_2018,Section 301 List 3,400270,2018-09-24,us_301_list3_2018:4002.70.00=4002.70.00,1,,https://www.govinfo.gov/content/pkg/FR-2018-09-21/pdf/FR-2018-09-21.pdf,official_scope_expanded_on_valid_2018_hts_universe
us_301_list3_2018,Section 301 List 3,400280,2018-09-24,us_301_list3_2018:4002.80.00=4002.80.00,1,,https://www.govinfo.gov/content/pkg/FR-2018-09-21/pdf/FR-2018-09-21.pdf,official_scope_expanded_on_valid_2018_hts_universe
us_301_list3_2018,Section 301 List 3,400291,2018-09-24,us_301_list3_2018:4002.91.00=4002.91.00,1,,https://www.govinfo.gov/content/pkg/FR-2018-09-21/pdf/FR-2018-09-21.pdf,official_scope_expanded_on_valid_2018_hts_universe
us_301_list3_2018,Section 301 List 3,400299,2018-09-24,us_301_list3_2018:4002.99.00=4002.99.00,1,,https://www.govinfo.gov/content/pkg/FR-2018-09-21/pdf/FR-2018-09-21.pdf,official_scope_expanded_on_valid_2018_hts_universe
us_301_list3_2018,Section 301 List 3,400300,2018-09-24,us_301_list3_2018:4003.00.00=4003.00.00,1,,https://www.govinfo.gov/content/pkg/FR-2018-09-21/pdf/FR-2018-09-21.pdf,official_scope_expanded_on_valid_2018_hts_universe
us_301_list3_2018,Section 301 List 3,400400,2018-09-24,us_301_list3_2018:4004.00.00=4004.00.00,1,,https://www.govinfo.gov/content/pkg/FR-2018-09-21/pdf/FR-2018-09-21.pdf,official_scope_expanded_on_valid_2018_hts_universe
us_301_list3_2018,Section 301 List 3,400510,2018-09-24,us_301_list3_2018:4005.10.00=4005.10.00,1,,https://www.govinfo.gov/content/pkg/FR-2018-09-21/pdf/FR-2018-09-21.pdf,official_scope_expanded_on_valid_2018_hts_universe
us_301_list3_2018,Section 301 List 3,400520,2018-09-24,us_301_list3_2018:4005.20.00=4005.20.00,1,,https://www.govinfo.gov/content/pkg/FR-2018-09-21/pdf/FR-2018-09-21.pdf,official_scope_expanded_on_valid_2018_hts_universe
us_301_list3_2018,Section 301 List 3,400591,2018-09-24,us_301_list3_2018:4005.91.00=4005.91.00,1,,https://www.govinfo.gov/content/pkg/FR-2018-09-21/pdf/FR-2018-09-21.pdf,official_scope_expanded_on_valid_2018_hts_universe
us_301_list3_2018,Section 301 List 3,400599,2018-09-24,us_301_list3_2018:4005.99.00=4005.99.00,1,,https://www.govinfo.gov/content/pkg/FR-2018-09-21/pdf/FR-2018-09-21.pdf,official_scope_expanded_on_valid_2018_hts_universe
us_301_list3_2018,Section 301 List 3,400690,2018-09-24,us_301_list3_2018:4006.90.10=4006.90.10|us_301_list3_2018:4006.90.50=4006.90.50,2,,https://www.govinfo.gov/content/pkg/FR-2018-09-21/pdf/FR-2018-09-21.pdf,official_scope_expanded_on_valid_2018_hts_universe
us_301_list3_2018,Section 301 List 3,400700,2018-09-24,us_301_list3_2018:4007.00.00=4007.00.00,1,,https://www.govinfo.gov/content/pkg/FR-2018-09-21/pdf/FR-2018-09-21.pdf,official_scope_expanded_on_valid_2018_hts_universe
us_301_list3_2018,Section 301 List 3,400811,2018-09-24,us_301_list3_2018:4008.11.10=4008.11.10|us_301_list3_2018:4008.11.50=4008.11.50,2,,https://www.govinfo.gov/content/pkg/FR-2018-09-21/pdf/FR-2018-09-21.pdf,official_scope_expanded_on_valid_2018_hts_universe
us_301_list3_2018,Section 301 List 3,400819,2018-09-24,us_301_list3_2018:4008.19.20=4008.19.20|us_301_list3_2018:4008.19.40=4008.19.40|us_301_list3_2018:4008.19.60=4008.19.60|us_301_list3_2018:4008.19.80=4008.19.80,4,,https://www.govinfo.gov/content/pkg/FR-2018-09-21/pdf/FR-2018-09-21.pdf,official_scope_expanded_on_valid_2018_hts_universe
us_301_list3_2018,Section 301 List 3,400821,2018-09-24,us_301_list3_2018:4008.21.00=4008.21.00,1,,https://www.govinfo.gov/content/pkg/FR-2018-09-21/pdf/FR-2018-09-21.pdf,official_scope_expanded_on_valid_2018_hts_universe
us_301_list3_2018,Section 301 List 3,400829,2018-09-24,us_301_list3_2018:4008.29.20=4008.29.20|us_301_list3_2018:4008.29.40=4008.29.40,2,,https://www.govinfo.gov/content/pkg/FR-2018-09-21/pdf/FR-2018-09-21.pdf,official_scope_expanded_on_valid_2018_hts_universe
us_301_list3_2018,Section 301 List 3,400911,2018-09-24,us_301_list3_2018:4009.11.00=4009.11.00,1,,https://www.govinfo.gov/content/pkg/FR-2018-09-21/pdf/FR-2018-09-21.pdf,official_scope_expanded_on_valid_2018_hts_universe
us_301_list3_2018,Section 301 List 3,400921,2018-09-24,us_301_list3_2018:4009.21.00=4009.21.00,1,,https://www.govinfo.gov/content/pkg/FR-2018-09-21/pdf/FR-2018-09-21.pdf,official_scope_expanded_on_valid_2018_hts_universe
us_301_list3_2018,Section 301 List 3,400922,2018-09-24,us_301_list3_2018:4009.22.00=4009.22.00,2,,https://www.govinfo.gov/content/pkg/FR-2018-09-21/pdf/FR-2018-09-21.pdf,official_scope_expanded_on_valid_2018_hts_universe
us_301_list3_2018,Section 301 List 3,400931,2018-09-24,us_301_list3_2018:4009.31.00=4009.31.00,1,,https://www.govinfo.gov/content/pkg/FR-2018-09-21/pdf/FR-2018-09-21.pdf,official_scope_expanded_on_valid_2018_hts_universe
us_301_list3_2018,Section 301 List 3,400932,2018-09-24,us_301_list3_2018:4009.32.00=4009.32.00,2,,https://www.govinfo.gov/content/pkg/FR-2018-09-21/pdf/FR-2018-09-21.pdf,official_scope_expanded_on_valid_2018_hts_universe
us_301_list3_2018,Section 301 List 3,400941,2018-09-24,us_301_list3_2018:4009.41.00=4009.41.00,1,,https://www.govinfo.gov/content/pkg/FR-2018-09-21/pdf/FR-2018-09-21.pdf,official_scope_expanded_on_valid_2018_hts_universe
us_301_list3_2018,Section 301 List 3,401012,2018-09-24,us_301_list3_2018:4010.12.10=4010.12.10|us_301_list3_2018:4010.12.50=4010.12.50|us_301_list3_2018:4010.12.55=4010.12.55|us_301_list3_2018:4010.12.90=4010.12.90,4,,https://www.govinfo.gov/content/pkg/FR-2018-09-21/pdf/FR-2018-09-21.pdf,official_scope_expanded_on_valid_2018_hts_universe
us_301_list3_2018,Section 301 List 3,401019,2018-09-24,us_301_list3_2018:4010.19.10=4010.19.10|us_301_list3_2018:4010.19.50=4010.19.50|us_301_list3_2018:4010.19.55=4010.19.55|us_301_list3_2018:4010.19.80=4010.19.80|us_301_list3_2018:4010.19.91=4010.19.91,5,,https://www.govinfo.gov/content/pkg/FR-2018-09-21/pdf/FR-2018-09-21.pdf,official_scope_expanded_on_valid_2018_hts_universe
us_301_list3_2018,Section 301 List 3,401031,2018-09-24,us_301_list3_2018:4010.31.30=4010.31.30|us_301_list3_2018:4010.31.60=4010.31.60,2,,https://www.govinfo.gov/content/pkg/FR-2018-09-21/pdf/FR-2018-09-21.pdf,official_scope_expanded_on_valid_2018_hts_universe
us_301_list3_2018,Section 301 List 3,401032,2018-09-24,us_301_list3_2018:4010.32.30=4010.32.30|us_301_list3_2018:4010.32.60=4010.32.60,2,,https://www.govinfo.gov/content/pkg/FR-2018-09-21/pdf/FR-2018-09-21.pdf,official_scope_expanded_on_valid_2018_hts_universe
us_301_list3_2018,Section 301 List 3,401033,2018-09-24,us_301_list3_2018:4010.33.30=4010.33.30|us_301_list3_2018:4010.33.60=4010.33.60,2,,https://www.govinfo.gov/content/pkg/FR-2018-09-21/pdf/FR-2018-09-21.pdf,official_scope_expanded_on_valid_2018_hts_universe
us_301_list3_2018,Section 301 List 3,401034,2018-09-24,us_301_list3_2018:4010.34.30=4010.34.30|us_301_list3_2018:4010.34.60=4010.34.60,2,,https://www.govinfo.gov/content/pkg/FR-2018-09-21/pdf/FR-2018-09-21.pdf,official_scope_expanded_on_valid_2018_hts_universe
us_301_list3_2018,Section 301 List 3,401035,2018-09-24,us_301_list3_2018:4010.35.30=4010.35.30|us_301_list3_2018:4010.35.41=4010.35.41|us_301_list3_2018:4010.35.45=4010.35.45|us_301_list3_2018:4010.35.50=4010.35.50|us_301_list3_2018:4010.35.90=4010.35.90,5,,https://www.govinfo.gov/content/pkg/FR-2018-09-21/pdf/FR-2018-09-21.pdf,official_scope_expanded_on_valid_2018_hts_universe
us_301_list3_2018,Section 301 List 3,401036,2018-09-24,us_301_list3_2018:4010.36.30=4010.36.30|us_301_list3_2018:4010.36.41=4010.36.41|us_301_list3_2018:4010.36.45=4010.36.45|us_301_list3_2018:4010.36.50=4010.36.50|us_301_list3_2018:4010.36.90=4010.36.90,5,,https://www.govinfo.gov/content/pkg/FR-2018-09-21/pdf/FR-2018-09-21.pdf,official_scope_expanded_on_valid_2018_hts_universe
us_301_list3_2018,Section 301 List 3,401039,2018-09-24,us_301_list3_2018:4010.39.10=4010.39.10|us_301_list3_2018:4010.39.20=4010.39.20|us_301_list3_2018:4010.39.30=4010.39.30|us_301_list3_2018:4010.39.41=4010.39.41|us_301_list3_2018:4010.39.45=4010.39.45|us_301_list3_2018:4010.39.50=4010.39.50|us_301_list3_2018:4010.39.90=4010.39.90,7,,https://www.govinfo.gov/content/pkg/FR-2018-09-21/pdf/FR-2018-09-21.pdf,official_scope_expanded_on_valid_2018_hts_universe
us_301_list3_2018,Section 301 List 3,401110,2018-09-24,us_301_list3_2018:4011.10.10=4011.10.10|us_301_list3_2018:4011.10.50=4011.10.50,8,,https://www.govinfo.gov/content/pkg/FR-2018-09-21/pdf/FR-2018-09-21.pdf,official_scope_expanded_on_valid_2018_hts_universe
us_301_list3_2018,Section 301 List 3,401120,2018-09-24,us_301_list3_2018:4011.20.10=4011.20.10|us_301_list3_2018:4011.20.50=4011.20.50,8,,https://www.govinfo.gov/content/pkg/FR-2018-09-21/pdf/FR-2018-09-21.pdf,official_scope_expanded_on_valid_2018_hts_universe
us_301_list3_2018,Section 301 List 3,401140,2018-09-24,us_301_list3_2018:4011.40.00=4011.40.00,1,,https://www.govinfo.gov/content/pkg/FR-2018-09-21/pdf/FR-2018-09-21.pdf,official_scope_expanded_on_valid_2018_hts_universe
us_301_list3_2018,Section 301 List 3,401150,2018-09-24,us_301_list3_2018:4011.50.00=4011.50.00,1,,https://www.govinfo.gov/content/pkg/FR-2018-09-21/pdf/FR-2018-09-21.pdf,official_scope_expanded_on_valid_2018_hts_universe
us_301_list3_2018,Section 301 List 3,401170,2018-09-24,us_301_list3_2018:4011.70.00=4011.70.00,2,,https://www.govinfo.gov/content/pkg/FR-2018-09-21/pdf/FR-2018-09-21.pdf,official_scope_expanded_on_valid_2018_hts_universe
us_301_list3_2018,Section 301 List 3,401180,2018-09-24,us_301_list3_2018:4011.80.10=4011.80.10|us_301_list3_2018:4011.80.20=4011.80.20|us_301_list3_2018:4011.80.80=4011.80.80,6,,https://www.govinfo.gov/content/pkg/FR-2018-09-21/pdf/FR-2018-09-21.pdf,official_scope_expanded_on_valid_2018_hts_universe
us_301_list3_2018,Section 301 List 3,401190,2018-09-24,us_301_list3_2018:4011.90.10=4011.90.10|us_301_list3_2018:4011.90.20=4011.90.20|us_301_list3_2018:4011.90.80=4011.90.80,6,,https://www.govinfo.gov/content/pkg/FR-2018-09-21/pdf/FR-2018-09-21.pdf,official_scope_expanded_on_valid_2018_hts_universe
us_301_list3_2018,Section 301 List 3,401211,2018-09-24,us_301_list3_2018:4012.11.40=4012.11.40|us_301_list3_2018:4012.11.80=4012.11.80,2,,https://www.govinfo.gov/content/pkg/FR-2018-09-21/pdf/FR-2018-09-21.pdf,official_scope_expanded_on_valid_2018_hts_universe
us_301_list3_2018,Section 301 List 3,401212,2018-09-24,us_301_list3_2018:4012.12.40=4012.12.40|us_301_list3_2018:4012.12.80=4012.12.80,6,,https://www.govinfo.gov/content/pkg/FR-2018-09-21/pdf/FR-2018-09-21.pdf,official_scope_expanded_on_valid_2018_hts_universe
us_301_list3_2018,Section 301 List 3,401219,2018-09-24,us_301_list3_2018:4012.19.20=4012.19.20|us_301_list3_2018:4012.19.40=4012.19.40,2,,https://www.govinfo.gov/content/pkg/FR-2018-09-21/pdf/FR-2018-09-21.pdf,official_scope_expanded_on_valid_2018_hts_universe
us_301_list3_2018,Section 301 List 3,401220,2018-09-24,us_301_list3_2018:4012.20.10=4012.20.10|us_301_list3_2018:4012.20.15=4012.20.15|us_301_list3_2018:4012.20.45=4012.20.45|us_301_list3_2018:4012.20.60=4012.20.60|us_301_list3_2018:4012.20.80=4012.20.80,6,,https://www.govinfo.gov/content/pkg/FR-2018-09-21/pdf/FR-2018-09-21.pdf,official_scope_expanded_on_valid_2018_hts_universe
us_301_list3_2018,Section 301 List 3,401290,2018-09-24,us_301_list3_2018:4012.90.10=4012.90.10|us_301_list3_2018:4012.90.30=4012.90.30|us_301_list3_2018:4012.90.45=4012.90.45|us_301_list3_2018:4012.90.70=4012.90.70|us_301_list3_2018:4012.90.90=4012.90.90,5,,https://www.govinfo.gov/content/pkg/FR-2018-09-21/pdf/FR-2018-09-21.pdf,official_scope_expanded_on_valid_2018_hts_universe
us_301_list3_2018,Section 301 List 3,401310,2018-09-24,us_301_list3_2018:4013.10.00=4013.10.00,2,,https://www.govinfo.gov/content/pkg/FR-2018-09-21/pdf/FR-2018-09-21.pdf,official_scope_expanded_on_valid_2018_hts_universe
us_301_list3_2018,Section 301 List 3,401320,2018-09-24,us_301_list3_2018:4013.20.00=4013.20.00,1,,https://www.govinfo.gov/content/pkg/FR-2018-09-21/pdf/FR-2018-09-21.pdf,official_scope_expanded_on_valid_2018_hts_universe
us_301_list3_2018,Section 301 List 3,401390,2018-09-24,us_301_list3_2018:4013.90.10=4013.90.10|us_301_list3_2018:4013.90.50=4013.90.50,3,,https://www.govinfo.gov/content/pkg/FR-2018-09-21/pdf/FR-2018-09-21.pdf,official_scope_expanded_on_valid_2018_hts_universe
us_301_list3_2018,Section 301 List 3,401519,2018-09-24,us_301_list3_2018:4015.19.10=4015.19.10|us_301_list3_2018:4015.19.50=4015.19.50,3,,https://www.govinfo.gov/content/pkg/FR-2018-09-21/pdf/FR-2018-09-21.pdf,official_scope_expanded_on_valid_2018_hts_universe
us_301_list3_2018,Section 301 List 3,401590,2018-09-24,us_301_list3_2018:4015.90.00=4015.90.00,2,,https://www.govinfo.gov/content/pkg/FR-2018-09-21/pdf/FR-2018-09-21.pdf,official_scope_expanded_on_valid_2018_hts_universe
us_301_list3_2018,Section 301 List 3,401610,2018-09-24,us_301_list3_2018:4016.10.00=4016.10.00,1,,https://www.govinfo.gov/content/pkg/FR-2018-09-21/pdf/FR-2018-09-21.pdf,official_scope_expanded_on_valid_2018_hts_universe
us_301_list3_2018,Section 301 List 3,401691,2018-09-24,us_301_list3_2018:4016.91.00=4016.91.00,1,,https://www.govinfo.gov/content/pkg/FR-2018-09-21/pdf/FR-2018-09-21.pdf,official_scope_expanded_on_valid_2018_hts_universe
us_301_list3_2018,Section 301 List 3,401693,2018-09-24,us_301_list3_2018:4016.93.10=4016.93.10|us_301_list3_2018:4016.93.50=4016.93.50,6,,https://www.govinfo.gov/content/pkg/FR-2018-09-21/pdf/FR-2018-09-21.pdf,official_scope_expanded_on_valid_2018_hts_universe
us_301_list3_2018,Section 301 List 3,401694,2018-09-24,us_301_list3_2018:4016.94.00=4016.94.00,1,,https://www.govinfo.gov/content/pkg/FR-2018-09-21/pdf/FR-2018-09-21.pdf,official_scope_expanded_on_valid_2018_hts_universe
us_301_list3_2018,Section 301 List 3,401699,2018-09-24,us_301_list3_2018:4016.99.03=4016.99.03|us_301_list3_2018:4016.99.30=4016.99.30|us_301_list3_2018:4016.99.35=4016.99.35|us_301_list3_2018:4016.99.55=4016.99.55|us_301_list3_2018:4016.99.60=4016.99.60,7,,https://www.govinfo.gov/content/pkg/FR-2018-09-21/pdf/FR-2018-09-21.pdf,official_scope_expanded_on_valid_2018_hts_universe
us_301_list3_2018,Section 301 List 3,401700,2018-09-24,us_301_list3_2018:4017.00.00=4017.00.00,1,,https://www.govinfo.gov/content/pkg/FR-2018-09-21/pdf/FR-2018-09-21.pdf,official_scope_expanded_on_valid_2018_hts_universe
us_301_list3_2018,Section 301 List 3,410411,2018-09-24,us_301_list3_2018:4104.11.10=4104.11.10|us_301_list3_2018:4104.11.20=4104.11.20|us_301_list3_2018:4104.11.30=4104.11.30|us_301_list3_2018:4104.11.40=4104.11.40|us_301_list3_2018:4104.11.50=4104.11.50,11,,https://www.govinfo.gov/content/pkg/FR-2018-09-21/pdf/FR-2018-09-21.pdf,official_scope_expanded_on_valid_2018_hts_universe
us_301_list3_2018,Section 301 List 3,410419,2018-09-24,us_301_list3_2018:4104.19.10=4104.19.10|us_301_list3_2018:4104.19.20=4104.19.20|us_301_list3_2018:4104.19.30=4104.19.30|us_301_list3_2018:4104.19.40=4104.19.40|us_301_list3_2018:4104.19.50=4104.19.50,10,,https://www.govinfo.gov/content/pkg/FR-2018-09-21/pdf/FR-2018-09-21.pdf,official_scope_expanded_on_valid_2018_hts_universe
us_301_list3_2018,Section 301 List 3,410441,2018-09-24,us_301_list3_2018:4104.41.10=4104.41.10|us_301_list3_2018:4104.41.20=4104.41.20|us_301_list3_2018:4104.41.30=4104.41.30|us_301_list3_2018:4104.41.40=4104.41.40|us_301_list3_2018:4104.41.50=4104.41.50,8,,https://www.govinfo.gov/content/pkg/FR-2018-09-21/pdf/FR-2018-09-21.pdf,official_scope_expanded_on_valid_2018_hts_universe
us_301_list3_2018,Section 301 List 3,410449,2018-09-24,us_301_list3_2018:4104.49.10=4104.49.10|us_301_list3_2018:4104.49.20=4104.49.20|us_301_list3_2018:4104.49.30=4104.49.30|us_301_list3_2018:4104.49.40=4104.49.40|us_301_list3_2018:4104.49.50=4104.49.50,8,,https://www.govinfo.gov/content/pkg/FR-2018-09-21/pdf/FR-2018-09-21.pdf,official_scope_expanded_on_valid_2018_hts_universe
us_301_list3_2018,Section 301 List 3,410510,2018-09-24,us_301_list3_2018:4105.10.10=4105.10.10|us_301_list3_2018:4105.10.90=4105.10.90,2,,https://www.govinfo.gov/content/pkg/FR-2018-09-21/pdf/FR-2018-09-21.pdf,official_scope_expanded_on_valid_2018_hts_universe
us_301_list3_2018,Section 301 List 3,410530,2018-09-24,us_301_list3_2018:4105.30.00=4105.30.00,1,,https://www.govinfo.gov/content/pkg/FR-2018-09-21/pdf/FR-2018-09-21.pdf,official_scope_expanded_on_valid_2018_hts_universe
us_301_list3_2018,Section 301 List 3,410621,2018-09-24,us_301_list3_2018:4106.21.10=4106.21.10|us_301_list3_2018:4106.21.90=4106.21.90,2,,https://www.govinfo.gov/content/pkg/FR-2018-09-21/pdf/FR-2018-09-21.pdf,official_scope_expanded_on_valid_2018_hts_universe
us_301_list3_2018,Section 301 List 3,410622,2018-09-24,us_301_list3_2018:4106.22.00=4106.22.00,1,,https://www.govinfo.gov/content/pkg/FR-2018-09-21/pdf/FR-2018-09-21.pdf,official_scope_expanded_on_valid_2018_hts_universe
us_301_list3_2018,Section 301 List 3,410631,2018-09-24,us_301_list3_2018:4106.31.10=4106.31.10|us_301_list3_2018:4106.31.90=4106.31.90,2,,https://www.govinfo.gov/content/pkg/FR-2018-09-21/pdf/FR-2018-09-21.pdf,official_scope_expanded_on_valid_2018_hts_universe
us_301_list3_2018,Section 301 List 3,410632,2018-09-24,us_301_list3_2018:4106.32.00=4106.32.00,1,,https://www.govinfo.gov/content/pkg/FR-2018-09-21/pdf/FR-2018-09-21.pdf,official_scope_expanded_on_valid_2018_hts_universe
us_301_list3_2018,Section 301 List 3,410640,2018-09-24,us_301_list3_2018:4106.40.00=4106.40.00,1,,https://www.govinfo.gov/content/pkg/FR-2018-09-21/pdf/FR-2018-09-21.pdf,official_scope_expanded_on_valid_2018_hts_universe
us_301_list3_2018,Section 301 List 3,410691,2018-09-24,us_301_list3_2018:4106.91.00=4106.91.00,1,,https://www.govinfo.gov/content/pkg/FR-2018-09-21/pdf/FR-2018-09-21.pdf,official_scope_expanded_on_valid_2018_hts_universe
us_301_list3_2018,Section 301 List 3,410692,2018-09-24,us_301_list3_2018:4106.92.00=4106.92.00,1,,https://www.govinfo.gov/content/pkg/FR-2018-09-21/pdf/FR-2018-09-21.pdf,official_scope_expanded_on_valid_2018_hts_universe
us_301_list3_2018,Section 301 List 3,410711,2018-09-24,us_301_list3_2018:4107.11.10=4107.11.10|us_301_list3_2018:4107.11.20=4107.11.20|us_301_list3_2018:4107.11.30=4107.11.30|us_301_list3_2018:4107.11.40=4107.11.40|us_301_list3_2018:4107.11.50=4107.11.50|us_301_list3_2018:4107.11.60=4107.11.60|us_301_list3_2018:4107.11.70=4107.11.70|us_301_list3_2018:4107.11.80=4107.11.80,13,,https://www.govinfo.gov/content/pkg/FR-2018-09-21/pdf/FR-2018-09-21.pdf,official_scope_expanded_on_valid_2018_hts_universe
us_301_list3_2018,Section 301 List 3,410712,2018-09-24,us_301_list3_2018:4107.12.10=4107.12.10|us_301_list3_2018:4107.12.20=4107.12.20|us_301_list3_2018:4107.12.30=4107.12.30|us_301_list3_2018:4107.12.40=4107.12.40|us_301_list3_2018:4107.12.50=4107.12.50|us_301_list3_2018:4107.12.60=4107.12.60|us_301_list3_2018:4107.12.70=4107.12.70|us_301_list3_2018:4107.12.80=4107.12.80,13,,https://www.govinfo.gov/content/pkg/FR-2018-09-21/pdf/FR-2018-09-21.pdf,official_scope_expanded_on_valid_2018_hts_universe
us_301_list3_2018,Section 301 List 3,410719,2018-09-24,us_301_list3_2018:4107.19.10=4107.19.10|us_301_list3_2018:4107.19.20=4107.19.20|us_301_list3_2018:4107.19.30=4107.19.30|us_301_list3_2018:4107.19.40=4107.19.40|us_301_list3_2018:4107.19.50=4107.19.50|us_301_list3_2018:4107.19.60=4107.19.60|us_301_list3_2018:4107.19.70=4107.19.70|us_301_list3_2018:4107.19.80=4107.19.80,13,,https://www.govinfo.gov/content/pkg/FR-2018-09-21/pdf/FR-2018-09-21.pdf,official_scope_expanded_on_valid_2018_hts_universe
us_301_list3_2018,Section 301 List 3,410791,2018-09-24,us_301_list3_2018:4107.91.40=4107.91.40|us_301_list3_2018:4107.91.50=4107.91.50|us_301_list3_2018:4107.91.60=4107.91.60|us_301_list3_2018:4107.91.70=4107.91.70|us_301_list3_2018:4107.91.80=4107.91.80,9,,https://www.govinfo.gov/content/pkg/FR-2018-09-21/pdf/FR-2018-09-21.pdf,official_scope_expanded_on_valid_2018_hts_universe
us_301_list3_2018,Section 301 List 3,410792,2018-09-24,us_301_list3_2018:4107.92.40=4107.92.40|us_301_list3_2018:4107.92.50=4107.92.50|us_301_list3_2018:4107.92.60=4107.92.60|us_301_list3_2018:4107.92.70=4107.92.70|us_301_list3_2018:4107.92.80=4107.92.80,9,,https://www.govinfo.gov/content/pkg/FR-2018-09-21/pdf/FR-2018-09-21.pdf,official_scope_expanded_on_valid_2018_hts_universe
us_301_list3_2018,Section 301 List 3,410799,2018-09-24,us_301_list3_2018:4107.99.40=4107.99.40|us_301_list3_2018:4107.99.50=4107.99.50|us_301_list3_2018:4107.99.60=4107.99.60|us_301_list3_2018:4107.99.70=4107.99.70|us_301_list3_2018:4107.99.80=4107.99.80,9,,https://www.govinfo.gov/content/pkg/FR-2018-09-21/pdf/FR-2018-09-21.pdf,official_scope_expanded_on_valid_2018_hts_universe
us_301_list3_2018,Section 301 List 3,411200,2018-09-24,us_301_list3_2018:4112.00.30=4112.00.30|us_301_list3_2018:4112.00.60=4112.00.60,3,,https://www.govinfo.gov/content/pkg/FR-2018-09-21/pdf/FR-2018-09-21.pdf,official_scope_expanded_on_valid_2018_hts_universe
us_301_list3_2018,Section 301 List 3,411310,2018-09-24,us_301_list3_2018:4113.10.30=4113.10.30|us_301_list3_2018:4113.10.60=4113.10.60,2,,https://www.govinfo.gov/content/pkg/FR-2018-09-21/pdf/FR-2018-09-21.pdf,official_scope_expanded_on_valid_2018_hts_universe
us_301_list3_2018,Section 301 List 3,411320,2018-09-24,us_301_list3_2018:4113.20.00=4113.20.00,1,,https://www.govinfo.gov/content/pkg/FR-2018-09-21/pdf/FR-2018-09-21.pdf,official_scope_expanded_on_valid_2018_hts_universe
us_301_list3_2018,Section 301 List 3,411330,2018-09-24,us_301_list3_2018:4113.30.30=4113.30.30|us_301_list3_2018:4113.30.60=4113.30.60,2,,https://www.govinfo.gov/content/pkg/FR-2018-09-21/pdf/FR-2018-09-21.pdf,official_scope_expanded_on_valid_2018_hts_universe
us_301_list3_2018,Section 301 List 3,411390,2018-09-24,us_301_list3_2018:4113.90.30=4113.90.30|us_301_list3_2018:4113.90.60=4113.90.60,2,,https://www.govinfo.gov/content/pkg/FR-2018-09-21/pdf/FR-2018-09-21.pdf,official_scope_expanded_on_valid_2018_hts_universe
us_301_list3_2018,Section 301 List 3,411410,2018-09-24,us_301_list3_2018:4114.10.00=4114.10.00,1,,https://www.govinfo.gov/content/pkg/FR-2018-09-21/pdf/FR-2018-09-21.pdf,official_scope_expanded_on_valid_2018_hts_universe
us_301_list3_2018,Section 301 List 3,411420,2018-09-24,us_301_list3_2018:4114.20.30=4114.20.30|us_301_list3_2018:4114.20.40=4114.20.40|us_301_list3_2018:4114.20.70=4114.20.70,3,,https://www.govinfo.gov/content/pkg/FR-2018-09-21/pdf/FR-2018-09-21.pdf,official_scope_expanded_on_valid_2018_hts_universe
us_301_list3_2018,Section 301 List 3,411510,2018-09-24,us_301_list3_2018:4115.10.00=4115.10.00,1,,https://www.govinfo.gov/content/pkg/FR-2018-09-21/pdf/FR-2018-09-21.pdf,official_scope_expanded_on_valid_2018_hts_universe
us_301_list3_2018,Section 301 List 3,420100,2018-09-24,us_301_list3_2018:4201.00.30=4201.00.30|us_301_list3_2018:4201.00.60=4201.00.60,2,,https://www.govinfo.gov/content/pkg/FR-2018-09-21/pdf/FR-2018-09-21.pdf,official_scope_expanded_on_valid_2018_hts_universe
us_301_list3_2018,Section 301 List 3,420211,2018-09-24,us_301_list3_2018:4202.11.00=4202.11.00,2,,https://www.govinfo.gov/content/pkg/FR-2018-09-21/pdf/FR-2018-09-21.pdf,official_scope_expanded_on_valid_2018_hts_universe
us_301_list3_2018,Section 301 List 3,420212,2018-09-24,us_301_list3_2018:4202.12.21=4202.12.21|us_301_list3_2018:4202.12.29=4202.12.29|us_301_list3_2018:4202.12.40=4202.12.40|us_301_list3_2018:4202.12.60=4202.12.60|us_301_list3_2018:4202.12.81=4202.12.81|us_301_list3_2018:4202.12.89=4202.12.89,16,,https://www.govinfo.gov/content/pkg/FR-2018-09-21/pdf/FR-2018-09-21.pdf,official_scope_expanded_on_valid_2018_hts_universe
us_301_list3_2018,Section 301 List 3,420219,2018-09-24,us_301_list3_2018:4202.19.00=4202.19.00,1,,https://www.govinfo.gov/content/pkg/FR-2018-09-21/pdf/FR-2018-09-21.pdf,official_scope_expanded_on_valid_2018_hts_universe
us_301_list3_2018,Section 301 List 3,420221,2018-09-24,us_301_list3_2018:4202.21.30=4202.21.30|us_301_list3_2018:4202.21.60=4202.21.60|us_301_list3_2018:4202.21.90=4202.21.90,3,,https://www.govinfo.gov/content/pkg/FR-2018-09-21/pdf/FR-2018-09-21.pdf,official_scope_expanded_on_valid_2018_hts_universe
us_301_list3_2018,Section 301 List 3,420222,2018-09-24,us_301_list3_2018:4202.22.15=4202.22.15|us_301_list3_2018:4202.22.35=4202.22.35|us_301_list3_2018:4202.22.40=4202.22.40|us_301_list3_2018:4202.22.45=4202.22.45|us_301_list3_2018:4202.22.60=4202.22.60|us_301_list3_2018:4202.22.70=4202.22.70|us_301_list3_2018:4202.22.81=4202.22.81|us_301_list3_2018:4202.22.89=4202.22.89,13,,https://www.govinfo.gov/content/pkg/FR-2018-09-21/pdf/FR-2018-09-21.pdf,official_scope_expanded_on_valid_2018_hts_universe
us_301_list3_2018,Section 301 List 3,420229,2018-09-24,us_301_list3_2018:4202.29.10=4202.29.10|us_301_list3_2018:4202.29.20=4202.29.20|us_301_list3_2018:4202.29.50=4202.29.50|us_301_list3_2018:4202.29.90=4202.29.90,4,,https://www.govinfo.gov/content/pkg/FR-2018-09-21/pdf/FR-2018-09-21.pdf,official_scope_expanded_on_valid_2018_hts_universe
us_301_list3_2018,Section 301 List 3,420231,2018-09-24,us_301_list3_2018:4202.31.30=4202.31.30|us_301_list3_2018:4202.31.60=4202.31.60,2,,https://www.govinfo.gov/content/pkg/FR-2018-09-21/pdf/FR-2018-09-21.pdf,official_scope_expanded_on_valid_2018_hts_universe
us_301_list3_2018,Section 301 List 3,420232,2018-09-24,us_301_list3_2018:4202.32.10=4202.32.10|us_301_list3_2018:4202.32.20=4202.32.20|us_301_list3_2018:4202.32.40=4202.32.40|us_301_list3_2018:4202.32.80=4202.32.80|us_301_list3_2018:4202.32.85=4202.32.85|us_301_list3_2018:4202.32.91=4202.32.91|us_301_list3_2018:4202.32.93=4202.32.93|us_301_list3_2018:4202.32.99=4202.32.99,8,,https://www.govinfo.gov/content/pkg/FR-2018-09-21/pdf/FR-2018-09-21.pdf,official_scope_expanded_on_valid_2018_hts_universe
us_301_list3_2018,Section 301 List 3,420239,2018-09-24,us_301_list3_2018:4202.39.10=4202.39.10|us_301_list3_2018:4202.39.20=4202.39.20|us_301_list3_2018:4202.39.50=4202.39.50|us_301_list3_2018:4202.39.90=4202.39.90,4,,https://www.govinfo.gov/content/pkg/FR-2018-09-21/pdf/FR-2018-09-21.pdf,official_scope_expanded_on_valid_2018_hts_universe
us_301_list3_2018,Section 301 List 3,420291,2018-09-24,us_301_list3_2018:4202.91.10=4202.91.10|us_301_list3_2018:4202.91.90=4202.91.90,3,,https://www.govinfo.gov/content/pkg/FR-2018-09-21/pdf/FR-2018-09-21.pdf,official_scope_expanded_on_valid_2018_hts_universe
us_301_list3_2018,Section 301 List 3,420292,2018-09-24,us_301_list3_2018:4202.92.04=4202.92.04|us_301_list3_2018:4202.92.08=4202.92.08|us_301_list3_2018:4202.92.10=4202.92.10|us_301_list3_2018:4202.92.15=4202.92.15|us_301_list3_2018:4202.92.20=4202.92.20|us_301_list3_2018:4202.92.31=4202.92.31|us_301_list3_2018:4202.92.33=4202.92.33|us_301_list3_2018:4202.92.39=4202.92.39|us_301_list3_2018:4202.92.45=4202.92.45|us_301_list3_2018:4202.92.50=4202.92.50|us_301_list3_2018:4202.92.60=4202.92.60|us_301_list3_2018:4202.92.91=4202.92.91|us_301_list3_2018:4202.92.93=4202.92.93|us_301_list3_2018:4202.92.94=4202.92.94|us_301_list3_2018:4202.92.97=4202.92.97,23,,https://www.govinfo.gov/content/pkg/FR-2018-09-21/pdf/FR-2018-09-21.pdf,official_scope_expanded_on_valid_2018_hts_universe
us_301_list3_2018,Section 301 List 3,420299,2018-09-24,us_301_list3_2018:4202.99.10=4202.99.10|us_301_list3_2018:4202.99.20=4202.99.20|us_301_list3_2018:4202.99.30=4202.99.30|us_301_list3_2018:4202.99.50=4202.99.50|us_301_list3_2018:4202.99.90=4202.99.90,5,,https://www.govinfo.gov/content/pkg/FR-2018-09-21/pdf/FR-2018-09-21.pdf,official_scope_expanded_on_valid_2018_hts_universe
us_301_list3_2018,Section 301 List 3,420310,2018-09-24,us_301_list3_2018:4203.10.20=4203.10.20|us_301_list3_2018:4203.10.40=4203.10.40,6,,https://www.govinfo.gov/content/pkg/FR-2018-09-21/pdf/FR-2018-09-21.pdf,official_scope_expanded_on_valid_2018_hts_universe
us_301_list3_2018,Section 301 List 3,420321,2018-09-24,us_301_list3_2018:4203.21.20=4203.21.20|us_301_list3_2018:4203.21.40=4203.21.40|us_301_list3_2018:4203.21.55=4203.21.55|us_301_list3_2018:4203.21.60=4203.21.60|us_301_list3_2018:4203.21.70=4203.21.70|us_301_list3_2018:4203.21.80=4203.21.80,7,,https://www.govinfo.gov/content/pkg/FR-2018-09-21/pdf/FR-2018-09-21.pdf,official_scope_expanded_on_valid_2018_hts_universe
us_301_list3_2018,Section 301 List 3,420329,2018-09-24,us_301_list3_2018:4203.29.05=4203.29.05|us_301_list3_2018:4203.29.08=4203.29.08|us_301_list3_2018:4203.29.15=4203.29.15|us_301_list3_2018:4203.29.18=4203.29.18|us_301_list3_2018:4203.29.20=4203.29.20|us_301_list3_2018:4203.29.30=4203.29.30|us_301_list3_2018:4203.29.40=4203.29.40|us_301_list3_2018:4203.29.50=4203.29.50,9,,https://www.govinfo.gov/content/pkg/FR-2018-09-21/pdf/FR-2018-09-21.pdf,official_scope_expanded_on_valid_2018_hts_universe
us_301_list3_2018,Section 301 List 3,420330,2018-09-24,us_301_list3_2018:4203.30.00=4203.30.00,1,,https://www.govinfo.gov/content/pkg/FR-2018-09-21/pdf/FR-2018-09-21.pdf,official_scope_expanded_on_valid_2018_hts_universe
us_301_list3_2018,Section 301 List 3,420340,2018-09-24,us_301_list3_2018:4203.40.30=4203.40.30|us_301_list3_2018:4203.40.60=4203.40.60,2,,https://www.govinfo.gov/content/pkg/FR-2018-09-21/pdf/FR-2018-09-21.pdf,official_scope_expanded_on_valid_2018_hts_universe
us_301_list3_2018,Section 301 List 3,420500,2018-09-24,us_301_list3_2018:4205.00.05=4205.00.05|us_301_list3_2018:4205.00.10=4205.00.10|us_301_list3_2018:4205.00.20=4205.00.20|us_301_list3_2018:4205.00.40=4205.00.40|us_301_list3_2018:4205.00.60=4205.00.60|us_301_list3_2018:4205.00.80=4205.00.80,6,,https://www.govinfo.gov/content/pkg/FR-2018-09-21/pdf/FR-2018-09-21.pdf,official_scope_expanded_on_valid_2018_hts_universe
us_301_list3_2018,Section 301 List 3,430211,2018-09-24,us_301_list3_2018:4302.11.00=4302.11.00,2,,https://www.govinfo.gov/content/pkg/FR-2018-09-21/pdf/FR-2018-09-21.pdf,official_scope_expanded_on_valid_2018_hts_universe
us_301_list3_2018,Section 301 List 3,430219,2018-09-24,us_301_list3_2018:4302.19.13=4302.19.13|us_301_list3_2018:4302.19.15=4302.19.15|us_301_list3_2018:4302.19.30=4302.19.30|us_301_list3_2018:4302.19.45=4302.19.45|us_301_list3_2018:4302.19.55=4302.19.55|us_301_list3_2018:4302.19.60=4302.19.60|us_301_list3_2018:4302.19.75=4302.19.75,11,,https://www.govinfo.gov/content/pkg/FR-2018-09-21/pdf/FR-2018-09-21.pdf,official_scope_expanded_on_valid_2018_hts_universe
us_301_list3_2018,Section 301 List 3,430220,2018-09-24,us_301_list3_2018:4302.20.30=4302.20.30|us_301_list3_2018:4302.20.60=4302.20.60|us_301_list3_2018:4302.20.90=4302.20.90,3,,https://www.govinfo.gov/content/pkg/FR-2018-09-21/pdf/FR-2018-09-21.pdf,official_scope_expanded_on_valid_2018_hts_universe
us_301_list3_2018,Section 301 List 3,430230,2018-09-24,us_301_list3_2018:4302.30.00=4302.30.00,1,,https://www.govinfo.gov/content/pkg/FR-2018-09-21/pdf/FR-2018-09-21.pdf,official_scope_expanded_on_valid_2018_hts_universe
us_301_list3_2018,Section 301 List 3,430310,2018-09-24,us_301_list3_2018:4303.10.00=4303.10.00,2,,https://www.govinfo.gov/content/pkg/FR-2018-09-21/pdf/FR-2018-09-21.pdf,official_scope_expanded_on_valid_2018_hts_universe
us_301_list3_2018,Section 301 List 3,430390,2018-09-24,us_301_list3_2018:4303.90.00=4303.90.00,1,,https://www.govinfo.gov/content/pkg/FR-2018-09-21/pdf/FR-2018-09-21.pdf,official_scope_expanded_on_valid_2018_hts_universe
us_301_list3_2018,Section 301 List 3,430400,2018-09-24,us_301_list3_2018:4304.00.00=4304.00.00,1,,https://www.govinfo.gov/content/pkg/FR-2018-09-21/pdf/FR-2018-09-21.pdf,official_scope_expanded_on_valid_2018_hts_universe
us_301_list3_2018,Section 301 List 3,440110,2018-09-24,us_301_list3_2018:4401.10.00=4401.10.00,1,,https://www.govinfo.gov/content/pkg/FR-2018-09-21/pdf/FR-2018-09-21.pdf,official_scope_expanded_on_valid_2018_hts_universe
us_301_list3_2018,Section 301 List 3,440121,2018-09-24,us_301_list3_2018:4401.21.00=4401.21.00,1,,https://www.govinfo.gov/content/pkg/FR-2018-09-21/pdf/FR-2018-09-21.pdf,official_scope_expanded_on_valid_2018_hts_universe
us_301_list3_2018,Section 301 List 3,440122,2018-09-24,us_301_list3_2018:4401.22.00=4401.22.00,1,,https://www.govinfo.gov/content/pkg/FR-2018-09-21/pdf/FR-2018-09-21.pdf,official_scope_expanded_on_valid_2018_hts_universe
us_301_list3_2018,Section 301 List 3,440131,2018-09-24,us_301_list3_2018:4401.31.00=4401.31.00,1,,https://www.govinfo.gov/content/pkg/FR-2018-09-21/pdf/FR-2018-09-21.pdf,official_scope_expanded_on_valid_2018_hts_universe
us_301_list3_2018,Section 301 List 3,440139,2018-09-24,us_301_list3_2018:4401.39.20=4401.39.20|us_301_list3_2018:4401.39.40=4401.39.40,4,,https://www.govinfo.gov/content/pkg/FR-2018-09-21/pdf/FR-2018-09-21.pdf,official_scope_expanded_on_valid_2018_hts_universe
us_301_list3_2018,Section 301 List 3,440210,2018-09-24,us_301_list3_2018:4402.10.00=4402.10.00,1,,https://www.govinfo.gov/content/pkg/FR-2018-09-21/pdf/FR-2018-09-21.pdf,official_scope_expanded_on_valid_2018_hts_universe
us_301_list3_2018,Section 301 List 3,440290,2018-09-24,us_301_list3_2018:4402.90.00=4402.90.00,1,,https://www.govinfo.gov/content/pkg/FR-2018-09-21/pdf/FR-2018-09-21.pdf,official_scope_expanded_on_valid_2018_hts_universe
us_301_list3_2018,Section 301 List 3,440310,2018-09-24,us_301_list3_2018:4403.10.00=4403.10.00,4,,https://www.govinfo.gov/content/pkg/FR-2018-09-21/pdf/FR-2018-09-21.pdf,official_scope_expanded_on_valid_2018_hts_universe
us_301_list3_2018,Section 301 List 3,440320,2018-09-24,us_301_list3_2018:4403.20.00=4403.20.00,17,,https://www.govinfo.gov/content/pkg/FR-2018-09-21/pdf/FR-2018-09-21.pdf,official_scope_expanded_on_valid_2018_hts_universe
us_301_list3_2018,Section 301 List 3,440341,2018-09-24,us_301_list3_2018:4403.41.00=4403.41.00,1,,https://www.govinfo.gov/content/pkg/FR-2018-09-21/pdf/FR-2018-09-21.pdf,official_scope_expanded_on_valid_2018_hts_universe
us_301_list3_2018,Section 301 List 3,440349,2018-09-24,us_301_list3_2018:4403.49.01=4403.49.01,1,,https://www.govinfo.gov/content/pkg/FR-2018-09-21/pdf/FR-2018-09-21.pdf,official_scope_expanded_on_valid_2018_hts_universe
us_301_list3_2018,Section 301 List 3,440391,2018-09-24,us_301_list3_2018:4403.91.00=4403.91.00,2,,https://www.govinfo.gov/content/pkg/FR-2018-09-21/pdf/FR-2018-09-21.pdf,official_scope_expanded_on_valid_2018_hts_universe
us_301_list3_2018,Section 301 List 3,440392,2018-09-24,us_301_list3_2018:4403.92.00=4403.92.00,1,,https://www.govinfo.gov/content/pkg/FR-2018-09-21/pdf/FR-2018-09-21.pdf,official_scope_expanded_on_valid_2018_hts_universe
us_301_list3_2018,Section 301 List 3,440399,2018-09-24,us_301_list3_2018:4403.99.00=4403.99.00,15,,https://www.govinfo.gov/content/pkg/FR-2018-09-21/pdf/FR-2018-09-21.pdf,official_scope_expanded_on_valid_2018_hts_universe
us_301_list3_2018,Section 301 List 3,440410,2018-09-24,us_301_list3_2018:4404.10.00=4404.10.00,3,,https://www.govinfo.gov/content/pkg/FR-2018-09-21/pdf/FR-2018-09-21.pdf,official_scope_expanded_on_valid_2018_hts_universe
us_301_list3_2018,Section 301 List 3,440420,2018-09-24,us_301_list3_2018:4404.20.00=4404.20.00,3,,https://www.govinfo.gov/content/pkg/FR-2018-09-21/pdf/FR-2018-09-21.pdf,official_scope_expanded_on_valid_2018_hts_universe
us_301_list3_2018,Section 301 List 3,440500,2018-09-24,us_301_list3_2018:4405.00.00=4405.00.00,1,,https://www.govinfo.gov/content/pkg/FR-2018-09-21/pdf/FR-2018-09-21.pdf,official_scope_expanded_on_valid_2018_hts_universe
us_301_list3_2018,Section 301 List 3,440610,2018-09-24,us_301_list3_2018:4406.10.00=4406.10.00,1,,https://www.govinfo.gov/content/pkg/FR-2018-09-21/pdf/FR-2018-09-21.pdf,official_scope_expanded_on_valid_2018_hts_universe
us_301_list3_2018,Section 301 List 3,440690,2018-09-24,us_301_list3_2018:4406.90.00=4406.90.00,1,,https://www.govinfo.gov/content/pkg/FR-2018-09-21/pdf/FR-2018-09-21.pdf,official_scope_expanded_on_valid_2018_hts_universe
us_301_list3_2018,Section 301 List 3,440710,2018-09-24,us_301_list3_2018:4407.10.01=4407.10.01,38,,https://www.govinfo.gov/content/pkg/FR-2018-09-21/pdf/FR-2018-09-21.pdf,official_scope_expanded_on_valid_2018_hts_universe
us_301_list3_2018,Section 301 List 3,440721,2018-09-24,us_301_list3_2018:4407.21.00=4407.21.00,1,,https://www.govinfo.gov/content/pkg/FR-2018-09-21/pdf/FR-2018-09-21.pdf,official_scope_expanded_on_valid_2018_hts_universe
us_301_list3_2018,Section 301 List 3,440722,2018-09-24,us_301_list3_2018:4407.22.00=4407.22.00,2,,https://www.govinfo.gov/content/pkg/FR-2018-09-21/pdf/FR-2018-09-21.pdf,official_scope_expanded_on_valid_2018_hts_universe
us_301_list3_2018,Section 301 List 3,440725,2018-09-24,us_301_list3_2018:4407.25.00=4407.25.00,1,,https://www.govinfo.gov/content/pkg/FR-2018-09-21/pdf/FR-2018-09-21.pdf,official_scope_expanded_on_valid_2018_hts_universe
us_301_list3_2018,Section 301 List 3,440726,2018-09-24,us_301_list3_2018:4407.26.00=4407.26.00,1,,https://www.govinfo.gov/content/pkg/FR-2018-09-21/pdf/FR-2018-09-21.pdf,official_scope_expanded_on_valid_2018_hts_universe
us_301_list3_2018,Section 301 List 3,440727,2018-09-24,us_301_list3_2018:4407.27.00=4407.27.00,1,,https://www.govinfo.gov/content/pkg/FR-2018-09-21/pdf/FR-2018-09-21.pdf,official_scope_expanded_on_valid_2018_hts_universe
us_301_list3_2018,Section 301 List 3,440728,2018-09-24,us_301_list3_2018:4407.28.00=4407.28.00,1,,https://www.govinfo.gov/content/pkg/FR-2018-09-21/pdf/FR-2018-09-21.pdf,official_scope_expanded_on_valid_2018_hts_universe
us_301_list3_2018,Section 301 List 3,440729,2018-09-24,us_301_list3_2018:4407.29.01=4407.29.01,9,,https://www.govinfo.gov/content/pkg/FR-2018-09-21/pdf/FR-2018-09-21.pdf,official_scope_expanded_on_valid_2018_hts_universe
us_301_list3_2018,Section 301 List 3,440791,2018-09-24,us_301_list3_2018:4407.91.00=4407.91.00,2,,https://www.govinfo.gov/content/pkg/FR-2018-09-21/pdf/FR-2018-09-21.pdf,official_scope_expanded_on_valid_2018_hts_universe
us_301_list3_2018,Section 301 List 3,440792,2018-09-24,us_301_list3_2018:4407.92.00=4407.92.00,1,,https://www.govinfo.gov/content/pkg/FR-2018-09-21/pdf/FR-2018-09-21.pdf,official_scope_expanded_on_valid_2018_hts_universe
us_301_list3_2018,Section 301 List 3,440793,2018-09-24,us_301_list3_2018:4407.93.00=4407.93.00,2,,https://www.govinfo.gov/content/pkg/FR-2018-09-21/pdf/FR-2018-09-21.pdf,official_scope_expanded_on_valid_2018_hts_universe
us_301_list3_2018,Section 301 List 3,440794,2018-09-24,us_301_list3_2018:4407.94.00=4407.94.00,1,,https://www.govinfo.gov/content/pkg/FR-2018-09-21/pdf/FR-2018-09-21.pdf,official_scope_expanded_on_valid_2018_hts_universe
us_301_list3_2018,Section 301 List 3,440795,2018-09-24,us_301_list3_2018:4407.95.00=4407.95.00,1,,https://www.govinfo.gov/content/pkg/FR-2018-09-21/pdf/FR-2018-09-21.pdf,official_scope_expanded_on_valid_2018_hts_universe
us_301_list3_2018,Section 301 List 3,440799,2018-09-24,us_301_list3_2018:4407.99.01=4407.99.01,9,,https://www.govinfo.gov/content/pkg/FR-2018-09-21/pdf/FR-2018-09-21.pdf,official_scope_expanded_on_valid_2018_hts_universe
us_301_list3_2018,Section 301 List 3,440810,2018-09-24,us_301_list3_2018:4408.10.01=4408.10.01,2,,https://www.govinfo.gov/content/pkg/FR-2018-09-21/pdf/FR-2018-09-21.pdf,official_scope_expanded_on_valid_2018_hts_universe
us_301_list3_2018,Section 301 List 3,440831,2018-09-24,us_301_list3_2018:4408.31.01=4408.31.01,1,,https://www.govinfo.gov/content/pkg/FR-2018-09-21/pdf/FR-2018-09-21.pdf,official_scope_expanded_on_valid_2018_hts_universe
us_301_list3_2018,Section 301 List 3,440839,2018-09-24,us_301_list3_2018:4408.39.02=4408.39.02,2,,https://www.govinfo.gov/content/pkg/FR-2018-09-21/pdf/FR-2018-09-21.pdf,official_scope_expanded_on_valid_2018_hts_universe
us_301_list3_2018,Section 301 List 3,440890,2018-09-24,us_301_list3_2018:4408.90.01=4408.90.01,16,,https://www.govinfo.gov/content/pkg/FR-2018-09-21/pdf/FR-2018-09-21.pdf,official_scope_expanded_on_valid_2018_hts_universe
us_301_list3_2018,Section 301 List 3,440910,2018-09-24,us_301_list3_2018:4409.10.05=4409.10.05|us_301_list3_2018:4409.10.10=4409.10.10|us_301_list3_2018:4409.10.20=4409.10.20|us_301_list3_2018:4409.10.40=4409.10.40|us_301_list3_2018:4409.10.45=4409.10.45|us_301_list3_2018:4409.10.50=4409.10.50|us_301_list3_2018:4409.10.60=4409.10.60|us_301_list3_2018:4409.10.65=4409.10.65|us_301_list3_2018:4409.10.90=4409.10.90,14,,https://www.govinfo.gov/content/pkg/FR-2018-09-21/pdf/FR-2018-09-21.pdf,official_scope_expanded_on_valid_2018_hts_universe
us_301_list3_2018,Section 301 List 3,440921,2018-09-24,us_301_list3_2018:4409.21.05=4409.21.05|us_301_list3_2018:4409.21.90=4409.21.90,2,,https://www.govinfo.gov/content/pkg/FR-2018-09-21/pdf/FR-2018-09-21.pdf,official_scope_expanded_on_valid_2018_hts_universe
us_301_list3_2018,Section 301 List 3,440922,2018-09-24,us_301_list3_2018:4409.22.05=4409.22.05|us_301_list3_2018:4409.22.10=4409.22.10|us_301_list3_2018:4409.22.25=4409.22.25|us_301_list3_2018:4409.22.40=4409.22.40|us_301_list3_2018:4409.22.50=4409.22.50|us_301_list3_2018:4409.22.60=4409.22.60|us_301_list3_2018:4409.22.65=4409.22.65|us_301_list3_2018:4409.22.90=4409.22.90,13,,https://www.govinfo.gov/content/pkg/FR-2018-09-21/pdf/FR-2018-09-21.pdf,official_scope_expanded_on_valid_2018_hts_universe
us_301_list3_2018,Section 301 List 3,440929,2018-09-24,us_301_list3_2018:4409.29.06=4409.29.06|us_301_list3_2018:4409.29.11=4409.29.11|us_301_list3_2018:4409.29.26=4409.29.26|us_301_list3_2018:4409.29.41=4409.29.41|us_301_list3_2018:4409.29.51=4409.29.51|us_301_list3_2018:4409.29.61=4409.29.61|us_301_list3_2018:4409.29.66=4409.29.66|us_301_list3_2018:4409.29.91=4409.29.91,11,,https://www.govinfo.gov/content/pkg/FR-2018-09-21/pdf/FR-2018-09-21.pdf,official_scope_expanded_on_valid_2018_hts_universe
us_301_list3_2018,Section 301 List 3,441011,2018-09-24,us_301_list3_2018:4410.11.00=4410.11.00,4,,https://www.govinfo.gov/content/pkg/FR-2018-09-21/pdf/FR-2018-09-21.pdf,official_scope_expanded_on_valid_2018_hts_universe
us_301_list3_2018,Section 301 List 3,441012,2018-09-24,us_301_list3_2018:4410.12.00=4410.12.00,2,,https://www.govinfo.gov/content/pkg/FR-2018-09-21/pdf/FR-2018-09-21.pdf,official_scope_expanded_on_valid_2018_hts_universe
us_301_list3_2018,Section 301 List 3,441019,2018-09-24,us_301_list3_2018:4410.19.00=4410.19.00,4,,https://www.govinfo.gov/content/pkg/FR-2018-09-21/pdf/FR-2018-09-21.pdf,official_scope_expanded_on_valid_2018_hts_universe
us_301_list3_2018,Section 301 List 3,441090,2018-09-24,us_301_list3_2018:4410.90.00=4410.90.00,1,,https://www.govinfo.gov/content/pkg/FR-2018-09-21/pdf/FR-2018-09-21.pdf,official_scope_expanded_on_valid_2018_hts_universe
us_301_list3_2018,Section 301 List 3,441112,2018-09-24,us_301_list3_2018:4411.12.10=4411.12.10|us_301_list3_2018:4411.12.20=4411.12.20|us_301_list3_2018:4411.12.30=4411.12.30|us_301_list3_2018:4411.12.60=4411.12.60|us_301_list3_2018:4411.12.90=4411.12.90,6,,https://www.govinfo.gov/content/pkg/FR-2018-09-21/pdf/FR-2018-09-21.pdf,official_scope_expanded_on_valid_2018_hts_universe
us_301_list3_2018,Section 301 List 3,441113,2018-09-24,us_301_list3_2018:4411.13.10=4411.13.10|us_301_list3_2018:4411.13.20=4411.13.20|us_301_list3_2018:4411.13.30=4411.13.30|us_301_list3_2018:4411.13.60=4411.13.60|us_301_list3_2018:4411.13.90=4411.13.90,6,,https://www.govinfo.gov/content/pkg/FR-2018-09-21/pdf/FR-2018-09-21.pdf,official_scope_expanded_on_valid_2018_hts_universe
us_301_list3_2018,Section 301 List 3,441114,2018-09-24,us_301_list3_2018:4411.14.10=4411.14.10|us_301_list3_2018:4411.14.20=4411.14.20|us_301_list3_2018:4411.14.30=4411.14.30|us_301_list3_2018:4411.14.60=4411.14.60|us_301_list3_2018:4411.14.90=4411.14.90,6,,https://www.govinfo.gov/content/pkg/FR-2018-09-21/pdf/FR-2018-09-21.pdf,official_scope_expanded_on_valid_2018_hts_universe
us_301_list3_2018,Section 301 List 3,441192,2018-09-24,us_301_list3_2018:4411.92.10=4411.92.10|us_301_list3_2018:4411.92.20=4411.92.20|us_301_list3_2018:4411.92.30=4411.92.30|us_301_list3_2018:4411.92.40=4411.92.40,4,,https://www.govinfo.gov/content/pkg/FR-2018-09-21/pdf/FR-2018-09-21.pdf,official_scope_expanded_on_valid_2018_hts_universe
us_301_list3_2018,Section 301 List 3,441193,2018-09-24,us_301_list3_2018:4411.93.10=4411.93.10|us_301_list3_2018:4411.93.20=4411.93.20|us_301_list3_2018:4411.93.30=4411.93.30|us_301_list3_2018:4411.93.60=4411.93.60|us_301_list3_2018:4411.93.90=4411.93.90,6,,https://www.govinfo.gov/content/pkg/FR-2018-09-21/pdf/FR-2018-09-21.pdf,official_scope_expanded_on_valid_2018_hts_universe
us_301_list3_2018,Section 301 List 3,441194,2018-09-24,us_301_list3_2018:4411.94.00=4411.94.00,8,,https://www.govinfo.gov/content/pkg/FR-2018-09-21/pdf/FR-2018-09-21.pdf,official_scope_expanded_on_valid_2018_hts_universe
us_301_list3_2018,Section 301 List 3,441210,2018-09-24,us_301_list3_2018:4412.10.05=4412.10.05|us_301_list3_2018:4412.10.90=4412.10.90,2,,https://www.govinfo.gov/content/pkg/FR-2018-09-21/pdf/FR-2018-09-21.pdf,official_scope_expanded_on_valid_2018_hts_universe
us_301_list3_2018,Section 301 List 3,441231,2018-09-24,us_301_list3_2018:4412.31.06=4412.31.06|us_301_list3_2018:4412.31.26=4412.31.26|us_301_list3_2018:4412.31.41=4412.31.41|us_301_list3_2018:4412.31.52=4412.31.52|us_301_list3_2018:4412.31.61=4412.31.61|us_301_list3_2018:4412.31.92=4412.31.92,19,,https://www.govinfo.gov/content/pkg/FR-2018-09-21/pdf/FR-2018-09-21.pdf,official_scope_expanded_on_valid_2018_hts_universe
us_301_list3_2018,Section 301 List 3,441232,2018-09-24,us_301_list3_2018:4412.32.06=4412.32.06|us_301_list3_2018:4412.32.26=4412.32.26|us_301_list3_2018:4412.32.32=4412.32.32|us_301_list3_2018:4412.32.57=4412.32.57,14,,https://www.govinfo.gov/content/pkg/FR-2018-09-21/pdf/FR-2018-09-21.pdf,official_scope_expanded_on_valid_2018_hts_universe
us_301_list3_2018,Section 301 List 3,441239,2018-09-24,us_301_list3_2018:4412.39.10=4412.39.10|us_301_list3_2018:4412.39.30=4412.39.30|us_301_list3_2018:4412.39.40=4412.39.40|us_301_list3_2018:4412.39.50=4412.39.50,17,,https://www.govinfo.gov/content/pkg/FR-2018-09-21/pdf/FR-2018-09-21.pdf,official_scope_expanded_on_valid_2018_hts_universe
us_301_list3_2018,Section 301 List 3,441294,2018-09-24,us_301_list3_2018:4412.94.10=4412.94.10|us_301_list3_2018:4412.94.31=4412.94.31|us_301_list3_2018:4412.94.41=4412.94.41|us_301_list3_2018:4412.94.51=4412.94.51|us_301_list3_2018:4412.94.60=4412.94.60|us_301_list3_2018:4412.94.70=4412.94.70|us_301_list3_2018:4412.94.80=4412.94.80|us_301_list3_2018:4412.94.90=4412.94.90|us_301_list3_2018:4412.94.95=4412.94.95,15,,https://www.govinfo.gov/content/pkg/FR-2018-09-21/pdf/FR-2018-09-21.pdf,official_scope_expanded_on_valid_2018_hts_universe
us_301_list3_2018,Section 301 List 3,441299,2018-09-24,us_301_list3_2018:4412.99.06=4412.99.06|us_301_list3_2018:4412.99.10=4412.99.10|us_301_list3_2018:4412.99.31=4412.99.31|us_301_list3_2018:4412.99.41=4412.99.41|us_301_list3_2018:4412.99.51=4412.99.51|us_301_list3_2018:4412.99.57=4412.99.57|us_301_list3_2018:4412.99.60=4412.99.60|us_301_list3_2018:4412.99.70=4412.99.70|us_301_list3_2018:4412.99.80=4412.99.80|us_301_list3_2018:4412.99.90=4412.99.90|us_301_list3_2018:4412.99.95=4412.99.95,20,,https://www.govinfo.gov/content/pkg/FR-2018-09-21/pdf/FR-2018-09-21.pdf,official_scope_expanded_on_valid_2018_hts_universe
us_301_list3_2018,Section 301 List 3,441300,2018-09-24,us_301_list3_2018:4413.00.00=4413.00.00,1,,https://www.govinfo.gov/content/pkg/FR-2018-09-21/pdf/FR-2018-09-21.pdf,official_scope_expanded_on_valid_2018_hts_universe
us_301_list3_2018,Section 301 List 3,441510,2018-09-24,us_301_list3_2018:4415.10.30=4415.10.30|us_301_list3_2018:4415.10.60=4415.10.60|us_301_list3_2018:4415.10.90=4415.10.90,3,,https://www.govinfo.gov/content/pkg/FR-2018-09-21/pdf/FR-2018-09-21.pdf,official_scope_expanded_on_valid_2018_hts_universe
us_301_list3_2018,Section 301 List 3,441520,2018-09-24,us_301_list3_2018:4415.20.40=4415.20.40|us_301_list3_2018:4415.20.80=4415.20.80,2,,https://www.govinfo.gov/content/pkg/FR-2018-09-21/pdf/FR-2018-09-21.pdf,official_scope_expanded_on_valid_2018_hts_universe
us_301_list3_2018,Section 301 List 3,441600,2018-09-24,us_301_list3_2018:4416.00.30=4416.00.30|us_301_list3_2018:4416.00.60=4416.00.60|us_301_list3_2018:4416.00.90=4416.00.90,10,,https://www.govinfo.gov/content/pkg/FR-2018-09-21/pdf/FR-2018-09-21.pdf,official_scope_expanded_on_valid_2018_hts_universe
us_301_list3_2018,Section 301 List 3,441700,2018-09-24,us_301_list3_2018:4417.00.60=4417.00.60|us_301_list3_2018:4417.00.80=4417.00.80,3,,https://www.govinfo.gov/content/pkg/FR-2018-09-21/pdf/FR-2018-09-21.pdf,official_scope_expanded_on_valid_2018_hts_universe
us_301_list3_2018,Section 301 List 3,441810,2018-09-24,us_301_list3_2018:4418.10.00=4418.10.00,1,,https://www.govinfo.gov/content/pkg/FR-2018-09-21/pdf/FR-2018-09-21.pdf,official_scope_expanded_on_valid_2018_hts_universe
us_301_list3_2018,Section 301 List 3,441820,2018-09-24,us_301_list3_2018:4418.20.40=4418.20.40|us_301_list3_2018:4418.20.80=4418.20.80,3,,https://www.govinfo.gov/content/pkg/FR-2018-09-21/pdf/FR-2018-09-21.pdf,official_scope_expanded_on_valid_2018_hts_universe
us_301_list3_2018,Section 301 List 3,441840,2018-09-24,us_301_list3_2018:4418.40.00=4418.40.00,1,,https://www.govinfo.gov/content/pkg/FR-2018-09-21/pdf/FR-2018-09-21.pdf,official_scope_expanded_on_valid_2018_hts_universe
us_301_list3_2018,Section 301 List 3,441850,2018-09-24,us_301_list3_2018:4418.50.00=4418.50.00,3,,https://www.govinfo.gov/content/pkg/FR-2018-09-21/pdf/FR-2018-09-21.pdf,official_scope_expanded_on_valid_2018_hts_universe
us_301_list3_2018,Section 301 List 3,441860,2018-09-24,us_301_list3_2018:4418.60.00=4418.60.00,1,,https://www.govinfo.gov/content/pkg/FR-2018-09-21/pdf/FR-2018-09-21.pdf,official_scope_expanded_on_valid_2018_hts_universe
us_301_list3_2018,Section 301 List 3,441873,2018-09-24,us_301_list3_2018:4418.73.10=4418.73.10|us_301_list3_2018:4418.73.20=4418.73.20|us_301_list3_2018:4418.73.30=4418.73.30|us_301_list3_2018:4418.73.40=4418.73.40|us_301_list3_2018:4418.73.60=4418.73.60|us_301_list3_2018:4418.73.70=4418.73.70|us_301_list3_2018:4418.73.90=4418.73.90,7,,https://www.govinfo.gov/content/pkg/FR-2018-09-21/pdf/FR-2018-09-21.pdf,official_scope_expanded_on_valid_2018_hts_universe
us_301_list3_2018,Section 301 List 3,441874,2018-09-24,us_301_list3_2018:4418.74.10=4418.74.10|us_301_list3_2018:4418.74.20=4418.74.20|us_301_list3_2018:4418.74.90=4418.74.90,3,,https://www.govinfo.gov/content/pkg/FR-2018-09-21/pdf/FR-2018-09-21.pdf,official_scope_expanded_on_valid_2018_hts_universe
us_301_list3_2018,Section 301 List 3,441875,2018-09-24,us_301_list3_2018:4418.75.40=4418.75.40|us_301_list3_2018:4418.75.70=4418.75.70,2,,https://www.govinfo.gov/content/pkg/FR-2018-09-21/pdf/FR-2018-09-21.pdf,official_scope_expanded_on_valid_2018_hts_universe
us_301_list3_2018,Section 301 List 3,441879,2018-09-24,us_301_list3_2018:4418.79.01=4418.79.01,1,,https://www.govinfo.gov/content/pkg/FR-2018-09-21/pdf/FR-2018-09-21.pdf,official_scope_expanded_on_valid_2018_hts_universe
us_301_list3_2018,Section 301 List 3,441891,2018-09-24,us_301_list3_2018:4418.91.10=4418.91.10|us_301_list3_2018:4418.91.90=4418.91.90,7,,https://www.govinfo.gov/content/pkg/FR-2018-09-21/pdf/FR-2018-09-21.pdf,official_scope_expanded_on_valid_2018_hts_universe
us_301_list3_2018,Section 301 List 3,441899,2018-09-24,us_301_list3_2018:4418.99.10=4418.99.10|us_301_list3_2018:4418.99.90=4418.99.90,7,,https://www.govinfo.gov/content/pkg/FR-2018-09-21/pdf/FR-2018-09-21.pdf,official_scope_expanded_on_valid_2018_hts_universe
us_301_list3_2018,Section 301 List 3,442090,2018-09-24,us_301_list3_2018:4420.90.45=4420.90.45|us_301_list3_2018:4420.90.65=4420.90.65|us_301_list3_2018:4420.90.80=4420.90.80,3,,https://www.govinfo.gov/content/pkg/FR-2018-09-21/pdf/FR-2018-09-21.pdf,official_scope_expanded_on_valid_2018_hts_universe
us_301_list3_2018,Section 301 List 3,442191,2018-09-24,us_301_list3_2018:4421.91.10=4421.91.10|us_301_list3_2018:4421.91.20=4421.91.20|us_301_list3_2018:4421.91.70=4421.91.70|us_301_list3_2018:4421.91.93=4421.91.93|us_301_list3_2018:4421.91.94=4421.91.94|us_301_list3_2018:4421.91.97=4421.91.97,10,,https://www.govinfo.gov/content/pkg/FR-2018-09-21/pdf/FR-2018-09-21.pdf,official_scope_expanded_on_valid_2018_hts_universe
us_301_list3_2018,Section 301 List 3,442199,2018-09-24,us_301_list3_2018:4421.99.10=4421.99.10|us_301_list3_2018:4421.99.15=4421.99.15|us_301_list3_2018:4421.99.20=4421.99.20|us_301_list3_2018:4421.99.70=4421.99.70|us_301_list3_2018:4421.99.93=4421.99.93|us_301_list3_2018:4421.99.94=4421.99.94|us_301_list3_2018:4421.99.97=4421.99.97,11,,https://www.govinfo.gov/content/pkg/FR-2018-09-21/pdf/FR-2018-09-21.pdf,official_scope_expanded_on_valid_2018_hts_universe
us_301_list3_2018,Section 301 List 3,450110,2018-09-24,us_301_list3_2018:4501.10.00=4501.10.00,1,,https://www.govinfo.gov/content/pkg/FR-2018-09-21/pdf/FR-2018-09-21.pdf,official_scope_expanded_on_valid_2018_hts_universe
us_301_list3_2018,Section 301 List 3,450190,2018-09-24,us_301_list3_2018:4501.90.20=4501.90.20|us_301_list3_2018:4501.90.40=4501.90.40,2,,https://www.govinfo.gov/content/pkg/FR-2018-09-21/pdf/FR-2018-09-21.pdf,official_scope_expanded_on_valid_2018_hts_universe
us_301_list3_2018,Section 301 List 3,450200,2018-09-24,us_301_list3_2018:4502.00.00=4502.00.00,1,,https://www.govinfo.gov/content/pkg/FR-2018-09-21/pdf/FR-2018-09-21.pdf,official_scope_expanded_on_valid_2018_hts_universe
us_301_list3_2018,Section 301 List 3,450310,2018-09-24,us_301_list3_2018:4503.10.20=4503.10.20|us_301_list3_2018:4503.10.30=4503.10.30|us_301_list3_2018:4503.10.40=4503.10.40|us_301_list3_2018:4503.10.60=4503.10.60,4,,https://www.govinfo.gov/content/pkg/FR-2018-09-21/pdf/FR-2018-09-21.pdf,official_scope_expanded_on_valid_2018_hts_universe
us_301_list3_2018,Section 301 List 3,450390,2018-09-24,us_301_list3_2018:4503.90.20=4503.90.20|us_301_list3_2018:4503.90.40=4503.90.40|us_301_list3_2018:4503.90.60=4503.90.60,3,,https://www.govinfo.gov/content/pkg/FR-2018-09-21/pdf/FR-2018-09-21.pdf,official_scope_expanded_on_valid_2018_hts_universe
us_301_list3_2018,Section 301 List 3,450410,2018-09-24,us_301_list3_2018:4504.10.10=4504.10.10|us_301_list3_2018:4504.10.20=4504.10.20|us_301_list3_2018:4504.10.30=4504.10.30|us_301_list3_2018:4504.10.40=4504.10.40|us_301_list3_2018:4504.10.45=4504.10.45|us_301_list3_2018:4504.10.47=4504.10.47|us_301_list3_2018:4504.10.50=4504.10.50,7,,https://www.govinfo.gov/content/pkg/FR-2018-09-21/pdf/FR-2018-09-21.pdf,official_scope_expanded_on_valid_2018_hts_universe
us_301_list3_2018,Section 301 List 3,450490,2018-09-24,us_301_list3_2018:4504.90.00=4504.90.00,1,,https://www.govinfo.gov/content/pkg/FR-2018-09-21/pdf/FR-2018-09-21.pdf,official_scope_expanded_on_valid_2018_hts_universe
us_301_list3_2018,Section 301 List 3,460121,2018-09-24,us_301_list3_2018:4601.21.40=4601.21.40|us_301_list3_2018:4601.21.80=4601.21.80|us_301_list3_2018:4601.21.90=4601.21.90,3,,https://www.govinfo.gov/content/pkg/FR-2018-09-21/pdf/FR-2018-09-21.pdf,official_scope_expanded_on_valid_2018_hts_universe
us_301_list3_2018,Section 301 List 3,460122,2018-09-24,us_301_list3_2018:4601.22.40=4601.22.40|us_301_list3_2018:4601.22.80=4601.22.80|us_301_list3_2018:4601.22.90=4601.22.90,3,,https://www.govinfo.gov/content/pkg/FR-2018-09-21/pdf/FR-2018-09-21.pdf,official_scope_expanded_on_valid_2018_hts_universe
us_301_list3_2018,Section 301 List 3,460129,2018-09-24,us_301_list3_2018:4601.29.40=4601.29.40|us_301_list3_2018:4601.29.60=4601.29.60|us_301_list3_2018:4601.29.80=4601.29.80|us_301_list3_2018:4601.29.90=4601.29.90,4,,https://www.govinfo.gov/content/pkg/FR-2018-09-21/pdf/FR-2018-09-21.pdf,official_scope_expanded_on_valid_2018_hts_universe
us_301_list3_2018,Section 301 List 3,460192,2018-09-24,us_301_list3_2018:4601.92.05=4601.92.05|us_301_list3_2018:4601.92.20=4601.92.20,2,,https://www.govinfo.gov/content/pkg/FR-2018-09-21/pdf/FR-2018-09-21.pdf,official_scope_expanded_on_valid_2018_hts_universe
us_301_list3_2018,Section 301 List 3,460193,2018-09-24,us_301_list3_2018:4601.93.01=4601.93.01|us_301_list3_2018:4601.93.05=4601.93.05|us_301_list3_2018:4601.93.20=4601.93.20,3,,https://www.govinfo.gov/content/pkg/FR-2018-09-21/pdf/FR-2018-09-21.pdf,official_scope_expanded_on_valid_2018_hts_universe
us_301_list3_2018,Section 301 List 3,460194,2018-09-24,us_301_list3_2018:4601.94.05=4601.94.05|us_301_list3_2018:4601.94.20=4601.94.20|us_301_list3_2018:4601.94.40=4601.94.40,3,,https://www.govinfo.gov/content/pkg/FR-2018-09-21/pdf/FR-2018-09-21.pdf,official_scope_expanded_on_valid_2018_hts_universe
us_301_list3_2018,Section 301 List 3,460199,2018-09-24,us_301_list3_2018:4601.99.05=4601.99.05|us_301_list3_2018:4601.99.90=4601.99.90,2,,https://www.govinfo.gov/content/pkg/FR-2018-09-21/pdf/FR-2018-09-21.pdf,official_scope_expanded_on_valid_2018_hts_universe
us_301_list3_2018,Section 301 List 3,460211,2018-09-24,us_301_list3_2018:4602.11.05=4602.11.05|us_301_list3_2018:4602.11.07=4602.11.07|us_301_list3_2018:4602.11.09=4602.11.09|us_301_list3_2018:4602.11.21=4602.11.21|us_301_list3_2018:4602.11.35=4602.11.35|us_301_list3_2018:4602.11.45=4602.11.45,6,,https://www.govinfo.gov/content/pkg/FR-2018-09-21/pdf/FR-2018-09-21.pdf,official_scope_expanded_on_valid_2018_hts_universe
us_301_list3_2018,Section 301 List 3,460212,2018-09-24,us_301_list3_2018:4602.12.05=4602.12.05|us_301_list3_2018:4602.12.14=4602.12.14|us_301_list3_2018:4602.12.16=4602.12.16|us_301_list3_2018:4602.12.23=4602.12.23|us_301_list3_2018:4602.12.25=4602.12.25|us_301_list3_2018:4602.12.35=4602.12.35|us_301_list3_2018:4602.12.45=4602.12.45,7,,https://www.govinfo.gov/content/pkg/FR-2018-09-21/pdf/FR-2018-09-21.pdf,official_scope_expanded_on_valid_2018_hts_universe
us_301_list3_2018,Section 301 List 3,460219,2018-09-24,us_301_list3_2018:4602.19.05=4602.19.05|us_301_list3_2018:4602.19.12=4602.19.12|us_301_list3_2018:4602.19.14=4602.19.14|us_301_list3_2018:4602.19.16=4602.19.16|us_301_list3_2018:4602.19.17=4602.19.17|us_301_list3_2018:4602.19.18=4602.19.18|us_301_list3_2018:4602.19.22=4602.19.22|us_301_list3_2018:4602.19.23=4602.19.23|us_301_list3_2018:4602.19.25=4602.19.25|us_301_list3_2018:4602.19.29=4602.19.29|us_301_list3_2018:4602.19.35=4602.19.35|us_301_list3_2018:4602.19.45=4602.19.45|us_301_list3_2018:4602.19.60=4602.19.60|us_301_list3_2018:4602.19.80=4602.19.80,15,,https://www.govinfo.gov/content/pkg/FR-2018-09-21/pdf/FR-2018-09-21.pdf,official_scope_expanded_on_valid_2018_hts_universe
us_301_list3_2018,Section 301 List 3,460290,2018-09-24,us_301_list3_2018:4602.90.00=4602.90.00,1,,https://www.govinfo.gov/content/pkg/FR-2018-09-21/pdf/FR-2018-09-21.pdf,official_scope_expanded_on_valid_2018_hts_universe
us_301_list3_2018,Section 301 List 3,470100,2018-09-24,us_301_list3_2018:4701.00.00=4701.00.00,1,,https://www.govinfo.gov/content/pkg/FR-2018-09-21/pdf/FR-2018-09-21.pdf,official_scope_expanded_on_valid_2018_hts_universe
us_301_list3_2018,Section 301 List 3,470200,2018-09-24,us_301_list3_2018:4702.00.00=4702.00.00,2,,https://www.govinfo.gov/content/pkg/FR-2018-09-21/pdf/FR-2018-09-21.pdf,official_scope_expanded_on_valid_2018_hts_universe
us_301_list3_2018,Section 301 List 3,470311,2018-09-24,us_301_list3_2018:4703.11.00=4703.11.00,1,,https://www.govinfo.gov/content/pkg/FR-2018-09-21/pdf/FR-2018-09-21.pdf,official_scope_expanded_on_valid_2018_hts_universe
us_301_list3_2018,Section 301 List 3,470319,2018-09-24,us_301_list3_2018:4703.19.00=4703.19.00,1,,https://www.govinfo.gov/content/pkg/FR-2018-09-21/pdf/FR-2018-09-21.pdf,official_scope_expanded_on_valid_2018_hts_universe
us_301_list3_2018,Section 301 List 3,470321,2018-09-24,us_301_list3_2018:4703.21.00=4703.21.00,2,,https://www.govinfo.gov/content/pkg/FR-2018-09-21/pdf/FR-2018-09-21.pdf,official_scope_expanded_on_valid_2018_hts_universe
us_301_list3_2018,Section 301 List 3,470329,2018-09-24,us_301_list3_2018:4703.29.00=4703.29.00,2,,https://www.govinfo.gov/content/pkg/FR-2018-09-21/pdf/FR-2018-09-21.pdf,official_scope_expanded_on_valid_2018_hts_universe
us_301_list3_2018,Section 301 List 3,470411,2018-09-24,us_301_list3_2018:4704.11.00=4704.11.00,1,,https://www.govinfo.gov/content/pkg/FR-2018-09-21/pdf/FR-2018-09-21.pdf,official_scope_expanded_on_valid_2018_hts_universe
us_301_list3_2018,Section 301 List 3,470419,2018-09-24,us_301_list3_2018:4704.19.00=4704.19.00,1,,https://www.govinfo.gov/content/pkg/FR-2018-09-21/pdf/FR-2018-09-21.pdf,official_scope_expanded_on_valid_2018_hts_universe
us_301_list3_2018,Section 301 List 3,470421,2018-09-24,us_301_list3_2018:4704.21.00=4704.21.00,1,,https://www.govinfo.gov/content/pkg/FR-2018-09-21/pdf/FR-2018-09-21.pdf,official_scope_expanded_on_valid_2018_hts_universe
us_301_list3_2018,Section 301 List 3,470429,2018-09-24,us_301_list3_2018:4704.29.00=4704.29.00,1,,https://www.govinfo.gov/content/pkg/FR-2018-09-21/pdf/FR-2018-09-21.pdf,official_scope_expanded_on_valid_2018_hts_universe
us_301_list3_2018,Section 301 List 3,470500,2018-09-24,us_301_list3_2018:4705.00.00=4705.00.00,1,,https://www.govinfo.gov/content/pkg/FR-2018-09-21/pdf/FR-2018-09-21.pdf,official_scope_expanded_on_valid_2018_hts_universe
us_301_list3_2018,Section 301 List 3,470610,2018-09-24,us_301_list3_2018:4706.10.00=4706.10.00,1,,https://www.govinfo.gov/content/pkg/FR-2018-09-21/pdf/FR-2018-09-21.pdf,official_scope_expanded_on_valid_2018_hts_universe
us_301_list3_2018,Section 301 List 3,470620,2018-09-24,us_301_list3_2018:4706.20.00=4706.20.00,1,,https://www.govinfo.gov/content/pkg/FR-2018-09-21/pdf/FR-2018-09-21.pdf,official_scope_expanded_on_valid_2018_hts_universe
us_301_list3_2018,Section 301 List 3,470630,2018-09-24,us_301_list3_2018:4706.30.00=4706.30.00,1,,https://www.govinfo.gov/content/pkg/FR-2018-09-21/pdf/FR-2018-09-21.pdf,official_scope_expanded_on_valid_2018_hts_universe
us_301_list3_2018,Section 301 List 3,470691,2018-09-24,us_301_list3_2018:4706.91.00=4706.91.00,1,,https://www.govinfo.gov/content/pkg/FR-2018-09-21/pdf/FR-2018-09-21.pdf,official_scope_expanded_on_valid_2018_hts_universe
us_301_list3_2018,Section 301 List 3,470692,2018-09-24,us_301_list3_2018:4706.92.01=4706.92.01,1,,https://www.govinfo.gov/content/pkg/FR-2018-09-21/pdf/FR-2018-09-21.pdf,official_scope_expanded_on_valid_2018_hts_universe
us_301_list3_2018,Section 301 List 3,470693,2018-09-24,us_301_list3_2018:4706.93.01=4706.93.01,1,,https://www.govinfo.gov/content/pkg/FR-2018-09-21/pdf/FR-2018-09-21.pdf,official_scope_expanded_on_valid_2018_hts_universe
us_301_list3_2018,Section 301 List 3,470710,2018-09-24,us_301_list3_2018:4707.10.00=4707.10.00,1,,https://www.govinfo.gov/content/pkg/FR-2018-09-21/pdf/FR-2018-09-21.pdf,official_scope_expanded_on_valid_2018_hts_universe
us_301_list3_2018,Section 301 List 3,470720,2018-09-24,us_301_list3_2018:4707.20.00=4707.20.00,2,,https://www.govinfo.gov/content/pkg/FR-2018-09-21/pdf/FR-2018-09-21.pdf,official_scope_expanded_on_valid_2018_hts_universe
us_301_list3_2018,Section 301 List 3,470730,2018-09-24,us_301_list3_2018:4707.30.00=4707.30.00,2,,https://www.govinfo.gov/content/pkg/FR-2018-09-21/pdf/FR-2018-09-21.pdf,official_scope_expanded_on_valid_2018_hts_universe
us_301_list3_2018,Section 301 List 3,470790,2018-09-24,us_301_list3_2018:4707.90.00=4707.90.00,1,,https://www.govinfo.gov/content/pkg/FR-2018-09-21/pdf/FR-2018-09-21.pdf,official_scope_expanded_on_valid_2018_hts_universe
us_301_list3_2018,Section 301 List 3,480100,2018-09-24,us_301_list3_2018:4801.00.01=4801.00.01,2,,https://www.govinfo.gov/content/pkg/FR-2018-09-21/pdf/FR-2018-09-21.pdf,official_scope_expanded_on_valid_2018_hts_universe
us_301_list3_2018,Section 301 List 3,480210,2018-09-24,us_301_list3_2018:4802.10.00=4802.10.00,1,,https://www.govinfo.gov/content/pkg/FR-2018-09-21/pdf/FR-2018-09-21.pdf,official_scope_expanded_on_valid_2018_hts_universe
us_301_list3_2018,Section 301 List 3,480220,2018-09-24,us_301_list3_2018:4802.20.10=4802.20.10|us_301_list3_2018:4802.20.20=4802.20.20|us_301_list3_2018:4802.20.40=4802.20.40,4,,https://www.govinfo.gov/content/pkg/FR-2018-09-21/pdf/FR-2018-09-21.pdf,official_scope_expanded_on_valid_2018_hts_universe
us_301_list3_2018,Section 301 List 3,480240,2018-09-24,us_301_list3_2018:4802.40.00=4802.40.00,1,,https://www.govinfo.gov/content/pkg/FR-2018-09-21/pdf/FR-2018-09-21.pdf,official_scope_expanded_on_valid_2018_hts_universe
us_301_list3_2018,Section 301 List 3,480254,2018-09-24,us_301_list3_2018:4802.54.10=4802.54.10|us_301_list3_2018:4802.54.20=4802.54.20|us_301_list3_2018:4802.54.31=4802.54.31|us_301_list3_2018:4802.54.50=4802.54.50|us_301_list3_2018:4802.54.61=4802.54.61,5,,https://www.govinfo.gov/content/pkg/FR-2018-09-21/pdf/FR-2018-09-21.pdf,official_scope_expanded_on_valid_2018_hts_universe
us_301_list3_2018,Section 301 List 3,480255,2018-09-24,us_301_list3_2018:4802.55.10=4802.55.10|us_301_list3_2018:4802.55.20=4802.55.20|us_301_list3_2018:4802.55.30=4802.55.30|us_301_list3_2018:4802.55.40=4802.55.40|us_301_list3_2018:4802.55.60=4802.55.60|us_301_list3_2018:4802.55.70=4802.55.70,7,,https://www.govinfo.gov/content/pkg/FR-2018-09-21/pdf/FR-2018-09-21.pdf,official_scope_expanded_on_valid_2018_hts_universe
us_301_list3_2018,Section 301 List 3,480256,2018-09-24,us_301_list3_2018:4802.56.10=4802.56.10|us_301_list3_2018:4802.56.20=4802.56.20|us_301_list3_2018:4802.56.30=4802.56.30|us_301_list3_2018:4802.56.40=4802.56.40|us_301_list3_2018:4802.56.60=4802.56.60|us_301_list3_2018:4802.56.70=4802.56.70,9,,https://www.govinfo.gov/content/pkg/FR-2018-09-21/pdf/FR-2018-09-21.pdf,official_scope_expanded_on_valid_2018_hts_universe
us_301_list3_2018,Section 301 List 3,480257,2018-09-24,us_301_list3_2018:4802.57.10=4802.57.10|us_301_list3_2018:4802.57.20=4802.57.20|us_301_list3_2018:4802.57.30=4802.57.30|us_301_list3_2018:4802.57.40=4802.57.40,10,,https://www.govinfo.gov/content/pkg/FR-2018-09-21/pdf/FR-2018-09-21.pdf,official_scope_expanded_on_valid_2018_hts_universe
us_301_list3_2018,Section 301 List 3,480258,2018-09-24,us_301_list3_2018:4802.58.10=4802.58.10|us_301_list3_2018:4802.58.20=4802.58.20|us_301_list3_2018:4802.58.50=4802.58.50|us_301_list3_2018:4802.58.60=4802.58.60,7,,https://www.govinfo.gov/content/pkg/FR-2018-09-21/pdf/FR-2018-09-21.pdf,official_scope_expanded_on_valid_2018_hts_universe
us_301_list3_2018,Section 301 List 3,480261,2018-09-24,us_301_list3_2018:4802.61.10=4802.61.10|us_301_list3_2018:4802.61.20=4802.61.20|us_301_list3_2018:4802.61.31=4802.61.31|us_301_list3_2018:4802.61.50=4802.61.50|us_301_list3_2018:4802.61.60=4802.61.60,8,,https://www.govinfo.gov/content/pkg/FR-2018-09-21/pdf/FR-2018-09-21.pdf,official_scope_expanded_on_valid_2018_hts_universe
us_301_list3_2018,Section 301 List 3,480262,2018-09-24,us_301_list3_2018:4802.62.10=4802.62.10|us_301_list3_2018:4802.62.20=4802.62.20|us_301_list3_2018:4802.62.30=4802.62.30|us_301_list3_2018:4802.62.50=4802.62.50|us_301_list3_2018:4802.62.61=4802.62.61,6,,https://www.govinfo.gov/content/pkg/FR-2018-09-21/pdf/FR-2018-09-21.pdf,official_scope_expanded_on_valid_2018_hts_universe
us_301_list3_2018,Section 301 List 3,480269,2018-09-24,us_301_list3_2018:4802.69.10=4802.69.10|us_301_list3_2018:4802.69.20=4802.69.20|us_301_list3_2018:4802.69.30=4802.69.30,3,,https://www.govinfo.gov/content/pkg/FR-2018-09-21/pdf/FR-2018-09-21.pdf,official_scope_expanded_on_valid_2018_hts_universe
us_301_list3_2018,Section 301 List 3,480300,2018-09-24,us_301_list3_2018:4803.00.20=4803.00.20|us_301_list3_2018:4803.00.40=4803.00.40,2,,https://www.govinfo.gov/content/pkg/FR-2018-09-21/pdf/FR-2018-09-21.pdf,official_scope_expanded_on_valid_2018_hts_universe
us_301_list3_2018,Section 301 List 3,480411,2018-09-24,us_301_list3_2018:4804.11.00=4804.11.00,1,,https://www.govinfo.gov/content/pkg/FR-2018-09-21/pdf/FR-2018-09-21.pdf,official_scope_expanded_on_valid_2018_hts_universe
us_301_list3_2018,Section 301 List 3,480419,2018-09-24,us_301_list3_2018:4804.19.00=4804.19.00,1,,https://www.govinfo.gov/content/pkg/FR-2018-09-21/pdf/FR-2018-09-21.pdf,official_scope_expanded_on_valid_2018_hts_universe
us_301_list3_2018,Section 301 List 3,480421,2018-09-24,us_301_list3_2018:4804.21.00=4804.21.00,1,,https://www.govinfo.gov/content/pkg/FR-2018-09-21/pdf/FR-2018-09-21.pdf,official_scope_expanded_on_valid_2018_hts_universe
us_301_list3_2018,Section 301 List 3,480429,2018-09-24,us_301_list3_2018:4804.29.00=4804.29.00,1,,https://www.govinfo.gov/content/pkg/FR-2018-09-21/pdf/FR-2018-09-21.pdf,official_scope_expanded_on_valid_2018_hts_universe
us_301_list3_2018,Section 301 List 3,480431,2018-09-24,us_301_list3_2018:4804.31.10=4804.31.10|us_301_list3_2018:4804.31.20=4804.31.20|us_301_list3_2018:4804.31.40=4804.31.40|us_301_list3_2018:4804.31.60=4804.31.60,5,,https://www.govinfo.gov/content/pkg/FR-2018-09-21/pdf/FR-2018-09-21.pdf,official_scope_expanded_on_valid_2018_hts_universe
us_301_list3_2018,Section 301 List 3,480439,2018-09-24,us_301_list3_2018:4804.39.20=4804.39.20|us_301_list3_2018:4804.39.40=4804.39.40|us_301_list3_2018:4804.39.60=4804.39.60,6,,https://www.govinfo.gov/content/pkg/FR-2018-09-21/pdf/FR-2018-09-21.pdf,official_scope_expanded_on_valid_2018_hts_universe
us_301_list3_2018,Section 301 List 3,480441,2018-09-24,us_301_list3_2018:4804.41.20=4804.41.20|us_301_list3_2018:4804.41.40=4804.41.40,2,,https://www.govinfo.gov/content/pkg/FR-2018-09-21/pdf/FR-2018-09-21.pdf,official_scope_expanded_on_valid_2018_hts_universe
us_301_list3_2018,Section 301 List 3,480442,2018-09-24,us_301_list3_2018:4804.42.00=4804.42.00,5,,https://www.govinfo.gov/content/pkg/FR-2018-09-21/pdf/FR-2018-09-21.pdf,official_scope_expanded_on_valid_2018_hts_universe
us_301_list3_2018,Section 301 List 3,480449,2018-09-24,us_301_list3_2018:4804.49.00=4804.49.00,1,,https://www.govinfo.gov/content/pkg/FR-2018-09-21/pdf/FR-2018-09-21.pdf,official_scope_expanded_on_valid_2018_hts_universe
us_301_list3_2018,Section 301 List 3,480451,2018-09-24,us_301_list3_2018:4804.51.00=4804.51.00,1,,https://www.govinfo.gov/content/pkg/FR-2018-09-21/pdf/FR-2018-09-21.pdf,official_scope_expanded_on_valid_2018_hts_universe
us_301_list3_2018,Section 301 List 3,480452,2018-09-24,us_301_list3_2018:4804.52.00=4804.52.00,5,,https://www.govinfo.gov/content/pkg/FR-2018-09-21/pdf/FR-2018-09-21.pdf,official_scope_expanded_on_valid_2018_hts_universe
us_301_list3_2018,Section 301 List 3,480459,2018-09-24,us_301_list3_2018:4804.59.00=4804.59.00,1,,https://www.govinfo.gov/content/pkg/FR-2018-09-21/pdf/FR-2018-09-21.pdf,official_scope_expanded_on_valid_2018_hts_universe
us_301_list3_2018,Section 301 List 3,480511,2018-09-24,us_301_list3_2018:4805.11.00=4805.11.00,1,,https://www.govinfo.gov/content/pkg/FR-2018-09-21/pdf/FR-2018-09-21.pdf,official_scope_expanded_on_valid_2018_hts_universe
us_301_list3_2018,Section 301 List 3,480512,2018-09-24,us_301_list3_2018:4805.12.10=4805.12.10|us_301_list3_2018:4805.12.20=4805.12.20,2,,https://www.govinfo.gov/content/pkg/FR-2018-09-21/pdf/FR-2018-09-21.pdf,official_scope_expanded_on_valid_2018_hts_universe
us_301_list3_2018,Section 301 List 3,480519,2018-09-24,us_301_list3_2018:4805.19.10=4805.19.10|us_301_list3_2018:4805.19.20=4805.19.20,2,,https://www.govinfo.gov/content/pkg/FR-2018-09-21/pdf/FR-2018-09-21.pdf,official_scope_expanded_on_valid_2018_hts_universe
us_301_list3_2018,Section 301 List 3,480524,2018-09-24,us_301_list3_2018:4805.24.50=4805.24.50|us_301_list3_2018:4805.24.70=4805.24.70|us_301_list3_2018:4805.24.90=4805.24.90,3,,https://www.govinfo.gov/content/pkg/FR-2018-09-21/pdf/FR-2018-09-21.pdf,official_scope_expanded_on_valid_2018_hts_universe
us_301_list3_2018,Section 301 List 3,480525,2018-09-24,us_301_list3_2018:4805.25.00=4805.25.00,1,,https://www.govinfo.gov/content/pkg/FR-2018-09-21/pdf/FR-2018-09-21.pdf,official_scope_expanded_on_valid_2018_hts_universe
us_301_list3_2018,Section 301 List 3,480530,2018-09-24,us_301_list3_2018:4805.30.00=4805.30.00,1,,https://www.govinfo.gov/content/pkg/FR-2018-09-21/pdf/FR-2018-09-21.pdf,official_scope_expanded_on_valid_2018_hts_universe
us_301_list3_2018,Section 301 List 3,480540,2018-09-24,us_301_list3_2018:4805.40.00=4805.40.00,1,,https://www.govinfo.gov/content/pkg/FR-2018-09-21/pdf/FR-2018-09-21.pdf,official_scope_expanded_on_valid_2018_hts_universe
us_301_list3_2018,Section 301 List 3,480550,2018-09-24,us_301_list3_2018:4805.50.00=4805.50.00,1,,https://www.govinfo.gov/content/pkg/FR-2018-09-21/pdf/FR-2018-09-21.pdf,official_scope_expanded_on_valid_2018_hts_universe
us_301_list3_2018,Section 301 List 3,480591,2018-09-24,us_301_list3_2018:4805.91.10=4805.91.10|us_301_list3_2018:4805.91.20=4805.91.20|us_301_list3_2018:4805.91.50=4805.91.50|us_301_list3_2018:4805.91.70=4805.91.70|us_301_list3_2018:4805.91.90=4805.91.90,6,,https://www.govinfo.gov/content/pkg/FR-2018-09-21/pdf/FR-2018-09-21.pdf,official_scope_expanded_on_valid_2018_hts_universe
us_301_list3_2018,Section 301 List 3,480592,2018-09-24,us_301_list3_2018:4805.92.20=4805.92.20|us_301_list3_2018:4805.92.40=4805.92.40,5,,https://www.govinfo.gov/content/pkg/FR-2018-09-21/pdf/FR-2018-09-21.pdf,official_scope_expanded_on_valid_2018_hts_universe
us_301_list3_2018,Section 301 List 3,480593,2018-09-24,us_301_list3_2018:4805.93.20=4805.93.20|us_301_list3_2018:4805.93.40=4805.93.40,7,,https://www.govinfo.gov/content/pkg/FR-2018-09-21/pdf/FR-2018-09-21.pdf,official_scope_expanded_on_valid_2018_hts_universe
us_301_list3_2018,Section 301 List 3,480610,2018-09-24,us_301_list3_2018:4806.10.00=4806.10.00,1,,https://www.govinfo.gov/content/pkg/FR-2018-09-21/pdf/FR-2018-09-21.pdf,official_scope_expanded_on_valid_2018_hts_universe
us_301_list3_2018,Section 301 List 3,480620,2018-09-24,us_301_list3_2018:4806.20.00=4806.20.00,1,,https://www.govinfo.gov/content/pkg/FR-2018-09-21/pdf/FR-2018-09-21.pdf,official_scope_expanded_on_valid_2018_hts_universe
us_301_list3_2018,Section 301 List 3,480630,2018-09-24,us_301_list3_2018:4806.30.00=4806.30.00,1,,https://www.govinfo.gov/content/pkg/FR-2018-09-21/pdf/FR-2018-09-21.pdf,official_scope_expanded_on_valid_2018_hts_universe
us_301_list3_2018,Section 301 List 3,480640,2018-09-24,us_301_list3_2018:4806.40.00=4806.40.00,1,,https://www.govinfo.gov/content/pkg/FR-2018-09-21/pdf/FR-2018-09-21.pdf,official_scope_expanded_on_valid_2018_hts_universe
us_301_list3_2018,Section 301 List 3,480700,2018-09-24,us_301_list3_2018:4807.00.10=4807.00.10|us_301_list3_2018:4807.00.91=4807.00.91|us_301_list3_2018:4807.00.92=4807.00.92|us_301_list3_2018:4807.00.94=4807.00.94,4,,https://www.govinfo.gov/content/pkg/FR-2018-09-21/pdf/FR-2018-09-21.pdf,official_scope_expanded_on_valid_2018_hts_universe
us_301_list3_2018,Section 301 List 3,480810,2018-09-24,us_301_list3_2018:4808.10.00=4808.10.00,1,,https://www.govinfo.gov/content/pkg/FR-2018-09-21/pdf/FR-2018-09-21.pdf,official_scope_expanded_on_valid_2018_hts_universe
us_301_list3_2018,Section 301 List 3,480840,2018-09-24,us_301_list3_2018:4808.40.00=4808.40.00,1,,https://www.govinfo.gov/content/pkg/FR-2018-09-21/pdf/FR-2018-09-21.pdf,official_scope_expanded_on_valid_2018_hts_universe
us_301_list3_2018,Section 301 List 3,480890,2018-09-24,us_301_list3_2018:4808.90.20=4808.90.20|us_301_list3_2018:4808.90.40=4808.90.40|us_301_list3_2018:4808.90.60=4808.90.60,3,,https://www.govinfo.gov/content/pkg/FR-2018-09-21/pdf/FR-2018-09-21.pdf,official_scope_expanded_on_valid_2018_hts_universe
us_301_list3_2018,Section 301 List 3,480920,2018-09-24,us_301_list3_2018:4809.20.20=4809.20.20|us_301_list3_2018:4809.20.40=4809.20.40,2,,https://www.govinfo.gov/content/pkg/FR-2018-09-21/pdf/FR-2018-09-21.pdf,official_scope_expanded_on_valid_2018_hts_universe
us_301_list3_2018,Section 301 List 3,480990,2018-09-24,us_301_list3_2018:4809.90.20=4809.90.20|us_301_list3_2018:4809.90.40=4809.90.40|us_301_list3_2018:4809.90.60=4809.90.60|us_301_list3_2018:4809.90.71=4809.90.71|us_301_list3_2018:4809.90.80=4809.90.80,5,,https://www.govinfo.gov/content/pkg/FR-2018-09-21/pdf/FR-2018-09-21.pdf,official_scope_expanded_on_valid_2018_hts_universe
us_301_list3_2018,Section 301 List 3,481013,2018-09-24,us_301_list3_2018:4810.13.11=4810.13.11|us_301_list3_2018:4810.13.13=4810.13.13|us_301_list3_2018:4810.13.19=4810.13.19|us_301_list3_2018:4810.13.20=4810.13.20|us_301_list3_2018:4810.13.50=4810.13.50|us_301_list3_2018:4810.13.60=4810.13.60|us_301_list3_2018:4810.13.70=4810.13.70,10,,https://www.govinfo.gov/content/pkg/FR-2018-09-21/pdf/FR-2018-09-21.pdf,official_scope_expanded_on_valid_2018_hts_universe
us_301_list3_2018,Section 301 List 3,481014,2018-09-24,us_301_list3_2018:4810.14.11=4810.14.11|us_301_list3_2018:4810.14.13=4810.14.13|us_301_list3_2018:4810.14.19=4810.14.19|us_301_list3_2018:4810.14.20=4810.14.20|us_301_list3_2018:4810.14.50=4810.14.50|us_301_list3_2018:4810.14.60=4810.14.60|us_301_list3_2018:4810.14.70=4810.14.70,10,,https://www.govinfo.gov/content/pkg/FR-2018-09-21/pdf/FR-2018-09-21.pdf,official_scope_expanded_on_valid_2018_hts_universe
us_301_list3_2018,Section 301 List 3,481019,2018-09-24,us_301_list3_2018:4810.19.11=4810.19.11|us_301_list3_2018:4810.19.13=4810.19.13|us_301_list3_2018:4810.19.19=4810.19.19|us_301_list3_2018:4810.19.20=4810.19.20,5,,https://www.govinfo.gov/content/pkg/FR-2018-09-21/pdf/FR-2018-09-21.pdf,official_scope_expanded_on_valid_2018_hts_universe
us_301_list3_2018,Section 301 List 3,481022,2018-09-24,us_301_list3_2018:4810.22.10=4810.22.10|us_301_list3_2018:4810.22.50=4810.22.50|us_301_list3_2018:4810.22.60=4810.22.60|us_301_list3_2018:4810.22.70=4810.22.70,6,,https://www.govinfo.gov/content/pkg/FR-2018-09-21/pdf/FR-2018-09-21.pdf,official_scope_expanded_on_valid_2018_hts_universe
us_301_list3_2018,Section 301 List 3,481029,2018-09-24,us_301_list3_2018:4810.29.10=4810.29.10|us_301_list3_2018:4810.29.50=4810.29.50|us_301_list3_2018:4810.29.60=4810.29.60|us_301_list3_2018:4810.29.70=4810.29.70,7,,https://www.govinfo.gov/content/pkg/FR-2018-09-21/pdf/FR-2018-09-21.pdf,official_scope_expanded_on_valid_2018_hts_universe
us_301_list3_2018,Section 301 List 3,481031,2018-09-24,us_301_list3_2018:4810.31.10=4810.31.10|us_301_list3_2018:4810.31.30=4810.31.30|us_301_list3_2018:4810.31.65=4810.31.65,6,,https://www.govinfo.gov/content/pkg/FR-2018-09-21/pdf/FR-2018-09-21.pdf,official_scope_expanded_on_valid_2018_hts_universe
us_301_list3_2018,Section 301 List 3,481032,2018-09-24,us_301_list3_2018:4810.32.10=4810.32.10|us_301_list3_2018:4810.32.30=4810.32.30|us_301_list3_2018:4810.32.65=4810.32.65,5,,https://www.govinfo.gov/content/pkg/FR-2018-09-21/pdf/FR-2018-09-21.pdf,official_scope_expanded_on_valid_2018_hts_universe
us_301_list3_2018,Section 301 List 3,481039,2018-09-24,us_301_list3_2018:4810.39.12=4810.39.12|us_301_list3_2018:4810.39.14=4810.39.14|us_301_list3_2018:4810.39.30=4810.39.30|us_301_list3_2018:4810.39.65=4810.39.65,4,,https://www.govinfo.gov/content/pkg/FR-2018-09-21/pdf/FR-2018-09-21.pdf,official_scope_expanded_on_valid_2018_hts_universe
us_301_list3_2018,Section 301 List 3,481092,2018-09-24,us_301_list3_2018:4810.92.12=4810.92.12|us_301_list3_2018:4810.92.14=4810.92.14|us_301_list3_2018:4810.92.30=4810.92.30|us_301_list3_2018:4810.92.65=4810.92.65,7,,https://www.govinfo.gov/content/pkg/FR-2018-09-21/pdf/FR-2018-09-21.pdf,official_scope_expanded_on_valid_2018_hts_universe
us_301_list3_2018,Section 301 List 3,481099,2018-09-24,us_301_list3_2018:4810.99.10=4810.99.10|us_301_list3_2018:4810.99.30=4810.99.30|us_301_list3_2018:4810.99.65=4810.99.65,5,,https://www.govinfo.gov/content/pkg/FR-2018-09-21/pdf/FR-2018-09-21.pdf,official_scope_expanded_on_valid_2018_hts_universe
us_301_list3_2018,Section 301 List 3,481110,2018-09-24,us_301_list3_2018:4811.10.11=4811.10.11|us_301_list3_2018:4811.10.21=4811.10.21,2,,https://www.govinfo.gov/content/pkg/FR-2018-09-21/pdf/FR-2018-09-21.pdf,official_scope_expanded_on_valid_2018_hts_universe
us_301_list3_2018,Section 301 List 3,481141,2018-09-24,us_301_list3_2018:4811.41.10=4811.41.10|us_301_list3_2018:4811.41.21=4811.41.21|us_301_list3_2018:4811.41.30=4811.41.30,3,,https://www.govinfo.gov/content/pkg/FR-2018-09-21/pdf/FR-2018-09-21.pdf,official_scope_expanded_on_valid_2018_hts_universe
us_301_list3_2018,Section 301 List 3,481149,2018-09-24,us_301_list3_2018:4811.49.10=4811.49.10|us_301_list3_2018:4811.49.21=4811.49.21|us_301_list3_2018:4811.49.30=4811.49.30,3,,https://www.govinfo.gov/content/pkg/FR-2018-09-21/pdf/FR-2018-09-21.pdf,official_scope_expanded_on_valid_2018_hts_universe
us_301_list3_2018,Section 301 List 3,481151,2018-09-24,us_301_list3_2018:4811.51.20=4811.51.20|us_301_list3_2018:4811.51.40=4811.51.40|us_301_list3_2018:4811.51.60=4811.51.60,7,,https://www.govinfo.gov/content/pkg/FR-2018-09-21/pdf/FR-2018-09-21.pdf,official_scope_expanded_on_valid_2018_hts_universe
us_301_list3_2018,Section 301 List 3,481159,2018-09-24,us_301_list3_2018:4811.59.20=4811.59.20|us_301_list3_2018:4811.59.40=4811.59.40|us_301_list3_2018:4811.59.60=4811.59.60,4,,https://www.govinfo.gov/content/pkg/FR-2018-09-21/pdf/FR-2018-09-21.pdf,official_scope_expanded_on_valid_2018_hts_universe
us_301_list3_2018,Section 301 List 3,481160,2018-09-24,us_301_list3_2018:4811.60.40=4811.60.40|us_301_list3_2018:4811.60.60=4811.60.60,2,,https://www.govinfo.gov/content/pkg/FR-2018-09-21/pdf/FR-2018-09-21.pdf,official_scope_expanded_on_valid_2018_hts_universe
us_301_list3_2018,Section 301 List 3,481190,2018-09-24,us_301_list3_2018:4811.90.10=4811.90.10|us_301_list3_2018:4811.90.20=4811.90.20|us_301_list3_2018:4811.90.30=4811.90.30|us_301_list3_2018:4811.90.40=4811.90.40|us_301_list3_2018:4811.90.60=4811.90.60|us_301_list3_2018:4811.90.80=4811.90.80|us_301_list3_2018:4811.90.90=4811.90.90,14,,https://www.govinfo.gov/content/pkg/FR-2018-09-21/pdf/FR-2018-09-21.pdf,official_scope_expanded_on_valid_2018_hts_universe
us_301_list3_2018,Section 301 List 3,481200,2018-09-24,us_301_list3_2018:4812.00.00=4812.00.00,1,,https://www.govinfo.gov/content/pkg/FR-2018-09-21/pdf/FR-2018-09-21.pdf,official_scope_expanded_on_valid_2018_hts_universe
us_301_list3_2018,Section 301 List 3,481310,2018-09-24,us_301_list3_2018:4813.10.00=4813.10.00,1,,https://www.govinfo.gov/content/pkg/FR-2018-09-21/pdf/FR-2018-09-21.pdf,official_scope_expanded_on_valid_2018_hts_universe
us_301_list3_2018,Section 301 List 3,481320,2018-09-24,us_301_list3_2018:4813.20.00=4813.20.00,1,,https://www.govinfo.gov/content/pkg/FR-2018-09-21/pdf/FR-2018-09-21.pdf,official_scope_expanded_on_valid_2018_hts_universe
us_301_list3_2018,Section 301 List 3,481390,2018-09-24,us_301_list3_2018:4813.90.00=4813.90.00,1,,https://www.govinfo.gov/content/pkg/FR-2018-09-21/pdf/FR-2018-09-21.pdf,official_scope_expanded_on_valid_2018_hts_universe
us_301_list3_2018,Section 301 List 3,481620,2018-09-24,us_301_list3_2018:4816.20.00=4816.20.00,1,,https://www.govinfo.gov/content/pkg/FR-2018-09-21/pdf/FR-2018-09-21.pdf,official_scope_expanded_on_valid_2018_hts_universe
us_301_list3_2018,Section 301 List 3,481690,2018-09-24,us_301_list3_2018:4816.90.01=4816.90.01,1,,https://www.govinfo.gov/content/pkg/FR-2018-09-21/pdf/FR-2018-09-21.pdf,official_scope_expanded_on_valid_2018_hts_universe
us_301_list3_2018,Section 301 List 3,481710,2018-09-24,us_301_list3_2018:4817.10.00=4817.10.00,1,,https://www.govinfo.gov/content/pkg/FR-2018-09-21/pdf/FR-2018-09-21.pdf,official_scope_expanded_on_valid_2018_hts_universe
us_301_list3_2018,Section 301 List 3,481720,2018-09-24,us_301_list3_2018:4817.20.20=4817.20.20|us_301_list3_2018:4817.20.40=4817.20.40,2,,https://www.govinfo.gov/content/pkg/FR-2018-09-21/pdf/FR-2018-09-21.pdf,official_scope_expanded_on_valid_2018_hts_universe
us_301_list3_2018,Section 301 List 3,481730,2018-09-24,us_301_list3_2018:4817.30.00=4817.30.00,1,,https://www.govinfo.gov/content/pkg/FR-2018-09-21/pdf/FR-2018-09-21.pdf,official_scope_expanded_on_valid_2018_hts_universe
us_301_list3_2018,Section 301 List 3,481810,2018-09-24,us_301_list3_2018:4818.10.00=4818.10.00,1,,https://www.govinfo.gov/content/pkg/FR-2018-09-21/pdf/FR-2018-09-21.pdf,official_scope_expanded_on_valid_2018_hts_universe
us_301_list3_2018,Section 301 List 3,481820,2018-09-24,us_301_list3_2018:4818.20.00=4818.20.00,2,,https://www.govinfo.gov/content/pkg/FR-2018-09-21/pdf/FR-2018-09-21.pdf,official_scope_expanded_on_valid_2018_hts_universe
us_301_list3_2018,Section 301 List 3,481830,2018-09-24,us_301_list3_2018:4818.30.00=4818.30.00,1,,https://www.govinfo.gov/content/pkg/FR-2018-09-21/pdf/FR-2018-09-21.pdf,official_scope_expanded_on_valid_2018_hts_universe
us_301_list3_2018,Section 301 List 3,481850,2018-09-24,us_301_list3_2018:4818.50.00=4818.50.00,1,,https://www.govinfo.gov/content/pkg/FR-2018-09-21/pdf/FR-2018-09-21.pdf,official_scope_expanded_on_valid_2018_hts_universe
us_301_list3_2018,Section 301 List 3,481910,2018-09-24,us_301_list3_2018:4819.10.00=4819.10.00,2,,https://www.govinfo.gov/content/pkg/FR-2018-09-21/pdf/FR-2018-09-21.pdf,official_scope_expanded_on_valid_2018_hts_universe
us_301_list3_2018,Section 301 List 3,481920,2018-09-24,us_301_list3_2018:4819.20.00=4819.20.00,2,,https://www.govinfo.gov/content/pkg/FR-2018-09-21/pdf/FR-2018-09-21.pdf,official_scope_expanded_on_valid_2018_hts_universe
us_301_list3_2018,Section 301 List 3,481930,2018-09-24,us_301_list3_2018:4819.30.00=4819.30.00,2,,https://www.govinfo.gov/content/pkg/FR-2018-09-21/pdf/FR-2018-09-21.pdf,official_scope_expanded_on_valid_2018_hts_universe
us_301_list3_2018,Section 301 List 3,481940,2018-09-24,us_301_list3_2018:4819.40.00=4819.40.00,2,,https://www.govinfo.gov/content/pkg/FR-2018-09-21/pdf/FR-2018-09-21.pdf,official_scope_expanded_on_valid_2018_hts_universe
us_301_list3_2018,Section 301 List 3,481950,2018-09-24,us_301_list3_2018:4819.50.20=4819.50.20|us_301_list3_2018:4819.50.30=4819.50.30|us_301_list3_2018:4819.50.40=4819.50.40,5,,https://www.govinfo.gov/content/pkg/FR-2018-09-21/pdf/FR-2018-09-21.pdf,official_scope_expanded_on_valid_2018_hts_universe
us_301_list3_2018,Section 301 List 3,481960,2018-09-24,us_301_list3_2018:4819.60.00=4819.60.00,1,,https://www.govinfo.gov/content/pkg/FR-2018-09-21/pdf/FR-2018-09-21.pdf,official_scope_expanded_on_valid_2018_hts_universe
us_301_list3_2018,Section 301 List 3,482010,2018-09-24,us_301_list3_2018:4820.10.20=4820.10.20|us_301_list3_2018:4820.10.40=4820.10.40,6,,https://www.govinfo.gov/content/pkg/FR-2018-09-21/pdf/FR-2018-09-21.pdf,official_scope_expanded_on_valid_2018_hts_universe
us_301_list3_2018,Section 301 List 3,482020,2018-09-24,us_301_list3_2018:4820.20.00=4820.20.00,1,,https://www.govinfo.gov/content/pkg/FR-2018-09-21/pdf/FR-2018-09-21.pdf,official_scope_expanded_on_valid_2018_hts_universe
us_301_list3_2018,Section 301 List 3,482030,2018-09-24,us_301_list3_2018:4820.30.00=4820.30.00,2,,https://www.govinfo.gov/content/pkg/FR-2018-09-21/pdf/FR-2018-09-21.pdf,official_scope_expanded_on_valid_2018_hts_universe
us_301_list3_2018,Section 301 List 3,482040,2018-09-24,us_301_list3_2018:4820.40.00=4820.40.00,1,,https://www.govinfo.gov/content/pkg/FR-2018-09-21/pdf/FR-2018-09-21.pdf,official_scope_expanded_on_valid_2018_hts_universe
us_301_list3_2018,Section 301 List 3,482050,2018-09-24,us_301_list3_2018:4820.50.00=4820.50.00,1,,https://www.govinfo.gov/content/pkg/FR-2018-09-21/pdf/FR-2018-09-21.pdf,official_scope_expanded_on_valid_2018_hts_universe
us_301_list3_2018,Section 301 List 3,482090,2018-09-24,us_301_list3_2018:4820.90.00=4820.90.00,1,,https://www.govinfo.gov/content/pkg/FR-2018-09-21/pdf/FR-2018-09-21.pdf,official_scope_expanded_on_valid_2018_hts_universe
us_301_list3_2018,Section 301 List 3,482110,2018-09-24,us_301_list3_2018:4821.10.20=4821.10.20|us_301_list3_2018:4821.10.40=4821.10.40,2,,https://www.govinfo.gov/content/pkg/FR-2018-09-21/pdf/FR-2018-09-21.pdf,official_scope_expanded_on_valid_2018_hts_universe
us_301_list3_2018,Section 301 List 3,482190,2018-09-24,us_301_list3_2018:4821.90.20=4821.90.20|us_301_list3_2018:4821.90.40=4821.90.40,2,,https://www.govinfo.gov/content/pkg/FR-2018-09-21/pdf/FR-2018-09-21.pdf,official_scope_expanded_on_valid_2018_hts_universe
us_301_list3_2018,Section 301 List 3,482210,2018-09-24,us_301_list3_2018:4822.10.00=4822.10.00,1,,https://www.govinfo.gov/content/pkg/FR-2018-09-21/pdf/FR-2018-09-21.pdf,official_scope_expanded_on_valid_2018_hts_universe
us_301_list3_2018,Section 301 List 3,482290,2018-09-24,us_301_list3_2018:4822.90.00=4822.90.00,1,,https://www.govinfo.gov/content/pkg/FR-2018-09-21/pdf/FR-2018-09-21.pdf,official_scope_expanded_on_valid_2018_hts_universe
us_301_list3_2018,Section 301 List 3,482320,2018-09-24,us_301_list3_2018:4823.20.10=4823.20.10|us_301_list3_2018:4823.20.90=4823.20.90,2,,https://www.govinfo.gov/content/pkg/FR-2018-09-21/pdf/FR-2018-09-21.pdf,official_scope_expanded_on_valid_2018_hts_universe
us_301_list3_2018,Section 301 List 3,482340,2018-09-24,us_301_list3_2018:4823.40.00=4823.40.00,1,,https://www.govinfo.gov/content/pkg/FR-2018-09-21/pdf/FR-2018-09-21.pdf,official_scope_expanded_on_valid_2018_hts_universe
us_301_list3_2018,Section 301 List 3,482361,2018-09-24,us_301_list3_2018:4823.61.00=4823.61.00,2,,https://www.govinfo.gov/content/pkg/FR-2018-09-21/pdf/FR-2018-09-21.pdf,official_scope_expanded_on_valid_2018_hts_universe
us_301_list3_2018,Section 301 List 3,482369,2018-09-24,us_301_list3_2018:4823.69.00=4823.69.00,2,,https://www.govinfo.gov/content/pkg/FR-2018-09-21/pdf/FR-2018-09-21.pdf,official_scope_expanded_on_valid_2018_hts_universe
us_301_list3_2018,Section 301 List 3,482370,2018-09-24,us_301_list3_2018:4823.70.00=4823.70.00,3,,https://www.govinfo.gov/content/pkg/FR-2018-09-21/pdf/FR-2018-09-21.pdf,official_scope_expanded_on_valid_2018_hts_universe
us_301_list3_2018,Section 301 List 3,482390,2018-09-24,us_301_list3_2018:4823.90.10=4823.90.10|us_301_list3_2018:4823.90.20=4823.90.20|us_301_list3_2018:4823.90.31=4823.90.31|us_301_list3_2018:4823.90.40=4823.90.40|us_301_list3_2018:4823.90.50=4823.90.50|us_301_list3_2018:4823.90.60=4823.90.60|us_301_list3_2018:4823.90.67=4823.90.67|us_301_list3_2018:4823.90.70=4823.90.70|us_301_list3_2018:4823.90.80=4823.90.80|us_301_list3_2018:4823.90.86=4823.90.86,10,,https://www.govinfo.gov/content/pkg/FR-2018-09-21/pdf/FR-2018-09-21.pdf,official_scope_expanded_on_valid_2018_hts_universe
us_301_list3_2018,Section 301 List 3,500100,2018-09-24,us_301_list3_2018:5001.00.00=5001.00.00,1,,https://www.govinfo.gov/content/pkg/FR-2018-09-21/pdf/FR-2018-09-21.pdf,official_scope_expanded_on_valid_2018_hts_universe
us_301_list3_2018,Section 301 List 3,500200,2018-09-24,us_301_list3_2018:5002.00.00=5002.00.00,1,,https://www.govinfo.gov/content/pkg/FR-2018-09-21/pdf/FR-2018-09-21.pdf,official_scope_expanded_on_valid_2018_hts_universe
us_301_list3_2018,Section 301 List 3,500300,2018-09-24,us_301_list3_2018:5003.00.10=5003.00.10|us_301_list3_2018:5003.00.90=5003.00.90,2,,https://www.govinfo.gov/content/pkg/FR-2018-09-21/pdf/FR-2018-09-21.pdf,official_scope_expanded_on_valid_2018_hts_universe
us_301_list3_2018,Section 301 List 3,500400,2018-09-24,us_301_list3_2018:5004.00.00=5004.00.00,1,,https://www.govinfo.gov/content/pkg/FR-2018-09-21/pdf/FR-2018-09-21.pdf,official_scope_expanded_on_valid_2018_hts_universe
us_301_list3_2018,Section 301 List 3,500500,2018-09-24,us_301_list3_2018:5005.00.00=5005.00.00,2,,https://www.govinfo.gov/content/pkg/FR-2018-09-21/pdf/FR-2018-09-21.pdf,official_scope_expanded_on_valid_2018_hts_universe
us_301_list3_2018,Section 301 List 3,500600,2018-09-24,us_301_list3_2018:5006.00.10=5006.00.10|us_301_list3_2018:5006.00.90=5006.00.90,2,,https://www.govinfo.gov/content/pkg/FR-2018-09-21/pdf/FR-2018-09-21.pdf,official_scope_expanded_on_valid_2018_hts_universe
us_301_list3_2018,Section 301 List 3,500710,2018-09-24,us_301_list3_2018:5007.10.30=5007.10.30|us_301_list3_2018:5007.10.60=5007.10.60,7,,https://www.govinfo.gov/content/pkg/FR-2018-09-21/pdf/FR-2018-09-21.pdf,official_scope_expanded_on_valid_2018_hts_universe
us_301_list3_2018,Section 301 List 3,500720,2018-09-24,us_301_list3_2018:5007.20.00=5007.20.00,7,,https://www.govinfo.gov/content/pkg/FR-2018-09-21/pdf/FR-2018-09-21.pdf,official_scope_expanded_on_valid_2018_hts_universe
us_301_list3_2018,Section 301 List 3,500790,2018-09-24,us_301_list3_2018:5007.90.30=5007.90.30|us_301_list3_2018:5007.90.60=5007.90.60,7,,https://www.govinfo.gov/content/pkg/FR-2018-09-21/pdf/FR-2018-09-21.pdf,official_scope_expanded_on_valid_2018_hts_universe
us_301_list3_2018,Section 301 List 3,510111,2018-09-24,us_301_list3_2018:5101.11.10=5101.11.10|us_301_list3_2018:5101.11.20=5101.11.20|us_301_list3_2018:5101.11.40=5101.11.40|us_301_list3_2018:5101.11.50=5101.11.50|us_301_list3_2018:5101.11.60=5101.11.60,6,,https://www.govinfo.gov/content/pkg/FR-2018-09-21/pdf/FR-2018-09-21.pdf,official_scope_expanded_on_valid_2018_hts_universe
us_301_list3_2018,Section 301 List 3,510119,2018-09-24,us_301_list3_2018:5101.19.10=5101.19.10|us_301_list3_2018:5101.19.20=5101.19.20|us_301_list3_2018:5101.19.40=5101.19.40|us_301_list3_2018:5101.19.50=5101.19.50|us_301_list3_2018:5101.19.60=5101.19.60,6,,https://www.govinfo.gov/content/pkg/FR-2018-09-21/pdf/FR-2018-09-21.pdf,official_scope_expanded_on_valid_2018_hts_universe
us_301_list3_2018,Section 301 List 3,510121,2018-09-24,us_301_list3_2018:5101.21.10=5101.21.10|us_301_list3_2018:5101.21.15=5101.21.15|us_301_list3_2018:5101.21.30=5101.21.30|us_301_list3_2018:5101.21.35=5101.21.35|us_301_list3_2018:5101.21.40=5101.21.40|us_301_list3_2018:5101.21.65=5101.21.65|us_301_list3_2018:5101.21.70=5101.21.70,8,,https://www.govinfo.gov/content/pkg/FR-2018-09-21/pdf/FR-2018-09-21.pdf,official_scope_expanded_on_valid_2018_hts_universe
us_301_list3_2018,Section 301 List 3,510129,2018-09-24,us_301_list3_2018:5101.29.10=5101.29.10|us_301_list3_2018:5101.29.15=5101.29.15|us_301_list3_2018:5101.29.30=5101.29.30|us_301_list3_2018:5101.29.35=5101.29.35|us_301_list3_2018:5101.29.40=5101.29.40|us_301_list3_2018:5101.29.65=5101.29.65|us_301_list3_2018:5101.29.70=5101.29.70,8,,https://www.govinfo.gov/content/pkg/FR-2018-09-21/pdf/FR-2018-09-21.pdf,official_scope_expanded_on_valid_2018_hts_universe
us_301_list3_2018,Section 301 List 3,510130,2018-09-24,us_301_list3_2018:5101.30.10=5101.30.10|us_301_list3_2018:5101.30.15=5101.30.15|us_301_list3_2018:5101.30.30=5101.30.30|us_301_list3_2018:5101.30.40=5101.30.40|us_301_list3_2018:5101.30.65=5101.30.65|us_301_list3_2018:5101.30.70=5101.30.70,6,,https://www.govinfo.gov/content/pkg/FR-2018-09-21/pdf/FR-2018-09-21.pdf,official_scope_expanded_on_valid_2018_hts_universe
us_301_list3_2018,Section 301 List 3,510211,2018-09-24,us_301_list3_2018:5102.11.10=5102.11.10|us_301_list3_2018:5102.11.90=5102.11.90,2,,https://www.govinfo.gov/content/pkg/FR-2018-09-21/pdf/FR-2018-09-21.pdf,official_scope_expanded_on_valid_2018_hts_universe
us_301_list3_2018,Section 301 List 3,510219,2018-09-24,us_301_list3_2018:5102.19.20=5102.19.20|us_301_list3_2018:5102.19.60=5102.19.60|us_301_list3_2018:5102.19.80=5102.19.80|us_301_list3_2018:5102.19.90=5102.19.90,5,,https://www.govinfo.gov/content/pkg/FR-2018-09-21/pdf/FR-2018-09-21.pdf,official_scope_expanded_on_valid_2018_hts_universe
us_301_list3_2018,Section 301 List 3,510220,2018-09-24,us_301_list3_2018:5102.20.00=5102.20.00,1,,https://www.govinfo.gov/content/pkg/FR-2018-09-21/pdf/FR-2018-09-21.pdf,official_scope_expanded_on_valid_2018_hts_universe
us_301_list3_2018,Section 301 List 3,510310,2018-09-24,us_301_list3_2018:5103.10.00=5103.10.00,1,,https://www.govinfo.gov/content/pkg/FR-2018-09-21/pdf/FR-2018-09-21.pdf,official_scope_expanded_on_valid_2018_hts_universe
us_301_list3_2018,Section 301 List 3,510320,2018-09-24,us_301_list3_2018:5103.20.00=5103.20.00,1,,https://www.govinfo.gov/content/pkg/FR-2018-09-21/pdf/FR-2018-09-21.pdf,official_scope_expanded_on_valid_2018_hts_universe
us_301_list3_2018,Section 301 List 3,510330,2018-09-24,us_301_list3_2018:5103.30.00=5103.30.00,1,,https://www.govinfo.gov/content/pkg/FR-2018-09-21/pdf/FR-2018-09-21.pdf,official_scope_expanded_on_valid_2018_hts_universe
us_301_list3_2018,Section 301 List 3,510400,2018-09-24,us_301_list3_2018:5104.00.00=5104.00.00,1,,https://www.govinfo.gov/content/pkg/FR-2018-09-21/pdf/FR-2018-09-21.pdf,official_scope_expanded_on_valid_2018_hts_universe
us_301_list3_2018,Section 301 List 3,510510,2018-09-24,us_301_list3_2018:5105.10.00=5105.10.00,1,,https://www.govinfo.gov/content/pkg/FR-2018-09-21/pdf/FR-2018-09-21.pdf,official_scope_expanded_on_valid_2018_hts_universe
us_301_list3_2018,Section 301 List 3,510521,2018-09-24,us_301_list3_2018:5105.21.00=5105.21.00,1,,https://www.govinfo.gov/content/pkg/FR-2018-09-21/pdf/FR-2018-09-21.pdf,official_scope_expanded_on_valid_2018_hts_universe
us_301_list3_2018,Section 301 List 3,510529,2018-09-24,us_301_list3_2018:5105.29.00=5105.29.00,1,,https://www.govinfo.gov/content/pkg/FR-2018-09-21/pdf/FR-2018-09-21.pdf,official_scope_expanded_on_valid_2018_hts_universe
us_301_list3_2018,Section 301 List 3,510531,2018-09-24,us_301_list3_2018:5105.31.00=5105.31.00,1,,https://www.govinfo.gov/content/pkg/FR-2018-09-21/pdf/FR-2018-09-21.pdf,official_scope_expanded_on_valid_2018_hts_universe
us_301_list3_2018,Section 301 List 3,510539,2018-09-24,us_301_list3_2018:5105.39.00=5105.39.00,1,,https://www.govinfo.gov/content/pkg/FR-2018-09-21/pdf/FR-2018-09-21.pdf,official_scope_expanded_on_valid_2018_hts_universe
us_301_list3_2018,Section 301 List 3,510540,2018-09-24,us_301_list3_2018:5105.40.00=5105.40.00,1,,https://www.govinfo.gov/content/pkg/FR-2018-09-21/pdf/FR-2018-09-21.pdf,official_scope_expanded_on_valid_2018_hts_universe
us_301_list3_2018,Section 301 List 3,510610,2018-09-24,us_301_list3_2018:5106.10.00=5106.10.00,2,,https://www.govinfo.gov/content/pkg/FR-2018-09-21/pdf/FR-2018-09-21.pdf,official_scope_expanded_on_valid_2018_hts_universe
us_301_list3_2018,Section 301 List 3,510620,2018-09-24,us_301_list3_2018:5106.20.00=5106.20.00,1,,https://www.govinfo.gov/content/pkg/FR-2018-09-21/pdf/FR-2018-09-21.pdf,official_scope_expanded_on_valid_2018_hts_universe
us_301_list3_2018,Section 301 List 3,510710,2018-09-24,us_301_list3_2018:5107.10.30=5107.10.30|us_301_list3_2018:5107.10.60=5107.10.60,2,,https://www.govinfo.gov/content/pkg/FR-2018-09-21/pdf/FR-2018-09-21.pdf,official_scope_expanded_on_valid_2018_hts_universe
us_301_list3_2018,Section 301 List 3,510720,2018-09-24,us_301_list3_2018:5107.20.30=5107.20.30|us_301_list3_2018:5107.20.60=5107.20.60,2,,https://www.govinfo.gov/content/pkg/FR-2018-09-21/pdf/FR-2018-09-21.pdf,official_scope_expanded_on_valid_2018_hts_universe
us_301_list3_2018,Section 301 List 3,510810,2018-09-24,us_301_list3_2018:5108.10.30=5108.10.30|us_301_list3_2018:5108.10.40=5108.10.40|us_301_list3_2018:5108.10.80=5108.10.80,3,,https://www.govinfo.gov/content/pkg/FR-2018-09-21/pdf/FR-2018-09-21.pdf,official_scope_expanded_on_valid_2018_hts_universe
us_301_list3_2018,Section 301 List 3,510820,2018-09-24,us_301_list3_2018:5108.20.30=5108.20.30|us_301_list3_2018:5108.20.40=5108.20.40|us_301_list3_2018:5108.20.80=5108.20.80,3,,https://www.govinfo.gov/content/pkg/FR-2018-09-21/pdf/FR-2018-09-21.pdf,official_scope_expanded_on_valid_2018_hts_universe
us_301_list3_2018,Section 301 List 3,510910,2018-09-24,us_301_list3_2018:5109.10.20=5109.10.20|us_301_list3_2018:5109.10.40=5109.10.40|us_301_list3_2018:5109.10.80=5109.10.80|us_301_list3_2018:5109.10.90=5109.10.90,4,,https://www.govinfo.gov/content/pkg/FR-2018-09-21/pdf/FR-2018-09-21.pdf,official_scope_expanded_on_valid_2018_hts_universe
us_301_list3_2018,Section 301 List 3,510990,2018-09-24,us_301_list3_2018:5109.90.20=5109.90.20|us_301_list3_2018:5109.90.40=5109.90.40|us_301_list3_2018:5109.90.80=5109.90.80|us_301_list3_2018:5109.90.90=5109.90.90,4,,https://www.govinfo.gov/content/pkg/FR-2018-09-21/pdf/FR-2018-09-21.pdf,official_scope_expanded_on_valid_2018_hts_universe
us_301_list3_2018,Section 301 List 3,511000,2018-09-24,us_301_list3_2018:5110.00.00=5110.00.00,1,,https://www.govinfo.gov/content/pkg/FR-2018-09-21/pdf/FR-2018-09-21.pdf,official_scope_expanded_on_valid_2018_hts_universe
us_301_list3_2018,Section 301 List 3,511111,2018-09-24,us_301_list3_2018:5111.11.20=5111.11.20|us_301_list3_2018:5111.11.30=5111.11.30|us_301_list3_2018:5111.11.70=5111.11.70,4,,https://www.govinfo.gov/content/pkg/FR-2018-09-21/pdf/FR-2018-09-21.pdf,official_scope_expanded_on_valid_2018_hts_universe
us_301_list3_2018,Section 301 List 3,511119,2018-09-24,us_301_list3_2018:5111.19.10=5111.19.10|us_301_list3_2018:5111.19.20=5111.19.20|us_301_list3_2018:5111.19.60=5111.19.60,6,,https://www.govinfo.gov/content/pkg/FR-2018-09-21/pdf/FR-2018-09-21.pdf,official_scope_expanded_on_valid_2018_hts_universe
us_301_list3_2018,Section 301 List 3,511120,2018-09-24,us_301_list3_2018:5111.20.05=5111.20.05|us_301_list3_2018:5111.20.10=5111.20.10|us_301_list3_2018:5111.20.90=5111.20.90,3,,https://www.govinfo.gov/content/pkg/FR-2018-09-21/pdf/FR-2018-09-21.pdf,official_scope_expanded_on_valid_2018_hts_universe
us_301_list3_2018,Section 301 List 3,511130,2018-09-24,us_301_list3_2018:5111.30.05=5111.30.05|us_301_list3_2018:5111.30.10=5111.30.10|us_301_list3_2018:5111.30.90=5111.30.90,3,,https://www.govinfo.gov/content/pkg/FR-2018-09-21/pdf/FR-2018-09-21.pdf,official_scope_expanded_on_valid_2018_hts_universe
us_301_list3_2018,Section 301 List 3,511190,2018-09-24,us_301_list3_2018:5111.90.30=5111.90.30|us_301_list3_2018:5111.90.40=5111.90.40|us_301_list3_2018:5111.90.50=5111.90.50|us_301_list3_2018:5111.90.90=5111.90.90,4,,https://www.govinfo.gov/content/pkg/FR-2018-09-21/pdf/FR-2018-09-21.pdf,official_scope_expanded_on_valid_2018_hts_universe
us_301_list3_2018,Section 301 List 3,511211,2018-09-24,us_301_list3_2018:5112.11.10=5112.11.10|us_301_list3_2018:5112.11.30=5112.11.30|us_301_list3_2018:5112.11.60=5112.11.60,5,,https://www.govinfo.gov/content/pkg/FR-2018-09-21/pdf/FR-2018-09-21.pdf,official_scope_expanded_on_valid_2018_hts_universe
us_301_list3_2018,Section 301 List 3,511219,2018-09-24,us_301_list3_2018:5112.19.20=5112.19.20|us_301_list3_2018:5112.19.60=5112.19.60|us_301_list3_2018:5112.19.95=5112.19.95,13,,https://www.govinfo.gov/content/pkg/FR-2018-09-21/pdf/FR-2018-09-21.pdf,official_scope_expanded_on_valid_2018_hts_universe
us_301_list3_2018,Section 301 List 3,511220,2018-09-24,us_301_list3_2018:5112.20.10=5112.20.10|us_301_list3_2018:5112.20.20=5112.20.20|us_301_list3_2018:5112.20.30=5112.20.30,3,,https://www.govinfo.gov/content/pkg/FR-2018-09-21/pdf/FR-2018-09-21.pdf,official_scope_expanded_on_valid_2018_hts_universe
us_301_list3_2018,Section 301 List 3,511230,2018-09-24,us_301_list3_2018:5112.30.10=5112.30.10|us_301_list3_2018:5112.30.20=5112.30.20|us_301_list3_2018:5112.30.30=5112.30.30,3,,https://www.govinfo.gov/content/pkg/FR-2018-09-21/pdf/FR-2018-09-21.pdf,official_scope_expanded_on_valid_2018_hts_universe
us_301_list3_2018,Section 301 List 3,511290,2018-09-24,us_301_list3_2018:5112.90.30=5112.90.30|us_301_list3_2018:5112.90.40=5112.90.40|us_301_list3_2018:5112.90.50=5112.90.50|us_301_list3_2018:5112.90.90=5112.90.90,5,,https://www.govinfo.gov/content/pkg/FR-2018-09-21/pdf/FR-2018-09-21.pdf,official_scope_expanded_on_valid_2018_hts_universe
us_301_list3_2018,Section 301 List 3,511300,2018-09-24,us_301_list3_2018:5113.00.00=5113.00.00,1,,https://www.govinfo.gov/content/pkg/FR-2018-09-21/pdf/FR-2018-09-21.pdf,official_scope_expanded_on_valid_2018_hts_universe
us_301_list3_2018,Section 301 List 3,520100,2018-09-24,us_301_list3_2018:5201.00.05=5201.00.05|us_301_list3_2018:5201.00.12=5201.00.12|us_301_list3_2018:5201.00.14=5201.00.14|us_301_list3_2018:5201.00.18=5201.00.18|us_301_list3_2018:5201.00.22=5201.00.22|us_301_list3_2018:5201.00.24=5201.00.24|us_301_list3_2018:5201.00.28=5201.00.28|us_301_list3_2018:5201.00.34=5201.00.34|us_301_list3_2018:5201.00.38=5201.00.38|us_301_list3_2018:5201.00.55=5201.00.55|us_301_list3_2018:5201.00.60=5201.00.60|us_301_list3_2018:5201.00.80=5201.00.80,12,,https://www.govinfo.gov/content/pkg/FR-2018-09-21/pdf/FR-2018-09-21.pdf,official_scope_expanded_on_valid_2018_hts_universe
us_301_list3_2018,Section 301 List 3,520210,2018-09-24,us_301_list3_2018:5202.10.00=5202.10.00,1,,https://www.govinfo.gov/content/pkg/FR-2018-09-21/pdf/FR-2018-09-21.pdf,official_scope_expanded_on_valid_2018_hts_universe
us_301_list3_2018,Section 301 List 3,520291,2018-09-24,us_301_list3_2018:5202.91.00=5202.91.00,1,,https://www.govinfo.gov/content/pkg/FR-2018-09-21/pdf/FR-2018-09-21.pdf,official_scope_expanded_on_valid_2018_hts_universe
us_301_list3_2018,Section 301 List 3,520299,2018-09-24,us_301_list3_2018:5202.99.05=5202.99.05|us_301_list3_2018:5202.99.10=5202.99.10|us_301_list3_2018:5202.99.30=5202.99.30|us_301_list3_2018:5202.99.50=5202.99.50,4,,https://www.govinfo.gov/content/pkg/FR-2018-09-21/pdf/FR-2018-09-21.pdf,official_scope_expanded_on_valid_2018_hts_universe
us_301_list3_2018,Section 301 List 3,520300,2018-09-24,us_301_list3_2018:5203.00.05=5203.00.05|us_301_list3_2018:5203.00.10=5203.00.10|us_301_list3_2018:5203.00.30=5203.00.30|us_301_list3_2018:5203.00.50=5203.00.50,4,,https://www.govinfo.gov/content/pkg/FR-2018-09-21/pdf/FR-2018-09-21.pdf,official_scope_expanded_on_valid_2018_hts_universe
us_301_list3_2018,Section 301 List 3,520411,2018-09-24,us_301_list3_2018:5204.11.00=5204.11.00,1,,https://www.govinfo.gov/content/pkg/FR-2018-09-21/pdf/FR-2018-09-21.pdf,official_scope_expanded_on_valid_2018_hts_universe
us_301_list3_2018,Section 301 List 3,520419,2018-09-24,us_301_list3_2018:5204.19.00=5204.19.00,1,,https://www.govinfo.gov/content/pkg/FR-2018-09-21/pdf/FR-2018-09-21.pdf,official_scope_expanded_on_valid_2018_hts_universe
us_301_list3_2018,Section 301 List 3,520420,2018-09-24,us_301_list3_2018:5204.20.00=5204.20.00,1,,https://www.govinfo.gov/content/pkg/FR-2018-09-21/pdf/FR-2018-09-21.pdf,official_scope_expanded_on_valid_2018_hts_universe
us_301_list3_2018,Section 301 List 3,520511,2018-09-24,us_301_list3_2018:5205.11.10=5205.11.10|us_301_list3_2018:5205.11.20=5205.11.20,2,,https://www.govinfo.gov/content/pkg/FR-2018-09-21/pdf/FR-2018-09-21.pdf,official_scope_expanded_on_valid_2018_hts_universe
us_301_list3_2018,Section 301 List 3,520512,2018-09-24,us_301_list3_2018:5205.12.10=5205.12.10|us_301_list3_2018:5205.12.20=5205.12.20,2,,https://www.govinfo.gov/content/pkg/FR-2018-09-21/pdf/FR-2018-09-21.pdf,official_scope_expanded_on_valid_2018_hts_universe
us_301_list3_2018,Section 301 List 3,520513,2018-09-24,us_301_list3_2018:5205.13.10=5205.13.10|us_301_list3_2018:5205.13.20=5205.13.20,2,,https://www.govinfo.gov/content/pkg/FR-2018-09-21/pdf/FR-2018-09-21.pdf,official_scope_expanded_on_valid_2018_hts_universe
us_301_list3_2018,Section 301 List 3,520514,2018-09-24,us_301_list3_2018:5205.14.10=5205.14.10|us_301_list3_2018:5205.14.20=5205.14.20,2,,https://www.govinfo.gov/content/pkg/FR-2018-09-21/pdf/FR-2018-09-21.pdf,official_scope_expanded_on_valid_2018_hts_universe
us_301_list3_2018,Section 301 List 3,520515,2018-09-24,us_301_list3_2018:5205.15.10=5205.15.10|us_301_list3_2018:5205.15.20=5205.15.20,2,,https://www.govinfo.gov/content/pkg/FR-2018-09-21/pdf/FR-2018-09-21.pdf,official_scope_expanded_on_valid_2018_hts_universe
us_301_list3_2018,Section 301 List 3,520521,2018-09-24,us_301_list3_2018:5205.21.00=5205.21.00,2,,https://www.govinfo.gov/content/pkg/FR-2018-09-21/pdf/FR-2018-09-21.pdf,official_scope_expanded_on_valid_2018_hts_universe
us_301_list3_2018,Section 301 List 3,520522,2018-09-24,us_301_list3_2018:5205.22.00=5205.22.00,2,,https://www.govinfo.gov/content/pkg/FR-2018-09-21/pdf/FR-2018-09-21.pdf,official_scope_expanded_on_valid_2018_hts_universe
us_301_list3_2018,Section 301 List 3,520523,2018-09-24,us_301_list3_2018:5205.23.00=5205.23.00,2,,https://www.govinfo.gov/content/pkg/FR-2018-09-21/pdf/FR-2018-09-21.pdf,official_scope_expanded_on_valid_2018_hts_universe
us_301_list3_2018,Section 301 List 3,520524,2018-09-24,us_301_list3_2018:5205.24.00=5205.24.00,2,,https://www.govinfo.gov/content/pkg/FR-2018-09-21/pdf/FR-2018-09-21.pdf,official_scope_expanded_on_valid_2018_hts_universe
us_301_list3_2018,Section 301 List 3,520526,2018-09-24,us_301_list3_2018:5205.26.00=5205.26.00,2,,https://www.govinfo.gov/content/pkg/FR-2018-09-21/pdf/FR-2018-09-21.pdf,official_scope_expanded_on_valid_2018_hts_universe
us_301_list3_2018,Section 301 List 3,520527,2018-09-24,us_301_list3_2018:5205.27.00=5205.27.00,2,,https://www.govinfo.gov/content/pkg/FR-2018-09-21/pdf/FR-2018-09-21.pdf,official_scope_expanded_on_valid_2018_hts_universe
us_301_list3_2018,Section 301 List 3,520528,2018-09-24,us_301_list3_2018:5205.28.00=5205.28.00,2,,https://www.govinfo.gov/content/pkg/FR-2018-09-21/pdf/FR-2018-09-21.pdf,official_scope_expanded_on_valid_2018_hts_universe
us_301_list3_2018,Section 301 List 3,520531,2018-09-24,us_301_list3_2018:5205.31.00=5205.31.00,1,,https://www.govinfo.gov/content/pkg/FR-2018-09-21/pdf/FR-2018-09-21.pdf,official_scope_expanded_on_valid_2018_hts_universe
us_301_list3_2018,Section 301 List 3,520532,2018-09-24,us_301_list3_2018:5205.32.00=5205.32.00,1,,https://www.govinfo.gov/content/pkg/FR-2018-09-21/pdf/FR-2018-09-21.pdf,official_scope_expanded_on_valid_2018_hts_universe
us_301_list3_2018,Section 301 List 3,520533,2018-09-24,us_301_list3_2018:5205.33.00=5205.33.00,1,,https://www.govinfo.gov/content/pkg/FR-2018-09-21/pdf/FR-2018-09-21.pdf,official_scope_expanded_on_valid_2018_hts_universe
us_301_list3_2018,Section 301 List 3,520534,2018-09-24,us_301_list3_2018:5205.34.00=5205.34.00,1,,https://www.govinfo.gov/content/pkg/FR-2018-09-21/pdf/FR-2018-09-21.pdf,official_scope_expanded_on_valid_2018_hts_universe
us_301_list3_2018,Section 301 List 3,520535,2018-09-24,us_301_list3_2018:5205.35.00=5205.35.00,1,,https://www.govinfo.gov/content/pkg/FR-2018-09-21/pdf/FR-2018-09-21.pdf,official_scope_expanded_on_valid_2018_hts_universe
us_301_list3_2018,Section 301 List 3,520541,2018-09-24,us_301_list3_2018:5205.41.00=5205.41.00,2,,https://www.govinfo.gov/content/pkg/FR-2018-09-21/pdf/FR-2018-09-21.pdf,official_scope_expanded_on_valid_2018_hts_universe
us_301_list3_2018,Section 301 List 3,520542,2018-09-24,us_301_list3_2018:5205.42.00=5205.42.00,3,,https://www.govinfo.gov/content/pkg/FR-2018-09-21/pdf/FR-2018-09-21.pdf,official_scope_expanded_on_valid_2018_hts_universe
us_301_list3_2018,Section 301 List 3,520543,2018-09-24,us_301_list3_2018:5205.43.00=5205.43.00,3,,https://www.govinfo.gov/content/pkg/FR-2018-09-21/pdf/FR-2018-09-21.pdf,official_scope_expanded_on_valid_2018_hts_universe
us_301_list3_2018,Section 301 List 3,520544,2018-09-24,us_301_list3_2018:5205.44.00=5205.44.00,3,,https://www.govinfo.gov/content/pkg/FR-2018-09-21/pdf/FR-2018-09-21.pdf,official_scope_expanded_on_valid_2018_hts_universe
us_301_list3_2018,Section 301 List 3,520546,2018-09-24,us_301_list3_2018:5205.46.00=5205.46.00,3,,https://www.govinfo.gov/content/pkg/FR-2018-09-21/pdf/FR-2018-09-21.pdf,official_scope_expanded_on_valid_2018_hts_universe
us_301_list3_2018,Section 301 List 3,520547,2018-09-24,us_301_list3_2018:5205.47.00=5205.47.00,3,,https://www.govinfo.gov/content/pkg/FR-2018-09-21/pdf/FR-2018-09-21.pdf,official_scope_expanded_on_valid_2018_hts_universe
us_301_list3_2018,Section 301 List 3,520548,2018-09-24,us_301_list3_2018:5205.48.00=5205.48.00,2,,https://www.govinfo.gov/content/pkg/FR-2018-09-21/pdf/FR-2018-09-21.pdf,official_scope_expanded_on_valid_2018_hts_universe
us_301_list3_2018,Section 301 List 3,520611,2018-09-24,us_301_list3_2018:5206.11.00=5206.11.00,1,,https://www.govinfo.gov/content/pkg/FR-2018-09-21/pdf/FR-2018-09-21.pdf,official_scope_expanded_on_valid_2018_hts_universe
us_301_list3_2018,Section 301 List 3,520612,2018-09-24,us_301_list3_2018:5206.12.00=5206.12.00,1,,https://www.govinfo.gov/content/pkg/FR-2018-09-21/pdf/FR-2018-09-21.pdf,official_scope_expanded_on_valid_2018_hts_universe
us_301_list3_2018,Section 301 List 3,520613,2018-09-24,us_301_list3_2018:5206.13.00=5206.13.00,1,,https://www.govinfo.gov/content/pkg/FR-2018-09-21/pdf/FR-2018-09-21.pdf,official_scope_expanded_on_valid_2018_hts_universe
us_301_list3_2018,Section 301 List 3,520614,2018-09-24,us_301_list3_2018:5206.14.00=5206.14.00,1,,https://www.govinfo.gov/content/pkg/FR-2018-09-21/pdf/FR-2018-09-21.pdf,official_scope_expanded_on_valid_2018_hts_universe
us_301_list3_2018,Section 301 List 3,520615,2018-09-24,us_301_list3_2018:5206.15.00=5206.15.00,1,,https://www.govinfo.gov/content/pkg/FR-2018-09-21/pdf/FR-2018-09-21.pdf,official_scope_expanded_on_valid_2018_hts_universe
us_301_list3_2018,Section 301 List 3,520621,2018-09-24,us_301_list3_2018:5206.21.00=5206.21.00,1,,https://www.govinfo.gov/content/pkg/FR-2018-09-21/pdf/FR-2018-09-21.pdf,official_scope_expanded_on_valid_2018_hts_universe
us_301_list3_2018,Section 301 List 3,520622,2018-09-24,us_301_list3_2018:5206.22.00=5206.22.00,1,,https://www.govinfo.gov/content/pkg/FR-2018-09-21/pdf/FR-2018-09-21.pdf,official_scope_expanded_on_valid_2018_hts_universe
us_301_list3_2018,Section 301 List 3,520623,2018-09-24,us_301_list3_2018:5206.23.00=5206.23.00,1,,https://www.govinfo.gov/content/pkg/FR-2018-09-21/pdf/FR-2018-09-21.pdf,official_scope_expanded_on_valid_2018_hts_universe
us_301_list3_2018,Section 301 List 3,520624,2018-09-24,us_301_list3_2018:5206.24.00=5206.24.00,1,,https://www.govinfo.gov/content/pkg/FR-2018-09-21/pdf/FR-2018-09-21.pdf,official_scope_expanded_on_valid_2018_hts_universe
us_301_list3_2018,Section 301 List 3,520625,2018-09-24,us_301_list3_2018:5206.25.00=5206.25.00,1,,https://www.govinfo.gov/content/pkg/FR-2018-09-21/pdf/FR-2018-09-21.pdf,official_scope_expanded_on_valid_2018_hts_universe
us_301_list3_2018,Section 301 List 3,520631,2018-09-24,us_301_list3_2018:5206.31.00=5206.31.00,1,,https://www.govinfo.gov/content/pkg/FR-2018-09-21/pdf/FR-2018-09-21.pdf,official_scope_expanded_on_valid_2018_hts_universe
us_301_list3_2018,Section 301 List 3,520632,2018-09-24,us_301_list3_2018:5206.32.00=5206.32.00,1,,https://www.govinfo.gov/content/pkg/FR-2018-09-21/pdf/FR-2018-09-21.pdf,official_scope_expanded_on_valid_2018_hts_universe
us_301_list3_2018,Section 301 List 3,520633,2018-09-24,us_301_list3_2018:5206.33.00=5206.33.00,1,,https://www.govinfo.gov/content/pkg/FR-2018-09-21/pdf/FR-2018-09-21.pdf,official_scope_expanded_on_valid_2018_hts_universe
us_301_list3_2018,Section 301 List 3,520634,2018-09-24,us_301_list3_2018:5206.34.00=5206.34.00,1,,https://www.govinfo.gov/content/pkg/FR-2018-09-21/pdf/FR-2018-09-21.pdf,official_scope_expanded_on_valid_2018_hts_universe
us_301_list3_2018,Section 301 List 3,520635,2018-09-24,us_301_list3_2018:5206.35.00=5206.35.00,1,,https://www.govinfo.gov/content/pkg/FR-2018-09-21/pdf/FR-2018-09-21.pdf,official_scope_expanded_on_valid_2018_hts_universe
us_301_list3_2018,Section 301 List 3,520641,2018-09-24,us_301_list3_2018:5206.41.00=5206.41.00,1,,https://www.govinfo.gov/content/pkg/FR-2018-09-21/pdf/FR-2018-09-21.pdf,official_scope_expanded_on_valid_2018_hts_universe
us_301_list3_2018,Section 301 List 3,520642,2018-09-24,us_301_list3_2018:5206.42.00=5206.42.00,1,,https://www.govinfo.gov/content/pkg/FR-2018-09-21/pdf/FR-2018-09-21.pdf,official_scope_expanded_on_valid_2018_hts_universe
us_301_list3_2018,Section 301 List 3,520643,2018-09-24,us_301_list3_2018:5206.43.00=5206.43.00,1,,https://www.govinfo.gov/content/pkg/FR-2018-09-21/pdf/FR-2018-09-21.pdf,official_scope_expanded_on_valid_2018_hts_universe
us_301_list3_2018,Section 301 List 3,520644,2018-09-24,us_301_list3_2018:5206.44.00=5206.44.00,1,,https://www.govinfo.gov/content/pkg/FR-2018-09-21/pdf/FR-2018-09-21.pdf,official_scope_expanded_on_valid_2018_hts_universe
us_301_list3_2018,Section 301 List 3,520645,2018-09-24,us_301_list3_2018:5206.45.00=5206.45.00,1,,https://www.govinfo.gov/content/pkg/FR-2018-09-21/pdf/FR-2018-09-21.pdf,official_scope_expanded_on_valid_2018_hts_universe
us_301_list3_2018,Section 301 List 3,520710,2018-09-24,us_301_list3_2018:5207.10.00=5207.10.00,1,,https://www.govinfo.gov/content/pkg/FR-2018-09-21/pdf/FR-2018-09-21.pdf,official_scope_expanded_on_valid_2018_hts_universe
us_301_list3_2018,Section 301 List 3,520790,2018-09-24,us_301_list3_2018:5207.90.00=5207.90.00,1,,https://www.govinfo.gov/content/pkg/FR-2018-09-21/pdf/FR-2018-09-21.pdf,official_scope_expanded_on_valid_2018_hts_universe
us_301_list3_2018,Section 301 List 3,520811,2018-09-24,us_301_list3_2018:5208.11.20=5208.11.20|us_301_list3_2018:5208.11.40=5208.11.40|us_301_list3_2018:5208.11.60=5208.11.60|us_301_list3_2018:5208.11.80=5208.11.80,10,,https://www.govinfo.gov/content/pkg/FR-2018-09-21/pdf/FR-2018-09-21.pdf,official_scope_expanded_on_valid_2018_hts_universe
us_301_list3_2018,Section 301 List 3,520812,2018-09-24,us_301_list3_2018:5208.12.40=5208.12.40|us_301_list3_2018:5208.12.60=5208.12.60|us_301_list3_2018:5208.12.80=5208.12.80,9,,https://www.govinfo.gov/content/pkg/FR-2018-09-21/pdf/FR-2018-09-21.pdf,official_scope_expanded_on_valid_2018_hts_universe
us_301_list3_2018,Section 301 List 3,520813,2018-09-24,us_301_list3_2018:5208.13.00=5208.13.00,1,,https://www.govinfo.gov/content/pkg/FR-2018-09-21/pdf/FR-2018-09-21.pdf,official_scope_expanded_on_valid_2018_hts_universe
us_301_list3_2018,Section 301 List 3,520819,2018-09-24,us_301_list3_2018:5208.19.20=5208.19.20|us_301_list3_2018:5208.19.40=5208.19.40|us_301_list3_2018:5208.19.60=5208.19.60|us_301_list3_2018:5208.19.80=5208.19.80,8,,https://www.govinfo.gov/content/pkg/FR-2018-09-21/pdf/FR-2018-09-21.pdf,official_scope_expanded_on_valid_2018_hts_universe
us_301_list3_2018,Section 301 List 3,520821,2018-09-24,us_301_list3_2018:5208.21.20=5208.21.20|us_301_list3_2018:5208.21.40=5208.21.40|us_301_list3_2018:5208.21.60=5208.21.60,9,,https://www.govinfo.gov/content/pkg/FR-2018-09-21/pdf/FR-2018-09-21.pdf,official_scope_expanded_on_valid_2018_hts_universe
us_301_list3_2018,Section 301 List 3,520822,2018-09-24,us_301_list3_2018:5208.22.40=5208.22.40|us_301_list3_2018:5208.22.60=5208.22.60|us_301_list3_2018:5208.22.80=5208.22.80,9,,https://www.govinfo.gov/content/pkg/FR-2018-09-21/pdf/FR-2018-09-21.pdf,official_scope_expanded_on_valid_2018_hts_universe
us_301_list3_2018,Section 301 List 3,520823,2018-09-24,us_301_list3_2018:5208.23.00=5208.23.00,1,,https://www.govinfo.gov/content/pkg/FR-2018-09-21/pdf/FR-2018-09-21.pdf,official_scope_expanded_on_valid_2018_hts_universe
us_301_list3_2018,Section 301 List 3,520829,2018-09-24,us_301_list3_2018:5208.29.20=5208.29.20|us_301_list3_2018:5208.29.40=5208.29.40|us_301_list3_2018:5208.29.60=5208.29.60|us_301_list3_2018:5208.29.80=5208.29.80,8,,https://www.govinfo.gov/content/pkg/FR-2018-09-21/pdf/FR-2018-09-21.pdf,official_scope_expanded_on_valid_2018_hts_universe
us_301_list3_2018,Section 301 List 3,520831,2018-09-24,us_301_list3_2018:5208.31.20=5208.31.20|us_301_list3_2018:5208.31.40=5208.31.40|us_301_list3_2018:5208.31.60=5208.31.60|us_301_list3_2018:5208.31.80=5208.31.80,10,,https://www.govinfo.gov/content/pkg/FR-2018-09-21/pdf/FR-2018-09-21.pdf,official_scope_expanded_on_valid_2018_hts_universe
us_301_list3_2018,Section 301 List 3,520832,2018-09-24,us_301_list3_2018:5208.32.10=5208.32.10|us_301_list3_2018:5208.32.30=5208.32.30|us_301_list3_2018:5208.32.40=5208.32.40|us_301_list3_2018:5208.32.50=5208.32.50,10,,https://www.govinfo.gov/content/pkg/FR-2018-09-21/pdf/FR-2018-09-21.pdf,official_scope_expanded_on_valid_2018_hts_universe
us_301_list3_2018,Section 301 List 3,520833,2018-09-24,us_301_list3_2018:5208.33.00=5208.33.00,1,,https://www.govinfo.gov/content/pkg/FR-2018-09-21/pdf/FR-2018-09-21.pdf,official_scope_expanded_on_valid_2018_hts_universe
us_301_list3_2018,Section 301 List 3,520839,2018-09-24,us_301_list3_2018:5208.39.20=5208.39.20|us_301_list3_2018:5208.39.40=5208.39.40|us_301_list3_2018:5208.39.60=5208.39.60|us_301_list3_2018:5208.39.80=5208.39.80,8,,https://www.govinfo.gov/content/pkg/FR-2018-09-21/pdf/FR-2018-09-21.pdf,official_scope_expanded_on_valid_2018_hts_universe
us_301_list3_2018,Section 301 List 3,520841,2018-09-24,us_301_list3_2018:5208.41.20=5208.41.20|us_301_list3_2018:5208.41.40=5208.41.40|us_301_list3_2018:5208.41.60=5208.41.60|us_301_list3_2018:5208.41.80=5208.41.80,4,,https://www.govinfo.gov/content/pkg/FR-2018-09-21/pdf/FR-2018-09-21.pdf,official_scope_expanded_on_valid_2018_hts_universe
us_301_list3_2018,Section 301 List 3,520842,2018-09-24,us_301_list3_2018:5208.42.10=5208.42.10|us_301_list3_2018:5208.42.30=5208.42.30|us_301_list3_2018:5208.42.40=5208.42.40|us_301_list3_2018:5208.42.50=5208.42.50,4,,https://www.govinfo.gov/content/pkg/FR-2018-09-21/pdf/FR-2018-09-21.pdf,official_scope_expanded_on_valid_2018_hts_universe
us_301_list3_2018,Section 301 List 3,520843,2018-09-24,us_301_list3_2018:5208.43.00=5208.43.00,1,,https://www.govinfo.gov/content/pkg/FR-2018-09-21/pdf/FR-2018-09-21.pdf,official_scope_expanded_on_valid_2018_hts_universe
us_301_list3_2018,Section 301 List 3,520849,2018-09-24,us_301_list3_2018:5208.49.20=5208.49.20|us_301_list3_2018:5208.49.40=5208.49.40|us_301_list3_2018:5208.49.60=5208.49.60|us_301_list3_2018:5208.49.80=5208.49.80,10,,https://www.govinfo.gov/content/pkg/FR-2018-09-21/pdf/FR-2018-09-21.pdf,official_scope_expanded_on_valid_2018_hts_universe
us_301_list3_2018,Section 301 List 3,520851,2018-09-24,us_301_list3_2018:5208.51.20=5208.51.20|us_301_list3_2018:5208.51.40=5208.51.40|us_301_list3_2018:5208.51.60=5208.51.60|us_301_list3_2018:5208.51.80=5208.51.80,10,,https://www.govinfo.gov/content/pkg/FR-2018-09-21/pdf/FR-2018-09-21.pdf,official_scope_expanded_on_valid_2018_hts_universe
us_301_list3_2018,Section 301 List 3,520852,2018-09-24,us_301_list3_2018:5208.52.10=5208.52.10|us_301_list3_2018:5208.52.30=5208.52.30|us_301_list3_2018:5208.52.40=5208.52.40|us_301_list3_2018:5208.52.50=5208.52.50,13,,https://www.govinfo.gov/content/pkg/FR-2018-09-21/pdf/FR-2018-09-21.pdf,official_scope_expanded_on_valid_2018_hts_universe
us_301_list3_2018,Section 301 List 3,520859,2018-09-24,us_301_list3_2018:5208.59.10=5208.59.10|us_301_list3_2018:5208.59.20=5208.59.20|us_301_list3_2018:5208.59.40=5208.59.40|us_301_list3_2018:5208.59.60=5208.59.60|us_301_list3_2018:5208.59.80=5208.59.80,11,,https://www.govinfo.gov/content/pkg/FR-2018-09-21/pdf/FR-2018-09-21.pdf,official_scope_expanded_on_valid_2018_hts_universe
us_301_list3_2018,Section 301 List 3,520911,2018-09-24,us_301_list3_2018:5209.11.00=5209.11.00,5,,https://www.govinfo.gov/content/pkg/FR-2018-09-21/pdf/FR-2018-09-21.pdf,official_scope_expanded_on_valid_2018_hts_universe
us_301_list3_2018,Section 301 List 3,520912,2018-09-24,us_301_list3_2018:5209.12.00=5209.12.00,2,,https://www.govinfo.gov/content/pkg/FR-2018-09-21/pdf/FR-2018-09-21.pdf,official_scope_expanded_on_valid_2018_hts_universe
us_301_list3_2018,Section 301 List 3,520919,2018-09-24,us_301_list3_2018:5209.19.00=5209.19.00,4,,https://www.govinfo.gov/content/pkg/FR-2018-09-21/pdf/FR-2018-09-21.pdf,official_scope_expanded_on_valid_2018_hts_universe
us_301_list3_2018,Section 301 List 3,520921,2018-09-24,us_301_list3_2018:5209.21.00=5209.21.00,5,,https://www.govinfo.gov/content/pkg/FR-2018-09-21/pdf/FR-2018-09-21.pdf,official_scope_expanded_on_valid_2018_hts_universe
us_301_list3_2018,Section 301 List 3,520922,2018-09-24,us_301_list3_2018:5209.22.00=5209.22.00,2,,https://www.govinfo.gov/content/pkg/FR-2018-09-21/pdf/FR-2018-09-21.pdf,official_scope_expanded_on_valid_2018_hts_universe
us_301_list3_2018,Section 301 List 3,520929,2018-09-24,us_301_list3_2018:5209.29.00=5209.29.00,4,,https://www.govinfo.gov/content/pkg/FR-2018-09-21/pdf/FR-2018-09-21.pdf,official_scope_expanded_on_valid_2018_hts_universe
us_301_list3_2018,Section 301 List 3,520931,2018-09-24,us_301_list3_2018:5209.31.30=5209.31.30|us_301_list3_2018:5209.31.60=5209.31.60,6,,https://www.govinfo.gov/content/pkg/FR-2018-09-21/pdf/FR-2018-09-21.pdf,official_scope_expanded_on_valid_2018_hts_universe
us_301_list3_2018,Section 301 List 3,520932,2018-09-24,us_301_list3_2018:5209.32.00=5209.32.00,2,,https://www.govinfo.gov/content/pkg/FR-2018-09-21/pdf/FR-2018-09-21.pdf,official_scope_expanded_on_valid_2018_hts_universe
us_301_list3_2018,Section 301 List 3,520939,2018-09-24,us_301_list3_2018:5209.39.00=5209.39.00,5,,https://www.govinfo.gov/content/pkg/FR-2018-09-21/pdf/FR-2018-09-21.pdf,official_scope_expanded_on_valid_2018_hts_universe
us_301_list3_2018,Section 301 List 3,520941,2018-09-24,us_301_list3_2018:5209.41.30=5209.41.30|us_301_list3_2018:5209.41.60=5209.41.60,3,,https://www.govinfo.gov/content/pkg/FR-2018-09-21/pdf/FR-2018-09-21.pdf,official_scope_expanded_on_valid_2018_hts_universe
us_301_list3_2018,Section 301 List 3,520942,2018-09-24,us_301_list3_2018:5209.42.00=5209.42.00,4,,https://www.govinfo.gov/content/pkg/FR-2018-09-21/pdf/FR-2018-09-21.pdf,official_scope_expanded_on_valid_2018_hts_universe
us_301_list3_2018,Section 301 List 3,520943,2018-09-24,us_301_list3_2018:5209.43.00=5209.43.00,2,,https://www.govinfo.gov/content/pkg/FR-2018-09-21/pdf/FR-2018-09-21.pdf,official_scope_expanded_on_valid_2018_hts_universe
us_301_list3_2018,Section 301 List 3,520949,2018-09-24,us_301_list3_2018:5209.49.00=5209.49.00,3,,https://www.govinfo.gov/content/pkg/FR-2018-09-21/pdf/FR-2018-09-21.pdf,official_scope_expanded_on_valid_2018_hts_universe
us_301_list3_2018,Section 301 List 3,520951,2018-09-24,us_301_list3_2018:5209.51.30=5209.51.30|us_301_list3_2018:5209.51.60=5209.51.60,7,,https://www.govinfo.gov/content/pkg/FR-2018-09-21/pdf/FR-2018-09-21.pdf,official_scope_expanded_on_valid_2018_hts_universe
us_301_list3_2018,Section 301 List 3,520952,2018-09-24,us_301_list3_2018:5209.52.00=5209.52.00,2,,https://www.govinfo.gov/content/pkg/FR-2018-09-21/pdf/FR-2018-09-21.pdf,official_scope_expanded_on_valid_2018_hts_universe
us_301_list3_2018,Section 301 List 3,520959,2018-09-24,us_301_list3_2018:5209.59.00=5209.59.00,5,,https://www.govinfo.gov/content/pkg/FR-2018-09-21/pdf/FR-2018-09-21.pdf,official_scope_expanded_on_valid_2018_hts_universe
us_301_list3_2018,Section 301 List 3,521011,2018-09-24,us_301_list3_2018:5210.11.80=5210.11.80,2,,https://www.govinfo.gov/content/pkg/FR-2018-09-21/pdf/FR-2018-09-21.pdf,official_scope_expanded_on_valid_2018_hts_universe
us_301_list3_2018,Section 301 List 3,521019,2018-09-24,us_301_list3_2018:5210.19.20=5210.19.20|us_301_list3_2018:5210.19.40=5210.19.40|us_301_list3_2018:5210.19.60=5210.19.60|us_301_list3_2018:5210.19.80=5210.19.80,8,,https://www.govinfo.gov/content/pkg/FR-2018-09-21/pdf/FR-2018-09-21.pdf,official_scope_expanded_on_valid_2018_hts_universe
us_301_list3_2018,Section 301 List 3,521021,2018-09-24,us_301_list3_2018:5210.21.40=5210.21.40|us_301_list3_2018:5210.21.60=5210.21.60|us_301_list3_2018:5210.21.80=5210.21.80,9,,https://www.govinfo.gov/content/pkg/FR-2018-09-21/pdf/FR-2018-09-21.pdf,official_scope_expanded_on_valid_2018_hts_universe
us_301_list3_2018,Section 301 List 3,521029,2018-09-24,us_301_list3_2018:5210.29.10=5210.29.10|us_301_list3_2018:5210.29.20=5210.29.20|us_301_list3_2018:5210.29.40=5210.29.40|us_301_list3_2018:5210.29.60=5210.29.60|us_301_list3_2018:5210.29.80=5210.29.80,9,,https://www.govinfo.gov/content/pkg/FR-2018-09-21/pdf/FR-2018-09-21.pdf,official_scope_expanded_on_valid_2018_hts_universe
us_301_list3_2018,Section 301 List 3,521031,2018-09-24,us_301_list3_2018:5210.31.40=5210.31.40|us_301_list3_2018:5210.31.60=5210.31.60|us_301_list3_2018:5210.31.80=5210.31.80,9,,https://www.govinfo.gov/content/pkg/FR-2018-09-21/pdf/FR-2018-09-21.pdf,official_scope_expanded_on_valid_2018_hts_universe
us_301_list3_2018,Section 301 List 3,521032,2018-09-24,us_301_list3_2018:5210.32.00=5210.32.00,1,,https://www.govinfo.gov/content/pkg/FR-2018-09-21/pdf/FR-2018-09-21.pdf,official_scope_expanded_on_valid_2018_hts_universe
us_301_list3_2018,Section 301 List 3,521039,2018-09-24,us_301_list3_2018:5210.39.20=5210.39.20|us_301_list3_2018:5210.39.40=5210.39.40|us_301_list3_2018:5210.39.60=5210.39.60|us_301_list3_2018:5210.39.80=5210.39.80,8,,https://www.govinfo.gov/content/pkg/FR-2018-09-21/pdf/FR-2018-09-21.pdf,official_scope_expanded_on_valid_2018_hts_universe
us_301_list3_2018,Section 301 List 3,521041,2018-09-24,us_301_list3_2018:5210.41.40=5210.41.40|us_301_list3_2018:5210.41.60=5210.41.60|us_301_list3_2018:5210.41.80=5210.41.80,3,,https://www.govinfo.gov/content/pkg/FR-2018-09-21/pdf/FR-2018-09-21.pdf,official_scope_expanded_on_valid_2018_hts_universe
us_301_list3_2018,Section 301 List 3,521049,2018-09-24,us_301_list3_2018:5210.49.10=5210.49.10|us_301_list3_2018:5210.49.20=5210.49.20|us_301_list3_2018:5210.49.40=5210.49.40|us_301_list3_2018:5210.49.60=5210.49.60|us_301_list3_2018:5210.49.80=5210.49.80,10,,https://www.govinfo.gov/content/pkg/FR-2018-09-21/pdf/FR-2018-09-21.pdf,official_scope_expanded_on_valid_2018_hts_universe
us_301_list3_2018,Section 301 List 3,521051,2018-09-24,us_301_list3_2018:5210.51.40=5210.51.40|us_301_list3_2018:5210.51.60=5210.51.60|us_301_list3_2018:5210.51.80=5210.51.80,9,,https://www.govinfo.gov/content/pkg/FR-2018-09-21/pdf/FR-2018-09-21.pdf,official_scope_expanded_on_valid_2018_hts_universe
us_301_list3_2018,Section 301 List 3,521059,2018-09-24,us_301_list3_2018:5210.59.10=5210.59.10|us_301_list3_2018:5210.59.20=5210.59.20|us_301_list3_2018:5210.59.40=5210.59.40|us_301_list3_2018:5210.59.60=5210.59.60|us_301_list3_2018:5210.59.80=5210.59.80,9,,https://www.govinfo.gov/content/pkg/FR-2018-09-21/pdf/FR-2018-09-21.pdf,official_scope_expanded_on_valid_2018_hts_universe
us_301_list3_2018,Section 301 List 3,521111,2018-09-24,us_301_list3_2018:5211.11.00=5211.11.00,5,,https://www.govinfo.gov/content/pkg/FR-2018-09-21/pdf/FR-2018-09-21.pdf,official_scope_expanded_on_valid_2018_hts_universe
us_301_list3_2018,Section 301 List 3,521112,2018-09-24,us_301_list3_2018:5211.12.00=5211.12.00,2,,https://www.govinfo.gov/content/pkg/FR-2018-09-21/pdf/FR-2018-09-21.pdf,official_scope_expanded_on_valid_2018_hts_universe
us_301_list3_2018,Section 301 List 3,521119,2018-09-24,us_301_list3_2018:5211.19.00=5211.19.00,4,,https://www.govinfo.gov/content/pkg/FR-2018-09-21/pdf/FR-2018-09-21.pdf,official_scope_expanded_on_valid_2018_hts_universe
us_301_list3_2018,Section 301 List 3,521120,2018-09-24,us_301_list3_2018:5211.20.21=5211.20.21|us_301_list3_2018:5211.20.22=5211.20.22|us_301_list3_2018:5211.20.29=5211.20.29,11,,https://www.govinfo.gov/content/pkg/FR-2018-09-21/pdf/FR-2018-09-21.pdf,official_scope_expanded_on_valid_2018_hts_universe
us_301_list3_2018,Section 301 List 3,521131,2018-09-24,us_301_list3_2018:5211.31.00=5211.31.00,5,,https://www.govinfo.gov/content/pkg/FR-2018-09-21/pdf/FR-2018-09-21.pdf,official_scope_expanded_on_valid_2018_hts_universe
us_301_list3_2018,Section 301 List 3,521132,2018-09-24,us_301_list3_2018:5211.32.00=5211.32.00,2,,https://www.govinfo.gov/content/pkg/FR-2018-09-21/pdf/FR-2018-09-21.pdf,official_scope_expanded_on_valid_2018_hts_universe
us_301_list3_2018,Section 301 List 3,521139,2018-09-24,us_301_list3_2018:5211.39.00=5211.39.00,4,,https://www.govinfo.gov/content/pkg/FR-2018-09-21/pdf/FR-2018-09-21.pdf,official_scope_expanded_on_valid_2018_hts_universe
us_301_list3_2018,Section 301 List 3,521141,2018-09-24,us_301_list3_2018:5211.41.00=5211.41.00,2,,https://www.govinfo.gov/content/pkg/FR-2018-09-21/pdf/FR-2018-09-21.pdf,official_scope_expanded_on_valid_2018_hts_universe
us_301_list3_2018,Section 301 List 3,521142,2018-09-24,us_301_list3_2018:5211.42.00=5211.42.00,4,,https://www.govinfo.gov/content/pkg/FR-2018-09-21/pdf/FR-2018-09-21.pdf,official_scope_expanded_on_valid_2018_hts_universe
us_301_list3_2018,Section 301 List 3,521143,2018-09-24,us_301_list3_2018:5211.43.00=5211.43.00,2,,https://www.govinfo.gov/content/pkg/FR-2018-09-21/pdf/FR-2018-09-21.pdf,official_scope_expanded_on_valid_2018_hts_universe
us_301_list3_2018,Section 301 List 3,521149,2018-09-24,us_301_list3_2018:5211.49.00=5211.49.00,2,,https://www.govinfo.gov/content/pkg/FR-2018-09-21/pdf/FR-2018-09-21.pdf,official_scope_expanded_on_valid_2018_hts_universe
us_301_list3_2018,Section 301 List 3,521151,2018-09-24,us_301_list3_2018:5211.51.00=5211.51.00,4,,https://www.govinfo.gov/content/pkg/FR-2018-09-21/pdf/FR-2018-09-21.pdf,official_scope_expanded_on_valid_2018_hts_universe
us_301_list3_2018,Section 301 List 3,521152,2018-09-24,us_301_list3_2018:5211.52.00=5211.52.00,2,,https://www.govinfo.gov/content/pkg/FR-2018-09-21/pdf/FR-2018-09-21.pdf,official_scope_expanded_on_valid_2018_hts_universe
us_301_list3_2018,Section 301 List 3,521159,2018-09-24,us_301_list3_2018:5211.59.00=5211.59.00,5,,https://www.govinfo.gov/content/pkg/FR-2018-09-21/pdf/FR-2018-09-21.pdf,official_scope_expanded_on_valid_2018_hts_universe
us_301_list3_2018,Section 301 List 3,521211,2018-09-24,us_301_list3_2018:5212.11.10=5212.11.10|us_301_list3_2018:5212.11.60=5212.11.60,11,,https://www.govinfo.gov/content/pkg/FR-2018-09-21/pdf/FR-2018-09-21.pdf,official_scope_expanded_on_valid_2018_hts_universe
us_301_list3_2018,Section 301 List 3,521212,2018-09-24,us_301_list3_2018:5212.12.10=5212.12.10|us_301_list3_2018:5212.12.60=5212.12.60,11,,https://www.govinfo.gov/content/pkg/FR-2018-09-21/pdf/FR-2018-09-21.pdf,official_scope_expanded_on_valid_2018_hts_universe
us_301_list3_2018,Section 301 List 3,521213,2018-09-24,us_301_list3_2018:5212.13.10=5212.13.10|us_301_list3_2018:5212.13.60=5212.13.60,11,,https://www.govinfo.gov/content/pkg/FR-2018-09-21/pdf/FR-2018-09-21.pdf,official_scope_expanded_on_valid_2018_hts_universe
us_301_list3_2018,Section 301 List 3,521214,2018-09-24,us_301_list3_2018:5212.14.10=5212.14.10|us_301_list3_2018:5212.14.60=5212.14.60,6,,https://www.govinfo.gov/content/pkg/FR-2018-09-21/pdf/FR-2018-09-21.pdf,official_scope_expanded_on_valid_2018_hts_universe
us_301_list3_2018,Section 301 List 3,521215,2018-09-24,us_301_list3_2018:5212.15.10=5212.15.10|us_301_list3_2018:5212.15.60=5212.15.60,11,,https://www.govinfo.gov/content/pkg/FR-2018-09-21/pdf/FR-2018-09-21.pdf,official_scope_expanded_on_valid_2018_hts_universe
us_301_list3_2018,Section 301 List 3,521221,2018-09-24,us_301_list3_2018:5212.21.10=5212.21.10|us_301_list3_2018:5212.21.60=5212.21.60,9,,https://www.govinfo.gov/content/pkg/FR-2018-09-21/pdf/FR-2018-09-21.pdf,official_scope_expanded_on_valid_2018_hts_universe
us_301_list3_2018,Section 301 List 3,521222,2018-09-24,us_301_list3_2018:5212.22.10=5212.22.10|us_301_list3_2018:5212.22.60=5212.22.60,9,,https://www.govinfo.gov/content/pkg/FR-2018-09-21/pdf/FR-2018-09-21.pdf,official_scope_expanded_on_valid_2018_hts_universe
us_301_list3_2018,Section 301 List 3,521223,2018-09-24,us_301_list3_2018:5212.23.10=5212.23.10|us_301_list3_2018:5212.23.60=5212.23.60,9,,https://www.govinfo.gov/content/pkg/FR-2018-09-21/pdf/FR-2018-09-21.pdf,official_scope_expanded_on_valid_2018_hts_universe
us_301_list3_2018,Section 301 List 3,521224,2018-09-24,us_301_list3_2018:5212.24.10=5212.24.10|us_301_list3_2018:5212.24.60=5212.24.60,7,,https://www.govinfo.gov/content/pkg/FR-2018-09-21/pdf/FR-2018-09-21.pdf,official_scope_expanded_on_valid_2018_hts_universe
us_301_list3_2018,Section 301 List 3,521225,2018-09-24,us_301_list3_2018:5212.25.10=5212.25.10|us_301_list3_2018:5212.25.60=5212.25.60,9,,https://www.govinfo.gov/content/pkg/FR-2018-09-21/pdf/FR-2018-09-21.pdf,official_scope_expanded_on_valid_2018_hts_universe
us_301_list3_2018,Section 301 List 3,530110,2018-09-24,us_301_list3_2018:5301.10.00=5301.10.00,1,,https://www.govinfo.gov/content/pkg/FR-2018-09-21/pdf/FR-2018-09-21.pdf,official_scope_expanded_on_valid_2018_hts_universe
us_301_list3_2018,Section 301 List 3,530121,2018-09-24,us_301_list3_2018:5301.21.00=5301.21.00,1,,https://www.govinfo.gov/content/pkg/FR-2018-09-21/pdf/FR-2018-09-21.pdf,official_scope_expanded_on_valid_2018_hts_universe
us_301_list3_2018,Section 301 List 3,530129,2018-09-24,us_301_list3_2018:5301.29.00=5301.29.00,1,,https://www.govinfo.gov/content/pkg/FR-2018-09-21/pdf/FR-2018-09-21.pdf,official_scope_expanded_on_valid_2018_hts_universe
us_301_list3_2018,Section 301 List 3,530130,2018-09-24,us_301_list3_2018:5301.30.00=5301.30.00,1,,https://www.govinfo.gov/content/pkg/FR-2018-09-21/pdf/FR-2018-09-21.pdf,official_scope_expanded_on_valid_2018_hts_universe
us_301_list3_2018,Section 301 List 3,530210,2018-09-24,us_301_list3_2018:5302.10.00=5302.10.00,1,,https://www.govinfo.gov/content/pkg/FR-2018-09-21/pdf/FR-2018-09-21.pdf,official_scope_expanded_on_valid_2018_hts_universe
us_301_list3_2018,Section 301 List 3,530290,2018-09-24,us_301_list3_2018:5302.90.00=5302.90.00,1,,https://www.govinfo.gov/content/pkg/FR-2018-09-21/pdf/FR-2018-09-21.pdf,official_scope_expanded_on_valid_2018_hts_universe
us_301_list3_2018,Section 301 List 3,530310,2018-09-24,us_301_list3_2018:5303.10.00=5303.10.00,1,,https://www.govinfo.gov/content/pkg/FR-2018-09-21/pdf/FR-2018-09-21.pdf,official_scope_expanded_on_valid_2018_hts_universe
us_301_list3_2018,Section 301 List 3,530390,2018-09-24,us_301_list3_2018:5303.90.00=5303.90.00,1,,https://www.govinfo.gov/content/pkg/FR-2018-09-21/pdf/FR-2018-09-21.pdf,official_scope_expanded_on_valid_2018_hts_universe
us_301_list3_2018,Section 301 List 3,530500,2018-09-24,us_301_list3_2018:5305.00.00=5305.00.00,1,,https://www.govinfo.gov/content/pkg/FR-2018-09-21/pdf/FR-2018-09-21.pdf,official_scope_expanded_on_valid_2018_hts_universe
us_301_list3_2018,Section 301 List 3,530610,2018-09-24,us_301_list3_2018:5306.10.00=5306.10.00,1,,https://www.govinfo.gov/content/pkg/FR-2018-09-21/pdf/FR-2018-09-21.pdf,official_scope_expanded_on_valid_2018_hts_universe
us_301_list3_2018,Section 301 List 3,530620,2018-09-24,us_301_list3_2018:5306.20.00=5306.20.00,1,,https://www.govinfo.gov/content/pkg/FR-2018-09-21/pdf/FR-2018-09-21.pdf,official_scope_expanded_on_valid_2018_hts_universe
us_301_list3_2018,Section 301 List 3,530710,2018-09-24,us_301_list3_2018:5307.10.00=5307.10.00,1,,https://www.govinfo.gov/content/pkg/FR-2018-09-21/pdf/FR-2018-09-21.pdf,official_scope_expanded_on_valid_2018_hts_universe
us_301_list3_2018,Section 301 List 3,530720,2018-09-24,us_301_list3_2018:5307.20.00=5307.20.00,1,,https://www.govinfo.gov/content/pkg/FR-2018-09-21/pdf/FR-2018-09-21.pdf,official_scope_expanded_on_valid_2018_hts_universe
us_301_list3_2018,Section 301 List 3,530810,2018-09-24,us_301_list3_2018:5308.10.00=5308.10.00,1,,https://www.govinfo.gov/content/pkg/FR-2018-09-21/pdf/FR-2018-09-21.pdf,official_scope_expanded_on_valid_2018_hts_universe
us_301_list3_2018,Section 301 List 3,530820,2018-09-24,us_301_list3_2018:5308.20.00=5308.20.00,1,,https://www.govinfo.gov/content/pkg/FR-2018-09-21/pdf/FR-2018-09-21.pdf,official_scope_expanded_on_valid_2018_hts_universe
us_301_list3_2018,Section 301 List 3,530890,2018-09-24,us_301_list3_2018:5308.90.10=5308.90.10,1,,https://www.govinfo.gov/content/pkg/FR-2018-09-21/pdf/FR-2018-09-21.pdf,official_scope_expanded_on_valid_2018_hts_universe
us_301_list3_2018,Section 301 List 3,530911,2018-09-24,us_301_list3_2018:5309.11.00=5309.11.00,2,,https://www.govinfo.gov/content/pkg/FR-2018-09-21/pdf/FR-2018-09-21.pdf,official_scope_expanded_on_valid_2018_hts_universe
us_301_list3_2018,Section 301 List 3,530919,2018-09-24,us_301_list3_2018:5309.19.00=5309.19.00,2,,https://www.govinfo.gov/content/pkg/FR-2018-09-21/pdf/FR-2018-09-21.pdf,official_scope_expanded_on_valid_2018_hts_universe
us_301_list3_2018,Section 301 List 3,530921,2018-09-24,us_301_list3_2018:5309.21.20=5309.21.20|us_301_list3_2018:5309.21.30=5309.21.30|us_301_list3_2018:5309.21.40=5309.21.40,12,,https://www.govinfo.gov/content/pkg/FR-2018-09-21/pdf/FR-2018-09-21.pdf,official_scope_expanded_on_valid_2018_hts_universe
us_301_list3_2018,Section 301 List 3,530929,2018-09-24,us_301_list3_2018:5309.29.20=5309.29.20|us_301_list3_2018:5309.29.30=5309.29.30|us_301_list3_2018:5309.29.40=5309.29.40,12,,https://www.govinfo.gov/content/pkg/FR-2018-09-21/pdf/FR-2018-09-21.pdf,official_scope_expanded_on_valid_2018_hts_universe
us_301_list3_2018,Section 301 List 3,531010,2018-09-24,us_301_list3_2018:5310.10.00=5310.10.00,3,,https://www.govinfo.gov/content/pkg/FR-2018-09-21/pdf/FR-2018-09-21.pdf,official_scope_expanded_on_valid_2018_hts_universe
us_301_list3_2018,Section 301 List 3,531090,2018-09-24,us_301_list3_2018:5310.90.00=5310.90.00,1,,https://www.govinfo.gov/content/pkg/FR-2018-09-21/pdf/FR-2018-09-21.pdf,official_scope_expanded_on_valid_2018_hts_universe
us_301_list3_2018,Section 301 List 3,531100,2018-09-24,us_301_list3_2018:5311.00.20=5311.00.20|us_301_list3_2018:5311.00.30=5311.00.30|us_301_list3_2018:5311.00.40=5311.00.40|us_301_list3_2018:5311.00.60=5311.00.60,13,,https://www.govinfo.gov/content/pkg/FR-2018-09-21/pdf/FR-2018-09-21.pdf,official_scope_expanded_on_valid_2018_hts_universe
us_301_list3_2018,Section 301 List 3,540110,2018-09-24,us_301_list3_2018:5401.10.00=5401.10.00,1,,https://www.govinfo.gov/content/pkg/FR-2018-09-21/pdf/FR-2018-09-21.pdf,official_scope_expanded_on_valid_2018_hts_universe
us_301_list3_2018,Section 301 List 3,540120,2018-09-24,us_301_list3_2018:5401.20.00=5401.20.00,1,,https://www.govinfo.gov/content/pkg/FR-2018-09-21/pdf/FR-2018-09-21.pdf,official_scope_expanded_on_valid_2018_hts_universe
us_301_list3_2018,Section 301 List 3,540211,2018-09-24,us_301_list3_2018:5402.11.30=5402.11.30|us_301_list3_2018:5402.11.60=5402.11.60,5,,https://www.govinfo.gov/content/pkg/FR-2018-09-21/pdf/FR-2018-09-21.pdf,official_scope_expanded_on_valid_2018_hts_universe
us_301_list3_2018,Section 301 List 3,540219,2018-09-24,us_301_list3_2018:5402.19.30=5402.19.30|us_301_list3_2018:5402.19.60=5402.19.60,5,,https://www.govinfo.gov/content/pkg/FR-2018-09-21/pdf/FR-2018-09-21.pdf,official_scope_expanded_on_valid_2018_hts_universe
us_301_list3_2018,Section 301 List 3,540220,2018-09-24,us_301_list3_2018:5402.20.30=5402.20.30,4,,https://www.govinfo.gov/content/pkg/FR-2018-09-21/pdf/FR-2018-09-21.pdf,official_scope_expanded_on_valid_2018_hts_universe
us_301_list3_2018,Section 301 List 3,540231,2018-09-24,us_301_list3_2018:5402.31.30=5402.31.30|us_301_list3_2018:5402.31.60=5402.31.60,2,,https://www.govinfo.gov/content/pkg/FR-2018-09-21/pdf/FR-2018-09-21.pdf,official_scope_expanded_on_valid_2018_hts_universe
us_301_list3_2018,Section 301 List 3,540232,2018-09-24,us_301_list3_2018:5402.32.30=5402.32.30|us_301_list3_2018:5402.32.60=5402.32.60,2,,https://www.govinfo.gov/content/pkg/FR-2018-09-21/pdf/FR-2018-09-21.pdf,official_scope_expanded_on_valid_2018_hts_universe
us_301_list3_2018,Section 301 List 3,540233,2018-09-24,us_301_list3_2018:5402.33.30=5402.33.30|us_301_list3_2018:5402.33.60=5402.33.60,2,,https://www.govinfo.gov/content/pkg/FR-2018-09-21/pdf/FR-2018-09-21.pdf,official_scope_expanded_on_valid_2018_hts_universe
us_301_list3_2018,Section 301 List 3,540234,2018-09-24,us_301_list3_2018:5402.34.30=5402.34.30|us_301_list3_2018:5402.34.60=5402.34.60,2,,https://www.govinfo.gov/content/pkg/FR-2018-09-21/pdf/FR-2018-09-21.pdf,official_scope_expanded_on_valid_2018_hts_universe
us_301_list3_2018,Section 301 List 3,540239,2018-09-24,us_301_list3_2018:5402.39.31=5402.39.31|us_301_list3_2018:5402.39.61=5402.39.61,4,,https://www.govinfo.gov/content/pkg/FR-2018-09-21/pdf/FR-2018-09-21.pdf,official_scope_expanded_on_valid_2018_hts_universe
us_301_list3_2018,Section 301 List 3,540244,2018-09-24,us_301_list3_2018:5402.44.00=5402.44.00,2,,https://www.govinfo.gov/content/pkg/FR-2018-09-21/pdf/FR-2018-09-21.pdf,official_scope_expanded_on_valid_2018_hts_universe
us_301_list3_2018,Section 301 List 3,540245,2018-09-24,us_301_list3_2018:5402.45.10=5402.45.10|us_301_list3_2018:5402.45.90=5402.45.90,4,,https://www.govinfo.gov/content/pkg/FR-2018-09-21/pdf/FR-2018-09-21.pdf,official_scope_expanded_on_valid_2018_hts_universe
us_301_list3_2018,Section 301 List 3,540246,2018-09-24,us_301_list3_2018:5402.46.00=5402.46.00,1,,https://www.govinfo.gov/content/pkg/FR-2018-09-21/pdf/FR-2018-09-21.pdf,official_scope_expanded_on_valid_2018_hts_universe
us_301_list3_2018,Section 301 List 3,540247,2018-09-24,us_301_list3_2018:5402.47.10=5402.47.10|us_301_list3_2018:5402.47.90=5402.47.90,4,,https://www.govinfo.gov/content/pkg/FR-2018-09-21/pdf/FR-2018-09-21.pdf,official_scope_expanded_on_valid_2018_hts_universe
us_301_list3_2018,Section 301 List 3,540248,2018-09-24,us_301_list3_2018:5402.48.00=5402.48.00,2,,https://www.govinfo.gov/content/pkg/FR-2018-09-21/pdf/FR-2018-09-21.pdf,official_scope_expanded_on_valid_2018_hts_universe
us_301_list3_2018,Section 301 List 3,540249,2018-09-24,us_301_list3_2018:5402.49.11=5402.49.11|us_301_list3_2018:5402.49.91=5402.49.91,5,,https://www.govinfo.gov/content/pkg/FR-2018-09-21/pdf/FR-2018-09-21.pdf,official_scope_expanded_on_valid_2018_hts_universe
us_301_list3_2018,Section 301 List 3,540251,2018-09-24,us_301_list3_2018:5402.51.00=5402.51.00,1,,https://www.govinfo.gov/content/pkg/FR-2018-09-21/pdf/FR-2018-09-21.pdf,official_scope_expanded_on_valid_2018_hts_universe
us_301_list3_2018,Section 301 List 3,540252,2018-09-24,us_301_list3_2018:5402.52.10=5402.52.10|us_301_list3_2018:5402.52.90=5402.52.90,2,,https://www.govinfo.gov/content/pkg/FR-2018-09-21/pdf/FR-2018-09-21.pdf,official_scope_expanded_on_valid_2018_hts_universe
us_301_list3_2018,Section 301 List 3,540253,2018-09-24,us_301_list3_2018:5402.53.00=5402.53.00,1,,https://www.govinfo.gov/content/pkg/FR-2018-09-21/pdf/FR-2018-09-21.pdf,official_scope_expanded_on_valid_2018_hts_universe
us_301_list3_2018,Section 301 List 3,540259,2018-09-24,us_301_list3_2018:5402.59.01=5402.59.01,1,,https://www.govinfo.gov/content/pkg/FR-2018-09-21/pdf/FR-2018-09-21.pdf,official_scope_expanded_on_valid_2018_hts_universe
us_301_list3_2018,Section 301 List 3,540261,2018-09-24,us_301_list3_2018:5402.61.00=5402.61.00,1,,https://www.govinfo.gov/content/pkg/FR-2018-09-21/pdf/FR-2018-09-21.pdf,official_scope_expanded_on_valid_2018_hts_universe
us_301_list3_2018,Section 301 List 3,540262,2018-09-24,us_301_list3_2018:5402.62.00=5402.62.00,1,,https://www.govinfo.gov/content/pkg/FR-2018-09-21/pdf/FR-2018-09-21.pdf,official_scope_expanded_on_valid_2018_hts_universe
us_301_list3_2018,Section 301 List 3,540263,2018-09-24,us_301_list3_2018:5402.63.00=5402.63.00,1,,https://www.govinfo.gov/content/pkg/FR-2018-09-21/pdf/FR-2018-09-21.pdf,official_scope_expanded_on_valid_2018_hts_universe
us_301_list3_2018,Section 301 List 3,540269,2018-09-24,us_301_list3_2018:5402.69.01=5402.69.01,1,,https://www.govinfo.gov/content/pkg/FR-2018-09-21/pdf/FR-2018-09-21.pdf,official_scope_expanded_on_valid_2018_hts_universe
us_301_list3_2018,Section 301 List 3,540310,2018-09-24,us_301_list3_2018:5403.10.30=5403.10.30|us_301_list3_2018:5403.10.60=5403.10.60,3,,https://www.govinfo.gov/content/pkg/FR-2018-09-21/pdf/FR-2018-09-21.pdf,official_scope_expanded_on_valid_2018_hts_universe
us_301_list3_2018,Section 301 List 3,540331,2018-09-24,us_301_list3_2018:5403.31.00=5403.31.00,2,,https://www.govinfo.gov/content/pkg/FR-2018-09-21/pdf/FR-2018-09-21.pdf,official_scope_expanded_on_valid_2018_hts_universe
us_301_list3_2018,Section 301 List 3,540332,2018-09-24,us_301_list3_2018:5403.32.00=5403.32.00,1,,https://www.govinfo.gov/content/pkg/FR-2018-09-21/pdf/FR-2018-09-21.pdf,official_scope_expanded_on_valid_2018_hts_universe
us_301_list3_2018,Section 301 List 3,540333,2018-09-24,us_301_list3_2018:5403.33.00=5403.33.00,2,,https://www.govinfo.gov/content/pkg/FR-2018-09-21/pdf/FR-2018-09-21.pdf,official_scope_expanded_on_valid_2018_hts_universe
us_301_list3_2018,Section 301 List 3,540339,2018-09-24,us_301_list3_2018:5403.39.10=5403.39.10|us_301_list3_2018:5403.39.90=5403.39.90,3,,https://www.govinfo.gov/content/pkg/FR-2018-09-21/pdf/FR-2018-09-21.pdf,official_scope_expanded_on_valid_2018_hts_universe
us_301_list3_2018,Section 301 List 3,540341,2018-09-24,us_301_list3_2018:5403.41.00=5403.41.00,1,,https://www.govinfo.gov/content/pkg/FR-2018-09-21/pdf/FR-2018-09-21.pdf,official_scope_expanded_on_valid_2018_hts_universe
us_301_list3_2018,Section 301 List 3,540342,2018-09-24,us_301_list3_2018:5403.42.00=5403.42.00,1,,https://www.govinfo.gov/content/pkg/FR-2018-09-21/pdf/FR-2018-09-21.pdf,official_scope_expanded_on_valid_2018_hts_universe
us_301_list3_2018,Section 301 List 3,540349,2018-09-24,us_301_list3_2018:5403.49.10=5403.49.10|us_301_list3_2018:5403.49.90=5403.49.90,2,,https://www.govinfo.gov/content/pkg/FR-2018-09-21/pdf/FR-2018-09-21.pdf,official_scope_expanded_on_valid_2018_hts_universe
us_301_list3_2018,Section 301 List 3,540411,2018-09-24,us_301_list3_2018:5404.11.00=5404.11.00,1,,https://www.govinfo.gov/content/pkg/FR-2018-09-21/pdf/FR-2018-09-21.pdf,official_scope_expanded_on_valid_2018_hts_universe
us_301_list3_2018,Section 301 List 3,540412,2018-09-24,us_301_list3_2018:5404.12.10=5404.12.10|us_301_list3_2018:5404.12.90=5404.12.90,2,,https://www.govinfo.gov/content/pkg/FR-2018-09-21/pdf/FR-2018-09-21.pdf,official_scope_expanded_on_valid_2018_hts_universe
us_301_list3_2018,Section 301 List 3,540419,2018-09-24,us_301_list3_2018:5404.19.10=5404.19.10|us_301_list3_2018:5404.19.80=5404.19.80,4,,https://www.govinfo.gov/content/pkg/FR-2018-09-21/pdf/FR-2018-09-21.pdf,official_scope_expanded_on_valid_2018_hts_universe
us_301_list3_2018,Section 301 List 3,540490,2018-09-24,us_301_list3_2018:5404.90.00=5404.90.00,1,,https://www.govinfo.gov/content/pkg/FR-2018-09-21/pdf/FR-2018-09-21.pdf,official_scope_expanded_on_valid_2018_hts_universe
us_301_list3_2018,Section 301 List 3,540500,2018-09-24,us_301_list3_2018:5405.00.30=5405.00.30|us_301_list3_2018:5405.00.60=5405.00.60,2,,https://www.govinfo.gov/content/pkg/FR-2018-09-21/pdf/FR-2018-09-21.pdf,official_scope_expanded_on_valid_2018_hts_universe
us_301_list3_2018,Section 301 List 3,540600,2018-09-24,us_301_list3_2018:5406.00.10=5406.00.10|us_301_list3_2018:5406.00.20=5406.00.20,4,,https://www.govinfo.gov/content/pkg/FR-2018-09-21/pdf/FR-2018-09-21.pdf,official_scope_expanded_on_valid_2018_hts_universe
us_301_list3_2018,Section 301 List 3,540710,2018-09-24,us_301_list3_2018:5407.10.00=5407.10.00,2,,https://www.govinfo.gov/content/pkg/FR-2018-09-21/pdf/FR-2018-09-21.pdf,official_scope_expanded_on_valid_2018_hts_universe
us_301_list3_2018,Section 301 List 3,540720,2018-09-24,us_301_list3_2018:5407.20.00=5407.20.00,1,,https://www.govinfo.gov/content/pkg/FR-2018-09-21/pdf/FR-2018-09-21.pdf,official_scope_expanded_on_valid_2018_hts_universe
us_301_list3_2018,Section 301 List 3,540730,2018-09-24,us_301_list3_2018:5407.30.10=5407.30.10|us_301_list3_2018:5407.30.90=5407.30.90,2,,https://www.govinfo.gov/content/pkg/FR-2018-09-21/pdf/FR-2018-09-21.pdf,official_scope_expanded_on_valid_2018_hts_universe
us_301_list3_2018,Section 301 List 3,540741,2018-09-24,us_301_list3_2018:5407.41.00=5407.41.00,4,,https://www.govinfo.gov/content/pkg/FR-2018-09-21/pdf/FR-2018-09-21.pdf,official_scope_expanded_on_valid_2018_hts_universe
us_301_list3_2018,Section 301 List 3,540742,2018-09-24,us_301_list3_2018:5407.42.00=5407.42.00,2,,https://www.govinfo.gov/content/pkg/FR-2018-09-21/pdf/FR-2018-09-21.pdf,official_scope_expanded_on_valid_2018_hts_universe
us_301_list3_2018,Section 301 List 3,540743,2018-09-24,us_301_list3_2018:5407.43.10=5407.43.10|us_301_list3_2018:5407.43.20=5407.43.20,3,,https://www.govinfo.gov/content/pkg/FR-2018-09-21/pdf/FR-2018-09-21.pdf,official_scope_expanded_on_valid_2018_hts_universe
us_301_list3_2018,Section 301 List 3,540744,2018-09-24,us_301_list3_2018:5407.44.00=5407.44.00,2,,https://www.govinfo.gov/content/pkg/FR-2018-09-21/pdf/FR-2018-09-21.pdf,official_scope_expanded_on_valid_2018_hts_universe
us_301_list3_2018,Section 301 List 3,540751,2018-09-24,us_301_list3_2018:5407.51.00=5407.51.00,3,,https://www.govinfo.gov/content/pkg/FR-2018-09-21/pdf/FR-2018-09-21.pdf,official_scope_expanded_on_valid_2018_hts_universe
us_301_list3_2018,Section 301 List 3,540752,2018-09-24,us_301_list3_2018:5407.52.05=5407.52.05|us_301_list3_2018:5407.52.20=5407.52.20,4,,https://www.govinfo.gov/content/pkg/FR-2018-09-21/pdf/FR-2018-09-21.pdf,official_scope_expanded_on_valid_2018_hts_universe
us_301_list3_2018,Section 301 List 3,540753,2018-09-24,us_301_list3_2018:5407.53.10=5407.53.10|us_301_list3_2018:5407.53.20=5407.53.20,4,,https://www.govinfo.gov/content/pkg/FR-2018-09-21/pdf/FR-2018-09-21.pdf,official_scope_expanded_on_valid_2018_hts_universe
us_301_list3_2018,Section 301 List 3,540761,2018-09-24,us_301_list3_2018:5407.61.11=5407.61.11|us_301_list3_2018:5407.61.19=5407.61.19|us_301_list3_2018:5407.61.21=5407.61.21|us_301_list3_2018:5407.61.29=5407.61.29|us_301_list3_2018:5407.61.91=5407.61.91|us_301_list3_2018:5407.61.99=5407.61.99,17,,https://www.govinfo.gov/content/pkg/FR-2018-09-21/pdf/FR-2018-09-21.pdf,official_scope_expanded_on_valid_2018_hts_universe
us_301_list3_2018,Section 301 List 3,540769,2018-09-24,us_301_list3_2018:5407.69.10=5407.69.10|us_301_list3_2018:5407.69.20=5407.69.20|us_301_list3_2018:5407.69.30=5407.69.30|us_301_list3_2018:5407.69.40=5407.69.40|us_301_list3_2018:5407.69.90=5407.69.90,9,,https://www.govinfo.gov/content/pkg/FR-2018-09-21/pdf/FR-2018-09-21.pdf,official_scope_expanded_on_valid_2018_hts_universe
us_301_list3_2018,Section 301 List 3,540771,2018-09-24,us_301_list3_2018:5407.71.00=5407.71.00,2,,https://www.govinfo.gov/content/pkg/FR-2018-09-21/pdf/FR-2018-09-21.pdf,official_scope_expanded_on_valid_2018_hts_universe
us_301_list3_2018,Section 301 List 3,540772,2018-09-24,us_301_list3_2018:5407.72.00=5407.72.00,2,,https://www.govinfo.gov/content/pkg/FR-2018-09-21/pdf/FR-2018-09-21.pdf,official_scope_expanded_on_valid_2018_hts_universe
us_301_list3_2018,Section 301 List 3,540773,2018-09-24,us_301_list3_2018:5407.73.10=5407.73.10|us_301_list3_2018:5407.73.20=5407.73.20,3,,https://www.govinfo.gov/content/pkg/FR-2018-09-21/pdf/FR-2018-09-21.pdf,official_scope_expanded_on_valid_2018_hts_universe
us_301_list3_2018,Section 301 List 3,540774,2018-09-24,us_301_list3_2018:5407.74.00=5407.74.00,2,,https://www.govinfo.gov/content/pkg/FR-2018-09-21/pdf/FR-2018-09-21.pdf,official_scope_expanded_on_valid_2018_hts_universe
us_301_list3_2018,Section 301 List 3,540781,2018-09-24,us_301_list3_2018:5407.81.00=5407.81.00,5,,https://www.govinfo.gov/content/pkg/FR-2018-09-21/pdf/FR-2018-09-21.pdf,official_scope_expanded_on_valid_2018_hts_universe
us_301_list3_2018,Section 301 List 3,540782,2018-09-24,us_301_list3_2018:5407.82.00=5407.82.00,5,,https://www.govinfo.gov/content/pkg/FR-2018-09-21/pdf/FR-2018-09-21.pdf,official_scope_expanded_on_valid_2018_hts_universe
us_301_list3_2018,Section 301 List 3,540783,2018-09-24,us_301_list3_2018:5407.83.00=5407.83.00,5,,https://www.govinfo.gov/content/pkg/FR-2018-09-21/pdf/FR-2018-09-21.pdf,official_scope_expanded_on_valid_2018_hts_universe
us_301_list3_2018,Section 301 List 3,540784,2018-09-24,us_301_list3_2018:5407.84.00=5407.84.00,5,,https://www.govinfo.gov/content/pkg/FR-2018-09-21/pdf/FR-2018-09-21.pdf,official_scope_expanded_on_valid_2018_hts_universe
us_301_list3_2018,Section 301 List 3,540791,2018-09-24,us_301_list3_2018:5407.91.05=5407.91.05|us_301_list3_2018:5407.91.10=5407.91.10|us_301_list3_2018:5407.91.20=5407.91.20,9,,https://www.govinfo.gov/content/pkg/FR-2018-09-21/pdf/FR-2018-09-21.pdf,official_scope_expanded_on_valid_2018_hts_universe
us_301_list3_2018,Section 301 List 3,540792,2018-09-24,us_301_list3_2018:5407.92.05=5407.92.05|us_301_list3_2018:5407.92.10=5407.92.10|us_301_list3_2018:5407.92.20=5407.92.20,10,,https://www.govinfo.gov/content/pkg/FR-2018-09-21/pdf/FR-2018-09-21.pdf,official_scope_expanded_on_valid_2018_hts_universe
us_301_list3_2018,Section 301 List 3,540793,2018-09-24,us_301_list3_2018:5407.93.05=5407.93.05|us_301_list3_2018:5407.93.10=5407.93.10|us_301_list3_2018:5407.93.15=5407.93.15|us_301_list3_2018:5407.93.20=5407.93.20,10,,https://www.govinfo.gov/content/pkg/FR-2018-09-21/pdf/FR-2018-09-21.pdf,official_scope_expanded_on_valid_2018_hts_universe
us_301_list3_2018,Section 301 List 3,540794,2018-09-24,us_301_list3_2018:5407.94.05=5407.94.05|us_301_list3_2018:5407.94.10=5407.94.10|us_301_list3_2018:5407.94.20=5407.94.20,9,,https://www.govinfo.gov/content/pkg/FR-2018-09-21/pdf/FR-2018-09-21.pdf,official_scope_expanded_on_valid_2018_hts_universe
us_301_list3_2018,Section 301 List 3,540810,2018-09-24,us_301_list3_2018:5408.10.00=5408.10.00,1,,https://www.govinfo.gov/content/pkg/FR-2018-09-21/pdf/FR-2018-09-21.pdf,official_scope_expanded_on_valid_2018_hts_universe
us_301_list3_2018,Section 301 List 3,540821,2018-09-24,us_301_list3_2018:5408.21.00=5408.21.00,2,,https://www.govinfo.gov/content/pkg/FR-2018-09-21/pdf/FR-2018-09-21.pdf,official_scope_expanded_on_valid_2018_hts_universe
us_301_list3_2018,Section 301 List 3,540822,2018-09-24,us_301_list3_2018:5408.22.10=5408.22.10|us_301_list3_2018:5408.22.90=5408.22.90,3,,https://www.govinfo.gov/content/pkg/FR-2018-09-21/pdf/FR-2018-09-21.pdf,official_scope_expanded_on_valid_2018_hts_universe
us_301_list3_2018,Section 301 List 3,540823,2018-09-24,us_301_list3_2018:5408.23.11=5408.23.11|us_301_list3_2018:5408.23.19=5408.23.19|us_301_list3_2018:5408.23.21=5408.23.21|us_301_list3_2018:5408.23.29=5408.23.29,5,,https://www.govinfo.gov/content/pkg/FR-2018-09-21/pdf/FR-2018-09-21.pdf,official_scope_expanded_on_valid_2018_hts_universe
us_301_list3_2018,Section 301 List 3,540824,2018-09-24,us_301_list3_2018:5408.24.10=5408.24.10|us_301_list3_2018:5408.24.90=5408.24.90,5,,https://www.govinfo.gov/content/pkg/FR-2018-09-21/pdf/FR-2018-09-21.pdf,official_scope_expanded_on_valid_2018_hts_universe
us_301_list3_2018,Section 301 List 3,540831,2018-09-24,us_301_list3_2018:5408.31.05=5408.31.05|us_301_list3_2018:5408.31.10=5408.31.10|us_301_list3_2018:5408.31.20=5408.31.20,9,,https://www.govinfo.gov/content/pkg/FR-2018-09-21/pdf/FR-2018-09-21.pdf,official_scope_expanded_on_valid_2018_hts_universe
us_301_list3_2018,Section 301 List 3,540832,2018-09-24,us_301_list3_2018:5408.32.05=5408.32.05|us_301_list3_2018:5408.32.10=5408.32.10|us_301_list3_2018:5408.32.30=5408.32.30|us_301_list3_2018:5408.32.90=5408.32.90,10,,https://www.govinfo.gov/content/pkg/FR-2018-09-21/pdf/FR-2018-09-21.pdf,official_scope_expanded_on_valid_2018_hts_universe
us_301_list3_2018,Section 301 List 3,540833,2018-09-24,us_301_list3_2018:5408.33.05=5408.33.05|us_301_list3_2018:5408.33.10=5408.33.10|us_301_list3_2018:5408.33.15=5408.33.15|us_301_list3_2018:5408.33.30=5408.33.30|us_301_list3_2018:5408.33.90=5408.33.90,11,,https://www.govinfo.gov/content/pkg/FR-2018-09-21/pdf/FR-2018-09-21.pdf,official_scope_expanded_on_valid_2018_hts_universe
us_301_list3_2018,Section 301 List 3,540834,2018-09-24,us_301_list3_2018:5408.34.05=5408.34.05|us_301_list3_2018:5408.34.10=5408.34.10|us_301_list3_2018:5408.34.30=5408.34.30|us_301_list3_2018:5408.34.90=5408.34.90,11,,https://www.govinfo.gov/content/pkg/FR-2018-09-21/pdf/FR-2018-09-21.pdf,official_scope_expanded_on_valid_2018_hts_universe
us_301_list3_2018,Section 301 List 3,550110,2018-09-24,us_301_list3_2018:5501.10.00=5501.10.00,1,,https://www.govinfo.gov/content/pkg/FR-2018-09-21/pdf/FR-2018-09-21.pdf,official_scope_expanded_on_valid_2018_hts_universe
us_301_list3_2018,Section 301 List 3,550120,2018-09-24,us_301_list3_2018:5501.20.00=5501.20.00,1,,https://www.govinfo.gov/content/pkg/FR-2018-09-21/pdf/FR-2018-09-21.pdf,official_scope_expanded_on_valid_2018_hts_universe
us_301_list3_2018,Section 301 List 3,550130,2018-09-24,us_301_list3_2018:5501.30.00=5501.30.00,2,,https://www.govinfo.gov/content/pkg/FR-2018-09-21/pdf/FR-2018-09-21.pdf,official_scope_expanded_on_valid_2018_hts_universe
us_301_list3_2018,Section 301 List 3,550140,2018-09-24,us_301_list3_2018:5501.40.00=5501.40.00,1,,https://www.govinfo.gov/content/pkg/FR-2018-09-21/pdf/FR-2018-09-21.pdf,official_scope_expanded_on_valid_2018_hts_universe
us_301_list3_2018,Section 301 List 3,550190,2018-09-24,us_301_list3_2018:5501.90.01=5501.90.01,1,,https://www.govinfo.gov/content/pkg/FR-2018-09-21/pdf/FR-2018-09-21.pdf,official_scope_expanded_on_valid_2018_hts_universe
us_301_list3_2018,Section 301 List 3,550210,2018-09-24,us_301_list3_2018:5502.10.00=5502.10.00,1,,https://www.govinfo.gov/content/pkg/FR-2018-09-21/pdf/FR-2018-09-21.pdf,official_scope_expanded_on_valid_2018_hts_universe
us_301_list3_2018,Section 301 List 3,550290,2018-09-24,us_301_list3_2018:5502.90.00=5502.90.00,1,,https://www.govinfo.gov/content/pkg/FR-2018-09-21/pdf/FR-2018-09-21.pdf,official_scope_expanded_on_valid_2018_hts_universe
us_301_list3_2018,Section 301 List 3,550311,2018-09-24,us_301_list3_2018:5503.11.00=5503.11.00,1,,https://www.govinfo.gov/content/pkg/FR-2018-09-21/pdf/FR-2018-09-21.pdf,official_scope_expanded_on_valid_2018_hts_universe
us_301_list3_2018,Section 301 List 3,550319,2018-09-24,us_301_list3_2018:5503.19.10=5503.19.10|us_301_list3_2018:5503.19.90=5503.19.90,2,,https://www.govinfo.gov/content/pkg/FR-2018-09-21/pdf/FR-2018-09-21.pdf,official_scope_expanded_on_valid_2018_hts_universe
us_301_list3_2018,Section 301 List 3,550320,2018-09-24,us_301_list3_2018:5503.20.00=5503.20.00,4,,https://www.govinfo.gov/content/pkg/FR-2018-09-21/pdf/FR-2018-09-21.pdf,official_scope_expanded_on_valid_2018_hts_universe
us_301_list3_2018,Section 301 List 3,550330,2018-09-24,us_301_list3_2018:5503.30.00=5503.30.00,1,,https://www.govinfo.gov/content/pkg/FR-2018-09-21/pdf/FR-2018-09-21.pdf,official_scope_expanded_on_valid_2018_hts_universe
us_301_list3_2018,Section 301 List 3,550340,2018-09-24,us_301_list3_2018:5503.40.00=5503.40.00,1,,https://www.govinfo.gov/content/pkg/FR-2018-09-21/pdf/FR-2018-09-21.pdf,official_scope_expanded_on_valid_2018_hts_universe
us_301_list3_2018,Section 301 List 3,550390,2018-09-24,us_301_list3_2018:5503.90.10=5503.90.10|us_301_list3_2018:5503.90.90=5503.90.90,2,,https://www.govinfo.gov/content/pkg/FR-2018-09-21/pdf/FR-2018-09-21.pdf,official_scope_expanded_on_valid_2018_hts_universe
us_301_list3_2018,Section 301 List 3,550490,2018-09-24,us_301_list3_2018:5504.90.00=5504.90.00,1,,https://www.govinfo.gov/content/pkg/FR-2018-09-21/pdf/FR-2018-09-21.pdf,official_scope_expanded_on_valid_2018_hts_universe
us_301_list3_2018,Section 301 List 3,550510,2018-09-24,us_301_list3_2018:5505.10.00=5505.10.00,3,,https://www.govinfo.gov/content/pkg/FR-2018-09-21/pdf/FR-2018-09-21.pdf,official_scope_expanded_on_valid_2018_hts_universe
us_301_list3_2018,Section 301 List 3,550520,2018-09-24,us_301_list3_2018:5505.20.00=5505.20.00,1,,https://www.govinfo.gov/content/pkg/FR-2018-09-21/pdf/FR-2018-09-21.pdf,official_scope_expanded_on_valid_2018_hts_universe
us_301_list3_2018,Section 301 List 3,550610,2018-09-24,us_301_list3_2018:5506.10.00=5506.10.00,1,,https://www.govinfo.gov/content/pkg/FR-2018-09-21/pdf/FR-2018-09-21.pdf,official_scope_expanded_on_valid_2018_hts_universe
us_301_list3_2018,Section 301 List 3,550620,2018-09-24,us_301_list3_2018:5506.20.00=5506.20.00,1,,https://www.govinfo.gov/content/pkg/FR-2018-09-21/pdf/FR-2018-09-21.pdf,official_scope_expanded_on_valid_2018_hts_universe
us_301_list3_2018,Section 301 List 3,550630,2018-09-24,us_301_list3_2018:5506.30.00=5506.30.00,1,,https://www.govinfo.gov/content/pkg/FR-2018-09-21/pdf/FR-2018-09-21.pdf,official_scope_expanded_on_valid_2018_hts_universe
us_301_list3_2018,Section 301 List 3,550640,2018-09-24,us_301_list3_2018:5506.40.00=5506.40.00,1,,https://www.govinfo.gov/content/pkg/FR-2018-09-21/pdf/FR-2018-09-21.pdf,official_scope_expanded_on_valid_2018_hts_universe
us_301_list3_2018,Section 301 List 3,550690,2018-09-24,us_301_list3_2018:5506.90.01=5506.90.01,1,,https://www.govinfo.gov/content/pkg/FR-2018-09-21/pdf/FR-2018-09-21.pdf,official_scope_expanded_on_valid_2018_hts_universe
us_301_list3_2018,Section 301 List 3,550700,2018-09-24,us_301_list3_2018:5507.00.00=5507.00.00,1,,https://www.govinfo.gov/content/pkg/FR-2018-09-21/pdf/FR-2018-09-21.pdf,official_scope_expanded_on_valid_2018_hts_universe
us_301_list3_2018,Section 301 List 3,550810,2018-09-24,us_301_list3_2018:5508.10.00=5508.10.00,1,,https://www.govinfo.gov/content/pkg/FR-2018-09-21/pdf/FR-2018-09-21.pdf,official_scope_expanded_on_valid_2018_hts_universe
us_301_list3_2018,Section 301 List 3,550820,2018-09-24,us_301_list3_2018:5508.20.00=5508.20.00,1,,https://www.govinfo.gov/content/pkg/FR-2018-09-21/pdf/FR-2018-09-21.pdf,official_scope_expanded_on_valid_2018_hts_universe
us_301_list3_2018,Section 301 List 3,550911,2018-09-24,us_301_list3_2018:5509.11.00=5509.11.00,1,,https://www.govinfo.gov/content/pkg/FR-2018-09-21/pdf/FR-2018-09-21.pdf,official_scope_expanded_on_valid_2018_hts_universe
us_301_list3_2018,Section 301 List 3,550912,2018-09-24,us_301_list3_2018:5509.12.00=5509.12.00,1,,https://www.govinfo.gov/content/pkg/FR-2018-09-21/pdf/FR-2018-09-21.pdf,official_scope_expanded_on_valid_2018_hts_universe
us_301_list3_2018,Section 301 List 3,550921,2018-09-24,us_301_list3_2018:5509.21.00=5509.21.00,1,,https://www.govinfo.gov/content/pkg/FR-2018-09-21/pdf/FR-2018-09-21.pdf,official_scope_expanded_on_valid_2018_hts_universe
us_301_list3_2018,Section 301 List 3,550922,2018-09-24,us_301_list3_2018:5509.22.00=5509.22.00,2,,https://www.govinfo.gov/content/pkg/FR-2018-09-21/pdf/FR-2018-09-21.pdf,official_scope_expanded_on_valid_2018_hts_universe
us_301_list3_2018,Section 301 List 3,550931,2018-09-24,us_301_list3_2018:5509.31.00=5509.31.00,1,,https://www.govinfo.gov/content/pkg/FR-2018-09-21/pdf/FR-2018-09-21.pdf,official_scope_expanded_on_valid_2018_hts_universe
us_301_list3_2018,Section 301 List 3,550932,2018-09-24,us_301_list3_2018:5509.32.00=5509.32.00,1,,https://www.govinfo.gov/content/pkg/FR-2018-09-21/pdf/FR-2018-09-21.pdf,official_scope_expanded_on_valid_2018_hts_universe
us_301_list3_2018,Section 301 List 3,550941,2018-09-24,us_301_list3_2018:5509.41.00=5509.41.00,2,,https://www.govinfo.gov/content/pkg/FR-2018-09-21/pdf/FR-2018-09-21.pdf,official_scope_expanded_on_valid_2018_hts_universe
us_301_list3_2018,Section 301 List 3,550942,2018-09-24,us_301_list3_2018:5509.42.00=5509.42.00,2,,https://www.govinfo.gov/content/pkg/FR-2018-09-21/pdf/FR-2018-09-21.pdf,official_scope_expanded_on_valid_2018_hts_universe
us_301_list3_2018,Section 301 List 3,550951,2018-09-24,us_301_list3_2018:5509.51.30=5509.51.30|us_301_list3_2018:5509.51.60=5509.51.60,2,,https://www.govinfo.gov/content/pkg/FR-2018-09-21/pdf/FR-2018-09-21.pdf,official_scope_expanded_on_valid_2018_hts_universe
us_301_list3_2018,Section 301 List 3,550952,2018-09-24,us_301_list3_2018:5509.52.00=5509.52.00,1,,https://www.govinfo.gov/content/pkg/FR-2018-09-21/pdf/FR-2018-09-21.pdf,official_scope_expanded_on_valid_2018_hts_universe
us_301_list3_2018,Section 301 List 3,550953,2018-09-24,us_301_list3_2018:5509.53.00=5509.53.00,2,,https://www.govinfo.gov/content/pkg/FR-2018-09-21/pdf/FR-2018-09-21.pdf,official_scope_expanded_on_valid_2018_hts_universe
us_301_list3_2018,Section 301 List 3,550959,2018-09-24,us_301_list3_2018:5509.59.00=5509.59.00,1,,https://www.govinfo.gov/content/pkg/FR-2018-09-21/pdf/FR-2018-09-21.pdf,official_scope_expanded_on_valid_2018_hts_universe
us_301_list3_2018,Section 301 List 3,550961,2018-09-24,us_301_list3_2018:5509.61.00=5509.61.00,1,,https://www.govinfo.gov/content/pkg/FR-2018-09-21/pdf/FR-2018-09-21.pdf,official_scope_expanded_on_valid_2018_hts_universe
us_301_list3_2018,Section 301 List 3,550962,2018-09-24,us_301_list3_2018:5509.62.00=5509.62.00,1,,https://www.govinfo.gov/content/pkg/FR-2018-09-21/pdf/FR-2018-09-21.pdf,official_scope_expanded_on_valid_2018_hts_universe
us_301_list3_2018,Section 301 List 3,550969,2018-09-24,us_301_list3_2018:5509.69.20=5509.69.20|us_301_list3_2018:5509.69.40=5509.69.40|us_301_list3_2018:5509.69.60=5509.69.60,3,,https://www.govinfo.gov/content/pkg/FR-2018-09-21/pdf/FR-2018-09-21.pdf,official_scope_expanded_on_valid_2018_hts_universe
us_301_list3_2018,Section 301 List 3,550991,2018-09-24,us_301_list3_2018:5509.91.00=5509.91.00,1,,https://www.govinfo.gov/content/pkg/FR-2018-09-21/pdf/FR-2018-09-21.pdf,official_scope_expanded_on_valid_2018_hts_universe
us_301_list3_2018,Section 301 List 3,550992,2018-09-24,us_301_list3_2018:5509.92.00=5509.92.00,1,,https://www.govinfo.gov/content/pkg/FR-2018-09-21/pdf/FR-2018-09-21.pdf,official_scope_expanded_on_valid_2018_hts_universe
us_301_list3_2018,Section 301 List 3,550999,2018-09-24,us_301_list3_2018:5509.99.20=5509.99.20|us_301_list3_2018:5509.99.40=5509.99.40|us_301_list3_2018:5509.99.60=5509.99.60,3,,https://www.govinfo.gov/content/pkg/FR-2018-09-21/pdf/FR-2018-09-21.pdf,official_scope_expanded_on_valid_2018_hts_universe
us_301_list3_2018,Section 301 List 3,551011,2018-09-24,us_301_list3_2018:5510.11.00=5510.11.00,1,,https://www.govinfo.gov/content/pkg/FR-2018-09-21/pdf/FR-2018-09-21.pdf,official_scope_expanded_on_valid_2018_hts_universe
us_301_list3_2018,Section 301 List 3,551012,2018-09-24,us_301_list3_2018:5510.12.00=5510.12.00,1,,https://www.govinfo.gov/content/pkg/FR-2018-09-21/pdf/FR-2018-09-21.pdf,official_scope_expanded_on_valid_2018_hts_universe
us_301_list3_2018,Section 301 List 3,551020,2018-09-24,us_301_list3_2018:5510.20.00=5510.20.00,1,,https://www.govinfo.gov/content/pkg/FR-2018-09-21/pdf/FR-2018-09-21.pdf,official_scope_expanded_on_valid_2018_hts_universe
us_301_list3_2018,Section 301 List 3,551030,2018-09-24,us_301_list3_2018:5510.30.00=5510.30.00,1,,https://www.govinfo.gov/content/pkg/FR-2018-09-21/pdf/FR-2018-09-21.pdf,official_scope_expanded_on_valid_2018_hts_universe
us_301_list3_2018,Section 301 List 3,551090,2018-09-24,us_301_list3_2018:5510.90.20=5510.90.20|us_301_list3_2018:5510.90.40=5510.90.40|us_301_list3_2018:5510.90.60=5510.90.60,3,,https://www.govinfo.gov/content/pkg/FR-2018-09-21/pdf/FR-2018-09-21.pdf,official_scope_expanded_on_valid_2018_hts_universe
us_301_list3_2018,Section 301 List 3,551110,2018-09-24,us_301_list3_2018:5511.10.00=5511.10.00,2,,https://www.govinfo.gov/content/pkg/FR-2018-09-21/pdf/FR-2018-09-21.pdf,official_scope_expanded_on_valid_2018_hts_universe
us_301_list3_2018,Section 301 List 3,551120,2018-09-24,us_301_list3_2018:5511.20.00=5511.20.00,1,,https://www.govinfo.gov/content/pkg/FR-2018-09-21/pdf/FR-2018-09-21.pdf,official_scope_expanded_on_valid_2018_hts_universe
us_301_list3_2018,Section 301 List 3,551130,2018-09-24,us_301_list3_2018:5511.30.00=5511.30.00,1,,https://www.govinfo.gov/content/pkg/FR-2018-09-21/pdf/FR-2018-09-21.pdf,official_scope_expanded_on_valid_2018_hts_universe
us_301_list3_2018,Section 301 List 3,551211,2018-09-24,us_301_list3_2018:5512.11.00=5512.11.00,9,,https://www.govinfo.gov/content/pkg/FR-2018-09-21/pdf/FR-2018-09-21.pdf,official_scope_expanded_on_valid_2018_hts_universe
us_301_list3_2018,Section 301 List 3,551219,2018-09-24,us_301_list3_2018:5512.19.00=5512.19.00,11,,https://www.govinfo.gov/content/pkg/FR-2018-09-21/pdf/FR-2018-09-21.pdf,official_scope_expanded_on_valid_2018_hts_universe
us_301_list3_2018,Section 301 List 3,551221,2018-09-24,us_301_list3_2018:5512.21.00=5512.21.00,8,,https://www.govinfo.gov/content/pkg/FR-2018-09-21/pdf/FR-2018-09-21.pdf,official_scope_expanded_on_valid_2018_hts_universe
us_301_list3_2018,Section 301 List 3,551229,2018-09-24,us_301_list3_2018:5512.29.00=5512.29.00,10,,https://www.govinfo.gov/content/pkg/FR-2018-09-21/pdf/FR-2018-09-21.pdf,official_scope_expanded_on_valid_2018_hts_universe
us_301_list3_2018,Section 301 List 3,551291,2018-09-24,us_301_list3_2018:5512.91.00=5512.91.00,8,,https://www.govinfo.gov/content/pkg/FR-2018-09-21/pdf/FR-2018-09-21.pdf,official_scope_expanded_on_valid_2018_hts_universe
us_301_list3_2018,Section 301 List 3,551299,2018-09-24,us_301_list3_2018:5512.99.00=5512.99.00,10,,https://www.govinfo.gov/content/pkg/FR-2018-09-21/pdf/FR-2018-09-21.pdf,official_scope_expanded_on_valid_2018_hts_universe
us_301_list3_2018,Section 301 List 3,551311,2018-09-24,us_301_list3_2018:5513.11.00=5513.11.00,4,,https://www.govinfo.gov/content/pkg/FR-2018-09-21/pdf/FR-2018-09-21.pdf,official_scope_expanded_on_valid_2018_hts_universe
us_301_list3_2018,Section 301 List 3,551312,2018-09-24,us_301_list3_2018:5513.12.00=5513.12.00,1,,https://www.govinfo.gov/content/pkg/FR-2018-09-21/pdf/FR-2018-09-21.pdf,official_scope_expanded_on_valid_2018_hts_universe
us_301_list3_2018,Section 301 List 3,551313,2018-09-24,us_301_list3_2018:5513.13.00=5513.13.00,3,,https://www.govinfo.gov/content/pkg/FR-2018-09-21/pdf/FR-2018-09-21.pdf,official_scope_expanded_on_valid_2018_hts_universe
us_301_list3_2018,Section 301 List 3,551319,2018-09-24,us_301_list3_2018:5513.19.00=5513.19.00,7,,https://www.govinfo.gov/content/pkg/FR-2018-09-21/pdf/FR-2018-09-21.pdf,official_scope_expanded_on_valid_2018_hts_universe
us_301_list3_2018,Section 301 List 3,551323,2018-09-24,us_301_list3_2018:5513.23.01=5513.23.01,3,,https://www.govinfo.gov/content/pkg/FR-2018-09-21/pdf/FR-2018-09-21.pdf,official_scope_expanded_on_valid_2018_hts_universe
us_301_list3_2018,Section 301 List 3,551329,2018-09-24,us_301_list3_2018:5513.29.00=5513.29.00,7,,https://www.govinfo.gov/content/pkg/FR-2018-09-21/pdf/FR-2018-09-21.pdf,official_scope_expanded_on_valid_2018_hts_universe
us_301_list3_2018,Section 301 List 3,551331,2018-09-24,us_301_list3_2018:5513.31.00=5513.31.00,1,,https://www.govinfo.gov/content/pkg/FR-2018-09-21/pdf/FR-2018-09-21.pdf,official_scope_expanded_on_valid_2018_hts_universe
us_301_list3_2018,Section 301 List 3,551339,2018-09-24,us_301_list3_2018:5513.39.01=5513.39.01,3,,https://www.govinfo.gov/content/pkg/FR-2018-09-21/pdf/FR-2018-09-21.pdf,official_scope_expanded_on_valid_2018_hts_universe
us_301_list3_2018,Section 301 List 3,551341,2018-09-24,us_301_list3_2018:5513.41.00=5513.41.00,4,,https://www.govinfo.gov/content/pkg/FR-2018-09-21/pdf/FR-2018-09-21.pdf,official_scope_expanded_on_valid_2018_hts_universe
us_301_list3_2018,Section 301 List 3,551349,2018-09-24,us_301_list3_2018:5513.49.10=5513.49.10|us_301_list3_2018:5513.49.20=5513.49.20|us_301_list3_2018:5513.49.90=5513.49.90,11,,https://www.govinfo.gov/content/pkg/FR-2018-09-21/pdf/FR-2018-09-21.pdf,official_scope_expanded_on_valid_2018_hts_universe
us_301_list3_2018,Section 301 List 3,551411,2018-09-24,us_301_list3_2018:5514.11.00=5514.11.00,4,,https://www.govinfo.gov/content/pkg/FR-2018-09-21/pdf/FR-2018-09-21.pdf,official_scope_expanded_on_valid_2018_hts_universe
us_301_list3_2018,Section 301 List 3,551412,2018-09-24,us_301_list3_2018:5514.12.00=5514.12.00,2,,https://www.govinfo.gov/content/pkg/FR-2018-09-21/pdf/FR-2018-09-21.pdf,official_scope_expanded_on_valid_2018_hts_universe
us_301_list3_2018,Section 301 List 3,551419,2018-09-24,us_301_list3_2018:5514.19.10=5514.19.10|us_301_list3_2018:5514.19.90=5514.19.90,8,,https://www.govinfo.gov/content/pkg/FR-2018-09-21/pdf/FR-2018-09-21.pdf,official_scope_expanded_on_valid_2018_hts_universe
us_301_list3_2018,Section 301 List 3,551421,2018-09-24,us_301_list3_2018:5514.21.00=5514.21.00,4,,https://www.govinfo.gov/content/pkg/FR-2018-09-21/pdf/FR-2018-09-21.pdf,official_scope_expanded_on_valid_2018_hts_universe
us_301_list3_2018,Section 301 List 3,551422,2018-09-24,us_301_list3_2018:5514.22.00=5514.22.00,2,,https://www.govinfo.gov/content/pkg/FR-2018-09-21/pdf/FR-2018-09-21.pdf,official_scope_expanded_on_valid_2018_hts_universe
us_301_list3_2018,Section 301 List 3,551423,2018-09-24,us_301_list3_2018:5514.23.00=5514.23.00,3,,https://www.govinfo.gov/content/pkg/FR-2018-09-21/pdf/FR-2018-09-21.pdf,official_scope_expanded_on_valid_2018_hts_universe
us_301_list3_2018,Section 301 List 3,551429,2018-09-24,us_301_list3_2018:5514.29.00=5514.29.00,5,,https://www.govinfo.gov/content/pkg/FR-2018-09-21/pdf/FR-2018-09-21.pdf,official_scope_expanded_on_valid_2018_hts_universe
us_301_list3_2018,Section 301 List 3,551430,2018-09-24,us_301_list3_2018:5514.30.31=5514.30.31|us_301_list3_2018:5514.30.32=5514.30.32|us_301_list3_2018:5514.30.33=5514.30.33|us_301_list3_2018:5514.30.39=5514.30.39,9,,https://www.govinfo.gov/content/pkg/FR-2018-09-21/pdf/FR-2018-09-21.pdf,official_scope_expanded_on_valid_2018_hts_universe
us_301_list3_2018,Section 301 List 3,551441,2018-09-24,us_301_list3_2018:5514.41.00=5514.41.00,4,,https://www.govinfo.gov/content/pkg/FR-2018-09-21/pdf/FR-2018-09-21.pdf,official_scope_expanded_on_valid_2018_hts_universe
us_301_list3_2018,Section 301 List 3,551442,2018-09-24,us_301_list3_2018:5514.42.00=5514.42.00,2,,https://www.govinfo.gov/content/pkg/FR-2018-09-21/pdf/FR-2018-09-21.pdf,official_scope_expanded_on_valid_2018_hts_universe
us_301_list3_2018,Section 301 List 3,551443,2018-09-24,us_301_list3_2018:5514.43.00=5514.43.00,3,,https://www.govinfo.gov/content/pkg/FR-2018-09-21/pdf/FR-2018-09-21.pdf,official_scope_expanded_on_valid_2018_hts_universe
us_301_list3_2018,Section 301 List 3,551449,2018-09-24,us_301_list3_2018:5514.49.00=5514.49.00,5,,https://www.govinfo.gov/content/pkg/FR-2018-09-21/pdf/FR-2018-09-21.pdf,official_scope_expanded_on_valid_2018_hts_universe
us_301_list3_2018,Section 301 List 3,551511,2018-09-24,us_301_list3_2018:5515.11.00=5515.11.00,10,,https://www.govinfo.gov/content/pkg/FR-2018-09-21/pdf/FR-2018-09-21.pdf,official_scope_expanded_on_valid_2018_hts_universe
us_301_list3_2018,Section 301 List 3,551512,2018-09-24,us_301_list3_2018:5515.12.00=5515.12.00,6,,https://www.govinfo.gov/content/pkg/FR-2018-09-21/pdf/FR-2018-09-21.pdf,official_scope_expanded_on_valid_2018_hts_universe
us_301_list3_2018,Section 301 List 3,551513,2018-09-24,us_301_list3_2018:5515.13.05=5515.13.05|us_301_list3_2018:5515.13.10=5515.13.10,4,,https://www.govinfo.gov/content/pkg/FR-2018-09-21/pdf/FR-2018-09-21.pdf,official_scope_expanded_on_valid_2018_hts_universe
us_301_list3_2018,Section 301 List 3,551519,2018-09-24,us_301_list3_2018:5515.19.00=5515.19.00,10,,https://www.govinfo.gov/content/pkg/FR-2018-09-21/pdf/FR-2018-09-21.pdf,official_scope_expanded_on_valid_2018_hts_universe
us_301_list3_2018,Section 301 List 3,551521,2018-09-24,us_301_list3_2018:5515.21.00=5515.21.00,5,,https://www.govinfo.gov/content/pkg/FR-2018-09-21/pdf/FR-2018-09-21.pdf,official_scope_expanded_on_valid_2018_hts_universe
us_301_list3_2018,Section 301 List 3,551522,2018-09-24,us_301_list3_2018:5515.22.05=5515.22.05|us_301_list3_2018:5515.22.10=5515.22.10,3,,https://www.govinfo.gov/content/pkg/FR-2018-09-21/pdf/FR-2018-09-21.pdf,official_scope_expanded_on_valid_2018_hts_universe
us_301_list3_2018,Section 301 List 3,551529,2018-09-24,us_301_list3_2018:5515.29.00=5515.29.00,10,,https://www.govinfo.gov/content/pkg/FR-2018-09-21/pdf/FR-2018-09-21.pdf,official_scope_expanded_on_valid_2018_hts_universe
us_301_list3_2018,Section 301 List 3,551591,2018-09-24,us_301_list3_2018:5515.91.00=5515.91.00,5,,https://www.govinfo.gov/content/pkg/FR-2018-09-21/pdf/FR-2018-09-21.pdf,official_scope_expanded_on_valid_2018_hts_universe
us_301_list3_2018,Section 301 List 3,551599,2018-09-24,us_301_list3_2018:5515.99.05=5515.99.05|us_301_list3_2018:5515.99.10=5515.99.10|us_301_list3_2018:5515.99.90=5515.99.90,14,,https://www.govinfo.gov/content/pkg/FR-2018-09-21/pdf/FR-2018-09-21.pdf,official_scope_expanded_on_valid_2018_hts_universe
us_301_list3_2018,Section 301 List 3,551611,2018-09-24,us_301_list3_2018:5516.11.00=5516.11.00,3,,https://www.govinfo.gov/content/pkg/FR-2018-09-21/pdf/FR-2018-09-21.pdf,official_scope_expanded_on_valid_2018_hts_universe
us_301_list3_2018,Section 301 List 3,551612,2018-09-24,us_301_list3_2018:5516.12.00=5516.12.00,3,,https://www.govinfo.gov/content/pkg/FR-2018-09-21/pdf/FR-2018-09-21.pdf,official_scope_expanded_on_valid_2018_hts_universe
us_301_list3_2018,Section 301 List 3,551613,2018-09-24,us_301_list3_2018:5516.13.00=5516.13.00,1,,https://www.govinfo.gov/content/pkg/FR-2018-09-21/pdf/FR-2018-09-21.pdf,official_scope_expanded_on_valid_2018_hts_universe
us_301_list3_2018,Section 301 List 3,551614,2018-09-24,us_301_list3_2018:5516.14.00=5516.14.00,6,,https://www.govinfo.gov/content/pkg/FR-2018-09-21/pdf/FR-2018-09-21.pdf,official_scope_expanded_on_valid_2018_hts_universe
us_301_list3_2018,Section 301 List 3,551621,2018-09-24,us_301_list3_2018:5516.21.00=5516.21.00,5,,https://www.govinfo.gov/content/pkg/FR-2018-09-21/pdf/FR-2018-09-21.pdf,official_scope_expanded_on_valid_2018_hts_universe
us_301_list3_2018,Section 301 List 3,551622,2018-09-24,us_301_list3_2018:5516.22.00=5516.22.00,5,,https://www.govinfo.gov/content/pkg/FR-2018-09-21/pdf/FR-2018-09-21.pdf,official_scope_expanded_on_valid_2018_hts_universe
us_301_list3_2018,Section 301 List 3,551623,2018-09-24,us_301_list3_2018:5516.23.00=5516.23.00,5,,https://www.govinfo.gov/content/pkg/FR-2018-09-21/pdf/FR-2018-09-21.pdf,official_scope_expanded_on_valid_2018_hts_universe
us_301_list3_2018,Section 301 List 3,551624,2018-09-24,us_301_list3_2018:5516.24.00=5516.24.00,6,,https://www.govinfo.gov/content/pkg/FR-2018-09-21/pdf/FR-2018-09-21.pdf,official_scope_expanded_on_valid_2018_hts_universe
us_301_list3_2018,Section 301 List 3,551631,2018-09-24,us_301_list3_2018:5516.31.05=5516.31.05|us_301_list3_2018:5516.31.10=5516.31.10,3,,https://www.govinfo.gov/content/pkg/FR-2018-09-21/pdf/FR-2018-09-21.pdf,official_scope_expanded_on_valid_2018_hts_universe
us_301_list3_2018,Section 301 List 3,551632,2018-09-24,us_301_list3_2018:5516.32.05=5516.32.05|us_301_list3_2018:5516.32.10=5516.32.10,3,,https://www.govinfo.gov/content/pkg/FR-2018-09-21/pdf/FR-2018-09-21.pdf,official_scope_expanded_on_valid_2018_hts_universe
us_301_list3_2018,Section 301 List 3,551633,2018-09-24,us_301_list3_2018:5516.33.05=5516.33.05|us_301_list3_2018:5516.33.10=5516.33.10,3,,https://www.govinfo.gov/content/pkg/FR-2018-09-21/pdf/FR-2018-09-21.pdf,official_scope_expanded_on_valid_2018_hts_universe
us_301_list3_2018,Section 301 List 3,551634,2018-09-24,us_301_list3_2018:5516.34.05=5516.34.05|us_301_list3_2018:5516.34.10=5516.34.10,3,,https://www.govinfo.gov/content/pkg/FR-2018-09-21/pdf/FR-2018-09-21.pdf,official_scope_expanded_on_valid_2018_hts_universe
us_301_list3_2018,Section 301 List 3,551641,2018-09-24,us_301_list3_2018:5516.41.00=5516.41.00,9,,https://www.govinfo.gov/content/pkg/FR-2018-09-21/pdf/FR-2018-09-21.pdf,official_scope_expanded_on_valid_2018_hts_universe
us_301_list3_2018,Section 301 List 3,551642,2018-09-24,us_301_list3_2018:5516.42.00=5516.42.00,9,,https://www.govinfo.gov/content/pkg/FR-2018-09-21/pdf/FR-2018-09-21.pdf,official_scope_expanded_on_valid_2018_hts_universe
us_301_list3_2018,Section 301 List 3,551643,2018-09-24,us_301_list3_2018:5516.43.00=5516.43.00,5,,https://www.govinfo.gov/content/pkg/FR-2018-09-21/pdf/FR-2018-09-21.pdf,official_scope_expanded_on_valid_2018_hts_universe
us_301_list3_2018,Section 301 List 3,551644,2018-09-24,us_301_list3_2018:5516.44.00=5516.44.00,9,,https://www.govinfo.gov/content/pkg/FR-2018-09-21/pdf/FR-2018-09-21.pdf,official_scope_expanded_on_valid_2018_hts_universe
us_301_list3_2018,Section 301 List 3,551691,2018-09-24,us_301_list3_2018:5516.91.00=5516.91.00,8,,https://www.govinfo.gov/content/pkg/FR-2018-09-21/pdf/FR-2018-09-21.pdf,official_scope_expanded_on_valid_2018_hts_universe
us_301_list3_2018,Section 301 List 3,551692,2018-09-24,us_301_list3_2018:5516.92.00=5516.92.00,8,,https://www.govinfo.gov/content/pkg/FR-2018-09-21/pdf/FR-2018-09-21.pdf,official_scope_expanded_on_valid_2018_hts_universe
us_301_list3_2018,Section 301 List 3,551693,2018-09-24,us_301_list3_2018:5516.93.00=5516.93.00,3,,https://www.govinfo.gov/content/pkg/FR-2018-09-21/pdf/FR-2018-09-21.pdf,official_scope_expanded_on_valid_2018_hts_universe
us_301_list3_2018,Section 301 List 3,551694,2018-09-24,us_301_list3_2018:5516.94.00=5516.94.00,8,,https://www.govinfo.gov/content/pkg/FR-2018-09-21/pdf/FR-2018-09-21.pdf,official_scope_expanded_on_valid_2018_hts_universe
us_301_list3_2018,Section 301 List 3,560121,2018-09-24,us_301_list3_2018:5601.21.00=5601.21.00,2,,https://www.govinfo.gov/content/pkg/FR-2018-09-21/pdf/FR-2018-09-21.pdf,official_scope_expanded_on_valid_2018_hts_universe
us_301_list3_2018,Section 301 List 3,560122,2018-09-24,us_301_list3_2018:5601.22.00=5601.22.00,2,,https://www.govinfo.gov/content/pkg/FR-2018-09-21/pdf/FR-2018-09-21.pdf,official_scope_expanded_on_valid_2018_hts_universe
us_301_list3_2018,Section 301 List 3,560129,2018-09-24,us_301_list3_2018:5601.29.00=5601.29.00,3,,https://www.govinfo.gov/content/pkg/FR-2018-09-21/pdf/FR-2018-09-21.pdf,official_scope_expanded_on_valid_2018_hts_universe
us_301_list3_2018,Section 301 List 3,560130,2018-09-24,us_301_list3_2018:5601.30.00=5601.30.00,1,,https://www.govinfo.gov/content/pkg/FR-2018-09-21/pdf/FR-2018-09-21.pdf,official_scope_expanded_on_valid_2018_hts_universe
us_301_list3_2018,Section 301 List 3,560210,2018-09-24,us_301_list3_2018:5602.10.10=5602.10.10|us_301_list3_2018:5602.10.90=5602.10.90,3,,https://www.govinfo.gov/content/pkg/FR-2018-09-21/pdf/FR-2018-09-21.pdf,official_scope_expanded_on_valid_2018_hts_universe
us_301_list3_2018,Section 301 List 3,560221,2018-09-24,us_301_list3_2018:5602.21.00=5602.21.00,1,,https://www.govinfo.gov/content/pkg/FR-2018-09-21/pdf/FR-2018-09-21.pdf,official_scope_expanded_on_valid_2018_hts_universe
us_301_list3_2018,Section 301 List 3,560229,2018-09-24,us_301_list3_2018:5602.29.00=5602.29.00,1,,https://www.govinfo.gov/content/pkg/FR-2018-09-21/pdf/FR-2018-09-21.pdf,official_scope_expanded_on_valid_2018_hts_universe
us_301_list3_2018,Section 301 List 3,560290,2018-09-24,us_301_list3_2018:5602.90.30=5602.90.30|us_301_list3_2018:5602.90.60=5602.90.60|us_301_list3_2018:5602.90.90=5602.90.90,3,,https://www.govinfo.gov/content/pkg/FR-2018-09-21/pdf/FR-2018-09-21.pdf,official_scope_expanded_on_valid_2018_hts_universe
us_301_list3_2018,Section 301 List 3,560311,2018-09-24,us_301_list3_2018:5603.11.00=5603.11.00,2,,https://www.govinfo.gov/content/pkg/FR-2018-09-21/pdf/FR-2018-09-21.pdf,official_scope_expanded_on_valid_2018_hts_universe
us_301_list3_2018,Section 301 List 3,560312,2018-09-24,us_301_list3_2018:5603.12.00=5603.12.00,2,,https://www.govinfo.gov/content/pkg/FR-2018-09-21/pdf/FR-2018-09-21.pdf,official_scope_expanded_on_valid_2018_hts_universe
us_301_list3_2018,Section 301 List 3,560313,2018-09-24,us_301_list3_2018:5603.13.00=5603.13.00,2,,https://www.govinfo.gov/content/pkg/FR-2018-09-21/pdf/FR-2018-09-21.pdf,official_scope_expanded_on_valid_2018_hts_universe
us_301_list3_2018,Section 301 List 3,560314,2018-09-24,us_301_list3_2018:5603.14.30=5603.14.30|us_301_list3_2018:5603.14.90=5603.14.90,3,,https://www.govinfo.gov/content/pkg/FR-2018-09-21/pdf/FR-2018-09-21.pdf,official_scope_expanded_on_valid_2018_hts_universe
us_301_list3_2018,Section 301 List 3,560391,2018-09-24,us_301_list3_2018:5603.91.00=5603.91.00,2,,https://www.govinfo.gov/content/pkg/FR-2018-09-21/pdf/FR-2018-09-21.pdf,official_scope_expanded_on_valid_2018_hts_universe
us_301_list3_2018,Section 301 List 3,560392,2018-09-24,us_301_list3_2018:5603.92.00=5603.92.00,2,,https://www.govinfo.gov/content/pkg/FR-2018-09-21/pdf/FR-2018-09-21.pdf,official_scope_expanded_on_valid_2018_hts_universe
us_301_list3_2018,Section 301 List 3,560393,2018-09-24,us_301_list3_2018:5603.93.00=5603.93.00,2,,https://www.govinfo.gov/content/pkg/FR-2018-09-21/pdf/FR-2018-09-21.pdf,official_scope_expanded_on_valid_2018_hts_universe
us_301_list3_2018,Section 301 List 3,560394,2018-09-24,us_301_list3_2018:5603.94.10=5603.94.10|us_301_list3_2018:5603.94.30=5603.94.30|us_301_list3_2018:5603.94.90=5603.94.90,8,,https://www.govinfo.gov/content/pkg/FR-2018-09-21/pdf/FR-2018-09-21.pdf,official_scope_expanded_on_valid_2018_hts_universe
us_301_list3_2018,Section 301 List 3,560410,2018-09-24,us_301_list3_2018:5604.10.00=5604.10.00,1,,https://www.govinfo.gov/content/pkg/FR-2018-09-21/pdf/FR-2018-09-21.pdf,official_scope_expanded_on_valid_2018_hts_universe
us_301_list3_2018,Section 301 List 3,560490,2018-09-24,us_301_list3_2018:5604.90.20=5604.90.20|us_301_list3_2018:5604.90.90=5604.90.90,2,,https://www.govinfo.gov/content/pkg/FR-2018-09-21/pdf/FR-2018-09-21.pdf,official_scope_expanded_on_valid_2018_hts_universe
us_301_list3_2018,Section 301 List 3,560500,2018-09-24,us_301_list3_2018:5605.00.10=5605.00.10|us_301_list3_2018:5605.00.90=5605.00.90,2,,https://www.govinfo.gov/content/pkg/FR-2018-09-21/pdf/FR-2018-09-21.pdf,official_scope_expanded_on_valid_2018_hts_universe
us_301_list3_2018,Section 301 List 3,560600,2018-09-24,us_301_list3_2018:5606.00.00=5606.00.00,2,,https://www.govinfo.gov/content/pkg/FR-2018-09-21/pdf/FR-2018-09-21.pdf,official_scope_expanded_on_valid_2018_hts_universe
us_301_list3_2018,Section 301 List 3,560721,2018-09-24,us_301_list3_2018:5607.21.00=5607.21.00,1,,https://www.govinfo.gov/content/pkg/FR-2018-09-21/pdf/FR-2018-09-21.pdf,official_scope_expanded_on_valid_2018_hts_universe
us_301_list3_2018,Section 301 List 3,560729,2018-09-24,us_301_list3_2018:5607.29.00=5607.29.00,1,,https://www.govinfo.gov/content/pkg/FR-2018-09-21/pdf/FR-2018-09-21.pdf,official_scope_expanded_on_valid_2018_hts_universe
us_301_list3_2018,Section 301 List 3,560741,2018-09-24,us_301_list3_2018:5607.41.10=5607.41.10|us_301_list3_2018:5607.41.30=5607.41.30,2,,https://www.govinfo.gov/content/pkg/FR-2018-09-21/pdf/FR-2018-09-21.pdf,official_scope_expanded_on_valid_2018_hts_universe
us_301_list3_2018,Section 301 List 3,560749,2018-09-24,us_301_list3_2018:5607.49.10=5607.49.10|us_301_list3_2018:5607.49.15=5607.49.15|us_301_list3_2018:5607.49.25=5607.49.25|us_301_list3_2018:5607.49.30=5607.49.30,4,,https://www.govinfo.gov/content/pkg/FR-2018-09-21/pdf/FR-2018-09-21.pdf,official_scope_expanded_on_valid_2018_hts_universe
us_301_list3_2018,Section 301 List 3,560750,2018-09-24,us_301_list3_2018:5607.50.25=5607.50.25|us_301_list3_2018:5607.50.35=5607.50.35|us_301_list3_2018:5607.50.40=5607.50.40,3,,https://www.govinfo.gov/content/pkg/FR-2018-09-21/pdf/FR-2018-09-21.pdf,official_scope_expanded_on_valid_2018_hts_universe
us_301_list3_2018,Section 301 List 3,560790,2018-09-24,us_301_list3_2018:5607.90.10=5607.90.10|us_301_list3_2018:5607.90.15=5607.90.15|us_301_list3_2018:5607.90.25=5607.90.25|us_301_list3_2018:5607.90.35=5607.90.35|us_301_list3_2018:5607.90.90=5607.90.90,5,,https://www.govinfo.gov/content/pkg/FR-2018-09-21/pdf/FR-2018-09-21.pdf,official_scope_expanded_on_valid_2018_hts_universe
us_301_list3_2018,Section 301 List 3,560811,2018-09-24,us_301_list3_2018:5608.11.00=5608.11.00,2,,https://www.govinfo.gov/content/pkg/FR-2018-09-21/pdf/FR-2018-09-21.pdf,official_scope_expanded_on_valid_2018_hts_universe
us_301_list3_2018,Section 301 List 3,560819,2018-09-24,us_301_list3_2018:5608.19.10=5608.19.10|us_301_list3_2018:5608.19.20=5608.19.20,4,,https://www.govinfo.gov/content/pkg/FR-2018-09-21/pdf/FR-2018-09-21.pdf,official_scope_expanded_on_valid_2018_hts_universe
us_301_list3_2018,Section 301 List 3,560890,2018-09-24,us_301_list3_2018:5608.90.10=5608.90.10|us_301_list3_2018:5608.90.23=5608.90.23|us_301_list3_2018:5608.90.27=5608.90.27|us_301_list3_2018:5608.90.30=5608.90.30,4,,https://www.govinfo.gov/content/pkg/FR-2018-09-21/pdf/FR-2018-09-21.pdf,official_scope_expanded_on_valid_2018_hts_universe
us_301_list3_2018,Section 301 List 3,560900,2018-09-24,us_301_list3_2018:5609.00.10=5609.00.10|us_301_list3_2018:5609.00.20=5609.00.20|us_301_list3_2018:5609.00.30=5609.00.30|us_301_list3_2018:5609.00.40=5609.00.40,4,,https://www.govinfo.gov/content/pkg/FR-2018-09-21/pdf/FR-2018-09-21.pdf,official_scope_expanded_on_valid_2018_hts_universe
us_301_list3_2018,Section 301 List 3,570110,2018-09-24,us_301_list3_2018:5701.10.13=5701.10.13|us_301_list3_2018:5701.10.16=5701.10.16|us_301_list3_2018:5701.10.40=5701.10.40|us_301_list3_2018:5701.10.90=5701.10.90,4,,https://www.govinfo.gov/content/pkg/FR-2018-09-21/pdf/FR-2018-09-21.pdf,official_scope_expanded_on_valid_2018_hts_universe
us_301_list3_2018,Section 301 List 3,570190,2018-09-24,us_301_list3_2018:5701.90.10=5701.90.10|us_301_list3_2018:5701.90.20=5701.90.20,8,,https://www.govinfo.gov/content/pkg/FR-2018-09-21/pdf/FR-2018-09-21.pdf,official_scope_expanded_on_valid_2018_hts_universe
us_301_list3_2018,Section 301 List 3,570210,2018-09-24,us_301_list3_2018:5702.10.10=5702.10.10|us_301_list3_2018:5702.10.90=5702.10.90,5,,https://www.govinfo.gov/content/pkg/FR-2018-09-21/pdf/FR-2018-09-21.pdf,official_scope_expanded_on_valid_2018_hts_universe
us_301_list3_2018,Section 301 List 3,570220,2018-09-24,us_301_list3_2018:5702.20.10=5702.20.10|us_301_list3_2018:5702.20.20=5702.20.20,2,,https://www.govinfo.gov/content/pkg/FR-2018-09-21/pdf/FR-2018-09-21.pdf,official_scope_expanded_on_valid_2018_hts_universe
us_301_list3_2018,Section 301 List 3,570231,2018-09-24,us_301_list3_2018:5702.31.10=5702.31.10|us_301_list3_2018:5702.31.20=5702.31.20,2,,https://www.govinfo.gov/content/pkg/FR-2018-09-21/pdf/FR-2018-09-21.pdf,official_scope_expanded_on_valid_2018_hts_universe
us_301_list3_2018,Section 301 List 3,570232,2018-09-24,us_301_list3_2018:5702.32.10=5702.32.10|us_301_list3_2018:5702.32.20=5702.32.20,2,,https://www.govinfo.gov/content/pkg/FR-2018-09-21/pdf/FR-2018-09-21.pdf,official_scope_expanded_on_valid_2018_hts_universe
us_301_list3_2018,Section 301 List 3,570239,2018-09-24,us_301_list3_2018:5702.39.10=5702.39.10|us_301_list3_2018:5702.39.20=5702.39.20,3,,https://www.govinfo.gov/content/pkg/FR-2018-09-21/pdf/FR-2018-09-21.pdf,official_scope_expanded_on_valid_2018_hts_universe
us_301_list3_2018,Section 301 List 3,570241,2018-09-24,us_301_list3_2018:5702.41.10=5702.41.10|us_301_list3_2018:5702.41.20=5702.41.20,2,,https://www.govinfo.gov/content/pkg/FR-2018-09-21/pdf/FR-2018-09-21.pdf,official_scope_expanded_on_valid_2018_hts_universe
us_301_list3_2018,Section 301 List 3,570242,2018-09-24,us_301_list3_2018:5702.42.10=5702.42.10|us_301_list3_2018:5702.42.20=5702.42.20,3,,https://www.govinfo.gov/content/pkg/FR-2018-09-21/pdf/FR-2018-09-21.pdf,official_scope_expanded_on_valid_2018_hts_universe
us_301_list3_2018,Section 301 List 3,570249,2018-09-24,us_301_list3_2018:5702.49.10=5702.49.10|us_301_list3_2018:5702.49.15=5702.49.15|us_301_list3_2018:5702.49.20=5702.49.20,4,,https://www.govinfo.gov/content/pkg/FR-2018-09-21/pdf/FR-2018-09-21.pdf,official_scope_expanded_on_valid_2018_hts_universe
us_301_list3_2018,Section 301 List 3,570250,2018-09-24,us_301_list3_2018:5702.50.20=5702.50.20|us_301_list3_2018:5702.50.40=5702.50.40|us_301_list3_2018:5702.50.52=5702.50.52|us_301_list3_2018:5702.50.56=5702.50.56|us_301_list3_2018:5702.50.59=5702.50.59,5,,https://www.govinfo.gov/content/pkg/FR-2018-09-21/pdf/FR-2018-09-21.pdf,official_scope_expanded_on_valid_2018_hts_universe
us_301_list3_2018,Section 301 List 3,570291,2018-09-24,us_301_list3_2018:5702.91.20=5702.91.20|us_301_list3_2018:5702.91.30=5702.91.30|us_301_list3_2018:5702.91.40=5702.91.40,3,,https://www.govinfo.gov/content/pkg/FR-2018-09-21/pdf/FR-2018-09-21.pdf,official_scope_expanded_on_valid_2018_hts_universe
us_301_list3_2018,Section 301 List 3,570292,2018-09-24,us_301_list3_2018:5702.92.10=5702.92.10|us_301_list3_2018:5702.92.90=5702.92.90,2,,https://www.govinfo.gov/content/pkg/FR-2018-09-21/pdf/FR-2018-09-21.pdf,official_scope_expanded_on_valid_2018_hts_universe
us_301_list3_2018,Section 301 List 3,570299,2018-09-24,us_301_list3_2018:5702.99.05=5702.99.05|us_301_list3_2018:5702.99.15=5702.99.15|us_301_list3_2018:5702.99.20=5702.99.20,3,,https://www.govinfo.gov/content/pkg/FR-2018-09-21/pdf/FR-2018-09-21.pdf,official_scope_expanded_on_valid_2018_hts_universe
us_301_list3_2018,Section 301 List 3,570310,2018-09-24,us_301_list3_2018:5703.10.20=5703.10.20|us_301_list3_2018:5703.10.80=5703.10.80,2,,https://www.govinfo.gov/content/pkg/FR-2018-09-21/pdf/FR-2018-09-21.pdf,official_scope_expanded_on_valid_2018_hts_universe
us_301_list3_2018,Section 301 List 3,570320,2018-09-24,us_301_list3_2018:5703.20.10=5703.20.10|us_301_list3_2018:5703.20.20=5703.20.20,3,,https://www.govinfo.gov/content/pkg/FR-2018-09-21/pdf/FR-2018-09-21.pdf,official_scope_expanded_on_valid_2018_hts_universe
us_301_list3_2018,Section 301 List 3,570330,2018-09-24,us_301_list3_2018:5703.30.20=5703.30.20|us_301_list3_2018:5703.30.80=5703.30.80,4,,https://www.govinfo.gov/content/pkg/FR-2018-09-21/pdf/FR-2018-09-21.pdf,official_scope_expanded_on_valid_2018_hts_universe
us_301_list3_2018,Section 301 List 3,570390,2018-09-24,us_301_list3_2018:5703.90.00=5703.90.00,1,,https://www.govinfo.gov/content/pkg/FR-2018-09-21/pdf/FR-2018-09-21.pdf,official_scope_expanded_on_valid_2018_hts_universe
us_301_list3_2018,Section 301 List 3,570410,2018-09-24,us_301_list3_2018:5704.10.00=5704.10.00,2,,https://www.govinfo.gov/content/pkg/FR-2018-09-21/pdf/FR-2018-09-21.pdf,official_scope_expanded_on_valid_2018_hts_universe
us_301_list3_2018,Section 301 List 3,570420,2018-09-24,us_301_list3_2018:5704.20.00=5704.20.00,2,,https://www.govinfo.gov/content/pkg/FR-2018-09-21/pdf/FR-2018-09-21.pdf,official_scope_expanded_on_valid_2018_hts_universe
us_301_list3_2018,Section 301 List 3,570490,2018-09-24,us_301_list3_2018:5704.90.01=5704.90.01,2,,https://www.govinfo.gov/content/pkg/FR-2018-09-21/pdf/FR-2018-09-21.pdf,official_scope_expanded_on_valid_2018_hts_universe
us_301_list3_2018,Section 301 List 3,570500,2018-09-24,us_301_list3_2018:5705.00.10=5705.00.10|us_301_list3_2018:5705.00.20=5705.00.20,6,,https://www.govinfo.gov/content/pkg/FR-2018-09-21/pdf/FR-2018-09-21.pdf,official_scope_expanded_on_valid_2018_hts_universe
us_301_list3_2018,Section 301 List 3,580110,2018-09-24,us_301_list3_2018:5801.10.00=5801.10.00,1,,https://www.govinfo.gov/content/pkg/FR-2018-09-21/pdf/FR-2018-09-21.pdf,official_scope_expanded_on_valid_2018_hts_universe
us_301_list3_2018,Section 301 List 3,580121,2018-09-24,us_301_list3_2018:5801.21.00=5801.21.00,1,,https://www.govinfo.gov/content/pkg/FR-2018-09-21/pdf/FR-2018-09-21.pdf,official_scope_expanded_on_valid_2018_hts_universe
us_301_list3_2018,Section 301 List 3,580122,2018-09-24,us_301_list3_2018:5801.22.10=5801.22.10|us_301_list3_2018:5801.22.90=5801.22.90,2,,https://www.govinfo.gov/content/pkg/FR-2018-09-21/pdf/FR-2018-09-21.pdf,official_scope_expanded_on_valid_2018_hts_universe
us_301_list3_2018,Section 301 List 3,580123,2018-09-24,us_301_list3_2018:5801.23.00=5801.23.00,1,,https://www.govinfo.gov/content/pkg/FR-2018-09-21/pdf/FR-2018-09-21.pdf,official_scope_expanded_on_valid_2018_hts_universe
us_301_list3_2018,Section 301 List 3,580126,2018-09-24,us_301_list3_2018:5801.26.00=5801.26.00,2,,https://www.govinfo.gov/content/pkg/FR-2018-09-21/pdf/FR-2018-09-21.pdf,official_scope_expanded_on_valid_2018_hts_universe
us_301_list3_2018,Section 301 List 3,580127,2018-09-24,us_301_list3_2018:5801.27.10=5801.27.10|us_301_list3_2018:5801.27.50=5801.27.50,3,,https://www.govinfo.gov/content/pkg/FR-2018-09-21/pdf/FR-2018-09-21.pdf,official_scope_expanded_on_valid_2018_hts_universe
us_301_list3_2018,Section 301 List 3,580137,2018-09-24,us_301_list3_2018:5801.37.10=5801.37.10|us_301_list3_2018:5801.37.50=5801.37.50,3,,https://www.govinfo.gov/content/pkg/FR-2018-09-21/pdf/FR-2018-09-21.pdf,official_scope_expanded_on_valid_2018_hts_universe
us_301_list3_2018,Section 301 List 3,580190,2018-09-24,us_301_list3_2018:5801.90.10=5801.90.10|us_301_list3_2018:5801.90.20=5801.90.20,3,,https://www.govinfo.gov/content/pkg/FR-2018-09-21/pdf/FR-2018-09-21.pdf,official_scope_expanded_on_valid_2018_hts_universe
us_301_list3_2018,Section 301 List 3,580211,2018-09-24,us_301_list3_2018:5802.11.00=5802.11.00,1,,https://www.govinfo.gov/content/pkg/FR-2018-09-21/pdf/FR-2018-09-21.pdf,official_scope_expanded_on_valid_2018_hts_universe
us_301_list3_2018,Section 301 List 3,580219,2018-09-24,us_301_list3_2018:5802.19.00=5802.19.00,1,,https://www.govinfo.gov/content/pkg/FR-2018-09-21/pdf/FR-2018-09-21.pdf,official_scope_expanded_on_valid_2018_hts_universe
us_301_list3_2018,Section 301 List 3,580220,2018-09-24,us_301_list3_2018:5802.20.00=5802.20.00,3,,https://www.govinfo.gov/content/pkg/FR-2018-09-21/pdf/FR-2018-09-21.pdf,official_scope_expanded_on_valid_2018_hts_universe
us_301_list3_2018,Section 301 List 3,580230,2018-09-24,us_301_list3_2018:5802.30.00=5802.30.00,4,,https://www.govinfo.gov/content/pkg/FR-2018-09-21/pdf/FR-2018-09-21.pdf,official_scope_expanded_on_valid_2018_hts_universe
us_301_list3_2018,Section 301 List 3,580300,2018-09-24,us_301_list3_2018:5803.00.10=5803.00.10|us_301_list3_2018:5803.00.20=5803.00.20|us_301_list3_2018:5803.00.30=5803.00.30|us_301_list3_2018:5803.00.40=5803.00.40|us_301_list3_2018:5803.00.50=5803.00.50|us_301_list3_2018:5803.00.90=5803.00.90,7,,https://www.govinfo.gov/content/pkg/FR-2018-09-21/pdf/FR-2018-09-21.pdf,official_scope_expanded_on_valid_2018_hts_universe
us_301_list3_2018,Section 301 List 3,580410,2018-09-24,us_301_list3_2018:5804.10.10=5804.10.10|us_301_list3_2018:5804.10.90=5804.10.90,3,,https://www.govinfo.gov/content/pkg/FR-2018-09-21/pdf/FR-2018-09-21.pdf,official_scope_expanded_on_valid_2018_hts_universe
us_301_list3_2018,Section 301 List 3,580421,2018-09-24,us_301_list3_2018:5804.21.00=5804.21.00,1,,https://www.govinfo.gov/content/pkg/FR-2018-09-21/pdf/FR-2018-09-21.pdf,official_scope_expanded_on_valid_2018_hts_universe
us_301_list3_2018,Section 301 List 3,580429,2018-09-24,us_301_list3_2018:5804.29.10=5804.29.10|us_301_list3_2018:5804.29.90=5804.29.90,3,,https://www.govinfo.gov/content/pkg/FR-2018-09-21/pdf/FR-2018-09-21.pdf,official_scope_expanded_on_valid_2018_hts_universe
us_301_list3_2018,Section 301 List 3,580430,2018-09-24,us_301_list3_2018:5804.30.00=5804.30.00,3,,https://www.govinfo.gov/content/pkg/FR-2018-09-21/pdf/FR-2018-09-21.pdf,official_scope_expanded_on_valid_2018_hts_universe
us_301_list3_2018,Section 301 List 3,580500,2018-09-24,us_301_list3_2018:5805.00.10=5805.00.10|us_301_list3_2018:5805.00.20=5805.00.20|us_301_list3_2018:5805.00.25=5805.00.25|us_301_list3_2018:5805.00.30=5805.00.30|us_301_list3_2018:5805.00.40=5805.00.40,6,,https://www.govinfo.gov/content/pkg/FR-2018-09-21/pdf/FR-2018-09-21.pdf,official_scope_expanded_on_valid_2018_hts_universe
us_301_list3_2018,Section 301 List 3,580610,2018-09-24,us_301_list3_2018:5806.10.10=5806.10.10|us_301_list3_2018:5806.10.24=5806.10.24|us_301_list3_2018:5806.10.28=5806.10.28|us_301_list3_2018:5806.10.30=5806.10.30,6,,https://www.govinfo.gov/content/pkg/FR-2018-09-21/pdf/FR-2018-09-21.pdf,official_scope_expanded_on_valid_2018_hts_universe
us_301_list3_2018,Section 301 List 3,580620,2018-09-24,us_301_list3_2018:5806.20.00=5806.20.00,2,,https://www.govinfo.gov/content/pkg/FR-2018-09-21/pdf/FR-2018-09-21.pdf,official_scope_expanded_on_valid_2018_hts_universe
us_301_list3_2018,Section 301 List 3,580631,2018-09-24,us_301_list3_2018:5806.31.00=5806.31.00,1,,https://www.govinfo.gov/content/pkg/FR-2018-09-21/pdf/FR-2018-09-21.pdf,official_scope_expanded_on_valid_2018_hts_universe
us_301_list3_2018,Section 301 List 3,580632,2018-09-24,us_301_list3_2018:5806.32.10=5806.32.10|us_301_list3_2018:5806.32.20=5806.32.20,10,,https://www.govinfo.gov/content/pkg/FR-2018-09-21/pdf/FR-2018-09-21.pdf,official_scope_expanded_on_valid_2018_hts_universe
us_301_list3_2018,Section 301 List 3,580639,2018-09-24,us_301_list3_2018:5806.39.10=5806.39.10|us_301_list3_2018:5806.39.20=5806.39.20|us_301_list3_2018:5806.39.30=5806.39.30,5,,https://www.govinfo.gov/content/pkg/FR-2018-09-21/pdf/FR-2018-09-21.pdf,official_scope_expanded_on_valid_2018_hts_universe
us_301_list3_2018,Section 301 List 3,580640,2018-09-24,us_301_list3_2018:5806.40.00=5806.40.00,1,,https://www.govinfo.gov/content/pkg/FR-2018-09-21/pdf/FR-2018-09-21.pdf,official_scope_expanded_on_valid_2018_hts_universe
us_301_list3_2018,Section 301 List 3,580710,2018-09-24,us_301_list3_2018:5807.10.05=5807.10.05|us_301_list3_2018:5807.10.15=5807.10.15|us_301_list3_2018:5807.10.20=5807.10.20,6,,https://www.govinfo.gov/content/pkg/FR-2018-09-21/pdf/FR-2018-09-21.pdf,official_scope_expanded_on_valid_2018_hts_universe
us_301_list3_2018,Section 301 List 3,580790,2018-09-24,us_301_list3_2018:5807.90.05=5807.90.05|us_301_list3_2018:5807.90.15=5807.90.15|us_301_list3_2018:5807.90.20=5807.90.20,6,,https://www.govinfo.gov/content/pkg/FR-2018-09-21/pdf/FR-2018-09-21.pdf,official_scope_expanded_on_valid_2018_hts_universe
us_301_list3_2018,Section 301 List 3,580810,2018-09-24,us_301_list3_2018:5808.10.10=5808.10.10|us_301_list3_2018:5808.10.40=5808.10.40|us_301_list3_2018:5808.10.50=5808.10.50|us_301_list3_2018:5808.10.70=5808.10.70|us_301_list3_2018:5808.10.90=5808.10.90,5,,https://www.govinfo.gov/content/pkg/FR-2018-09-21/pdf/FR-2018-09-21.pdf,official_scope_expanded_on_valid_2018_hts_universe
us_301_list3_2018,Section 301 List 3,580890,2018-09-24,us_301_list3_2018:5808.90.00=5808.90.00,2,,https://www.govinfo.gov/content/pkg/FR-2018-09-21/pdf/FR-2018-09-21.pdf,official_scope_expanded_on_valid_2018_hts_universe
us_301_list3_2018,Section 301 List 3,580900,2018-09-24,us_301_list3_2018:5809.00.00=5809.00.00,1,,https://www.govinfo.gov/content/pkg/FR-2018-09-21/pdf/FR-2018-09-21.pdf,official_scope_expanded_on_valid_2018_hts_universe
us_301_list3_2018,Section 301 List 3,581010,2018-09-24,us_301_list3_2018:5810.10.00=5810.10.00,1,,https://www.govinfo.gov/content/pkg/FR-2018-09-21/pdf/FR-2018-09-21.pdf,official_scope_expanded_on_valid_2018_hts_universe
us_301_list3_2018,Section 301 List 3,581091,2018-09-24,us_301_list3_2018:5810.91.00=5810.91.00,2,,https://www.govinfo.gov/content/pkg/FR-2018-09-21/pdf/FR-2018-09-21.pdf,official_scope_expanded_on_valid_2018_hts_universe
us_301_list3_2018,Section 301 List 3,581092,2018-09-24,us_301_list3_2018:5810.92.10=5810.92.10|us_301_list3_2018:5810.92.90=5810.92.90,4,,https://www.govinfo.gov/content/pkg/FR-2018-09-21/pdf/FR-2018-09-21.pdf,official_scope_expanded_on_valid_2018_hts_universe
us_301_list3_2018,Section 301 List 3,581099,2018-09-24,us_301_list3_2018:5810.99.10=5810.99.10|us_301_list3_2018:5810.99.90=5810.99.90,2,,https://www.govinfo.gov/content/pkg/FR-2018-09-21/pdf/FR-2018-09-21.pdf,official_scope_expanded_on_valid_2018_hts_universe
us_301_list3_2018,Section 301 List 3,581100,2018-09-24,us_301_list3_2018:5811.00.10=5811.00.10|us_301_list3_2018:5811.00.20=5811.00.20|us_301_list3_2018:5811.00.30=5811.00.30|us_301_list3_2018:5811.00.40=5811.00.40,4,,https://www.govinfo.gov/content/pkg/FR-2018-09-21/pdf/FR-2018-09-21.pdf,official_scope_expanded_on_valid_2018_hts_universe
us_301_list3_2018,Section 301 List 3,590110,2018-09-24,us_301_list3_2018:5901.10.10=5901.10.10|us_301_list3_2018:5901.10.20=5901.10.20,2,,https://www.govinfo.gov/content/pkg/FR-2018-09-21/pdf/FR-2018-09-21.pdf,official_scope_expanded_on_valid_2018_hts_universe
us_301_list3_2018,Section 301 List 3,590190,2018-09-24,us_301_list3_2018:5901.90.20=5901.90.20|us_301_list3_2018:5901.90.40=5901.90.40,2,,https://www.govinfo.gov/content/pkg/FR-2018-09-21/pdf/FR-2018-09-21.pdf,official_scope_expanded_on_valid_2018_hts_universe
us_301_list3_2018,Section 301 List 3,590210,2018-09-24,us_301_list3_2018:5902.10.00=5902.10.00,1,,https://www.govinfo.gov/content/pkg/FR-2018-09-21/pdf/FR-2018-09-21.pdf,official_scope_expanded_on_valid_2018_hts_universe
us_301_list3_2018,Section 301 List 3,590220,2018-09-24,us_301_list3_2018:5902.20.00=5902.20.00,1,,https://www.govinfo.gov/content/pkg/FR-2018-09-21/pdf/FR-2018-09-21.pdf,official_scope_expanded_on_valid_2018_hts_universe
us_301_list3_2018,Section 301 List 3,590290,2018-09-24,us_301_list3_2018:5902.90.00=5902.90.00,1,,https://www.govinfo.gov/content/pkg/FR-2018-09-21/pdf/FR-2018-09-21.pdf,official_scope_expanded_on_valid_2018_hts_universe
us_301_list3_2018,Section 301 List 3,590310,2018-09-24,us_301_list3_2018:5903.10.10=5903.10.10|us_301_list3_2018:5903.10.18=5903.10.18|us_301_list3_2018:5903.10.20=5903.10.20|us_301_list3_2018:5903.10.25=5903.10.25|us_301_list3_2018:5903.10.30=5903.10.30,6,,https://www.govinfo.gov/content/pkg/FR-2018-09-21/pdf/FR-2018-09-21.pdf,official_scope_expanded_on_valid_2018_hts_universe
us_301_list3_2018,Section 301 List 3,590320,2018-09-24,us_301_list3_2018:5903.20.10=5903.20.10|us_301_list3_2018:5903.20.15=5903.20.15|us_301_list3_2018:5903.20.18=5903.20.18|us_301_list3_2018:5903.20.20=5903.20.20|us_301_list3_2018:5903.20.25=5903.20.25|us_301_list3_2018:5903.20.30=5903.20.30,7,,https://www.govinfo.gov/content/pkg/FR-2018-09-21/pdf/FR-2018-09-21.pdf,official_scope_expanded_on_valid_2018_hts_universe
us_301_list3_2018,Section 301 List 3,590390,2018-09-24,us_301_list3_2018:5903.90.10=5903.90.10|us_301_list3_2018:5903.90.15=5903.90.15|us_301_list3_2018:5903.90.18=5903.90.18|us_301_list3_2018:5903.90.20=5903.90.20|us_301_list3_2018:5903.90.25=5903.90.25|us_301_list3_2018:5903.90.30=5903.90.30,7,,https://www.govinfo.gov/content/pkg/FR-2018-09-21/pdf/FR-2018-09-21.pdf,official_scope_expanded_on_valid_2018_hts_universe
us_301_list3_2018,Section 301 List 3,590410,2018-09-24,us_301_list3_2018:5904.10.00=5904.10.00,1,,https://www.govinfo.gov/content/pkg/FR-2018-09-21/pdf/FR-2018-09-21.pdf,official_scope_expanded_on_valid_2018_hts_universe
us_301_list3_2018,Section 301 List 3,590490,2018-09-24,us_301_list3_2018:5904.90.10=5904.90.10|us_301_list3_2018:5904.90.90=5904.90.90,2,,https://www.govinfo.gov/content/pkg/FR-2018-09-21/pdf/FR-2018-09-21.pdf,official_scope_expanded_on_valid_2018_hts_universe
us_301_list3_2018,Section 301 List 3,590500,2018-09-24,us_301_list3_2018:5905.00.10=5905.00.10|us_301_list3_2018:5905.00.90=5905.00.90,2,,https://www.govinfo.gov/content/pkg/FR-2018-09-21/pdf/FR-2018-09-21.pdf,official_scope_expanded_on_valid_2018_hts_universe
us_301_list3_2018,Section 301 List 3,590610,2018-09-24,us_301_list3_2018:5906.10.00=5906.10.00,1,,https://www.govinfo.gov/content/pkg/FR-2018-09-21/pdf/FR-2018-09-21.pdf,official_scope_expanded_on_valid_2018_hts_universe
us_301_list3_2018,Section 301 List 3,590691,2018-09-24,us_301_list3_2018:5906.91.10=5906.91.10|us_301_list3_2018:5906.91.20=5906.91.20|us_301_list3_2018:5906.91.25=5906.91.25|us_301_list3_2018:5906.91.30=5906.91.30,4,,https://www.govinfo.gov/content/pkg/FR-2018-09-21/pdf/FR-2018-09-21.pdf,official_scope_expanded_on_valid_2018_hts_universe
us_301_list3_2018,Section 301 List 3,590699,2018-09-24,us_301_list3_2018:5906.99.10=5906.99.10|us_301_list3_2018:5906.99.20=5906.99.20|us_301_list3_2018:5906.99.25=5906.99.25|us_301_list3_2018:5906.99.30=5906.99.30,4,,https://www.govinfo.gov/content/pkg/FR-2018-09-21/pdf/FR-2018-09-21.pdf,official_scope_expanded_on_valid_2018_hts_universe
us_301_list3_2018,Section 301 List 3,590700,2018-09-24,us_301_list3_2018:5907.00.05=5907.00.05|us_301_list3_2018:5907.00.15=5907.00.15|us_301_list3_2018:5907.00.25=5907.00.25|us_301_list3_2018:5907.00.35=5907.00.35|us_301_list3_2018:5907.00.60=5907.00.60|us_301_list3_2018:5907.00.80=5907.00.80,7,,https://www.govinfo.gov/content/pkg/FR-2018-09-21/pdf/FR-2018-09-21.pdf,official_scope_expanded_on_valid_2018_hts_universe
us_301_list3_2018,Section 301 List 3,590800,2018-09-24,us_301_list3_2018:5908.00.00=5908.00.00,1,,https://www.govinfo.gov/content/pkg/FR-2018-09-21/pdf/FR-2018-09-21.pdf,official_scope_expanded_on_valid_2018_hts_universe
us_301_list3_2018,Section 301 List 3,590900,2018-09-24,us_301_list3_2018:5909.00.10=5909.00.10|us_301_list3_2018:5909.00.20=5909.00.20,2,,https://www.govinfo.gov/content/pkg/FR-2018-09-21/pdf/FR-2018-09-21.pdf,official_scope_expanded_on_valid_2018_hts_universe
us_301_list3_2018,Section 301 List 3,591000,2018-09-24,us_301_list3_2018:5910.00.10=5910.00.10|us_301_list3_2018:5910.00.90=5910.00.90,7,,https://www.govinfo.gov/content/pkg/FR-2018-09-21/pdf/FR-2018-09-21.pdf,official_scope_expanded_on_valid_2018_hts_universe
us_301_list3_2018,Section 301 List 3,591110,2018-09-24,us_301_list3_2018:5911.10.10=5911.10.10|us_301_list3_2018:5911.10.20=5911.10.20,2,,https://www.govinfo.gov/content/pkg/FR-2018-09-21/pdf/FR-2018-09-21.pdf,official_scope_expanded_on_valid_2018_hts_universe
us_301_list3_2018,Section 301 List 3,591120,2018-09-24,us_301_list3_2018:5911.20.10=5911.20.10|us_301_list3_2018:5911.20.20=5911.20.20|us_301_list3_2018:5911.20.30=5911.20.30,3,,https://www.govinfo.gov/content/pkg/FR-2018-09-21/pdf/FR-2018-09-21.pdf,official_scope_expanded_on_valid_2018_hts_universe
us_301_list3_2018,Section 301 List 3,591131,2018-09-24,us_301_list3_2018:5911.31.00=5911.31.00,4,,https://www.govinfo.gov/content/pkg/FR-2018-09-21/pdf/FR-2018-09-21.pdf,official_scope_expanded_on_valid_2018_hts_universe
us_301_list3_2018,Section 301 List 3,591132,2018-09-24,us_301_list3_2018:5911.32.00=5911.32.00,4,,https://www.govinfo.gov/content/pkg/FR-2018-09-21/pdf/FR-2018-09-21.pdf,official_scope_expanded_on_valid_2018_hts_universe
us_301_list3_2018,Section 301 List 3,591140,2018-09-24,us_301_list3_2018:5911.40.00=5911.40.00,1,,https://www.govinfo.gov/content/pkg/FR-2018-09-21/pdf/FR-2018-09-21.pdf,official_scope_expanded_on_valid_2018_hts_universe
us_301_list3_2018,Section 301 List 3,591190,2018-09-24,us_301_list3_2018:5911.90.00=5911.90.00,2,,https://www.govinfo.gov/content/pkg/FR-2018-09-21/pdf/FR-2018-09-21.pdf,official_scope_expanded_on_valid_2018_hts_universe
us_301_list3_2018,Section 301 List 3,600110,2018-09-24,us_301_list3_2018:6001.10.20=6001.10.20|us_301_list3_2018:6001.10.60=6001.10.60,2,,https://www.govinfo.gov/content/pkg/FR-2018-09-21/pdf/FR-2018-09-21.pdf,official_scope_expanded_on_valid_2018_hts_universe
us_301_list3_2018,Section 301 List 3,600121,2018-09-24,us_301_list3_2018:6001.21.00=6001.21.00,1,,https://www.govinfo.gov/content/pkg/FR-2018-09-21/pdf/FR-2018-09-21.pdf,official_scope_expanded_on_valid_2018_hts_universe
us_301_list3_2018,Section 301 List 3,600129,2018-09-24,us_301_list3_2018:6001.29.00=6001.29.00,1,,https://www.govinfo.gov/content/pkg/FR-2018-09-21/pdf/FR-2018-09-21.pdf,official_scope_expanded_on_valid_2018_hts_universe
us_301_list3_2018,Section 301 List 3,600191,2018-09-24,us_301_list3_2018:6001.91.00=6001.91.00,2,,https://www.govinfo.gov/content/pkg/FR-2018-09-21/pdf/FR-2018-09-21.pdf,official_scope_expanded_on_valid_2018_hts_universe
us_301_list3_2018,Section 301 List 3,600192,2018-09-24,us_301_list3_2018:6001.92.00=6001.92.00,4,,https://www.govinfo.gov/content/pkg/FR-2018-09-21/pdf/FR-2018-09-21.pdf,official_scope_expanded_on_valid_2018_hts_universe
us_301_list3_2018,Section 301 List 3,600199,2018-09-24,us_301_list3_2018:6001.99.10=6001.99.10|us_301_list3_2018:6001.99.90=6001.99.90,2,,https://www.govinfo.gov/content/pkg/FR-2018-09-21/pdf/FR-2018-09-21.pdf,official_scope_expanded_on_valid_2018_hts_universe
us_301_list3_2018,Section 301 List 3,600240,2018-09-24,us_301_list3_2018:6002.40.40=6002.40.40|us_301_list3_2018:6002.40.80=6002.40.80,3,,https://www.govinfo.gov/content/pkg/FR-2018-09-21/pdf/FR-2018-09-21.pdf,official_scope_expanded_on_valid_2018_hts_universe
us_301_list3_2018,Section 301 List 3,600290,2018-09-24,us_301_list3_2018:6002.90.40=6002.90.40|us_301_list3_2018:6002.90.80=6002.90.80,3,,https://www.govinfo.gov/content/pkg/FR-2018-09-21/pdf/FR-2018-09-21.pdf,official_scope_expanded_on_valid_2018_hts_universe
us_301_list3_2018,Section 301 List 3,600310,2018-09-24,us_301_list3_2018:6003.10.10=6003.10.10|us_301_list3_2018:6003.10.90=6003.10.90,2,,https://www.govinfo.gov/content/pkg/FR-2018-09-21/pdf/FR-2018-09-21.pdf,official_scope_expanded_on_valid_2018_hts_universe
us_301_list3_2018,Section 301 List 3,600320,2018-09-24,us_301_list3_2018:6003.20.10=6003.20.10|us_301_list3_2018:6003.20.30=6003.20.30,2,,https://www.govinfo.gov/content/pkg/FR-2018-09-21/pdf/FR-2018-09-21.pdf,official_scope_expanded_on_valid_2018_hts_universe
us_301_list3_2018,Section 301 List 3,600330,2018-09-24,us_301_list3_2018:6003.30.10=6003.30.10|us_301_list3_2018:6003.30.60=6003.30.60,2,,https://www.govinfo.gov/content/pkg/FR-2018-09-21/pdf/FR-2018-09-21.pdf,official_scope_expanded_on_valid_2018_hts_universe
us_301_list3_2018,Section 301 List 3,600340,2018-09-24,us_301_list3_2018:6003.40.10=6003.40.10|us_301_list3_2018:6003.40.60=6003.40.60,2,,https://www.govinfo.gov/content/pkg/FR-2018-09-21/pdf/FR-2018-09-21.pdf,official_scope_expanded_on_valid_2018_hts_universe
us_301_list3_2018,Section 301 List 3,600390,2018-09-24,us_301_list3_2018:6003.90.10=6003.90.10|us_301_list3_2018:6003.90.90=6003.90.90,2,,https://www.govinfo.gov/content/pkg/FR-2018-09-21/pdf/FR-2018-09-21.pdf,official_scope_expanded_on_valid_2018_hts_universe
us_301_list3_2018,Section 301 List 3,600410,2018-09-24,us_301_list3_2018:6004.10.00=6004.10.00,3,,https://www.govinfo.gov/content/pkg/FR-2018-09-21/pdf/FR-2018-09-21.pdf,official_scope_expanded_on_valid_2018_hts_universe
us_301_list3_2018,Section 301 List 3,600490,2018-09-24,us_301_list3_2018:6004.90.20=6004.90.20|us_301_list3_2018:6004.90.90=6004.90.90,4,,https://www.govinfo.gov/content/pkg/FR-2018-09-21/pdf/FR-2018-09-21.pdf,official_scope_expanded_on_valid_2018_hts_universe
us_301_list3_2018,Section 301 List 3,600521,2018-09-24,us_301_list3_2018:6005.21.00=6005.21.00,1,,https://www.govinfo.gov/content/pkg/FR-2018-09-21/pdf/FR-2018-09-21.pdf,official_scope_expanded_on_valid_2018_hts_universe
us_301_list3_2018,Section 301 List 3,600522,2018-09-24,us_301_list3_2018:6005.22.00=6005.22.00,1,,https://www.govinfo.gov/content/pkg/FR-2018-09-21/pdf/FR-2018-09-21.pdf,official_scope_expanded_on_valid_2018_hts_universe
us_301_list3_2018,Section 301 List 3,600523,2018-09-24,us_301_list3_2018:6005.23.00=6005.23.00,1,,https://www.govinfo.gov/content/pkg/FR-2018-09-21/pdf/FR-2018-09-21.pdf,official_scope_expanded_on_valid_2018_hts_universe
us_301_list3_2018,Section 301 List 3,600524,2018-09-24,us_301_list3_2018:6005.24.00=6005.24.00,1,,https://www.govinfo.gov/content/pkg/FR-2018-09-21/pdf/FR-2018-09-21.pdf,official_scope_expanded_on_valid_2018_hts_universe
us_301_list3_2018,Section 301 List 3,600536,2018-09-24,us_301_list3_2018:6005.36.00=6005.36.00,3,,https://www.govinfo.gov/content/pkg/FR-2018-09-21/pdf/FR-2018-09-21.pdf,official_scope_expanded_on_valid_2018_hts_universe
us_301_list3_2018,Section 301 List 3,600537,2018-09-24,us_301_list3_2018:6005.37.00=6005.37.00,3,,https://www.govinfo.gov/content/pkg/FR-2018-09-21/pdf/FR-2018-09-21.pdf,official_scope_expanded_on_valid_2018_hts_universe
us_301_list3_2018,Section 301 List 3,600538,2018-09-24,us_301_list3_2018:6005.38.00=6005.38.00,3,,https://www.govinfo.gov/content/pkg/FR-2018-09-21/pdf/FR-2018-09-21.pdf,official_scope_expanded_on_valid_2018_hts_universe
us_301_list3_2018,Section 301 List 3,600539,2018-09-24,us_301_list3_2018:6005.39.00=6005.39.00,3,,https://www.govinfo.gov/content/pkg/FR-2018-09-21/pdf/FR-2018-09-21.pdf,official_scope_expanded_on_valid_2018_hts_universe
us_301_list3_2018,Section 301 List 3,600542,2018-09-24,us_301_list3_2018:6005.42.00=6005.42.00,3,,https://www.govinfo.gov/content/pkg/FR-2018-09-21/pdf/FR-2018-09-21.pdf,official_scope_expanded_on_valid_2018_hts_universe
us_301_list3_2018,Section 301 List 3,600543,2018-09-24,us_301_list3_2018:6005.43.00=6005.43.00,3,,https://www.govinfo.gov/content/pkg/FR-2018-09-21/pdf/FR-2018-09-21.pdf,official_scope_expanded_on_valid_2018_hts_universe
us_301_list3_2018,Section 301 List 3,600544,2018-09-24,us_301_list3_2018:6005.44.00=6005.44.00,3,,https://www.govinfo.gov/content/pkg/FR-2018-09-21/pdf/FR-2018-09-21.pdf,official_scope_expanded_on_valid_2018_hts_universe
us_301_list3_2018,Section 301 List 3,600590,2018-09-24,us_301_list3_2018:6005.90.10=6005.90.10|us_301_list3_2018:6005.90.90=6005.90.90,2,,https://www.govinfo.gov/content/pkg/FR-2018-09-21/pdf/FR-2018-09-21.pdf,official_scope_expanded_on_valid_2018_hts_universe
us_301_list3_2018,Section 301 List 3,600610,2018-09-24,us_301_list3_2018:6006.10.00=6006.10.00,1,,https://www.govinfo.gov/content/pkg/FR-2018-09-21/pdf/FR-2018-09-21.pdf,official_scope_expanded_on_valid_2018_hts_universe
us_301_list3_2018,Section 301 List 3,600621,2018-09-24,us_301_list3_2018:6006.21.10=6006.21.10|us_301_list3_2018:6006.21.90=6006.21.90,3,,https://www.govinfo.gov/content/pkg/FR-2018-09-21/pdf/FR-2018-09-21.pdf,official_scope_expanded_on_valid_2018_hts_universe
us_301_list3_2018,Section 301 List 3,600622,2018-09-24,us_301_list3_2018:6006.22.10=6006.22.10|us_301_list3_2018:6006.22.90=6006.22.90,3,,https://www.govinfo.gov/content/pkg/FR-2018-09-21/pdf/FR-2018-09-21.pdf,official_scope_expanded_on_valid_2018_hts_universe
us_301_list3_2018,Section 301 List 3,600623,2018-09-24,us_301_list3_2018:6006.23.10=6006.23.10|us_301_list3_2018:6006.23.90=6006.23.90,3,,https://www.govinfo.gov/content/pkg/FR-2018-09-21/pdf/FR-2018-09-21.pdf,official_scope_expanded_on_valid_2018_hts_universe
us_301_list3_2018,Section 301 List 3,600624,2018-09-24,us_301_list3_2018:6006.24.10=6006.24.10,1,,https://www.govinfo.gov/content/pkg/FR-2018-09-21/pdf/FR-2018-09-21.pdf,official_scope_expanded_on_valid_2018_hts_universe
us_301_list3_2018,Section 301 List 3,600631,2018-09-24,us_301_list3_2018:6006.31.00=6006.31.00,4,,https://www.govinfo.gov/content/pkg/FR-2018-09-21/pdf/FR-2018-09-21.pdf,official_scope_expanded_on_valid_2018_hts_universe
us_301_list3_2018,Section 301 List 3,600632,2018-09-24,us_301_list3_2018:6006.32.00=6006.32.00,4,,https://www.govinfo.gov/content/pkg/FR-2018-09-21/pdf/FR-2018-09-21.pdf,official_scope_expanded_on_valid_2018_hts_universe
us_301_list3_2018,Section 301 List 3,600633,2018-09-24,us_301_list3_2018:6006.33.00=6006.33.00,4,,https://www.govinfo.gov/content/pkg/FR-2018-09-21/pdf/FR-2018-09-21.pdf,official_scope_expanded_on_valid_2018_hts_universe
us_301_list3_2018,Section 301 List 3,600634,2018-09-24,us_301_list3_2018:6006.34.00=6006.34.00,4,,https://www.govinfo.gov/content/pkg/FR-2018-09-21/pdf/FR-2018-09-21.pdf,official_scope_expanded_on_valid_2018_hts_universe
us_301_list3_2018,Section 301 List 3,600642,2018-09-24,us_301_list3_2018:6006.42.00=6006.42.00,2,,https://www.govinfo.gov/content/pkg/FR-2018-09-21/pdf/FR-2018-09-21.pdf,official_scope_expanded_on_valid_2018_hts_universe
us_301_list3_2018,Section 301 List 3,600643,2018-09-24,us_301_list3_2018:6006.43.00=6006.43.00,2,,https://www.govinfo.gov/content/pkg/FR-2018-09-21/pdf/FR-2018-09-21.pdf,official_scope_expanded_on_valid_2018_hts_universe
us_301_list3_2018,Section 301 List 3,600644,2018-09-24,us_301_list3_2018:6006.44.00=6006.44.00,2,,https://www.govinfo.gov/content/pkg/FR-2018-09-21/pdf/FR-2018-09-21.pdf,official_scope_expanded_on_valid_2018_hts_universe
us_301_list3_2018,Section 301 List 3,600690,2018-09-24,us_301_list3_2018:6006.90.10=6006.90.10|us_301_list3_2018:6006.90.90=6006.90.90,2,,https://www.govinfo.gov/content/pkg/FR-2018-09-21/pdf/FR-2018-09-21.pdf,official_scope_expanded_on_valid_2018_hts_universe
us_301_list3_2018,Section 301 List 3,650100,2018-09-24,us_301_list3_2018:6501.00.30=6501.00.30|us_301_list3_2018:6501.00.60=6501.00.60|us_301_list3_2018:6501.00.90=6501.00.90,3,,https://www.govinfo.gov/content/pkg/FR-2018-09-21/pdf/FR-2018-09-21.pdf,official_scope_expanded_on_valid_2018_hts_universe
us_301_list3_2018,Section 301 List 3,650200,2018-09-24,us_301_list3_2018:6502.00.20=6502.00.20|us_301_list3_2018:6502.00.40=6502.00.40|us_301_list3_2018:6502.00.60=6502.00.60|us_301_list3_2018:6502.00.90=6502.00.90,6,,https://www.govinfo.gov/content/pkg/FR-2018-09-21/pdf/FR-2018-09-21.pdf,official_scope_expanded_on_valid_2018_hts_universe
us_301_list3_2018,Section 301 List 3,650400,2018-09-24,us_301_list3_2018:6504.00.30=6504.00.30|us_301_list3_2018:6504.00.60=6504.00.60|us_301_list3_2018:6504.00.90=6504.00.90,6,,https://www.govinfo.gov/content/pkg/FR-2018-09-21/pdf/FR-2018-09-21.pdf,official_scope_expanded_on_valid_2018_hts_universe
us_301_list3_2018,Section 301 List 3,650500,2018-09-24,us_301_list3_2018:6505.00.04=6505.00.04|us_301_list3_2018:6505.00.08=6505.00.08|us_301_list3_2018:6505.00.15=6505.00.15|us_301_list3_2018:6505.00.20=6505.00.20|us_301_list3_2018:6505.00.25=6505.00.25|us_301_list3_2018:6505.00.30=6505.00.30|us_301_list3_2018:6505.00.40=6505.00.40|us_301_list3_2018:6505.00.50=6505.00.50|us_301_list3_2018:6505.00.60=6505.00.60|us_301_list3_2018:6505.00.70=6505.00.70|us_301_list3_2018:6505.00.80=6505.00.80|us_301_list3_2018:6505.00.90=6505.00.90,36,,https://www.govinfo.gov/content/pkg/FR-2018-09-21/pdf/FR-2018-09-21.pdf,official_scope_expanded_on_valid_2018_hts_universe
us_301_list3_2018,Section 301 List 3,650691,2018-09-24,us_301_list3_2018:6506.91.00=6506.91.00,3,,https://www.govinfo.gov/content/pkg/FR-2018-09-21/pdf/FR-2018-09-21.pdf,official_scope_expanded_on_valid_2018_hts_universe
us_301_list3_2018,Section 301 List 3,650699,2018-09-24,us_301_list3_2018:6506.99.30=6506.99.30|us_301_list3_2018:6506.99.60=6506.99.60,2,,https://www.govinfo.gov/content/pkg/FR-2018-09-21/pdf/FR-2018-09-21.pdf,official_scope_expanded_on_valid_2018_hts_universe
us_301_list3_2018,Section 301 List 3,650700,2018-09-24,us_301_list3_2018:6507.00.00=6507.00.00,1,,https://www.govinfo.gov/content/pkg/FR-2018-09-21/pdf/FR-2018-09-21.pdf,official_scope_expanded_on_valid_2018_hts_universe
us_301_list3_2018,Section 301 List 3,670100,2018-09-24,us_301_list3_2018:6701.00.30=6701.00.30|us_301_list3_2018:6701.00.60=6701.00.60,2,,https://www.govinfo.gov/content/pkg/FR-2018-09-21/pdf/FR-2018-09-21.pdf,official_scope_expanded_on_valid_2018_hts_universe
us_301_list3_2018,Section 301 List 3,680100,2018-09-24,us_301_list3_2018:6801.00.00=6801.00.00,1,,https://www.govinfo.gov/content/pkg/FR-2018-09-21/pdf/FR-2018-09-21.pdf,official_scope_expanded_on_valid_2018_hts_universe
us_301_list3_2018,Section 301 List 3,680210,2018-09-24,us_301_list3_2018:6802.10.00=6802.10.00,1,,https://www.govinfo.gov/content/pkg/FR-2018-09-21/pdf/FR-2018-09-21.pdf,official_scope_expanded_on_valid_2018_hts_universe
us_301_list3_2018,Section 301 List 3,680221,2018-09-24,us_301_list3_2018:6802.21.10=6802.21.10|us_301_list3_2018:6802.21.50=6802.21.50,2,,https://www.govinfo.gov/content/pkg/FR-2018-09-21/pdf/FR-2018-09-21.pdf,official_scope_expanded_on_valid_2018_hts_universe
us_301_list3_2018,Section 301 List 3,680223,2018-09-24,us_301_list3_2018:6802.23.00=6802.23.00,1,,https://www.govinfo.gov/content/pkg/FR-2018-09-21/pdf/FR-2018-09-21.pdf,official_scope_expanded_on_valid_2018_hts_universe
us_301_list3_2018,Section 301 List 3,680229,2018-09-24,us_301_list3_2018:6802.29.10=6802.29.10|us_301_list3_2018:6802.29.90=6802.29.90,2,,https://www.govinfo.gov/content/pkg/FR-2018-09-21/pdf/FR-2018-09-21.pdf,official_scope_expanded_on_valid_2018_hts_universe
us_301_list3_2018,Section 301 List 3,680291,2018-09-24,us_301_list3_2018:6802.91.05=6802.91.05|us_301_list3_2018:6802.91.15=6802.91.15|us_301_list3_2018:6802.91.20=6802.91.20|us_301_list3_2018:6802.91.25=6802.91.25|us_301_list3_2018:6802.91.30=6802.91.30,5,,https://www.govinfo.gov/content/pkg/FR-2018-09-21/pdf/FR-2018-09-21.pdf,official_scope_expanded_on_valid_2018_hts_universe
us_301_list3_2018,Section 301 List 3,680292,2018-09-24,us_301_list3_2018:6802.92.00=6802.92.00,1,,https://www.govinfo.gov/content/pkg/FR-2018-09-21/pdf/FR-2018-09-21.pdf,official_scope_expanded_on_valid_2018_hts_universe
us_301_list3_2018,Section 301 List 3,680293,2018-09-24,us_301_list3_2018:6802.93.00=6802.93.00,6,,https://www.govinfo.gov/content/pkg/FR-2018-09-21/pdf/FR-2018-09-21.pdf,official_scope_expanded_on_valid_2018_hts_universe
us_301_list3_2018,Section 301 List 3,680299,2018-09-24,us_301_list3_2018:6802.99.00=6802.99.00,2,,https://www.govinfo.gov/content/pkg/FR-2018-09-21/pdf/FR-2018-09-21.pdf,official_scope_expanded_on_valid_2018_hts_universe
us_301_list3_2018,Section 301 List 3,680300,2018-09-24,us_301_list3_2018:6803.00.10=6803.00.10|us_301_list3_2018:6803.00.50=6803.00.50,2,,https://www.govinfo.gov/content/pkg/FR-2018-09-21/pdf/FR-2018-09-21.pdf,official_scope_expanded_on_valid_2018_hts_universe
us_301_list3_2018,Section 301 List 3,680410,2018-09-24,us_301_list3_2018:6804.10.00=6804.10.00,1,,https://www.govinfo.gov/content/pkg/FR-2018-09-21/pdf/FR-2018-09-21.pdf,official_scope_expanded_on_valid_2018_hts_universe
us_301_list3_2018,Section 301 List 3,680421,2018-09-24,us_301_list3_2018:6804.21.00=6804.21.00,2,,https://www.govinfo.gov/content/pkg/FR-2018-09-21/pdf/FR-2018-09-21.pdf,official_scope_expanded_on_valid_2018_hts_universe
us_301_list3_2018,Section 301 List 3,680422,2018-09-24,us_301_list3_2018:6804.22.10=6804.22.10|us_301_list3_2018:6804.22.40=6804.22.40|us_301_list3_2018:6804.22.60=6804.22.60,3,,https://www.govinfo.gov/content/pkg/FR-2018-09-21/pdf/FR-2018-09-21.pdf,official_scope_expanded_on_valid_2018_hts_universe
us_301_list3_2018,Section 301 List 3,680423,2018-09-24,us_301_list3_2018:6804.23.00=6804.23.00,1,,https://www.govinfo.gov/content/pkg/FR-2018-09-21/pdf/FR-2018-09-21.pdf,official_scope_expanded_on_valid_2018_hts_universe
us_301_list3_2018,Section 301 List 3,680430,2018-09-24,us_301_list3_2018:6804.30.00=6804.30.00,1,,https://www.govinfo.gov/content/pkg/FR-2018-09-21/pdf/FR-2018-09-21.pdf,official_scope_expanded_on_valid_2018_hts_universe
us_301_list3_2018,Section 301 List 3,680510,2018-09-24,us_301_list3_2018:6805.10.00=6805.10.00,1,,https://www.govinfo.gov/content/pkg/FR-2018-09-21/pdf/FR-2018-09-21.pdf,official_scope_expanded_on_valid_2018_hts_universe
us_301_list3_2018,Section 301 List 3,680520,2018-09-24,us_301_list3_2018:6805.20.00=6805.20.00,1,,https://www.govinfo.gov/content/pkg/FR-2018-09-21/pdf/FR-2018-09-21.pdf,official_scope_expanded_on_valid_2018_hts_universe
us_301_list3_2018,Section 301 List 3,680530,2018-09-24,us_301_list3_2018:6805.30.10=6805.30.10|us_301_list3_2018:6805.30.50=6805.30.50,2,,https://www.govinfo.gov/content/pkg/FR-2018-09-21/pdf/FR-2018-09-21.pdf,official_scope_expanded_on_valid_2018_hts_universe
us_301_list3_2018,Section 301 List 3,680610,2018-09-24,us_301_list3_2018:6806.10.00=6806.10.00,5,,https://www.govinfo.gov/content/pkg/FR-2018-09-21/pdf/FR-2018-09-21.pdf,official_scope_expanded_on_valid_2018_hts_universe
us_301_list3_2018,Section 301 List 3,680620,2018-09-24,us_301_list3_2018:6806.20.00=6806.20.00,1,,https://www.govinfo.gov/content/pkg/FR-2018-09-21/pdf/FR-2018-09-21.pdf,official_scope_expanded_on_valid_2018_hts_universe
us_301_list3_2018,Section 301 List 3,680690,2018-09-24,us_301_list3_2018:6806.90.00=6806.90.00,3,,https://www.govinfo.gov/content/pkg/FR-2018-09-21/pdf/FR-2018-09-21.pdf,official_scope_expanded_on_valid_2018_hts_universe
us_301_list3_2018,Section 301 List 3,680710,2018-09-24,us_301_list3_2018:6807.10.00=6807.10.00,1,,https://www.govinfo.gov/content/pkg/FR-2018-09-21/pdf/FR-2018-09-21.pdf,official_scope_expanded_on_valid_2018_hts_universe
us_301_list3_2018,Section 301 List 3,680790,2018-09-24,us_301_list3_2018:6807.90.00=6807.90.00,2,,https://www.govinfo.gov/content/pkg/FR-2018-09-21/pdf/FR-2018-09-21.pdf,official_scope_expanded_on_valid_2018_hts_universe
us_301_list3_2018,Section 301 List 3,680800,2018-09-24,us_301_list3_2018:6808.00.00=6808.00.00,1,,https://www.govinfo.gov/content/pkg/FR-2018-09-21/pdf/FR-2018-09-21.pdf,official_scope_expanded_on_valid_2018_hts_universe
us_301_list3_2018,Section 301 List 3,680911,2018-09-24,us_301_list3_2018:6809.11.00=6809.11.00,2,,https://www.govinfo.gov/content/pkg/FR-2018-09-21/pdf/FR-2018-09-21.pdf,official_scope_expanded_on_valid_2018_hts_universe
us_301_list3_2018,Section 301 List 3,680919,2018-09-24,us_301_list3_2018:6809.19.00=6809.19.00,1,,https://www.govinfo.gov/content/pkg/FR-2018-09-21/pdf/FR-2018-09-21.pdf,official_scope_expanded_on_valid_2018_hts_universe
us_301_list3_2018,Section 301 List 3,680990,2018-09-24,us_301_list3_2018:6809.90.00=6809.90.00,1,,https://www.govinfo.gov/content/pkg/FR-2018-09-21/pdf/FR-2018-09-21.pdf,official_scope_expanded_on_valid_2018_hts_universe
us_301_list3_2018,Section 301 List 3,681011,2018-09-24,us_301_list3_2018:6810.11.00=6810.11.00,2,,https://www.govinfo.gov/content/pkg/FR-2018-09-21/pdf/FR-2018-09-21.pdf,official_scope_expanded_on_valid_2018_hts_universe
us_301_list3_2018,Section 301 List 3,681019,2018-09-24,us_301_list3_2018:6810.19.12=6810.19.12|us_301_list3_2018:6810.19.14=6810.19.14|us_301_list3_2018:6810.19.50=6810.19.50,3,,https://www.govinfo.gov/content/pkg/FR-2018-09-21/pdf/FR-2018-09-21.pdf,official_scope_expanded_on_valid_2018_hts_universe
us_301_list3_2018,Section 301 List 3,681091,2018-09-24,us_301_list3_2018:6810.91.00=6810.91.00,1,,https://www.govinfo.gov/content/pkg/FR-2018-09-21/pdf/FR-2018-09-21.pdf,official_scope_expanded_on_valid_2018_hts_universe
us_301_list3_2018,Section 301 List 3,681099,2018-09-24,us_301_list3_2018:6810.99.00=6810.99.00,2,,https://www.govinfo.gov/content/pkg/FR-2018-09-21/pdf/FR-2018-09-21.pdf,official_scope_expanded_on_valid_2018_hts_universe
us_301_list3_2018,Section 301 List 3,681140,2018-09-24,us_301_list3_2018:6811.40.00=6811.40.00,1,,https://www.govinfo.gov/content/pkg/FR-2018-09-21/pdf/FR-2018-09-21.pdf,official_scope_expanded_on_valid_2018_hts_universe
us_301_list3_2018,Section 301 List 3,681181,2018-09-24,us_301_list3_2018:6811.81.00=6811.81.00,1,,https://www.govinfo.gov/content/pkg/FR-2018-09-21/pdf/FR-2018-09-21.pdf,official_scope_expanded_on_valid_2018_hts_universe
us_301_list3_2018,Section 301 List 3,681182,2018-09-24,us_301_list3_2018:6811.82.00=6811.82.00,1,,https://www.govinfo.gov/content/pkg/FR-2018-09-21/pdf/FR-2018-09-21.pdf,official_scope_expanded_on_valid_2018_hts_universe
us_301_list3_2018,Section 301 List 3,681189,2018-09-24,us_301_list3_2018:6811.89.10=6811.89.10|us_301_list3_2018:6811.89.90=6811.89.90,2,,https://www.govinfo.gov/content/pkg/FR-2018-09-21/pdf/FR-2018-09-21.pdf,official_scope_expanded_on_valid_2018_hts_universe
us_301_list3_2018,Section 301 List 3,681280,2018-09-24,us_301_list3_2018:6812.80.10=6812.80.10|us_301_list3_2018:6812.80.90=6812.80.90,2,,https://www.govinfo.gov/content/pkg/FR-2018-09-21/pdf/FR-2018-09-21.pdf,official_scope_expanded_on_valid_2018_hts_universe
us_301_list3_2018,Section 301 List 3,681291,2018-09-24,us_301_list3_2018:6812.91.10=6812.91.10|us_301_list3_2018:6812.91.90=6812.91.90,2,,https://www.govinfo.gov/content/pkg/FR-2018-09-21/pdf/FR-2018-09-21.pdf,official_scope_expanded_on_valid_2018_hts_universe
us_301_list3_2018,Section 301 List 3,681292,2018-09-24,us_301_list3_2018:6812.92.00=6812.92.00,1,,https://www.govinfo.gov/content/pkg/FR-2018-09-21/pdf/FR-2018-09-21.pdf,official_scope_expanded_on_valid_2018_hts_universe
us_301_list3_2018,Section 301 List 3,681293,2018-09-24,us_301_list3_2018:6812.93.00=6812.93.00,1,,https://www.govinfo.gov/content/pkg/FR-2018-09-21/pdf/FR-2018-09-21.pdf,official_scope_expanded_on_valid_2018_hts_universe
us_301_list3_2018,Section 301 List 3,681299,2018-09-24,us_301_list3_2018:6812.99.00=6812.99.00,8,,https://www.govinfo.gov/content/pkg/FR-2018-09-21/pdf/FR-2018-09-21.pdf,official_scope_expanded_on_valid_2018_hts_universe
us_301_list3_2018,Section 301 List 3,681320,2018-09-24,us_301_list3_2018:6813.20.00=6813.20.00,4,,https://www.govinfo.gov/content/pkg/FR-2018-09-21/pdf/FR-2018-09-21.pdf,official_scope_expanded_on_valid_2018_hts_universe
us_301_list3_2018,Section 301 List 3,681381,2018-09-24,us_301_list3_2018:6813.81.00=6813.81.00,2,,https://www.govinfo.gov/content/pkg/FR-2018-09-21/pdf/FR-2018-09-21.pdf,official_scope_expanded_on_valid_2018_hts_universe
us_301_list3_2018,Section 301 List 3,681389,2018-09-24,us_301_list3_2018:6813.89.00=6813.89.00,2,,https://www.govinfo.gov/content/pkg/FR-2018-09-21/pdf/FR-2018-09-21.pdf,official_scope_expanded_on_valid_2018_hts_universe
us_301_list3_2018,Section 301 List 3,681410,2018-09-24,us_301_list3_2018:6814.10.00=6814.10.00,1,,https://www.govinfo.gov/content/pkg/FR-2018-09-21/pdf/FR-2018-09-21.pdf,official_scope_expanded_on_valid_2018_hts_universe
us_301_list3_2018,Section 301 List 3,681490,2018-09-24,us_301_list3_2018:6814.90.00=6814.90.00,1,,https://www.govinfo.gov/content/pkg/FR-2018-09-21/pdf/FR-2018-09-21.pdf,official_scope_expanded_on_valid_2018_hts_universe
us_301_list3_2018,Section 301 List 3,681510,2018-09-24,us_301_list3_2018:6815.10.01=6815.10.01,1,,https://www.govinfo.gov/content/pkg/FR-2018-09-21/pdf/FR-2018-09-21.pdf,official_scope_expanded_on_valid_2018_hts_universe
us_301_list3_2018,Section 301 List 3,681520,2018-09-24,us_301_list3_2018:6815.20.00=6815.20.00,1,,https://www.govinfo.gov/content/pkg/FR-2018-09-21/pdf/FR-2018-09-21.pdf,official_scope_expanded_on_valid_2018_hts_universe
us_301_list3_2018,Section 301 List 3,681591,2018-09-24,us_301_list3_2018:6815.91.00=6815.91.00,2,,https://www.govinfo.gov/content/pkg/FR-2018-09-21/pdf/FR-2018-09-21.pdf,official_scope_expanded_on_valid_2018_hts_universe
us_301_list3_2018,Section 301 List 3,681599,2018-09-24,us_301_list3_2018:6815.99.20=6815.99.20|us_301_list3_2018:6815.99.40=6815.99.40,3,,https://www.govinfo.gov/content/pkg/FR-2018-09-21/pdf/FR-2018-09-21.pdf,official_scope_expanded_on_valid_2018_hts_universe
us_301_list3_2018,Section 301 List 3,690100,2018-09-24,us_301_list3_2018:6901.00.00=6901.00.00,1,,https://www.govinfo.gov/content/pkg/FR-2018-09-21/pdf/FR-2018-09-21.pdf,official_scope_expanded_on_valid_2018_hts_universe
us_301_list3_2018,Section 301 List 3,690210,2018-09-24,us_301_list3_2018:6902.10.10=6902.10.10|us_301_list3_2018:6902.10.50=6902.10.50,2,,https://www.govinfo.gov/content/pkg/FR-2018-09-21/pdf/FR-2018-09-21.pdf,official_scope_expanded_on_valid_2018_hts_universe
us_301_list3_2018,Section 301 List 3,690220,2018-09-24,us_301_list3_2018:6902.20.10=6902.20.10|us_301_list3_2018:6902.20.50=6902.20.50,4,,https://www.govinfo.gov/content/pkg/FR-2018-09-21/pdf/FR-2018-09-21.pdf,official_scope_expanded_on_valid_2018_hts_universe
us_301_list3_2018,Section 301 List 3,690290,2018-09-24,us_301_list3_2018:6902.90.10=6902.90.10|us_301_list3_2018:6902.90.50=6902.90.50,4,,https://www.govinfo.gov/content/pkg/FR-2018-09-21/pdf/FR-2018-09-21.pdf,official_scope_expanded_on_valid_2018_hts_universe
us_301_list3_2018,Section 301 List 3,690310,2018-09-24,us_301_list3_2018:6903.10.00=6903.10.00,1,,https://www.govinfo.gov/content/pkg/FR-2018-09-21/pdf/FR-2018-09-21.pdf,official_scope_expanded_on_valid_2018_hts_universe
us_301_list3_2018,Section 301 List 3,690320,2018-09-24,us_301_list3_2018:6903.20.00=6903.20.00,1,,https://www.govinfo.gov/content/pkg/FR-2018-09-21/pdf/FR-2018-09-21.pdf,official_scope_expanded_on_valid_2018_hts_universe
us_301_list3_2018,Section 301 List 3,690390,2018-09-24,us_301_list3_2018:6903.90.00=6903.90.00,2,,https://www.govinfo.gov/content/pkg/FR-2018-09-21/pdf/FR-2018-09-21.pdf,official_scope_expanded_on_valid_2018_hts_universe
us_301_list3_2018,Section 301 List 3,690410,2018-09-24,us_301_list3_2018:6904.10.00=6904.10.00,4,,https://www.govinfo.gov/content/pkg/FR-2018-09-21/pdf/FR-2018-09-21.pdf,official_scope_expanded_on_valid_2018_hts_universe
us_301_list3_2018,Section 301 List 3,690490,2018-09-24,us_301_list3_2018:6904.90.00=6904.90.00,1,,https://www.govinfo.gov/content/pkg/FR-2018-09-21/pdf/FR-2018-09-21.pdf,official_scope_expanded_on_valid_2018_hts_universe
us_301_list3_2018,Section 301 List 3,690510,2018-09-24,us_301_list3_2018:6905.10.00=6905.10.00,1,,https://www.govinfo.gov/content/pkg/FR-2018-09-21/pdf/FR-2018-09-21.pdf,official_scope_expanded_on_valid_2018_hts_universe
us_301_list3_2018,Section 301 List 3,690590,2018-09-24,us_301_list3_2018:6905.90.00=6905.90.00,2,,https://www.govinfo.gov/content/pkg/FR-2018-09-21/pdf/FR-2018-09-21.pdf,official_scope_expanded_on_valid_2018_hts_universe
us_301_list3_2018,Section 301 List 3,690600,2018-09-24,us_301_list3_2018:6906.00.00=6906.00.00,1,,https://www.govinfo.gov/content/pkg/FR-2018-09-21/pdf/FR-2018-09-21.pdf,official_scope_expanded_on_valid_2018_hts_universe
us_301_list3_2018,Section 301 List 3,690721,2018-09-24,us_301_list3_2018:6907.21.10=6907.21.10|us_301_list3_2018:6907.21.20=6907.21.20|us_301_list3_2018:6907.21.30=6907.21.30|us_301_list3_2018:6907.21.40=6907.21.40|us_301_list3_2018:6907.21.90=6907.21.90,8,,https://www.govinfo.gov/content/pkg/FR-2018-09-21/pdf/FR-2018-09-21.pdf,official_scope_expanded_on_valid_2018_hts_universe
us_301_list3_2018,Section 301 List 3,690722,2018-09-24,us_301_list3_2018:6907.22.10=6907.22.10|us_301_list3_2018:6907.22.20=6907.22.20|us_301_list3_2018:6907.22.30=6907.22.30|us_301_list3_2018:6907.22.40=6907.22.40|us_301_list3_2018:6907.22.90=6907.22.90,8,,https://www.govinfo.gov/content/pkg/FR-2018-09-21/pdf/FR-2018-09-21.pdf,official_scope_expanded_on_valid_2018_hts_universe
us_301_list3_2018,Section 301 List 3,690723,2018-09-24,us_301_list3_2018:6907.23.10=6907.23.10|us_301_list3_2018:6907.23.20=6907.23.20|us_301_list3_2018:6907.23.30=6907.23.30|us_301_list3_2018:6907.23.40=6907.23.40|us_301_list3_2018:6907.23.90=6907.23.90,8,,https://www.govinfo.gov/content/pkg/FR-2018-09-21/pdf/FR-2018-09-21.pdf,official_scope_expanded_on_valid_2018_hts_universe
us_301_list3_2018,Section 301 List 3,690730,2018-09-24,us_301_list3_2018:6907.30.10=6907.30.10|us_301_list3_2018:6907.30.20=6907.30.20|us_301_list3_2018:6907.30.30=6907.30.30|us_301_list3_2018:6907.30.40=6907.30.40|us_301_list3_2018:6907.30.90=6907.30.90,8,,https://www.govinfo.gov/content/pkg/FR-2018-09-21/pdf/FR-2018-09-21.pdf,official_scope_expanded_on_valid_2018_hts_universe
us_301_list3_2018,Section 301 List 3,690740,2018-09-24,us_301_list3_2018:6907.40.10=6907.40.10|us_301_list3_2018:6907.40.20=6907.40.20|us_301_list3_2018:6907.40.30=6907.40.30|us_301_list3_2018:6907.40.40=6907.40.40|us_301_list3_2018:6907.40.90=6907.40.90,8,,https://www.govinfo.gov/content/pkg/FR-2018-09-21/pdf/FR-2018-09-21.pdf,official_scope_expanded_on_valid_2018_hts_universe
us_301_list3_2018,Section 301 List 3,690911,2018-09-24,us_301_list3_2018:6909.11.20=6909.11.20|us_301_list3_2018:6909.11.40=6909.11.40,2,,https://www.govinfo.gov/content/pkg/FR-2018-09-21/pdf/FR-2018-09-21.pdf,official_scope_expanded_on_valid_2018_hts_universe
us_301_list3_2018,Section 301 List 3,690912,2018-09-24,us_301_list3_2018:6909.12.00=6909.12.00,1,,https://www.govinfo.gov/content/pkg/FR-2018-09-21/pdf/FR-2018-09-21.pdf,official_scope_expanded_on_valid_2018_hts_universe
us_301_list3_2018,Section 301 List 3,690919,2018-09-24,us_301_list3_2018:6909.19.10=6909.19.10|us_301_list3_2018:6909.19.50=6909.19.50,3,,https://www.govinfo.gov/content/pkg/FR-2018-09-21/pdf/FR-2018-09-21.pdf,official_scope_expanded_on_valid_2018_hts_universe
us_301_list3_2018,Section 301 List 3,690990,2018-09-24,us_301_list3_2018:6909.90.00=6909.90.00,1,,https://www.govinfo.gov/content/pkg/FR-2018-09-21/pdf/FR-2018-09-21.pdf,official_scope_expanded_on_valid_2018_hts_universe
us_301_list3_2018,Section 301 List 3,691410,2018-09-24,us_301_list3_2018:6914.10.40=6914.10.40|us_301_list3_2018:6914.10.80=6914.10.80,2,,https://www.govinfo.gov/content/pkg/FR-2018-09-21/pdf/FR-2018-09-21.pdf,official_scope_expanded_on_valid_2018_hts_universe
us_301_list3_2018,Section 301 List 3,691490,2018-09-24,us_301_list3_2018:6914.90.41=6914.90.41|us_301_list3_2018:6914.90.80=6914.90.80,2,,https://www.govinfo.gov/content/pkg/FR-2018-09-21/pdf/FR-2018-09-21.pdf,official_scope_expanded_on_valid_2018_hts_universe
us_301_list3_2018,Section 301 List 3,700100,2018-09-24,us_301_list3_2018:7001.00.10=7001.00.10|us_301_list3_2018:7001.00.20=7001.00.20|us_301_list3_2018:7001.00.50=7001.00.50,3,,https://www.govinfo.gov/content/pkg/FR-2018-09-21/pdf/FR-2018-09-21.pdf,official_scope_expanded_on_valid_2018_hts_universe
us_301_list3_2018,Section 301 List 3,700210,2018-09-24,us_301_list3_2018:7002.10.10=7002.10.10|us_301_list3_2018:7002.10.20=7002.10.20,2,,https://www.govinfo.gov/content/pkg/FR-2018-09-21/pdf/FR-2018-09-21.pdf,official_scope_expanded_on_valid_2018_hts_universe
us_301_list3_2018,Section 301 List 3,700220,2018-09-24,us_301_list3_2018:7002.20.50=7002.20.50,1,,https://www.govinfo.gov/content/pkg/FR-2018-09-21/pdf/FR-2018-09-21.pdf,official_scope_expanded_on_valid_2018_hts_universe
us_301_list3_2018,Section 301 List 3,700231,2018-09-24,us_301_list3_2018:7002.31.00=7002.31.00,1,,https://www.govinfo.gov/content/pkg/FR-2018-09-21/pdf/FR-2018-09-21.pdf,official_scope_expanded_on_valid_2018_hts_universe
us_301_list3_2018,Section 301 List 3,700232,2018-09-24,us_301_list3_2018:7002.32.00=7002.32.00,1,,https://www.govinfo.gov/content/pkg/FR-2018-09-21/pdf/FR-2018-09-21.pdf,official_scope_expanded_on_valid_2018_hts_universe
us_301_list3_2018,Section 301 List 3,700239,2018-09-24,us_301_list3_2018:7002.39.00=7002.39.00,2,,https://www.govinfo.gov/content/pkg/FR-2018-09-21/pdf/FR-2018-09-21.pdf,official_scope_expanded_on_valid_2018_hts_universe
us_301_list3_2018,Section 301 List 3,700312,2018-09-24,us_301_list3_2018:7003.12.00=7003.12.00,1,,https://www.govinfo.gov/content/pkg/FR-2018-09-21/pdf/FR-2018-09-21.pdf,official_scope_expanded_on_valid_2018_hts_universe
us_301_list3_2018,Section 301 List 3,700319,2018-09-24,us_301_list3_2018:7003.19.00=7003.19.00,1,,https://www.govinfo.gov/content/pkg/FR-2018-09-21/pdf/FR-2018-09-21.pdf,official_scope_expanded_on_valid_2018_hts_universe
us_301_list3_2018,Section 301 List 3,700320,2018-09-24,us_301_list3_2018:7003.20.00=7003.20.00,1,,https://www.govinfo.gov/content/pkg/FR-2018-09-21/pdf/FR-2018-09-21.pdf,official_scope_expanded_on_valid_2018_hts_universe
us_301_list3_2018,Section 301 List 3,700330,2018-09-24,us_301_list3_2018:7003.30.00=7003.30.00,1,,https://www.govinfo.gov/content/pkg/FR-2018-09-21/pdf/FR-2018-09-21.pdf,official_scope_expanded_on_valid_2018_hts_universe
us_301_list3_2018,Section 301 List 3,700420,2018-09-24,us_301_list3_2018:7004.20.10=7004.20.10|us_301_list3_2018:7004.20.20=7004.20.20|us_301_list3_2018:7004.20.50=7004.20.50,4,,https://www.govinfo.gov/content/pkg/FR-2018-09-21/pdf/FR-2018-09-21.pdf,official_scope_expanded_on_valid_2018_hts_universe
us_301_list3_2018,Section 301 List 3,700490,2018-09-24,us_301_list3_2018:7004.90.05=7004.90.05|us_301_list3_2018:7004.90.10=7004.90.10|us_301_list3_2018:7004.90.15=7004.90.15|us_301_list3_2018:7004.90.20=7004.90.20|us_301_list3_2018:7004.90.25=7004.90.25|us_301_list3_2018:7004.90.30=7004.90.30|us_301_list3_2018:7004.90.40=7004.90.40|us_301_list3_2018:7004.90.50=7004.90.50,12,,https://www.govinfo.gov/content/pkg/FR-2018-09-21/pdf/FR-2018-09-21.pdf,official_scope_expanded_on_valid_2018_hts_universe
us_301_list3_2018,Section 301 List 3,700510,2018-09-24,us_301_list3_2018:7005.10.40=7005.10.40|us_301_list3_2018:7005.10.80=7005.10.80,2,,https://www.govinfo.gov/content/pkg/FR-2018-09-21/pdf/FR-2018-09-21.pdf,official_scope_expanded_on_valid_2018_hts_universe
us_301_list3_2018,Section 301 List 3,700521,2018-09-24,us_301_list3_2018:7005.21.10=7005.21.10|us_301_list3_2018:7005.21.20=7005.21.20,3,,https://www.govinfo.gov/content/pkg/FR-2018-09-21/pdf/FR-2018-09-21.pdf,official_scope_expanded_on_valid_2018_hts_universe
us_301_list3_2018,Section 301 List 3,700529,2018-09-24,us_301_list3_2018:7005.29.04=7005.29.04|us_301_list3_2018:7005.29.08=7005.29.08|us_301_list3_2018:7005.29.14=7005.29.14|us_301_list3_2018:7005.29.18=7005.29.18|us_301_list3_2018:7005.29.25=7005.29.25,9,,https://www.govinfo.gov/content/pkg/FR-2018-09-21/pdf/FR-2018-09-21.pdf,official_scope_expanded_on_valid_2018_hts_universe
us_301_list3_2018,Section 301 List 3,700530,2018-09-24,us_301_list3_2018:7005.30.00=7005.30.00,1,,https://www.govinfo.gov/content/pkg/FR-2018-09-21/pdf/FR-2018-09-21.pdf,official_scope_expanded_on_valid_2018_hts_universe
us_301_list3_2018,Section 301 List 3,700600,2018-09-24,us_301_list3_2018:7006.00.10=7006.00.10|us_301_list3_2018:7006.00.20=7006.00.20|us_301_list3_2018:7006.00.40=7006.00.40,4,,https://www.govinfo.gov/content/pkg/FR-2018-09-21/pdf/FR-2018-09-21.pdf,official_scope_expanded_on_valid_2018_hts_universe
us_301_list3_2018,Section 301 List 3,700711,2018-09-24,us_301_list3_2018:7007.11.00=7007.11.00,2,,https://www.govinfo.gov/content/pkg/FR-2018-09-21/pdf/FR-2018-09-21.pdf,official_scope_expanded_on_valid_2018_hts_universe
us_301_list3_2018,Section 301 List 3,700719,2018-09-24,us_301_list3_2018:7007.19.00=7007.19.00,1,,https://www.govinfo.gov/content/pkg/FR-2018-09-21/pdf/FR-2018-09-21.pdf,official_scope_expanded_on_valid_2018_hts_universe
us_301_list3_2018,Section 301 List 3,700721,2018-09-24,us_301_list3_2018:7007.21.10=7007.21.10|us_301_list3_2018:7007.21.50=7007.21.50,3,,https://www.govinfo.gov/content/pkg/FR-2018-09-21/pdf/FR-2018-09-21.pdf,official_scope_expanded_on_valid_2018_hts_universe
us_301_list3_2018,Section 301 List 3,700729,2018-09-24,us_301_list3_2018:7007.29.00=7007.29.00,1,,https://www.govinfo.gov/content/pkg/FR-2018-09-21/pdf/FR-2018-09-21.pdf,official_scope_expanded_on_valid_2018_hts_universe
us_301_list3_2018,Section 301 List 3,700800,2018-09-24,us_301_list3_2018:7008.00.00=7008.00.00,1,,https://www.govinfo.gov/content/pkg/FR-2018-09-21/pdf/FR-2018-09-21.pdf,official_scope_expanded_on_valid_2018_hts_universe
us_301_list3_2018,Section 301 List 3,700910,2018-09-24,us_301_list3_2018:7009.10.00=7009.10.00,1,,https://www.govinfo.gov/content/pkg/FR-2018-09-21/pdf/FR-2018-09-21.pdf,official_scope_expanded_on_valid_2018_hts_universe
us_301_list3_2018,Section 301 List 3,700991,2018-09-24,us_301_list3_2018:7009.91.10=7009.91.10|us_301_list3_2018:7009.91.50=7009.91.50,6,,https://www.govinfo.gov/content/pkg/FR-2018-09-21/pdf/FR-2018-09-21.pdf,official_scope_expanded_on_valid_2018_hts_universe
us_301_list3_2018,Section 301 List 3,700992,2018-09-24,us_301_list3_2018:7009.92.10=7009.92.10|us_301_list3_2018:7009.92.50=7009.92.50,6,,https://www.govinfo.gov/content/pkg/FR-2018-09-21/pdf/FR-2018-09-21.pdf,official_scope_expanded_on_valid_2018_hts_universe
us_301_list3_2018,Section 301 List 3,701010,2018-09-24,us_301_list3_2018:7010.10.00=7010.10.00,1,,https://www.govinfo.gov/content/pkg/FR-2018-09-21/pdf/FR-2018-09-21.pdf,official_scope_expanded_on_valid_2018_hts_universe
us_301_list3_2018,Section 301 List 3,701020,2018-09-24,us_301_list3_2018:7010.20.20=7010.20.20|us_301_list3_2018:7010.20.30=7010.20.30,2,,https://www.govinfo.gov/content/pkg/FR-2018-09-21/pdf/FR-2018-09-21.pdf,official_scope_expanded_on_valid_2018_hts_universe
us_301_list3_2018,Section 301 List 3,701090,2018-09-24,us_301_list3_2018:7010.90.05=7010.90.05|us_301_list3_2018:7010.90.20=7010.90.20|us_301_list3_2018:7010.90.30=7010.90.30|us_301_list3_2018:7010.90.50=7010.90.50,23,,https://www.govinfo.gov/content/pkg/FR-2018-09-21/pdf/FR-2018-09-21.pdf,official_scope_expanded_on_valid_2018_hts_universe
us_301_list3_2018,Section 301 List 3,701110,2018-09-24,us_301_list3_2018:7011.10.10=7011.10.10|us_301_list3_2018:7011.10.50=7011.10.50,2,,https://www.govinfo.gov/content/pkg/FR-2018-09-21/pdf/FR-2018-09-21.pdf,official_scope_expanded_on_valid_2018_hts_universe
us_301_list3_2018,Section 301 List 3,701120,2018-09-24,us_301_list3_2018:7011.20.10=7011.20.10|us_301_list3_2018:7011.20.45=7011.20.45|us_301_list3_2018:7011.20.85=7011.20.85,5,,https://www.govinfo.gov/content/pkg/FR-2018-09-21/pdf/FR-2018-09-21.pdf,official_scope_expanded_on_valid_2018_hts_universe
us_301_list3_2018,Section 301 List 3,701190,2018-09-24,us_301_list3_2018:7011.90.00=7011.90.00,1,,https://www.govinfo.gov/content/pkg/FR-2018-09-21/pdf/FR-2018-09-21.pdf,official_scope_expanded_on_valid_2018_hts_universe
us_301_list3_2018,Section 301 List 3,701400,2018-09-24,us_301_list3_2018:7014.00.10=7014.00.10|us_301_list3_2018:7014.00.20=7014.00.20|us_301_list3_2018:7014.00.30=7014.00.30|us_301_list3_2018:7014.00.50=7014.00.50,4,,https://www.govinfo.gov/content/pkg/FR-2018-09-21/pdf/FR-2018-09-21.pdf,official_scope_expanded_on_valid_2018_hts_universe
us_301_list3_2018,Section 301 List 3,701610,2018-09-24,us_301_list3_2018:7016.10.00=7016.10.00,1,,https://www.govinfo.gov/content/pkg/FR-2018-09-21/pdf/FR-2018-09-21.pdf,official_scope_expanded_on_valid_2018_hts_universe
us_301_list3_2018,Section 301 List 3,701690,2018-09-24,us_301_list3_2018:7016.90.10=7016.90.10|us_301_list3_2018:7016.90.50=7016.90.50,3,,https://www.govinfo.gov/content/pkg/FR-2018-09-21/pdf/FR-2018-09-21.pdf,official_scope_expanded_on_valid_2018_hts_universe
us_301_list3_2018,Section 301 List 3,701710,2018-09-24,us_301_list3_2018:7017.10.30=7017.10.30|us_301_list3_2018:7017.10.60=7017.10.60,2,,https://www.govinfo.gov/content/pkg/FR-2018-09-21/pdf/FR-2018-09-21.pdf,official_scope_expanded_on_valid_2018_hts_universe
us_301_list3_2018,Section 301 List 3,701720,2018-09-24,us_301_list3_2018:7017.20.00=7017.20.00,1,,https://www.govinfo.gov/content/pkg/FR-2018-09-21/pdf/FR-2018-09-21.pdf,official_scope_expanded_on_valid_2018_hts_universe
us_301_list3_2018,Section 301 List 3,701790,2018-09-24,us_301_list3_2018:7017.90.10=7017.90.10|us_301_list3_2018:7017.90.50=7017.90.50,2,,https://www.govinfo.gov/content/pkg/FR-2018-09-21/pdf/FR-2018-09-21.pdf,official_scope_expanded_on_valid_2018_hts_universe
us_301_list3_2018,Section 301 List 3,701810,2018-09-24,us_301_list3_2018:7018.10.10=7018.10.10|us_301_list3_2018:7018.10.20=7018.10.20|us_301_list3_2018:7018.10.50=7018.10.50,3,,https://www.govinfo.gov/content/pkg/FR-2018-09-21/pdf/FR-2018-09-21.pdf,official_scope_expanded_on_valid_2018_hts_universe
us_301_list3_2018,Section 301 List 3,701820,2018-09-24,us_301_list3_2018:7018.20.00=7018.20.00,1,,https://www.govinfo.gov/content/pkg/FR-2018-09-21/pdf/FR-2018-09-21.pdf,official_scope_expanded_on_valid_2018_hts_universe
us_301_list3_2018,Section 301 List 3,701890,2018-09-24,us_301_list3_2018:7018.90.50=7018.90.50,1,,https://www.govinfo.gov/content/pkg/FR-2018-09-21/pdf/FR-2018-09-21.pdf,official_scope_expanded_on_valid_2018_hts_universe
us_301_list3_2018,Section 301 List 3,701911,2018-09-24,us_301_list3_2018:7019.11.00=7019.11.00,1,,https://www.govinfo.gov/content/pkg/FR-2018-09-21/pdf/FR-2018-09-21.pdf,official_scope_expanded_on_valid_2018_hts_universe
us_301_list3_2018,Section 301 List 3,701912,2018-09-24,us_301_list3_2018:7019.12.00=7019.12.00,2,,https://www.govinfo.gov/content/pkg/FR-2018-09-21/pdf/FR-2018-09-21.pdf,official_scope_expanded_on_valid_2018_hts_universe
us_301_list3_2018,Section 301 List 3,701919,2018-09-24,us_301_list3_2018:7019.19.05=7019.19.05|us_301_list3_2018:7019.19.15=7019.19.15|us_301_list3_2018:7019.19.24=7019.19.24|us_301_list3_2018:7019.19.28=7019.19.28|us_301_list3_2018:7019.19.70=7019.19.70|us_301_list3_2018:7019.19.90=7019.19.90,7,,https://www.govinfo.gov/content/pkg/FR-2018-09-21/pdf/FR-2018-09-21.pdf,official_scope_expanded_on_valid_2018_hts_universe
us_301_list3_2018,Section 301 List 3,701931,2018-09-24,us_301_list3_2018:7019.31.00=7019.31.00,1,,https://www.govinfo.gov/content/pkg/FR-2018-09-21/pdf/FR-2018-09-21.pdf,official_scope_expanded_on_valid_2018_hts_universe
us_301_list3_2018,Section 301 List 3,701932,2018-09-24,us_301_list3_2018:7019.32.00=7019.32.00,1,,https://www.govinfo.gov/content/pkg/FR-2018-09-21/pdf/FR-2018-09-21.pdf,official_scope_expanded_on_valid_2018_hts_universe
us_301_list3_2018,Section 301 List 3,701939,2018-09-24,us_301_list3_2018:7019.39.10=7019.39.10|us_301_list3_2018:7019.39.50=7019.39.50,4,,https://www.govinfo.gov/content/pkg/FR-2018-09-21/pdf/FR-2018-09-21.pdf,official_scope_expanded_on_valid_2018_hts_universe
us_301_list3_2018,Section 301 List 3,701940,2018-09-24,us_301_list3_2018:7019.40.05=7019.40.05|us_301_list3_2018:7019.40.15=7019.40.15|us_301_list3_2018:7019.40.30=7019.40.30|us_301_list3_2018:7019.40.40=7019.40.40|us_301_list3_2018:7019.40.70=7019.40.70,6,,https://www.govinfo.gov/content/pkg/FR-2018-09-21/pdf/FR-2018-09-21.pdf,official_scope_expanded_on_valid_2018_hts_universe
us_301_list3_2018,Section 301 List 3,701951,2018-09-24,us_301_list3_2018:7019.51.10=7019.51.10|us_301_list3_2018:7019.51.90=7019.51.90,3,,https://www.govinfo.gov/content/pkg/FR-2018-09-21/pdf/FR-2018-09-21.pdf,official_scope_expanded_on_valid_2018_hts_universe
us_301_list3_2018,Section 301 List 3,701952,2018-09-24,us_301_list3_2018:7019.52.30=7019.52.30|us_301_list3_2018:7019.52.40=7019.52.40|us_301_list3_2018:7019.52.70=7019.52.70|us_301_list3_2018:7019.52.90=7019.52.90,8,,https://www.govinfo.gov/content/pkg/FR-2018-09-21/pdf/FR-2018-09-21.pdf,official_scope_expanded_on_valid_2018_hts_universe
us_301_list3_2018,Section 301 List 3,701959,2018-09-24,us_301_list3_2018:7019.59.30=7019.59.30|us_301_list3_2018:7019.59.40=7019.59.40|us_301_list3_2018:7019.59.70=7019.59.70|us_301_list3_2018:7019.59.90=7019.59.90,8,,https://www.govinfo.gov/content/pkg/FR-2018-09-21/pdf/FR-2018-09-21.pdf,official_scope_expanded_on_valid_2018_hts_universe
us_301_list3_2018,Section 301 List 3,701990,2018-09-24,us_301_list3_2018:7019.90.10=7019.90.10|us_301_list3_2018:7019.90.50=7019.90.50,4,,https://www.govinfo.gov/content/pkg/FR-2018-09-21/pdf/FR-2018-09-21.pdf,official_scope_expanded_on_valid_2018_hts_universe
us_301_list3_2018,Section 301 List 3,702000,2018-09-24,us_301_list3_2018:7020.00.30=7020.00.30|us_301_list3_2018:7020.00.40=7020.00.40|us_301_list3_2018:7020.00.60=7020.00.60,3,,https://www.govinfo.gov/content/pkg/FR-2018-09-21/pdf/FR-2018-09-21.pdf,official_scope_expanded_on_valid_2018_hts_universe
us_301_list3_2018,Section 301 List 3,710221,2018-09-24,us_301_list3_2018:7102.21.10=7102.21.10|us_301_list3_2018:7102.21.30=7102.21.30|us_301_list3_2018:7102.21.40=7102.21.40,4,,https://www.govinfo.gov/content/pkg/FR-2018-09-21/pdf/FR-2018-09-21.pdf,official_scope_expanded_on_valid_2018_hts_universe
us_301_list3_2018,Section 301 List 3,710229,2018-09-24,us_301_list3_2018:7102.29.00=7102.29.00,3,,https://www.govinfo.gov/content/pkg/FR-2018-09-21/pdf/FR-2018-09-21.pdf,official_scope_expanded_on_valid_2018_hts_universe
us_301_list3_2018,Section 301 List 3,710510,2018-09-24,us_301_list3_2018:7105.10.00=7105.10.00,5,,https://www.govinfo.gov/content/pkg/FR-2018-09-21/pdf/FR-2018-09-21.pdf,official_scope_expanded_on_valid_2018_hts_universe
us_301_list3_2018,Section 301 List 3,710590,2018-09-24,us_301_list3_2018:7105.90.00=7105.90.00,1,,https://www.govinfo.gov/content/pkg/FR-2018-09-21/pdf/FR-2018-09-21.pdf,official_scope_expanded_on_valid_2018_hts_universe
us_301_list3_2018,Section 301 List 3,710610,2018-09-24,us_301_list3_2018:7106.10.00=7106.10.00,1,,https://www.govinfo.gov/content/pkg/FR-2018-09-21/pdf/FR-2018-09-21.pdf,official_scope_expanded_on_valid_2018_hts_universe
us_301_list3_2018,Section 301 List 3,710691,2018-09-24,us_301_list3_2018:7106.91.10=7106.91.10|us_301_list3_2018:7106.91.50=7106.91.50,3,,https://www.govinfo.gov/content/pkg/FR-2018-09-21/pdf/FR-2018-09-21.pdf,official_scope_expanded_on_valid_2018_hts_universe
us_301_list3_2018,Section 301 List 3,710692,2018-09-24,us_301_list3_2018:7106.92.10=7106.92.10|us_301_list3_2018:7106.92.50=7106.92.50,2,,https://www.govinfo.gov/content/pkg/FR-2018-09-21/pdf/FR-2018-09-21.pdf,official_scope_expanded_on_valid_2018_hts_universe
us_301_list3_2018,Section 301 List 3,710700,2018-09-24,us_301_list3_2018:7107.00.00=7107.00.00,1,,https://www.govinfo.gov/content/pkg/FR-2018-09-21/pdf/FR-2018-09-21.pdf,official_scope_expanded_on_valid_2018_hts_universe
us_301_list3_2018,Section 301 List 3,710811,2018-09-24,us_301_list3_2018:7108.11.00=7108.11.00,1,,https://www.govinfo.gov/content/pkg/FR-2018-09-21/pdf/FR-2018-09-21.pdf,official_scope_expanded_on_valid_2018_hts_universe
us_301_list3_2018,Section 301 List 3,710812,2018-09-24,us_301_list3_2018:7108.12.10=7108.12.10|us_301_list3_2018:7108.12.50=7108.12.50,5,,https://www.govinfo.gov/content/pkg/FR-2018-09-21/pdf/FR-2018-09-21.pdf,official_scope_expanded_on_valid_2018_hts_universe
us_301_list3_2018,Section 301 List 3,710813,2018-09-24,us_301_list3_2018:7108.13.10=7108.13.10|us_301_list3_2018:7108.13.55=7108.13.55|us_301_list3_2018:7108.13.70=7108.13.70,3,,https://www.govinfo.gov/content/pkg/FR-2018-09-21/pdf/FR-2018-09-21.pdf,official_scope_expanded_on_valid_2018_hts_universe
us_301_list3_2018,Section 301 List 3,710820,2018-09-24,us_301_list3_2018:7108.20.00=7108.20.00,0,us_301_list3_2018:7108.20.00=7108.20.00,https://www.govinfo.gov/content/pkg/FR-2018-09-21/pdf/FR-2018-09-21.pdf,official_scope_recorded_at_same_revision_hs6_no_trade_line
us_301_list3_2018,Section 301 List 3,710900,2018-09-24,us_301_list3_2018:7109.00.00=7109.00.00,1,,https://www.govinfo.gov/content/pkg/FR-2018-09-21/pdf/FR-2018-09-21.pdf,official_scope_expanded_on_valid_2018_hts_universe
us_301_list3_2018,Section 301 List 3,711011,2018-09-24,us_301_list3_2018:7110.11.00=7110.11.00,3,,https://www.govinfo.gov/content/pkg/FR-2018-09-21/pdf/FR-2018-09-21.pdf,official_scope_expanded_on_valid_2018_hts_universe
us_301_list3_2018,Section 301 List 3,711019,2018-09-24,us_301_list3_2018:7110.19.00=7110.19.00,1,,https://www.govinfo.gov/content/pkg/FR-2018-09-21/pdf/FR-2018-09-21.pdf,official_scope_expanded_on_valid_2018_hts_universe
us_301_list3_2018,Section 301 List 3,711021,2018-09-24,us_301_list3_2018:7110.21.00=7110.21.00,1,,https://www.govinfo.gov/content/pkg/FR-2018-09-21/pdf/FR-2018-09-21.pdf,official_scope_expanded_on_valid_2018_hts_universe
us_301_list3_2018,Section 301 List 3,711029,2018-09-24,us_301_list3_2018:7110.29.00=7110.29.00,1,,https://www.govinfo.gov/content/pkg/FR-2018-09-21/pdf/FR-2018-09-21.pdf,official_scope_expanded_on_valid_2018_hts_universe
us_301_list3_2018,Section 301 List 3,711031,2018-09-24,us_301_list3_2018:7110.31.00=7110.31.00,1,,https://www.govinfo.gov/content/pkg/FR-2018-09-21/pdf/FR-2018-09-21.pdf,official_scope_expanded_on_valid_2018_hts_universe
us_301_list3_2018,Section 301 List 3,711039,2018-09-24,us_301_list3_2018:7110.39.00=7110.39.00,1,,https://www.govinfo.gov/content/pkg/FR-2018-09-21/pdf/FR-2018-09-21.pdf,official_scope_expanded_on_valid_2018_hts_universe
us_301_list3_2018,Section 301 List 3,711041,2018-09-24,us_301_list3_2018:7110.41.00=7110.41.00,4,,https://www.govinfo.gov/content/pkg/FR-2018-09-21/pdf/FR-2018-09-21.pdf,official_scope_expanded_on_valid_2018_hts_universe
us_301_list3_2018,Section 301 List 3,711049,2018-09-24,us_301_list3_2018:7110.49.00=7110.49.00,2,,https://www.govinfo.gov/content/pkg/FR-2018-09-21/pdf/FR-2018-09-21.pdf,official_scope_expanded_on_valid_2018_hts_universe
us_301_list3_2018,Section 301 List 3,711100,2018-09-24,us_301_list3_2018:7111.00.00=7111.00.00,1,,https://www.govinfo.gov/content/pkg/FR-2018-09-21/pdf/FR-2018-09-21.pdf,official_scope_expanded_on_valid_2018_hts_universe
us_301_list3_2018,Section 301 List 3,711230,2018-09-24,us_301_list3_2018:7112.30.00=7112.30.00,1,,https://www.govinfo.gov/content/pkg/FR-2018-09-21/pdf/FR-2018-09-21.pdf,official_scope_expanded_on_valid_2018_hts_universe
us_301_list3_2018,Section 301 List 3,711291,2018-09-24,us_301_list3_2018:7112.91.00=7112.91.00,1,,https://www.govinfo.gov/content/pkg/FR-2018-09-21/pdf/FR-2018-09-21.pdf,official_scope_expanded_on_valid_2018_hts_universe
us_301_list3_2018,Section 301 List 3,711292,2018-09-24,us_301_list3_2018:7112.92.00=7112.92.00,1,,https://www.govinfo.gov/content/pkg/FR-2018-09-21/pdf/FR-2018-09-21.pdf,official_scope_expanded_on_valid_2018_hts_universe
us_301_list3_2018,Section 301 List 3,711299,2018-09-24,us_301_list3_2018:7112.99.00=7112.99.00,1,,https://www.govinfo.gov/content/pkg/FR-2018-09-21/pdf/FR-2018-09-21.pdf,official_scope_expanded_on_valid_2018_hts_universe
us_301_list3_2018,Section 301 List 3,711411,2018-09-24,us_301_list3_2018:7114.11.10=7114.11.10|us_301_list3_2018:7114.11.20=7114.11.20|us_301_list3_2018:7114.11.30=7114.11.30|us_301_list3_2018:7114.11.40=7114.11.40|us_301_list3_2018:7114.11.45=7114.11.45|us_301_list3_2018:7114.11.50=7114.11.50|us_301_list3_2018:7114.11.60=7114.11.60|us_301_list3_2018:7114.11.70=7114.11.70,8,,https://www.govinfo.gov/content/pkg/FR-2018-09-21/pdf/FR-2018-09-21.pdf,official_scope_expanded_on_valid_2018_hts_universe
us_301_list3_2018,Section 301 List 3,711419,2018-09-24,us_301_list3_2018:7114.19.00=7114.19.00,1,,https://www.govinfo.gov/content/pkg/FR-2018-09-21/pdf/FR-2018-09-21.pdf,official_scope_expanded_on_valid_2018_hts_universe
us_301_list3_2018,Section 301 List 3,711420,2018-09-24,us_301_list3_2018:7114.20.00=7114.20.00,2,,https://www.govinfo.gov/content/pkg/FR-2018-09-21/pdf/FR-2018-09-21.pdf,official_scope_expanded_on_valid_2018_hts_universe
us_301_list3_2018,Section 301 List 3,711510,2018-09-24,us_301_list3_2018:7115.10.00=7115.10.00,1,,https://www.govinfo.gov/content/pkg/FR-2018-09-21/pdf/FR-2018-09-21.pdf,official_scope_expanded_on_valid_2018_hts_universe
us_301_list3_2018,Section 301 List 3,711590,2018-09-24,us_301_list3_2018:7115.90.05=7115.90.05|us_301_list3_2018:7115.90.30=7115.90.30|us_301_list3_2018:7115.90.40=7115.90.40|us_301_list3_2018:7115.90.60=7115.90.60,6,,https://www.govinfo.gov/content/pkg/FR-2018-09-21/pdf/FR-2018-09-21.pdf,official_scope_expanded_on_valid_2018_hts_universe
us_301_list3_2018,Section 301 List 3,720110,2018-09-24,us_301_list3_2018:7201.10.00=7201.10.00,1,,https://www.govinfo.gov/content/pkg/FR-2018-09-21/pdf/FR-2018-09-21.pdf,official_scope_expanded_on_valid_2018_hts_universe
us_301_list3_2018,Section 301 List 3,720120,2018-09-24,us_301_list3_2018:7201.20.00=7201.20.00,1,,https://www.govinfo.gov/content/pkg/FR-2018-09-21/pdf/FR-2018-09-21.pdf,official_scope_expanded_on_valid_2018_hts_universe
us_301_list3_2018,Section 301 List 3,720150,2018-09-24,us_301_list3_2018:7201.50.30=7201.50.30|us_301_list3_2018:7201.50.60=7201.50.60,2,,https://www.govinfo.gov/content/pkg/FR-2018-09-21/pdf/FR-2018-09-21.pdf,official_scope_expanded_on_valid_2018_hts_universe
us_301_list3_2018,Section 301 List 3,720211,2018-09-24,us_301_list3_2018:7202.11.10=7202.11.10|us_301_list3_2018:7202.11.50=7202.11.50,2,,https://www.govinfo.gov/content/pkg/FR-2018-09-21/pdf/FR-2018-09-21.pdf,official_scope_expanded_on_valid_2018_hts_universe
us_301_list3_2018,Section 301 List 3,720219,2018-09-24,us_301_list3_2018:7202.19.10=7202.19.10|us_301_list3_2018:7202.19.50=7202.19.50,2,,https://www.govinfo.gov/content/pkg/FR-2018-09-21/pdf/FR-2018-09-21.pdf,official_scope_expanded_on_valid_2018_hts_universe
us_301_list3_2018,Section 301 List 3,720221,2018-09-24,us_301_list3_2018:7202.21.10=7202.21.10|us_301_list3_2018:7202.21.50=7202.21.50|us_301_list3_2018:7202.21.75=7202.21.75|us_301_list3_2018:7202.21.90=7202.21.90,4,,https://www.govinfo.gov/content/pkg/FR-2018-09-21/pdf/FR-2018-09-21.pdf,official_scope_expanded_on_valid_2018_hts_universe
us_301_list3_2018,Section 301 List 3,720229,2018-09-24,us_301_list3_2018:7202.29.00=7202.29.00,2,,https://www.govinfo.gov/content/pkg/FR-2018-09-21/pdf/FR-2018-09-21.pdf,official_scope_expanded_on_valid_2018_hts_universe
us_301_list3_2018,Section 301 List 3,720230,2018-09-24,us_301_list3_2018:7202.30.00=7202.30.00,1,,https://www.govinfo.gov/content/pkg/FR-2018-09-21/pdf/FR-2018-09-21.pdf,official_scope_expanded_on_valid_2018_hts_universe
us_301_list3_2018,Section 301 List 3,720241,2018-09-24,us_301_list3_2018:7202.41.00=7202.41.00,1,,https://www.govinfo.gov/content/pkg/FR-2018-09-21/pdf/FR-2018-09-21.pdf,official_scope_expanded_on_valid_2018_hts_universe
us_301_list3_2018,Section 301 List 3,720249,2018-09-24,us_301_list3_2018:7202.49.10=7202.49.10|us_301_list3_2018:7202.49.50=7202.49.50,3,,https://www.govinfo.gov/content/pkg/FR-2018-09-21/pdf/FR-2018-09-21.pdf,official_scope_expanded_on_valid_2018_hts_universe
us_301_list3_2018,Section 301 List 3,720250,2018-09-24,us_301_list3_2018:7202.50.00=7202.50.00,1,,https://www.govinfo.gov/content/pkg/FR-2018-09-21/pdf/FR-2018-09-21.pdf,official_scope_expanded_on_valid_2018_hts_universe
us_301_list3_2018,Section 301 List 3,720280,2018-09-24,us_301_list3_2018:7202.80.00=7202.80.00,1,,https://www.govinfo.gov/content/pkg/FR-2018-09-21/pdf/FR-2018-09-21.pdf,official_scope_expanded_on_valid_2018_hts_universe
us_301_list3_2018,Section 301 List 3,720291,2018-09-24,us_301_list3_2018:7202.91.00=7202.91.00,1,,https://www.govinfo.gov/content/pkg/FR-2018-09-21/pdf/FR-2018-09-21.pdf,official_scope_expanded_on_valid_2018_hts_universe
us_301_list3_2018,Section 301 List 3,720292,2018-09-24,us_301_list3_2018:7202.92.00=7202.92.00,1,,https://www.govinfo.gov/content/pkg/FR-2018-09-21/pdf/FR-2018-09-21.pdf,official_scope_expanded_on_valid_2018_hts_universe
us_301_list3_2018,Section 301 List 3,720299,2018-09-24,us_301_list3_2018:7202.99.10=7202.99.10|us_301_list3_2018:7202.99.20=7202.99.20,2,,https://www.govinfo.gov/content/pkg/FR-2018-09-21/pdf/FR-2018-09-21.pdf,official_scope_expanded_on_valid_2018_hts_universe
us_301_list3_2018,Section 301 List 3,720310,2018-09-24,us_301_list3_2018:7203.10.00=7203.10.00,1,,https://www.govinfo.gov/content/pkg/FR-2018-09-21/pdf/FR-2018-09-21.pdf,official_scope_expanded_on_valid_2018_hts_universe
us_301_list3_2018,Section 301 List 3,720390,2018-09-24,us_301_list3_2018:7203.90.00=7203.90.00,1,,https://www.govinfo.gov/content/pkg/FR-2018-09-21/pdf/FR-2018-09-21.pdf,official_scope_expanded_on_valid_2018_hts_universe
us_301_list3_2018,Section 301 List 3,720410,2018-09-24,us_301_list3_2018:7204.10.00=7204.10.00,1,,https://www.govinfo.gov/content/pkg/FR-2018-09-21/pdf/FR-2018-09-21.pdf,official_scope_expanded_on_valid_2018_hts_universe
us_301_list3_2018,Section 301 List 3,720421,2018-09-24,us_301_list3_2018:7204.21.00=7204.21.00,1,,https://www.govinfo.gov/content/pkg/FR-2018-09-21/pdf/FR-2018-09-21.pdf,official_scope_expanded_on_valid_2018_hts_universe
us_301_list3_2018,Section 301 List 3,720429,2018-09-24,us_301_list3_2018:7204.29.00=7204.29.00,1,,https://www.govinfo.gov/content/pkg/FR-2018-09-21/pdf/FR-2018-09-21.pdf,official_scope_expanded_on_valid_2018_hts_universe
us_301_list3_2018,Section 301 List 3,720430,2018-09-24,us_301_list3_2018:7204.30.00=7204.30.00,1,,https://www.govinfo.gov/content/pkg/FR-2018-09-21/pdf/FR-2018-09-21.pdf,official_scope_expanded_on_valid_2018_hts_universe
us_301_list3_2018,Section 301 List 3,720441,2018-09-24,us_301_list3_2018:7204.41.00=7204.41.00,4,,https://www.govinfo.gov/content/pkg/FR-2018-09-21/pdf/FR-2018-09-21.pdf,official_scope_expanded_on_valid_2018_hts_universe
us_301_list3_2018,Section 301 List 3,720449,2018-09-24,us_301_list3_2018:7204.49.00=7204.49.00,5,,https://www.govinfo.gov/content/pkg/FR-2018-09-21/pdf/FR-2018-09-21.pdf,official_scope_expanded_on_valid_2018_hts_universe
us_301_list3_2018,Section 301 List 3,720450,2018-09-24,us_301_list3_2018:7204.50.00=7204.50.00,1,,https://www.govinfo.gov/content/pkg/FR-2018-09-21/pdf/FR-2018-09-21.pdf,official_scope_expanded_on_valid_2018_hts_universe
us_301_list3_2018,Section 301 List 3,720510,2018-09-24,us_301_list3_2018:7205.10.00=7205.10.00,1,,https://www.govinfo.gov/content/pkg/FR-2018-09-21/pdf/FR-2018-09-21.pdf,official_scope_expanded_on_valid_2018_hts_universe
us_301_list3_2018,Section 301 List 3,720521,2018-09-24,us_301_list3_2018:7205.21.00=7205.21.00,1,,https://www.govinfo.gov/content/pkg/FR-2018-09-21/pdf/FR-2018-09-21.pdf,official_scope_expanded_on_valid_2018_hts_universe
us_301_list3_2018,Section 301 List 3,720529,2018-09-24,us_301_list3_2018:7205.29.00=7205.29.00,1,,https://www.govinfo.gov/content/pkg/FR-2018-09-21/pdf/FR-2018-09-21.pdf,official_scope_expanded_on_valid_2018_hts_universe
us_301_list3_2018,Section 301 List 3,721661,2018-09-24,us_301_list3_2018:7216.61.00=7216.61.00,1,,https://www.govinfo.gov/content/pkg/FR-2018-09-21/pdf/FR-2018-09-21.pdf,official_scope_expanded_on_valid_2018_hts_universe
us_301_list3_2018,Section 301 List 3,721669,2018-09-24,us_301_list3_2018:7216.69.00=7216.69.00,1,,https://www.govinfo.gov/content/pkg/FR-2018-09-21/pdf/FR-2018-09-21.pdf,official_scope_expanded_on_valid_2018_hts_universe
us_301_list3_2018,Section 301 List 3,721691,2018-09-24,us_301_list3_2018:7216.91.00=7216.91.00,2,,https://www.govinfo.gov/content/pkg/FR-2018-09-21/pdf/FR-2018-09-21.pdf,official_scope_expanded_on_valid_2018_hts_universe
us_301_list3_2018,Section 301 List 3,730120,2018-09-24,us_301_list3_2018:7301.20.10=7301.20.10|us_301_list3_2018:7301.20.50=7301.20.50,2,,https://www.govinfo.gov/content/pkg/FR-2018-09-21/pdf/FR-2018-09-21.pdf,official_scope_expanded_on_valid_2018_hts_universe
us_301_list3_2018,Section 301 List 3,730230,2018-09-24,us_301_list3_2018:7302.30.00=7302.30.00,1,,https://www.govinfo.gov/content/pkg/FR-2018-09-21/pdf/FR-2018-09-21.pdf,official_scope_expanded_on_valid_2018_hts_universe
us_301_list3_2018,Section 301 List 3,730300,2018-09-24,us_301_list3_2018:7303.00.00=7303.00.00,3,,https://www.govinfo.gov/content/pkg/FR-2018-09-21/pdf/FR-2018-09-21.pdf,official_scope_expanded_on_valid_2018_hts_universe
us_301_list3_2018,Section 301 List 3,730711,2018-09-24,us_301_list3_2018:7307.11.00=7307.11.00,3,,https://www.govinfo.gov/content/pkg/FR-2018-09-21/pdf/FR-2018-09-21.pdf,official_scope_expanded_on_valid_2018_hts_universe
us_301_list3_2018,Section 301 List 3,730719,2018-09-24,us_301_list3_2018:7307.19.30=7307.19.30|us_301_list3_2018:7307.19.90=7307.19.90,8,,https://www.govinfo.gov/content/pkg/FR-2018-09-21/pdf/FR-2018-09-21.pdf,official_scope_expanded_on_valid_2018_hts_universe
us_301_list3_2018,Section 301 List 3,730721,2018-09-24,us_301_list3_2018:7307.21.10=7307.21.10|us_301_list3_2018:7307.21.50=7307.21.50,2,,https://www.govinfo.gov/content/pkg/FR-2018-09-21/pdf/FR-2018-09-21.pdf,official_scope_expanded_on_valid_2018_hts_universe
us_301_list3_2018,Section 301 List 3,730722,2018-09-24,us_301_list3_2018:7307.22.10=7307.22.10|us_301_list3_2018:7307.22.50=7307.22.50,2,,https://www.govinfo.gov/content/pkg/FR-2018-09-21/pdf/FR-2018-09-21.pdf,official_scope_expanded_on_valid_2018_hts_universe
us_301_list3_2018,Section 301 List 3,730723,2018-09-24,us_301_list3_2018:7307.23.00=7307.23.00,1,,https://www.govinfo.gov/content/pkg/FR-2018-09-21/pdf/FR-2018-09-21.pdf,official_scope_expanded_on_valid_2018_hts_universe
us_301_list3_2018,Section 301 List 3,730729,2018-09-24,us_301_list3_2018:7307.29.00=7307.29.00,2,,https://www.govinfo.gov/content/pkg/FR-2018-09-21/pdf/FR-2018-09-21.pdf,official_scope_expanded_on_valid_2018_hts_universe
us_301_list3_2018,Section 301 List 3,730791,2018-09-24,us_301_list3_2018:7307.91.10=7307.91.10|us_301_list3_2018:7307.91.30=7307.91.30|us_301_list3_2018:7307.91.50=7307.91.50,6,,https://www.govinfo.gov/content/pkg/FR-2018-09-21/pdf/FR-2018-09-21.pdf,official_scope_expanded_on_valid_2018_hts_universe
us_301_list3_2018,Section 301 List 3,730792,2018-09-24,us_301_list3_2018:7307.92.30=7307.92.30|us_301_list3_2018:7307.92.90=7307.92.90,3,,https://www.govinfo.gov/content/pkg/FR-2018-09-21/pdf/FR-2018-09-21.pdf,official_scope_expanded_on_valid_2018_hts_universe
us_301_list3_2018,Section 301 List 3,730793,2018-09-24,us_301_list3_2018:7307.93.30=7307.93.30|us_301_list3_2018:7307.93.60=7307.93.60|us_301_list3_2018:7307.93.90=7307.93.90,6,,https://www.govinfo.gov/content/pkg/FR-2018-09-21/pdf/FR-2018-09-21.pdf,official_scope_expanded_on_valid_2018_hts_universe
us_301_list3_2018,Section 301 List 3,730799,2018-09-24,us_301_list3_2018:7307.99.10=7307.99.10|us_301_list3_2018:7307.99.30=7307.99.30|us_301_list3_2018:7307.99.50=7307.99.50,5,,https://www.govinfo.gov/content/pkg/FR-2018-09-21/pdf/FR-2018-09-21.pdf,official_scope_expanded_on_valid_2018_hts_universe
us_301_list3_2018,Section 301 List 3,730830,2018-09-24,us_301_list3_2018:7308.30.10=7308.30.10|us_301_list3_2018:7308.30.50=7308.30.50,4,,https://www.govinfo.gov/content/pkg/FR-2018-09-21/pdf/FR-2018-09-21.pdf,official_scope_expanded_on_valid_2018_hts_universe
us_301_list3_2018,Section 301 List 3,730840,2018-09-24,us_301_list3_2018:7308.40.00=7308.40.00,1,,https://www.govinfo.gov/content/pkg/FR-2018-09-21/pdf/FR-2018-09-21.pdf,official_scope_expanded_on_valid_2018_hts_universe
us_301_list3_2018,Section 301 List 3,730900,2018-09-24,us_301_list3_2018:7309.00.00=7309.00.00,2,,https://www.govinfo.gov/content/pkg/FR-2018-09-21/pdf/FR-2018-09-21.pdf,official_scope_expanded_on_valid_2018_hts_universe
us_301_list3_2018,Section 301 List 3,731010,2018-09-24,us_301_list3_2018:7310.10.00=7310.10.00,2,,https://www.govinfo.gov/content/pkg/FR-2018-09-21/pdf/FR-2018-09-21.pdf,official_scope_expanded_on_valid_2018_hts_universe
us_301_list3_2018,Section 301 List 3,731021,2018-09-24,us_301_list3_2018:7310.21.00=7310.21.00,2,,https://www.govinfo.gov/content/pkg/FR-2018-09-21/pdf/FR-2018-09-21.pdf,official_scope_expanded_on_valid_2018_hts_universe
us_301_list3_2018,Section 301 List 3,731029,2018-09-24,us_301_list3_2018:7310.29.00=7310.29.00,2,,https://www.govinfo.gov/content/pkg/FR-2018-09-21/pdf/FR-2018-09-21.pdf,official_scope_expanded_on_valid_2018_hts_universe
us_301_list3_2018,Section 301 List 3,731100,2018-09-24,us_301_list3_2018:7311.00.00=7311.00.00,3,,https://www.govinfo.gov/content/pkg/FR-2018-09-21/pdf/FR-2018-09-21.pdf,official_scope_expanded_on_valid_2018_hts_universe
us_301_list3_2018,Section 301 List 3,731210,2018-09-24,us_301_list3_2018:7312.10.05=7312.10.05|us_301_list3_2018:7312.10.10=7312.10.10|us_301_list3_2018:7312.10.20=7312.10.20|us_301_list3_2018:7312.10.30=7312.10.30|us_301_list3_2018:7312.10.50=7312.10.50|us_301_list3_2018:7312.10.60=7312.10.60|us_301_list3_2018:7312.10.70=7312.10.70|us_301_list3_2018:7312.10.80=7312.10.80|us_301_list3_2018:7312.10.90=7312.10.90,22,,https://www.govinfo.gov/content/pkg/FR-2018-09-21/pdf/FR-2018-09-21.pdf,official_scope_expanded_on_valid_2018_hts_universe
us_301_list3_2018,Section 301 List 3,731290,2018-09-24,us_301_list3_2018:7312.90.00=7312.90.00,1,,https://www.govinfo.gov/content/pkg/FR-2018-09-21/pdf/FR-2018-09-21.pdf,official_scope_expanded_on_valid_2018_hts_universe
us_301_list3_2018,Section 301 List 3,731300,2018-09-24,us_301_list3_2018:7313.00.00=7313.00.00,1,,https://www.govinfo.gov/content/pkg/FR-2018-09-21/pdf/FR-2018-09-21.pdf,official_scope_expanded_on_valid_2018_hts_universe
us_301_list3_2018,Section 301 List 3,731412,2018-09-24,us_301_list3_2018:7314.12.10=7314.12.10|us_301_list3_2018:7314.12.20=7314.12.20|us_301_list3_2018:7314.12.30=7314.12.30|us_301_list3_2018:7314.12.60=7314.12.60|us_301_list3_2018:7314.12.90=7314.12.90,5,,https://www.govinfo.gov/content/pkg/FR-2018-09-21/pdf/FR-2018-09-21.pdf,official_scope_expanded_on_valid_2018_hts_universe
us_301_list3_2018,Section 301 List 3,731414,2018-09-24,us_301_list3_2018:7314.14.10=7314.14.10|us_301_list3_2018:7314.14.20=7314.14.20|us_301_list3_2018:7314.14.30=7314.14.30|us_301_list3_2018:7314.14.60=7314.14.60|us_301_list3_2018:7314.14.90=7314.14.90,5,,https://www.govinfo.gov/content/pkg/FR-2018-09-21/pdf/FR-2018-09-21.pdf,official_scope_expanded_on_valid_2018_hts_universe
us_301_list3_2018,Section 301 List 3,731419,2018-09-24,us_301_list3_2018:7314.19.01=7314.19.01,1,,https://www.govinfo.gov/content/pkg/FR-2018-09-21/pdf/FR-2018-09-21.pdf,official_scope_expanded_on_valid_2018_hts_universe
us_301_list3_2018,Section 301 List 3,731420,2018-09-24,us_301_list3_2018:7314.20.00=7314.20.00,1,,https://www.govinfo.gov/content/pkg/FR-2018-09-21/pdf/FR-2018-09-21.pdf,official_scope_expanded_on_valid_2018_hts_universe
us_301_list3_2018,Section 301 List 3,731431,2018-09-24,us_301_list3_2018:7314.31.10=7314.31.10|us_301_list3_2018:7314.31.50=7314.31.50,3,,https://www.govinfo.gov/content/pkg/FR-2018-09-21/pdf/FR-2018-09-21.pdf,official_scope_expanded_on_valid_2018_hts_universe
us_301_list3_2018,Section 301 List 3,731439,2018-09-24,us_301_list3_2018:7314.39.00=7314.39.00,1,,https://www.govinfo.gov/content/pkg/FR-2018-09-21/pdf/FR-2018-09-21.pdf,official_scope_expanded_on_valid_2018_hts_universe
us_301_list3_2018,Section 301 List 3,731441,2018-09-24,us_301_list3_2018:7314.41.00=7314.41.00,4,,https://www.govinfo.gov/content/pkg/FR-2018-09-21/pdf/FR-2018-09-21.pdf,official_scope_expanded_on_valid_2018_hts_universe
us_301_list3_2018,Section 301 List 3,731442,2018-09-24,us_301_list3_2018:7314.42.00=7314.42.00,2,,https://www.govinfo.gov/content/pkg/FR-2018-09-21/pdf/FR-2018-09-21.pdf,official_scope_expanded_on_valid_2018_hts_universe
us_301_list3_2018,Section 301 List 3,731449,2018-09-24,us_301_list3_2018:7314.49.30=7314.49.30|us_301_list3_2018:7314.49.60=7314.49.60,2,,https://www.govinfo.gov/content/pkg/FR-2018-09-21/pdf/FR-2018-09-21.pdf,official_scope_expanded_on_valid_2018_hts_universe
us_301_list3_2018,Section 301 List 3,731450,2018-09-24,us_301_list3_2018:7314.50.00=7314.50.00,1,,https://www.govinfo.gov/content/pkg/FR-2018-09-21/pdf/FR-2018-09-21.pdf,official_scope_expanded_on_valid_2018_hts_universe
us_301_list3_2018,Section 301 List 3,731511,2018-09-24,us_301_list3_2018:7315.11.00=7315.11.00,4,,https://www.govinfo.gov/content/pkg/FR-2018-09-21/pdf/FR-2018-09-21.pdf,official_scope_expanded_on_valid_2018_hts_universe
us_301_list3_2018,Section 301 List 3,731512,2018-09-24,us_301_list3_2018:7315.12.00=7315.12.00,4,,https://www.govinfo.gov/content/pkg/FR-2018-09-21/pdf/FR-2018-09-21.pdf,official_scope_expanded_on_valid_2018_hts_universe
us_301_list3_2018,Section 301 List 3,731519,2018-09-24,us_301_list3_2018:7315.19.00=7315.19.00,1,,https://www.govinfo.gov/content/pkg/FR-2018-09-21/pdf/FR-2018-09-21.pdf,official_scope_expanded_on_valid_2018_hts_universe
us_301_list3_2018,Section 301 List 3,731520,2018-09-24,us_301_list3_2018:7315.20.10=7315.20.10|us_301_list3_2018:7315.20.50=7315.20.50,2,,https://www.govinfo.gov/content/pkg/FR-2018-09-21/pdf/FR-2018-09-21.pdf,official_scope_expanded_on_valid_2018_hts_universe
us_301_list3_2018,Section 301 List 3,731581,2018-09-24,us_301_list3_2018:7315.81.00=7315.81.00,1,,https://www.govinfo.gov/content/pkg/FR-2018-09-21/pdf/FR-2018-09-21.pdf,official_scope_expanded_on_valid_2018_hts_universe
us_301_list3_2018,Section 301 List 3,731582,2018-09-24,us_301_list3_2018:7315.82.10=7315.82.10|us_301_list3_2018:7315.82.30=7315.82.30|us_301_list3_2018:7315.82.50=7315.82.50|us_301_list3_2018:7315.82.70=7315.82.70,4,,https://www.govinfo.gov/content/pkg/FR-2018-09-21/pdf/FR-2018-09-21.pdf,official_scope_expanded_on_valid_2018_hts_universe
us_301_list3_2018,Section 301 List 3,731589,2018-09-24,us_301_list3_2018:7315.89.10=7315.89.10|us_301_list3_2018:7315.89.30=7315.89.30|us_301_list3_2018:7315.89.50=7315.89.50,3,,https://www.govinfo.gov/content/pkg/FR-2018-09-21/pdf/FR-2018-09-21.pdf,official_scope_expanded_on_valid_2018_hts_universe
us_301_list3_2018,Section 301 List 3,731590,2018-09-24,us_301_list3_2018:7315.90.00=7315.90.00,1,,https://www.govinfo.gov/content/pkg/FR-2018-09-21/pdf/FR-2018-09-21.pdf,official_scope_expanded_on_valid_2018_hts_universe
us_301_list3_2018,Section 301 List 3,731600,2018-09-24,us_301_list3_2018:7316.00.00=7316.00.00,1,,https://www.govinfo.gov/content/pkg/FR-2018-09-21/pdf/FR-2018-09-21.pdf,official_scope_expanded_on_valid_2018_hts_universe
us_301_list3_2018,Section 301 List 3,731700,2018-09-24,us_301_list3_2018:7317.00.20=7317.00.20|us_301_list3_2018:7317.00.30=7317.00.30|us_301_list3_2018:7317.00.55=7317.00.55|us_301_list3_2018:7317.00.65=7317.00.65|us_301_list3_2018:7317.00.75=7317.00.75,22,,https://www.govinfo.gov/content/pkg/FR-2018-09-21/pdf/FR-2018-09-21.pdf,official_scope_expanded_on_valid_2018_hts_universe
us_301_list3_2018,Section 301 List 3,731811,2018-09-24,us_301_list3_2018:7318.11.00=7318.11.00,1,,https://www.govinfo.gov/content/pkg/FR-2018-09-21/pdf/FR-2018-09-21.pdf,official_scope_expanded_on_valid_2018_hts_universe
us_301_list3_2018,Section 301 List 3,731812,2018-09-24,us_301_list3_2018:7318.12.00=7318.12.00,1,,https://www.govinfo.gov/content/pkg/FR-2018-09-21/pdf/FR-2018-09-21.pdf,official_scope_expanded_on_valid_2018_hts_universe
us_301_list3_2018,Section 301 List 3,731813,2018-09-24,us_301_list3_2018:7318.13.00=7318.13.00,2,,https://www.govinfo.gov/content/pkg/FR-2018-09-21/pdf/FR-2018-09-21.pdf,official_scope_expanded_on_valid_2018_hts_universe
us_301_list3_2018,Section 301 List 3,731814,2018-09-24,us_301_list3_2018:7318.14.10=7318.14.10|us_301_list3_2018:7318.14.50=7318.14.50,4,,https://www.govinfo.gov/content/pkg/FR-2018-09-21/pdf/FR-2018-09-21.pdf,official_scope_expanded_on_valid_2018_hts_universe
us_301_list3_2018,Section 301 List 3,731815,2018-09-24,us_301_list3_2018:7318.15.20=7318.15.20|us_301_list3_2018:7318.15.40=7318.15.40|us_301_list3_2018:7318.15.50=7318.15.50|us_301_list3_2018:7318.15.60=7318.15.60|us_301_list3_2018:7318.15.80=7318.15.80,28,,https://www.govinfo.gov/content/pkg/FR-2018-09-21/pdf/FR-2018-09-21.pdf,official_scope_expanded_on_valid_2018_hts_universe
us_301_list3_2018,Section 301 List 3,731819,2018-09-24,us_301_list3_2018:7318.19.00=7318.19.00,1,,https://www.govinfo.gov/content/pkg/FR-2018-09-21/pdf/FR-2018-09-21.pdf,official_scope_expanded_on_valid_2018_hts_universe
us_301_list3_2018,Section 301 List 3,731821,2018-09-24,us_301_list3_2018:7318.21.00=7318.21.00,2,,https://www.govinfo.gov/content/pkg/FR-2018-09-21/pdf/FR-2018-09-21.pdf,official_scope_expanded_on_valid_2018_hts_universe
us_301_list3_2018,Section 301 List 3,731822,2018-09-24,us_301_list3_2018:7318.22.00=7318.22.00,1,,https://www.govinfo.gov/content/pkg/FR-2018-09-21/pdf/FR-2018-09-21.pdf,official_scope_expanded_on_valid_2018_hts_universe
us_301_list3_2018,Section 301 List 3,731823,2018-09-24,us_301_list3_2018:7318.23.00=7318.23.00,1,,https://www.govinfo.gov/content/pkg/FR-2018-09-21/pdf/FR-2018-09-21.pdf,official_scope_expanded_on_valid_2018_hts_universe
us_301_list3_2018,Section 301 List 3,731824,2018-09-24,us_301_list3_2018:7318.24.00=7318.24.00,1,,https://www.govinfo.gov/content/pkg/FR-2018-09-21/pdf/FR-2018-09-21.pdf,official_scope_expanded_on_valid_2018_hts_universe
us_301_list3_2018,Section 301 List 3,731829,2018-09-24,us_301_list3_2018:7318.29.00=7318.29.00,1,,https://www.govinfo.gov/content/pkg/FR-2018-09-21/pdf/FR-2018-09-21.pdf,official_scope_expanded_on_valid_2018_hts_universe
us_301_list3_2018,Section 301 List 3,732010,2018-09-24,us_301_list3_2018:7320.10.30=7320.10.30|us_301_list3_2018:7320.10.60=7320.10.60|us_301_list3_2018:7320.10.90=7320.10.90,5,,https://www.govinfo.gov/content/pkg/FR-2018-09-21/pdf/FR-2018-09-21.pdf,official_scope_expanded_on_valid_2018_hts_universe
us_301_list3_2018,Section 301 List 3,732090,2018-09-24,us_301_list3_2018:7320.90.10=7320.90.10|us_301_list3_2018:7320.90.50=7320.90.50,4,,https://www.govinfo.gov/content/pkg/FR-2018-09-21/pdf/FR-2018-09-21.pdf,official_scope_expanded_on_valid_2018_hts_universe
us_301_list3_2018,Section 301 List 3,732111,2018-09-24,us_301_list3_2018:7321.11.10=7321.11.10|us_301_list3_2018:7321.11.30=7321.11.30|us_301_list3_2018:7321.11.60=7321.11.60,6,,https://www.govinfo.gov/content/pkg/FR-2018-09-21/pdf/FR-2018-09-21.pdf,official_scope_expanded_on_valid_2018_hts_universe
us_301_list3_2018,Section 301 List 3,732190,2018-09-24,us_301_list3_2018:7321.90.10=7321.90.10|us_301_list3_2018:7321.90.20=7321.90.20|us_301_list3_2018:7321.90.40=7321.90.40|us_301_list3_2018:7321.90.50=7321.90.50|us_301_list3_2018:7321.90.60=7321.90.60,7,,https://www.govinfo.gov/content/pkg/FR-2018-09-21/pdf/FR-2018-09-21.pdf,official_scope_expanded_on_valid_2018_hts_universe
us_301_list3_2018,Section 301 List 3,732211,2018-09-24,us_301_list3_2018:7322.11.00=7322.11.00,1,,https://www.govinfo.gov/content/pkg/FR-2018-09-21/pdf/FR-2018-09-21.pdf,official_scope_expanded_on_valid_2018_hts_universe
us_301_list3_2018,Section 301 List 3,732219,2018-09-24,us_301_list3_2018:7322.19.00=7322.19.00,1,,https://www.govinfo.gov/content/pkg/FR-2018-09-21/pdf/FR-2018-09-21.pdf,official_scope_expanded_on_valid_2018_hts_universe
us_301_list3_2018,Section 301 List 3,732290,2018-09-24,us_301_list3_2018:7322.90.00=7322.90.00,3,,https://www.govinfo.gov/content/pkg/FR-2018-09-21/pdf/FR-2018-09-21.pdf,official_scope_expanded_on_valid_2018_hts_universe
us_301_list3_2018,Section 301 List 3,732310,2018-09-24,us_301_list3_2018:7323.10.00=7323.10.00,1,,https://www.govinfo.gov/content/pkg/FR-2018-09-21/pdf/FR-2018-09-21.pdf,official_scope_expanded_on_valid_2018_hts_universe
us_301_list3_2018,Section 301 List 3,732399,2018-09-24,us_301_list3_2018:7323.99.90=7323.99.90,3,,https://www.govinfo.gov/content/pkg/FR-2018-09-21/pdf/FR-2018-09-21.pdf,official_scope_expanded_on_valid_2018_hts_universe
us_301_list3_2018,Section 301 List 3,732410,2018-09-24,us_301_list3_2018:7324.10.00=7324.10.00,2,,https://www.govinfo.gov/content/pkg/FR-2018-09-21/pdf/FR-2018-09-21.pdf,official_scope_expanded_on_valid_2018_hts_universe
us_301_list3_2018,Section 301 List 3,732421,2018-09-24,us_301_list3_2018:7324.21.10=7324.21.10|us_301_list3_2018:7324.21.50=7324.21.50,2,,https://www.govinfo.gov/content/pkg/FR-2018-09-21/pdf/FR-2018-09-21.pdf,official_scope_expanded_on_valid_2018_hts_universe
us_301_list3_2018,Section 301 List 3,732490,2018-09-24,us_301_list3_2018:7324.90.00=7324.90.00,1,,https://www.govinfo.gov/content/pkg/FR-2018-09-21/pdf/FR-2018-09-21.pdf,official_scope_expanded_on_valid_2018_hts_universe
us_301_list3_2018,Section 301 List 3,732510,2018-09-24,us_301_list3_2018:7325.10.00=7325.10.00,6,,https://www.govinfo.gov/content/pkg/FR-2018-09-21/pdf/FR-2018-09-21.pdf,official_scope_expanded_on_valid_2018_hts_universe
us_301_list3_2018,Section 301 List 3,732591,2018-09-24,us_301_list3_2018:7325.91.00=7325.91.00,1,,https://www.govinfo.gov/content/pkg/FR-2018-09-21/pdf/FR-2018-09-21.pdf,official_scope_expanded_on_valid_2018_hts_universe
us_301_list3_2018,Section 301 List 3,732599,2018-09-24,us_301_list3_2018:7325.99.10=7325.99.10|us_301_list3_2018:7325.99.50=7325.99.50,2,,https://www.govinfo.gov/content/pkg/FR-2018-09-21/pdf/FR-2018-09-21.pdf,official_scope_expanded_on_valid_2018_hts_universe
us_301_list3_2018,Section 301 List 3,732611,2018-09-24,us_301_list3_2018:7326.11.00=7326.11.00,1,,https://www.govinfo.gov/content/pkg/FR-2018-09-21/pdf/FR-2018-09-21.pdf,official_scope_expanded_on_valid_2018_hts_universe
us_301_list3_2018,Section 301 List 3,732619,2018-09-24,us_301_list3_2018:7326.19.00=7326.19.00,2,,https://www.govinfo.gov/content/pkg/FR-2018-09-21/pdf/FR-2018-09-21.pdf,official_scope_expanded_on_valid_2018_hts_universe
us_301_list3_2018,Section 301 List 3,732620,2018-09-24,us_301_list3_2018:7326.20.00=7326.20.00,6,,https://www.govinfo.gov/content/pkg/FR-2018-09-21/pdf/FR-2018-09-21.pdf,official_scope_expanded_on_valid_2018_hts_universe
us_301_list3_2018,Section 301 List 3,732690,2018-09-24,us_301_list3_2018:7326.90.10=7326.90.10|us_301_list3_2018:7326.90.25=7326.90.25|us_301_list3_2018:7326.90.35=7326.90.35|us_301_list3_2018:7326.90.45=7326.90.45|us_301_list3_2018:7326.90.60=7326.90.60|us_301_list3_2018:7326.90.86=7326.90.86,15,,https://www.govinfo.gov/content/pkg/FR-2018-09-21/pdf/FR-2018-09-21.pdf,official_scope_expanded_on_valid_2018_hts_universe
us_301_list3_2018,Section 301 List 3,740200,2018-09-24,us_301_list3_2018:7402.00.00=7402.00.00,1,,https://www.govinfo.gov/content/pkg/FR-2018-09-21/pdf/FR-2018-09-21.pdf,official_scope_expanded_on_valid_2018_hts_universe
us_301_list3_2018,Section 301 List 3,740311,2018-09-24,us_301_list3_2018:7403.11.00=7403.11.00,1,,https://www.govinfo.gov/content/pkg/FR-2018-09-21/pdf/FR-2018-09-21.pdf,official_scope_expanded_on_valid_2018_hts_universe
us_301_list3_2018,Section 301 List 3,740312,2018-09-24,us_301_list3_2018:7403.12.00=7403.12.00,1,,https://www.govinfo.gov/content/pkg/FR-2018-09-21/pdf/FR-2018-09-21.pdf,official_scope_expanded_on_valid_2018_hts_universe
us_301_list3_2018,Section 301 List 3,740313,2018-09-24,us_301_list3_2018:7403.13.00=7403.13.00,1,,https://www.govinfo.gov/content/pkg/FR-2018-09-21/pdf/FR-2018-09-21.pdf,official_scope_expanded_on_valid_2018_hts_universe
us_301_list3_2018,Section 301 List 3,740319,2018-09-24,us_301_list3_2018:7403.19.00=7403.19.00,1,,https://www.govinfo.gov/content/pkg/FR-2018-09-21/pdf/FR-2018-09-21.pdf,official_scope_expanded_on_valid_2018_hts_universe
us_301_list3_2018,Section 301 List 3,740321,2018-09-24,us_301_list3_2018:7403.21.00=7403.21.00,1,,https://www.govinfo.gov/content/pkg/FR-2018-09-21/pdf/FR-2018-09-21.pdf,official_scope_expanded_on_valid_2018_hts_universe
us_301_list3_2018,Section 301 List 3,740322,2018-09-24,us_301_list3_2018:7403.22.00=7403.22.00,1,,https://www.govinfo.gov/content/pkg/FR-2018-09-21/pdf/FR-2018-09-21.pdf,official_scope_expanded_on_valid_2018_hts_universe
us_301_list3_2018,Section 301 List 3,740329,2018-09-24,us_301_list3_2018:7403.29.01=7403.29.01,2,,https://www.govinfo.gov/content/pkg/FR-2018-09-21/pdf/FR-2018-09-21.pdf,official_scope_expanded_on_valid_2018_hts_universe
us_301_list3_2018,Section 301 List 3,740400,2018-09-24,us_301_list3_2018:7404.00.30=7404.00.30|us_301_list3_2018:7404.00.60=7404.00.60,10,,https://www.govinfo.gov/content/pkg/FR-2018-09-21/pdf/FR-2018-09-21.pdf,official_scope_expanded_on_valid_2018_hts_universe
us_301_list3_2018,Section 301 List 3,740500,2018-09-24,us_301_list3_2018:7405.00.10=7405.00.10|us_301_list3_2018:7405.00.60=7405.00.60,3,,https://www.govinfo.gov/content/pkg/FR-2018-09-21/pdf/FR-2018-09-21.pdf,official_scope_expanded_on_valid_2018_hts_universe
us_301_list3_2018,Section 301 List 3,740610,2018-09-24,us_301_list3_2018:7406.10.00=7406.10.00,1,,https://www.govinfo.gov/content/pkg/FR-2018-09-21/pdf/FR-2018-09-21.pdf,official_scope_expanded_on_valid_2018_hts_universe
us_301_list3_2018,Section 301 List 3,740620,2018-09-24,us_301_list3_2018:7406.20.00=7406.20.00,1,,https://www.govinfo.gov/content/pkg/FR-2018-09-21/pdf/FR-2018-09-21.pdf,official_scope_expanded_on_valid_2018_hts_universe
us_301_list3_2018,Section 301 List 3,740710,2018-09-24,us_301_list3_2018:7407.10.15=7407.10.15|us_301_list3_2018:7407.10.30=7407.10.30|us_301_list3_2018:7407.10.50=7407.10.50,4,,https://www.govinfo.gov/content/pkg/FR-2018-09-21/pdf/FR-2018-09-21.pdf,official_scope_expanded_on_valid_2018_hts_universe
us_301_list3_2018,Section 301 List 3,740721,2018-09-24,us_301_list3_2018:7407.21.15=7407.21.15|us_301_list3_2018:7407.21.30=7407.21.30|us_301_list3_2018:7407.21.50=7407.21.50|us_301_list3_2018:7407.21.70=7407.21.70|us_301_list3_2018:7407.21.90=7407.21.90,5,,https://www.govinfo.gov/content/pkg/FR-2018-09-21/pdf/FR-2018-09-21.pdf,official_scope_expanded_on_valid_2018_hts_universe
us_301_list3_2018,Section 301 List 3,740729,2018-09-24,us_301_list3_2018:7407.29.16=7407.29.16|us_301_list3_2018:7407.29.34=7407.29.34|us_301_list3_2018:7407.29.38=7407.29.38|us_301_list3_2018:7407.29.40=7407.29.40|us_301_list3_2018:7407.29.50=7407.29.50,6,,https://www.govinfo.gov/content/pkg/FR-2018-09-21/pdf/FR-2018-09-21.pdf,official_scope_expanded_on_valid_2018_hts_universe
us_301_list3_2018,Section 301 List 3,740811,2018-09-24,us_301_list3_2018:7408.11.30=7408.11.30|us_301_list3_2018:7408.11.60=7408.11.60,2,,https://www.govinfo.gov/content/pkg/FR-2018-09-21/pdf/FR-2018-09-21.pdf,official_scope_expanded_on_valid_2018_hts_universe
us_301_list3_2018,Section 301 List 3,740819,2018-09-24,us_301_list3_2018:7408.19.00=7408.19.00,2,,https://www.govinfo.gov/content/pkg/FR-2018-09-21/pdf/FR-2018-09-21.pdf,official_scope_expanded_on_valid_2018_hts_universe
us_301_list3_2018,Section 301 List 3,740821,2018-09-24,us_301_list3_2018:7408.21.00=7408.21.00,1,,https://www.govinfo.gov/content/pkg/FR-2018-09-21/pdf/FR-2018-09-21.pdf,official_scope_expanded_on_valid_2018_hts_universe
us_301_list3_2018,Section 301 List 3,740822,2018-09-24,us_301_list3_2018:7408.22.10=7408.22.10|us_301_list3_2018:7408.22.50=7408.22.50,2,,https://www.govinfo.gov/content/pkg/FR-2018-09-21/pdf/FR-2018-09-21.pdf,official_scope_expanded_on_valid_2018_hts_universe
us_301_list3_2018,Section 301 List 3,740829,2018-09-24,us_301_list3_2018:7408.29.10=7408.29.10|us_301_list3_2018:7408.29.50=7408.29.50,2,,https://www.govinfo.gov/content/pkg/FR-2018-09-21/pdf/FR-2018-09-21.pdf,official_scope_expanded_on_valid_2018_hts_universe
us_301_list3_2018,Section 301 List 3,740911,2018-09-24,us_301_list3_2018:7409.11.10=7409.11.10|us_301_list3_2018:7409.11.50=7409.11.50,3,,https://www.govinfo.gov/content/pkg/FR-2018-09-21/pdf/FR-2018-09-21.pdf,official_scope_expanded_on_valid_2018_hts_universe
us_301_list3_2018,Section 301 List 3,740919,2018-09-24,us_301_list3_2018:7409.19.10=7409.19.10|us_301_list3_2018:7409.19.50=7409.19.50|us_301_list3_2018:7409.19.90=7409.19.90,3,,https://www.govinfo.gov/content/pkg/FR-2018-09-21/pdf/FR-2018-09-21.pdf,official_scope_expanded_on_valid_2018_hts_universe
us_301_list3_2018,Section 301 List 3,740921,2018-09-24,us_301_list3_2018:7409.21.00=7409.21.00,4,,https://www.govinfo.gov/content/pkg/FR-2018-09-21/pdf/FR-2018-09-21.pdf,official_scope_expanded_on_valid_2018_hts_universe
us_301_list3_2018,Section 301 List 3,740929,2018-09-24,us_301_list3_2018:7409.29.00=7409.29.00,4,,https://www.govinfo.gov/content/pkg/FR-2018-09-21/pdf/FR-2018-09-21.pdf,official_scope_expanded_on_valid_2018_hts_universe
us_301_list3_2018,Section 301 List 3,740931,2018-09-24,us_301_list3_2018:7409.31.10=7409.31.10|us_301_list3_2018:7409.31.50=7409.31.50|us_301_list3_2018:7409.31.90=7409.31.90,3,,https://www.govinfo.gov/content/pkg/FR-2018-09-21/pdf/FR-2018-09-21.pdf,official_scope_expanded_on_valid_2018_hts_universe
us_301_list3_2018,Section 301 List 3,740939,2018-09-24,us_301_list3_2018:7409.39.10=7409.39.10|us_301_list3_2018:7409.39.50=7409.39.50|us_301_list3_2018:7409.39.90=7409.39.90,5,,https://www.govinfo.gov/content/pkg/FR-2018-09-21/pdf/FR-2018-09-21.pdf,official_scope_expanded_on_valid_2018_hts_universe
us_301_list3_2018,Section 301 List 3,740940,2018-09-24,us_301_list3_2018:7409.40.00=7409.40.00,1,,https://www.govinfo.gov/content/pkg/FR-2018-09-21/pdf/FR-2018-09-21.pdf,official_scope_expanded_on_valid_2018_hts_universe
us_301_list3_2018,Section 301 List 3,740990,2018-09-24,us_301_list3_2018:7409.90.10=7409.90.10|us_301_list3_2018:7409.90.50=7409.90.50|us_301_list3_2018:7409.90.90=7409.90.90,6,,https://www.govinfo.gov/content/pkg/FR-2018-09-21/pdf/FR-2018-09-21.pdf,official_scope_expanded_on_valid_2018_hts_universe
us_301_list3_2018,Section 301 List 3,741011,2018-09-24,us_301_list3_2018:7410.11.00=7410.11.00,1,,https://www.govinfo.gov/content/pkg/FR-2018-09-21/pdf/FR-2018-09-21.pdf,official_scope_expanded_on_valid_2018_hts_universe
us_301_list3_2018,Section 301 List 3,741012,2018-09-24,us_301_list3_2018:7410.12.00=7410.12.00,2,,https://www.govinfo.gov/content/pkg/FR-2018-09-21/pdf/FR-2018-09-21.pdf,official_scope_expanded_on_valid_2018_hts_universe
us_301_list3_2018,Section 301 List 3,741021,2018-09-24,us_301_list3_2018:7410.21.30=7410.21.30|us_301_list3_2018:7410.21.60=7410.21.60,4,,https://www.govinfo.gov/content/pkg/FR-2018-09-21/pdf/FR-2018-09-21.pdf,official_scope_expanded_on_valid_2018_hts_universe
us_301_list3_2018,Section 301 List 3,741022,2018-09-24,us_301_list3_2018:7410.22.00=7410.22.00,1,,https://www.govinfo.gov/content/pkg/FR-2018-09-21/pdf/FR-2018-09-21.pdf,official_scope_expanded_on_valid_2018_hts_universe
us_301_list3_2018,Section 301 List 3,741110,2018-09-24,us_301_list3_2018:7411.10.10=7411.10.10|us_301_list3_2018:7411.10.50=7411.10.50,3,,https://www.govinfo.gov/content/pkg/FR-2018-09-21/pdf/FR-2018-09-21.pdf,official_scope_expanded_on_valid_2018_hts_universe
us_301_list3_2018,Section 301 List 3,741121,2018-09-24,us_301_list3_2018:7411.21.10=7411.21.10|us_301_list3_2018:7411.21.50=7411.21.50,2,,https://www.govinfo.gov/content/pkg/FR-2018-09-21/pdf/FR-2018-09-21.pdf,official_scope_expanded_on_valid_2018_hts_universe
us_301_list3_2018,Section 301 List 3,741122,2018-09-24,us_301_list3_2018:7411.22.00=7411.22.00,1,,https://www.govinfo.gov/content/pkg/FR-2018-09-21/pdf/FR-2018-09-21.pdf,official_scope_expanded_on_valid_2018_hts_universe
us_301_list3_2018,Section 301 List 3,741129,2018-09-24,us_301_list3_2018:7411.29.10=7411.29.10|us_301_list3_2018:7411.29.50=7411.29.50,2,,https://www.govinfo.gov/content/pkg/FR-2018-09-21/pdf/FR-2018-09-21.pdf,official_scope_expanded_on_valid_2018_hts_universe
us_301_list3_2018,Section 301 List 3,741210,2018-09-24,us_301_list3_2018:7412.10.00=7412.10.00,1,,https://www.govinfo.gov/content/pkg/FR-2018-09-21/pdf/FR-2018-09-21.pdf,official_scope_expanded_on_valid_2018_hts_universe
us_301_list3_2018,Section 301 List 3,741220,2018-09-24,us_301_list3_2018:7412.20.00=7412.20.00,7,,https://www.govinfo.gov/content/pkg/FR-2018-09-21/pdf/FR-2018-09-21.pdf,official_scope_expanded_on_valid_2018_hts_universe
us_301_list3_2018,Section 301 List 3,741300,2018-09-24,us_301_list3_2018:7413.00.10=7413.00.10|us_301_list3_2018:7413.00.50=7413.00.50|us_301_list3_2018:7413.00.90=7413.00.90,3,,https://www.govinfo.gov/content/pkg/FR-2018-09-21/pdf/FR-2018-09-21.pdf,official_scope_expanded_on_valid_2018_hts_universe
us_301_list3_2018,Section 301 List 3,741510,2018-09-24,us_301_list3_2018:7415.10.00=7415.10.00,1,,https://www.govinfo.gov/content/pkg/FR-2018-09-21/pdf/FR-2018-09-21.pdf,official_scope_expanded_on_valid_2018_hts_universe
us_301_list3_2018,Section 301 List 3,741521,2018-09-24,us_301_list3_2018:7415.21.00=7415.21.00,1,,https://www.govinfo.gov/content/pkg/FR-2018-09-21/pdf/FR-2018-09-21.pdf,official_scope_expanded_on_valid_2018_hts_universe
us_301_list3_2018,Section 301 List 3,741529,2018-09-24,us_301_list3_2018:7415.29.00=7415.29.00,1,,https://www.govinfo.gov/content/pkg/FR-2018-09-21/pdf/FR-2018-09-21.pdf,official_scope_expanded_on_valid_2018_hts_universe
us_301_list3_2018,Section 301 List 3,741533,2018-09-24,us_301_list3_2018:7415.33.05=7415.33.05|us_301_list3_2018:7415.33.10=7415.33.10|us_301_list3_2018:7415.33.80=7415.33.80,4,,https://www.govinfo.gov/content/pkg/FR-2018-09-21/pdf/FR-2018-09-21.pdf,official_scope_expanded_on_valid_2018_hts_universe
us_301_list3_2018,Section 301 List 3,741539,2018-09-24,us_301_list3_2018:7415.39.00=7415.39.00,1,,https://www.govinfo.gov/content/pkg/FR-2018-09-21/pdf/FR-2018-09-21.pdf,official_scope_expanded_on_valid_2018_hts_universe
us_301_list3_2018,Section 301 List 3,741820,2018-09-24,us_301_list3_2018:7418.20.10=7418.20.10|us_301_list3_2018:7418.20.50=7418.20.50,2,,https://www.govinfo.gov/content/pkg/FR-2018-09-21/pdf/FR-2018-09-21.pdf,official_scope_expanded_on_valid_2018_hts_universe
us_301_list3_2018,Section 301 List 3,741910,2018-09-24,us_301_list3_2018:7419.10.00=7419.10.00,1,,https://www.govinfo.gov/content/pkg/FR-2018-09-21/pdf/FR-2018-09-21.pdf,official_scope_expanded_on_valid_2018_hts_universe
us_301_list3_2018,Section 301 List 3,741991,2018-09-24,us_301_list3_2018:7419.91.00=7419.91.00,2,,https://www.govinfo.gov/content/pkg/FR-2018-09-21/pdf/FR-2018-09-21.pdf,official_scope_expanded_on_valid_2018_hts_universe
us_301_list3_2018,Section 301 List 3,741999,2018-09-24,us_301_list3_2018:7419.99.03=7419.99.03|us_301_list3_2018:7419.99.06=7419.99.06|us_301_list3_2018:7419.99.09=7419.99.09|us_301_list3_2018:7419.99.15=7419.99.15|us_301_list3_2018:7419.99.16=7419.99.16|us_301_list3_2018:7419.99.30=7419.99.30|us_301_list3_2018:7419.99.50=7419.99.50,9,,https://www.govinfo.gov/content/pkg/FR-2018-09-21/pdf/FR-2018-09-21.pdf,official_scope_expanded_on_valid_2018_hts_universe
us_301_list3_2018,Section 301 List 3,750110,2018-09-24,us_301_list3_2018:7501.10.00=7501.10.00,1,,https://www.govinfo.gov/content/pkg/FR-2018-09-21/pdf/FR-2018-09-21.pdf,official_scope_expanded_on_valid_2018_hts_universe
us_301_list3_2018,Section 301 List 3,750120,2018-09-24,us_301_list3_2018:7501.20.00=7501.20.00,1,,https://www.govinfo.gov/content/pkg/FR-2018-09-21/pdf/FR-2018-09-21.pdf,official_scope_expanded_on_valid_2018_hts_universe
us_301_list3_2018,Section 301 List 3,750210,2018-09-24,us_301_list3_2018:7502.10.00=7502.10.00,1,,https://www.govinfo.gov/content/pkg/FR-2018-09-21/pdf/FR-2018-09-21.pdf,official_scope_expanded_on_valid_2018_hts_universe
us_301_list3_2018,Section 301 List 3,750220,2018-09-24,us_301_list3_2018:7502.20.00=7502.20.00,1,,https://www.govinfo.gov/content/pkg/FR-2018-09-21/pdf/FR-2018-09-21.pdf,official_scope_expanded_on_valid_2018_hts_universe
us_301_list3_2018,Section 301 List 3,750300,2018-09-24,us_301_list3_2018:7503.00.00=7503.00.00,1,,https://www.govinfo.gov/content/pkg/FR-2018-09-21/pdf/FR-2018-09-21.pdf,official_scope_expanded_on_valid_2018_hts_universe
us_301_list3_2018,Section 301 List 3,750400,2018-09-24,us_301_list3_2018:7504.00.00=7504.00.00,2,,https://www.govinfo.gov/content/pkg/FR-2018-09-21/pdf/FR-2018-09-21.pdf,official_scope_expanded_on_valid_2018_hts_universe
us_301_list3_2018,Section 301 List 3,750511,2018-09-24,us_301_list3_2018:7505.11.10=7505.11.10|us_301_list3_2018:7505.11.30=7505.11.30|us_301_list3_2018:7505.11.50=7505.11.50,3,,https://www.govinfo.gov/content/pkg/FR-2018-09-21/pdf/FR-2018-09-21.pdf,official_scope_expanded_on_valid_2018_hts_universe
us_301_list3_2018,Section 301 List 3,750512,2018-09-24,us_301_list3_2018:7505.12.10=7505.12.10|us_301_list3_2018:7505.12.30=7505.12.30|us_301_list3_2018:7505.12.50=7505.12.50,3,,https://www.govinfo.gov/content/pkg/FR-2018-09-21/pdf/FR-2018-09-21.pdf,official_scope_expanded_on_valid_2018_hts_universe
us_301_list3_2018,Section 301 List 3,750521,2018-09-24,us_301_list3_2018:7505.21.10=7505.21.10|us_301_list3_2018:7505.21.50=7505.21.50,2,,https://www.govinfo.gov/content/pkg/FR-2018-09-21/pdf/FR-2018-09-21.pdf,official_scope_expanded_on_valid_2018_hts_universe
us_301_list3_2018,Section 301 List 3,750522,2018-09-24,us_301_list3_2018:7505.22.10=7505.22.10|us_301_list3_2018:7505.22.50=7505.22.50,2,,https://www.govinfo.gov/content/pkg/FR-2018-09-21/pdf/FR-2018-09-21.pdf,official_scope_expanded_on_valid_2018_hts_universe
us_301_list3_2018,Section 301 List 3,750610,2018-09-24,us_301_list3_2018:7506.10.05=7506.10.05|us_301_list3_2018:7506.10.10=7506.10.10|us_301_list3_2018:7506.10.30=7506.10.30,3,,https://www.govinfo.gov/content/pkg/FR-2018-09-21/pdf/FR-2018-09-21.pdf,official_scope_expanded_on_valid_2018_hts_universe
us_301_list3_2018,Section 301 List 3,750620,2018-09-24,us_301_list3_2018:7506.20.05=7506.20.05|us_301_list3_2018:7506.20.10=7506.20.10|us_301_list3_2018:7506.20.30=7506.20.30,3,,https://www.govinfo.gov/content/pkg/FR-2018-09-21/pdf/FR-2018-09-21.pdf,official_scope_expanded_on_valid_2018_hts_universe
us_301_list3_2018,Section 301 List 3,750711,2018-09-24,us_301_list3_2018:7507.11.00=7507.11.00,1,,https://www.govinfo.gov/content/pkg/FR-2018-09-21/pdf/FR-2018-09-21.pdf,official_scope_expanded_on_valid_2018_hts_universe
us_301_list3_2018,Section 301 List 3,750712,2018-09-24,us_301_list3_2018:7507.12.00=7507.12.00,1,,https://www.govinfo.gov/content/pkg/FR-2018-09-21/pdf/FR-2018-09-21.pdf,official_scope_expanded_on_valid_2018_hts_universe
us_301_list3_2018,Section 301 List 3,750720,2018-09-24,us_301_list3_2018:7507.20.00=7507.20.00,1,,https://www.govinfo.gov/content/pkg/FR-2018-09-21/pdf/FR-2018-09-21.pdf,official_scope_expanded_on_valid_2018_hts_universe
us_301_list3_2018,Section 301 List 3,750810,2018-09-24,us_301_list3_2018:7508.10.00=7508.10.00,1,,https://www.govinfo.gov/content/pkg/FR-2018-09-21/pdf/FR-2018-09-21.pdf,official_scope_expanded_on_valid_2018_hts_universe
us_301_list3_2018,Section 301 List 3,750890,2018-09-24,us_301_list3_2018:7508.90.10=7508.90.10|us_301_list3_2018:7508.90.50=7508.90.50,2,,https://www.govinfo.gov/content/pkg/FR-2018-09-21/pdf/FR-2018-09-21.pdf,official_scope_expanded_on_valid_2018_hts_universe
us_301_list3_2018,Section 301 List 3,760200,2018-09-24,us_301_list3_2018:7602.00.00=7602.00.00,2,,https://www.govinfo.gov/content/pkg/FR-2018-09-21/pdf/FR-2018-09-21.pdf,official_scope_expanded_on_valid_2018_hts_universe
us_301_list3_2018,Section 301 List 3,760310,2018-09-24,us_301_list3_2018:7603.10.00=7603.10.00,1,,https://www.govinfo.gov/content/pkg/FR-2018-09-21/pdf/FR-2018-09-21.pdf,official_scope_expanded_on_valid_2018_hts_universe
us_301_list3_2018,Section 301 List 3,760320,2018-09-24,us_301_list3_2018:7603.20.00=7603.20.00,1,,https://www.govinfo.gov/content/pkg/FR-2018-09-21/pdf/FR-2018-09-21.pdf,official_scope_expanded_on_valid_2018_hts_universe
us_301_list3_2018,Section 301 List 3,761090,2018-09-24,us_301_list3_2018:7610.90.00=7610.90.00,4,,https://www.govinfo.gov/content/pkg/FR-2018-09-21/pdf/FR-2018-09-21.pdf,official_scope_expanded_on_valid_2018_hts_universe
us_301_list3_2018,Section 301 List 3,761100,2018-09-24,us_301_list3_2018:7611.00.00=7611.00.00,2,,https://www.govinfo.gov/content/pkg/FR-2018-09-21/pdf/FR-2018-09-21.pdf,official_scope_expanded_on_valid_2018_hts_universe
us_301_list3_2018,Section 301 List 3,761210,2018-09-24,us_301_list3_2018:7612.10.00=7612.10.00,1,,https://www.govinfo.gov/content/pkg/FR-2018-09-21/pdf/FR-2018-09-21.pdf,official_scope_expanded_on_valid_2018_hts_universe
us_301_list3_2018,Section 301 List 3,761290,2018-09-24,us_301_list3_2018:7612.90.10=7612.90.10|us_301_list3_2018:7612.90.50=7612.90.50,4,,https://www.govinfo.gov/content/pkg/FR-2018-09-21/pdf/FR-2018-09-21.pdf,official_scope_expanded_on_valid_2018_hts_universe
us_301_list3_2018,Section 301 List 3,761300,2018-09-24,us_301_list3_2018:7613.00.00=7613.00.00,1,,https://www.govinfo.gov/content/pkg/FR-2018-09-21/pdf/FR-2018-09-21.pdf,official_scope_expanded_on_valid_2018_hts_universe
us_301_list3_2018,Section 301 List 3,761410,2018-09-24,us_301_list3_2018:7614.10.50=7614.10.50,1,,https://www.govinfo.gov/content/pkg/FR-2018-09-21/pdf/FR-2018-09-21.pdf,official_scope_expanded_on_valid_2018_hts_universe
us_301_list3_2018,Section 301 List 3,761490,2018-09-24,us_301_list3_2018:7614.90.40=7614.90.40|us_301_list3_2018:7614.90.50=7614.90.50,2,,https://www.govinfo.gov/content/pkg/FR-2018-09-21/pdf/FR-2018-09-21.pdf,official_scope_expanded_on_valid_2018_hts_universe
us_301_list3_2018,Section 301 List 3,761520,2018-09-24,us_301_list3_2018:7615.20.00=7615.20.00,1,,https://www.govinfo.gov/content/pkg/FR-2018-09-21/pdf/FR-2018-09-21.pdf,official_scope_expanded_on_valid_2018_hts_universe
us_301_list3_2018,Section 301 List 3,761610,2018-09-24,us_301_list3_2018:7616.10.10=7616.10.10|us_301_list3_2018:7616.10.30=7616.10.30|us_301_list3_2018:7616.10.50=7616.10.50|us_301_list3_2018:7616.10.70=7616.10.70|us_301_list3_2018:7616.10.90=7616.10.90,7,,https://www.govinfo.gov/content/pkg/FR-2018-09-21/pdf/FR-2018-09-21.pdf,official_scope_expanded_on_valid_2018_hts_universe
us_301_list3_2018,Section 301 List 3,761691,2018-09-24,us_301_list3_2018:7616.91.00=7616.91.00,1,,https://www.govinfo.gov/content/pkg/FR-2018-09-21/pdf/FR-2018-09-21.pdf,official_scope_expanded_on_valid_2018_hts_universe
us_301_list3_2018,Section 301 List 3,761699,2018-09-24,us_301_list3_2018:7616.99.10=7616.99.10|us_301_list3_2018:7616.99.51=7616.99.51,9,,https://www.govinfo.gov/content/pkg/FR-2018-09-21/pdf/FR-2018-09-21.pdf,official_scope_expanded_on_valid_2018_hts_universe
us_301_list3_2018,Section 301 List 3,780191,2018-09-24,us_301_list3_2018:7801.91.00=7801.91.00,1,,https://www.govinfo.gov/content/pkg/FR-2018-09-21/pdf/FR-2018-09-21.pdf,official_scope_expanded_on_valid_2018_hts_universe
us_301_list3_2018,Section 301 List 3,780199,2018-09-24,us_301_list3_2018:7801.99.30=7801.99.30|us_301_list3_2018:7801.99.90=7801.99.90,3,,https://www.govinfo.gov/content/pkg/FR-2018-09-21/pdf/FR-2018-09-21.pdf,official_scope_expanded_on_valid_2018_hts_universe
us_301_list3_2018,Section 301 List 3,780411,2018-09-24,us_301_list3_2018:7804.11.00=7804.11.00,1,,https://www.govinfo.gov/content/pkg/FR-2018-09-21/pdf/FR-2018-09-21.pdf,official_scope_expanded_on_valid_2018_hts_universe
us_301_list3_2018,Section 301 List 3,780419,2018-09-24,us_301_list3_2018:7804.19.00=7804.19.00,1,,https://www.govinfo.gov/content/pkg/FR-2018-09-21/pdf/FR-2018-09-21.pdf,official_scope_expanded_on_valid_2018_hts_universe
us_301_list3_2018,Section 301 List 3,780420,2018-09-24,us_301_list3_2018:7804.20.00=7804.20.00,1,,https://www.govinfo.gov/content/pkg/FR-2018-09-21/pdf/FR-2018-09-21.pdf,official_scope_expanded_on_valid_2018_hts_universe
us_301_list3_2018,Section 301 List 3,780600,2018-09-24,us_301_list3_2018:7806.00.03=7806.00.03|us_301_list3_2018:7806.00.05=7806.00.05|us_301_list3_2018:7806.00.80=7806.00.80,3,,https://www.govinfo.gov/content/pkg/FR-2018-09-21/pdf/FR-2018-09-21.pdf,official_scope_expanded_on_valid_2018_hts_universe
us_301_list3_2018,Section 301 List 3,790310,2018-09-24,us_301_list3_2018:7903.10.00=7903.10.00,1,,https://www.govinfo.gov/content/pkg/FR-2018-09-21/pdf/FR-2018-09-21.pdf,official_scope_expanded_on_valid_2018_hts_universe
us_301_list3_2018,Section 301 List 3,790390,2018-09-24,us_301_list3_2018:7903.90.30=7903.90.30|us_301_list3_2018:7903.90.60=7903.90.60,2,,https://www.govinfo.gov/content/pkg/FR-2018-09-21/pdf/FR-2018-09-21.pdf,official_scope_expanded_on_valid_2018_hts_universe
us_301_list3_2018,Section 301 List 3,790400,2018-09-24,us_301_list3_2018:7904.00.00=7904.00.00,1,,https://www.govinfo.gov/content/pkg/FR-2018-09-21/pdf/FR-2018-09-21.pdf,official_scope_expanded_on_valid_2018_hts_universe
us_301_list3_2018,Section 301 List 3,790500,2018-09-24,us_301_list3_2018:7905.00.00=7905.00.00,1,,https://www.govinfo.gov/content/pkg/FR-2018-09-21/pdf/FR-2018-09-21.pdf,official_scope_expanded_on_valid_2018_hts_universe
us_301_list3_2018,Section 301 List 3,790700,2018-09-24,us_301_list3_2018:7907.00.20=7907.00.20|us_301_list3_2018:7907.00.60=7907.00.60,2,,https://www.govinfo.gov/content/pkg/FR-2018-09-21/pdf/FR-2018-09-21.pdf,official_scope_expanded_on_valid_2018_hts_universe
us_301_list3_2018,Section 301 List 3,800700,2018-09-24,us_301_list3_2018:8007.00.10=8007.00.10|us_301_list3_2018:8007.00.50=8007.00.50,3,,https://www.govinfo.gov/content/pkg/FR-2018-09-21/pdf/FR-2018-09-21.pdf,official_scope_expanded_on_valid_2018_hts_universe
us_301_list3_2018,Section 301 List 3,810196,2018-09-24,us_301_list3_2018:8101.96.00=8101.96.00,1,,https://www.govinfo.gov/content/pkg/FR-2018-09-21/pdf/FR-2018-09-21.pdf,official_scope_expanded_on_valid_2018_hts_universe
us_301_list3_2018,Section 301 List 3,810296,2018-09-24,us_301_list3_2018:8102.96.00=8102.96.00,1,,https://www.govinfo.gov/content/pkg/FR-2018-09-21/pdf/FR-2018-09-21.pdf,official_scope_expanded_on_valid_2018_hts_universe
us_301_list3_2018,Section 301 List 3,810430,2018-09-24,us_301_list3_2018:8104.30.00=8104.30.00,1,,https://www.govinfo.gov/content/pkg/FR-2018-09-21/pdf/FR-2018-09-21.pdf,official_scope_expanded_on_valid_2018_hts_universe
us_301_list3_2018,Section 301 List 3,810490,2018-09-24,us_301_list3_2018:8104.90.00=8104.90.00,1,,https://www.govinfo.gov/content/pkg/FR-2018-09-21/pdf/FR-2018-09-21.pdf,official_scope_expanded_on_valid_2018_hts_universe
us_301_list3_2018,Section 301 List 3,810520,2018-09-24,us_301_list3_2018:8105.20.30=8105.20.30|us_301_list3_2018:8105.20.60=8105.20.60|us_301_list3_2018:8105.20.90=8105.20.90,3,,https://www.govinfo.gov/content/pkg/FR-2018-09-21/pdf/FR-2018-09-21.pdf,official_scope_expanded_on_valid_2018_hts_universe
us_301_list3_2018,Section 301 List 3,810530,2018-09-24,us_301_list3_2018:8105.30.00=8105.30.00,1,,https://www.govinfo.gov/content/pkg/FR-2018-09-21/pdf/FR-2018-09-21.pdf,official_scope_expanded_on_valid_2018_hts_universe
us_301_list3_2018,Section 301 List 3,810590,2018-09-24,us_301_list3_2018:8105.90.00=8105.90.00,1,,https://www.govinfo.gov/content/pkg/FR-2018-09-21/pdf/FR-2018-09-21.pdf,official_scope_expanded_on_valid_2018_hts_universe
us_301_list3_2018,Section 301 List 3,810600,2018-09-24,us_301_list3_2018:8106.00.00=8106.00.00,1,,https://www.govinfo.gov/content/pkg/FR-2018-09-21/pdf/FR-2018-09-21.pdf,official_scope_expanded_on_valid_2018_hts_universe
us_301_list3_2018,Section 301 List 3,810720,2018-09-24,us_301_list3_2018:8107.20.00=8107.20.00,1,,https://www.govinfo.gov/content/pkg/FR-2018-09-21/pdf/FR-2018-09-21.pdf,official_scope_expanded_on_valid_2018_hts_universe
us_301_list3_2018,Section 301 List 3,810730,2018-09-24,us_301_list3_2018:8107.30.00=8107.30.00,1,,https://www.govinfo.gov/content/pkg/FR-2018-09-21/pdf/FR-2018-09-21.pdf,official_scope_expanded_on_valid_2018_hts_universe
us_301_list3_2018,Section 301 List 3,810790,2018-09-24,us_301_list3_2018:8107.90.00=8107.90.00,1,,https://www.govinfo.gov/content/pkg/FR-2018-09-21/pdf/FR-2018-09-21.pdf,official_scope_expanded_on_valid_2018_hts_universe
us_301_list3_2018,Section 301 List 3,810820,2018-09-24,us_301_list3_2018:8108.20.00=8108.20.00,4,,https://www.govinfo.gov/content/pkg/FR-2018-09-21/pdf/FR-2018-09-21.pdf,official_scope_expanded_on_valid_2018_hts_universe
us_301_list3_2018,Section 301 List 3,810830,2018-09-24,us_301_list3_2018:8108.30.00=8108.30.00,1,,https://www.govinfo.gov/content/pkg/FR-2018-09-21/pdf/FR-2018-09-21.pdf,official_scope_expanded_on_valid_2018_hts_universe
us_301_list3_2018,Section 301 List 3,810890,2018-09-24,us_301_list3_2018:8108.90.30=8108.90.30|us_301_list3_2018:8108.90.60=8108.90.60,7,,https://www.govinfo.gov/content/pkg/FR-2018-09-21/pdf/FR-2018-09-21.pdf,official_scope_expanded_on_valid_2018_hts_universe
us_301_list3_2018,Section 301 List 3,810930,2018-09-24,us_301_list3_2018:8109.30.00=8109.30.00,1,,https://www.govinfo.gov/content/pkg/FR-2018-09-21/pdf/FR-2018-09-21.pdf,official_scope_expanded_on_valid_2018_hts_universe
us_301_list3_2018,Section 301 List 3,810990,2018-09-24,us_301_list3_2018:8109.90.00=8109.90.00,1,,https://www.govinfo.gov/content/pkg/FR-2018-09-21/pdf/FR-2018-09-21.pdf,official_scope_expanded_on_valid_2018_hts_universe
us_301_list3_2018,Section 301 List 3,811212,2018-09-24,us_301_list3_2018:8112.12.00=8112.12.00,1,,https://www.govinfo.gov/content/pkg/FR-2018-09-21/pdf/FR-2018-09-21.pdf,official_scope_expanded_on_valid_2018_hts_universe
us_301_list3_2018,Section 301 List 3,811213,2018-09-24,us_301_list3_2018:8112.13.00=8112.13.00,1,,https://www.govinfo.gov/content/pkg/FR-2018-09-21/pdf/FR-2018-09-21.pdf,official_scope_expanded_on_valid_2018_hts_universe
us_301_list3_2018,Section 301 List 3,811219,2018-09-24,us_301_list3_2018:8112.19.00=8112.19.00,1,,https://www.govinfo.gov/content/pkg/FR-2018-09-21/pdf/FR-2018-09-21.pdf,official_scope_expanded_on_valid_2018_hts_universe
us_301_list3_2018,Section 301 List 3,811229,2018-09-24,us_301_list3_2018:8112.29.00=8112.29.00,1,,https://www.govinfo.gov/content/pkg/FR-2018-09-21/pdf/FR-2018-09-21.pdf,official_scope_expanded_on_valid_2018_hts_universe
us_301_list3_2018,Section 301 List 3,811251,2018-09-24,us_301_list3_2018:8112.51.00=8112.51.00,1,,https://www.govinfo.gov/content/pkg/FR-2018-09-21/pdf/FR-2018-09-21.pdf,official_scope_expanded_on_valid_2018_hts_universe
us_301_list3_2018,Section 301 List 3,811252,2018-09-24,us_301_list3_2018:8112.52.00=8112.52.00,1,,https://www.govinfo.gov/content/pkg/FR-2018-09-21/pdf/FR-2018-09-21.pdf,official_scope_expanded_on_valid_2018_hts_universe
us_301_list3_2018,Section 301 List 3,811259,2018-09-24,us_301_list3_2018:8112.59.00=8112.59.00,1,,https://www.govinfo.gov/content/pkg/FR-2018-09-21/pdf/FR-2018-09-21.pdf,official_scope_expanded_on_valid_2018_hts_universe
us_301_list3_2018,Section 301 List 3,811292,2018-09-24,us_301_list3_2018:8112.92.06=8112.92.06|us_301_list3_2018:8112.92.10=8112.92.10|us_301_list3_2018:8112.92.20=8112.92.20|us_301_list3_2018:8112.92.40=8112.92.40|us_301_list3_2018:8112.92.50=8112.92.50|us_301_list3_2018:8112.92.65=8112.92.65|us_301_list3_2018:8112.92.70=8112.92.70,7,,https://www.govinfo.gov/content/pkg/FR-2018-09-21/pdf/FR-2018-09-21.pdf,official_scope_expanded_on_valid_2018_hts_universe
us_301_list3_2018,Section 301 List 3,811299,2018-09-24,us_301_list3_2018:8112.99.10=8112.99.10|us_301_list3_2018:8112.99.20=8112.99.20|us_301_list3_2018:8112.99.90=8112.99.90,3,,https://www.govinfo.gov/content/pkg/FR-2018-09-21/pdf/FR-2018-09-21.pdf,official_scope_expanded_on_valid_2018_hts_universe
us_301_list3_2018,Section 301 List 3,811300,2018-09-24,us_301_list3_2018:8113.00.00=8113.00.00,1,,https://www.govinfo.gov/content/pkg/FR-2018-09-21/pdf/FR-2018-09-21.pdf,official_scope_expanded_on_valid_2018_hts_universe
us_301_list3_2018,Section 301 List 3,820110,2018-09-24,us_301_list3_2018:8201.10.00=8201.10.00,1,,https://www.govinfo.gov/content/pkg/FR-2018-09-21/pdf/FR-2018-09-21.pdf,official_scope_expanded_on_valid_2018_hts_universe
us_301_list3_2018,Section 301 List 3,820130,2018-09-24,us_301_list3_2018:8201.30.00=8201.30.00,2,,https://www.govinfo.gov/content/pkg/FR-2018-09-21/pdf/FR-2018-09-21.pdf,official_scope_expanded_on_valid_2018_hts_universe
us_301_list3_2018,Section 301 List 3,820140,2018-09-24,us_301_list3_2018:8201.40.30=8201.40.30|us_301_list3_2018:8201.40.60=8201.40.60,3,,https://www.govinfo.gov/content/pkg/FR-2018-09-21/pdf/FR-2018-09-21.pdf,official_scope_expanded_on_valid_2018_hts_universe
us_301_list3_2018,Section 301 List 3,820150,2018-09-24,us_301_list3_2018:8201.50.00=8201.50.00,1,,https://www.govinfo.gov/content/pkg/FR-2018-09-21/pdf/FR-2018-09-21.pdf,official_scope_expanded_on_valid_2018_hts_universe
us_301_list3_2018,Section 301 List 3,820160,2018-09-24,us_301_list3_2018:8201.60.00=8201.60.00,1,,https://www.govinfo.gov/content/pkg/FR-2018-09-21/pdf/FR-2018-09-21.pdf,official_scope_expanded_on_valid_2018_hts_universe
us_301_list3_2018,Section 301 List 3,820190,2018-09-24,us_301_list3_2018:8201.90.30=8201.90.30|us_301_list3_2018:8201.90.40=8201.90.40|us_301_list3_2018:8201.90.60=8201.90.60,3,,https://www.govinfo.gov/content/pkg/FR-2018-09-21/pdf/FR-2018-09-21.pdf,official_scope_expanded_on_valid_2018_hts_universe
us_301_list3_2018,Section 301 List 3,820210,2018-09-24,us_301_list3_2018:8202.10.00=8202.10.00,1,,https://www.govinfo.gov/content/pkg/FR-2018-09-21/pdf/FR-2018-09-21.pdf,official_scope_expanded_on_valid_2018_hts_universe
us_301_list3_2018,Section 301 List 3,820220,2018-09-24,us_301_list3_2018:8202.20.00=8202.20.00,2,,https://www.govinfo.gov/content/pkg/FR-2018-09-21/pdf/FR-2018-09-21.pdf,official_scope_expanded_on_valid_2018_hts_universe
us_301_list3_2018,Section 301 List 3,820231,2018-09-24,us_301_list3_2018:8202.31.00=8202.31.00,1,,https://www.govinfo.gov/content/pkg/FR-2018-09-21/pdf/FR-2018-09-21.pdf,official_scope_expanded_on_valid_2018_hts_universe
us_301_list3_2018,Section 301 List 3,820239,2018-09-24,us_301_list3_2018:8202.39.00=8202.39.00,3,,https://www.govinfo.gov/content/pkg/FR-2018-09-21/pdf/FR-2018-09-21.pdf,official_scope_expanded_on_valid_2018_hts_universe
us_301_list3_2018,Section 301 List 3,820240,2018-09-24,us_301_list3_2018:8202.40.30=8202.40.30|us_301_list3_2018:8202.40.60=8202.40.60,3,,https://www.govinfo.gov/content/pkg/FR-2018-09-21/pdf/FR-2018-09-21.pdf,official_scope_expanded_on_valid_2018_hts_universe
us_301_list3_2018,Section 301 List 3,820291,2018-09-24,us_301_list3_2018:8202.91.30=8202.91.30|us_301_list3_2018:8202.91.60=8202.91.60,2,,https://www.govinfo.gov/content/pkg/FR-2018-09-21/pdf/FR-2018-09-21.pdf,official_scope_expanded_on_valid_2018_hts_universe
us_301_list3_2018,Section 301 List 3,820299,2018-09-24,us_301_list3_2018:8202.99.00=8202.99.00,1,,https://www.govinfo.gov/content/pkg/FR-2018-09-21/pdf/FR-2018-09-21.pdf,official_scope_expanded_on_valid_2018_hts_universe
us_301_list3_2018,Section 301 List 3,820310,2018-09-24,us_301_list3_2018:8203.10.30=8203.10.30|us_301_list3_2018:8203.10.60=8203.10.60|us_301_list3_2018:8203.10.90=8203.10.90,3,,https://www.govinfo.gov/content/pkg/FR-2018-09-21/pdf/FR-2018-09-21.pdf,official_scope_expanded_on_valid_2018_hts_universe
us_301_list3_2018,Section 301 List 3,820320,2018-09-24,us_301_list3_2018:8203.20.20=8203.20.20|us_301_list3_2018:8203.20.40=8203.20.40|us_301_list3_2018:8203.20.60=8203.20.60|us_301_list3_2018:8203.20.80=8203.20.80,5,,https://www.govinfo.gov/content/pkg/FR-2018-09-21/pdf/FR-2018-09-21.pdf,official_scope_expanded_on_valid_2018_hts_universe
us_301_list3_2018,Section 301 List 3,820330,2018-09-24,us_301_list3_2018:8203.30.00=8203.30.00,1,,https://www.govinfo.gov/content/pkg/FR-2018-09-21/pdf/FR-2018-09-21.pdf,official_scope_expanded_on_valid_2018_hts_universe
us_301_list3_2018,Section 301 List 3,820340,2018-09-24,us_301_list3_2018:8203.40.30=8203.40.30|us_301_list3_2018:8203.40.60=8203.40.60,2,,https://www.govinfo.gov/content/pkg/FR-2018-09-21/pdf/FR-2018-09-21.pdf,official_scope_expanded_on_valid_2018_hts_universe
us_301_list3_2018,Section 301 List 3,820411,2018-09-24,us_301_list3_2018:8204.11.00=8204.11.00,2,,https://www.govinfo.gov/content/pkg/FR-2018-09-21/pdf/FR-2018-09-21.pdf,official_scope_expanded_on_valid_2018_hts_universe
us_301_list3_2018,Section 301 List 3,820412,2018-09-24,us_301_list3_2018:8204.12.00=8204.12.00,1,,https://www.govinfo.gov/content/pkg/FR-2018-09-21/pdf/FR-2018-09-21.pdf,official_scope_expanded_on_valid_2018_hts_universe
us_301_list3_2018,Section 301 List 3,820420,2018-09-24,us_301_list3_2018:8204.20.00=8204.20.00,1,,https://www.govinfo.gov/content/pkg/FR-2018-09-21/pdf/FR-2018-09-21.pdf,official_scope_expanded_on_valid_2018_hts_universe
us_301_list3_2018,Section 301 List 3,820510,2018-09-24,us_301_list3_2018:8205.10.00=8205.10.00,1,,https://www.govinfo.gov/content/pkg/FR-2018-09-21/pdf/FR-2018-09-21.pdf,official_scope_expanded_on_valid_2018_hts_universe
us_301_list3_2018,Section 301 List 3,820520,2018-09-24,us_301_list3_2018:8205.20.30=8205.20.30|us_301_list3_2018:8205.20.60=8205.20.60,2,,https://www.govinfo.gov/content/pkg/FR-2018-09-21/pdf/FR-2018-09-21.pdf,official_scope_expanded_on_valid_2018_hts_universe
us_301_list3_2018,Section 301 List 3,820530,2018-09-24,us_301_list3_2018:8205.30.30=8205.30.30|us_301_list3_2018:8205.30.60=8205.30.60,2,,https://www.govinfo.gov/content/pkg/FR-2018-09-21/pdf/FR-2018-09-21.pdf,official_scope_expanded_on_valid_2018_hts_universe
us_301_list3_2018,Section 301 List 3,820540,2018-09-24,us_301_list3_2018:8205.40.00=8205.40.00,1,,https://www.govinfo.gov/content/pkg/FR-2018-09-21/pdf/FR-2018-09-21.pdf,official_scope_expanded_on_valid_2018_hts_universe
us_301_list3_2018,Section 301 List 3,820551,2018-09-24,us_301_list3_2018:8205.51.15=8205.51.15|us_301_list3_2018:8205.51.30=8205.51.30|us_301_list3_2018:8205.51.45=8205.51.45|us_301_list3_2018:8205.51.60=8205.51.60|us_301_list3_2018:8205.51.75=8205.51.75,6,,https://www.govinfo.gov/content/pkg/FR-2018-09-21/pdf/FR-2018-09-21.pdf,official_scope_expanded_on_valid_2018_hts_universe
us_301_list3_2018,Section 301 List 3,820559,2018-09-24,us_301_list3_2018:8205.59.10=8205.59.10|us_301_list3_2018:8205.59.20=8205.59.20|us_301_list3_2018:8205.59.30=8205.59.30|us_301_list3_2018:8205.59.45=8205.59.45|us_301_list3_2018:8205.59.55=8205.59.55|us_301_list3_2018:8205.59.60=8205.59.60|us_301_list3_2018:8205.59.70=8205.59.70|us_301_list3_2018:8205.59.80=8205.59.80,11,,https://www.govinfo.gov/content/pkg/FR-2018-09-21/pdf/FR-2018-09-21.pdf,official_scope_expanded_on_valid_2018_hts_universe
us_301_list3_2018,Section 301 List 3,820560,2018-09-24,us_301_list3_2018:8205.60.00=8205.60.00,1,,https://www.govinfo.gov/content/pkg/FR-2018-09-21/pdf/FR-2018-09-21.pdf,official_scope_expanded_on_valid_2018_hts_universe
us_301_list3_2018,Section 301 List 3,820570,2018-09-24,us_301_list3_2018:8205.70.00=8205.70.00,3,,https://www.govinfo.gov/content/pkg/FR-2018-09-21/pdf/FR-2018-09-21.pdf,official_scope_expanded_on_valid_2018_hts_universe
us_301_list3_2018,Section 301 List 3,820590,2018-09-24,us_301_list3_2018:8205.90.10=8205.90.10|us_301_list3_2018:8205.90.60=8205.90.60,2,,https://www.govinfo.gov/content/pkg/FR-2018-09-21/pdf/FR-2018-09-21.pdf,official_scope_expanded_on_valid_2018_hts_universe
us_301_list3_2018,Section 301 List 3,820600,2018-09-24,us_301_list3_2018:8206.00.00=8206.00.00,1,,https://www.govinfo.gov/content/pkg/FR-2018-09-21/pdf/FR-2018-09-21.pdf,official_scope_expanded_on_valid_2018_hts_universe
us_301_list3_2018,Section 301 List 3,820713,2018-09-24,us_301_list3_2018:8207.13.00=8207.13.00,1,,https://www.govinfo.gov/content/pkg/FR-2018-09-21/pdf/FR-2018-09-21.pdf,official_scope_expanded_on_valid_2018_hts_universe
us_301_list3_2018,Section 301 List 3,820719,2018-09-24,us_301_list3_2018:8207.19.30=8207.19.30|us_301_list3_2018:8207.19.60=8207.19.60,7,,https://www.govinfo.gov/content/pkg/FR-2018-09-21/pdf/FR-2018-09-21.pdf,official_scope_expanded_on_valid_2018_hts_universe
us_301_list3_2018,Section 301 List 3,820720,2018-09-24,us_301_list3_2018:8207.20.00=8207.20.00,3,,https://www.govinfo.gov/content/pkg/FR-2018-09-21/pdf/FR-2018-09-21.pdf,official_scope_expanded_on_valid_2018_hts_universe
us_301_list3_2018,Section 301 List 3,820730,2018-09-24,us_301_list3_2018:8207.30.30=8207.30.30|us_301_list3_2018:8207.30.60=8207.30.60,6,,https://www.govinfo.gov/content/pkg/FR-2018-09-21/pdf/FR-2018-09-21.pdf,official_scope_expanded_on_valid_2018_hts_universe
us_301_list3_2018,Section 301 List 3,820740,2018-09-24,us_301_list3_2018:8207.40.30=8207.40.30|us_301_list3_2018:8207.40.60=8207.40.60,2,,https://www.govinfo.gov/content/pkg/FR-2018-09-21/pdf/FR-2018-09-21.pdf,official_scope_expanded_on_valid_2018_hts_universe
us_301_list3_2018,Section 301 List 3,820750,2018-09-24,us_301_list3_2018:8207.50.20=8207.50.20|us_301_list3_2018:8207.50.40=8207.50.40|us_301_list3_2018:8207.50.60=8207.50.60|us_301_list3_2018:8207.50.80=8207.50.80,9,,https://www.govinfo.gov/content/pkg/FR-2018-09-21/pdf/FR-2018-09-21.pdf,official_scope_expanded_on_valid_2018_hts_universe
us_301_list3_2018,Section 301 List 3,820760,2018-09-24,us_301_list3_2018:8207.60.00=8207.60.00,3,,https://www.govinfo.gov/content/pkg/FR-2018-09-21/pdf/FR-2018-09-21.pdf,official_scope_expanded_on_valid_2018_hts_universe
us_301_list3_2018,Section 301 List 3,820770,2018-09-24,us_301_list3_2018:8207.70.30=8207.70.30|us_301_list3_2018:8207.70.60=8207.70.60,6,,https://www.govinfo.gov/content/pkg/FR-2018-09-21/pdf/FR-2018-09-21.pdf,official_scope_expanded_on_valid_2018_hts_universe
us_301_list3_2018,Section 301 List 3,820780,2018-09-24,us_301_list3_2018:8207.80.30=8207.80.30|us_301_list3_2018:8207.80.60=8207.80.60,2,,https://www.govinfo.gov/content/pkg/FR-2018-09-21/pdf/FR-2018-09-21.pdf,official_scope_expanded_on_valid_2018_hts_universe
us_301_list3_2018,Section 301 List 3,820790,2018-09-24,us_301_list3_2018:8207.90.15=8207.90.15|us_301_list3_2018:8207.90.30=8207.90.30|us_301_list3_2018:8207.90.45=8207.90.45|us_301_list3_2018:8207.90.60=8207.90.60|us_301_list3_2018:8207.90.75=8207.90.75,9,,https://www.govinfo.gov/content/pkg/FR-2018-09-21/pdf/FR-2018-09-21.pdf,official_scope_expanded_on_valid_2018_hts_universe
us_301_list3_2018,Section 301 List 3,820810,2018-09-24,us_301_list3_2018:8208.10.00=8208.10.00,2,,https://www.govinfo.gov/content/pkg/FR-2018-09-21/pdf/FR-2018-09-21.pdf,official_scope_expanded_on_valid_2018_hts_universe
us_301_list3_2018,Section 301 List 3,820820,2018-09-24,us_301_list3_2018:8208.20.00=8208.20.00,3,,https://www.govinfo.gov/content/pkg/FR-2018-09-21/pdf/FR-2018-09-21.pdf,official_scope_expanded_on_valid_2018_hts_universe
us_301_list3_2018,Section 301 List 3,820830,2018-09-24,us_301_list3_2018:8208.30.00=8208.30.00,2,,https://www.govinfo.gov/content/pkg/FR-2018-09-21/pdf/FR-2018-09-21.pdf,official_scope_expanded_on_valid_2018_hts_universe
us_301_list3_2018,Section 301 List 3,820840,2018-09-24,us_301_list3_2018:8208.40.30=8208.40.30|us_301_list3_2018:8208.40.60=8208.40.60,2,,https://www.govinfo.gov/content/pkg/FR-2018-09-21/pdf/FR-2018-09-21.pdf,official_scope_expanded_on_valid_2018_hts_universe
us_301_list3_2018,Section 301 List 3,820890,2018-09-24,us_301_list3_2018:8208.90.30=8208.90.30|us_301_list3_2018:8208.90.60=8208.90.60,2,,https://www.govinfo.gov/content/pkg/FR-2018-09-21/pdf/FR-2018-09-21.pdf,official_scope_expanded_on_valid_2018_hts_universe
us_301_list3_2018,Section 301 List 3,820900,2018-09-24,us_301_list3_2018:8209.00.00=8209.00.00,2,,https://www.govinfo.gov/content/pkg/FR-2018-09-21/pdf/FR-2018-09-21.pdf,official_scope_expanded_on_valid_2018_hts_universe
us_301_list3_2018,Section 301 List 3,821000,2018-09-24,us_301_list3_2018:8210.00.00=8210.00.00,1,,https://www.govinfo.gov/content/pkg/FR-2018-09-21/pdf/FR-2018-09-21.pdf,official_scope_expanded_on_valid_2018_hts_universe
us_301_list3_2018,Section 301 List 3,821193,2018-09-24,us_301_list3_2018:8211.93.00=8211.93.00,3,,https://www.govinfo.gov/content/pkg/FR-2018-09-21/pdf/FR-2018-09-21.pdf,official_scope_expanded_on_valid_2018_hts_universe
us_301_list3_2018,Section 301 List 3,821194,2018-09-24,us_301_list3_2018:8211.94.10=8211.94.10|us_301_list3_2018:8211.94.50=8211.94.50,2,,https://www.govinfo.gov/content/pkg/FR-2018-09-21/pdf/FR-2018-09-21.pdf,official_scope_expanded_on_valid_2018_hts_universe
us_301_list3_2018,Section 301 List 3,821195,2018-09-24,us_301_list3_2018:8211.95.10=8211.95.10|us_301_list3_2018:8211.95.50=8211.95.50|us_301_list3_2018:8211.95.90=8211.95.90,3,,https://www.govinfo.gov/content/pkg/FR-2018-09-21/pdf/FR-2018-09-21.pdf,official_scope_expanded_on_valid_2018_hts_universe
us_301_list3_2018,Section 301 List 3,821520,2018-09-24,us_301_list3_2018:8215.20.00=8215.20.00,1,,https://www.govinfo.gov/content/pkg/FR-2018-09-21/pdf/FR-2018-09-21.pdf,official_scope_expanded_on_valid_2018_hts_universe
us_301_list3_2018,Section 301 List 3,821599,2018-09-24,us_301_list3_2018:8215.99.05=8215.99.05,1,,https://www.govinfo.gov/content/pkg/FR-2018-09-21/pdf/FR-2018-09-21.pdf,official_scope_expanded_on_valid_2018_hts_universe
us_301_list3_2018,Section 301 List 3,830120,2018-09-24,us_301_list3_2018:8301.20.00=8301.20.00,2,,https://www.govinfo.gov/content/pkg/FR-2018-09-21/pdf/FR-2018-09-21.pdf,official_scope_expanded_on_valid_2018_hts_universe
us_301_list3_2018,Section 301 List 3,830210,2018-09-24,us_301_list3_2018:8302.10.60=8302.10.60|us_301_list3_2018:8302.10.90=8302.10.90,6,,https://www.govinfo.gov/content/pkg/FR-2018-09-21/pdf/FR-2018-09-21.pdf,official_scope_expanded_on_valid_2018_hts_universe
us_301_list3_2018,Section 301 List 3,830220,2018-09-24,us_301_list3_2018:8302.20.00=8302.20.00,1,,https://www.govinfo.gov/content/pkg/FR-2018-09-21/pdf/FR-2018-09-21.pdf,official_scope_expanded_on_valid_2018_hts_universe
us_301_list3_2018,Section 301 List 3,830230,2018-09-24,us_301_list3_2018:8302.30.30=8302.30.30|us_301_list3_2018:8302.30.60=8302.30.60,3,,https://www.govinfo.gov/content/pkg/FR-2018-09-21/pdf/FR-2018-09-21.pdf,official_scope_expanded_on_valid_2018_hts_universe
us_301_list3_2018,Section 301 List 3,830241,2018-09-24,us_301_list3_2018:8302.41.30=8302.41.30|us_301_list3_2018:8302.41.60=8302.41.60|us_301_list3_2018:8302.41.90=8302.41.90,9,,https://www.govinfo.gov/content/pkg/FR-2018-09-21/pdf/FR-2018-09-21.pdf,official_scope_expanded_on_valid_2018_hts_universe
us_301_list3_2018,Section 301 List 3,830249,2018-09-24,us_301_list3_2018:8302.49.20=8302.49.20|us_301_list3_2018:8302.49.40=8302.49.40|us_301_list3_2018:8302.49.60=8302.49.60|us_301_list3_2018:8302.49.80=8302.49.80,9,,https://www.govinfo.gov/content/pkg/FR-2018-09-21/pdf/FR-2018-09-21.pdf,official_scope_expanded_on_valid_2018_hts_universe
us_301_list3_2018,Section 301 List 3,830250,2018-09-24,us_301_list3_2018:8302.50.00=8302.50.00,1,,https://www.govinfo.gov/content/pkg/FR-2018-09-21/pdf/FR-2018-09-21.pdf,official_scope_expanded_on_valid_2018_hts_universe
us_301_list3_2018,Section 301 List 3,830260,2018-09-24,us_301_list3_2018:8302.60.30=8302.60.30|us_301_list3_2018:8302.60.90=8302.60.90,2,,https://www.govinfo.gov/content/pkg/FR-2018-09-21/pdf/FR-2018-09-21.pdf,official_scope_expanded_on_valid_2018_hts_universe
us_301_list3_2018,Section 301 List 3,830300,2018-09-24,us_301_list3_2018:8303.00.00=8303.00.00,1,,https://www.govinfo.gov/content/pkg/FR-2018-09-21/pdf/FR-2018-09-21.pdf,official_scope_expanded_on_valid_2018_hts_universe
us_301_list3_2018,Section 301 List 3,830630,2018-09-24,us_301_list3_2018:8306.30.00=8306.30.00,1,,https://www.govinfo.gov/content/pkg/FR-2018-09-21/pdf/FR-2018-09-21.pdf,official_scope_expanded_on_valid_2018_hts_universe
us_301_list3_2018,Section 301 List 3,830710,2018-09-24,us_301_list3_2018:8307.10.30=8307.10.30|us_301_list3_2018:8307.10.60=8307.10.60,2,,https://www.govinfo.gov/content/pkg/FR-2018-09-21/pdf/FR-2018-09-21.pdf,official_scope_expanded_on_valid_2018_hts_universe
us_301_list3_2018,Section 301 List 3,830790,2018-09-24,us_301_list3_2018:8307.90.30=8307.90.30|us_301_list3_2018:8307.90.60=8307.90.60,2,,https://www.govinfo.gov/content/pkg/FR-2018-09-21/pdf/FR-2018-09-21.pdf,official_scope_expanded_on_valid_2018_hts_universe
us_301_list3_2018,Section 301 List 3,830810,2018-09-24,us_301_list3_2018:8308.10.00=8308.10.00,1,,https://www.govinfo.gov/content/pkg/FR-2018-09-21/pdf/FR-2018-09-21.pdf,official_scope_expanded_on_valid_2018_hts_universe
us_301_list3_2018,Section 301 List 3,830820,2018-09-24,us_301_list3_2018:8308.20.30=8308.20.30|us_301_list3_2018:8308.20.60=8308.20.60,2,,https://www.govinfo.gov/content/pkg/FR-2018-09-21/pdf/FR-2018-09-21.pdf,official_scope_expanded_on_valid_2018_hts_universe
us_301_list3_2018,Section 301 List 3,830890,2018-09-24,us_301_list3_2018:8308.90.30=8308.90.30|us_301_list3_2018:8308.90.60=8308.90.60|us_301_list3_2018:8308.90.90=8308.90.90,3,,https://www.govinfo.gov/content/pkg/FR-2018-09-21/pdf/FR-2018-09-21.pdf,official_scope_expanded_on_valid_2018_hts_universe
us_301_list3_2018,Section 301 List 3,830910,2018-09-24,us_301_list3_2018:8309.10.00=8309.10.00,1,,https://www.govinfo.gov/content/pkg/FR-2018-09-21/pdf/FR-2018-09-21.pdf,official_scope_expanded_on_valid_2018_hts_universe
us_301_list3_2018,Section 301 List 3,830990,2018-09-24,us_301_list3_2018:8309.90.00=8309.90.00,1,,https://www.govinfo.gov/content/pkg/FR-2018-09-21/pdf/FR-2018-09-21.pdf,official_scope_expanded_on_valid_2018_hts_universe
us_301_list3_2018,Section 301 List 3,831000,2018-09-24,us_301_list3_2018:8310.00.00=8310.00.00,1,,https://www.govinfo.gov/content/pkg/FR-2018-09-21/pdf/FR-2018-09-21.pdf,official_scope_expanded_on_valid_2018_hts_universe
us_301_list3_2018,Section 301 List 3,831110,2018-09-24,us_301_list3_2018:8311.10.00=8311.10.00,1,,https://www.govinfo.gov/content/pkg/FR-2018-09-21/pdf/FR-2018-09-21.pdf,official_scope_expanded_on_valid_2018_hts_universe
us_301_list3_2018,Section 301 List 3,831120,2018-09-24,us_301_list3_2018:8311.20.00=8311.20.00,1,,https://www.govinfo.gov/content/pkg/FR-2018-09-21/pdf/FR-2018-09-21.pdf,official_scope_expanded_on_valid_2018_hts_universe
us_301_list3_2018,Section 301 List 3,831130,2018-09-24,us_301_list3_2018:8311.30.30=8311.30.30|us_301_list3_2018:8311.30.60=8311.30.60,2,,https://www.govinfo.gov/content/pkg/FR-2018-09-21/pdf/FR-2018-09-21.pdf,official_scope_expanded_on_valid_2018_hts_universe
us_301_list3_2018,Section 301 List 3,831190,2018-09-24,us_301_list3_2018:8311.90.00=8311.90.00,1,,https://www.govinfo.gov/content/pkg/FR-2018-09-21/pdf/FR-2018-09-21.pdf,official_scope_expanded_on_valid_2018_hts_universe
us_301_list3_2018,Section 301 List 3,840410,2018-09-24,us_301_list3_2018:8404.10.00=8404.10.00,2,,https://www.govinfo.gov/content/pkg/FR-2018-09-21/pdf/FR-2018-09-21.pdf,official_scope_expanded_on_valid_2018_hts_universe
us_301_list3_2018,Section 301 List 3,840681,2018-09-24,us_301_list3_2018:8406.81.10=8406.81.10,2,,https://www.govinfo.gov/content/pkg/FR-2018-09-21/pdf/FR-2018-09-21.pdf,official_scope_expanded_on_valid_2018_hts_universe
us_301_list3_2018,Section 301 List 3,840690,2018-09-24,us_301_list3_2018:8406.90.20=8406.90.20|us_301_list3_2018:8406.90.30=8406.90.30|us_301_list3_2018:8406.90.40=8406.90.40|us_301_list3_2018:8406.90.45=8406.90.45|us_301_list3_2018:8406.90.50=8406.90.50|us_301_list3_2018:8406.90.60=8406.90.60|us_301_list3_2018:8406.90.70=8406.90.70|us_301_list3_2018:8406.90.75=8406.90.75,9,,https://www.govinfo.gov/content/pkg/FR-2018-09-21/pdf/FR-2018-09-21.pdf,official_scope_expanded_on_valid_2018_hts_universe
us_301_list3_2018,Section 301 List 3,840731,2018-09-24,us_301_list3_2018:8407.31.00=8407.31.00,2,,https://www.govinfo.gov/content/pkg/FR-2018-09-21/pdf/FR-2018-09-21.pdf,official_scope_expanded_on_valid_2018_hts_universe
us_301_list3_2018,Section 301 List 3,840732,2018-09-24,us_301_list3_2018:8407.32.10=8407.32.10|us_301_list3_2018:8407.32.20=8407.32.20|us_301_list3_2018:8407.32.90=8407.32.90,5,,https://www.govinfo.gov/content/pkg/FR-2018-09-21/pdf/FR-2018-09-21.pdf,official_scope_expanded_on_valid_2018_hts_universe
us_301_list3_2018,Section 301 List 3,840733,2018-09-24,us_301_list3_2018:8407.33.10=8407.33.10|us_301_list3_2018:8407.33.30=8407.33.30|us_301_list3_2018:8407.33.60=8407.33.60|us_301_list3_2018:8407.33.90=8407.33.90,9,,https://www.govinfo.gov/content/pkg/FR-2018-09-21/pdf/FR-2018-09-21.pdf,official_scope_expanded_on_valid_2018_hts_universe
us_301_list3_2018,Section 301 List 3,840734,2018-09-24,us_301_list3_2018:8407.34.14=8407.34.14|us_301_list3_2018:8407.34.18=8407.34.18|us_301_list3_2018:8407.34.25=8407.34.25|us_301_list3_2018:8407.34.44=8407.34.44|us_301_list3_2018:8407.34.48=8407.34.48|us_301_list3_2018:8407.34.55=8407.34.55,6,,https://www.govinfo.gov/content/pkg/FR-2018-09-21/pdf/FR-2018-09-21.pdf,official_scope_expanded_on_valid_2018_hts_universe
us_301_list3_2018,Section 301 List 3,840820,2018-09-24,us_301_list3_2018:8408.20.20=8408.20.20|us_301_list3_2018:8408.20.90=8408.20.90,2,,https://www.govinfo.gov/content/pkg/FR-2018-09-21/pdf/FR-2018-09-21.pdf,official_scope_expanded_on_valid_2018_hts_universe
us_301_list3_2018,Section 301 List 3,840991,2018-09-24,us_301_list3_2018:8409.91.10=8409.91.10|us_301_list3_2018:8409.91.30=8409.91.30|us_301_list3_2018:8409.91.50=8409.91.50|us_301_list3_2018:8409.91.92=8409.91.92|us_301_list3_2018:8409.91.99=8409.91.99,11,,https://www.govinfo.gov/content/pkg/FR-2018-09-21/pdf/FR-2018-09-21.pdf,official_scope_expanded_on_valid_2018_hts_universe
us_301_list3_2018,Section 301 List 3,840999,2018-09-24,us_301_list3_2018:8409.99.10=8409.99.10|us_301_list3_2018:8409.99.91=8409.99.91|us_301_list3_2018:8409.99.92=8409.99.92|us_301_list3_2018:8409.99.99=8409.99.99,9,,https://www.govinfo.gov/content/pkg/FR-2018-09-21/pdf/FR-2018-09-21.pdf,official_scope_expanded_on_valid_2018_hts_universe
us_301_list3_2018,Section 301 List 3,841290,2018-09-24,us_301_list3_2018:8412.90.90=8412.90.90,7,,https://www.govinfo.gov/content/pkg/FR-2018-09-21/pdf/FR-2018-09-21.pdf,official_scope_expanded_on_valid_2018_hts_universe
us_301_list3_2018,Section 301 List 3,841311,2018-09-24,us_301_list3_2018:8413.11.00=8413.11.00,1,,https://www.govinfo.gov/content/pkg/FR-2018-09-21/pdf/FR-2018-09-21.pdf,official_scope_expanded_on_valid_2018_hts_universe
us_301_list3_2018,Section 301 List 3,841320,2018-09-24,us_301_list3_2018:8413.20.00=8413.20.00,1,,https://www.govinfo.gov/content/pkg/FR-2018-09-21/pdf/FR-2018-09-21.pdf,official_scope_expanded_on_valid_2018_hts_universe
us_301_list3_2018,Section 301 List 3,841330,2018-09-24,us_301_list3_2018:8413.30.10=8413.30.10|us_301_list3_2018:8413.30.90=8413.30.90,4,,https://www.govinfo.gov/content/pkg/FR-2018-09-21/pdf/FR-2018-09-21.pdf,official_scope_expanded_on_valid_2018_hts_universe
us_301_list3_2018,Section 301 List 3,841392,2018-09-24,us_301_list3_2018:8413.92.00=8413.92.00,1,,https://www.govinfo.gov/content/pkg/FR-2018-09-21/pdf/FR-2018-09-21.pdf,official_scope_expanded_on_valid_2018_hts_universe
us_301_list3_2018,Section 301 List 3,841410,2018-09-24,us_301_list3_2018:8414.10.00=8414.10.00,1,,https://www.govinfo.gov/content/pkg/FR-2018-09-21/pdf/FR-2018-09-21.pdf,official_scope_expanded_on_valid_2018_hts_universe
us_301_list3_2018,Section 301 List 3,841420,2018-09-24,us_301_list3_2018:8414.20.00=8414.20.00,1,,https://www.govinfo.gov/content/pkg/FR-2018-09-21/pdf/FR-2018-09-21.pdf,official_scope_expanded_on_valid_2018_hts_universe
us_301_list3_2018,Section 301 List 3,841440,2018-09-24,us_301_list3_2018:8414.40.00=8414.40.00,1,,https://www.govinfo.gov/content/pkg/FR-2018-09-21/pdf/FR-2018-09-21.pdf,official_scope_expanded_on_valid_2018_hts_universe
us_301_list3_2018,Section 301 List 3,841459,2018-09-24,us_301_list3_2018:8414.59.10=8414.59.10|us_301_list3_2018:8414.59.15=8414.59.15|us_301_list3_2018:8414.59.65=8414.59.65,6,,https://www.govinfo.gov/content/pkg/FR-2018-09-21/pdf/FR-2018-09-21.pdf,official_scope_expanded_on_valid_2018_hts_universe
us_301_list3_2018,Section 301 List 3,841460,2018-09-24,us_301_list3_2018:8414.60.00=8414.60.00,1,,https://www.govinfo.gov/content/pkg/FR-2018-09-21/pdf/FR-2018-09-21.pdf,official_scope_expanded_on_valid_2018_hts_universe
us_301_list3_2018,Section 301 List 3,841480,2018-09-24,us_301_list3_2018:8414.80.16=8414.80.16|us_301_list3_2018:8414.80.90=8414.80.90,15,,https://www.govinfo.gov/content/pkg/FR-2018-09-21/pdf/FR-2018-09-21.pdf,official_scope_expanded_on_valid_2018_hts_universe
us_301_list3_2018,Section 301 List 3,841490,2018-09-24,us_301_list3_2018:8414.90.10=8414.90.10,2,,https://www.govinfo.gov/content/pkg/FR-2018-09-21/pdf/FR-2018-09-21.pdf,official_scope_expanded_on_valid_2018_hts_universe
us_301_list3_2018,Section 301 List 3,841510,2018-09-24,us_301_list3_2018:8415.10.30=8415.10.30|us_301_list3_2018:8415.10.60=8415.10.60|us_301_list3_2018:8415.10.90=8415.10.90,5,,https://www.govinfo.gov/content/pkg/FR-2018-09-21/pdf/FR-2018-09-21.pdf,official_scope_expanded_on_valid_2018_hts_universe
us_301_list3_2018,Section 301 List 3,841520,2018-09-24,us_301_list3_2018:8415.20.00=8415.20.00,1,,https://www.govinfo.gov/content/pkg/FR-2018-09-21/pdf/FR-2018-09-21.pdf,official_scope_expanded_on_valid_2018_hts_universe
us_301_list3_2018,Section 301 List 3,841581,2018-09-24,us_301_list3_2018:8415.81.01=8415.81.01,3,,https://www.govinfo.gov/content/pkg/FR-2018-09-21/pdf/FR-2018-09-21.pdf,official_scope_expanded_on_valid_2018_hts_universe
us_301_list3_2018,Section 301 List 3,841582,2018-09-24,us_301_list3_2018:8415.82.01=8415.82.01,10,,https://www.govinfo.gov/content/pkg/FR-2018-09-21/pdf/FR-2018-09-21.pdf,official_scope_expanded_on_valid_2018_hts_universe
us_301_list3_2018,Section 301 List 3,841583,2018-09-24,us_301_list3_2018:8415.83.00=8415.83.00,4,,https://www.govinfo.gov/content/pkg/FR-2018-09-21/pdf/FR-2018-09-21.pdf,official_scope_expanded_on_valid_2018_hts_universe
us_301_list3_2018,Section 301 List 3,841630,2018-09-24,us_301_list3_2018:8416.30.00=8416.30.00,1,,https://www.govinfo.gov/content/pkg/FR-2018-09-21/pdf/FR-2018-09-21.pdf,official_scope_expanded_on_valid_2018_hts_universe
us_301_list3_2018,Section 301 List 3,841810,2018-09-24,us_301_list3_2018:8418.10.00=8418.10.00,8,,https://www.govinfo.gov/content/pkg/FR-2018-09-21/pdf/FR-2018-09-21.pdf,official_scope_expanded_on_valid_2018_hts_universe
us_301_list3_2018,Section 301 List 3,841821,2018-09-24,us_301_list3_2018:8418.21.00=8418.21.00,4,,https://www.govinfo.gov/content/pkg/FR-2018-09-21/pdf/FR-2018-09-21.pdf,official_scope_expanded_on_valid_2018_hts_universe
us_301_list3_2018,Section 301 List 3,841829,2018-09-24,us_301_list3_2018:8418.29.10=8418.29.10|us_301_list3_2018:8418.29.20=8418.29.20,2,,https://www.govinfo.gov/content/pkg/FR-2018-09-21/pdf/FR-2018-09-21.pdf,official_scope_expanded_on_valid_2018_hts_universe
us_301_list3_2018,Section 301 List 3,841830,2018-09-24,us_301_list3_2018:8418.30.00=8418.30.00,1,,https://www.govinfo.gov/content/pkg/FR-2018-09-21/pdf/FR-2018-09-21.pdf,official_scope_expanded_on_valid_2018_hts_universe
us_301_list3_2018,Section 301 List 3,841840,2018-09-24,us_301_list3_2018:8418.40.00=8418.40.00,1,,https://www.govinfo.gov/content/pkg/FR-2018-09-21/pdf/FR-2018-09-21.pdf,official_scope_expanded_on_valid_2018_hts_universe
us_301_list3_2018,Section 301 List 3,841850,2018-09-24,us_301_list3_2018:8418.50.00=8418.50.00,2,,https://www.govinfo.gov/content/pkg/FR-2018-09-21/pdf/FR-2018-09-21.pdf,official_scope_expanded_on_valid_2018_hts_universe
us_301_list3_2018,Section 301 List 3,841861,2018-09-24,us_301_list3_2018:8418.61.01=8418.61.01,1,,https://www.govinfo.gov/content/pkg/FR-2018-09-21/pdf/FR-2018-09-21.pdf,official_scope_expanded_on_valid_2018_hts_universe
us_301_list3_2018,Section 301 List 3,841891,2018-09-24,us_301_list3_2018:8418.91.00=8418.91.00,1,,https://www.govinfo.gov/content/pkg/FR-2018-09-21/pdf/FR-2018-09-21.pdf,official_scope_expanded_on_valid_2018_hts_universe
us_301_list3_2018,Section 301 List 3,841899,2018-09-24,us_301_list3_2018:8418.99.40=8418.99.40|us_301_list3_2018:8418.99.80=8418.99.80,8,,https://www.govinfo.gov/content/pkg/FR-2018-09-21/pdf/FR-2018-09-21.pdf,official_scope_expanded_on_valid_2018_hts_universe
us_301_list3_2018,Section 301 List 3,842111,2018-09-24,us_301_list3_2018:8421.11.00=8421.11.00,1,,https://www.govinfo.gov/content/pkg/FR-2018-09-21/pdf/FR-2018-09-21.pdf,official_scope_expanded_on_valid_2018_hts_universe
us_301_list3_2018,Section 301 List 3,842123,2018-09-24,us_301_list3_2018:8421.23.00=8421.23.00,1,,https://www.govinfo.gov/content/pkg/FR-2018-09-21/pdf/FR-2018-09-21.pdf,official_scope_expanded_on_valid_2018_hts_universe
us_301_list3_2018,Section 301 List 3,842131,2018-09-24,us_301_list3_2018:8421.31.00=8421.31.00,1,,https://www.govinfo.gov/content/pkg/FR-2018-09-21/pdf/FR-2018-09-21.pdf,official_scope_expanded_on_valid_2018_hts_universe
us_301_list3_2018,Section 301 List 3,842290,2018-09-24,us_301_list3_2018:8422.90.04=8422.90.04,1,,https://www.govinfo.gov/content/pkg/FR-2018-09-21/pdf/FR-2018-09-21.pdf,official_scope_expanded_on_valid_2018_hts_universe
us_301_list3_2018,Section 301 List 3,842381,2018-09-24,us_301_list3_2018:8423.81.00=8423.81.00,5,,https://www.govinfo.gov/content/pkg/FR-2018-09-21/pdf/FR-2018-09-21.pdf,official_scope_expanded_on_valid_2018_hts_universe
us_301_list3_2018,Section 301 List 3,842420,2018-09-24,us_301_list3_2018:8424.20.10=8424.20.10|us_301_list3_2018:8424.20.90=8424.20.90,2,,https://www.govinfo.gov/content/pkg/FR-2018-09-21/pdf/FR-2018-09-21.pdf,official_scope_expanded_on_valid_2018_hts_universe
us_301_list3_2018,Section 301 List 3,842430,2018-09-24,us_301_list3_2018:8424.30.10=8424.30.10|us_301_list3_2018:8424.30.90=8424.30.90,2,,https://www.govinfo.gov/content/pkg/FR-2018-09-21/pdf/FR-2018-09-21.pdf,official_scope_expanded_on_valid_2018_hts_universe
us_301_list3_2018,Section 301 List 3,842441,2018-09-24,us_301_list3_2018:8424.41.10=8424.41.10|us_301_list3_2018:8424.41.90=8424.41.90,2,,https://www.govinfo.gov/content/pkg/FR-2018-09-21/pdf/FR-2018-09-21.pdf,official_scope_expanded_on_valid_2018_hts_universe
us_301_list3_2018,Section 301 List 3,842449,2018-09-24,us_301_list3_2018:8424.49.00=8424.49.00,1,,https://www.govinfo.gov/content/pkg/FR-2018-09-21/pdf/FR-2018-09-21.pdf,official_scope_expanded_on_valid_2018_hts_universe
us_301_list3_2018,Section 301 List 3,842490,2018-09-24,us_301_list3_2018:8424.90.90=8424.90.90,2,,https://www.govinfo.gov/content/pkg/FR-2018-09-21/pdf/FR-2018-09-21.pdf,official_scope_expanded_on_valid_2018_hts_universe
us_301_list3_2018,Section 301 List 3,842519,2018-09-24,us_301_list3_2018:8425.19.00=8425.19.00,1,,https://www.govinfo.gov/content/pkg/FR-2018-09-21/pdf/FR-2018-09-21.pdf,official_scope_expanded_on_valid_2018_hts_universe
us_301_list3_2018,Section 301 List 3,842531,2018-09-24,us_301_list3_2018:8425.31.01=8425.31.01,1,,https://www.govinfo.gov/content/pkg/FR-2018-09-21/pdf/FR-2018-09-21.pdf,official_scope_expanded_on_valid_2018_hts_universe
us_301_list3_2018,Section 301 List 3,842541,2018-09-24,us_301_list3_2018:8425.41.00=8425.41.00,1,,https://www.govinfo.gov/content/pkg/FR-2018-09-21/pdf/FR-2018-09-21.pdf,official_scope_expanded_on_valid_2018_hts_universe
us_301_list3_2018,Section 301 List 3,842542,2018-09-24,us_301_list3_2018:8425.42.00=8425.42.00,1,,https://www.govinfo.gov/content/pkg/FR-2018-09-21/pdf/FR-2018-09-21.pdf,official_scope_expanded_on_valid_2018_hts_universe
us_301_list3_2018,Section 301 List 3,842549,2018-09-24,us_301_list3_2018:8425.49.00=8425.49.00,1,,https://www.govinfo.gov/content/pkg/FR-2018-09-21/pdf/FR-2018-09-21.pdf,official_scope_expanded_on_valid_2018_hts_universe
us_301_list3_2018,Section 301 List 3,842630,2018-09-24,us_301_list3_2018:8426.30.00=8426.30.00,1,,https://www.govinfo.gov/content/pkg/FR-2018-09-21/pdf/FR-2018-09-21.pdf,official_scope_expanded_on_valid_2018_hts_universe
us_301_list3_2018,Section 301 List 3,842691,2018-09-24,us_301_list3_2018:8426.91.00=8426.91.00,1,,https://www.govinfo.gov/content/pkg/FR-2018-09-21/pdf/FR-2018-09-21.pdf,official_scope_expanded_on_valid_2018_hts_universe
us_301_list3_2018,Section 301 List 3,842790,2018-09-24,us_301_list3_2018:8427.90.00=8427.90.00,1,,https://www.govinfo.gov/content/pkg/FR-2018-09-21/pdf/FR-2018-09-21.pdf,official_scope_expanded_on_valid_2018_hts_universe
us_301_list3_2018,Section 301 List 3,842840,2018-09-24,us_301_list3_2018:8428.40.00=8428.40.00,1,,https://www.govinfo.gov/content/pkg/FR-2018-09-21/pdf/FR-2018-09-21.pdf,official_scope_expanded_on_valid_2018_hts_universe
us_301_list3_2018,Section 301 List 3,843049,2018-09-24,us_301_list3_2018:8430.49.40=8430.49.40,1,,https://www.govinfo.gov/content/pkg/FR-2018-09-21/pdf/FR-2018-09-21.pdf,official_scope_expanded_on_valid_2018_hts_universe
us_301_list3_2018,Section 301 List 3,843050,2018-09-24,us_301_list3_2018:8430.50.10=8430.50.10,1,,https://www.govinfo.gov/content/pkg/FR-2018-09-21/pdf/FR-2018-09-21.pdf,official_scope_expanded_on_valid_2018_hts_universe
us_301_list3_2018,Section 301 List 3,843241,2018-09-24,us_301_list3_2018:8432.41.00=8432.41.00,1,,https://www.govinfo.gov/content/pkg/FR-2018-09-21/pdf/FR-2018-09-21.pdf,official_scope_expanded_on_valid_2018_hts_universe
us_301_list3_2018,Section 301 List 3,843390,2018-09-24,us_301_list3_2018:8433.90.10=8433.90.10,2,,https://www.govinfo.gov/content/pkg/FR-2018-09-21/pdf/FR-2018-09-21.pdf,official_scope_expanded_on_valid_2018_hts_universe
us_301_list3_2018,Section 301 List 3,844110,2018-09-24,us_301_list3_2018:8441.10.00=8441.10.00,1,,https://www.govinfo.gov/content/pkg/FR-2018-09-21/pdf/FR-2018-09-21.pdf,official_scope_expanded_on_valid_2018_hts_universe
us_301_list3_2018,Section 301 List 3,844250,2018-09-24,us_301_list3_2018:8442.50.10=8442.50.10,1,,https://www.govinfo.gov/content/pkg/FR-2018-09-21/pdf/FR-2018-09-21.pdf,official_scope_expanded_on_valid_2018_hts_universe
us_301_list3_2018,Section 301 List 3,844315,2018-09-24,us_301_list3_2018:8443.15.00=8443.15.00,1,,https://www.govinfo.gov/content/pkg/FR-2018-09-21/pdf/FR-2018-09-21.pdf,official_scope_expanded_on_valid_2018_hts_universe
us_301_list3_2018,Section 301 List 3,844316,2018-09-24,us_301_list3_2018:8443.16.00=8443.16.00,1,,https://www.govinfo.gov/content/pkg/FR-2018-09-21/pdf/FR-2018-09-21.pdf,official_scope_expanded_on_valid_2018_hts_universe
us_301_list3_2018,Section 301 List 3,844339,2018-09-24,us_301_list3_2018:8443.39.20=8443.39.20|us_301_list3_2018:8443.39.30=8443.39.30|us_301_list3_2018:8443.39.40=8443.39.40|us_301_list3_2018:8443.39.50=8443.39.50,4,,https://www.govinfo.gov/content/pkg/FR-2018-09-21/pdf/FR-2018-09-21.pdf,official_scope_expanded_on_valid_2018_hts_universe
us_301_list3_2018,Section 301 List 3,844399,2018-09-24,us_301_list3_2018:8443.99.10=8443.99.10|us_301_list3_2018:8443.99.30=8443.99.30|us_301_list3_2018:8443.99.35=8443.99.35,3,,https://www.govinfo.gov/content/pkg/FR-2018-09-21/pdf/FR-2018-09-21.pdf,official_scope_expanded_on_valid_2018_hts_universe
us_301_list3_2018,Section 301 List 3,844630,2018-09-24,us_301_list3_2018:8446.30.50=8446.30.50,3,,https://www.govinfo.gov/content/pkg/FR-2018-09-21/pdf/FR-2018-09-21.pdf,official_scope_expanded_on_valid_2018_hts_universe
us_301_list3_2018,Section 301 List 3,844851,2018-09-24,us_301_list3_2018:8448.51.20=8448.51.20,1,,https://www.govinfo.gov/content/pkg/FR-2018-09-21/pdf/FR-2018-09-21.pdf,official_scope_expanded_on_valid_2018_hts_universe
us_301_list3_2018,Section 301 List 3,845110,2018-09-24,us_301_list3_2018:8451.10.00=8451.10.00,1,,https://www.govinfo.gov/content/pkg/FR-2018-09-21/pdf/FR-2018-09-21.pdf,official_scope_expanded_on_valid_2018_hts_universe
us_301_list3_2018,Section 301 List 3,845121,2018-09-24,us_301_list3_2018:8451.21.00=8451.21.00,2,,https://www.govinfo.gov/content/pkg/FR-2018-09-21/pdf/FR-2018-09-21.pdf,official_scope_expanded_on_valid_2018_hts_universe
us_301_list3_2018,Section 301 List 3,845129,2018-09-24,us_301_list3_2018:8451.29.00=8451.29.00,2,,https://www.govinfo.gov/content/pkg/FR-2018-09-21/pdf/FR-2018-09-21.pdf,official_scope_expanded_on_valid_2018_hts_universe
us_301_list3_2018,Section 301 List 3,845130,2018-09-24,us_301_list3_2018:8451.30.00=8451.30.00,1,,https://www.govinfo.gov/content/pkg/FR-2018-09-21/pdf/FR-2018-09-21.pdf,official_scope_expanded_on_valid_2018_hts_universe
us_301_list3_2018,Section 301 List 3,845140,2018-09-24,us_301_list3_2018:8451.40.00=8451.40.00,1,,https://www.govinfo.gov/content/pkg/FR-2018-09-21/pdf/FR-2018-09-21.pdf,official_scope_expanded_on_valid_2018_hts_universe
us_301_list3_2018,Section 301 List 3,845150,2018-09-24,us_301_list3_2018:8451.50.00=8451.50.00,1,,https://www.govinfo.gov/content/pkg/FR-2018-09-21/pdf/FR-2018-09-21.pdf,official_scope_expanded_on_valid_2018_hts_universe
us_301_list3_2018,Section 301 List 3,845180,2018-09-24,us_301_list3_2018:8451.80.00=8451.80.00,1,,https://www.govinfo.gov/content/pkg/FR-2018-09-21/pdf/FR-2018-09-21.pdf,official_scope_expanded_on_valid_2018_hts_universe
us_301_list3_2018,Section 301 List 3,845190,2018-09-24,us_301_list3_2018:8451.90.30=8451.90.30|us_301_list3_2018:8451.90.60=8451.90.60|us_301_list3_2018:8451.90.90=8451.90.90,5,,https://www.govinfo.gov/content/pkg/FR-2018-09-21/pdf/FR-2018-09-21.pdf,official_scope_expanded_on_valid_2018_hts_universe
us_301_list3_2018,Section 301 List 3,845229,2018-09-24,us_301_list3_2018:8452.29.90=8452.29.90,1,,https://www.govinfo.gov/content/pkg/FR-2018-09-21/pdf/FR-2018-09-21.pdf,official_scope_expanded_on_valid_2018_hts_universe
us_301_list3_2018,Section 301 List 3,845420,2018-09-24,us_301_list3_2018:8454.20.00=8454.20.00,3,,https://www.govinfo.gov/content/pkg/FR-2018-09-21/pdf/FR-2018-09-21.pdf,official_scope_expanded_on_valid_2018_hts_universe
us_301_list3_2018,Section 301 List 3,845929,2018-09-24,us_301_list3_2018:8459.29.00=8459.29.00,6,,https://www.govinfo.gov/content/pkg/FR-2018-09-21/pdf/FR-2018-09-21.pdf,official_scope_expanded_on_valid_2018_hts_universe
us_301_list3_2018,Section 301 List 3,845959,2018-09-24,us_301_list3_2018:8459.59.00=8459.59.00,3,,https://www.govinfo.gov/content/pkg/FR-2018-09-21/pdf/FR-2018-09-21.pdf,official_scope_expanded_on_valid_2018_hts_universe
us_301_list3_2018,Section 301 List 3,846039,2018-09-24,us_301_list3_2018:8460.39.00=8460.39.00,3,,https://www.govinfo.gov/content/pkg/FR-2018-09-21/pdf/FR-2018-09-21.pdf,official_scope_expanded_on_valid_2018_hts_universe
us_301_list3_2018,Section 301 List 3,846150,2018-09-24,us_301_list3_2018:8461.50.80=8461.50.80,3,,https://www.govinfo.gov/content/pkg/FR-2018-09-21/pdf/FR-2018-09-21.pdf,official_scope_expanded_on_valid_2018_hts_universe
us_301_list3_2018,Section 301 List 3,846520,2018-09-24,us_301_list3_2018:8465.20.10=8465.20.10|us_301_list3_2018:8465.20.50=8465.20.50|us_301_list3_2018:8465.20.80=8465.20.80,3,,https://www.govinfo.gov/content/pkg/FR-2018-09-21/pdf/FR-2018-09-21.pdf,official_scope_expanded_on_valid_2018_hts_universe
us_301_list3_2018,Section 301 List 3,846591,2018-09-24,us_301_list3_2018:8465.91.00=8465.91.00,18,,https://www.govinfo.gov/content/pkg/FR-2018-09-21/pdf/FR-2018-09-21.pdf,official_scope_expanded_on_valid_2018_hts_universe
us_301_list3_2018,Section 301 List 3,846691,2018-09-24,us_301_list3_2018:8466.91.10=8466.91.10,1,,https://www.govinfo.gov/content/pkg/FR-2018-09-21/pdf/FR-2018-09-21.pdf,official_scope_expanded_on_valid_2018_hts_universe
us_301_list3_2018,Section 301 List 3,846693,2018-09-24,us_301_list3_2018:8466.93.15=8466.93.15,2,,https://www.govinfo.gov/content/pkg/FR-2018-09-21/pdf/FR-2018-09-21.pdf,official_scope_expanded_on_valid_2018_hts_universe
us_301_list3_2018,Section 301 List 3,846719,2018-09-24,us_301_list3_2018:8467.19.50=8467.19.50,3,,https://www.govinfo.gov/content/pkg/FR-2018-09-21/pdf/FR-2018-09-21.pdf,official_scope_expanded_on_valid_2018_hts_universe
us_301_list3_2018,Section 301 List 3,846799,2018-09-24,us_301_list3_2018:8467.99.01=8467.99.01,2,,https://www.govinfo.gov/content/pkg/FR-2018-09-21/pdf/FR-2018-09-21.pdf,official_scope_expanded_on_valid_2018_hts_universe
us_301_list3_2018,Section 301 List 3,846820,2018-09-24,us_301_list3_2018:8468.20.10=8468.20.10,1,,https://www.govinfo.gov/content/pkg/FR-2018-09-21/pdf/FR-2018-09-21.pdf,official_scope_expanded_on_valid_2018_hts_universe
us_301_list3_2018,Section 301 List 3,846880,2018-09-24,us_301_list3_2018:8468.80.10=8468.80.10,1,,https://www.govinfo.gov/content/pkg/FR-2018-09-21/pdf/FR-2018-09-21.pdf,official_scope_expanded_on_valid_2018_hts_universe
us_301_list3_2018,Section 301 List 3,846890,2018-09-24,us_301_list3_2018:8468.90.10=8468.90.10|us_301_list3_2018:8468.90.50=8468.90.50,2,,https://www.govinfo.gov/content/pkg/FR-2018-09-21/pdf/FR-2018-09-21.pdf,official_scope_expanded_on_valid_2018_hts_universe
us_301_list3_2018,Section 301 List 3,847010,2018-09-24,us_301_list3_2018:8470.10.00=8470.10.00,2,,https://www.govinfo.gov/content/pkg/FR-2018-09-21/pdf/FR-2018-09-21.pdf,official_scope_expanded_on_valid_2018_hts_universe
us_301_list3_2018,Section 301 List 3,847021,2018-09-24,us_301_list3_2018:8470.21.00=8470.21.00,1,,https://www.govinfo.gov/content/pkg/FR-2018-09-21/pdf/FR-2018-09-21.pdf,official_scope_expanded_on_valid_2018_hts_universe
us_301_list3_2018,Section 301 List 3,847029,2018-09-24,us_301_list3_2018:8470.29.00=8470.29.00,1,,https://www.govinfo.gov/content/pkg/FR-2018-09-21/pdf/FR-2018-09-21.pdf,official_scope_expanded_on_valid_2018_hts_universe
us_301_list3_2018,Section 301 List 3,847030,2018-09-24,us_301_list3_2018:8470.30.00=8470.30.00,1,,https://www.govinfo.gov/content/pkg/FR-2018-09-21/pdf/FR-2018-09-21.pdf,official_scope_expanded_on_valid_2018_hts_universe
us_301_list3_2018,Section 301 List 3,847090,2018-09-24,us_301_list3_2018:8470.90.01=8470.90.01,2,,https://www.govinfo.gov/content/pkg/FR-2018-09-21/pdf/FR-2018-09-21.pdf,official_scope_expanded_on_valid_2018_hts_universe
us_301_list3_2018,Section 301 List 3,847150,2018-09-24,us_301_list3_2018:8471.50.01=8471.50.01,2,,https://www.govinfo.gov/content/pkg/FR-2018-09-21/pdf/FR-2018-09-21.pdf,official_scope_expanded_on_valid_2018_hts_universe
us_301_list3_2018,Section 301 List 3,847160,2018-09-24,us_301_list3_2018:8471.60.10=8471.60.10|us_301_list3_2018:8471.60.70=8471.60.70|us_301_list3_2018:8471.60.90=8471.60.90,5,,https://www.govinfo.gov/content/pkg/FR-2018-09-21/pdf/FR-2018-09-21.pdf,official_scope_expanded_on_valid_2018_hts_universe
us_301_list3_2018,Section 301 List 3,847170,2018-09-24,us_301_list3_2018:8471.70.10=8471.70.10|us_301_list3_2018:8471.70.20=8471.70.20|us_301_list3_2018:8471.70.50=8471.70.50,5,,https://www.govinfo.gov/content/pkg/FR-2018-09-21/pdf/FR-2018-09-21.pdf,official_scope_expanded_on_valid_2018_hts_universe
us_301_list3_2018,Section 301 List 3,847180,2018-09-24,us_301_list3_2018:8471.80.10=8471.80.10|us_301_list3_2018:8471.80.40=8471.80.40|us_301_list3_2018:8471.80.90=8471.80.90,3,,https://www.govinfo.gov/content/pkg/FR-2018-09-21/pdf/FR-2018-09-21.pdf,official_scope_expanded_on_valid_2018_hts_universe
us_301_list3_2018,Section 301 List 3,847190,2018-09-24,us_301_list3_2018:8471.90.00=8471.90.00,1,,https://www.govinfo.gov/content/pkg/FR-2018-09-21/pdf/FR-2018-09-21.pdf,official_scope_expanded_on_valid_2018_hts_universe
us_301_list3_2018,Section 301 List 3,847210,2018-09-24,us_301_list3_2018:8472.10.00=8472.10.00,1,,https://www.govinfo.gov/content/pkg/FR-2018-09-21/pdf/FR-2018-09-21.pdf,official_scope_expanded_on_valid_2018_hts_universe
us_301_list3_2018,Section 301 List 3,847230,2018-09-24,us_301_list3_2018:8472.30.00=8472.30.00,1,,https://www.govinfo.gov/content/pkg/FR-2018-09-21/pdf/FR-2018-09-21.pdf,official_scope_expanded_on_valid_2018_hts_universe
us_301_list3_2018,Section 301 List 3,847290,2018-09-24,us_301_list3_2018:8472.90.05=8472.90.05|us_301_list3_2018:8472.90.10=8472.90.10|us_301_list3_2018:8472.90.60=8472.90.60|us_301_list3_2018:8472.90.90=8472.90.90,6,,https://www.govinfo.gov/content/pkg/FR-2018-09-21/pdf/FR-2018-09-21.pdf,official_scope_expanded_on_valid_2018_hts_universe
us_301_list3_2018,Section 301 List 3,847321,2018-09-24,us_301_list3_2018:8473.21.00=8473.21.00,1,,https://www.govinfo.gov/content/pkg/FR-2018-09-21/pdf/FR-2018-09-21.pdf,official_scope_expanded_on_valid_2018_hts_universe
us_301_list3_2018,Section 301 List 3,847329,2018-09-24,us_301_list3_2018:8473.29.00=8473.29.00,1,,https://www.govinfo.gov/content/pkg/FR-2018-09-21/pdf/FR-2018-09-21.pdf,official_scope_expanded_on_valid_2018_hts_universe
us_301_list3_2018,Section 301 List 3,847330,2018-09-24,us_301_list3_2018:8473.30.11=8473.30.11|us_301_list3_2018:8473.30.51=8473.30.51|us_301_list3_2018:8473.30.91=8473.30.91,4,,https://www.govinfo.gov/content/pkg/FR-2018-09-21/pdf/FR-2018-09-21.pdf,official_scope_expanded_on_valid_2018_hts_universe
us_301_list3_2018,Section 301 List 3,847340,2018-09-24,us_301_list3_2018:8473.40.21=8473.40.21|us_301_list3_2018:8473.40.41=8473.40.41,2,,https://www.govinfo.gov/content/pkg/FR-2018-09-21/pdf/FR-2018-09-21.pdf,official_scope_expanded_on_valid_2018_hts_universe
us_301_list3_2018,Section 301 List 3,847621,2018-09-24,us_301_list3_2018:8476.21.00=8476.21.00,1,,https://www.govinfo.gov/content/pkg/FR-2018-09-21/pdf/FR-2018-09-21.pdf,official_scope_expanded_on_valid_2018_hts_universe
us_301_list3_2018,Section 301 List 3,847629,2018-09-24,us_301_list3_2018:8476.29.00=8476.29.00,1,,https://www.govinfo.gov/content/pkg/FR-2018-09-21/pdf/FR-2018-09-21.pdf,official_scope_expanded_on_valid_2018_hts_universe
us_301_list3_2018,Section 301 List 3,847681,2018-09-24,us_301_list3_2018:8476.81.00=8476.81.00,1,,https://www.govinfo.gov/content/pkg/FR-2018-09-21/pdf/FR-2018-09-21.pdf,official_scope_expanded_on_valid_2018_hts_universe
us_301_list3_2018,Section 301 List 3,847690,2018-09-24,us_301_list3_2018:8476.90.00=8476.90.00,1,,https://www.govinfo.gov/content/pkg/FR-2018-09-21/pdf/FR-2018-09-21.pdf,official_scope_expanded_on_valid_2018_hts_universe
us_301_list3_2018,Section 301 List 3,847759,2018-09-24,us_301_list3_2018:8477.59.01=8477.59.01,1,,https://www.govinfo.gov/content/pkg/FR-2018-09-21/pdf/FR-2018-09-21.pdf,official_scope_expanded_on_valid_2018_hts_universe
us_301_list3_2018,Section 301 List 3,847960,2018-09-24,us_301_list3_2018:8479.60.00=8479.60.00,1,,https://www.govinfo.gov/content/pkg/FR-2018-09-21/pdf/FR-2018-09-21.pdf,official_scope_expanded_on_valid_2018_hts_universe
us_301_list3_2018,Section 301 List 3,847971,2018-09-24,us_301_list3_2018:8479.71.00=8479.71.00,1,,https://www.govinfo.gov/content/pkg/FR-2018-09-21/pdf/FR-2018-09-21.pdf,official_scope_expanded_on_valid_2018_hts_universe
us_301_list3_2018,Section 301 List 3,847989,2018-09-24,us_301_list3_2018:8479.89.10=8479.89.10|us_301_list3_2018:8479.89.20=8479.89.20|us_301_list3_2018:8479.89.70=8479.89.70|us_301_list3_2018:8479.89.94=8479.89.94,10,,https://www.govinfo.gov/content/pkg/FR-2018-09-21/pdf/FR-2018-09-21.pdf,official_scope_expanded_on_valid_2018_hts_universe
us_301_list3_2018,Section 301 List 3,848010,2018-09-24,us_301_list3_2018:8480.10.00=8480.10.00,1,,https://www.govinfo.gov/content/pkg/FR-2018-09-21/pdf/FR-2018-09-21.pdf,official_scope_expanded_on_valid_2018_hts_universe
us_301_list3_2018,Section 301 List 3,848079,2018-09-24,us_301_list3_2018:8480.79.10=8480.79.10|us_301_list3_2018:8480.79.90=8480.79.90,4,,https://www.govinfo.gov/content/pkg/FR-2018-09-21/pdf/FR-2018-09-21.pdf,official_scope_expanded_on_valid_2018_hts_universe
us_301_list3_2018,Section 301 List 3,848130,2018-09-24,us_301_list3_2018:8481.30.10=8481.30.10,2,,https://www.govinfo.gov/content/pkg/FR-2018-09-21/pdf/FR-2018-09-21.pdf,official_scope_expanded_on_valid_2018_hts_universe
us_301_list3_2018,Section 301 List 3,848180,2018-09-24,us_301_list3_2018:8481.80.10=8481.80.10|us_301_list3_2018:8481.80.30=8481.80.30|us_301_list3_2018:8481.80.50=8481.80.50|us_301_list3_2018:8481.80.90=8481.80.90,35,,https://www.govinfo.gov/content/pkg/FR-2018-09-21/pdf/FR-2018-09-21.pdf,official_scope_expanded_on_valid_2018_hts_universe
us_301_list3_2018,Section 301 List 3,848210,2018-09-24,us_301_list3_2018:8482.10.10=8482.10.10,2,,https://www.govinfo.gov/content/pkg/FR-2018-09-21/pdf/FR-2018-09-21.pdf,official_scope_expanded_on_valid_2018_hts_universe
us_301_list3_2018,Section 301 List 3,848310,2018-09-24,us_301_list3_2018:8483.10.10=8483.10.10|us_301_list3_2018:8483.10.30=8483.10.30|us_301_list3_2018:8483.10.50=8483.10.50,6,,https://www.govinfo.gov/content/pkg/FR-2018-09-21/pdf/FR-2018-09-21.pdf,official_scope_expanded_on_valid_2018_hts_universe
us_301_list3_2018,Section 301 List 3,848320,2018-09-24,us_301_list3_2018:8483.20.40=8483.20.40|us_301_list3_2018:8483.20.80=8483.20.80,4,,https://www.govinfo.gov/content/pkg/FR-2018-09-21/pdf/FR-2018-09-21.pdf,official_scope_expanded_on_valid_2018_hts_universe
us_301_list3_2018,Section 301 List 3,848340,2018-09-24,us_301_list3_2018:8483.40.50=8483.40.50|us_301_list3_2018:8483.40.70=8483.40.70,3,,https://www.govinfo.gov/content/pkg/FR-2018-09-21/pdf/FR-2018-09-21.pdf,official_scope_expanded_on_valid_2018_hts_universe
us_301_list3_2018,Section 301 List 3,848350,2018-09-24,us_301_list3_2018:8483.50.40=8483.50.40,1,,https://www.govinfo.gov/content/pkg/FR-2018-09-21/pdf/FR-2018-09-21.pdf,official_scope_expanded_on_valid_2018_hts_universe
us_301_list3_2018,Section 301 List 3,848360,2018-09-24,us_301_list3_2018:8483.60.80=8483.60.80,1,,https://www.govinfo.gov/content/pkg/FR-2018-09-21/pdf/FR-2018-09-21.pdf,official_scope_expanded_on_valid_2018_hts_universe
us_301_list3_2018,Section 301 List 3,848390,2018-09-24,us_301_list3_2018:8483.90.50=8483.90.50,3,,https://www.govinfo.gov/content/pkg/FR-2018-09-21/pdf/FR-2018-09-21.pdf,official_scope_expanded_on_valid_2018_hts_universe
us_301_list3_2018,Section 301 List 3,850140,2018-09-24,us_301_list3_2018:8501.40.20=8501.40.20|us_301_list3_2018:8501.40.40=8501.40.40|us_301_list3_2018:8501.40.50=8501.40.50|us_301_list3_2018:8501.40.60=8501.40.60,8,,https://www.govinfo.gov/content/pkg/FR-2018-09-21/pdf/FR-2018-09-21.pdf,official_scope_expanded_on_valid_2018_hts_universe
us_301_list3_2018,Section 301 List 3,850161,2018-09-24,us_301_list3_2018:8501.61.00=8501.61.00,3,,https://www.govinfo.gov/content/pkg/FR-2018-09-21/pdf/FR-2018-09-21.pdf,official_scope_expanded_on_valid_2018_hts_universe
us_301_list3_2018,Section 301 List 3,850220,2018-09-24,us_301_list3_2018:8502.20.00=8502.20.00,4,,https://www.govinfo.gov/content/pkg/FR-2018-09-21/pdf/FR-2018-09-21.pdf,official_scope_expanded_on_valid_2018_hts_universe
us_301_list3_2018,Section 301 List 3,850431,2018-09-24,us_301_list3_2018:8504.31.20=8504.31.20|us_301_list3_2018:8504.31.40=8504.31.40|us_301_list3_2018:8504.31.60=8504.31.60,4,,https://www.govinfo.gov/content/pkg/FR-2018-09-21/pdf/FR-2018-09-21.pdf,official_scope_expanded_on_valid_2018_hts_universe
us_301_list3_2018,Section 301 List 3,850440,2018-09-24,us_301_list3_2018:8504.40.60=8504.40.60|us_301_list3_2018:8504.40.70=8504.40.70|us_301_list3_2018:8504.40.85=8504.40.85|us_301_list3_2018:8504.40.95=8504.40.95,16,,https://www.govinfo.gov/content/pkg/FR-2018-09-21/pdf/FR-2018-09-21.pdf,official_scope_expanded_on_valid_2018_hts_universe
us_301_list3_2018,Section 301 List 3,850450,2018-09-24,us_301_list3_2018:8504.50.40=8504.50.40|us_301_list3_2018:8504.50.80=8504.50.80,2,,https://www.govinfo.gov/content/pkg/FR-2018-09-21/pdf/FR-2018-09-21.pdf,official_scope_expanded_on_valid_2018_hts_universe
us_301_list3_2018,Section 301 List 3,850490,2018-09-24,us_301_list3_2018:8504.90.20=8504.90.20,1,,https://www.govinfo.gov/content/pkg/FR-2018-09-21/pdf/FR-2018-09-21.pdf,official_scope_expanded_on_valid_2018_hts_universe
us_301_list3_2018,Section 301 List 3,850519,2018-09-24,us_301_list3_2018:8505.19.20=8505.19.20|us_301_list3_2018:8505.19.30=8505.19.30,2,,https://www.govinfo.gov/content/pkg/FR-2018-09-21/pdf/FR-2018-09-21.pdf,official_scope_expanded_on_valid_2018_hts_universe
us_301_list3_2018,Section 301 List 3,850610,2018-09-24,us_301_list3_2018:8506.10.00=8506.10.00,1,,https://www.govinfo.gov/content/pkg/FR-2018-09-21/pdf/FR-2018-09-21.pdf,official_scope_expanded_on_valid_2018_hts_universe
us_301_list3_2018,Section 301 List 3,850630,2018-09-24,us_301_list3_2018:8506.30.10=8506.30.10|us_301_list3_2018:8506.30.50=8506.30.50,2,,https://www.govinfo.gov/content/pkg/FR-2018-09-21/pdf/FR-2018-09-21.pdf,official_scope_expanded_on_valid_2018_hts_universe
us_301_list3_2018,Section 301 List 3,850680,2018-09-24,us_301_list3_2018:8506.80.00=8506.80.00,1,,https://www.govinfo.gov/content/pkg/FR-2018-09-21/pdf/FR-2018-09-21.pdf,official_scope_expanded_on_valid_2018_hts_universe
us_301_list3_2018,Section 301 List 3,850710,2018-09-24,us_301_list3_2018:8507.10.00=8507.10.00,3,,https://www.govinfo.gov/content/pkg/FR-2018-09-21/pdf/FR-2018-09-21.pdf,official_scope_expanded_on_valid_2018_hts_universe
us_301_list3_2018,Section 301 List 3,850720,2018-09-24,us_301_list3_2018:8507.20.40=8507.20.40|us_301_list3_2018:8507.20.80=8507.20.80,10,,https://www.govinfo.gov/content/pkg/FR-2018-09-21/pdf/FR-2018-09-21.pdf,official_scope_expanded_on_valid_2018_hts_universe
us_301_list3_2018,Section 301 List 3,850730,2018-09-24,us_301_list3_2018:8507.30.40=8507.30.40,1,,https://www.govinfo.gov/content/pkg/FR-2018-09-21/pdf/FR-2018-09-21.pdf,official_scope_expanded_on_valid_2018_hts_universe
us_301_list3_2018,Section 301 List 3,850740,2018-09-24,us_301_list3_2018:8507.40.40=8507.40.40|us_301_list3_2018:8507.40.80=8507.40.80,2,,https://www.govinfo.gov/content/pkg/FR-2018-09-21/pdf/FR-2018-09-21.pdf,official_scope_expanded_on_valid_2018_hts_universe
us_301_list3_2018,Section 301 List 3,850750,2018-09-24,us_301_list3_2018:8507.50.00=8507.50.00,1,,https://www.govinfo.gov/content/pkg/FR-2018-09-21/pdf/FR-2018-09-21.pdf,official_scope_expanded_on_valid_2018_hts_universe
us_301_list3_2018,Section 301 List 3,850811,2018-09-24,us_301_list3_2018:8508.11.00=8508.11.00,1,,https://www.govinfo.gov/content/pkg/FR-2018-09-21/pdf/FR-2018-09-21.pdf,official_scope_expanded_on_valid_2018_hts_universe
us_301_list3_2018,Section 301 List 3,850819,2018-09-24,us_301_list3_2018:8508.19.00=8508.19.00,1,,https://www.govinfo.gov/content/pkg/FR-2018-09-21/pdf/FR-2018-09-21.pdf,official_scope_expanded_on_valid_2018_hts_universe
us_301_list3_2018,Section 301 List 3,850860,2018-09-24,us_301_list3_2018:8508.60.00=8508.60.00,1,,https://www.govinfo.gov/content/pkg/FR-2018-09-21/pdf/FR-2018-09-21.pdf,official_scope_expanded_on_valid_2018_hts_universe
us_301_list3_2018,Section 301 List 3,850870,2018-09-24,us_301_list3_2018:8508.70.00=8508.70.00,1,,https://www.govinfo.gov/content/pkg/FR-2018-09-21/pdf/FR-2018-09-21.pdf,official_scope_expanded_on_valid_2018_hts_universe
us_301_list3_2018,Section 301 List 3,850980,2018-09-24,us_301_list3_2018:8509.80.20=8509.80.20,1,,https://www.govinfo.gov/content/pkg/FR-2018-09-21/pdf/FR-2018-09-21.pdf,official_scope_expanded_on_valid_2018_hts_universe
us_301_list3_2018,Section 301 List 3,850990,2018-09-24,us_301_list3_2018:8509.90.25=8509.90.25|us_301_list3_2018:8509.90.35=8509.90.35|us_301_list3_2018:8509.90.45=8509.90.45|us_301_list3_2018:8509.90.55=8509.90.55,4,,https://www.govinfo.gov/content/pkg/FR-2018-09-21/pdf/FR-2018-09-21.pdf,official_scope_expanded_on_valid_2018_hts_universe
us_301_list3_2018,Section 301 List 3,851020,2018-09-24,us_301_list3_2018:8510.20.10=8510.20.10|us_301_list3_2018:8510.20.90=8510.20.90,2,,https://www.govinfo.gov/content/pkg/FR-2018-09-21/pdf/FR-2018-09-21.pdf,official_scope_expanded_on_valid_2018_hts_universe
us_301_list3_2018,Section 301 List 3,851090,2018-09-24,us_301_list3_2018:8510.90.10=8510.90.10|us_301_list3_2018:8510.90.20=8510.90.20|us_301_list3_2018:8510.90.30=8510.90.30|us_301_list3_2018:8510.90.40=8510.90.40|us_301_list3_2018:8510.90.55=8510.90.55,5,,https://www.govinfo.gov/content/pkg/FR-2018-09-21/pdf/FR-2018-09-21.pdf,official_scope_expanded_on_valid_2018_hts_universe
us_301_list3_2018,Section 301 List 3,851110,2018-09-24,us_301_list3_2018:8511.10.00=8511.10.00,1,,https://www.govinfo.gov/content/pkg/FR-2018-09-21/pdf/FR-2018-09-21.pdf,official_scope_expanded_on_valid_2018_hts_universe
us_301_list3_2018,Section 301 List 3,851120,2018-09-24,us_301_list3_2018:8511.20.00=8511.20.00,1,,https://www.govinfo.gov/content/pkg/FR-2018-09-21/pdf/FR-2018-09-21.pdf,official_scope_expanded_on_valid_2018_hts_universe
us_301_list3_2018,Section 301 List 3,851130,2018-09-24,us_301_list3_2018:8511.30.00=8511.30.00,2,,https://www.govinfo.gov/content/pkg/FR-2018-09-21/pdf/FR-2018-09-21.pdf,official_scope_expanded_on_valid_2018_hts_universe
us_301_list3_2018,Section 301 List 3,851140,2018-09-24,us_301_list3_2018:8511.40.00=8511.40.00,1,,https://www.govinfo.gov/content/pkg/FR-2018-09-21/pdf/FR-2018-09-21.pdf,official_scope_expanded_on_valid_2018_hts_universe
us_301_list3_2018,Section 301 List 3,851150,2018-09-24,us_301_list3_2018:8511.50.00=8511.50.00,1,,https://www.govinfo.gov/content/pkg/FR-2018-09-21/pdf/FR-2018-09-21.pdf,official_scope_expanded_on_valid_2018_hts_universe
us_301_list3_2018,Section 301 List 3,851180,2018-09-24,us_301_list3_2018:8511.80.60=8511.80.60,1,,https://www.govinfo.gov/content/pkg/FR-2018-09-21/pdf/FR-2018-09-21.pdf,official_scope_expanded_on_valid_2018_hts_universe
us_301_list3_2018,Section 301 List 3,851190,2018-09-24,us_301_list3_2018:8511.90.60=8511.90.60,2,,https://www.govinfo.gov/content/pkg/FR-2018-09-21/pdf/FR-2018-09-21.pdf,official_scope_expanded_on_valid_2018_hts_universe
us_301_list3_2018,Section 301 List 3,851220,2018-09-24,us_301_list3_2018:8512.20.20=8512.20.20|us_301_list3_2018:8512.20.40=8512.20.40,4,,https://www.govinfo.gov/content/pkg/FR-2018-09-21/pdf/FR-2018-09-21.pdf,official_scope_expanded_on_valid_2018_hts_universe
us_301_list3_2018,Section 301 List 3,851230,2018-09-24,us_301_list3_2018:8512.30.00=8512.30.00,3,,https://www.govinfo.gov/content/pkg/FR-2018-09-21/pdf/FR-2018-09-21.pdf,official_scope_expanded_on_valid_2018_hts_universe
us_301_list3_2018,Section 301 List 3,851240,2018-09-24,us_301_list3_2018:8512.40.20=8512.40.20|us_301_list3_2018:8512.40.40=8512.40.40,2,,https://www.govinfo.gov/content/pkg/FR-2018-09-21/pdf/FR-2018-09-21.pdf,official_scope_expanded_on_valid_2018_hts_universe
us_301_list3_2018,Section 301 List 3,851290,2018-09-24,us_301_list3_2018:8512.90.20=8512.90.20|us_301_list3_2018:8512.90.40=8512.90.40|us_301_list3_2018:8512.90.60=8512.90.60|us_301_list3_2018:8512.90.70=8512.90.70|us_301_list3_2018:8512.90.90=8512.90.90,5,,https://www.govinfo.gov/content/pkg/FR-2018-09-21/pdf/FR-2018-09-21.pdf,official_scope_expanded_on_valid_2018_hts_universe
us_301_list3_2018,Section 301 List 3,851390,2018-09-24,us_301_list3_2018:8513.90.20=8513.90.20|us_301_list3_2018:8513.90.40=8513.90.40,2,,https://www.govinfo.gov/content/pkg/FR-2018-09-21/pdf/FR-2018-09-21.pdf,official_scope_expanded_on_valid_2018_hts_universe
us_301_list3_2018,Section 301 List 3,851420,2018-09-24,us_301_list3_2018:8514.20.40=8514.20.40,1,,https://www.govinfo.gov/content/pkg/FR-2018-09-21/pdf/FR-2018-09-21.pdf,official_scope_expanded_on_valid_2018_hts_universe
us_301_list3_2018,Section 301 List 3,851490,2018-09-24,us_301_list3_2018:8514.90.40=8514.90.40,1,,https://www.govinfo.gov/content/pkg/FR-2018-09-21/pdf/FR-2018-09-21.pdf,official_scope_expanded_on_valid_2018_hts_universe
us_301_list3_2018,Section 301 List 3,851621,2018-09-24,us_301_list3_2018:8516.21.00=8516.21.00,1,,https://www.govinfo.gov/content/pkg/FR-2018-09-21/pdf/FR-2018-09-21.pdf,official_scope_expanded_on_valid_2018_hts_universe
us_301_list3_2018,Section 301 List 3,851629,2018-09-24,us_301_list3_2018:8516.29.00=8516.29.00,3,,https://www.govinfo.gov/content/pkg/FR-2018-09-21/pdf/FR-2018-09-21.pdf,official_scope_expanded_on_valid_2018_hts_universe
us_301_list3_2018,Section 301 List 3,851660,2018-09-24,us_301_list3_2018:8516.60.40=8516.60.40,6,,https://www.govinfo.gov/content/pkg/FR-2018-09-21/pdf/FR-2018-09-21.pdf,official_scope_expanded_on_valid_2018_hts_universe
us_301_list3_2018,Section 301 List 3,851680,2018-09-24,us_301_list3_2018:8516.80.40=8516.80.40|us_301_list3_2018:8516.80.80=8516.80.80,2,,https://www.govinfo.gov/content/pkg/FR-2018-09-21/pdf/FR-2018-09-21.pdf,official_scope_expanded_on_valid_2018_hts_universe
us_301_list3_2018,Section 301 List 3,851690,2018-09-24,us_301_list3_2018:8516.90.05=8516.90.05|us_301_list3_2018:8516.90.15=8516.90.15|us_301_list3_2018:8516.90.25=8516.90.25|us_301_list3_2018:8516.90.35=8516.90.35|us_301_list3_2018:8516.90.45=8516.90.45|us_301_list3_2018:8516.90.50=8516.90.50|us_301_list3_2018:8516.90.55=8516.90.55|us_301_list3_2018:8516.90.65=8516.90.65|us_301_list3_2018:8516.90.75=8516.90.75|us_301_list3_2018:8516.90.80=8516.90.80|us_301_list3_2018:8516.90.85=8516.90.85|us_301_list3_2018:8516.90.90=8516.90.90,13,,https://www.govinfo.gov/content/pkg/FR-2018-09-21/pdf/FR-2018-09-21.pdf,official_scope_expanded_on_valid_2018_hts_universe
us_301_list3_2018,Section 301 List 3,851762,2018-09-24,us_301_list3_2018:8517.62.00=8517.62.00,4,,https://www.govinfo.gov/content/pkg/FR-2018-09-21/pdf/FR-2018-09-21.pdf,official_scope_expanded_on_valid_2018_hts_universe
us_301_list3_2018,Section 301 List 3,851769,2018-09-24,us_301_list3_2018:8517.69.00=8517.69.00,1,,https://www.govinfo.gov/content/pkg/FR-2018-09-21/pdf/FR-2018-09-21.pdf,official_scope_expanded_on_valid_2018_hts_universe
us_301_list3_2018,Section 301 List 3,851810,2018-09-24,us_301_list3_2018:8518.10.40=8518.10.40,1,,https://www.govinfo.gov/content/pkg/FR-2018-09-21/pdf/FR-2018-09-21.pdf,official_scope_expanded_on_valid_2018_hts_universe
us_301_list3_2018,Section 301 List 3,851840,2018-09-24,us_301_list3_2018:8518.40.10=8518.40.10|us_301_list3_2018:8518.40.20=8518.40.20,2,,https://www.govinfo.gov/content/pkg/FR-2018-09-21/pdf/FR-2018-09-21.pdf,official_scope_expanded_on_valid_2018_hts_universe
us_301_list3_2018,Section 301 List 3,851850,2018-09-24,us_301_list3_2018:8518.50.00=8518.50.00,1,,https://www.govinfo.gov/content/pkg/FR-2018-09-21/pdf/FR-2018-09-21.pdf,official_scope_expanded_on_valid_2018_hts_universe
us_301_list3_2018,Section 301 List 3,851890,2018-09-24,us_301_list3_2018:8518.90.20=8518.90.20|us_301_list3_2018:8518.90.41=8518.90.41|us_301_list3_2018:8518.90.60=8518.90.60|us_301_list3_2018:8518.90.81=8518.90.81,4,,https://www.govinfo.gov/content/pkg/FR-2018-09-21/pdf/FR-2018-09-21.pdf,official_scope_expanded_on_valid_2018_hts_universe
us_301_list3_2018,Section 301 List 3,851981,2018-09-24,us_301_list3_2018:8519.81.30=8519.81.30,2,,https://www.govinfo.gov/content/pkg/FR-2018-09-21/pdf/FR-2018-09-21.pdf,official_scope_expanded_on_valid_2018_hts_universe
us_301_list3_2018,Section 301 List 3,852210,2018-09-24,us_301_list3_2018:8522.10.00=8522.10.00,1,,https://www.govinfo.gov/content/pkg/FR-2018-09-21/pdf/FR-2018-09-21.pdf,official_scope_expanded_on_valid_2018_hts_universe
us_301_list3_2018,Section 301 List 3,852290,2018-09-24,us_301_list3_2018:8522.90.25=8522.90.25|us_301_list3_2018:8522.90.36=8522.90.36|us_301_list3_2018:8522.90.45=8522.90.45|us_301_list3_2018:8522.90.58=8522.90.58|us_301_list3_2018:8522.90.65=8522.90.65|us_301_list3_2018:8522.90.80=8522.90.80,8,,https://www.govinfo.gov/content/pkg/FR-2018-09-21/pdf/FR-2018-09-21.pdf,official_scope_expanded_on_valid_2018_hts_universe
us_301_list3_2018,Section 301 List 3,852321,2018-09-24,us_301_list3_2018:8523.21.00=8523.21.00,1,,https://www.govinfo.gov/content/pkg/FR-2018-09-21/pdf/FR-2018-09-21.pdf,official_scope_expanded_on_valid_2018_hts_universe
us_301_list3_2018,Section 301 List 3,852349,2018-09-24,us_301_list3_2018:8523.49.40=8523.49.40,1,,https://www.govinfo.gov/content/pkg/FR-2018-09-21/pdf/FR-2018-09-21.pdf,official_scope_expanded_on_valid_2018_hts_universe
us_301_list3_2018,Section 301 List 3,852352,2018-09-24,us_301_list3_2018:8523.52.00=8523.52.00,2,,https://www.govinfo.gov/content/pkg/FR-2018-09-21/pdf/FR-2018-09-21.pdf,official_scope_expanded_on_valid_2018_hts_universe
us_301_list3_2018,Section 301 List 3,852359,2018-09-24,us_301_list3_2018:8523.59.00=8523.59.00,1,,https://www.govinfo.gov/content/pkg/FR-2018-09-21/pdf/FR-2018-09-21.pdf,official_scope_expanded_on_valid_2018_hts_universe
us_301_list3_2018,Section 301 List 3,852550,2018-09-24,us_301_list3_2018:8525.50.30=8525.50.30,3,,https://www.govinfo.gov/content/pkg/FR-2018-09-21/pdf/FR-2018-09-21.pdf,official_scope_expanded_on_valid_2018_hts_universe
us_301_list3_2018,Section 301 List 3,852580,2018-09-24,us_301_list3_2018:8525.80.30=8525.80.30|us_301_list3_2018:8525.80.50=8525.80.50,5,,https://www.govinfo.gov/content/pkg/FR-2018-09-21/pdf/FR-2018-09-21.pdf,official_scope_expanded_on_valid_2018_hts_universe
us_301_list3_2018,Section 301 List 3,852721,2018-09-24,us_301_list3_2018:8527.21.15=8527.21.15|us_301_list3_2018:8527.21.25=8527.21.25|us_301_list3_2018:8527.21.40=8527.21.40,5,,https://www.govinfo.gov/content/pkg/FR-2018-09-21/pdf/FR-2018-09-21.pdf,official_scope_expanded_on_valid_2018_hts_universe
us_301_list3_2018,Section 301 List 3,852729,2018-09-24,us_301_list3_2018:8527.29.40=8527.29.40|us_301_list3_2018:8527.29.80=8527.29.80,2,,https://www.govinfo.gov/content/pkg/FR-2018-09-21/pdf/FR-2018-09-21.pdf,official_scope_expanded_on_valid_2018_hts_universe
us_301_list3_2018,Section 301 List 3,852842,2018-09-24,us_301_list3_2018:8528.42.00=8528.42.00,1,,https://www.govinfo.gov/content/pkg/FR-2018-09-21/pdf/FR-2018-09-21.pdf,official_scope_expanded_on_valid_2018_hts_universe
us_301_list3_2018,Section 301 List 3,852849,2018-09-24,us_301_list3_2018:8528.49.15=8528.49.15|us_301_list3_2018:8528.49.20=8528.49.20|us_301_list3_2018:8528.49.35=8528.49.35|us_301_list3_2018:8528.49.45=8528.49.45|us_301_list3_2018:8528.49.60=8528.49.60|us_301_list3_2018:8528.49.80=8528.49.80,6,,https://www.govinfo.gov/content/pkg/FR-2018-09-21/pdf/FR-2018-09-21.pdf,official_scope_expanded_on_valid_2018_hts_universe
us_301_list3_2018,Section 301 List 3,852859,2018-09-24,us_301_list3_2018:8528.59.05=8528.59.05|us_301_list3_2018:8528.59.10=8528.59.10,2,,https://www.govinfo.gov/content/pkg/FR-2018-09-21/pdf/FR-2018-09-21.pdf,official_scope_expanded_on_valid_2018_hts_universe
us_301_list3_2018,Section 301 List 3,852869,2018-09-24,us_301_list3_2018:8528.69.05=8528.69.05|us_301_list3_2018:8528.69.10=8528.69.10|us_301_list3_2018:8528.69.20=8528.69.20|us_301_list3_2018:8528.69.30=8528.69.30,4,,https://www.govinfo.gov/content/pkg/FR-2018-09-21/pdf/FR-2018-09-21.pdf,official_scope_expanded_on_valid_2018_hts_universe
us_301_list3_2018,Section 301 List 3,852872,2018-09-24,us_301_list3_2018:8528.72.04=8528.72.04|us_301_list3_2018:8528.72.12=8528.72.12|us_301_list3_2018:8528.72.20=8528.72.20|us_301_list3_2018:8528.72.24=8528.72.24|us_301_list3_2018:8528.72.28=8528.72.28|us_301_list3_2018:8528.72.36=8528.72.36|us_301_list3_2018:8528.72.40=8528.72.40|us_301_list3_2018:8528.72.44=8528.72.44,8,,https://www.govinfo.gov/content/pkg/FR-2018-09-21/pdf/FR-2018-09-21.pdf,official_scope_expanded_on_valid_2018_hts_universe
us_301_list3_2018,Section 301 List 3,852873,2018-09-24,us_301_list3_2018:8528.73.00=8528.73.00,1,,https://www.govinfo.gov/content/pkg/FR-2018-09-21/pdf/FR-2018-09-21.pdf,official_scope_expanded_on_valid_2018_hts_universe
us_301_list3_2018,Section 301 List 3,852910,2018-09-24,us_301_list3_2018:8529.10.21=8529.10.21,3,,https://www.govinfo.gov/content/pkg/FR-2018-09-21/pdf/FR-2018-09-21.pdf,official_scope_expanded_on_valid_2018_hts_universe
us_301_list3_2018,Section 301 List 3,852990,2018-09-24,us_301_list3_2018:8529.90.04=8529.90.04|us_301_list3_2018:8529.90.36=8529.90.36|us_301_list3_2018:8529.90.39=8529.90.39|us_301_list3_2018:8529.90.43=8529.90.43|us_301_list3_2018:8529.90.49=8529.90.49|us_301_list3_2018:8529.90.54=8529.90.54|us_301_list3_2018:8529.90.75=8529.90.75|us_301_list3_2018:8529.90.86=8529.90.86|us_301_list3_2018:8529.90.88=8529.90.88,9,,https://www.govinfo.gov/content/pkg/FR-2018-09-21/pdf/FR-2018-09-21.pdf,official_scope_expanded_on_valid_2018_hts_universe
us_301_list3_2018,Section 301 List 3,853110,2018-09-24,us_301_list3_2018:8531.10.00=8531.10.00,4,,https://www.govinfo.gov/content/pkg/FR-2018-09-21/pdf/FR-2018-09-21.pdf,official_scope_expanded_on_valid_2018_hts_universe
us_301_list3_2018,Section 301 List 3,853120,2018-09-24,us_301_list3_2018:8531.20.00=8531.20.00,2,,https://www.govinfo.gov/content/pkg/FR-2018-09-21/pdf/FR-2018-09-21.pdf,official_scope_expanded_on_valid_2018_hts_universe
us_301_list3_2018,Section 301 List 3,853190,2018-09-24,us_301_list3_2018:8531.90.15=8531.90.15|us_301_list3_2018:8531.90.30=8531.90.30|us_301_list3_2018:8531.90.75=8531.90.75|us_301_list3_2018:8531.90.90=8531.90.90,4,,https://www.govinfo.gov/content/pkg/FR-2018-09-21/pdf/FR-2018-09-21.pdf,official_scope_expanded_on_valid_2018_hts_universe
us_301_list3_2018,Section 301 List 3,853339,2018-09-24,us_301_list3_2018:8533.39.00=8533.39.00,2,,https://www.govinfo.gov/content/pkg/FR-2018-09-21/pdf/FR-2018-09-21.pdf,official_scope_expanded_on_valid_2018_hts_universe
us_301_list3_2018,Section 301 List 3,853400,2018-09-24,us_301_list3_2018:8534.00.00=8534.00.00,7,,https://www.govinfo.gov/content/pkg/FR-2018-09-21/pdf/FR-2018-09-21.pdf,official_scope_expanded_on_valid_2018_hts_universe
us_301_list3_2018,Section 301 List 3,853540,2018-09-24,us_301_list3_2018:8535.40.00=8535.40.00,1,,https://www.govinfo.gov/content/pkg/FR-2018-09-21/pdf/FR-2018-09-21.pdf,official_scope_expanded_on_valid_2018_hts_universe
us_301_list3_2018,Section 301 List 3,853661,2018-09-24,us_301_list3_2018:8536.61.00=8536.61.00,1,,https://www.govinfo.gov/content/pkg/FR-2018-09-21/pdf/FR-2018-09-21.pdf,official_scope_expanded_on_valid_2018_hts_universe
us_301_list3_2018,Section 301 List 3,853669,2018-09-24,us_301_list3_2018:8536.69.80=8536.69.80,1,,https://www.govinfo.gov/content/pkg/FR-2018-09-21/pdf/FR-2018-09-21.pdf,official_scope_expanded_on_valid_2018_hts_universe
us_301_list3_2018,Section 301 List 3,853710,2018-09-24,us_301_list3_2018:8537.10.91=8537.10.91,5,,https://www.govinfo.gov/content/pkg/FR-2018-09-21/pdf/FR-2018-09-21.pdf,official_scope_expanded_on_valid_2018_hts_universe
us_301_list3_2018,Section 301 List 3,853890,2018-09-24,us_301_list3_2018:8538.90.10=8538.90.10|us_301_list3_2018:8538.90.30=8538.90.30,2,,https://www.govinfo.gov/content/pkg/FR-2018-09-21/pdf/FR-2018-09-21.pdf,official_scope_expanded_on_valid_2018_hts_universe
us_301_list3_2018,Section 301 List 3,853910,2018-09-24,us_301_list3_2018:8539.10.00=8539.10.00,4,,https://www.govinfo.gov/content/pkg/FR-2018-09-21/pdf/FR-2018-09-21.pdf,official_scope_expanded_on_valid_2018_hts_universe
us_301_list3_2018,Section 301 List 3,853921,2018-09-24,us_301_list3_2018:8539.21.20=8539.21.20|us_301_list3_2018:8539.21.40=8539.21.40,4,,https://www.govinfo.gov/content/pkg/FR-2018-09-21/pdf/FR-2018-09-21.pdf,official_scope_expanded_on_valid_2018_hts_universe
us_301_list3_2018,Section 301 List 3,853931,2018-09-24,us_301_list3_2018:8539.31.00=8539.31.00,4,,https://www.govinfo.gov/content/pkg/FR-2018-09-21/pdf/FR-2018-09-21.pdf,official_scope_expanded_on_valid_2018_hts_universe
us_301_list3_2018,Section 301 List 3,853932,2018-09-24,us_301_list3_2018:8539.32.00=8539.32.00,3,,https://www.govinfo.gov/content/pkg/FR-2018-09-21/pdf/FR-2018-09-21.pdf,official_scope_expanded_on_valid_2018_hts_universe
us_301_list3_2018,Section 301 List 3,853939,2018-09-24,us_301_list3_2018:8539.39.10=8539.39.10|us_301_list3_2018:8539.39.90=8539.39.90,2,,https://www.govinfo.gov/content/pkg/FR-2018-09-21/pdf/FR-2018-09-21.pdf,official_scope_expanded_on_valid_2018_hts_universe
us_301_list3_2018,Section 301 List 3,853949,2018-09-24,us_301_list3_2018:8539.49.00=8539.49.00,2,,https://www.govinfo.gov/content/pkg/FR-2018-09-21/pdf/FR-2018-09-21.pdf,official_scope_expanded_on_valid_2018_hts_universe
us_301_list3_2018,Section 301 List 3,854011,2018-09-24,us_301_list3_2018:8540.11.10=8540.11.10|us_301_list3_2018:8540.11.24=8540.11.24|us_301_list3_2018:8540.11.28=8540.11.28|us_301_list3_2018:8540.11.30=8540.11.30|us_301_list3_2018:8540.11.44=8540.11.44|us_301_list3_2018:8540.11.48=8540.11.48|us_301_list3_2018:8540.11.50=8540.11.50,11,,https://www.govinfo.gov/content/pkg/FR-2018-09-21/pdf/FR-2018-09-21.pdf,official_scope_expanded_on_valid_2018_hts_universe
us_301_list3_2018,Section 301 List 3,854012,2018-09-24,us_301_list3_2018:8540.12.10=8540.12.10|us_301_list3_2018:8540.12.20=8540.12.20|us_301_list3_2018:8540.12.50=8540.12.50|us_301_list3_2018:8540.12.70=8540.12.70,5,,https://www.govinfo.gov/content/pkg/FR-2018-09-21/pdf/FR-2018-09-21.pdf,official_scope_expanded_on_valid_2018_hts_universe
us_301_list3_2018,Section 301 List 3,854020,2018-09-24,us_301_list3_2018:8540.20.20=8540.20.20|us_301_list3_2018:8540.20.40=8540.20.40,3,,https://www.govinfo.gov/content/pkg/FR-2018-09-21/pdf/FR-2018-09-21.pdf,official_scope_expanded_on_valid_2018_hts_universe
us_301_list3_2018,Section 301 List 3,854040,2018-09-24,us_301_list3_2018:8540.40.10=8540.40.10,2,,https://www.govinfo.gov/content/pkg/FR-2018-09-21/pdf/FR-2018-09-21.pdf,official_scope_expanded_on_valid_2018_hts_universe
us_301_list3_2018,Section 301 List 3,854060,2018-09-24,us_301_list3_2018:8540.60.00=8540.60.00,3,,https://www.govinfo.gov/content/pkg/FR-2018-09-21/pdf/FR-2018-09-21.pdf,official_scope_expanded_on_valid_2018_hts_universe
us_301_list3_2018,Section 301 List 3,854071,2018-09-24,us_301_list3_2018:8540.71.20=8540.71.20|us_301_list3_2018:8540.71.40=8540.71.40,2,,https://www.govinfo.gov/content/pkg/FR-2018-09-21/pdf/FR-2018-09-21.pdf,official_scope_expanded_on_valid_2018_hts_universe
us_301_list3_2018,Section 301 List 3,854081,2018-09-24,us_301_list3_2018:8540.81.00=8540.81.00,1,,https://www.govinfo.gov/content/pkg/FR-2018-09-21/pdf/FR-2018-09-21.pdf,official_scope_expanded_on_valid_2018_hts_universe
us_301_list3_2018,Section 301 List 3,854091,2018-09-24,us_301_list3_2018:8540.91.15=8540.91.15|us_301_list3_2018:8540.91.20=8540.91.20|us_301_list3_2018:8540.91.50=8540.91.50,3,,https://www.govinfo.gov/content/pkg/FR-2018-09-21/pdf/FR-2018-09-21.pdf,official_scope_expanded_on_valid_2018_hts_universe
us_301_list3_2018,Section 301 List 3,854099,2018-09-24,us_301_list3_2018:8540.99.40=8540.99.40|us_301_list3_2018:8540.99.80=8540.99.80,2,,https://www.govinfo.gov/content/pkg/FR-2018-09-21/pdf/FR-2018-09-21.pdf,official_scope_expanded_on_valid_2018_hts_universe
us_301_list3_2018,Section 301 List 3,854370,2018-09-24,us_301_list3_2018:8543.70.71=8543.70.71|us_301_list3_2018:8543.70.85=8543.70.85|us_301_list3_2018:8543.70.91=8543.70.91,3,,https://www.govinfo.gov/content/pkg/FR-2018-09-21/pdf/FR-2018-09-21.pdf,official_scope_expanded_on_valid_2018_hts_universe
us_301_list3_2018,Section 301 List 3,854390,2018-09-24,us_301_list3_2018:8543.90.85=8543.90.85|us_301_list3_2018:8543.90.88=8543.90.88,5,,https://www.govinfo.gov/content/pkg/FR-2018-09-21/pdf/FR-2018-09-21.pdf,official_scope_expanded_on_valid_2018_hts_universe
us_301_list3_2018,Section 301 List 3,854420,2018-09-24,us_301_list3_2018:8544.20.00=8544.20.00,1,,https://www.govinfo.gov/content/pkg/FR-2018-09-21/pdf/FR-2018-09-21.pdf,official_scope_expanded_on_valid_2018_hts_universe
us_301_list3_2018,Section 301 List 3,854442,2018-09-24,us_301_list3_2018:8544.42.10=8544.42.10|us_301_list3_2018:8544.42.20=8544.42.20|us_301_list3_2018:8544.42.90=8544.42.90,4,,https://www.govinfo.gov/content/pkg/FR-2018-09-21/pdf/FR-2018-09-21.pdf,official_scope_expanded_on_valid_2018_hts_universe
us_301_list3_2018,Section 301 List 3,854511,2018-09-24,us_301_list3_2018:8545.11.00=8545.11.00,3,,https://www.govinfo.gov/content/pkg/FR-2018-09-21/pdf/FR-2018-09-21.pdf,official_scope_expanded_on_valid_2018_hts_universe
us_301_list3_2018,Section 301 List 3,854519,2018-09-24,us_301_list3_2018:8545.19.20=8545.19.20|us_301_list3_2018:8545.19.40=8545.19.40,2,,https://www.govinfo.gov/content/pkg/FR-2018-09-21/pdf/FR-2018-09-21.pdf,official_scope_expanded_on_valid_2018_hts_universe
us_301_list3_2018,Section 301 List 3,854520,2018-09-24,us_301_list3_2018:8545.20.00=8545.20.00,1,,https://www.govinfo.gov/content/pkg/FR-2018-09-21/pdf/FR-2018-09-21.pdf,official_scope_expanded_on_valid_2018_hts_universe
us_301_list3_2018,Section 301 List 3,854590,2018-09-24,us_301_list3_2018:8545.90.20=8545.90.20|us_301_list3_2018:8545.90.40=8545.90.40,2,,https://www.govinfo.gov/content/pkg/FR-2018-09-21/pdf/FR-2018-09-21.pdf,official_scope_expanded_on_valid_2018_hts_universe
us_301_list3_2018,Section 301 List 3,854610,2018-09-24,us_301_list3_2018:8546.10.00=8546.10.00,1,,https://www.govinfo.gov/content/pkg/FR-2018-09-21/pdf/FR-2018-09-21.pdf,official_scope_expanded_on_valid_2018_hts_universe
us_301_list3_2018,Section 301 List 3,854620,2018-09-24,us_301_list3_2018:8546.20.00=8546.20.00,3,,https://www.govinfo.gov/content/pkg/FR-2018-09-21/pdf/FR-2018-09-21.pdf,official_scope_expanded_on_valid_2018_hts_universe
us_301_list3_2018,Section 301 List 3,854690,2018-09-24,us_301_list3_2018:8546.90.00=8546.90.00,1,,https://www.govinfo.gov/content/pkg/FR-2018-09-21/pdf/FR-2018-09-21.pdf,official_scope_expanded_on_valid_2018_hts_universe
us_301_list3_2018,Section 301 List 3,854710,2018-09-24,us_301_list3_2018:8547.10.40=8547.10.40|us_301_list3_2018:8547.10.80=8547.10.80,2,,https://www.govinfo.gov/content/pkg/FR-2018-09-21/pdf/FR-2018-09-21.pdf,official_scope_expanded_on_valid_2018_hts_universe
us_301_list3_2018,Section 301 List 3,854720,2018-09-24,us_301_list3_2018:8547.20.00=8547.20.00,1,,https://www.govinfo.gov/content/pkg/FR-2018-09-21/pdf/FR-2018-09-21.pdf,official_scope_expanded_on_valid_2018_hts_universe
us_301_list3_2018,Section 301 List 3,854790,2018-09-24,us_301_list3_2018:8547.90.00=8547.90.00,4,,https://www.govinfo.gov/content/pkg/FR-2018-09-21/pdf/FR-2018-09-21.pdf,official_scope_expanded_on_valid_2018_hts_universe
us_301_list3_2018,Section 301 List 3,854890,2018-09-24,us_301_list3_2018:8548.90.01=8548.90.01,1,,https://www.govinfo.gov/content/pkg/FR-2018-09-21/pdf/FR-2018-09-21.pdf,official_scope_expanded_on_valid_2018_hts_universe
us_301_list3_2018,Section 301 List 3,860290,2018-09-24,us_301_list3_2018:8602.90.00=8602.90.00,1,,https://www.govinfo.gov/content/pkg/FR-2018-09-21/pdf/FR-2018-09-21.pdf,official_scope_expanded_on_valid_2018_hts_universe
us_301_list3_2018,Section 301 List 3,870600,2018-09-24,us_301_list3_2018:8706.00.03=8706.00.03|us_301_list3_2018:8706.00.05=8706.00.05|us_301_list3_2018:8706.00.15=8706.00.15|us_301_list3_2018:8706.00.50=8706.00.50,7,,https://www.govinfo.gov/content/pkg/FR-2018-09-21/pdf/FR-2018-09-21.pdf,official_scope_expanded_on_valid_2018_hts_universe
us_301_list3_2018,Section 301 List 3,870710,2018-09-24,us_301_list3_2018:8707.10.00=8707.10.00,2,,https://www.govinfo.gov/content/pkg/FR-2018-09-21/pdf/FR-2018-09-21.pdf,official_scope_expanded_on_valid_2018_hts_universe
us_301_list3_2018,Section 301 List 3,870790,2018-09-24,us_301_list3_2018:8707.90.10=8707.90.10|us_301_list3_2018:8707.90.50=8707.90.50,6,,https://www.govinfo.gov/content/pkg/FR-2018-09-21/pdf/FR-2018-09-21.pdf,official_scope_expanded_on_valid_2018_hts_universe
us_301_list3_2018,Section 301 List 3,870810,2018-09-24,us_301_list3_2018:8708.10.30=8708.10.30|us_301_list3_2018:8708.10.60=8708.10.60,4,,https://www.govinfo.gov/content/pkg/FR-2018-09-21/pdf/FR-2018-09-21.pdf,official_scope_expanded_on_valid_2018_hts_universe
us_301_list3_2018,Section 301 List 3,870821,2018-09-24,us_301_list3_2018:8708.21.00=8708.21.00,1,,https://www.govinfo.gov/content/pkg/FR-2018-09-21/pdf/FR-2018-09-21.pdf,official_scope_expanded_on_valid_2018_hts_universe
us_301_list3_2018,Section 301 List 3,870829,2018-09-24,us_301_list3_2018:8708.29.15=8708.29.15|us_301_list3_2018:8708.29.21=8708.29.21|us_301_list3_2018:8708.29.25=8708.29.25|us_301_list3_2018:8708.29.50=8708.29.50,6,,https://www.govinfo.gov/content/pkg/FR-2018-09-21/pdf/FR-2018-09-21.pdf,official_scope_expanded_on_valid_2018_hts_universe
us_301_list3_2018,Section 301 List 3,870830,2018-09-24,us_301_list3_2018:8708.30.10=8708.30.10|us_301_list3_2018:8708.30.50=8708.30.50,6,,https://www.govinfo.gov/content/pkg/FR-2018-09-21/pdf/FR-2018-09-21.pdf,official_scope_expanded_on_valid_2018_hts_universe
us_301_list3_2018,Section 301 List 3,870840,2018-09-24,us_301_list3_2018:8708.40.11=8708.40.11|us_301_list3_2018:8708.40.30=8708.40.30|us_301_list3_2018:8708.40.50=8708.40.50|us_301_list3_2018:8708.40.60=8708.40.60|us_301_list3_2018:8708.40.65=8708.40.65|us_301_list3_2018:8708.40.70=8708.40.70|us_301_list3_2018:8708.40.75=8708.40.75,9,,https://www.govinfo.gov/content/pkg/FR-2018-09-21/pdf/FR-2018-09-21.pdf,official_scope_expanded_on_valid_2018_hts_universe
us_301_list3_2018,Section 301 List 3,870850,2018-09-24,us_301_list3_2018:8708.50.11=8708.50.11|us_301_list3_2018:8708.50.31=8708.50.31|us_301_list3_2018:8708.50.51=8708.50.51|us_301_list3_2018:8708.50.61=8708.50.61|us_301_list3_2018:8708.50.65=8708.50.65|us_301_list3_2018:8708.50.70=8708.50.70|us_301_list3_2018:8708.50.75=8708.50.75|us_301_list3_2018:8708.50.79=8708.50.79|us_301_list3_2018:8708.50.81=8708.50.81|us_301_list3_2018:8708.50.85=8708.50.85|us_301_list3_2018:8708.50.89=8708.50.89|us_301_list3_2018:8708.50.91=8708.50.91|us_301_list3_2018:8708.50.93=8708.50.93|us_301_list3_2018:8708.50.95=8708.50.95|us_301_list3_2018:8708.50.99=8708.50.99,19,,https://www.govinfo.gov/content/pkg/FR-2018-09-21/pdf/FR-2018-09-21.pdf,official_scope_expanded_on_valid_2018_hts_universe
us_301_list3_2018,Section 301 List 3,870870,2018-09-24,us_301_list3_2018:8708.70.05=8708.70.05|us_301_list3_2018:8708.70.15=8708.70.15|us_301_list3_2018:8708.70.25=8708.70.25|us_301_list3_2018:8708.70.35=8708.70.35|us_301_list3_2018:8708.70.45=8708.70.45|us_301_list3_2018:8708.70.60=8708.70.60,10,,https://www.govinfo.gov/content/pkg/FR-2018-09-21/pdf/FR-2018-09-21.pdf,official_scope_expanded_on_valid_2018_hts_universe
us_301_list3_2018,Section 301 List 3,870880,2018-09-24,us_301_list3_2018:8708.80.03=8708.80.03|us_301_list3_2018:8708.80.05=8708.80.05|us_301_list3_2018:8708.80.13=8708.80.13|us_301_list3_2018:8708.80.16=8708.80.16|us_301_list3_2018:8708.80.51=8708.80.51|us_301_list3_2018:8708.80.55=8708.80.55|us_301_list3_2018:8708.80.60=8708.80.60|us_301_list3_2018:8708.80.65=8708.80.65,9,,https://www.govinfo.gov/content/pkg/FR-2018-09-21/pdf/FR-2018-09-21.pdf,official_scope_expanded_on_valid_2018_hts_universe
us_301_list3_2018,Section 301 List 3,870891,2018-09-24,us_301_list3_2018:8708.91.10=8708.91.10|us_301_list3_2018:8708.91.50=8708.91.50|us_301_list3_2018:8708.91.60=8708.91.60|us_301_list3_2018:8708.91.65=8708.91.65|us_301_list3_2018:8708.91.70=8708.91.70|us_301_list3_2018:8708.91.75=8708.91.75,7,,https://www.govinfo.gov/content/pkg/FR-2018-09-21/pdf/FR-2018-09-21.pdf,official_scope_expanded_on_valid_2018_hts_universe
us_301_list3_2018,Section 301 List 3,870892,2018-09-24,us_301_list3_2018:8708.92.10=8708.92.10|us_301_list3_2018:8708.92.50=8708.92.50|us_301_list3_2018:8708.92.60=8708.92.60|us_301_list3_2018:8708.92.65=8708.92.65|us_301_list3_2018:8708.92.70=8708.92.70|us_301_list3_2018:8708.92.75=8708.92.75,6,,https://www.govinfo.gov/content/pkg/FR-2018-09-21/pdf/FR-2018-09-21.pdf,official_scope_expanded_on_valid_2018_hts_universe
us_301_list3_2018,Section 301 List 3,870893,2018-09-24,us_301_list3_2018:8708.93.15=8708.93.15|us_301_list3_2018:8708.93.30=8708.93.30|us_301_list3_2018:8708.93.60=8708.93.60|us_301_list3_2018:8708.93.75=8708.93.75,4,,https://www.govinfo.gov/content/pkg/FR-2018-09-21/pdf/FR-2018-09-21.pdf,official_scope_expanded_on_valid_2018_hts_universe
us_301_list3_2018,Section 301 List 3,870894,2018-09-24,us_301_list3_2018:8708.94.10=8708.94.10|us_301_list3_2018:8708.94.50=8708.94.50|us_301_list3_2018:8708.94.60=8708.94.60|us_301_list3_2018:8708.94.65=8708.94.65|us_301_list3_2018:8708.94.70=8708.94.70|us_301_list3_2018:8708.94.75=8708.94.75,7,,https://www.govinfo.gov/content/pkg/FR-2018-09-21/pdf/FR-2018-09-21.pdf,official_scope_expanded_on_valid_2018_hts_universe
us_301_list3_2018,Section 301 List 3,870895,2018-09-24,us_301_list3_2018:8708.95.05=8708.95.05|us_301_list3_2018:8708.95.10=8708.95.10|us_301_list3_2018:8708.95.15=8708.95.15|us_301_list3_2018:8708.95.20=8708.95.20,4,,https://www.govinfo.gov/content/pkg/FR-2018-09-21/pdf/FR-2018-09-21.pdf,official_scope_expanded_on_valid_2018_hts_universe
us_301_list3_2018,Section 301 List 3,870899,2018-09-24,us_301_list3_2018:8708.99.03=8708.99.03|us_301_list3_2018:8708.99.06=8708.99.06|us_301_list3_2018:8708.99.16=8708.99.16|us_301_list3_2018:8708.99.23=8708.99.23|us_301_list3_2018:8708.99.27=8708.99.27|us_301_list3_2018:8708.99.31=8708.99.31|us_301_list3_2018:8708.99.41=8708.99.41|us_301_list3_2018:8708.99.48=8708.99.48|us_301_list3_2018:8708.99.53=8708.99.53|us_301_list3_2018:8708.99.55=8708.99.55|us_301_list3_2018:8708.99.58=8708.99.58|us_301_list3_2018:8708.99.68=8708.99.68|us_301_list3_2018:8708.99.81=8708.99.81,21,,https://www.govinfo.gov/content/pkg/FR-2018-09-21/pdf/FR-2018-09-21.pdf,official_scope_expanded_on_valid_2018_hts_universe
us_301_list3_2018,Section 301 List 3,871200,2018-09-24,us_301_list3_2018:8712.00.15=8712.00.15|us_301_list3_2018:8712.00.25=8712.00.25|us_301_list3_2018:8712.00.35=8712.00.35|us_301_list3_2018:8712.00.44=8712.00.44|us_301_list3_2018:8712.00.48=8712.00.48|us_301_list3_2018:8712.00.50=8712.00.50,8,,https://www.govinfo.gov/content/pkg/FR-2018-09-21/pdf/FR-2018-09-21.pdf,official_scope_expanded_on_valid_2018_hts_universe
us_301_list3_2018,Section 301 List 3,871491,2018-09-24,us_301_list3_2018:8714.91.20=8714.91.20|us_301_list3_2018:8714.91.30=8714.91.30|us_301_list3_2018:8714.91.50=8714.91.50|us_301_list3_2018:8714.91.90=8714.91.90,4,,https://www.govinfo.gov/content/pkg/FR-2018-09-21/pdf/FR-2018-09-21.pdf,official_scope_expanded_on_valid_2018_hts_universe
us_301_list3_2018,Section 301 List 3,871492,2018-09-24,us_301_list3_2018:8714.92.10=8714.92.10|us_301_list3_2018:8714.92.50=8714.92.50,2,,https://www.govinfo.gov/content/pkg/FR-2018-09-21/pdf/FR-2018-09-21.pdf,official_scope_expanded_on_valid_2018_hts_universe
us_301_list3_2018,Section 301 List 3,871493,2018-09-24,us_301_list3_2018:8714.93.05=8714.93.05|us_301_list3_2018:8714.93.15=8714.93.15|us_301_list3_2018:8714.93.24=8714.93.24|us_301_list3_2018:8714.93.28=8714.93.28|us_301_list3_2018:8714.93.35=8714.93.35|us_301_list3_2018:8714.93.70=8714.93.70,7,,https://www.govinfo.gov/content/pkg/FR-2018-09-21/pdf/FR-2018-09-21.pdf,official_scope_expanded_on_valid_2018_hts_universe
us_301_list3_2018,Section 301 List 3,871494,2018-09-24,us_301_list3_2018:8714.94.30=8714.94.30|us_301_list3_2018:8714.94.90=8714.94.90,6,,https://www.govinfo.gov/content/pkg/FR-2018-09-21/pdf/FR-2018-09-21.pdf,official_scope_expanded_on_valid_2018_hts_universe
us_301_list3_2018,Section 301 List 3,871495,2018-09-24,us_301_list3_2018:8714.95.00=8714.95.00,1,,https://www.govinfo.gov/content/pkg/FR-2018-09-21/pdf/FR-2018-09-21.pdf,official_scope_expanded_on_valid_2018_hts_universe
us_301_list3_2018,Section 301 List 3,871496,2018-09-24,us_301_list3_2018:8714.96.10=8714.96.10|us_301_list3_2018:8714.96.50=8714.96.50|us_301_list3_2018:8714.96.90=8714.96.90,3,,https://www.govinfo.gov/content/pkg/FR-2018-09-21/pdf/FR-2018-09-21.pdf,official_scope_expanded_on_valid_2018_hts_universe
us_301_list3_2018,Section 301 List 3,871610,2018-09-24,us_301_list3_2018:8716.10.00=8716.10.00,2,,https://www.govinfo.gov/content/pkg/FR-2018-09-21/pdf/FR-2018-09-21.pdf,official_scope_expanded_on_valid_2018_hts_universe
us_301_list3_2018,Section 301 List 3,871620,2018-09-24,us_301_list3_2018:8716.20.00=8716.20.00,1,,https://www.govinfo.gov/content/pkg/FR-2018-09-21/pdf/FR-2018-09-21.pdf,official_scope_expanded_on_valid_2018_hts_universe
us_301_list3_2018,Section 301 List 3,871631,2018-09-24,us_301_list3_2018:8716.31.00=8716.31.00,1,,https://www.govinfo.gov/content/pkg/FR-2018-09-21/pdf/FR-2018-09-21.pdf,official_scope_expanded_on_valid_2018_hts_universe
us_301_list3_2018,Section 301 List 3,871639,2018-09-24,us_301_list3_2018:8716.39.00=8716.39.00,6,,https://www.govinfo.gov/content/pkg/FR-2018-09-21/pdf/FR-2018-09-21.pdf,official_scope_expanded_on_valid_2018_hts_universe
us_301_list3_2018,Section 301 List 3,871640,2018-09-24,us_301_list3_2018:8716.40.00=8716.40.00,1,,https://www.govinfo.gov/content/pkg/FR-2018-09-21/pdf/FR-2018-09-21.pdf,official_scope_expanded_on_valid_2018_hts_universe
us_301_list3_2018,Section 301 List 3,871680,2018-09-24,us_301_list3_2018:8716.80.10=8716.80.10|us_301_list3_2018:8716.80.50=8716.80.50,4,,https://www.govinfo.gov/content/pkg/FR-2018-09-21/pdf/FR-2018-09-21.pdf,official_scope_expanded_on_valid_2018_hts_universe
us_301_list3_2018,Section 301 List 3,871690,2018-09-24,us_301_list3_2018:8716.90.10=8716.90.10|us_301_list3_2018:8716.90.30=8716.90.30|us_301_list3_2018:8716.90.50=8716.90.50,10,,https://www.govinfo.gov/content/pkg/FR-2018-09-21/pdf/FR-2018-09-21.pdf,official_scope_expanded_on_valid_2018_hts_universe
us_301_list3_2018,Section 301 List 3,880400,2018-09-24,us_301_list3_2018:8804.00.00=8804.00.00,1,,https://www.govinfo.gov/content/pkg/FR-2018-09-21/pdf/FR-2018-09-21.pdf,official_scope_expanded_on_valid_2018_hts_universe
us_301_list3_2018,Section 301 List 3,890310,2018-09-24,us_301_list3_2018:8903.10.00=8903.10.00,3,,https://www.govinfo.gov/content/pkg/FR-2018-09-21/pdf/FR-2018-09-21.pdf,official_scope_expanded_on_valid_2018_hts_universe
us_301_list3_2018,Section 301 List 3,890391,2018-09-24,us_301_list3_2018:8903.91.00=8903.91.00,6,,https://www.govinfo.gov/content/pkg/FR-2018-09-21/pdf/FR-2018-09-21.pdf,official_scope_expanded_on_valid_2018_hts_universe
us_301_list3_2018,Section 301 List 3,890392,2018-09-24,us_301_list3_2018:8903.92.00=8903.92.00,6,,https://www.govinfo.gov/content/pkg/FR-2018-09-21/pdf/FR-2018-09-21.pdf,official_scope_expanded_on_valid_2018_hts_universe
us_301_list3_2018,Section 301 List 3,890399,2018-09-24,us_301_list3_2018:8903.99.05=8903.99.05|us_301_list3_2018:8903.99.15=8903.99.15|us_301_list3_2018:8903.99.20=8903.99.20|us_301_list3_2018:8903.99.90=8903.99.90,8,,https://www.govinfo.gov/content/pkg/FR-2018-09-21/pdf/FR-2018-09-21.pdf,official_scope_expanded_on_valid_2018_hts_universe
us_301_list3_2018,Section 301 List 3,890710,2018-09-24,us_301_list3_2018:8907.10.00=8907.10.00,1,,https://www.govinfo.gov/content/pkg/FR-2018-09-21/pdf/FR-2018-09-21.pdf,official_scope_expanded_on_valid_2018_hts_universe
us_301_list3_2018,Section 301 List 3,900190,2018-09-24,us_301_list3_2018:9001.90.40=9001.90.40|us_301_list3_2018:9001.90.50=9001.90.50|us_301_list3_2018:9001.90.60=9001.90.60|us_301_list3_2018:9001.90.80=9001.90.80|us_301_list3_2018:9001.90.90=9001.90.90,5,,https://www.govinfo.gov/content/pkg/FR-2018-09-21/pdf/FR-2018-09-21.pdf,official_scope_expanded_on_valid_2018_hts_universe
us_301_list3_2018,Section 301 List 3,900211,2018-09-24,us_301_list3_2018:9002.11.40=9002.11.40|us_301_list3_2018:9002.11.60=9002.11.60|us_301_list3_2018:9002.11.90=9002.11.90,3,,https://www.govinfo.gov/content/pkg/FR-2018-09-21/pdf/FR-2018-09-21.pdf,official_scope_expanded_on_valid_2018_hts_universe
us_301_list3_2018,Section 301 List 3,900219,2018-09-24,us_301_list3_2018:9002.19.00=9002.19.00,1,,https://www.govinfo.gov/content/pkg/FR-2018-09-21/pdf/FR-2018-09-21.pdf,official_scope_expanded_on_valid_2018_hts_universe
us_301_list3_2018,Section 301 List 3,900220,2018-09-24,us_301_list3_2018:9002.20.40=9002.20.40|us_301_list3_2018:9002.20.80=9002.20.80,2,,https://www.govinfo.gov/content/pkg/FR-2018-09-21/pdf/FR-2018-09-21.pdf,official_scope_expanded_on_valid_2018_hts_universe
us_301_list3_2018,Section 301 List 3,900290,2018-09-24,us_301_list3_2018:9002.90.85=9002.90.85,1,,https://www.govinfo.gov/content/pkg/FR-2018-09-21/pdf/FR-2018-09-21.pdf,official_scope_expanded_on_valid_2018_hts_universe
us_301_list3_2018,Section 301 List 3,900630,2018-09-24,us_301_list3_2018:9006.30.00=9006.30.00,1,,https://www.govinfo.gov/content/pkg/FR-2018-09-21/pdf/FR-2018-09-21.pdf,official_scope_expanded_on_valid_2018_hts_universe
us_301_list3_2018,Section 301 List 3,900710,2018-09-24,us_301_list3_2018:9007.10.00=9007.10.00,1,,https://www.govinfo.gov/content/pkg/FR-2018-09-21/pdf/FR-2018-09-21.pdf,official_scope_expanded_on_valid_2018_hts_universe
us_301_list3_2018,Section 301 List 3,900720,2018-09-24,us_301_list3_2018:9007.20.20=9007.20.20|us_301_list3_2018:9007.20.40=9007.20.40|us_301_list3_2018:9007.20.60=9007.20.60|us_301_list3_2018:9007.20.80=9007.20.80,5,,https://www.govinfo.gov/content/pkg/FR-2018-09-21/pdf/FR-2018-09-21.pdf,official_scope_expanded_on_valid_2018_hts_universe
us_301_list3_2018,Section 301 List 3,900792,2018-09-24,us_301_list3_2018:9007.92.00=9007.92.00,1,,https://www.govinfo.gov/content/pkg/FR-2018-09-21/pdf/FR-2018-09-21.pdf,official_scope_expanded_on_valid_2018_hts_universe
us_301_list3_2018,Section 301 List 3,900850,2018-09-24,us_301_list3_2018:9008.50.50=9008.50.50,1,,https://www.govinfo.gov/content/pkg/FR-2018-09-21/pdf/FR-2018-09-21.pdf,official_scope_expanded_on_valid_2018_hts_universe
us_301_list3_2018,Section 301 List 3,900890,2018-09-24,us_301_list3_2018:9008.90.40=9008.90.40|us_301_list3_2018:9008.90.80=9008.90.80,2,,https://www.govinfo.gov/content/pkg/FR-2018-09-21/pdf/FR-2018-09-21.pdf,official_scope_expanded_on_valid_2018_hts_universe
us_301_list3_2018,Section 301 List 3,901010,2018-09-24,us_301_list3_2018:9010.10.00=9010.10.00,1,,https://www.govinfo.gov/content/pkg/FR-2018-09-21/pdf/FR-2018-09-21.pdf,official_scope_expanded_on_valid_2018_hts_universe
us_301_list3_2018,Section 301 List 3,901050,2018-09-24,us_301_list3_2018:9010.50.10=9010.50.10|us_301_list3_2018:9010.50.20=9010.50.20|us_301_list3_2018:9010.50.30=9010.50.30|us_301_list3_2018:9010.50.40=9010.50.40|us_301_list3_2018:9010.50.50=9010.50.50|us_301_list3_2018:9010.50.60=9010.50.60,6,,https://www.govinfo.gov/content/pkg/FR-2018-09-21/pdf/FR-2018-09-21.pdf,official_scope_expanded_on_valid_2018_hts_universe
us_301_list3_2018,Section 301 List 3,901060,2018-09-24,us_301_list3_2018:9010.60.00=9010.60.00,1,,https://www.govinfo.gov/content/pkg/FR-2018-09-21/pdf/FR-2018-09-21.pdf,official_scope_expanded_on_valid_2018_hts_universe
us_301_list3_2018,Section 301 List 3,901090,2018-09-24,us_301_list3_2018:9010.90.85=9010.90.85|us_301_list3_2018:9010.90.95=9010.90.95,2,,https://www.govinfo.gov/content/pkg/FR-2018-09-21/pdf/FR-2018-09-21.pdf,official_scope_expanded_on_valid_2018_hts_universe
us_301_list3_2018,Section 301 List 3,901120,2018-09-24,us_301_list3_2018:9011.20.80=9011.20.80,1,,https://www.govinfo.gov/content/pkg/FR-2018-09-21/pdf/FR-2018-09-21.pdf,official_scope_expanded_on_valid_2018_hts_universe
us_301_list3_2018,Section 301 List 3,901180,2018-09-24,us_301_list3_2018:9011.80.00=9011.80.00,1,,https://www.govinfo.gov/content/pkg/FR-2018-09-21/pdf/FR-2018-09-21.pdf,official_scope_expanded_on_valid_2018_hts_universe
us_301_list3_2018,Section 301 List 3,901310,2018-09-24,us_301_list3_2018:9013.10.30=9013.10.30,1,,https://www.govinfo.gov/content/pkg/FR-2018-09-21/pdf/FR-2018-09-21.pdf,official_scope_expanded_on_valid_2018_hts_universe
us_301_list3_2018,Section 301 List 3,901380,2018-09-24,us_301_list3_2018:9013.80.20=9013.80.20|us_301_list3_2018:9013.80.40=9013.80.40,2,,https://www.govinfo.gov/content/pkg/FR-2018-09-21/pdf/FR-2018-09-21.pdf,official_scope_expanded_on_valid_2018_hts_universe
us_301_list3_2018,Section 301 List 3,901390,2018-09-24,us_301_list3_2018:9013.90.50=9013.90.50|us_301_list3_2018:9013.90.70=9013.90.70|us_301_list3_2018:9013.90.80=9013.90.80,3,,https://www.govinfo.gov/content/pkg/FR-2018-09-21/pdf/FR-2018-09-21.pdf,official_scope_expanded_on_valid_2018_hts_universe
us_301_list3_2018,Section 301 List 3,901410,2018-09-24,us_301_list3_2018:9014.10.10=9014.10.10,1,,https://www.govinfo.gov/content/pkg/FR-2018-09-21/pdf/FR-2018-09-21.pdf,official_scope_expanded_on_valid_2018_hts_universe
us_301_list3_2018,Section 301 List 3,901510,2018-09-24,us_301_list3_2018:9015.10.40=9015.10.40,1,,https://www.govinfo.gov/content/pkg/FR-2018-09-21/pdf/FR-2018-09-21.pdf,official_scope_expanded_on_valid_2018_hts_universe
us_301_list3_2018,Section 301 List 3,901530,2018-09-24,us_301_list3_2018:9015.30.40=9015.30.40|us_301_list3_2018:9015.30.80=9015.30.80,2,,https://www.govinfo.gov/content/pkg/FR-2018-09-21/pdf/FR-2018-09-21.pdf,official_scope_expanded_on_valid_2018_hts_universe
us_301_list3_2018,Section 301 List 3,901590,2018-09-24,us_301_list3_2018:9015.90.01=9015.90.01,7,,https://www.govinfo.gov/content/pkg/FR-2018-09-21/pdf/FR-2018-09-21.pdf,official_scope_expanded_on_valid_2018_hts_universe
us_301_list3_2018,Section 301 List 3,901600,2018-09-24,us_301_list3_2018:9016.00.20=9016.00.20|us_301_list3_2018:9016.00.40=9016.00.40|us_301_list3_2018:9016.00.60=9016.00.60,3,,https://www.govinfo.gov/content/pkg/FR-2018-09-21/pdf/FR-2018-09-21.pdf,official_scope_expanded_on_valid_2018_hts_universe
us_301_list3_2018,Section 301 List 3,901710,2018-09-24,us_301_list3_2018:9017.10.40=9017.10.40|us_301_list3_2018:9017.10.80=9017.10.80,2,,https://www.govinfo.gov/content/pkg/FR-2018-09-21/pdf/FR-2018-09-21.pdf,official_scope_expanded_on_valid_2018_hts_universe
us_301_list3_2018,Section 301 List 3,901720,2018-09-24,us_301_list3_2018:9017.20.40=9017.20.40|us_301_list3_2018:9017.20.70=9017.20.70|us_301_list3_2018:9017.20.80=9017.20.80,4,,https://www.govinfo.gov/content/pkg/FR-2018-09-21/pdf/FR-2018-09-21.pdf,official_scope_expanded_on_valid_2018_hts_universe
us_301_list3_2018,Section 301 List 3,901730,2018-09-24,us_301_list3_2018:9017.30.40=9017.30.40|us_301_list3_2018:9017.30.80=9017.30.80,2,,https://www.govinfo.gov/content/pkg/FR-2018-09-21/pdf/FR-2018-09-21.pdf,official_scope_expanded_on_valid_2018_hts_universe
us_301_list3_2018,Section 301 List 3,901780,2018-09-24,us_301_list3_2018:9017.80.00=9017.80.00,1,,https://www.govinfo.gov/content/pkg/FR-2018-09-21/pdf/FR-2018-09-21.pdf,official_scope_expanded_on_valid_2018_hts_universe
us_301_list3_2018,Section 301 List 3,901790,2018-09-24,us_301_list3_2018:9017.90.01=9017.90.01,8,,https://www.govinfo.gov/content/pkg/FR-2018-09-21/pdf/FR-2018-09-21.pdf,official_scope_expanded_on_valid_2018_hts_universe
us_301_list3_2018,Section 301 List 3,902580,2018-09-24,us_301_list3_2018:9025.80.20=9025.80.20,1,,https://www.govinfo.gov/content/pkg/FR-2018-09-21/pdf/FR-2018-09-21.pdf,official_scope_expanded_on_valid_2018_hts_universe
us_301_list3_2018,Section 301 List 3,902590,2018-09-24,us_301_list3_2018:9025.90.06=9025.90.06,1,,https://www.govinfo.gov/content/pkg/FR-2018-09-21/pdf/FR-2018-09-21.pdf,official_scope_expanded_on_valid_2018_hts_universe
us_301_list3_2018,Section 301 List 3,902680,2018-09-24,us_301_list3_2018:9026.80.40=9026.80.40,1,,https://www.govinfo.gov/content/pkg/FR-2018-09-21/pdf/FR-2018-09-21.pdf,official_scope_expanded_on_valid_2018_hts_universe
us_301_list3_2018,Section 301 List 3,902710,2018-09-24,us_301_list3_2018:9027.10.40=9027.10.40|us_301_list3_2018:9027.10.60=9027.10.60,2,,https://www.govinfo.gov/content/pkg/FR-2018-09-21/pdf/FR-2018-09-21.pdf,official_scope_expanded_on_valid_2018_hts_universe
us_301_list3_2018,Section 301 List 3,902790,2018-09-24,us_301_list3_2018:9027.90.68=9027.90.68,1,,https://www.govinfo.gov/content/pkg/FR-2018-09-21/pdf/FR-2018-09-21.pdf,official_scope_expanded_on_valid_2018_hts_universe
us_301_list3_2018,Section 301 List 3,902910,2018-09-24,us_301_list3_2018:9029.10.40=9029.10.40|us_301_list3_2018:9029.10.80=9029.10.80,2,,https://www.govinfo.gov/content/pkg/FR-2018-09-21/pdf/FR-2018-09-21.pdf,official_scope_expanded_on_valid_2018_hts_universe
us_301_list3_2018,Section 301 List 3,902920,2018-09-24,us_301_list3_2018:9029.20.20=9029.20.20|us_301_list3_2018:9029.20.60=9029.20.60,2,,https://www.govinfo.gov/content/pkg/FR-2018-09-21/pdf/FR-2018-09-21.pdf,official_scope_expanded_on_valid_2018_hts_universe
us_301_list3_2018,Section 301 List 3,902990,2018-09-24,us_301_list3_2018:9029.90.20=9029.90.20|us_301_list3_2018:9029.90.40=9029.90.40,2,,https://www.govinfo.gov/content/pkg/FR-2018-09-21/pdf/FR-2018-09-21.pdf,official_scope_expanded_on_valid_2018_hts_universe
us_301_list3_2018,Section 301 List 3,903020,2018-09-24,us_301_list3_2018:9030.20.10=9030.20.10,1,,https://www.govinfo.gov/content/pkg/FR-2018-09-21/pdf/FR-2018-09-21.pdf,official_scope_expanded_on_valid_2018_hts_universe
us_301_list3_2018,Section 301 List 3,903190,2018-09-24,us_301_list3_2018:9031.90.45=9031.90.45,1,,https://www.govinfo.gov/content/pkg/FR-2018-09-21/pdf/FR-2018-09-21.pdf,official_scope_expanded_on_valid_2018_hts_universe
us_301_list3_2018,Section 301 List 3,910400,2018-09-24,us_301_list3_2018:9104.00.05=9104.00.05|us_301_list3_2018:9104.00.10=9104.00.10|us_301_list3_2018:9104.00.20=9104.00.20|us_301_list3_2018:9104.00.25=9104.00.25|us_301_list3_2018:9104.00.30=9104.00.30|us_301_list3_2018:9104.00.40=9104.00.40|us_301_list3_2018:9104.00.45=9104.00.45|us_301_list3_2018:9104.00.50=9104.00.50,15,,https://www.govinfo.gov/content/pkg/FR-2018-09-21/pdf/FR-2018-09-21.pdf,official_scope_expanded_on_valid_2018_hts_universe
us_301_list3_2018,Section 301 List 3,910610,2018-09-24,us_301_list3_2018:9106.10.00=9106.10.00,1,,https://www.govinfo.gov/content/pkg/FR-2018-09-21/pdf/FR-2018-09-21.pdf,official_scope_expanded_on_valid_2018_hts_universe
us_301_list3_2018,Section 301 List 3,910690,2018-09-24,us_301_list3_2018:9106.90.20=9106.90.20|us_301_list3_2018:9106.90.40=9106.90.40|us_301_list3_2018:9106.90.55=9106.90.55|us_301_list3_2018:9106.90.65=9106.90.65|us_301_list3_2018:9106.90.75=9106.90.75|us_301_list3_2018:9106.90.85=9106.90.85,7,,https://www.govinfo.gov/content/pkg/FR-2018-09-21/pdf/FR-2018-09-21.pdf,official_scope_expanded_on_valid_2018_hts_universe
us_301_list3_2018,Section 301 List 3,910700,2018-09-24,us_301_list3_2018:9107.00.40=9107.00.40|us_301_list3_2018:9107.00.80=9107.00.80,3,,https://www.govinfo.gov/content/pkg/FR-2018-09-21/pdf/FR-2018-09-21.pdf,official_scope_expanded_on_valid_2018_hts_universe
us_301_list3_2018,Section 301 List 3,940120,2018-09-24,us_301_list3_2018:9401.20.00=9401.20.00,1,,https://www.govinfo.gov/content/pkg/FR-2018-09-21/pdf/FR-2018-09-21.pdf,official_scope_expanded_on_valid_2018_hts_universe
us_301_list3_2018,Section 301 List 3,940130,2018-09-24,us_301_list3_2018:9401.30.40=9401.30.40|us_301_list3_2018:9401.30.80=9401.30.80,3,,https://www.govinfo.gov/content/pkg/FR-2018-09-21/pdf/FR-2018-09-21.pdf,official_scope_expanded_on_valid_2018_hts_universe
us_301_list3_2018,Section 301 List 3,940140,2018-09-24,us_301_list3_2018:9401.40.00=9401.40.00,1,,https://www.govinfo.gov/content/pkg/FR-2018-09-21/pdf/FR-2018-09-21.pdf,official_scope_expanded_on_valid_2018_hts_universe
us_301_list3_2018,Section 301 List 3,940152,2018-09-24,us_301_list3_2018:9401.52.00=9401.52.00,1,,https://www.govinfo.gov/content/pkg/FR-2018-09-21/pdf/FR-2018-09-21.pdf,official_scope_expanded_on_valid_2018_hts_universe
us_301_list3_2018,Section 301 List 3,940153,2018-09-24,us_301_list3_2018:9401.53.00=9401.53.00,1,,https://www.govinfo.gov/content/pkg/FR-2018-09-21/pdf/FR-2018-09-21.pdf,official_scope_expanded_on_valid_2018_hts_universe
us_301_list3_2018,Section 301 List 3,940159,2018-09-24,us_301_list3_2018:9401.59.00=9401.59.00,1,,https://www.govinfo.gov/content/pkg/FR-2018-09-21/pdf/FR-2018-09-21.pdf,official_scope_expanded_on_valid_2018_hts_universe
us_301_list3_2018,Section 301 List 3,940161,2018-09-24,us_301_list3_2018:9401.61.20=9401.61.20|us_301_list3_2018:9401.61.40=9401.61.40|us_301_list3_2018:9401.61.60=9401.61.60,9,,https://www.govinfo.gov/content/pkg/FR-2018-09-21/pdf/FR-2018-09-21.pdf,official_scope_expanded_on_valid_2018_hts_universe
us_301_list3_2018,Section 301 List 3,940169,2018-09-24,us_301_list3_2018:9401.69.20=9401.69.20|us_301_list3_2018:9401.69.40=9401.69.40|us_301_list3_2018:9401.69.60=9401.69.60|us_301_list3_2018:9401.69.80=9401.69.80,11,,https://www.govinfo.gov/content/pkg/FR-2018-09-21/pdf/FR-2018-09-21.pdf,official_scope_expanded_on_valid_2018_hts_universe
us_301_list3_2018,Section 301 List 3,940171,2018-09-24,us_301_list3_2018:9401.71.00=9401.71.00,7,,https://www.govinfo.gov/content/pkg/FR-2018-09-21/pdf/FR-2018-09-21.pdf,official_scope_expanded_on_valid_2018_hts_universe
us_301_list3_2018,Section 301 List 3,940179,2018-09-24,us_301_list3_2018:9401.79.00=9401.79.00,11,,https://www.govinfo.gov/content/pkg/FR-2018-09-21/pdf/FR-2018-09-21.pdf,official_scope_expanded_on_valid_2018_hts_universe
us_301_list3_2018,Section 301 List 3,940180,2018-09-24,us_301_list3_2018:9401.80.20=9401.80.20|us_301_list3_2018:9401.80.40=9401.80.40|us_301_list3_2018:9401.80.60=9401.80.60,17,,https://www.govinfo.gov/content/pkg/FR-2018-09-21/pdf/FR-2018-09-21.pdf,official_scope_expanded_on_valid_2018_hts_universe
us_301_list3_2018,Section 301 List 3,940190,2018-09-24,us_301_list3_2018:9401.90.35=9401.90.35|us_301_list3_2018:9401.90.40=9401.90.40|us_301_list3_2018:9401.90.50=9401.90.50,7,,https://www.govinfo.gov/content/pkg/FR-2018-09-21/pdf/FR-2018-09-21.pdf,official_scope_expanded_on_valid_2018_hts_universe
us_301_list3_2018,Section 301 List 3,940310,2018-09-24,us_301_list3_2018:9403.10.00=9403.10.00,2,,https://www.govinfo.gov/content/pkg/FR-2018-09-21/pdf/FR-2018-09-21.pdf,official_scope_expanded_on_valid_2018_hts_universe
us_301_list3_2018,Section 301 List 3,940320,2018-09-24,us_301_list3_2018:9403.20.00=9403.20.00,10,,https://www.govinfo.gov/content/pkg/FR-2018-09-21/pdf/FR-2018-09-21.pdf,official_scope_expanded_on_valid_2018_hts_universe
us_301_list3_2018,Section 301 List 3,940330,2018-09-24,us_301_list3_2018:9403.30.40=9403.30.40|us_301_list3_2018:9403.30.80=9403.30.80,2,,https://www.govinfo.gov/content/pkg/FR-2018-09-21/pdf/FR-2018-09-21.pdf,official_scope_expanded_on_valid_2018_hts_universe
us_301_list3_2018,Section 301 List 3,940340,2018-09-24,us_301_list3_2018:9403.40.40=9403.40.40|us_301_list3_2018:9403.40.60=9403.40.60|us_301_list3_2018:9403.40.90=9403.40.90,5,,https://www.govinfo.gov/content/pkg/FR-2018-09-21/pdf/FR-2018-09-21.pdf,official_scope_expanded_on_valid_2018_hts_universe
us_301_list3_2018,Section 301 List 3,940350,2018-09-24,us_301_list3_2018:9403.50.40=9403.50.40|us_301_list3_2018:9403.50.60=9403.50.60|us_301_list3_2018:9403.50.90=9403.50.90,6,,https://www.govinfo.gov/content/pkg/FR-2018-09-21/pdf/FR-2018-09-21.pdf,official_scope_expanded_on_valid_2018_hts_universe
us_301_list3_2018,Section 301 List 3,940360,2018-09-24,us_301_list3_2018:9403.60.40=9403.60.40|us_301_list3_2018:9403.60.80=9403.60.80,4,,https://www.govinfo.gov/content/pkg/FR-2018-09-21/pdf/FR-2018-09-21.pdf,official_scope_expanded_on_valid_2018_hts_universe
us_301_list3_2018,Section 301 List 3,940370,2018-09-24,us_301_list3_2018:9403.70.40=9403.70.40|us_301_list3_2018:9403.70.80=9403.70.80,12,,https://www.govinfo.gov/content/pkg/FR-2018-09-21/pdf/FR-2018-09-21.pdf,official_scope_expanded_on_valid_2018_hts_universe
us_301_list3_2018,Section 301 List 3,940382,2018-09-24,us_301_list3_2018:9403.82.00=9403.82.00,4,,https://www.govinfo.gov/content/pkg/FR-2018-09-21/pdf/FR-2018-09-21.pdf,official_scope_expanded_on_valid_2018_hts_universe
us_301_list3_2018,Section 301 List 3,940383,2018-09-24,us_301_list3_2018:9403.83.00=9403.83.00,4,,https://www.govinfo.gov/content/pkg/FR-2018-09-21/pdf/FR-2018-09-21.pdf,official_scope_expanded_on_valid_2018_hts_universe
us_301_list3_2018,Section 301 List 3,940389,2018-09-24,us_301_list3_2018:9403.89.30=9403.89.30|us_301_list3_2018:9403.89.60=9403.89.60,5,,https://www.govinfo.gov/content/pkg/FR-2018-09-21/pdf/FR-2018-09-21.pdf,official_scope_expanded_on_valid_2018_hts_universe
us_301_list3_2018,Section 301 List 3,940390,2018-09-24,us_301_list3_2018:9403.90.10=9403.90.10|us_301_list3_2018:9403.90.25=9403.90.25|us_301_list3_2018:9403.90.40=9403.90.40|us_301_list3_2018:9403.90.50=9403.90.50|us_301_list3_2018:9403.90.60=9403.90.60|us_301_list3_2018:9403.90.70=9403.90.70|us_301_list3_2018:9403.90.80=9403.90.80,23,,https://www.govinfo.gov/content/pkg/FR-2018-09-21/pdf/FR-2018-09-21.pdf,official_scope_expanded_on_valid_2018_hts_universe
us_301_list3_2018,Section 301 List 3,940410,2018-09-24,us_301_list3_2018:9404.10.00=9404.10.00,1,,https://www.govinfo.gov/content/pkg/FR-2018-09-21/pdf/FR-2018-09-21.pdf,official_scope_expanded_on_valid_2018_hts_universe
us_301_list3_2018,Section 301 List 3,940421,2018-09-24,us_301_list3_2018:9404.21.00=9404.21.00,3,,https://www.govinfo.gov/content/pkg/FR-2018-09-21/pdf/FR-2018-09-21.pdf,official_scope_expanded_on_valid_2018_hts_universe
us_301_list3_2018,Section 301 List 3,940429,2018-09-24,us_301_list3_2018:9404.29.10=9404.29.10|us_301_list3_2018:9404.29.90=9404.29.90,9,,https://www.govinfo.gov/content/pkg/FR-2018-09-21/pdf/FR-2018-09-21.pdf,official_scope_expanded_on_valid_2018_hts_universe
us_301_list3_2018,Section 301 List 3,940510,2018-09-24,us_301_list3_2018:9405.10.40=9405.10.40|us_301_list3_2018:9405.10.60=9405.10.60|us_301_list3_2018:9405.10.80=9405.10.80,6,,https://www.govinfo.gov/content/pkg/FR-2018-09-21/pdf/FR-2018-09-21.pdf,official_scope_expanded_on_valid_2018_hts_universe
us_301_list3_2018,Section 301 List 3,940520,2018-09-24,us_301_list3_2018:9405.20.40=9405.20.40|us_301_list3_2018:9405.20.60=9405.20.60|us_301_list3_2018:9405.20.80=9405.20.80,6,,https://www.govinfo.gov/content/pkg/FR-2018-09-21/pdf/FR-2018-09-21.pdf,official_scope_expanded_on_valid_2018_hts_universe
us_301_list3_2018,Section 301 List 3,940530,2018-09-24,us_301_list3_2018:9405.30.00=9405.30.00,2,,https://www.govinfo.gov/content/pkg/FR-2018-09-21/pdf/FR-2018-09-21.pdf,official_scope_expanded_on_valid_2018_hts_universe
us_301_list3_2018,Section 301 List 3,940540,2018-09-24,us_301_list3_2018:9405.40.40=9405.40.40|us_301_list3_2018:9405.40.60=9405.40.60|us_301_list3_2018:9405.40.82=9405.40.82|us_301_list3_2018:9405.40.84=9405.40.84,5,,https://www.govinfo.gov/content/pkg/FR-2018-09-21/pdf/FR-2018-09-21.pdf,official_scope_expanded_on_valid_2018_hts_universe
us_301_list3_2018,Section 301 List 3,940550,2018-09-24,us_301_list3_2018:9405.50.20=9405.50.20|us_301_list3_2018:9405.50.30=9405.50.30|us_301_list3_2018:9405.50.40=9405.50.40,3,,https://www.govinfo.gov/content/pkg/FR-2018-09-21/pdf/FR-2018-09-21.pdf,official_scope_expanded_on_valid_2018_hts_universe
us_301_list3_2018,Section 301 List 3,940560,2018-09-24,us_301_list3_2018:9405.60.20=9405.60.20|us_301_list3_2018:9405.60.40=9405.60.40|us_301_list3_2018:9405.60.60=9405.60.60,3,,https://www.govinfo.gov/content/pkg/FR-2018-09-21/pdf/FR-2018-09-21.pdf,official_scope_expanded_on_valid_2018_hts_universe
us_301_list3_2018,Section 301 List 3,940591,2018-09-24,us_301_list3_2018:9405.91.10=9405.91.10|us_301_list3_2018:9405.91.30=9405.91.30|us_301_list3_2018:9405.91.40=9405.91.40|us_301_list3_2018:9405.91.60=9405.91.60,5,,https://www.govinfo.gov/content/pkg/FR-2018-09-21/pdf/FR-2018-09-21.pdf,official_scope_expanded_on_valid_2018_hts_universe
us_301_list3_2018,Section 301 List 3,940592,2018-09-24,us_301_list3_2018:9405.92.00=9405.92.00,1,,https://www.govinfo.gov/content/pkg/FR-2018-09-21/pdf/FR-2018-09-21.pdf,official_scope_expanded_on_valid_2018_hts_universe
us_301_list3_2018,Section 301 List 3,940599,2018-09-24,us_301_list3_2018:9405.99.20=9405.99.20|us_301_list3_2018:9405.99.40=9405.99.40,4,,https://www.govinfo.gov/content/pkg/FR-2018-09-21/pdf/FR-2018-09-21.pdf,official_scope_expanded_on_valid_2018_hts_universe
us_301_list3_2018,Section 301 List 3,940610,2018-09-24,us_301_list3_2018:9406.10.00=9406.10.00,1,,https://www.govinfo.gov/content/pkg/FR-2018-09-21/pdf/FR-2018-09-21.pdf,official_scope_expanded_on_valid_2018_hts_universe
us_301_list3_2018,Section 301 List 3,940690,2018-09-24,us_301_list3_2018:9406.90.00=9406.90.00,5,,https://www.govinfo.gov/content/pkg/FR-2018-09-21/pdf/FR-2018-09-21.pdf,official_scope_expanded_on_valid_2018_hts_universe
us_301_list3_2018,Section 301 List 3,960610,2018-09-24,us_301_list3_2018:9606.10.40=9606.10.40|us_301_list3_2018:9606.10.80=9606.10.80,2,,https://www.govinfo.gov/content/pkg/FR-2018-09-21/pdf/FR-2018-09-21.pdf,official_scope_expanded_on_valid_2018_hts_universe
us_301_list3_2018,Section 301 List 3,960621,2018-09-24,us_301_list3_2018:9606.21.20=9606.21.20|us_301_list3_2018:9606.21.40=9606.21.40|us_301_list3_2018:9606.21.60=9606.21.60,3,,https://www.govinfo.gov/content/pkg/FR-2018-09-21/pdf/FR-2018-09-21.pdf,official_scope_expanded_on_valid_2018_hts_universe
us_301_list3_2018,Section 301 List 3,960622,2018-09-24,us_301_list3_2018:9606.22.00=9606.22.00,1,,https://www.govinfo.gov/content/pkg/FR-2018-09-21/pdf/FR-2018-09-21.pdf,official_scope_expanded_on_valid_2018_hts_universe
us_301_list3_2018,Section 301 List 3,960629,2018-09-24,us_301_list3_2018:9606.29.20=9606.29.20|us_301_list3_2018:9606.29.40=9606.29.40|us_301_list3_2018:9606.29.60=9606.29.60,3,,https://www.govinfo.gov/content/pkg/FR-2018-09-21/pdf/FR-2018-09-21.pdf,official_scope_expanded_on_valid_2018_hts_universe
us_301_list3_2018,Section 301 List 3,960630,2018-09-24,us_301_list3_2018:9606.30.40=9606.30.40|us_301_list3_2018:9606.30.80=9606.30.80,2,,https://www.govinfo.gov/content/pkg/FR-2018-09-21/pdf/FR-2018-09-21.pdf,official_scope_expanded_on_valid_2018_hts_universe
us_301_list3_2018,Section 301 List 3,960711,2018-09-24,us_301_list3_2018:9607.11.00=9607.11.00,1,,https://www.govinfo.gov/content/pkg/FR-2018-09-21/pdf/FR-2018-09-21.pdf,official_scope_expanded_on_valid_2018_hts_universe
us_301_list3_2018,Section 301 List 3,960719,2018-09-24,us_301_list3_2018:9607.19.00=9607.19.00,3,,https://www.govinfo.gov/content/pkg/FR-2018-09-21/pdf/FR-2018-09-21.pdf,official_scope_expanded_on_valid_2018_hts_universe
us_301_list3_2018,Section 301 List 3,960720,2018-09-24,us_301_list3_2018:9607.20.00=9607.20.00,2,,https://www.govinfo.gov/content/pkg/FR-2018-09-21/pdf/FR-2018-09-21.pdf,official_scope_expanded_on_valid_2018_hts_universe
us_301_list3_2018,Section 301 List 3,962000,2018-09-24,us_301_list3_2018:9620.00.10=9620.00.10|us_301_list3_2018:9620.00.15=9620.00.15|us_301_list3_2018:9620.00.20=9620.00.20|us_301_list3_2018:9620.00.25=9620.00.25|us_301_list3_2018:9620.00.30=9620.00.30|us_301_list3_2018:9620.00.50=9620.00.50|us_301_list3_2018:9620.00.55=9620.00.55|us_301_list3_2018:9620.00.60=9620.00.60|us_301_list3_2018:9620.00.65=9620.00.65|us_301_list3_2018:9620.00.70=9620.00.70,16,,https://www.govinfo.gov/content/pkg/FR-2018-09-21/pdf/FR-2018-09-21.pdf,official_scope_expanded_on_valid_2018_hts_universe
