hs6_2017,candidate_role,naics3_candidates,proposal_hts8_hits,proposal_overlap,review_status,candidate_removed,causal_adopted
010611,control_candidate,112,,False,no_overlap_with_april_proposal_only,False,False
030369,control_candidate,114,,False,no_overlap_with_april_proposal_only,False,False
030471,control_candidate,114,,False,no_overlap_with_april_proposal_only,False,False
030475,control_candidate,114,,False,no_overlap_with_april_proposal_only,False,False
050210,control_candidate,311,,False,no_overlap_with_april_proposal_only,False,False
050400,control_candidate,311,,False,no_overlap_with_april_proposal_only,False,False
050510,control_candidate,339,,False,no_overlap_with_april_proposal_only,False,False
060210,control_candidate,111,,False,no_overlap_with_april_proposal_only,False,False
060290,control_candidate,111,,False,no_overlap_with_april_proposal_only,False,False
060390,control_candidate,339,,False,no_overlap_with_april_proposal_only,False,False
060420,control_candidate,111|113,,False,no_overlap_with_april_proposal_only,False,False
060490,control_candidate,113|339,,False,no_overlap_with_april_proposal_only,False,False
090111,control_candidate,111,,False,no_overlap_with_april_proposal_only,False,False
090112,control_candidate,311,,False,no_overlap_with_april_proposal_only,False,False
090121,control_candidate,311,,False,no_overlap_with_april_proposal_only,False,False
090210,control_candidate,311,,False,no_overlap_with_april_proposal_only,False,False
090220,control_candidate,311,,False,no_overlap_with_april_proposal_only,False,False
090230,control_candidate,311,,False,no_overlap_with_april_proposal_only,False,False
090240,control_candidate,311,,False,no_overlap_with_april_proposal_only,False,False
090411,control_candidate,311,,False,no_overlap_with_april_proposal_only,False,False
090412,control_candidate,311,,False,no_overlap_with_april_proposal_only,False,False
090421,control_candidate,311,,False,no_overlap_with_april_proposal_only,False,False
090422,control_candidate,311,,False,no_overlap_with_april_proposal_only,False,False
090611,control_candidate,111,,False,no_overlap_with_april_proposal_only,False,False
090710,control_candidate,311,,False,no_overlap_with_april_proposal_only,False,False
090831,control_candidate,311,,False,no_overlap_with_april_proposal_only,False,False
090961,control_candidate,311,,False,no_overlap_with_april_proposal_only,False,False
091011,control_candidate,311,,False,no_overlap_with_april_proposal_only,False,False
091012,control_candidate,311,,False,no_overlap_with_april_proposal_only,False,False
091030,control_candidate,311,,False,no_overlap_with_april_proposal_only,False,False
091091,control_candidate,311,,False,no_overlap_with_april_proposal_only,False,False
091099,control_candidate,111|311,,False,no_overlap_with_april_proposal_only,False,False
130190,control_candidate,113,,False,no_overlap_with_april_proposal_only,False,False
130212,control_candidate,113,,False,no_overlap_with_april_proposal_only,False,False
130219,control_candidate,113|325,,False,no_overlap_with_april_proposal_only,False,False
130220,control_candidate,311,,False,no_overlap_with_april_proposal_only,False,False
130231,control_candidate,325,,False,no_overlap_with_april_proposal_only,False,False
130232,control_candidate,311,,False,no_overlap_with_april_proposal_only,False,False
130239,control_candidate,311,,False,no_overlap_with_april_proposal_only,False,False
140120,control_candidate,113,,False,no_overlap_with_april_proposal_only,False,False
150890,control_candidate,311,,False,no_overlap_with_april_proposal_only,False,False
151519,control_candidate,311,,False,no_overlap_with_april_proposal_only,False,False
151550,control_candidate,311,,False,no_overlap_with_april_proposal_only,False,False
151590,control_candidate,311,,False,no_overlap_with_april_proposal_only,False,False
151620,control_candidate,311,,False,no_overlap_with_april_proposal_only,False,False
151790,control_candidate,311,,False,no_overlap_with_april_proposal_only,False,False
151800,control_candidate,311,,False,no_overlap_with_april_proposal_only,False,False
152190,control_candidate,325,,False,no_overlap_with_april_proposal_only,False,False
170191,control_candidate,311,,False,no_overlap_with_april_proposal_only,False,False
170230,control_candidate,311,,False,no_overlap_with_april_proposal_only,False,False
170260,control_candidate,311,,False,no_overlap_with_april_proposal_only,False,False
170410,control_candidate,311,,False,no_overlap_with_april_proposal_only,False,False
180690,control_candidate,311,,False,no_overlap_with_april_proposal_only,False,False
190300,control_candidate,311,,False,no_overlap_with_april_proposal_only,False,False
190410,control_candidate,311,,False,no_overlap_with_april_proposal_only,False,False
190490,control_candidate,311,,False,no_overlap_with_april_proposal_only,False,False
190531,control_candidate,311,,False,no_overlap_with_april_proposal_only,False,False
190532,control_candidate,311,,False,no_overlap_with_april_proposal_only,False,False
190540,control_candidate,311,,False,no_overlap_with_april_proposal_only,False,False
210111,control_candidate,311,,False,no_overlap_with_april_proposal_only,False,False
210120,control_candidate,311,,False,no_overlap_with_april_proposal_only,False,False
210210,control_candidate,311,,False,no_overlap_with_april_proposal_only,False,False
210220,control_candidate,311,,False,no_overlap_with_april_proposal_only,False,False
210410,control_candidate,311,,False,no_overlap_with_april_proposal_only,False,False
210690,control_candidate,311|312|325,,False,no_overlap_with_april_proposal_only,False,False
220890,control_candidate,312,,False,no_overlap_with_april_proposal_only,False,False
250410,control_candidate,327,,False,no_overlap_with_april_proposal_only,False,False
250490,control_candidate,212,,False,no_overlap_with_april_proposal_only,False,False
251110,control_candidate,212|325,,False,no_overlap_with_april_proposal_only,False,False
251910,control_candidate,212,,False,no_overlap_with_april_proposal_only,False,False
251990,control_candidate,327,,False,no_overlap_with_april_proposal_only,False,False
252620,control_candidate,327,,False,no_overlap_with_april_proposal_only,False,False
260600,control_candidate,212,,False,no_overlap_with_april_proposal_only,False,False
271220,control_candidate,324,,False,no_overlap_with_april_proposal_only,False,False
280530,control_candidate,325,,False,no_overlap_with_april_proposal_only,False,False
281810,control_candidate,327,,False,no_overlap_with_april_proposal_only,False,False
281820,control_candidate,331,,False,no_overlap_with_april_proposal_only,False,False
282580,control_candidate,325,,False,no_overlap_with_april_proposal_only,False,False
284170,control_candidate,325,,False,no_overlap_with_april_proposal_only,False,False
284180,control_candidate,325,,False,no_overlap_with_april_proposal_only,False,False
284440,control_candidate,325,,False,no_overlap_with_april_proposal_only,False,False
284590,treated_candidate,325,28459000,True,proposal_exposure_present,False,False
284610,control_candidate,325,,False,no_overlap_with_april_proposal_only,False,False
284690,control_candidate,325,,False,no_overlap_with_april_proposal_only,False,False
284920,control_candidate,327,,False,no_overlap_with_april_proposal_only,False,False
290377,control_candidate,325,,False,no_overlap_with_april_proposal_only,False,False
290543,control_candidate,325,,False,no_overlap_with_april_proposal_only,False,False
290544,control_candidate,325,,False,no_overlap_with_april_proposal_only,False,False
291241,control_candidate,325,,False,no_overlap_with_april_proposal_only,False,False
291822,control_candidate,325,,False,no_overlap_with_april_proposal_only,False,False
292219,control_candidate,325,29221909|29221990|29221996,True,proposal_exposure_present,False,False
292241,control_candidate,325,,False,no_overlap_with_april_proposal_only,False,False
292250,control_candidate,325,29225013|29225014|29225017|29225019,True,proposal_exposure_present,False,False
293220,control_candidate,325,,False,no_overlap_with_april_proposal_only,False,False
293339,control_candidate,325,29333915,True,proposal_exposure_present,False,False
293349,control_candidate,325,,False,no_overlap_with_april_proposal_only,False,False
293359,control_candidate,325,,False,no_overlap_with_april_proposal_only,False,False
293399,control_candidate,325,29339942|29339951|29339958,True,proposal_exposure_present,False,False
293499,control_candidate,325,29349901|29349905|29349906|29349947|29349970,True,proposal_exposure_present,False,False
293621,control_candidate,325,,False,no_overlap_with_april_proposal_only,False,False
293622,control_candidate,325,,False,no_overlap_with_april_proposal_only,False,False
293623,control_candidate,325,,False,no_overlap_with_april_proposal_only,False,False
293624,control_candidate,325,,False,no_overlap_with_april_proposal_only,False,False
293625,control_candidate,325,,False,no_overlap_with_april_proposal_only,False,False
293626,control_candidate,325,,False,no_overlap_with_april_proposal_only,False,False
293627,control_candidate,325,,False,no_overlap_with_april_proposal_only,False,False
293628,control_candidate,325,,False,no_overlap_with_april_proposal_only,False,False
293629,control_candidate,325,,False,no_overlap_with_april_proposal_only,False,False
293690,control_candidate,325,,False,no_overlap_with_april_proposal_only,False,False
293719,control_candidate,325,29371900,True,proposal_exposure_present,False,False
293721,control_candidate,325,,False,no_overlap_with_april_proposal_only,False,False
293722,control_candidate,325,,False,no_overlap_with_april_proposal_only,False,False
293723,control_candidate,325,29372325,True,proposal_exposure_present,False,False
293729,control_candidate,325,,False,no_overlap_with_april_proposal_only,False,False
293790,control_candidate,325,29379005|29379040,True,proposal_exposure_present,False,False
293810,control_candidate,325,,False,no_overlap_with_april_proposal_only,False,False
293890,control_candidate,325,,False,no_overlap_with_april_proposal_only,False,False
293930,control_candidate,325,,False,no_overlap_with_april_proposal_only,False,False
294110,control_candidate,325,,False,no_overlap_with_april_proposal_only,False,False
294120,control_candidate,325,,False,no_overlap_with_april_proposal_only,False,False
294130,control_candidate,325,,False,no_overlap_with_april_proposal_only,False,False
294140,control_candidate,325,,False,no_overlap_with_april_proposal_only,False,False
294150,control_candidate,325,,False,no_overlap_with_april_proposal_only,False,False
294190,control_candidate,325,,False,no_overlap_with_april_proposal_only,False,False
300190,control_candidate,325,,False,no_overlap_with_april_proposal_only,False,False
300290,control_candidate,325,30029010|30029051,True,proposal_exposure_present,False,False
300420,control_candidate,325,30042000,True,proposal_exposure_present,False,False
300450,control_candidate,325,30045010|30045020|30045030|30045040|30045050,True,proposal_exposure_present,False,False
300490,control_candidate,325,30049010|30049092,True,proposal_exposure_present,False,False
300510,control_candidate,339,30051010,True,proposal_exposure_present,False,False
300590,control_candidate,339,,False,no_overlap_with_april_proposal_only,False,False
300630,control_candidate,325,30063010,True,proposal_exposure_present,False,False
300640,control_candidate,339,30064000,True,proposal_exposure_present,False,False
300650,control_candidate,339,,False,no_overlap_with_april_proposal_only,False,False
300660,control_candidate,325,30066000,True,proposal_exposure_present,False,False
300670,control_candidate,325,30067000,True,proposal_exposure_present,False,False
330112,control_candidate,325,,False,no_overlap_with_april_proposal_only,False,False
330124,control_candidate,325,,False,no_overlap_with_april_proposal_only,False,False
330125,control_candidate,325,,False,no_overlap_with_april_proposal_only,False,False
330129,control_candidate,325,,False,no_overlap_with_april_proposal_only,False,False
330190,control_candidate,325,,False,no_overlap_with_april_proposal_only,False,False
330210,control_candidate,325,,False,no_overlap_with_april_proposal_only,False,False
330610,control_candidate,325,,False,no_overlap_with_april_proposal_only,False,False
330620,control_candidate,325,,False,no_overlap_with_april_proposal_only,False,False
340119,control_candidate,325,,False,no_overlap_with_april_proposal_only,False,False
340600,control_candidate,339,,False,no_overlap_with_april_proposal_only,False,False
340700,control_candidate,339,,False,no_overlap_with_april_proposal_only,False,False
350300,control_candidate,325,,False,no_overlap_with_april_proposal_only,False,False
350400,control_candidate,311|325,,False,no_overlap_with_april_proposal_only,False,False
350510,control_candidate,311,,False,no_overlap_with_april_proposal_only,False,False
360200,control_candidate,325,,False,no_overlap_with_april_proposal_only,False,False
360300,control_candidate,325,,False,no_overlap_with_april_proposal_only,False,False
360410,control_candidate,325,,False,no_overlap_with_april_proposal_only,False,False
360490,control_candidate,325,,False,no_overlap_with_april_proposal_only,False,False
360500,control_candidate,325,,False,no_overlap_with_april_proposal_only,False,False
360690,control_candidate,325,,False,no_overlap_with_april_proposal_only,False,False
382000,control_candidate,325,38200000,True,proposal_exposure_present,False,False
382200,control_candidate,325,,False,no_overlap_with_april_proposal_only,False,False
382319,control_candidate,325,,False,no_overlap_with_april_proposal_only,False,False
382370,control_candidate,325,,False,no_overlap_with_april_proposal_only,False,False
391310,control_candidate,325,,False,no_overlap_with_april_proposal_only,False,False
392210,control_candidate,326,,False,no_overlap_with_april_proposal_only,False,False
392220,control_candidate,326,,False,no_overlap_with_april_proposal_only,False,False
392410,control_candidate,326,,False,no_overlap_with_april_proposal_only,False,False
392490,control_candidate,314|326,,False,no_overlap_with_april_proposal_only,False,False
392520,control_candidate,326,,False,no_overlap_with_april_proposal_only,False,False
392530,control_candidate,326|337,,False,no_overlap_with_april_proposal_only,False,False
392610,control_candidate,326,,False,no_overlap_with_april_proposal_only,False,False
392630,control_candidate,326,,False,no_overlap_with_april_proposal_only,False,False
392640,control_candidate,326,,False,no_overlap_with_april_proposal_only,False,False
400912,control_candidate,326|336,40091200,True,proposal_exposure_present,False,False
400942,control_candidate,326|336,40094200,True,proposal_exposure_present,False,False
401011,control_candidate,326,40101100,True,proposal_exposure_present,False,False
401410,control_candidate,326,,False,no_overlap_with_april_proposal_only,False,False
401490,control_candidate,326,,False,no_overlap_with_april_proposal_only,False,False
401511,control_candidate,339,,False,no_overlap_with_april_proposal_only,False,False
401692,control_candidate,326,,False,no_overlap_with_april_proposal_only,False,False
401695,control_candidate,326,,False,no_overlap_with_april_proposal_only,False,False
441400,control_candidate,339,,False,no_overlap_with_april_proposal_only,False,False
442010,control_candidate,321,,False,no_overlap_with_april_proposal_only,False,False
442110,control_candidate,321,,False,no_overlap_with_april_proposal_only,False,False
481420,control_candidate,322,,False,no_overlap_with_april_proposal_only,False,False
481490,control_candidate,322,,False,no_overlap_with_april_proposal_only,False,False
481890,control_candidate,322,,False,no_overlap_with_april_proposal_only,False,False
490110,control_candidate,323,,False,no_overlap_with_april_proposal_only,False,False
490191,control_candidate,323,,False,no_overlap_with_april_proposal_only,False,False
490199,control_candidate,323,,False,no_overlap_with_april_proposal_only,False,False
490290,control_candidate,323,,False,no_overlap_with_april_proposal_only,False,False
490300,control_candidate,323,,False,no_overlap_with_april_proposal_only,False,False
490510,control_candidate,323,,False,no_overlap_with_april_proposal_only,False,False
490591,control_candidate,323,,False,no_overlap_with_april_proposal_only,False,False
490599,control_candidate,323,,False,no_overlap_with_april_proposal_only,False,False
490600,control_candidate,990,,False,no_overlap_with_april_proposal_only,False,False
490700,control_candidate,323,,False,no_overlap_with_april_proposal_only,False,False
490810,control_candidate,323,,False,no_overlap_with_april_proposal_only,False,False
490890,control_candidate,323,,False,no_overlap_with_april_proposal_only,False,False
490900,control_candidate,323,,False,no_overlap_with_april_proposal_only,False,False
491000,control_candidate,323,,False,no_overlap_with_april_proposal_only,False,False
491110,control_candidate,323,,False,no_overlap_with_april_proposal_only,False,False
491191,control_candidate,323|930,,False,no_overlap_with_april_proposal_only,False,False
491199,control_candidate,323,,False,no_overlap_with_april_proposal_only,False,False
540754,control_candidate,313,,False,no_overlap_with_april_proposal_only,False,False
550410,control_candidate,325,,False,no_overlap_with_april_proposal_only,False,False
551321,control_candidate,313,,False,no_overlap_with_april_proposal_only,False,False
580131,control_candidate,313,,False,no_overlap_with_april_proposal_only,False,False
580132,control_candidate,313,,False,no_overlap_with_april_proposal_only,False,False
580133,control_candidate,313,,False,no_overlap_with_april_proposal_only,False,False
580136,control_candidate,313,,False,no_overlap_with_april_proposal_only,False,False
600122,control_candidate,313,,False,no_overlap_with_april_proposal_only,False,False
600541,control_candidate,313,,False,no_overlap_with_april_proposal_only,False,False
600641,control_candidate,313,,False,no_overlap_with_april_proposal_only,False,False
610120,control_candidate,315,,False,no_overlap_with_april_proposal_only,False,False
610130,control_candidate,315,,False,no_overlap_with_april_proposal_only,False,False
610190,control_candidate,315,,False,no_overlap_with_april_proposal_only,False,False
610210,control_candidate,315,,False,no_overlap_with_april_proposal_only,False,False
610220,control_candidate,315,,False,no_overlap_with_april_proposal_only,False,False
610230,control_candidate,315,,False,no_overlap_with_april_proposal_only,False,False
610290,control_candidate,315,,False,no_overlap_with_april_proposal_only,False,False
610310,control_candidate,315,,False,no_overlap_with_april_proposal_only,False,False
610331,control_candidate,315,,False,no_overlap_with_april_proposal_only,False,False
610332,control_candidate,315,,False,no_overlap_with_april_proposal_only,False,False
610333,control_candidate,315,,False,no_overlap_with_april_proposal_only,False,False
610339,control_candidate,315,,False,no_overlap_with_april_proposal_only,False,False
610341,control_candidate,315,,False,no_overlap_with_april_proposal_only,False,False
610342,control_candidate,315,,False,no_overlap_with_april_proposal_only,False,False
610343,control_candidate,315,,False,no_overlap_with_april_proposal_only,False,False
610349,control_candidate,315,,False,no_overlap_with_april_proposal_only,False,False
610413,control_candidate,315,,False,no_overlap_with_april_proposal_only,False,False
610419,control_candidate,315,,False,no_overlap_with_april_proposal_only,False,False
610431,control_candidate,315,,False,no_overlap_with_april_proposal_only,False,False
610432,control_candidate,315,,False,no_overlap_with_april_proposal_only,False,False
610433,control_candidate,315,,False,no_overlap_with_april_proposal_only,False,False
610439,control_candidate,315,,False,no_overlap_with_april_proposal_only,False,False
610441,control_candidate,315,,False,no_overlap_with_april_proposal_only,False,False
610442,control_candidate,315,,False,no_overlap_with_april_proposal_only,False,False
610443,control_candidate,315,,False,no_overlap_with_april_proposal_only,False,False
610444,control_candidate,315,,False,no_overlap_with_april_proposal_only,False,False
610449,control_candidate,315,,False,no_overlap_with_april_proposal_only,False,False
610451,control_candidate,315,,False,no_overlap_with_april_proposal_only,False,False
610452,control_candidate,315,,False,no_overlap_with_april_proposal_only,False,False
610453,control_candidate,315,,False,no_overlap_with_april_proposal_only,False,False
610459,control_candidate,315,,False,no_overlap_with_april_proposal_only,False,False
610461,control_candidate,315,,False,no_overlap_with_april_proposal_only,False,False
610462,control_candidate,315,,False,no_overlap_with_april_proposal_only,False,False
610463,control_candidate,315,,False,no_overlap_with_april_proposal_only,False,False
610469,control_candidate,315,,False,no_overlap_with_april_proposal_only,False,False
610510,control_candidate,315,,False,no_overlap_with_april_proposal_only,False,False
610520,control_candidate,315,,False,no_overlap_with_april_proposal_only,False,False
610590,control_candidate,315,,False,no_overlap_with_april_proposal_only,False,False
610610,control_candidate,315,,False,no_overlap_with_april_proposal_only,False,False
610620,control_candidate,315,,False,no_overlap_with_april_proposal_only,False,False
610690,control_candidate,315,,False,no_overlap_with_april_proposal_only,False,False
610711,control_candidate,315,,False,no_overlap_with_april_proposal_only,False,False
610712,control_candidate,315,,False,no_overlap_with_april_proposal_only,False,False
610719,control_candidate,315,,False,no_overlap_with_april_proposal_only,False,False
610721,control_candidate,315,,False,no_overlap_with_april_proposal_only,False,False
610722,control_candidate,315,,False,no_overlap_with_april_proposal_only,False,False
610791,control_candidate,315,,False,no_overlap_with_april_proposal_only,False,False
610799,control_candidate,315,,False,no_overlap_with_april_proposal_only,False,False
610811,control_candidate,315,,False,no_overlap_with_april_proposal_only,False,False
610819,control_candidate,315,,False,no_overlap_with_april_proposal_only,False,False
610821,control_candidate,315,,False,no_overlap_with_april_proposal_only,False,False
610822,control_candidate,315,,False,no_overlap_with_april_proposal_only,False,False
610829,control_candidate,315,,False,no_overlap_with_april_proposal_only,False,False
610831,control_candidate,315,,False,no_overlap_with_april_proposal_only,False,False
610832,control_candidate,315,,False,no_overlap_with_april_proposal_only,False,False
610839,control_candidate,315,,False,no_overlap_with_april_proposal_only,False,False
610891,control_candidate,315,,False,no_overlap_with_april_proposal_only,False,False
610892,control_candidate,315,,False,no_overlap_with_april_proposal_only,False,False
610899,control_candidate,315,,False,no_overlap_with_april_proposal_only,False,False
610910,control_candidate,315,,False,no_overlap_with_april_proposal_only,False,False
610990,control_candidate,315,,False,no_overlap_with_april_proposal_only,False,False
611011,control_candidate,315,,False,no_overlap_with_april_proposal_only,False,False
611012,control_candidate,315,,False,no_overlap_with_april_proposal_only,False,False
611019,control_candidate,315,,False,no_overlap_with_april_proposal_only,False,False
611020,control_candidate,315,,False,no_overlap_with_april_proposal_only,False,False
611030,control_candidate,315,,False,no_overlap_with_april_proposal_only,False,False
611090,control_candidate,315,,False,no_overlap_with_april_proposal_only,False,False
611120,control_candidate,315,,False,no_overlap_with_april_proposal_only,False,False
611130,control_candidate,315,,False,no_overlap_with_april_proposal_only,False,False
611190,control_candidate,315,,False,no_overlap_with_april_proposal_only,False,False
611211,control_candidate,315,,False,no_overlap_with_april_proposal_only,False,False
611212,control_candidate,315,,False,no_overlap_with_april_proposal_only,False,False
611219,control_candidate,315,,False,no_overlap_with_april_proposal_only,False,False
611220,control_candidate,315,,False,no_overlap_with_april_proposal_only,False,False
611231,control_candidate,315,,False,no_overlap_with_april_proposal_only,False,False
611239,control_candidate,315,,False,no_overlap_with_april_proposal_only,False,False
611241,control_candidate,315,,False,no_overlap_with_april_proposal_only,False,False
611249,control_candidate,315,,False,no_overlap_with_april_proposal_only,False,False
611300,control_candidate,315,,False,no_overlap_with_april_proposal_only,False,False
611420,control_candidate,315,,False,no_overlap_with_april_proposal_only,False,False
611430,control_candidate,315,,False,no_overlap_with_april_proposal_only,False,False
611490,control_candidate,315,,False,no_overlap_with_april_proposal_only,False,False
611510,control_candidate,339,,False,no_overlap_with_april_proposal_only,False,False
611521,control_candidate,315,,False,no_overlap_with_april_proposal_only,False,False
611522,control_candidate,315,,False,no_overlap_with_april_proposal_only,False,False
611529,control_candidate,315,,False,no_overlap_with_april_proposal_only,False,False
611530,control_candidate,315,,False,no_overlap_with_april_proposal_only,False,False
611594,control_candidate,315,,False,no_overlap_with_april_proposal_only,False,False
611595,control_candidate,315,,False,no_overlap_with_april_proposal_only,False,False
611596,control_candidate,315,,False,no_overlap_with_april_proposal_only,False,False
611599,control_candidate,315,,False,no_overlap_with_april_proposal_only,False,False
611610,control_candidate,315|339,,False,no_overlap_with_april_proposal_only,False,False
611691,control_candidate,315,,False,no_overlap_with_april_proposal_only,False,False
611692,control_candidate,315|339,,False,no_overlap_with_april_proposal_only,False,False
611693,control_candidate,315|339,,False,no_overlap_with_april_proposal_only,False,False
611699,control_candidate,315|339,,False,no_overlap_with_april_proposal_only,False,False
611710,control_candidate,315,,False,no_overlap_with_april_proposal_only,False,False
611780,control_candidate,315,,False,no_overlap_with_april_proposal_only,False,False
611790,control_candidate,315,,False,no_overlap_with_april_proposal_only,False,False
620111,control_candidate,315,,False,no_overlap_with_april_proposal_only,False,False
620112,control_candidate,315,,False,no_overlap_with_april_proposal_only,False,False
620113,control_candidate,315,,False,no_overlap_with_april_proposal_only,False,False
620119,control_candidate,315,,False,no_overlap_with_april_proposal_only,False,False
620191,control_candidate,315,,False,no_overlap_with_april_proposal_only,False,False
620192,control_candidate,315,,False,no_overlap_with_april_proposal_only,False,False
620193,control_candidate,315,,False,no_overlap_with_april_proposal_only,False,False
620199,control_candidate,315,,False,no_overlap_with_april_proposal_only,False,False
620211,control_candidate,315,,False,no_overlap_with_april_proposal_only,False,False
620212,control_candidate,315,,False,no_overlap_with_april_proposal_only,False,False
620213,control_candidate,315,,False,no_overlap_with_april_proposal_only,False,False
620219,control_candidate,315,,False,no_overlap_with_april_proposal_only,False,False
620291,control_candidate,315,,False,no_overlap_with_april_proposal_only,False,False
620292,control_candidate,315,,False,no_overlap_with_april_proposal_only,False,False
620293,control_candidate,315,,False,no_overlap_with_april_proposal_only,False,False
620299,control_candidate,315,,False,no_overlap_with_april_proposal_only,False,False
620311,control_candidate,315,,False,no_overlap_with_april_proposal_only,False,False
620312,control_candidate,315,,False,no_overlap_with_april_proposal_only,False,False
620319,control_candidate,315,,False,no_overlap_with_april_proposal_only,False,False
620322,control_candidate,315,,False,no_overlap_with_april_proposal_only,False,False
620331,control_candidate,315,,False,no_overlap_with_april_proposal_only,False,False
620332,control_candidate,315,,False,no_overlap_with_april_proposal_only,False,False
620333,control_candidate,315,,False,no_overlap_with_april_proposal_only,False,False
620339,control_candidate,315,,False,no_overlap_with_april_proposal_only,False,False
620341,control_candidate,315,,False,no_overlap_with_april_proposal_only,False,False
620342,control_candidate,315,,False,no_overlap_with_april_proposal_only,False,False
620343,control_candidate,315,,False,no_overlap_with_april_proposal_only,False,False
620349,control_candidate,315,,False,no_overlap_with_april_proposal_only,False,False
620412,control_candidate,315,,False,no_overlap_with_april_proposal_only,False,False
620413,control_candidate,315,,False,no_overlap_with_april_proposal_only,False,False
620419,control_candidate,315,,False,no_overlap_with_april_proposal_only,False,False
620422,control_candidate,315,,False,no_overlap_with_april_proposal_only,False,False
620431,control_candidate,315,,False,no_overlap_with_april_proposal_only,False,False
620432,control_candidate,315,,False,no_overlap_with_april_proposal_only,False,False
620433,control_candidate,315,,False,no_overlap_with_april_proposal_only,False,False
620439,control_candidate,315,,False,no_overlap_with_april_proposal_only,False,False
620441,control_candidate,315,,False,no_overlap_with_april_proposal_only,False,False
620442,control_candidate,315,,False,no_overlap_with_april_proposal_only,False,False
620443,control_candidate,315,,False,no_overlap_with_april_proposal_only,False,False
620444,control_candidate,315,,False,no_overlap_with_april_proposal_only,False,False
620449,control_candidate,315,,False,no_overlap_with_april_proposal_only,False,False
620451,control_candidate,315,,False,no_overlap_with_april_proposal_only,False,False
620452,control_candidate,315,,False,no_overlap_with_april_proposal_only,False,False
620453,control_candidate,315,,False,no_overlap_with_april_proposal_only,False,False
620459,control_candidate,315,,False,no_overlap_with_april_proposal_only,False,False
620461,control_candidate,315,,False,no_overlap_with_april_proposal_only,False,False
620462,control_candidate,315,,False,no_overlap_with_april_proposal_only,False,False
620463,control_candidate,315,,False,no_overlap_with_april_proposal_only,False,False
620469,control_candidate,315,,False,no_overlap_with_april_proposal_only,False,False
620520,control_candidate,315,,False,no_overlap_with_april_proposal_only,False,False
620530,control_candidate,315,,False,no_overlap_with_april_proposal_only,False,False
620590,control_candidate,315,,False,no_overlap_with_april_proposal_only,False,False
620610,control_candidate,315,,False,no_overlap_with_april_proposal_only,False,False
620620,control_candidate,315,,False,no_overlap_with_april_proposal_only,False,False
620630,control_candidate,315,,False,no_overlap_with_april_proposal_only,False,False
620640,control_candidate,315,,False,no_overlap_with_april_proposal_only,False,False
620690,control_candidate,315,,False,no_overlap_with_april_proposal_only,False,False
620711,control_candidate,315,,False,no_overlap_with_april_proposal_only,False,False
620719,control_candidate,315,,False,no_overlap_with_april_proposal_only,False,False
620721,control_candidate,315,,False,no_overlap_with_april_proposal_only,False,False
620722,control_candidate,315,,False,no_overlap_with_april_proposal_only,False,False
620729,control_candidate,315,,False,no_overlap_with_april_proposal_only,False,False
620791,control_candidate,315,,False,no_overlap_with_april_proposal_only,False,False
620799,control_candidate,315,,False,no_overlap_with_april_proposal_only,False,False
620811,control_candidate,315,,False,no_overlap_with_april_proposal_only,False,False
620819,control_candidate,315,,False,no_overlap_with_april_proposal_only,False,False
620821,control_candidate,315,,False,no_overlap_with_april_proposal_only,False,False
620822,control_candidate,315,,False,no_overlap_with_april_proposal_only,False,False
620829,control_candidate,315,,False,no_overlap_with_april_proposal_only,False,False
620891,control_candidate,315,,False,no_overlap_with_april_proposal_only,False,False
620892,control_candidate,315,,False,no_overlap_with_april_proposal_only,False,False
620899,control_candidate,315,,False,no_overlap_with_april_proposal_only,False,False
620920,control_candidate,315,,False,no_overlap_with_april_proposal_only,False,False
620930,control_candidate,315,,False,no_overlap_with_april_proposal_only,False,False
620990,control_candidate,315,,False,no_overlap_with_april_proposal_only,False,False
621010,control_candidate,315|322,,False,no_overlap_with_april_proposal_only,False,False
621020,control_candidate,315,,False,no_overlap_with_april_proposal_only,False,False
621030,control_candidate,315,,False,no_overlap_with_april_proposal_only,False,False
621040,control_candidate,315,,False,no_overlap_with_april_proposal_only,False,False
621050,control_candidate,315,,False,no_overlap_with_april_proposal_only,False,False
621111,control_candidate,315,,False,no_overlap_with_april_proposal_only,False,False
621112,control_candidate,315,,False,no_overlap_with_april_proposal_only,False,False
621120,control_candidate,315,,False,no_overlap_with_april_proposal_only,False,False
621132,control_candidate,315,,False,no_overlap_with_april_proposal_only,False,False
621133,control_candidate,315,,False,no_overlap_with_april_proposal_only,False,False
621139,control_candidate,315,,False,no_overlap_with_april_proposal_only,False,False
621142,control_candidate,315,,False,no_overlap_with_april_proposal_only,False,False
621143,control_candidate,315,,False,no_overlap_with_april_proposal_only,False,False
621149,control_candidate,315,,False,no_overlap_with_april_proposal_only,False,False
621210,control_candidate,315,,False,no_overlap_with_april_proposal_only,False,False
621220,control_candidate,315,,False,no_overlap_with_april_proposal_only,False,False
621230,control_candidate,315,,False,no_overlap_with_april_proposal_only,False,False
621290,control_candidate,315,,False,no_overlap_with_april_proposal_only,False,False
621320,control_candidate,315,,False,no_overlap_with_april_proposal_only,False,False
621390,control_candidate,315,,False,no_overlap_with_april_proposal_only,False,False
621410,control_candidate,315,,False,no_overlap_with_april_proposal_only,False,False
621420,control_candidate,315,,False,no_overlap_with_april_proposal_only,False,False
621430,control_candidate,315,,False,no_overlap_with_april_proposal_only,False,False
621440,control_candidate,315,,False,no_overlap_with_april_proposal_only,False,False
621490,control_candidate,315,,False,no_overlap_with_april_proposal_only,False,False
621510,control_candidate,315,,False,no_overlap_with_april_proposal_only,False,False
621520,control_candidate,315,,False,no_overlap_with_april_proposal_only,False,False
621590,control_candidate,315,,False,no_overlap_with_april_proposal_only,False,False
621600,control_candidate,315|339,,False,no_overlap_with_april_proposal_only,False,False
621710,control_candidate,315,,False,no_overlap_with_april_proposal_only,False,False
621790,control_candidate,315,,False,no_overlap_with_april_proposal_only,False,False
630110,control_candidate,335,,False,no_overlap_with_april_proposal_only,False,False
630120,control_candidate,314,,False,no_overlap_with_april_proposal_only,False,False
630130,control_candidate,314,,False,no_overlap_with_april_proposal_only,False,False
630140,control_candidate,314,,False,no_overlap_with_april_proposal_only,False,False
630190,control_candidate,314,,False,no_overlap_with_april_proposal_only,False,False
630210,control_candidate,314,,False,no_overlap_with_april_proposal_only,False,False
630221,control_candidate,314,,False,no_overlap_with_april_proposal_only,False,False
630222,control_candidate,314,,False,no_overlap_with_april_proposal_only,False,False
630229,control_candidate,314,,False,no_overlap_with_april_proposal_only,False,False
630231,control_candidate,314,,False,no_overlap_with_april_proposal_only,False,False
630232,control_candidate,314,,False,no_overlap_with_april_proposal_only,False,False
630239,control_candidate,314,,False,no_overlap_with_april_proposal_only,False,False
630240,control_candidate,314,,False,no_overlap_with_april_proposal_only,False,False
630251,control_candidate,314,,False,no_overlap_with_april_proposal_only,False,False
630253,control_candidate,314,,False,no_overlap_with_april_proposal_only,False,False
630259,control_candidate,314,,False,no_overlap_with_april_proposal_only,False,False
630260,control_candidate,314,,False,no_overlap_with_april_proposal_only,False,False
630291,control_candidate,314,,False,no_overlap_with_april_proposal_only,False,False
630293,control_candidate,314,,False,no_overlap_with_april_proposal_only,False,False
630299,control_candidate,314,,False,no_overlap_with_april_proposal_only,False,False
630312,control_candidate,314|337,,False,no_overlap_with_april_proposal_only,False,False
630319,control_candidate,314,,False,no_overlap_with_april_proposal_only,False,False
630391,control_candidate,314|337,,False,no_overlap_with_april_proposal_only,False,False
630392,control_candidate,314|337,,False,no_overlap_with_april_proposal_only,False,False
630399,control_candidate,314,,False,no_overlap_with_april_proposal_only,False,False
630411,control_candidate,314,,False,no_overlap_with_april_proposal_only,False,False
630419,control_candidate,314,,False,no_overlap_with_april_proposal_only,False,False
630491,control_candidate,314,,False,no_overlap_with_april_proposal_only,False,False
630492,control_candidate,314,,False,no_overlap_with_april_proposal_only,False,False
630493,control_candidate,314,,False,no_overlap_with_april_proposal_only,False,False
630499,control_candidate,314,,False,no_overlap_with_april_proposal_only,False,False
630510,control_candidate,314,,False,no_overlap_with_april_proposal_only,False,False
630520,control_candidate,314,,False,no_overlap_with_april_proposal_only,False,False
630532,control_candidate,314,,False,no_overlap_with_april_proposal_only,False,False
630533,control_candidate,314,,False,no_overlap_with_april_proposal_only,False,False
630539,control_candidate,314,,False,no_overlap_with_april_proposal_only,False,False
630590,control_candidate,314,,False,no_overlap_with_april_proposal_only,False,False
630612,control_candidate,314,,False,no_overlap_with_april_proposal_only,False,False
630619,control_candidate,314,,False,no_overlap_with_april_proposal_only,False,False
630622,control_candidate,314,,False,no_overlap_with_april_proposal_only,False,False
630629,control_candidate,314,,False,no_overlap_with_april_proposal_only,False,False
630630,control_candidate,314,,False,no_overlap_with_april_proposal_only,False,False
630640,control_candidate,326,,False,no_overlap_with_april_proposal_only,False,False
630690,control_candidate,314,,False,no_overlap_with_april_proposal_only,False,False
630710,control_candidate,314,,False,no_overlap_with_april_proposal_only,False,False
630720,control_candidate,339,,False,no_overlap_with_april_proposal_only,False,False
630790,control_candidate,313|314|339,,False,no_overlap_with_april_proposal_only,False,False
630800,control_candidate,339,,False,no_overlap_with_april_proposal_only,False,False
630900,control_candidate,930,,False,no_overlap_with_april_proposal_only,False,False
631010,control_candidate,910,,False,no_overlap_with_april_proposal_only,False,False
631090,control_candidate,910,,False,no_overlap_with_april_proposal_only,False,False
640110,control_candidate,316,,False,no_overlap_with_april_proposal_only,False,False
640192,control_candidate,316,,False,no_overlap_with_april_proposal_only,False,False
640199,control_candidate,316,,False,no_overlap_with_april_proposal_only,False,False
640212,control_candidate,316,,False,no_overlap_with_april_proposal_only,False,False
640219,control_candidate,316,,False,no_overlap_with_april_proposal_only,False,False
640220,control_candidate,316,,False,no_overlap_with_april_proposal_only,False,False
640291,control_candidate,316,,False,no_overlap_with_april_proposal_only,False,False
640299,control_candidate,316,,False,no_overlap_with_april_proposal_only,False,False
640312,control_candidate,316,,False,no_overlap_with_april_proposal_only,False,False
640319,control_candidate,316,,False,no_overlap_with_april_proposal_only,False,False
640320,control_candidate,316,,False,no_overlap_with_april_proposal_only,False,False
640340,control_candidate,316,,False,no_overlap_with_april_proposal_only,False,False
640351,control_candidate,316,,False,no_overlap_with_april_proposal_only,False,False
640359,control_candidate,316,,False,no_overlap_with_april_proposal_only,False,False
640391,control_candidate,316,,False,no_overlap_with_april_proposal_only,False,False
640399,control_candidate,316,,False,no_overlap_with_april_proposal_only,False,False
640411,control_candidate,316,,False,no_overlap_with_april_proposal_only,False,False
640419,control_candidate,316,,False,no_overlap_with_april_proposal_only,False,False
640420,control_candidate,316,,False,no_overlap_with_april_proposal_only,False,False
640510,control_candidate,316,,False,no_overlap_with_april_proposal_only,False,False
640520,control_candidate,316,,False,no_overlap_with_april_proposal_only,False,False
640590,control_candidate,316|322,,False,no_overlap_with_april_proposal_only,False,False
640610,control_candidate,314|316|326,,False,no_overlap_with_april_proposal_only,False,False
640620,control_candidate,326,,False,no_overlap_with_april_proposal_only,False,False
640690,control_candidate,314|315|316|321|326,,False,no_overlap_with_april_proposal_only,False,False
650610,control_candidate,339,,False,no_overlap_with_april_proposal_only,False,False
660110,control_candidate,339,,False,no_overlap_with_april_proposal_only,False,False
660191,control_candidate,339,,False,no_overlap_with_april_proposal_only,False,False
660199,control_candidate,339,,False,no_overlap_with_april_proposal_only,False,False
660200,control_candidate,316,,False,no_overlap_with_april_proposal_only,False,False
660320,control_candidate,332,,False,no_overlap_with_april_proposal_only,False,False
660390,control_candidate,326|339,,False,no_overlap_with_april_proposal_only,False,False
670210,control_candidate,339,,False,no_overlap_with_april_proposal_only,False,False
670290,control_candidate,339,,False,no_overlap_with_april_proposal_only,False,False
670300,control_candidate,339,,False,no_overlap_with_april_proposal_only,False,False
670411,control_candidate,339,,False,no_overlap_with_april_proposal_only,False,False
670419,control_candidate,339,,False,no_overlap_with_april_proposal_only,False,False
670420,control_candidate,339,,False,no_overlap_with_april_proposal_only,False,False
670490,control_candidate,339,,False,no_overlap_with_april_proposal_only,False,False
691010,control_candidate,327,,False,no_overlap_with_april_proposal_only,False,False
691090,control_candidate,327,,False,no_overlap_with_april_proposal_only,False,False
691110,control_candidate,327,,False,no_overlap_with_april_proposal_only,False,False
691190,control_candidate,327,,False,no_overlap_with_april_proposal_only,False,False
691200,control_candidate,327,,False,no_overlap_with_april_proposal_only,False,False
691310,control_candidate,327,,False,no_overlap_with_april_proposal_only,False,False
691390,control_candidate,327,,False,no_overlap_with_april_proposal_only,False,False
701310,control_candidate,327,,False,no_overlap_with_april_proposal_only,False,False
701322,control_candidate,327,,False,no_overlap_with_april_proposal_only,False,False
701328,control_candidate,327,,False,no_overlap_with_april_proposal_only,False,False
701333,control_candidate,327,,False,no_overlap_with_april_proposal_only,False,False
701337,control_candidate,327,,False,no_overlap_with_april_proposal_only,False,False
701341,control_candidate,327,,False,no_overlap_with_april_proposal_only,False,False
701342,control_candidate,327,,False,no_overlap_with_april_proposal_only,False,False
701349,control_candidate,327,,False,no_overlap_with_april_proposal_only,False,False
701391,control_candidate,327,,False,no_overlap_with_april_proposal_only,False,False
701399,control_candidate,327,,False,no_overlap_with_april_proposal_only,False,False
701590,control_candidate,327,,False,no_overlap_with_april_proposal_only,False,False
710110,control_candidate,339,,False,no_overlap_with_april_proposal_only,False,False
710121,control_candidate,114,,False,no_overlap_with_april_proposal_only,False,False
710122,control_candidate,339,,False,no_overlap_with_april_proposal_only,False,False
710239,control_candidate,339,,False,no_overlap_with_april_proposal_only,False,False
710391,control_candidate,339,,False,no_overlap_with_april_proposal_only,False,False
710410,control_candidate,334,,False,no_overlap_with_april_proposal_only,False,False
710420,control_candidate,339,,False,no_overlap_with_april_proposal_only,False,False
710490,control_candidate,339,,False,no_overlap_with_april_proposal_only,False,False
711311,control_candidate,339,,False,no_overlap_with_april_proposal_only,False,False
711319,control_candidate,339,,False,no_overlap_with_april_proposal_only,False,False
711320,control_candidate,339,,False,no_overlap_with_april_proposal_only,False,False
711610,control_candidate,339,,False,no_overlap_with_april_proposal_only,False,False
711620,control_candidate,339,,False,no_overlap_with_april_proposal_only,False,False
711711,control_candidate,339,,False,no_overlap_with_april_proposal_only,False,False
711719,control_candidate,339,,False,no_overlap_with_april_proposal_only,False,False
711790,control_candidate,339,,False,no_overlap_with_april_proposal_only,False,False
711810,control_candidate,339,,False,no_overlap_with_april_proposal_only,False,False
711890,control_candidate,339,,False,no_overlap_with_april_proposal_only,False,False
731816,control_candidate,332,73181600,True,proposal_exposure_present,False,False
731940,control_candidate,339,,False,no_overlap_with_april_proposal_only,False,False
731990,control_candidate,339,,False,no_overlap_with_april_proposal_only,False,False
732020,control_candidate,332,73202010|73202050,True,proposal_exposure_present,False,False
732112,control_candidate,335,,False,no_overlap_with_april_proposal_only,False,False
732119,control_candidate,335,,False,no_overlap_with_april_proposal_only,False,False
732181,control_candidate,333,,False,no_overlap_with_april_proposal_only,False,False
732182,control_candidate,333,,False,no_overlap_with_april_proposal_only,False,False
732189,control_candidate,333,,False,no_overlap_with_april_proposal_only,False,False
732391,control_candidate,331|332,,False,no_overlap_with_april_proposal_only,False,False
732392,control_candidate,331,,False,no_overlap_with_april_proposal_only,False,False
732393,control_candidate,332,,False,no_overlap_with_april_proposal_only,False,False
732394,control_candidate,332,,False,no_overlap_with_april_proposal_only,False,False
732429,control_candidate,332,,False,no_overlap_with_april_proposal_only,False,False
741810,control_candidate,332|335|339,,False,no_overlap_with_april_proposal_only,False,False
761010,control_candidate,332,,False,no_overlap_with_april_proposal_only,False,False
761510,control_candidate,332,,False,no_overlap_with_april_proposal_only,False,False
790120,control_candidate,331,,False,no_overlap_with_april_proposal_only,False,False
810110,control_candidate,331,,False,no_overlap_with_april_proposal_only,False,False
810194,control_candidate,331,,False,no_overlap_with_april_proposal_only,False,False
810197,control_candidate,910,,False,no_overlap_with_april_proposal_only,False,False
810199,control_candidate,331,,False,no_overlap_with_april_proposal_only,False,False
810210,control_candidate,331,,False,no_overlap_with_april_proposal_only,False,False
810294,control_candidate,331,,False,no_overlap_with_april_proposal_only,False,False
810295,control_candidate,331,,False,no_overlap_with_april_proposal_only,False,False
810297,control_candidate,910,,False,no_overlap_with_april_proposal_only,False,False
810299,control_candidate,331,,False,no_overlap_with_april_proposal_only,False,False
810320,control_candidate,331,,False,no_overlap_with_april_proposal_only,False,False
810330,control_candidate,910,,False,no_overlap_with_april_proposal_only,False,False
810390,control_candidate,331,,False,no_overlap_with_april_proposal_only,False,False
811010,control_candidate,331,,False,no_overlap_with_april_proposal_only,False,False
811100,control_candidate,331|910,,False,no_overlap_with_april_proposal_only,False,False
811221,control_candidate,331,,False,no_overlap_with_april_proposal_only,False,False
821110,control_candidate,332,,False,no_overlap_with_april_proposal_only,False,False
821191,control_candidate,332,,False,no_overlap_with_april_proposal_only,False,False
821192,control_candidate,332,,False,no_overlap_with_april_proposal_only,False,False
821210,control_candidate,332,,False,no_overlap_with_april_proposal_only,False,False
821220,control_candidate,332,,False,no_overlap_with_april_proposal_only,False,False
821290,control_candidate,332,,False,no_overlap_with_april_proposal_only,False,False
821300,control_candidate,332,,False,no_overlap_with_april_proposal_only,False,False
821410,control_candidate,332,,False,no_overlap_with_april_proposal_only,False,False
821420,control_candidate,332,,False,no_overlap_with_april_proposal_only,False,False
821490,control_candidate,332,,False,no_overlap_with_april_proposal_only,False,False
821510,control_candidate,339,,False,no_overlap_with_april_proposal_only,False,False
821591,control_candidate,332,,False,no_overlap_with_april_proposal_only,False,False
830110,control_candidate,332,,False,no_overlap_with_april_proposal_only,False,False
830130,control_candidate,332,,False,no_overlap_with_april_proposal_only,False,False
830140,control_candidate,332,,False,no_overlap_with_april_proposal_only,False,False
830150,control_candidate,332,,False,no_overlap_with_april_proposal_only,False,False
830160,control_candidate,332,,False,no_overlap_with_april_proposal_only,False,False
830170,control_candidate,332,,False,no_overlap_with_april_proposal_only,False,False
830242,control_candidate,332|333,,False,no_overlap_with_april_proposal_only,False,False
830400,control_candidate,332,,False,no_overlap_with_april_proposal_only,False,False
830510,control_candidate,323,,False,no_overlap_with_april_proposal_only,False,False
830520,control_candidate,331,,False,no_overlap_with_april_proposal_only,False,False
830590,control_candidate,332,,False,no_overlap_with_april_proposal_only,False,False
830610,control_candidate,332,,False,no_overlap_with_april_proposal_only,False,False
830621,control_candidate,339,,False,no_overlap_with_april_proposal_only,False,False
830629,control_candidate,339,,False,no_overlap_with_april_proposal_only,False,False
840290,treated_candidate,332,84029000,True,proposal_exposure_present,False,False
840310,control_candidate,333,84031000,True,proposal_exposure_present,False,False
840390,control_candidate,333,84039000,True,proposal_exposure_present,False,False
840490,treated_candidate,332,84049000,True,proposal_exposure_present,False,False
840510,treated_candidate,335,84051000,True,proposal_exposure_present,False,False
840590,treated_candidate,335,84059000,True,proposal_exposure_present,False,False
840721,treated_candidate,333,84072100,True,proposal_exposure_present,False,False
840729,treated_candidate,333,84072900,True,proposal_exposure_present,False,False
840890,treated_candidate,333,84089010|84089090,True,proposal_exposure_present,False,False
840910,treated_candidate,336,84091000,True,proposal_exposure_present,False,False
841090,treated_candidate,333,84109000,True,proposal_exposure_present,False,False
841191,treated_candidate,333|336,84119110|84119190,True,proposal_exposure_present,False,False
841199,treated_candidate,333|336,84119910|84119990,True,proposal_exposure_present,False,False
841221,treated_candidate,333,84122100,True,proposal_exposure_present,False,False
841229,treated_candidate,333,84122940|84122980,True,proposal_exposure_present,False,False
841231,treated_candidate,333,84123100,True,proposal_exposure_present,False,False
841239,treated_candidate,333,84123900,True,proposal_exposure_present,False,False
841280,treated_candidate,333|335,84128010|84128090,True,proposal_exposure_present,False,False
841319,treated_candidate,333,84131900,True,proposal_exposure_present,False,False
841350,treated_candidate,333,84135000,True,proposal_exposure_present,False,False
841360,treated_candidate,333,84136000,True,proposal_exposure_present,False,False
841370,treated_candidate,333,84137010|84137020,True,proposal_exposure_present,False,False
841381,treated_candidate,333,84138100,True,proposal_exposure_present,False,False
841382,treated_candidate,333,84138200,True,proposal_exposure_present,False,False
841391,treated_candidate,333|336,84139110|84139120|84139190,True,proposal_exposure_present,False,False
841430,treated_candidate,333|336,84143040|84143080,True,proposal_exposure_present,False,False
841451,control_candidate,335,,False,no_overlap_with_april_proposal_only,False,False
841590,control_candidate,333|335|336,84159040|84159080,True,proposal_exposure_present,False,False
841620,control_candidate,333,84162000,True,proposal_exposure_present,False,False
841690,treated_candidate,333,84169000,True,proposal_exposure_present,False,False
841710,treated_candidate,333,84171000,True,proposal_exposure_present,False,False
841780,treated_candidate,333,84178000,True,proposal_exposure_present,False,False
841790,treated_candidate,333,84179000,True,proposal_exposure_present,False,False
841869,treated_candidate,333,84186901,True,proposal_exposure_present,False,False
841911,treated_candidate,335,84191100,True,proposal_exposure_present,False,False
841919,treated_candidate,335,84191900,True,proposal_exposure_present,False,False
841932,treated_candidate,333,84193210|84193250,True,proposal_exposure_present,False,False
841939,treated_candidate,333,84193901,True,proposal_exposure_present,False,False
841940,treated_candidate,333,84194000,True,proposal_exposure_present,False,False
841950,treated_candidate,332,84195010|84195050,True,proposal_exposure_present,False,False
841981,control_candidate,333,84198150|84198190,True,proposal_exposure_present,False,False
841990,treated_candidate,332|333|335|339,84199010|84199020|84199030|84199050|84199085|84199095,True,proposal_exposure_present,False,False
842091,treated_candidate,333,84209110|84209120|84209190,True,proposal_exposure_present,False,False
842119,treated_candidate,333,84211900,True,proposal_exposure_present,False,False
842121,treated_candidate,333,84212100,True,proposal_exposure_present,False,False
842122,treated_candidate,333,84212200,True,proposal_exposure_present,False,False
842129,treated_candidate,333,84212900,True,proposal_exposure_present,False,False
842139,treated_candidate,333|336,84213940|84213980,True,proposal_exposure_present,False,False
842199,treated_candidate,333,84219900,True,proposal_exposure_present,False,False
842211,control_candidate,335,84221100,True,proposal_exposure_present,False,False
842219,treated_candidate,333,84221900,True,proposal_exposure_present,False,False
842220,treated_candidate,333,84222000,True,proposal_exposure_present,False,False
842230,treated_candidate,333,84223011|84223091,True,proposal_exposure_present,False,False
842240,treated_candidate,333,84224011|84224091,True,proposal_exposure_present,False,False
842310,control_candidate,333,,False,no_overlap_with_april_proposal_only,False,False
842330,treated_candidate,333,84233000,True,proposal_exposure_present,False,False
842382,treated_candidate,333,84238200,True,proposal_exposure_present,False,False
842410,control_candidate,339,84241000,True,proposal_exposure_present,False,False
842511,treated_candidate,333,84251100,True,proposal_exposure_present,False,False
842539,treated_candidate,333,84253901,True,proposal_exposure_present,False,False
842619,control_candidate,333,,False,no_overlap_with_april_proposal_only,False,False
842699,treated_candidate,333,84269900,True,proposal_exposure_present,False,False
842710,treated_candidate,333,84271040|84271080,True,proposal_exposure_present,False,False
842720,treated_candidate,333,84272040|84272080,True,proposal_exposure_present,False,False
842810,control_candidate,333,84281000,True,proposal_exposure_present,False,False
842820,treated_candidate,333,84282000,True,proposal_exposure_present,False,False
842832,treated_candidate,333,84283200,True,proposal_exposure_present,False,False
842833,treated_candidate,333,84283300,True,proposal_exposure_present,False,False
842839,treated_candidate,333,84283900,True,proposal_exposure_present,False,False
842890,treated_candidate,333,84289002,True,proposal_exposure_present,False,False
842940,treated_candidate,333|930,84294000,True,proposal_exposure_present,False,False
842951,treated_candidate,333|930,84295110|84295150,True,proposal_exposure_present,False,False
842952,treated_candidate,333|930,84295210|84295250,True,proposal_exposure_present,False,False
842959,treated_candidate,333|930,84295910|84295950,True,proposal_exposure_present,False,False
843010,treated_candidate,333,84301000,True,proposal_exposure_present,False,False
843020,control_candidate,333,84302000,True,proposal_exposure_present,False,False
843039,treated_candidate,333,84303900,True,proposal_exposure_present,False,False
843061,treated_candidate,333,84306100,True,proposal_exposure_present,False,False
843069,treated_candidate,333,84306901,True,proposal_exposure_present,False,False
843110,treated_candidate,333,84311000,True,proposal_exposure_present,False,False
843120,treated_candidate,333,84312000,True,proposal_exposure_present,False,False
843131,treated_candidate,333,84313100,True,proposal_exposure_present,False,False
843139,treated_candidate,333,84313900,True,proposal_exposure_present,False,False
843141,treated_candidate,333,84314100,True,proposal_exposure_present,False,False
843142,treated_candidate,333,84314200,True,proposal_exposure_present,False,False
843143,treated_candidate,333,84314340|84314380,True,proposal_exposure_present,False,False
843149,treated_candidate,333,84314910|84314990,True,proposal_exposure_present,False,False
843210,treated_candidate,333,84321000,True,proposal_exposure_present,False,False
843221,treated_candidate,333,84322100,True,proposal_exposure_present,False,False
843280,treated_candidate,333,84328000,True,proposal_exposure_present,False,False
843290,treated_candidate,333,84329000,True,proposal_exposure_present,False,False
843311,control_candidate,333,,False,no_overlap_with_april_proposal_only,False,False
843319,control_candidate,333,,False,no_overlap_with_april_proposal_only,False,False
843320,treated_candidate,333,84332000,True,proposal_exposure_present,False,False
843351,treated_candidate,333,84335100,True,proposal_exposure_present,False,False
843490,treated_candidate,333,84349000,True,proposal_exposure_present,False,False
843510,control_candidate,333,84351000,True,proposal_exposure_present,False,False
843590,control_candidate,333,84359000,True,proposal_exposure_present,False,False
843610,treated_candidate,333,84361000,True,proposal_exposure_present,False,False
843621,treated_candidate,333,84362100,True,proposal_exposure_present,False,False
843629,treated_candidate,333,84362900,True,proposal_exposure_present,False,False
843680,treated_candidate,333,84368000,True,proposal_exposure_present,False,False
843691,treated_candidate,333,84369100,True,proposal_exposure_present,False,False
843699,treated_candidate,333,84369900,True,proposal_exposure_present,False,False
843710,treated_candidate,333,84371000,True,proposal_exposure_present,False,False
843780,treated_candidate,333,84378000,True,proposal_exposure_present,False,False
843790,treated_candidate,333,84379000,True,proposal_exposure_present,False,False
843810,control_candidate,333,84381000,True,proposal_exposure_present,False,False
843820,control_candidate,333,84382000,True,proposal_exposure_present,False,False
843840,control_candidate,333,84384000,True,proposal_exposure_present,False,False
843850,treated_candidate,333,84385000,True,proposal_exposure_present,False,False
843860,treated_candidate,333,84386000,True,proposal_exposure_present,False,False
843880,treated_candidate,333,84388000,True,proposal_exposure_present,False,False
843991,treated_candidate,333,84399110|84399190,True,proposal_exposure_present,False,False
843999,treated_candidate,333,84399910|84399950,True,proposal_exposure_present,False,False
844010,control_candidate,333,84401000,True,proposal_exposure_present,False,False
844090,control_candidate,333,84409000,True,proposal_exposure_present,False,False
844130,treated_candidate,333,84413000,True,proposal_exposure_present,False,False
844140,treated_candidate,333,84414000,True,proposal_exposure_present,False,False
844180,treated_candidate,333,84418000,True,proposal_exposure_present,False,False
844190,treated_candidate,333,84419000,True,proposal_exposure_present,False,False
844230,treated_candidate,333,84423001,True,proposal_exposure_present,False,False
844240,treated_candidate,333,84424000,True,proposal_exposure_present,False,False
844331,control_candidate,334,,False,no_overlap_with_april_proposal_only,False,False
844332,control_candidate,334,84433250,True,proposal_exposure_present,False,False
844400,treated_candidate,333,84440000,True,proposal_exposure_present,False,False
844712,control_candidate,333,84471210|84471290,True,proposal_exposure_present,False,False
844720,control_candidate,333,84472020|84472030|84472040|84472060,True,proposal_exposure_present,False,False
844790,control_candidate,333,84479010|84479050|84479090,True,proposal_exposure_present,False,False
844819,control_candidate,333,84481900,True,proposal_exposure_present,False,False
844820,control_candidate,333,84482010|84482050,True,proposal_exposure_present,False,False
844831,control_candidate,333,84483100,True,proposal_exposure_present,False,False
844832,control_candidate,333,84483200,True,proposal_exposure_present,False,False
844839,control_candidate,333,84483910|84483950|84483990,True,proposal_exposure_present,False,False
844842,control_candidate,333,84484200,True,proposal_exposure_present,False,False
844849,control_candidate,333,84484910|84484920,True,proposal_exposure_present,False,False
844859,control_candidate,333,84485910|84485950,True,proposal_exposure_present,False,False
844900,control_candidate,333,84490010|84490050,True,proposal_exposure_present,False,False
845019,control_candidate,335,,False,no_overlap_with_april_proposal_only,False,False
845210,control_candidate,333,,False,no_overlap_with_april_proposal_only,False,False
845221,control_candidate,333,84522110,True,proposal_exposure_present,False,False
845230,control_candidate,339,84523000,True,proposal_exposure_present,False,False
845290,control_candidate,321|333,84529020,True,proposal_exposure_present,False,False
845320,control_candidate,333,84532000,True,proposal_exposure_present,False,False
845380,control_candidate,333,84538000,True,proposal_exposure_present,False,False
845390,control_candidate,333,84539010|84539050,True,proposal_exposure_present,False,False
845410,treated_candidate,333,84541000,True,proposal_exposure_present,False,False
845430,treated_candidate,333,84543000,True,proposal_exposure_present,False,False
845490,treated_candidate,333,84549000,True,proposal_exposure_present,False,False
845522,treated_candidate,333,84552200,True,proposal_exposure_present,False,False
845530,treated_candidate,331,84553000,True,proposal_exposure_present,False,False
845630,treated_candidate,333,84563010|84563050,True,proposal_exposure_present,False,False
845710,treated_candidate,333,84571000,True,proposal_exposure_present,False,False
845811,treated_candidate,333,84581100,True,proposal_exposure_present,False,False
845819,treated_candidate,333,84581900,True,proposal_exposure_present,False,False
845891,treated_candidate,333,84589110|84589150,True,proposal_exposure_present,False,False
845899,treated_candidate,333,84589910|84589950,True,proposal_exposure_present,False,False
845961,treated_candidate,333,84596100,True,proposal_exposure_present,False,False
845969,treated_candidate,333,84596900,True,proposal_exposure_present,False,False
845970,treated_candidate,333,84597040|84597080,True,proposal_exposure_present,False,False
846040,treated_candidate,333,84604040|84604080,True,proposal_exposure_present,False,False
846090,treated_candidate,333,84609040|84609080,True,proposal_exposure_present,False,False
846190,treated_candidate,333,84619030|84619060,True,proposal_exposure_present,False,False
846210,treated_candidate,333,84621000,True,proposal_exposure_present,False,False
846221,treated_candidate,333,84622100,True,proposal_exposure_present,False,False
846229,treated_candidate,333,84622900,True,proposal_exposure_present,False,False
846239,treated_candidate,333,84623900,True,proposal_exposure_present,False,False
846249,treated_candidate,333,84624900,True,proposal_exposure_present,False,False
846291,treated_candidate,333,84629140|84629180,True,proposal_exposure_present,False,False
846299,treated_candidate,333,84629940|84629980,True,proposal_exposure_present,False,False
846310,treated_candidate,333,84631000,True,proposal_exposure_present,False,False
846330,treated_candidate,333,84633000,True,proposal_exposure_present,False,False
846390,treated_candidate,333|930,84639000,True,proposal_exposure_present,False,False
846420,treated_candidate,333,84642001,True,proposal_exposure_present,False,False
846490,treated_candidate,333,84649001,True,proposal_exposure_present,False,False
846510,treated_candidate,333|930,84651000,True,proposal_exposure_present,False,False
846592,treated_candidate,333|930,84659200,True,proposal_exposure_present,False,False
846593,treated_candidate,333|930,84659300,True,proposal_exposure_present,False,False
846594,treated_candidate,333|930,84659400,True,proposal_exposure_present,False,False
846596,control_candidate,333,,False,no_overlap_with_april_proposal_only,False,False
846610,treated_candidate,333,84661001,True,proposal_exposure_present,False,False
846620,treated_candidate,333,84662010|84662080,True,proposal_exposure_present,False,False
846692,treated_candidate,333,84669210|84669250,True,proposal_exposure_present,False,False
846694,treated_candidate,333,84669420|84669440|84669465|84669485,True,proposal_exposure_present,False,False
846711,treated_candidate,333,84671110|84671150,True,proposal_exposure_present,False,False
846721,control_candidate,333,,False,no_overlap_with_april_proposal_only,False,False
846722,control_candidate,333,,False,no_overlap_with_april_proposal_only,False,False
846729,control_candidate,333|335,,False,no_overlap_with_april_proposal_only,False,False
846781,control_candidate,333,84678100,True,proposal_exposure_present,False,False
846789,control_candidate,333,84678910|84678950,True,proposal_exposure_present,False,False
846791,control_candidate,333,84679101,True,proposal_exposure_present,False,False
846792,control_candidate,333,84679200,True,proposal_exposure_present,False,False
846810,control_candidate,333,84681000,True,proposal_exposure_present,False,False
847050,control_candidate,333|334,84705000,True,proposal_exposure_present,False,False
847130,control_candidate,334,,False,no_overlap_with_april_proposal_only,False,False
847141,control_candidate,334,,False,no_overlap_with_april_proposal_only,False,False
847149,control_candidate,334,,False,no_overlap_with_april_proposal_only,False,False
847410,treated_candidate,333,84741000,True,proposal_exposure_present,False,False
847420,treated_candidate,333,84742000,True,proposal_exposure_present,False,False
847431,treated_candidate,333,84743100,True,proposal_exposure_present,False,False
847439,treated_candidate,333,84743900,True,proposal_exposure_present,False,False
847480,treated_candidate,333,84748000,True,proposal_exposure_present,False,False
847490,treated_candidate,333,84749000,True,proposal_exposure_present,False,False
847590,treated_candidate,333,84759010|84759090,True,proposal_exposure_present,False,False
847689,control_candidate,333,84768900,True,proposal_exposure_present,False,False
847710,treated_candidate,333,84771030|84771040|84771090,True,proposal_exposure_present,False,False
847720,treated_candidate,333,84772000,True,proposal_exposure_present,False,False
847730,treated_candidate,333,84773000,True,proposal_exposure_present,False,False
847740,treated_candidate,333,84774001,True,proposal_exposure_present,False,False
847751,treated_candidate,333,84775100,True,proposal_exposure_present,False,False
847780,treated_candidate,333,84778000,True,proposal_exposure_present,False,False
847790,treated_candidate,332|333,84779025|84779045|84779065|84779085,True,proposal_exposure_present,False,False
847810,control_candidate,333,84781000,True,proposal_exposure_present,False,False
847910,treated_candidate,333,84791000,True,proposal_exposure_present,False,False
847920,treated_candidate,333,84792000,True,proposal_exposure_present,False,False
847940,treated_candidate,333,84794000,True,proposal_exposure_present,False,False
847950,treated_candidate,333,84795000,True,proposal_exposure_present,False,False
847981,treated_candidate,333,84798100,True,proposal_exposure_present,False,False
847982,treated_candidate,333,84798200,True,proposal_exposure_present,False,False
848020,treated_candidate,333,84802000,True,proposal_exposure_present,False,False
848030,treated_candidate,332,84803000,True,proposal_exposure_present,False,False
848041,treated_candidate,333,84804100,True,proposal_exposure_present,False,False
848049,treated_candidate,333,84804900,True,proposal_exposure_present,False,False
848050,treated_candidate,333,84805000,True,proposal_exposure_present,False,False
848060,control_candidate,333,84806000,True,proposal_exposure_present,False,False
848071,treated_candidate,333,84807110|84807140|84807180,True,proposal_exposure_present,False,False
848110,treated_candidate,332,84811000,True,proposal_exposure_present,False,False
848120,treated_candidate,332,84812000,True,proposal_exposure_present,False,False
848140,treated_candidate,332,84814000,True,proposal_exposure_present,False,False
848220,treated_candidate,332,84822000,True,proposal_exposure_present,False,False
848230,treated_candidate,332,84823000,True,proposal_exposure_present,False,False
848240,treated_candidate,332,84824000,True,proposal_exposure_present,False,False
848250,treated_candidate,332,84825000,True,proposal_exposure_present,False,False
848280,treated_candidate,332,84828000,True,proposal_exposure_present,False,False
848291,treated_candidate,332,84829100,True,proposal_exposure_present,False,False
848299,treated_candidate,332,84829905|84829915|84829925|84829935|84829945|84829965,True,proposal_exposure_present,False,False
848410,treated_candidate,339,84841000,True,proposal_exposure_present,False,False
848420,treated_candidate,339,84842000,True,proposal_exposure_present,False,False
848490,treated_candidate,339,84849000,True,proposal_exposure_present,False,False
848710,treated_candidate,331|332,84871000,True,proposal_exposure_present,False,False
848790,treated_candidate,333|339,84879000,True,proposal_exposure_present,False,False
850151,treated_candidate,333|335,85015120|85015140|85015150|85015160,True,proposal_exposure_present,False,False
850162,treated_candidate,335,85016200,True,proposal_exposure_present,False,False
850163,treated_candidate,335,85016300,True,proposal_exposure_present,False,False
850164,treated_candidate,333|335,85016400,True,proposal_exposure_present,False,False
850211,treated_candidate,335,85021100,True,proposal_exposure_present,False,False
850212,treated_candidate,335,85021200,True,proposal_exposure_present,False,False
850213,treated_candidate,335,85021300,True,proposal_exposure_present,False,False
850231,treated_candidate,333,85023100,True,proposal_exposure_present,False,False
850239,treated_candidate,333,85023900,True,proposal_exposure_present,False,False
850240,treated_candidate,335,85024000,True,proposal_exposure_present,False,False
850410,control_candidate,335,,False,no_overlap_with_april_proposal_only,False,False
850421,treated_candidate,335,85042100,True,proposal_exposure_present,False,False
850423,treated_candidate,335,85042300,True,proposal_exposure_present,False,False
850432,treated_candidate,334,85043200,True,proposal_exposure_present,False,False
850433,treated_candidate,335,85043300,True,proposal_exposure_present,False,False
850434,treated_candidate,335,85043400,True,proposal_exposure_present,False,False
850511,control_candidate,332,,False,no_overlap_with_april_proposal_only,False,False
850520,treated_candidate,335,85052000,True,proposal_exposure_present,False,False
850640,treated_candidate,335,85064010|85064050,True,proposal_exposure_present,False,False
850650,treated_candidate,335,85065000,True,proposal_exposure_present,False,False
850660,treated_candidate,335,85066000,True,proposal_exposure_present,False,False
850690,treated_candidate,335,85069000,True,proposal_exposure_present,False,False
850760,control_candidate,335,,False,no_overlap_with_april_proposal_only,False,False
850940,control_candidate,335,,False,no_overlap_with_april_proposal_only,False,False
851010,control_candidate,335,,False,no_overlap_with_april_proposal_only,False,False
851030,control_candidate,335,,False,no_overlap_with_april_proposal_only,False,False
851210,control_candidate,336,,False,no_overlap_with_april_proposal_only,False,False
851310,control_candidate,335,,False,no_overlap_with_april_proposal_only,False,False
851410,treated_candidate,333,85141000,True,proposal_exposure_present,False,False
851440,treated_candidate,333,85144000,True,proposal_exposure_present,False,False
851511,treated_candidate,332,85151100,True,proposal_exposure_present,False,False
851519,treated_candidate,333,85151900,True,proposal_exposure_present,False,False
851521,treated_candidate,333,85152100,True,proposal_exposure_present,False,False
851529,treated_candidate,333,85152900,True,proposal_exposure_present,False,False
851531,treated_candidate,333,85153100,True,proposal_exposure_present,False,False
851539,treated_candidate,333,85153900,True,proposal_exposure_present,False,False
851580,treated_candidate,333|335,85158000,True,proposal_exposure_present,False,False
851590,treated_candidate,333,85159020|85159040,True,proposal_exposure_present,False,False
851610,control_candidate,335,,False,no_overlap_with_april_proposal_only,False,False
851631,control_candidate,335,,False,no_overlap_with_april_proposal_only,False,False
851632,control_candidate,335,,False,no_overlap_with_april_proposal_only,False,False
851633,control_candidate,333,,False,no_overlap_with_april_proposal_only,False,False
851640,control_candidate,335,,False,no_overlap_with_april_proposal_only,False,False
851650,control_candidate,335,,False,no_overlap_with_april_proposal_only,False,False
851671,control_candidate,335,,False,no_overlap_with_april_proposal_only,False,False
851672,control_candidate,335,,False,no_overlap_with_april_proposal_only,False,False
851679,control_candidate,335,,False,no_overlap_with_april_proposal_only,False,False
851711,control_candidate,334,,False,no_overlap_with_april_proposal_only,False,False
851712,control_candidate,334,,False,no_overlap_with_april_proposal_only,False,False
851718,control_candidate,334,,False,no_overlap_with_april_proposal_only,False,False
851761,control_candidate,334,,False,no_overlap_with_april_proposal_only,False,False
851770,control_candidate,334,,False,no_overlap_with_april_proposal_only,False,False
851821,control_candidate,334,,False,no_overlap_with_april_proposal_only,False,False
851822,control_candidate,334,,False,no_overlap_with_april_proposal_only,False,False
851829,control_candidate,334,,False,no_overlap_with_april_proposal_only,False,False
851830,control_candidate,334,,False,no_overlap_with_april_proposal_only,False,False
851930,control_candidate,334,,False,no_overlap_with_april_proposal_only,False,False
851950,control_candidate,334,,False,no_overlap_with_april_proposal_only,False,False
851989,control_candidate,334,,False,no_overlap_with_april_proposal_only,False,False
852110,control_candidate,334,,False,no_overlap_with_april_proposal_only,False,False
852190,control_candidate,334,,False,no_overlap_with_april_proposal_only,False,False
852329,control_candidate,334,85232910|85232920|85232930|85232940|85232950|85232960|85232970|85232980|85232990,True,proposal_exposure_present,False,False
852341,control_candidate,334,85234100,True,proposal_exposure_present,False,False
852351,control_candidate,334,,False,no_overlap_with_april_proposal_only,False,False
852380,control_candidate,334,85238010|85238020,True,proposal_exposure_present,False,False
852560,treated_candidate,334,85256010|85256020,True,proposal_exposure_present,False,False
852610,treated_candidate,334,85261000,True,proposal_exposure_present,False,False
852691,treated_candidate,334,85269100,True,proposal_exposure_present,False,False
852713,control_candidate,334,,False,no_overlap_with_april_proposal_only,False,False
852719,control_candidate,334,,False,no_overlap_with_april_proposal_only,False,False
852791,control_candidate,334,,False,no_overlap_with_april_proposal_only,False,False
852792,control_candidate,334,,False,no_overlap_with_april_proposal_only,False,False
852871,control_candidate,334,85287110|85287130,True,proposal_exposure_present,False,False
853010,treated_candidate,334,85301000,True,proposal_exposure_present,False,False
853080,treated_candidate,334,85308000,True,proposal_exposure_present,False,False
853090,treated_candidate,334,85309000,True,proposal_exposure_present,False,False
853180,control_candidate,334|335,,False,no_overlap_with_april_proposal_only,False,False
853210,treated_candidate,334,85321000,True,proposal_exposure_present,False,False
853221,treated_candidate,334,85322100,True,proposal_exposure_present,False,False
853222,treated_candidate,334,85322200,True,proposal_exposure_present,False,False
853223,treated_candidate,334,85322300,True,proposal_exposure_present,False,False
853224,treated_candidate,334,85322400,True,proposal_exposure_present,False,False
853225,treated_candidate,334,85322500,True,proposal_exposure_present,False,False
853229,treated_candidate,334,85322900,True,proposal_exposure_present,False,False
853230,treated_candidate,334,85323000,True,proposal_exposure_present,False,False
853290,treated_candidate,334,85329000,True,proposal_exposure_present,False,False
853310,treated_candidate,334,85331000,True,proposal_exposure_present,False,False
853321,treated_candidate,334,85332100,True,proposal_exposure_present,False,False
853329,treated_candidate,334,85332900,True,proposal_exposure_present,False,False
853331,treated_candidate,334,85333100,True,proposal_exposure_present,False,False
853340,treated_candidate,334|335,85334040|85334080,True,proposal_exposure_present,False,False
853510,treated_candidate,335,85351000,True,proposal_exposure_present,False,False
853521,treated_candidate,335,85352100,True,proposal_exposure_present,False,False
853529,treated_candidate,335,85352900,True,proposal_exposure_present,False,False
853530,treated_candidate,335,85353000,True,proposal_exposure_present,False,False
853590,treated_candidate,334|335,85359040|85359080,True,proposal_exposure_present,False,False
853610,treated_candidate,335,85361000,True,proposal_exposure_present,False,False
853620,treated_candidate,335,85362000,True,proposal_exposure_present,False,False
853641,treated_candidate,335|336,85364100,True,proposal_exposure_present,False,False
853649,treated_candidate,335,85364900,True,proposal_exposure_present,False,False
853720,treated_candidate,335,85372000,True,proposal_exposure_present,False,False
853810,treated_candidate,335,85381000,True,proposal_exposure_present,False,False
853922,control_candidate,335,,False,no_overlap_with_april_proposal_only,False,False
853929,control_candidate,335,85392920|85392930,True,proposal_exposure_present,False,False
853941,treated_candidate,335,85394100,True,proposal_exposure_present,False,False
853990,treated_candidate,335,85399000,True,proposal_exposure_present,False,False
854089,treated_candidate,334,85408900,True,proposal_exposure_present,False,False
854121,treated_candidate,334,85412100,True,proposal_exposure_present,False,False
854129,treated_candidate,334,85412900,True,proposal_exposure_present,False,False
854130,treated_candidate,334,85413000,True,proposal_exposure_present,False,False
854150,treated_candidate,334,85415000,True,proposal_exposure_present,False,False
854160,treated_candidate,334,85416000,True,proposal_exposure_present,False,False
854190,treated_candidate,334,85419000,True,proposal_exposure_present,False,False
854320,treated_candidate,334,85432000,True,proposal_exposure_present,False,False
854411,treated_candidate,331,85441100,True,proposal_exposure_present,False,False
854419,treated_candidate,331,85441900,True,proposal_exposure_present,False,False
854430,treated_candidate,336,85443000,True,proposal_exposure_present,False,False
854470,treated_candidate,335,85447000,True,proposal_exposure_present,False,False
860721,treated_candidate,336,86072110|86072150,True,proposal_exposure_present,False,False
860729,treated_candidate,336,86072910|86072950,True,proposal_exposure_present,False,False
860791,treated_candidate,336,86079100,True,proposal_exposure_present,False,False
860799,treated_candidate,336,86079910|86079950,True,proposal_exposure_present,False,False
860800,treated_candidate,334,86080000,True,proposal_exposure_present,False,False
860900,control_candidate,332,,False,no_overlap_with_april_proposal_only,False,False
870310,control_candidate,336,87031010|87031050,True,proposal_exposure_present,False,False
870911,treated_candidate,333,87091100,True,proposal_exposure_present,False,False
870919,treated_candidate,333,87091900,True,proposal_exposure_present,False,False
870990,treated_candidate,333,87099000,True,proposal_exposure_present,False,False
871120,control_candidate,336,87112000,True,proposal_exposure_present,False,False
871310,control_candidate,339,,False,no_overlap_with_april_proposal_only,False,False
871390,control_candidate,339,,False,no_overlap_with_april_proposal_only,False,False
871410,control_candidate,336,87141000,True,proposal_exposure_present,False,False
871420,control_candidate,339,,False,no_overlap_with_april_proposal_only,False,False
871499,control_candidate,336,,False,no_overlap_with_april_proposal_only,False,False
871500,control_candidate,339,,False,no_overlap_with_april_proposal_only,False,False
880100,control_candidate,336,88010000,True,proposal_exposure_present,False,False
880211,treated_candidate,336,88021100,True,proposal_exposure_present,False,False
880310,treated_candidate,336,88031000,True,proposal_exposure_present,False,False
880320,treated_candidate,336,88032000,True,proposal_exposure_present,False,False
880330,treated_candidate,336,88033000,True,proposal_exposure_present,False,False
880390,treated_candidate,334|336,88039030|88039090,True,proposal_exposure_present,False,False
880529,treated_candidate,333,88052900,True,proposal_exposure_present,False,False
890790,control_candidate,332|336,89079000,True,proposal_exposure_present,False,False
900140,control_candidate,339,,False,no_overlap_with_april_proposal_only,False,False
900150,control_candidate,339,,False,no_overlap_with_april_proposal_only,False,False
900311,control_candidate,339,,False,no_overlap_with_april_proposal_only,False,False
900319,control_candidate,339,,False,no_overlap_with_april_proposal_only,False,False
900390,control_candidate,339,,False,no_overlap_with_april_proposal_only,False,False
900410,control_candidate,339,,False,no_overlap_with_april_proposal_only,False,False
900490,control_candidate,339,,False,no_overlap_with_april_proposal_only,False,False
900510,control_candidate,333,,False,no_overlap_with_april_proposal_only,False,False
900580,control_candidate,333,,False,no_overlap_with_april_proposal_only,False,False
900640,control_candidate,333,,False,no_overlap_with_april_proposal_only,False,False
900651,control_candidate,333,,False,no_overlap_with_april_proposal_only,False,False
900652,control_candidate,333,,False,no_overlap_with_april_proposal_only,False,False
900653,control_candidate,333,,False,no_overlap_with_april_proposal_only,False,False
900659,control_candidate,333,,False,no_overlap_with_april_proposal_only,False,False
900661,control_candidate,333,,False,no_overlap_with_april_proposal_only,False,False
900669,control_candidate,333|335,,False,no_overlap_with_april_proposal_only,False,False
900699,control_candidate,333,,False,no_overlap_with_april_proposal_only,False,False
900791,control_candidate,333,90079140|90079180,True,proposal_exposure_present,False,False
901110,treated_candidate,333,90111040|90111080,True,proposal_exposure_present,False,False
901190,treated_candidate,333,90119000,True,proposal_exposure_present,False,False
901210,treated_candidate,334,90121000,True,proposal_exposure_present,False,False
901290,treated_candidate,334,90129000,True,proposal_exposure_present,False,False
901320,treated_candidate,335,90132000,True,proposal_exposure_present,False,False
901420,treated_candidate,334,90142020|90142040|90142060|90142080,True,proposal_exposure_present,False,False
901480,treated_candidate,334,90148010|90148020|90148040|90148050,True,proposal_exposure_present,False,False
901490,treated_candidate,334,90149010|90149020|90149040|90149060,True,proposal_exposure_present,False,False
901520,treated_candidate,334,90152040|90152080,True,proposal_exposure_present,False,False
901580,treated_candidate,334,90158020|90158060|90158080,True,proposal_exposure_present,False,False
901811,treated_candidate,334,90181130|90181160|90181190,True,proposal_exposure_present,False,False
901812,treated_candidate,334,90181200,True,proposal_exposure_present,False,False
901813,treated_candidate,334,90181300,True,proposal_exposure_present,False,False
901819,treated_candidate,334,90181940|90181955|90181975|90181995,True,proposal_exposure_present,False,False
901820,treated_candidate,334,90182000,True,proposal_exposure_present,False,False
901831,control_candidate,339,90183100,True,proposal_exposure_present,False,False
901832,control_candidate,339,90183200,True,proposal_exposure_present,False,False
901839,control_candidate,339,90183900,True,proposal_exposure_present,False,False
901841,control_candidate,339,90184100,True,proposal_exposure_present,False,False
901849,control_candidate,339,90184940|90184980,True,proposal_exposure_present,False,False
901850,control_candidate,339,90185000,True,proposal_exposure_present,False,False
901910,control_candidate,335|339,90191060,True,proposal_exposure_present,False,False
901920,control_candidate,339,90192000,True,proposal_exposure_present,False,False
902000,control_candidate,339,,False,no_overlap_with_april_proposal_only,False,False
902110,control_candidate,339,90211000,True,proposal_exposure_present,False,False
902121,control_candidate,339,90212140,True,proposal_exposure_present,False,False
902129,control_candidate,339,90212940|90212980,True,proposal_exposure_present,False,False
902131,control_candidate,339,90213100,True,proposal_exposure_present,False,False
902139,control_candidate,339,90213900,True,proposal_exposure_present,False,False
902140,control_candidate,334,90214000,True,proposal_exposure_present,False,False
902190,control_candidate,334|339,,False,no_overlap_with_april_proposal_only,False,False
902212,treated_candidate,334,90221200,True,proposal_exposure_present,False,False
902214,treated_candidate,334,90221400,True,proposal_exposure_present,False,False
902219,treated_candidate,334,90221900,True,proposal_exposure_present,False,False
902221,treated_candidate,334,90222100,True,proposal_exposure_present,False,False
902230,treated_candidate,334,90223000,True,proposal_exposure_present,False,False
902300,control_candidate,339,,False,no_overlap_with_april_proposal_only,False,False
902410,treated_candidate,334,90241000,True,proposal_exposure_present,False,False
902480,treated_candidate,334,90248000,True,proposal_exposure_present,False,False
902490,treated_candidate,334,90249000,True,proposal_exposure_present,False,False
902511,control_candidate,334|339,90251120,True,proposal_exposure_present,False,False
902690,treated_candidate,334,90269020|90269040|90269060,True,proposal_exposure_present,False,False
902720,treated_candidate,334,90272050|90272080,True,proposal_exposure_present,False,False
902730,treated_candidate,334,90273040|90273080,True,proposal_exposure_present,False,False
902750,treated_candidate,333|334,90275010|90275040|90275080,True,proposal_exposure_present,False,False
902780,treated_candidate,334,90278025|90278045|90278080,True,proposal_exposure_present,False,False
902890,treated_candidate,334,90289000,True,proposal_exposure_present,False,False
903010,treated_candidate,334,90301000,True,proposal_exposure_present,False,False
903039,treated_candidate,334,90303901,True,proposal_exposure_present,False,False
903040,treated_candidate,334,90304000,True,proposal_exposure_present,False,False
903082,treated_candidate,334,90308200,True,proposal_exposure_present,False,False
903110,treated_candidate,333,90311000,True,proposal_exposure_present,False,False
903120,treated_candidate,334|337,90312000,True,proposal_exposure_present,False,False
903141,treated_candidate,333,90314100,True,proposal_exposure_present,False,False
903149,treated_candidate,332|333,90314910|90314940|90314970|90314990,True,proposal_exposure_present,False,False
903180,treated_candidate,334,90318040|90318080,True,proposal_exposure_present,False,False
903210,treated_candidate,334,90321000,True,proposal_exposure_present,False,False
903220,treated_candidate,334,90322000,True,proposal_exposure_present,False,False
903281,treated_candidate,334,90328100,True,proposal_exposure_present,False,False
903289,treated_candidate,334|335|336,90328920|90328940|90328960,True,proposal_exposure_present,False,False
910111,control_candidate,334|335,,False,no_overlap_with_april_proposal_only,False,False
910119,control_candidate,316|334|335,,False,no_overlap_with_april_proposal_only,False,False
910121,control_candidate,334,,False,no_overlap_with_april_proposal_only,False,False
910211,control_candidate,334|335,,False,no_overlap_with_april_proposal_only,False,False
910212,control_candidate,334,,False,no_overlap_with_april_proposal_only,False,False
910219,control_candidate,334|335,,False,no_overlap_with_april_proposal_only,False,False
910221,control_candidate,334,,False,no_overlap_with_april_proposal_only,False,False
910229,control_candidate,334,,False,no_overlap_with_april_proposal_only,False,False
910291,control_candidate,334|335,,False,no_overlap_with_april_proposal_only,False,False
910310,control_candidate,334|335,,False,no_overlap_with_april_proposal_only,False,False
910511,control_candidate,334|335,,False,no_overlap_with_april_proposal_only,False,False
910519,control_candidate,334,,False,no_overlap_with_april_proposal_only,False,False
910521,control_candidate,334|335,,False,no_overlap_with_april_proposal_only,False,False
910529,control_candidate,334,,False,no_overlap_with_april_proposal_only,False,False
910591,control_candidate,334|335,,False,no_overlap_with_april_proposal_only,False,False
910599,control_candidate,334,,False,no_overlap_with_april_proposal_only,False,False
910811,control_candidate,334|335,,False,no_overlap_with_april_proposal_only,False,False
910820,control_candidate,334,,False,no_overlap_with_april_proposal_only,False,False
910910,control_candidate,334|335,,False,no_overlap_with_april_proposal_only,False,False
910990,control_candidate,334,,False,no_overlap_with_april_proposal_only,False,False
911090,control_candidate,334,,False,no_overlap_with_april_proposal_only,False,False
911120,control_candidate,334,,False,no_overlap_with_april_proposal_only,False,False
911180,control_candidate,334,,False,no_overlap_with_april_proposal_only,False,False
911190,control_candidate,334,,False,no_overlap_with_april_proposal_only,False,False
911220,control_candidate,334,,False,no_overlap_with_april_proposal_only,False,False
911320,control_candidate,339,,False,no_overlap_with_april_proposal_only,False,False
911390,control_candidate,316|339,,False,no_overlap_with_april_proposal_only,False,False
911430,control_candidate,334,,False,no_overlap_with_april_proposal_only,False,False
911440,control_candidate,334,,False,no_overlap_with_april_proposal_only,False,False
911490,control_candidate,334,,False,no_overlap_with_april_proposal_only,False,False
920110,control_candidate,339,,False,no_overlap_with_april_proposal_only,False,False
920120,control_candidate,339,,False,no_overlap_with_april_proposal_only,False,False
920210,control_candidate,339,,False,no_overlap_with_april_proposal_only,False,False
920290,control_candidate,339,,False,no_overlap_with_april_proposal_only,False,False
920510,control_candidate,339,,False,no_overlap_with_april_proposal_only,False,False
920590,control_candidate,339,,False,no_overlap_with_april_proposal_only,False,False
920600,control_candidate,339,,False,no_overlap_with_april_proposal_only,False,False
920710,control_candidate,339,,False,no_overlap_with_april_proposal_only,False,False
920790,control_candidate,339,,False,no_overlap_with_april_proposal_only,False,False
920810,control_candidate,339,,False,no_overlap_with_april_proposal_only,False,False
920890,control_candidate,339,,False,no_overlap_with_april_proposal_only,False,False
920930,control_candidate,339,,False,no_overlap_with_april_proposal_only,False,False
920991,control_candidate,339,,False,no_overlap_with_april_proposal_only,False,False
920992,control_candidate,339,,False,no_overlap_with_april_proposal_only,False,False
920994,control_candidate,339,,False,no_overlap_with_april_proposal_only,False,False
920999,control_candidate,339,,False,no_overlap_with_april_proposal_only,False,False
930320,control_candidate,332,,False,no_overlap_with_april_proposal_only,False,False
930400,control_candidate,332,93040040,True,proposal_exposure_present,False,False
930510,control_candidate,332,93051020|93051040|93051060|93051080,True,proposal_exposure_present,False,False
930520,control_candidate,332,,False,no_overlap_with_april_proposal_only,False,False
930599,control_candidate,332,93059940|93059960,True,proposal_exposure_present,False,False
930629,control_candidate,332,,False,no_overlap_with_april_proposal_only,False,False
930690,control_candidate,332|336,93069000,True,proposal_exposure_present,False,False
930700,control_candidate,332,,False,no_overlap_with_april_proposal_only,False,False
940110,control_candidate,336,94011040|94011080,True,proposal_exposure_present,False,False
940210,control_candidate,339,,False,no_overlap_with_april_proposal_only,False,False
940290,control_candidate,337|339,,False,no_overlap_with_april_proposal_only,False,False
940430,control_candidate,314,,False,no_overlap_with_april_proposal_only,False,False
940490,control_candidate,314,,False,no_overlap_with_april_proposal_only,False,False
950300,control_candidate,339,,False,no_overlap_with_april_proposal_only,False,False
950420,control_candidate,339,,False,no_overlap_with_april_proposal_only,False,False
950430,control_candidate,339,,False,no_overlap_with_april_proposal_only,False,False
950440,control_candidate,323,,False,no_overlap_with_april_proposal_only,False,False
950450,control_candidate,339,,False,no_overlap_with_april_proposal_only,False,False
950490,control_candidate,339,,False,no_overlap_with_april_proposal_only,False,False
950510,control_candidate,327|339,,False,no_overlap_with_april_proposal_only,False,False
950590,control_candidate,322|339,,False,no_overlap_with_april_proposal_only,False,False
950611,control_candidate,339,,False,no_overlap_with_april_proposal_only,False,False
950612,control_candidate,339,,False,no_overlap_with_april_proposal_only,False,False
950619,control_candidate,339,,False,no_overlap_with_april_proposal_only,False,False
950621,control_candidate,339,,False,no_overlap_with_april_proposal_only,False,False
950629,control_candidate,339,,False,no_overlap_with_april_proposal_only,False,False
950631,control_candidate,339,,False,no_overlap_with_april_proposal_only,False,False
950632,control_candidate,339,,False,no_overlap_with_april_proposal_only,False,False
950639,control_candidate,339,,False,no_overlap_with_april_proposal_only,False,False
950640,control_candidate,339,,False,no_overlap_with_april_proposal_only,False,False
950651,control_candidate,339,,False,no_overlap_with_april_proposal_only,False,False
950659,control_candidate,339,,False,no_overlap_with_april_proposal_only,False,False
950661,control_candidate,339,,False,no_overlap_with_april_proposal_only,False,False
950662,control_candidate,339,,False,no_overlap_with_april_proposal_only,False,False
950669,control_candidate,339,,False,no_overlap_with_april_proposal_only,False,False
950670,control_candidate,339,,False,no_overlap_with_april_proposal_only,False,False
950691,control_candidate,339,,False,no_overlap_with_april_proposal_only,False,False
950699,control_candidate,339,,False,no_overlap_with_april_proposal_only,False,False
950710,control_candidate,339,,False,no_overlap_with_april_proposal_only,False,False
950720,control_candidate,339,,False,no_overlap_with_april_proposal_only,False,False
950730,control_candidate,339,,False,no_overlap_with_april_proposal_only,False,False
950790,control_candidate,314|339,,False,no_overlap_with_april_proposal_only,False,False
950810,control_candidate,333,,False,no_overlap_with_april_proposal_only,False,False
950890,control_candidate,333,,False,no_overlap_with_april_proposal_only,False,False
960190,control_candidate,339,,False,no_overlap_with_april_proposal_only,False,False
960200,control_candidate,325|339,,False,no_overlap_with_april_proposal_only,False,False
960310,control_candidate,339,,False,no_overlap_with_april_proposal_only,False,False
960321,control_candidate,339,,False,no_overlap_with_april_proposal_only,False,False
960329,control_candidate,339,,False,no_overlap_with_april_proposal_only,False,False
960330,control_candidate,339,,False,no_overlap_with_april_proposal_only,False,False
960340,control_candidate,339,,False,no_overlap_with_april_proposal_only,False,False
960350,control_candidate,339,,False,no_overlap_with_april_proposal_only,False,False
960390,control_candidate,339,,False,no_overlap_with_april_proposal_only,False,False
960400,control_candidate,332,,False,no_overlap_with_april_proposal_only,False,False
960500,control_candidate,316,,False,no_overlap_with_april_proposal_only,False,False
960810,control_candidate,339,,False,no_overlap_with_april_proposal_only,False,False
960820,control_candidate,339,,False,no_overlap_with_april_proposal_only,False,False
960830,control_candidate,339,,False,no_overlap_with_april_proposal_only,False,False
960840,control_candidate,339,,False,no_overlap_with_april_proposal_only,False,False
960850,control_candidate,339,,False,no_overlap_with_april_proposal_only,False,False
960860,control_candidate,339,,False,no_overlap_with_april_proposal_only,False,False
960891,control_candidate,339,,False,no_overlap_with_april_proposal_only,False,False
960899,control_candidate,339,,False,no_overlap_with_april_proposal_only,False,False
960910,control_candidate,339,,False,no_overlap_with_april_proposal_only,False,False
960920,control_candidate,339,,False,no_overlap_with_april_proposal_only,False,False
960990,control_candidate,339,,False,no_overlap_with_april_proposal_only,False,False
961000,control_candidate,339,,False,no_overlap_with_april_proposal_only,False,False
961100,control_candidate,339,,False,no_overlap_with_april_proposal_only,False,False
961210,control_candidate,339,,False,no_overlap_with_april_proposal_only,False,False
961220,control_candidate,339,,False,no_overlap_with_april_proposal_only,False,False
961310,control_candidate,339,,False,no_overlap_with_april_proposal_only,False,False
961320,control_candidate,339,,False,no_overlap_with_april_proposal_only,False,False
961380,control_candidate,339,,False,no_overlap_with_april_proposal_only,False,False
961390,control_candidate,339,,False,no_overlap_with_april_proposal_only,False,False
961400,control_candidate,321|339,,False,no_overlap_with_april_proposal_only,False,False
961511,control_candidate,326,,False,no_overlap_with_april_proposal_only,False,False
961519,control_candidate,332,,False,no_overlap_with_april_proposal_only,False,False
961590,control_candidate,326|332,,False,no_overlap_with_april_proposal_only,False,False
961610,control_candidate,339,,False,no_overlap_with_april_proposal_only,False,False
961620,control_candidate,314,,False,no_overlap_with_april_proposal_only,False,False
961700,control_candidate,332,,False,no_overlap_with_april_proposal_only,False,False
961800,control_candidate,339,,False,no_overlap_with_april_proposal_only,False,False
961900,control_candidate,314|322,,False,no_overlap_with_april_proposal_only,False,False
970110,control_candidate,930,,False,no_overlap_with_april_proposal_only,False,False
970190,control_candidate,930,,False,no_overlap_with_april_proposal_only,False,False
970200,control_candidate,930,,False,no_overlap_with_april_proposal_only,False,False
970300,control_candidate,930,,False,no_overlap_with_april_proposal_only,False,False
970500,control_candidate,930,,False,no_overlap_with_april_proposal_only,False,False
970600,control_candidate,930,,False,no_overlap_with_april_proposal_only,False,False
980100,control_candidate,980,,False,no_overlap_with_april_proposal_only,False,False
980200,control_candidate,980|990,,False,no_overlap_with_april_proposal_only,False,False
981000,control_candidate,313|315|326|327|332|333|334|336|337|339|990,,False,no_overlap_with_april_proposal_only,False,False
981700,control_candidate,314|325|333|334|990,,False,no_overlap_with_april_proposal_only,False,False
981800,control_candidate,990,,False,no_overlap_with_april_proposal_only,False,False
999995,control_candidate,990,,False,no_overlap_with_april_proposal_only,False,False
